solid OpenSCAD_Model
  facet normal 0.989176 0.146736 0
    outer loop
      vertex 18.4109 1.81332 0
      vertex 18.1445 3.60917 -24.5
      vertex 18.1445 3.60917 0
    endloop
  endfacet
  facet normal 0.989176 0.146736 0
    outer loop
      vertex 18.1445 3.60917 -24.5
      vertex 18.4109 1.81332 0
      vertex 18.4109 1.81332 -24.5
    endloop
  endfacet
  facet normal 0.998795 0.0490772 0
    outer loop
      vertex 18.5 0 0
      vertex 18.4109 1.81332 -24.5
      vertex 18.4109 1.81332 0
    endloop
  endfacet
  facet normal 0.998795 0.0490772 0
    outer loop
      vertex 18.4109 1.81332 -24.5
      vertex 18.5 0 0
      vertex 18.5 0 -24.5
    endloop
  endfacet
  facet normal 0.970035 0.242963 0
    outer loop
      vertex 18.1445 3.60917 0
      vertex 17.7034 5.37027 -24.5
      vertex 17.7034 5.37027 0
    endloop
  endfacet
  facet normal 0.970035 0.242963 0
    outer loop
      vertex 17.7034 5.37027 -24.5
      vertex 18.1445 3.60917 0
      vertex 18.1445 3.60917 -24.5
    endloop
  endfacet
  facet normal 0.427587 0.903974 -0
    outer loop
      vertex 8.72084 16.3155 -24.5
      vertex 7.07964 17.0918 0
      vertex 8.72084 16.3155 0
    endloop
  endfacet
  facet normal 0.427587 0.903974 0
    outer loop
      vertex 7.07964 17.0918 0
      vertex 8.72084 16.3155 -24.5
      vertex 7.07964 17.0918 -24.5
    endloop
  endfacet
  facet normal -0.242963 -0.970035 0
    outer loop
      vertex -5.37027 -17.7034 -24.5
      vertex -3.60917 -18.1445 0
      vertex -5.37027 -17.7034 0
    endloop
  endfacet
  facet normal -0.242963 -0.970035 -0
    outer loop
      vertex -3.60917 -18.1445 0
      vertex -5.37027 -17.7034 -24.5
      vertex -3.60917 -18.1445 -24.5
    endloop
  endfacet
  facet normal -0.857735 -0.514092 0
    outer loop
      vertex -15.3822 -10.278 -24.5
      vertex -16.3155 -8.72084 0
      vertex -16.3155 -8.72084 -24.5
    endloop
  endfacet
  facet normal -0.857735 -0.514092 0
    outer loop
      vertex -16.3155 -8.72084 0
      vertex -15.3822 -10.278 -24.5
      vertex -15.3822 -10.278 0
    endloop
  endfacet
  facet normal 0.146736 -0.989176 0
    outer loop
      vertex 1.81332 -18.4109 -24.5
      vertex 3.60917 -18.1445 0
      vertex 1.81332 -18.4109 0
    endloop
  endfacet
  facet normal 0.146736 -0.989176 0
    outer loop
      vertex 3.60917 -18.1445 0
      vertex 1.81332 -18.4109 -24.5
      vertex 3.60917 -18.1445 -24.5
    endloop
  endfacet
  facet normal 0.740956 0.671553 0
    outer loop
      vertex 14.3007 11.7363 0
      vertex 13.0815 13.0815 -24.5
      vertex 13.0815 13.0815 0
    endloop
  endfacet
  facet normal 0.740956 0.671553 0
    outer loop
      vertex 13.0815 13.0815 -24.5
      vertex 14.3007 11.7363 0
      vertex 14.3007 11.7363 -24.5
    endloop
  endfacet
  facet normal -0.514092 0.857735 0
    outer loop
      vertex -8.72084 16.3155 -24.5
      vertex -10.278 15.3822 0
      vertex -8.72084 16.3155 0
    endloop
  endfacet
  facet normal -0.514092 0.857735 0
    outer loop
      vertex -10.278 15.3822 0
      vertex -8.72084 16.3155 -24.5
      vertex -10.278 15.3822 -24.5
    endloop
  endfacet
  facet normal 0.740956 -0.671553 0
    outer loop
      vertex 13.0815 -13.0815 0
      vertex 14.3007 -11.7363 -24.5
      vertex 14.3007 -11.7363 0
    endloop
  endfacet
  facet normal 0.740956 -0.671553 0
    outer loop
      vertex 14.3007 -11.7363 -24.5
      vertex 13.0815 -13.0815 0
      vertex 13.0815 -13.0815 -24.5
    endloop
  endfacet
  facet normal 0.514092 -0.857735 0
    outer loop
      vertex 8.72084 -16.3155 -24.5
      vertex 10.278 -15.3822 0
      vertex 8.72084 -16.3155 0
    endloop
  endfacet
  facet normal 0.514092 -0.857735 0
    outer loop
      vertex 10.278 -15.3822 0
      vertex 8.72084 -16.3155 -24.5
      vertex 10.278 -15.3822 -24.5
    endloop
  endfacet
  facet normal 0.242963 0.970035 -0
    outer loop
      vertex 5.37027 17.7034 -24.5
      vertex 3.60917 18.1445 0
      vertex 5.37027 17.7034 0
    endloop
  endfacet
  facet normal 0.242963 0.970035 0
    outer loop
      vertex 3.60917 18.1445 0
      vertex 5.37027 17.7034 -24.5
      vertex 3.60917 18.1445 -24.5
    endloop
  endfacet
  facet normal -0.989176 0.146736 0
    outer loop
      vertex -18.4109 1.81332 -24.5
      vertex -18.1445 3.60917 0
      vertex -18.1445 3.60917 -24.5
    endloop
  endfacet
  facet normal -0.989176 0.146736 0
    outer loop
      vertex -18.1445 3.60917 0
      vertex -18.4109 1.81332 -24.5
      vertex -18.4109 1.81332 0
    endloop
  endfacet
  facet normal 0.857735 0.514092 0
    outer loop
      vertex 16.3155 8.72084 0
      vertex 15.3822 10.278 -24.5
      vertex 15.3822 10.278 0
    endloop
  endfacet
  facet normal 0.857735 0.514092 0
    outer loop
      vertex 15.3822 10.278 -24.5
      vertex 16.3155 8.72084 0
      vertex 16.3155 8.72084 -24.5
    endloop
  endfacet
  facet normal 0.970035 -0.242963 0
    outer loop
      vertex 17.7034 -5.37027 0
      vertex 18.1445 -3.60917 -24.5
      vertex 18.1445 -3.60917 0
    endloop
  endfacet
  facet normal 0.970035 -0.242963 0
    outer loop
      vertex 18.1445 -3.60917 -24.5
      vertex 17.7034 -5.37027 0
      vertex 17.7034 -5.37027 -24.5
    endloop
  endfacet
  facet normal -0.146736 -0.989176 0
    outer loop
      vertex -3.60917 -18.1445 -24.5
      vertex -1.81332 -18.4109 0
      vertex -3.60917 -18.1445 0
    endloop
  endfacet
  facet normal -0.146736 -0.989176 -0
    outer loop
      vertex -1.81332 -18.4109 0
      vertex -3.60917 -18.1445 -24.5
      vertex -1.81332 -18.4109 -24.5
    endloop
  endfacet
  facet normal -0.998795 -0.0490772 0
    outer loop
      vertex -18.4109 -1.81332 -24.5
      vertex -18.5 0 0
      vertex -18.5 0 -24.5
    endloop
  endfacet
  facet normal -0.998795 -0.0490772 0
    outer loop
      vertex -18.5 0 0
      vertex -18.4109 -1.81332 -24.5
      vertex -18.4109 -1.81332 0
    endloop
  endfacet
  facet normal 0.146736 0.989176 -0
    outer loop
      vertex 3.60917 18.1445 -24.5
      vertex 1.81332 18.4109 0
      vertex 3.60917 18.1445 0
    endloop
  endfacet
  facet normal 0.146736 0.989176 0
    outer loop
      vertex 1.81332 18.4109 0
      vertex 3.60917 18.1445 -24.5
      vertex 1.81332 18.4109 -24.5
    endloop
  endfacet
  facet normal 0.941548 0.336879 0
    outer loop
      vertex 17.7034 5.37027 0
      vertex 17.0918 7.07964 -24.5
      vertex 17.0918 7.07964 0
    endloop
  endfacet
  facet normal 0.941548 0.336879 0
    outer loop
      vertex 17.0918 7.07964 -24.5
      vertex 17.7034 5.37027 0
      vertex 17.7034 5.37027 -24.5
    endloop
  endfacet
  facet normal 0.671553 0.740956 -0
    outer loop
      vertex 13.0815 13.0815 -24.5
      vertex 11.7363 14.3007 0
      vertex 13.0815 13.0815 0
    endloop
  endfacet
  facet normal 0.671553 0.740956 0
    outer loop
      vertex 11.7363 14.3007 0
      vertex 13.0815 13.0815 -24.5
      vertex 11.7363 14.3007 -24.5
    endloop
  endfacet
  facet normal -0.740956 0.671553 0
    outer loop
      vertex -14.3007 11.7363 -24.5
      vertex -13.0815 13.0815 0
      vertex -13.0815 13.0815 -24.5
    endloop
  endfacet
  facet normal -0.740956 0.671553 0
    outer loop
      vertex -13.0815 13.0815 0
      vertex -14.3007 11.7363 -24.5
      vertex -14.3007 11.7363 0
    endloop
  endfacet
  facet normal -0.970035 -0.242963 0
    outer loop
      vertex -17.7034 -5.37027 -24.5
      vertex -18.1445 -3.60917 0
      vertex -18.1445 -3.60917 -24.5
    endloop
  endfacet
  facet normal -0.970035 -0.242963 0
    outer loop
      vertex -18.1445 -3.60917 0
      vertex -17.7034 -5.37027 -24.5
      vertex -17.7034 -5.37027 0
    endloop
  endfacet
  facet normal -0.336879 0.941548 0
    outer loop
      vertex -5.37027 17.7034 -24.5
      vertex -7.07964 17.0918 0
      vertex -5.37027 17.7034 0
    endloop
  endfacet
  facet normal -0.336879 0.941548 0
    outer loop
      vertex -7.07964 17.0918 0
      vertex -5.37027 17.7034 -24.5
      vertex -7.07964 17.0918 -24.5
    endloop
  endfacet
  facet normal -0.941548 -0.336879 0
    outer loop
      vertex -17.0918 -7.07964 -24.5
      vertex -17.7034 -5.37027 0
      vertex -17.7034 -5.37027 -24.5
    endloop
  endfacet
  facet normal -0.941548 -0.336879 0
    outer loop
      vertex -17.7034 -5.37027 0
      vertex -17.0918 -7.07964 -24.5
      vertex -17.0918 -7.07964 0
    endloop
  endfacet
  facet normal 0.336879 0.941548 -0
    outer loop
      vertex 7.07964 17.0918 -24.5
      vertex 5.37027 17.7034 0
      vertex 7.07964 17.0918 0
    endloop
  endfacet
  facet normal 0.336879 0.941548 0
    outer loop
      vertex 5.37027 17.7034 0
      vertex 7.07964 17.0918 -24.5
      vertex 5.37027 17.7034 -24.5
    endloop
  endfacet
  facet normal -0.80322 0.595682 0
    outer loop
      vertex -15.3822 10.278 -24.5
      vertex -14.3007 11.7363 0
      vertex -14.3007 11.7363 -24.5
    endloop
  endfacet
  facet normal -0.80322 0.595682 0
    outer loop
      vertex -14.3007 11.7363 0
      vertex -15.3822 10.278 -24.5
      vertex -15.3822 10.278 0
    endloop
  endfacet
  facet normal 0 0 -1
    outer loop
      vertex 18.4109 -1.81332 -24.5
      vertex 18.4109 1.81332 -24.5
      vertex 18.5 0 -24.5
    endloop
  endfacet
  facet normal 0 0 -1
    outer loop
      vertex 18.1445 -3.60917 -24.5
      vertex 18.4109 1.81332 -24.5
      vertex 18.4109 -1.81332 -24.5
    endloop
  endfacet
  facet normal 0 0 -1
    outer loop
      vertex 18.1445 -3.60917 -24.5
      vertex 18.1445 3.60917 -24.5
      vertex 18.4109 1.81332 -24.5
    endloop
  endfacet
  facet normal 0 0 -1
    outer loop
      vertex 17.7034 -5.37027 -24.5
      vertex 18.1445 3.60917 -24.5
      vertex 18.1445 -3.60917 -24.5
    endloop
  endfacet
  facet normal 0 0 -1
    outer loop
      vertex 17.7034 -5.37027 -24.5
      vertex 17.7034 5.37027 -24.5
      vertex 18.1445 3.60917 -24.5
    endloop
  endfacet
  facet normal 0 0 -1
    outer loop
      vertex 17.0918 -7.07964 -24.5
      vertex 17.7034 5.37027 -24.5
      vertex 17.7034 -5.37027 -24.5
    endloop
  endfacet
  facet normal 0 0 -1
    outer loop
      vertex 17.0918 -7.07964 -24.5
      vertex 17.0918 7.07964 -24.5
      vertex 17.7034 5.37027 -24.5
    endloop
  endfacet
  facet normal 0 0 -1
    outer loop
      vertex 16.3155 -8.72084 -24.5
      vertex 17.0918 7.07964 -24.5
      vertex 17.0918 -7.07964 -24.5
    endloop
  endfacet
  facet normal 0 0 -1
    outer loop
      vertex 16.3155 -8.72084 -24.5
      vertex 16.3155 8.72084 -24.5
      vertex 17.0918 7.07964 -24.5
    endloop
  endfacet
  facet normal 0 0 -1
    outer loop
      vertex 15.3822 -10.278 -24.5
      vertex 16.3155 8.72084 -24.5
      vertex 16.3155 -8.72084 -24.5
    endloop
  endfacet
  facet normal 0 0 -1
    outer loop
      vertex 15.3822 -10.278 -24.5
      vertex 15.3822 10.278 -24.5
      vertex 16.3155 8.72084 -24.5
    endloop
  endfacet
  facet normal 0 0 -1
    outer loop
      vertex 14.3007 -11.7363 -24.5
      vertex 15.3822 10.278 -24.5
      vertex 15.3822 -10.278 -24.5
    endloop
  endfacet
  facet normal 0 0 -1
    outer loop
      vertex 14.3007 -11.7363 -24.5
      vertex 14.3007 11.7363 -24.5
      vertex 15.3822 10.278 -24.5
    endloop
  endfacet
  facet normal 0 0 -1
    outer loop
      vertex 13.0815 -13.0815 -24.5
      vertex 14.3007 11.7363 -24.5
      vertex 14.3007 -11.7363 -24.5
    endloop
  endfacet
  facet normal 0 0 -1
    outer loop
      vertex 13.0815 -13.0815 -24.5
      vertex 13.0815 13.0815 -24.5
      vertex 14.3007 11.7363 -24.5
    endloop
  endfacet
  facet normal 0 0 -1
    outer loop
      vertex 11.7363 -14.3007 -24.5
      vertex 13.0815 13.0815 -24.5
      vertex 13.0815 -13.0815 -24.5
    endloop
  endfacet
  facet normal 0 0 -1
    outer loop
      vertex 11.7363 -14.3007 -24.5
      vertex 11.7363 14.3007 -24.5
      vertex 13.0815 13.0815 -24.5
    endloop
  endfacet
  facet normal 0 0 -1
    outer loop
      vertex 10.278 -15.3822 -24.5
      vertex 11.7363 14.3007 -24.5
      vertex 11.7363 -14.3007 -24.5
    endloop
  endfacet
  facet normal 0 0 -1
    outer loop
      vertex 10.278 -15.3822 -24.5
      vertex 10.278 15.3822 -24.5
      vertex 11.7363 14.3007 -24.5
    endloop
  endfacet
  facet normal 0 0 -1
    outer loop
      vertex 8.72084 -16.3155 -24.5
      vertex 10.278 15.3822 -24.5
      vertex 10.278 -15.3822 -24.5
    endloop
  endfacet
  facet normal 0 0 -1
    outer loop
      vertex 8.72084 -16.3155 -24.5
      vertex 8.72084 16.3155 -24.5
      vertex 10.278 15.3822 -24.5
    endloop
  endfacet
  facet normal 0 0 -1
    outer loop
      vertex 7.07964 -17.0918 -24.5
      vertex 8.72084 16.3155 -24.5
      vertex 8.72084 -16.3155 -24.5
    endloop
  endfacet
  facet normal 0 0 -1
    outer loop
      vertex 7.07964 -17.0918 -24.5
      vertex 7.07964 17.0918 -24.5
      vertex 8.72084 16.3155 -24.5
    endloop
  endfacet
  facet normal 0 0 -1
    outer loop
      vertex 5.37027 -17.7034 -24.5
      vertex 7.07964 17.0918 -24.5
      vertex 7.07964 -17.0918 -24.5
    endloop
  endfacet
  facet normal 0 0 -1
    outer loop
      vertex 5.37027 -17.7034 -24.5
      vertex 5.37027 17.7034 -24.5
      vertex 7.07964 17.0918 -24.5
    endloop
  endfacet
  facet normal 0 0 -1
    outer loop
      vertex 3.60917 -18.1445 -24.5
      vertex 5.37027 17.7034 -24.5
      vertex 5.37027 -17.7034 -24.5
    endloop
  endfacet
  facet normal 0 0 -1
    outer loop
      vertex 3.60917 -18.1445 -24.5
      vertex 3.60917 18.1445 -24.5
      vertex 5.37027 17.7034 -24.5
    endloop
  endfacet
  facet normal 0 0 -1
    outer loop
      vertex 1.81332 -18.4109 -24.5
      vertex 3.60917 18.1445 -24.5
      vertex 3.60917 -18.1445 -24.5
    endloop
  endfacet
  facet normal 0 0 -1
    outer loop
      vertex 1.81332 -18.4109 -24.5
      vertex 1.81332 18.4109 -24.5
      vertex 3.60917 18.1445 -24.5
    endloop
  endfacet
  facet normal 0 0 -1
    outer loop
      vertex 0 -18.5 -24.5
      vertex 1.81332 18.4109 -24.5
      vertex 1.81332 -18.4109 -24.5
    endloop
  endfacet
  facet normal 0 0 -1
    outer loop
      vertex 0 -18.5 -24.5
      vertex 0 18.5 -24.5
      vertex 1.81332 18.4109 -24.5
    endloop
  endfacet
  facet normal 0 0 -1
    outer loop
      vertex -1.81332 -18.4109 -24.5
      vertex 0 18.5 -24.5
      vertex 0 -18.5 -24.5
    endloop
  endfacet
  facet normal 0 0 -1
    outer loop
      vertex -1.81332 -18.4109 -24.5
      vertex -1.81332 18.4109 -24.5
      vertex 0 18.5 -24.5
    endloop
  endfacet
  facet normal 0 0 -1
    outer loop
      vertex -3.60917 -18.1445 -24.5
      vertex -1.81332 18.4109 -24.5
      vertex -1.81332 -18.4109 -24.5
    endloop
  endfacet
  facet normal 0 0 -1
    outer loop
      vertex -3.60917 -18.1445 -24.5
      vertex -3.60917 18.1445 -24.5
      vertex -1.81332 18.4109 -24.5
    endloop
  endfacet
  facet normal 0 0 -1
    outer loop
      vertex -5.37027 -17.7034 -24.5
      vertex -3.60917 18.1445 -24.5
      vertex -3.60917 -18.1445 -24.5
    endloop
  endfacet
  facet normal 0 0 -1
    outer loop
      vertex -5.37027 -17.7034 -24.5
      vertex -5.37027 17.7034 -24.5
      vertex -3.60917 18.1445 -24.5
    endloop
  endfacet
  facet normal 0 0 -1
    outer loop
      vertex -7.07964 -17.0918 -24.5
      vertex -5.37027 17.7034 -24.5
      vertex -5.37027 -17.7034 -24.5
    endloop
  endfacet
  facet normal 0 0 -1
    outer loop
      vertex -7.07964 -17.0918 -24.5
      vertex -7.07964 17.0918 -24.5
      vertex -5.37027 17.7034 -24.5
    endloop
  endfacet
  facet normal 0 0 -1
    outer loop
      vertex -8.72084 -16.3155 -24.5
      vertex -7.07964 17.0918 -24.5
      vertex -7.07964 -17.0918 -24.5
    endloop
  endfacet
  facet normal 0 0 -1
    outer loop
      vertex -8.72084 -16.3155 -24.5
      vertex -8.72084 16.3155 -24.5
      vertex -7.07964 17.0918 -24.5
    endloop
  endfacet
  facet normal 0 0 -1
    outer loop
      vertex -10.278 -15.3822 -24.5
      vertex -8.72084 16.3155 -24.5
      vertex -8.72084 -16.3155 -24.5
    endloop
  endfacet
  facet normal 0 0 -1
    outer loop
      vertex -10.278 -15.3822 -24.5
      vertex -10.278 15.3822 -24.5
      vertex -8.72084 16.3155 -24.5
    endloop
  endfacet
  facet normal 0 0 -1
    outer loop
      vertex -11.7363 -14.3007 -24.5
      vertex -10.278 15.3822 -24.5
      vertex -10.278 -15.3822 -24.5
    endloop
  endfacet
  facet normal 0 0 -1
    outer loop
      vertex -11.7363 -14.3007 -24.5
      vertex -11.7363 14.3007 -24.5
      vertex -10.278 15.3822 -24.5
    endloop
  endfacet
  facet normal 0 0 -1
    outer loop
      vertex -13.0815 -13.0815 -24.5
      vertex -11.7363 14.3007 -24.5
      vertex -11.7363 -14.3007 -24.5
    endloop
  endfacet
  facet normal 0 0 -1
    outer loop
      vertex -13.0815 -13.0815 -24.5
      vertex -13.0815 13.0815 -24.5
      vertex -11.7363 14.3007 -24.5
    endloop
  endfacet
  facet normal 0 0 -1
    outer loop
      vertex -14.3007 -11.7363 -24.5
      vertex -13.0815 13.0815 -24.5
      vertex -13.0815 -13.0815 -24.5
    endloop
  endfacet
  facet normal 0 0 -1
    outer loop
      vertex -14.3007 -11.7363 -24.5
      vertex -14.3007 11.7363 -24.5
      vertex -13.0815 13.0815 -24.5
    endloop
  endfacet
  facet normal 0 0 -1
    outer loop
      vertex -15.3822 -10.278 -24.5
      vertex -14.3007 11.7363 -24.5
      vertex -14.3007 -11.7363 -24.5
    endloop
  endfacet
  facet normal 0 0 -1
    outer loop
      vertex -15.3822 -10.278 -24.5
      vertex -15.3822 10.278 -24.5
      vertex -14.3007 11.7363 -24.5
    endloop
  endfacet
  facet normal 0 0 -1
    outer loop
      vertex -16.3155 -8.72084 -24.5
      vertex -15.3822 10.278 -24.5
      vertex -15.3822 -10.278 -24.5
    endloop
  endfacet
  facet normal 0 0 -1
    outer loop
      vertex -16.3155 -8.72084 -24.5
      vertex -16.3155 8.72084 -24.5
      vertex -15.3822 10.278 -24.5
    endloop
  endfacet
  facet normal 0 0 -1
    outer loop
      vertex -17.0918 -7.07964 -24.5
      vertex -16.3155 8.72084 -24.5
      vertex -16.3155 -8.72084 -24.5
    endloop
  endfacet
  facet normal 0 0 -1
    outer loop
      vertex -17.0918 -7.07964 -24.5
      vertex -17.0918 7.07964 -24.5
      vertex -16.3155 8.72084 -24.5
    endloop
  endfacet
  facet normal 0 0 -1
    outer loop
      vertex -17.7034 -5.37027 -24.5
      vertex -17.0918 7.07964 -24.5
      vertex -17.0918 -7.07964 -24.5
    endloop
  endfacet
  facet normal 0 0 -1
    outer loop
      vertex -17.7034 -5.37027 -24.5
      vertex -17.7034 5.37027 -24.5
      vertex -17.0918 7.07964 -24.5
    endloop
  endfacet
  facet normal 0 0 -1
    outer loop
      vertex -18.1445 -3.60917 -24.5
      vertex -17.7034 5.37027 -24.5
      vertex -17.7034 -5.37027 -24.5
    endloop
  endfacet
  facet normal 0 0 -1
    outer loop
      vertex -18.1445 -3.60917 -24.5
      vertex -18.1445 3.60917 -24.5
      vertex -17.7034 5.37027 -24.5
    endloop
  endfacet
  facet normal 0 0 -1
    outer loop
      vertex -18.4109 -1.81332 -24.5
      vertex -18.1445 3.60917 -24.5
      vertex -18.1445 -3.60917 -24.5
    endloop
  endfacet
  facet normal 0 0 -1
    outer loop
      vertex -18.4109 -1.81332 -24.5
      vertex -18.4109 1.81332 -24.5
      vertex -18.1445 3.60917 -24.5
    endloop
  endfacet
  facet normal 0 -0 -1
    outer loop
      vertex -18.4109 1.81332 -24.5
      vertex -18.4109 -1.81332 -24.5
      vertex -18.5 0 -24.5
    endloop
  endfacet
  facet normal 0.80322 0.595682 0
    outer loop
      vertex 15.3822 10.278 0
      vertex 14.3007 11.7363 -24.5
      vertex 14.3007 11.7363 0
    endloop
  endfacet
  facet normal 0.80322 0.595682 0
    outer loop
      vertex 14.3007 11.7363 -24.5
      vertex 15.3822 10.278 0
      vertex 15.3822 10.278 -24.5
    endloop
  endfacet
  facet normal -0.970035 0.242963 0
    outer loop
      vertex -18.1445 3.60917 -24.5
      vertex -17.7034 5.37027 0
      vertex -17.7034 5.37027 -24.5
    endloop
  endfacet
  facet normal -0.970035 0.242963 0
    outer loop
      vertex -17.7034 5.37027 0
      vertex -18.1445 3.60917 -24.5
      vertex -18.1445 3.60917 0
    endloop
  endfacet
  facet normal -0.671553 0.740956 0
    outer loop
      vertex -11.7363 14.3007 -24.5
      vertex -13.0815 13.0815 0
      vertex -11.7363 14.3007 0
    endloop
  endfacet
  facet normal -0.671553 0.740956 0
    outer loop
      vertex -13.0815 13.0815 0
      vertex -11.7363 14.3007 -24.5
      vertex -13.0815 13.0815 -24.5
    endloop
  endfacet
  facet normal 0.427587 -0.903974 0
    outer loop
      vertex 7.07964 -17.0918 -24.5
      vertex 8.72084 -16.3155 0
      vertex 7.07964 -17.0918 0
    endloop
  endfacet
  facet normal 0.427587 -0.903974 0
    outer loop
      vertex 8.72084 -16.3155 0
      vertex 7.07964 -17.0918 -24.5
      vertex 8.72084 -16.3155 -24.5
    endloop
  endfacet
  facet normal -0.242963 0.970035 0
    outer loop
      vertex -3.60917 18.1445 -24.5
      vertex -5.37027 17.7034 0
      vertex -3.60917 18.1445 0
    endloop
  endfacet
  facet normal -0.242963 0.970035 0
    outer loop
      vertex -5.37027 17.7034 0
      vertex -3.60917 18.1445 -24.5
      vertex -5.37027 17.7034 -24.5
    endloop
  endfacet
  facet normal -0.941548 0.336879 0
    outer loop
      vertex -17.7034 5.37027 -24.5
      vertex -17.0918 7.07964 0
      vertex -17.0918 7.07964 -24.5
    endloop
  endfacet
  facet normal -0.941548 0.336879 0
    outer loop
      vertex -17.0918 7.07964 0
      vertex -17.7034 5.37027 -24.5
      vertex -17.7034 5.37027 0
    endloop
  endfacet
  facet normal 0.514092 0.857735 -0
    outer loop
      vertex 10.278 15.3822 -24.5
      vertex 8.72084 16.3155 0
      vertex 10.278 15.3822 0
    endloop
  endfacet
  facet normal 0.514092 0.857735 0
    outer loop
      vertex 8.72084 16.3155 0
      vertex 10.278 15.3822 -24.5
      vertex 8.72084 16.3155 -24.5
    endloop
  endfacet
  facet normal -0.514092 -0.857735 0
    outer loop
      vertex -10.278 -15.3822 -24.5
      vertex -8.72084 -16.3155 0
      vertex -10.278 -15.3822 0
    endloop
  endfacet
  facet normal -0.514092 -0.857735 -0
    outer loop
      vertex -8.72084 -16.3155 0
      vertex -10.278 -15.3822 -24.5
      vertex -8.72084 -16.3155 -24.5
    endloop
  endfacet
  facet normal -0.595682 0.80322 0
    outer loop
      vertex -10.278 15.3822 -24.5
      vertex -11.7363 14.3007 0
      vertex -10.278 15.3822 0
    endloop
  endfacet
  facet normal -0.595682 0.80322 0
    outer loop
      vertex -11.7363 14.3007 0
      vertex -10.278 15.3822 -24.5
      vertex -11.7363 14.3007 -24.5
    endloop
  endfacet
  facet normal 0.0490772 -0.998795 0
    outer loop
      vertex 0 -18.5 -24.5
      vertex 1.81332 -18.4109 0
      vertex 0 -18.5 0
    endloop
  endfacet
  facet normal 0.0490772 -0.998795 0
    outer loop
      vertex 1.81332 -18.4109 0
      vertex 0 -18.5 -24.5
      vertex 1.81332 -18.4109 -24.5
    endloop
  endfacet
  facet normal 0.941548 -0.336879 0
    outer loop
      vertex 17.0918 -7.07964 0
      vertex 17.7034 -5.37027 -24.5
      vertex 17.7034 -5.37027 0
    endloop
  endfacet
  facet normal 0.941548 -0.336879 0
    outer loop
      vertex 17.7034 -5.37027 -24.5
      vertex 17.0918 -7.07964 0
      vertex 17.0918 -7.07964 -24.5
    endloop
  endfacet
  facet normal 0.80322 -0.595682 0
    outer loop
      vertex 14.3007 -11.7363 0
      vertex 15.3822 -10.278 -24.5
      vertex 15.3822 -10.278 0
    endloop
  endfacet
  facet normal 0.80322 -0.595682 0
    outer loop
      vertex 15.3822 -10.278 -24.5
      vertex 14.3007 -11.7363 0
      vertex 14.3007 -11.7363 -24.5
    endloop
  endfacet
  facet normal 0.989176 -0.146736 0
    outer loop
      vertex 18.1445 -3.60917 0
      vertex 18.4109 -1.81332 -24.5
      vertex 18.4109 -1.81332 0
    endloop
  endfacet
  facet normal 0.989176 -0.146736 0
    outer loop
      vertex 18.4109 -1.81332 -24.5
      vertex 18.1445 -3.60917 0
      vertex 18.1445 -3.60917 -24.5
    endloop
  endfacet
  facet normal -0.857735 0.514092 0
    outer loop
      vertex -16.3155 8.72084 -24.5
      vertex -15.3822 10.278 0
      vertex -15.3822 10.278 -24.5
    endloop
  endfacet
  facet normal -0.857735 0.514092 0
    outer loop
      vertex -15.3822 10.278 0
      vertex -16.3155 8.72084 -24.5
      vertex -16.3155 8.72084 0
    endloop
  endfacet
  facet normal 0.903974 0.427587 0
    outer loop
      vertex 17.0918 7.07964 0
      vertex 16.3155 8.72084 -24.5
      vertex 16.3155 8.72084 0
    endloop
  endfacet
  facet normal 0.903974 0.427587 0
    outer loop
      vertex 16.3155 8.72084 -24.5
      vertex 17.0918 7.07964 0
      vertex 17.0918 7.07964 -24.5
    endloop
  endfacet
  facet normal -0.427587 0.903974 0
    outer loop
      vertex -7.07964 17.0918 -24.5
      vertex -8.72084 16.3155 0
      vertex -7.07964 17.0918 0
    endloop
  endfacet
  facet normal -0.427587 0.903974 0
    outer loop
      vertex -8.72084 16.3155 0
      vertex -7.07964 17.0918 -24.5
      vertex -8.72084 16.3155 -24.5
    endloop
  endfacet
  facet normal 0.595682 -0.80322 0
    outer loop
      vertex 10.278 -15.3822 -24.5
      vertex 11.7363 -14.3007 0
      vertex 10.278 -15.3822 0
    endloop
  endfacet
  facet normal 0.595682 -0.80322 0
    outer loop
      vertex 11.7363 -14.3007 0
      vertex 10.278 -15.3822 -24.5
      vertex 11.7363 -14.3007 -24.5
    endloop
  endfacet
  facet normal 0.595682 0.80322 -0
    outer loop
      vertex 11.7363 14.3007 -24.5
      vertex 10.278 15.3822 0
      vertex 11.7363 14.3007 0
    endloop
  endfacet
  facet normal 0.595682 0.80322 0
    outer loop
      vertex 10.278 15.3822 0
      vertex 11.7363 14.3007 -24.5
      vertex 10.278 15.3822 -24.5
    endloop
  endfacet
  facet normal -0.671553 -0.740956 0
    outer loop
      vertex -13.0815 -13.0815 -24.5
      vertex -11.7363 -14.3007 0
      vertex -13.0815 -13.0815 0
    endloop
  endfacet
  facet normal -0.671553 -0.740956 -0
    outer loop
      vertex -11.7363 -14.3007 0
      vertex -13.0815 -13.0815 -24.5
      vertex -11.7363 -14.3007 -24.5
    endloop
  endfacet
  facet normal 0.998795 -0.0490772 0
    outer loop
      vertex 18.4109 -1.81332 0
      vertex 18.5 0 -24.5
      vertex 18.5 0 0
    endloop
  endfacet
  facet normal 0.998795 -0.0490772 0
    outer loop
      vertex 18.5 0 -24.5
      vertex 18.4109 -1.81332 0
      vertex 18.4109 -1.81332 -24.5
    endloop
  endfacet
  facet normal -0.80322 -0.595682 0
    outer loop
      vertex -14.3007 -11.7363 -24.5
      vertex -15.3822 -10.278 0
      vertex -15.3822 -10.278 -24.5
    endloop
  endfacet
  facet normal -0.80322 -0.595682 0
    outer loop
      vertex -15.3822 -10.278 0
      vertex -14.3007 -11.7363 -24.5
      vertex -14.3007 -11.7363 0
    endloop
  endfacet
  facet normal -0.903974 -0.427587 0
    outer loop
      vertex -16.3155 -8.72084 -24.5
      vertex -17.0918 -7.07964 0
      vertex -17.0918 -7.07964 -24.5
    endloop
  endfacet
  facet normal -0.903974 -0.427587 0
    outer loop
      vertex -17.0918 -7.07964 0
      vertex -16.3155 -8.72084 -24.5
      vertex -16.3155 -8.72084 0
    endloop
  endfacet
  facet normal 0.0490772 0.998795 -0
    outer loop
      vertex 1.81332 18.4109 -24.5
      vertex 0 18.5 0
      vertex 1.81332 18.4109 0
    endloop
  endfacet
  facet normal 0.0490772 0.998795 0
    outer loop
      vertex 0 18.5 0
      vertex 1.81332 18.4109 -24.5
      vertex 0 18.5 -24.5
    endloop
  endfacet
  facet normal -0.0490772 0.998795 0
    outer loop
      vertex 0 18.5 -24.5
      vertex -1.81332 18.4109 0
      vertex 0 18.5 0
    endloop
  endfacet
  facet normal -0.0490772 0.998795 0
    outer loop
      vertex -1.81332 18.4109 0
      vertex 0 18.5 -24.5
      vertex -1.81332 18.4109 -24.5
    endloop
  endfacet
  facet normal -0.427587 -0.903974 0
    outer loop
      vertex -8.72084 -16.3155 -24.5
      vertex -7.07964 -17.0918 0
      vertex -8.72084 -16.3155 0
    endloop
  endfacet
  facet normal -0.427587 -0.903974 -0
    outer loop
      vertex -7.07964 -17.0918 0
      vertex -8.72084 -16.3155 -24.5
      vertex -7.07964 -17.0918 -24.5
    endloop
  endfacet
  facet normal -0.146736 0.989176 0
    outer loop
      vertex -1.81332 18.4109 -24.5
      vertex -3.60917 18.1445 0
      vertex -1.81332 18.4109 0
    endloop
  endfacet
  facet normal -0.146736 0.989176 0
    outer loop
      vertex -3.60917 18.1445 0
      vertex -1.81332 18.4109 -24.5
      vertex -3.60917 18.1445 -24.5
    endloop
  endfacet
  facet normal -0.989176 -0.146736 0
    outer loop
      vertex -18.1445 -3.60917 -24.5
      vertex -18.4109 -1.81332 0
      vertex -18.4109 -1.81332 -24.5
    endloop
  endfacet
  facet normal -0.989176 -0.146736 0
    outer loop
      vertex -18.4109 -1.81332 0
      vertex -18.1445 -3.60917 -24.5
      vertex -18.1445 -3.60917 0
    endloop
  endfacet
  facet normal 0.336879 -0.941548 0
    outer loop
      vertex 5.37027 -17.7034 -24.5
      vertex 7.07964 -17.0918 0
      vertex 5.37027 -17.7034 0
    endloop
  endfacet
  facet normal 0.336879 -0.941548 0
    outer loop
      vertex 7.07964 -17.0918 0
      vertex 5.37027 -17.7034 -24.5
      vertex 7.07964 -17.0918 -24.5
    endloop
  endfacet
  facet normal 0.242963 -0.970035 0
    outer loop
      vertex 3.60917 -18.1445 -24.5
      vertex 5.37027 -17.7034 0
      vertex 3.60917 -18.1445 0
    endloop
  endfacet
  facet normal 0.242963 -0.970035 0
    outer loop
      vertex 5.37027 -17.7034 0
      vertex 3.60917 -18.1445 -24.5
      vertex 5.37027 -17.7034 -24.5
    endloop
  endfacet
  facet normal -0.903974 0.427587 0
    outer loop
      vertex -17.0918 7.07964 -24.5
      vertex -16.3155 8.72084 0
      vertex -16.3155 8.72084 -24.5
    endloop
  endfacet
  facet normal -0.903974 0.427587 0
    outer loop
      vertex -16.3155 8.72084 0
      vertex -17.0918 7.07964 -24.5
      vertex -17.0918 7.07964 0
    endloop
  endfacet
  facet normal -0.740956 -0.671553 0
    outer loop
      vertex -13.0815 -13.0815 -24.5
      vertex -14.3007 -11.7363 0
      vertex -14.3007 -11.7363 -24.5
    endloop
  endfacet
  facet normal -0.740956 -0.671553 0
    outer loop
      vertex -14.3007 -11.7363 0
      vertex -13.0815 -13.0815 -24.5
      vertex -13.0815 -13.0815 0
    endloop
  endfacet
  facet normal -0.595682 -0.80322 0
    outer loop
      vertex -11.7363 -14.3007 -24.5
      vertex -10.278 -15.3822 0
      vertex -11.7363 -14.3007 0
    endloop
  endfacet
  facet normal -0.595682 -0.80322 -0
    outer loop
      vertex -10.278 -15.3822 0
      vertex -11.7363 -14.3007 -24.5
      vertex -10.278 -15.3822 -24.5
    endloop
  endfacet
  facet normal 0.903974 -0.427587 0
    outer loop
      vertex 16.3155 -8.72084 0
      vertex 17.0918 -7.07964 -24.5
      vertex 17.0918 -7.07964 0
    endloop
  endfacet
  facet normal 0.903974 -0.427587 0
    outer loop
      vertex 17.0918 -7.07964 -24.5
      vertex 16.3155 -8.72084 0
      vertex 16.3155 -8.72084 -24.5
    endloop
  endfacet
  facet normal 0.857735 -0.514092 0
    outer loop
      vertex 15.3822 -10.278 0
      vertex 16.3155 -8.72084 -24.5
      vertex 16.3155 -8.72084 0
    endloop
  endfacet
  facet normal 0.857735 -0.514092 0
    outer loop
      vertex 16.3155 -8.72084 -24.5
      vertex 15.3822 -10.278 0
      vertex 15.3822 -10.278 -24.5
    endloop
  endfacet
  facet normal -0.0490772 -0.998795 0
    outer loop
      vertex -1.81332 -18.4109 -24.5
      vertex 0 -18.5 0
      vertex -1.81332 -18.4109 0
    endloop
  endfacet
  facet normal -0.0490772 -0.998795 -0
    outer loop
      vertex 0 -18.5 0
      vertex -1.81332 -18.4109 -24.5
      vertex 0 -18.5 -24.5
    endloop
  endfacet
  facet normal 0 0 1
    outer loop
      vertex 18.4109 1.81332 0
      vertex 18.4109 -1.81332 0
      vertex 18.5 0 0
    endloop
  endfacet
  facet normal 0 0 1
    outer loop
      vertex 18.1445 3.60917 0
      vertex 18.4109 -1.81332 0
      vertex 18.4109 1.81332 0
    endloop
  endfacet
  facet normal 0 0 1
    outer loop
      vertex 18.1445 3.60917 0
      vertex 18.1445 -3.60917 0
      vertex 18.4109 -1.81332 0
    endloop
  endfacet
  facet normal 0 0 1
    outer loop
      vertex 17.7034 5.37027 0
      vertex 18.1445 -3.60917 0
      vertex 18.1445 3.60917 0
    endloop
  endfacet
  facet normal 0 0 1
    outer loop
      vertex 17.7034 5.37027 0
      vertex 17.7034 -5.37027 0
      vertex 18.1445 -3.60917 0
    endloop
  endfacet
  facet normal 0 0 1
    outer loop
      vertex 17.0918 7.07964 0
      vertex 17.7034 -5.37027 0
      vertex 17.7034 5.37027 0
    endloop
  endfacet
  facet normal 0 0 1
    outer loop
      vertex 17.0918 7.07964 0
      vertex 17.0918 -7.07964 0
      vertex 17.7034 -5.37027 0
    endloop
  endfacet
  facet normal 0 0 1
    outer loop
      vertex 16.3155 8.72084 0
      vertex 17.0918 -7.07964 0
      vertex 17.0918 7.07964 0
    endloop
  endfacet
  facet normal 0 0 1
    outer loop
      vertex 16.3155 8.72084 0
      vertex 16.3155 -8.72084 0
      vertex 17.0918 -7.07964 0
    endloop
  endfacet
  facet normal 0 0 1
    outer loop
      vertex 15.3822 10.278 0
      vertex 16.3155 -8.72084 0
      vertex 16.3155 8.72084 0
    endloop
  endfacet
  facet normal 0 0 1
    outer loop
      vertex 15.3822 10.278 0
      vertex 15.3822 -10.278 0
      vertex 16.3155 -8.72084 0
    endloop
  endfacet
  facet normal 0 0 1
    outer loop
      vertex 14.3007 11.7363 0
      vertex 15.3822 -10.278 0
      vertex 15.3822 10.278 0
    endloop
  endfacet
  facet normal 0 0 1
    outer loop
      vertex 14.3007 11.7363 0
      vertex 14.3007 -11.7363 0
      vertex 15.3822 -10.278 0
    endloop
  endfacet
  facet normal 0 0 1
    outer loop
      vertex 13.0815 13.0815 0
      vertex 14.3007 -11.7363 0
      vertex 14.3007 11.7363 0
    endloop
  endfacet
  facet normal 0 0 1
    outer loop
      vertex 13.0815 13.0815 0
      vertex 13.0815 -13.0815 0
      vertex 14.3007 -11.7363 0
    endloop
  endfacet
  facet normal 0 0 1
    outer loop
      vertex 11.7363 14.3007 0
      vertex 13.0815 -13.0815 0
      vertex 13.0815 13.0815 0
    endloop
  endfacet
  facet normal 0 0 1
    outer loop
      vertex 11.7363 14.3007 0
      vertex 11.7363 -14.3007 0
      vertex 13.0815 -13.0815 0
    endloop
  endfacet
  facet normal 0 0 1
    outer loop
      vertex 10.278 15.3822 0
      vertex 11.7363 -14.3007 0
      vertex 11.7363 14.3007 0
    endloop
  endfacet
  facet normal 0 0 1
    outer loop
      vertex 10.278 15.3822 0
      vertex 10.278 -15.3822 0
      vertex 11.7363 -14.3007 0
    endloop
  endfacet
  facet normal 0 0 1
    outer loop
      vertex 8.72084 16.3155 0
      vertex 10.278 -15.3822 0
      vertex 10.278 15.3822 0
    endloop
  endfacet
  facet normal 0 0 1
    outer loop
      vertex 8.72084 16.3155 0
      vertex 8.72084 -16.3155 0
      vertex 10.278 -15.3822 0
    endloop
  endfacet
  facet normal 0 0 1
    outer loop
      vertex 7.07964 17.0918 0
      vertex 8.72084 -16.3155 0
      vertex 8.72084 16.3155 0
    endloop
  endfacet
  facet normal 0 0 1
    outer loop
      vertex 7.07964 17.0918 0
      vertex 7.07964 -17.0918 0
      vertex 8.72084 -16.3155 0
    endloop
  endfacet
  facet normal 0 0 1
    outer loop
      vertex 5.37027 17.7034 0
      vertex 7.07964 -17.0918 0
      vertex 7.07964 17.0918 0
    endloop
  endfacet
  facet normal 0 0 1
    outer loop
      vertex 5.37027 17.7034 0
      vertex 5.37027 -17.7034 0
      vertex 7.07964 -17.0918 0
    endloop
  endfacet
  facet normal 0 0 1
    outer loop
      vertex 3.60917 18.1445 0
      vertex 5.37027 -17.7034 0
      vertex 5.37027 17.7034 0
    endloop
  endfacet
  facet normal 0 0 1
    outer loop
      vertex 3.60917 18.1445 0
      vertex 3.60917 -18.1445 0
      vertex 5.37027 -17.7034 0
    endloop
  endfacet
  facet normal 0 0 1
    outer loop
      vertex 1.81332 18.4109 0
      vertex 3.60917 -18.1445 0
      vertex 3.60917 18.1445 0
    endloop
  endfacet
  facet normal 0 0 1
    outer loop
      vertex 1.81332 18.4109 0
      vertex 1.81332 -18.4109 0
      vertex 3.60917 -18.1445 0
    endloop
  endfacet
  facet normal 0 0 1
    outer loop
      vertex 0 18.5 0
      vertex 1.81332 -18.4109 0
      vertex 1.81332 18.4109 0
    endloop
  endfacet
  facet normal 0 0 1
    outer loop
      vertex 0 18.5 0
      vertex 0 -18.5 0
      vertex 1.81332 -18.4109 0
    endloop
  endfacet
  facet normal -0 0 1
    outer loop
      vertex -1.81332 18.4109 0
      vertex 0 -18.5 0
      vertex 0 18.5 0
    endloop
  endfacet
  facet normal 0 0 1
    outer loop
      vertex -1.81332 18.4109 0
      vertex -1.81332 -18.4109 0
      vertex 0 -18.5 0
    endloop
  endfacet
  facet normal -0 0 1
    outer loop
      vertex -3.60917 18.1445 0
      vertex -1.81332 -18.4109 0
      vertex -1.81332 18.4109 0
    endloop
  endfacet
  facet normal 0 0 1
    outer loop
      vertex -3.60917 18.1445 0
      vertex -3.60917 -18.1445 0
      vertex -1.81332 -18.4109 0
    endloop
  endfacet
  facet normal -0 0 1
    outer loop
      vertex -5.37027 17.7034 0
      vertex -3.60917 -18.1445 0
      vertex -3.60917 18.1445 0
    endloop
  endfacet
  facet normal 0 0 1
    outer loop
      vertex -5.37027 17.7034 0
      vertex -5.37027 -17.7034 0
      vertex -3.60917 -18.1445 0
    endloop
  endfacet
  facet normal -0 0 1
    outer loop
      vertex -7.07964 17.0918 0
      vertex -5.37027 -17.7034 0
      vertex -5.37027 17.7034 0
    endloop
  endfacet
  facet normal 0 0 1
    outer loop
      vertex -7.07964 17.0918 0
      vertex -7.07964 -17.0918 0
      vertex -5.37027 -17.7034 0
    endloop
  endfacet
  facet normal -0 0 1
    outer loop
      vertex -8.72084 16.3155 0
      vertex -7.07964 -17.0918 0
      vertex -7.07964 17.0918 0
    endloop
  endfacet
  facet normal 0 0 1
    outer loop
      vertex -8.72084 16.3155 0
      vertex -8.72084 -16.3155 0
      vertex -7.07964 -17.0918 0
    endloop
  endfacet
  facet normal -0 0 1
    outer loop
      vertex -10.278 15.3822 0
      vertex -8.72084 -16.3155 0
      vertex -8.72084 16.3155 0
    endloop
  endfacet
  facet normal 0 0 1
    outer loop
      vertex -10.278 15.3822 0
      vertex -10.278 -15.3822 0
      vertex -8.72084 -16.3155 0
    endloop
  endfacet
  facet normal -0 0 1
    outer loop
      vertex -11.7363 14.3007 0
      vertex -10.278 -15.3822 0
      vertex -10.278 15.3822 0
    endloop
  endfacet
  facet normal 0 0 1
    outer loop
      vertex -11.7363 14.3007 0
      vertex -11.7363 -14.3007 0
      vertex -10.278 -15.3822 0
    endloop
  endfacet
  facet normal -0 0 1
    outer loop
      vertex -13.0815 13.0815 0
      vertex -11.7363 -14.3007 0
      vertex -11.7363 14.3007 0
    endloop
  endfacet
  facet normal 0 0 1
    outer loop
      vertex -13.0815 13.0815 0
      vertex -13.0815 -13.0815 0
      vertex -11.7363 -14.3007 0
    endloop
  endfacet
  facet normal -0 0 1
    outer loop
      vertex -14.3007 11.7363 0
      vertex -13.0815 -13.0815 0
      vertex -13.0815 13.0815 0
    endloop
  endfacet
  facet normal 0 0 1
    outer loop
      vertex -14.3007 11.7363 0
      vertex -14.3007 -11.7363 0
      vertex -13.0815 -13.0815 0
    endloop
  endfacet
  facet normal -0 0 1
    outer loop
      vertex -15.3822 10.278 0
      vertex -14.3007 -11.7363 0
      vertex -14.3007 11.7363 0
    endloop
  endfacet
  facet normal 0 0 1
    outer loop
      vertex -15.3822 10.278 0
      vertex -15.3822 -10.278 0
      vertex -14.3007 -11.7363 0
    endloop
  endfacet
  facet normal -0 0 1
    outer loop
      vertex -16.3155 8.72084 0
      vertex -15.3822 -10.278 0
      vertex -15.3822 10.278 0
    endloop
  endfacet
  facet normal 0 0 1
    outer loop
      vertex -16.3155 8.72084 0
      vertex -16.3155 -8.72084 0
      vertex -15.3822 -10.278 0
    endloop
  endfacet
  facet normal -0 0 1
    outer loop
      vertex -17.0918 7.07964 0
      vertex -16.3155 -8.72084 0
      vertex -16.3155 8.72084 0
    endloop
  endfacet
  facet normal 0 0 1
    outer loop
      vertex -17.0918 7.07964 0
      vertex -17.0918 -7.07964 0
      vertex -16.3155 -8.72084 0
    endloop
  endfacet
  facet normal -0 0 1
    outer loop
      vertex -17.7034 5.37027 0
      vertex -17.0918 -7.07964 0
      vertex -17.0918 7.07964 0
    endloop
  endfacet
  facet normal 0 0 1
    outer loop
      vertex -17.7034 5.37027 0
      vertex -17.7034 -5.37027 0
      vertex -17.0918 -7.07964 0
    endloop
  endfacet
  facet normal -0 0 1
    outer loop
      vertex -18.1445 3.60917 0
      vertex -17.7034 -5.37027 0
      vertex -17.7034 5.37027 0
    endloop
  endfacet
  facet normal 0 0 1
    outer loop
      vertex -18.1445 3.60917 0
      vertex -18.1445 -3.60917 0
      vertex -17.7034 -5.37027 0
    endloop
  endfacet
  facet normal -0 0 1
    outer loop
      vertex -18.4109 1.81332 0
      vertex -18.1445 -3.60917 0
      vertex -18.1445 3.60917 0
    endloop
  endfacet
  facet normal 0 0 1
    outer loop
      vertex -18.4109 1.81332 0
      vertex -18.4109 -1.81332 0
      vertex -18.1445 -3.60917 0
    endloop
  endfacet
  facet normal 0 -0 1
    outer loop
      vertex -18.4109 -1.81332 0
      vertex -18.4109 1.81332 0
      vertex -18.5 0 0
    endloop
  endfacet
  facet normal -0.998795 0.0490772 0
    outer loop
      vertex -18.5 0 -24.5
      vertex -18.4109 1.81332 0
      vertex -18.4109 1.81332 -24.5
    endloop
  endfacet
  facet normal -0.998795 0.0490772 0
    outer loop
      vertex -18.4109 1.81332 0
      vertex -18.5 0 -24.5
      vertex -18.5 0 0
    endloop
  endfacet
  facet normal -0.336879 -0.941548 0
    outer loop
      vertex -7.07964 -17.0918 -24.5
      vertex -5.37027 -17.7034 0
      vertex -7.07964 -17.0918 0
    endloop
  endfacet
  facet normal -0.336879 -0.941548 -0
    outer loop
      vertex -5.37027 -17.7034 0
      vertex -7.07964 -17.0918 -24.5
      vertex -5.37027 -17.7034 -24.5
    endloop
  endfacet
  facet normal 0.671553 -0.740956 0
    outer loop
      vertex 11.7363 -14.3007 -24.5
      vertex 13.0815 -13.0815 0
      vertex 11.7363 -14.3007 0
    endloop
  endfacet
  facet normal 0.671553 -0.740956 0
    outer loop
      vertex 13.0815 -13.0815 0
      vertex 11.7363 -14.3007 -24.5
      vertex 13.0815 -13.0815 -24.5
    endloop
  endfacet
  facet normal -0.8032 0.595709 0
    outer loop
      vertex -14.8002 9.88915 12.25
      vertex -13.7596 11.2922 44.25
      vertex -13.7596 11.2922 12.25
    endloop
  endfacet
  facet normal -0.8032 0.595709 0
    outer loop
      vertex -13.7596 11.2922 44.25
      vertex -14.8002 9.88915 12.25
      vertex -14.8002 9.88915 44.25
    endloop
  endfacet
  facet normal 0.989177 0.146724 0
    outer loop
      vertex 17.7143 1.7447 44.25
      vertex 17.458 3.47261 12.25
      vertex 17.458 3.47261 44.25
    endloop
  endfacet
  facet normal 0.989177 0.146724 0
    outer loop
      vertex 17.458 3.47261 12.25
      vertex 17.7143 1.7447 44.25
      vertex 17.7143 1.7447 12.25
    endloop
  endfacet
  facet normal 0.998796 0.049061 0
    outer loop
      vertex 17.8 0 44.25
      vertex 17.7143 1.7447 12.25
      vertex 17.7143 1.7447 44.25
    endloop
  endfacet
  facet normal 0.998796 0.049061 0
    outer loop
      vertex 17.7143 1.7447 12.25
      vertex 17.8 0 44.25
      vertex 17.8 0 12.25
    endloop
  endfacet
  facet normal 0.970023 0.243012 0
    outer loop
      vertex 17.458 3.47261 44.25
      vertex 17.0335 5.16707 12.25
      vertex 17.0335 5.16707 44.25
    endloop
  endfacet
  facet normal 0.970023 0.243012 0
    outer loop
      vertex 17.0335 5.16707 12.25
      vertex 17.458 3.47261 44.25
      vertex 17.458 3.47261 12.25
    endloop
  endfacet
  facet normal 0.989177 -0.146724 0
    outer loop
      vertex 17.458 -3.47261 44.25
      vertex 17.7143 -1.7447 12.25
      vertex 17.7143 -1.7447 44.25
    endloop
  endfacet
  facet normal 0.989177 -0.146724 0
    outer loop
      vertex 17.7143 -1.7447 12.25
      vertex 17.458 -3.47261 44.25
      vertex 17.458 -3.47261 12.25
    endloop
  endfacet
  facet normal 0.8032 0.595709 0
    outer loop
      vertex 14.8002 9.88915 44.25
      vertex 13.7596 11.2922 12.25
      vertex 13.7596 11.2922 44.25
    endloop
  endfacet
  facet normal 0.8032 0.595709 0
    outer loop
      vertex 13.7596 11.2922 12.25
      vertex 14.8002 9.88915 44.25
      vertex 14.8002 9.88915 12.25
    endloop
  endfacet
  facet normal -0.740947 0.671564 0
    outer loop
      vertex -13.7596 11.2922 12.25
      vertex -12.5865 12.5865 44.25
      vertex -12.5865 12.5865 12.25
    endloop
  endfacet
  facet normal -0.740947 0.671564 0
    outer loop
      vertex -12.5865 12.5865 44.25
      vertex -13.7596 11.2922 12.25
      vertex -13.7596 11.2922 44.25
    endloop
  endfacet
  facet normal 0.595709 0.8032 -0
    outer loop
      vertex 11.2922 13.7596 12.25
      vertex 9.88915 14.8002 44.25
      vertex 11.2922 13.7596 44.25
    endloop
  endfacet
  facet normal 0.595709 0.8032 0
    outer loop
      vertex 9.88915 14.8002 44.25
      vertex 11.2922 13.7596 12.25
      vertex 9.88915 14.8002 12.25
    endloop
  endfacet
  facet normal 0.998796 -0.049061 0
    outer loop
      vertex 17.7143 -1.7447 44.25
      vertex 17.8 0 12.25
      vertex 17.8 0 44.25
    endloop
  endfacet
  facet normal 0.998796 -0.049061 0
    outer loop
      vertex 17.8 0 12.25
      vertex 17.7143 -1.7447 44.25
      vertex 17.7143 -1.7447 12.25
    endloop
  endfacet
  facet normal -0.989177 0.146724 0
    outer loop
      vertex -17.7143 1.7447 12.25
      vertex -17.458 3.47261 44.25
      vertex -17.458 3.47261 12.25
    endloop
  endfacet
  facet normal -0.989177 0.146724 0
    outer loop
      vertex -17.458 3.47261 44.25
      vertex -17.7143 1.7447 12.25
      vertex -17.7143 1.7447 44.25
    endloop
  endfacet
  facet normal -0.146724 0.989177 0
    outer loop
      vertex -1.7447 17.7143 12.25
      vertex -3.47261 17.458 44.25
      vertex -1.7447 17.7143 44.25
    endloop
  endfacet
  facet normal -0.146724 0.989177 0
    outer loop
      vertex -3.47261 17.458 44.25
      vertex -1.7447 17.7143 12.25
      vertex -3.47261 17.458 12.25
    endloop
  endfacet
  facet normal -0.941558 -0.33685 0
    outer loop
      vertex -16.4451 -6.81176 12.25
      vertex -17.0335 -5.16707 44.25
      vertex -17.0335 -5.16707 12.25
    endloop
  endfacet
  facet normal -0.941558 -0.33685 0
    outer loop
      vertex -17.0335 -5.16707 44.25
      vertex -16.4451 -6.81176 12.25
      vertex -16.4451 -6.81176 44.25
    endloop
  endfacet
  facet normal 0.941558 0.33685 0
    outer loop
      vertex 17.0335 5.16707 44.25
      vertex 16.4451 6.81176 12.25
      vertex 16.4451 6.81176 44.25
    endloop
  endfacet
  facet normal 0.941558 0.33685 0
    outer loop
      vertex 16.4451 6.81176 12.25
      vertex 17.0335 5.16707 44.25
      vertex 17.0335 5.16707 12.25
    endloop
  endfacet
  facet normal -0.8032 -0.595709 0
    outer loop
      vertex -13.7596 -11.2922 12.25
      vertex -14.8002 -9.88915 44.25
      vertex -14.8002 -9.88915 12.25
    endloop
  endfacet
  facet normal -0.8032 -0.595709 0
    outer loop
      vertex -14.8002 -9.88915 44.25
      vertex -13.7596 -11.2922 12.25
      vertex -13.7596 -11.2922 44.25
    endloop
  endfacet
  facet normal -0.514086 -0.857739 0
    outer loop
      vertex -9.88915 -14.8002 12.25
      vertex -8.39086 -15.6982 44.25
      vertex -9.88915 -14.8002 44.25
    endloop
  endfacet
  facet normal -0.514086 -0.857739 -0
    outer loop
      vertex -8.39086 -15.6982 44.25
      vertex -9.88915 -14.8002 12.25
      vertex -8.39086 -15.6982 12.25
    endloop
  endfacet
  facet normal -0.671564 0.740947 0
    outer loop
      vertex -11.2922 13.7596 12.25
      vertex -12.5865 12.5865 44.25
      vertex -11.2922 13.7596 44.25
    endloop
  endfacet
  facet normal -0.671564 0.740947 0
    outer loop
      vertex -12.5865 12.5865 44.25
      vertex -11.2922 13.7596 12.25
      vertex -12.5865 12.5865 12.25
    endloop
  endfacet
  facet normal 0.427574 -0.90398 0
    outer loop
      vertex 6.81176 -16.4451 12.25
      vertex 8.39086 -15.6982 44.25
      vertex 6.81176 -16.4451 44.25
    endloop
  endfacet
  facet normal 0.427574 -0.90398 0
    outer loop
      vertex 8.39086 -15.6982 44.25
      vertex 6.81176 -16.4451 12.25
      vertex 8.39086 -15.6982 12.25
    endloop
  endfacet
  facet normal 0 0 1
    outer loop
      vertex 3 0 44.25
      vertex 17.8 0 44.25
      vertex 17.7143 1.7447 44.25
    endloop
  endfacet
  facet normal 0 0 1
    outer loop
      vertex 2.98555 0.294051 44.25
      vertex 17.7143 1.7447 44.25
      vertex 17.458 3.47261 44.25
    endloop
  endfacet
  facet normal 0 0 1
    outer loop
      vertex 17.8 0 44.25
      vertex 3 0 44.25
      vertex 17.7143 -1.7447 44.25
    endloop
  endfacet
  facet normal 0 0 1
    outer loop
      vertex 2.94236 0.585271 44.25
      vertex 17.458 3.47261 44.25
      vertex 17.0335 5.16707 44.25
    endloop
  endfacet
  facet normal -0 0 1
    outer loop
      vertex 2.98555 -0.294051 44.25
      vertex 17.7143 -1.7447 44.25
      vertex 3 0 44.25
    endloop
  endfacet
  facet normal 0 0 1
    outer loop
      vertex 2.87082 0.870853 44.25
      vertex 17.0335 5.16707 44.25
      vertex 16.4451 6.81176 44.25
    endloop
  endfacet
  facet normal 0 0 1
    outer loop
      vertex 17.7143 -1.7447 44.25
      vertex 2.98555 -0.294051 44.25
      vertex 17.458 -3.47261 44.25
    endloop
  endfacet
  facet normal 0 0 1
    outer loop
      vertex 2.77164 1.14805 44.25
      vertex 16.4451 6.81176 44.25
      vertex 15.6982 8.39086 44.25
    endloop
  endfacet
  facet normal -0 0 1
    outer loop
      vertex 2.94236 -0.585271 44.25
      vertex 17.458 -3.47261 44.25
      vertex 2.98555 -0.294051 44.25
    endloop
  endfacet
  facet normal 0 0 1
    outer loop
      vertex 2.64576 1.41419 44.25
      vertex 15.6982 8.39086 44.25
      vertex 14.8002 9.88915 44.25
    endloop
  endfacet
  facet normal 0 0 1
    outer loop
      vertex 17.458 -3.47261 44.25
      vertex 2.94236 -0.585271 44.25
      vertex 17.0335 -5.16707 44.25
    endloop
  endfacet
  facet normal 0 0 1
    outer loop
      vertex 2.49441 1.66671 44.25
      vertex 14.8002 9.88915 44.25
      vertex 13.7596 11.2922 44.25
    endloop
  endfacet
  facet normal -0 0 1
    outer loop
      vertex 2.87082 -0.870853 44.25
      vertex 17.0335 -5.16707 44.25
      vertex 2.94236 -0.585271 44.25
    endloop
  endfacet
  facet normal 0 0 1
    outer loop
      vertex 2.31903 1.90318 44.25
      vertex 13.7596 11.2922 44.25
      vertex 12.5865 12.5865 44.25
    endloop
  endfacet
  facet normal 0 0 1
    outer loop
      vertex 17.0335 -5.16707 44.25
      vertex 2.87082 -0.870853 44.25
      vertex 16.4451 -6.81176 44.25
    endloop
  endfacet
  facet normal 0 0 1
    outer loop
      vertex 2.12132 2.12132 44.25
      vertex 12.5865 12.5865 44.25
      vertex 11.2922 13.7596 44.25
    endloop
  endfacet
  facet normal -0 0 1
    outer loop
      vertex 2.77164 -1.14805 44.25
      vertex 16.4451 -6.81176 44.25
      vertex 2.87082 -0.870853 44.25
    endloop
  endfacet
  facet normal 0 0 1
    outer loop
      vertex 1.90318 2.31903 44.25
      vertex 11.2922 13.7596 44.25
      vertex 9.88915 14.8002 44.25
    endloop
  endfacet
  facet normal 0 0 1
    outer loop
      vertex 16.4451 -6.81176 44.25
      vertex 2.77164 -1.14805 44.25
      vertex 15.6982 -8.39086 44.25
    endloop
  endfacet
  facet normal 0 0 1
    outer loop
      vertex 1.66671 2.49441 44.25
      vertex 9.88915 14.8002 44.25
      vertex 8.39086 15.6982 44.25
    endloop
  endfacet
  facet normal -0 0 1
    outer loop
      vertex 2.64576 -1.41419 44.25
      vertex 15.6982 -8.39086 44.25
      vertex 2.77164 -1.14805 44.25
    endloop
  endfacet
  facet normal 0 0 1
    outer loop
      vertex 1.41419 2.64576 44.25
      vertex 8.39086 15.6982 44.25
      vertex 6.81176 16.4451 44.25
    endloop
  endfacet
  facet normal 0 0 1
    outer loop
      vertex 15.6982 -8.39086 44.25
      vertex 2.64576 -1.41419 44.25
      vertex 14.8002 -9.88915 44.25
    endloop
  endfacet
  facet normal 0 0 1
    outer loop
      vertex 1.14805 2.77164 44.25
      vertex 6.81176 16.4451 44.25
      vertex 5.16707 17.0335 44.25
    endloop
  endfacet
  facet normal -0 0 1
    outer loop
      vertex 2.49441 -1.66671 44.25
      vertex 14.8002 -9.88915 44.25
      vertex 2.64576 -1.41419 44.25
    endloop
  endfacet
  facet normal 0 0 1
    outer loop
      vertex 0.870853 2.87082 44.25
      vertex 5.16707 17.0335 44.25
      vertex 3.47261 17.458 44.25
    endloop
  endfacet
  facet normal 0 0 1
    outer loop
      vertex 14.8002 -9.88915 44.25
      vertex 2.49441 -1.66671 44.25
      vertex 13.7596 -11.2922 44.25
    endloop
  endfacet
  facet normal -0 0 1
    outer loop
      vertex 2.31903 -1.90318 44.25
      vertex 13.7596 -11.2922 44.25
      vertex 2.49441 -1.66671 44.25
    endloop
  endfacet
  facet normal 0 0 1
    outer loop
      vertex 17.7143 1.7447 44.25
      vertex 2.98555 0.294051 44.25
      vertex 3 0 44.25
    endloop
  endfacet
  facet normal 0 0 1
    outer loop
      vertex 17.458 3.47261 44.25
      vertex 2.94236 0.585271 44.25
      vertex 2.98555 0.294051 44.25
    endloop
  endfacet
  facet normal 0 0 1
    outer loop
      vertex 17.0335 5.16707 44.25
      vertex 2.87082 0.870853 44.25
      vertex 2.94236 0.585271 44.25
    endloop
  endfacet
  facet normal 0 0 1
    outer loop
      vertex 16.4451 6.81176 44.25
      vertex 2.77164 1.14805 44.25
      vertex 2.87082 0.870853 44.25
    endloop
  endfacet
  facet normal 0 0 1
    outer loop
      vertex 15.6982 8.39086 44.25
      vertex 2.64576 1.41419 44.25
      vertex 2.77164 1.14805 44.25
    endloop
  endfacet
  facet normal 0 0 1
    outer loop
      vertex 14.8002 9.88915 44.25
      vertex 2.49441 1.66671 44.25
      vertex 2.64576 1.41419 44.25
    endloop
  endfacet
  facet normal 0 0 1
    outer loop
      vertex 13.7596 11.2922 44.25
      vertex 2.31903 1.90318 44.25
      vertex 2.49441 1.66671 44.25
    endloop
  endfacet
  facet normal 0 0 1
    outer loop
      vertex 12.5865 12.5865 44.25
      vertex 2.12132 2.12132 44.25
      vertex 2.31903 1.90318 44.25
    endloop
  endfacet
  facet normal 0 0 1
    outer loop
      vertex 11.2922 13.7596 44.25
      vertex 1.90318 2.31903 44.25
      vertex 2.12132 2.12132 44.25
    endloop
  endfacet
  facet normal 0 0 1
    outer loop
      vertex 0.585271 2.94236 44.25
      vertex 3.47261 17.458 44.25
      vertex 1.7447 17.7143 44.25
    endloop
  endfacet
  facet normal 0 0 1
    outer loop
      vertex 9.88915 14.8002 44.25
      vertex 1.66671 2.49441 44.25
      vertex 1.90318 2.31903 44.25
    endloop
  endfacet
  facet normal 0 0 1
    outer loop
      vertex 8.39086 15.6982 44.25
      vertex 1.41419 2.64576 44.25
      vertex 1.66671 2.49441 44.25
    endloop
  endfacet
  facet normal 0 0 1
    outer loop
      vertex 6.81176 16.4451 44.25
      vertex 1.14805 2.77164 44.25
      vertex 1.41419 2.64576 44.25
    endloop
  endfacet
  facet normal 0 0 1
    outer loop
      vertex 5.16707 17.0335 44.25
      vertex 0.870853 2.87082 44.25
      vertex 1.14805 2.77164 44.25
    endloop
  endfacet
  facet normal 0 0 1
    outer loop
      vertex 3.47261 17.458 44.25
      vertex 0.585271 2.94236 44.25
      vertex 0.870853 2.87082 44.25
    endloop
  endfacet
  facet normal 0 0 1
    outer loop
      vertex 1.7447 17.7143 44.25
      vertex 0.294051 2.98555 44.25
      vertex 0.585271 2.94236 44.25
    endloop
  endfacet
  facet normal 0 0 1
    outer loop
      vertex 0 17.8 44.25
      vertex 0.294051 2.98555 44.25
      vertex 1.7447 17.7143 44.25
    endloop
  endfacet
  facet normal 0 0 1
    outer loop
      vertex 0 17.8 44.25
      vertex 0 3 44.25
      vertex 0.294051 2.98555 44.25
    endloop
  endfacet
  facet normal 0 0 1
    outer loop
      vertex 0 17.8 44.25
      vertex -0.294051 2.98555 44.25
      vertex 0 3 44.25
    endloop
  endfacet
  facet normal -0 0 1
    outer loop
      vertex -1.7447 17.7143 44.25
      vertex -0.294051 2.98555 44.25
      vertex 0 17.8 44.25
    endloop
  endfacet
  facet normal 0 0 1
    outer loop
      vertex -0.294051 2.98555 44.25
      vertex -1.7447 17.7143 44.25
      vertex -0.585271 2.94236 44.25
    endloop
  endfacet
  facet normal -0 0 1
    outer loop
      vertex -3.47261 17.458 44.25
      vertex -0.585271 2.94236 44.25
      vertex -1.7447 17.7143 44.25
    endloop
  endfacet
  facet normal 0 0 1
    outer loop
      vertex -0.585271 2.94236 44.25
      vertex -3.47261 17.458 44.25
      vertex -0.870853 2.87082 44.25
    endloop
  endfacet
  facet normal -0 0 1
    outer loop
      vertex -5.16707 17.0335 44.25
      vertex -0.870853 2.87082 44.25
      vertex -3.47261 17.458 44.25
    endloop
  endfacet
  facet normal 0 0 1
    outer loop
      vertex -0.870853 2.87082 44.25
      vertex -5.16707 17.0335 44.25
      vertex -1.14805 2.77164 44.25
    endloop
  endfacet
  facet normal -0 0 1
    outer loop
      vertex -6.81176 16.4451 44.25
      vertex -1.14805 2.77164 44.25
      vertex -5.16707 17.0335 44.25
    endloop
  endfacet
  facet normal 0 0 1
    outer loop
      vertex -1.14805 2.77164 44.25
      vertex -6.81176 16.4451 44.25
      vertex -1.41419 2.64576 44.25
    endloop
  endfacet
  facet normal -0 0 1
    outer loop
      vertex -8.39086 15.6982 44.25
      vertex -1.41419 2.64576 44.25
      vertex -6.81176 16.4451 44.25
    endloop
  endfacet
  facet normal 0 0 1
    outer loop
      vertex -1.41419 2.64576 44.25
      vertex -8.39086 15.6982 44.25
      vertex -1.66671 2.49441 44.25
    endloop
  endfacet
  facet normal -0 0 1
    outer loop
      vertex -9.88915 14.8002 44.25
      vertex -1.66671 2.49441 44.25
      vertex -8.39086 15.6982 44.25
    endloop
  endfacet
  facet normal 0 0 1
    outer loop
      vertex -1.66671 2.49441 44.25
      vertex -9.88915 14.8002 44.25
      vertex -1.90318 2.31903 44.25
    endloop
  endfacet
  facet normal -0 0 1
    outer loop
      vertex -11.2922 13.7596 44.25
      vertex -1.90318 2.31903 44.25
      vertex -9.88915 14.8002 44.25
    endloop
  endfacet
  facet normal 0 0 1
    outer loop
      vertex -1.90318 2.31903 44.25
      vertex -11.2922 13.7596 44.25
      vertex -2.12132 2.12132 44.25
    endloop
  endfacet
  facet normal -0 0 1
    outer loop
      vertex -12.5865 12.5865 44.25
      vertex -2.12132 2.12132 44.25
      vertex -11.2922 13.7596 44.25
    endloop
  endfacet
  facet normal -0 0 1
    outer loop
      vertex -13.7596 11.2922 44.25
      vertex -2.31903 1.90318 44.25
      vertex -12.5865 12.5865 44.25
    endloop
  endfacet
  facet normal 0 0 1
    outer loop
      vertex -2.12132 2.12132 44.25
      vertex -12.5865 12.5865 44.25
      vertex -2.31903 1.90318 44.25
    endloop
  endfacet
  facet normal 0 0 1
    outer loop
      vertex 13.7596 -11.2922 44.25
      vertex 2.31903 -1.90318 44.25
      vertex 12.5865 -12.5865 44.25
    endloop
  endfacet
  facet normal -0 0 1
    outer loop
      vertex 2.12132 -2.12132 44.25
      vertex 12.5865 -12.5865 44.25
      vertex 2.31903 -1.90318 44.25
    endloop
  endfacet
  facet normal 0 0 1
    outer loop
      vertex 12.5865 -12.5865 44.25
      vertex 2.12132 -2.12132 44.25
      vertex 11.2922 -13.7596 44.25
    endloop
  endfacet
  facet normal -0 0 1
    outer loop
      vertex 1.90318 -2.31903 44.25
      vertex 11.2922 -13.7596 44.25
      vertex 2.12132 -2.12132 44.25
    endloop
  endfacet
  facet normal 0 0 1
    outer loop
      vertex 11.2922 -13.7596 44.25
      vertex 1.90318 -2.31903 44.25
      vertex 9.88915 -14.8002 44.25
    endloop
  endfacet
  facet normal -0 0 1
    outer loop
      vertex 1.66671 -2.49441 44.25
      vertex 9.88915 -14.8002 44.25
      vertex 1.90318 -2.31903 44.25
    endloop
  endfacet
  facet normal 0 0 1
    outer loop
      vertex 9.88915 -14.8002 44.25
      vertex 1.66671 -2.49441 44.25
      vertex 8.39086 -15.6982 44.25
    endloop
  endfacet
  facet normal -0 0 1
    outer loop
      vertex 1.41419 -2.64576 44.25
      vertex 8.39086 -15.6982 44.25
      vertex 1.66671 -2.49441 44.25
    endloop
  endfacet
  facet normal 0 0 1
    outer loop
      vertex 8.39086 -15.6982 44.25
      vertex 1.41419 -2.64576 44.25
      vertex 6.81176 -16.4451 44.25
    endloop
  endfacet
  facet normal -0 0 1
    outer loop
      vertex 1.14805 -2.77164 44.25
      vertex 6.81176 -16.4451 44.25
      vertex 1.41419 -2.64576 44.25
    endloop
  endfacet
  facet normal 0 0 1
    outer loop
      vertex 6.81176 -16.4451 44.25
      vertex 1.14805 -2.77164 44.25
      vertex 5.16707 -17.0335 44.25
    endloop
  endfacet
  facet normal -0 0 1
    outer loop
      vertex 0.870853 -2.87082 44.25
      vertex 5.16707 -17.0335 44.25
      vertex 1.14805 -2.77164 44.25
    endloop
  endfacet
  facet normal 0 0 1
    outer loop
      vertex 5.16707 -17.0335 44.25
      vertex 0.870853 -2.87082 44.25
      vertex 3.47261 -17.458 44.25
    endloop
  endfacet
  facet normal -0 0 1
    outer loop
      vertex 0.585271 -2.94236 44.25
      vertex 3.47261 -17.458 44.25
      vertex 0.870853 -2.87082 44.25
    endloop
  endfacet
  facet normal 0 0 1
    outer loop
      vertex 3.47261 -17.458 44.25
      vertex 0.585271 -2.94236 44.25
      vertex 1.7447 -17.7143 44.25
    endloop
  endfacet
  facet normal -0 0 1
    outer loop
      vertex 0.294051 -2.98555 44.25
      vertex 1.7447 -17.7143 44.25
      vertex 0.585271 -2.94236 44.25
    endloop
  endfacet
  facet normal -0 0 1
    outer loop
      vertex 0 -3 44.25
      vertex 1.7447 -17.7143 44.25
      vertex 0.294051 -2.98555 44.25
    endloop
  endfacet
  facet normal 0 0 1
    outer loop
      vertex 0 -3 44.25
      vertex 0 -17.8 44.25
      vertex 1.7447 -17.7143 44.25
    endloop
  endfacet
  facet normal 0 0 1
    outer loop
      vertex -0.294051 -2.98555 44.25
      vertex 0 -17.8 44.25
      vertex 0 -3 44.25
    endloop
  endfacet
  facet normal 0 0 1
    outer loop
      vertex -1.7447 -17.7143 44.25
      vertex -0.294051 -2.98555 44.25
      vertex -0.585271 -2.94236 44.25
    endloop
  endfacet
  facet normal 0 0 1
    outer loop
      vertex -3.47261 -17.458 44.25
      vertex -0.585271 -2.94236 44.25
      vertex -0.870853 -2.87082 44.25
    endloop
  endfacet
  facet normal 0 0 1
    outer loop
      vertex -5.16707 -17.0335 44.25
      vertex -0.870853 -2.87082 44.25
      vertex -1.14805 -2.77164 44.25
    endloop
  endfacet
  facet normal 0 0 1
    outer loop
      vertex -6.81176 -16.4451 44.25
      vertex -1.14805 -2.77164 44.25
      vertex -1.41419 -2.64576 44.25
    endloop
  endfacet
  facet normal 0 0 1
    outer loop
      vertex -8.39086 -15.6982 44.25
      vertex -1.41419 -2.64576 44.25
      vertex -1.66671 -2.49441 44.25
    endloop
  endfacet
  facet normal 0 0 1
    outer loop
      vertex -0.294051 -2.98555 44.25
      vertex -1.7447 -17.7143 44.25
      vertex 0 -17.8 44.25
    endloop
  endfacet
  facet normal 0 0 1
    outer loop
      vertex -9.88915 -14.8002 44.25
      vertex -1.66671 -2.49441 44.25
      vertex -1.90318 -2.31903 44.25
    endloop
  endfacet
  facet normal 0 0 1
    outer loop
      vertex -11.2922 -13.7596 44.25
      vertex -1.90318 -2.31903 44.25
      vertex -2.12132 -2.12132 44.25
    endloop
  endfacet
  facet normal 0 0 1
    outer loop
      vertex -12.5865 -12.5865 44.25
      vertex -2.12132 -2.12132 44.25
      vertex -2.31903 -1.90318 44.25
    endloop
  endfacet
  facet normal 0 0 1
    outer loop
      vertex -13.7596 -11.2922 44.25
      vertex -2.31903 -1.90318 44.25
      vertex -2.49441 -1.66671 44.25
    endloop
  endfacet
  facet normal 0 0 1
    outer loop
      vertex -14.8002 -9.88915 44.25
      vertex -2.49441 -1.66671 44.25
      vertex -2.64576 -1.41419 44.25
    endloop
  endfacet
  facet normal 0 0 1
    outer loop
      vertex -15.6982 -8.39086 44.25
      vertex -2.64576 -1.41419 44.25
      vertex -2.77164 -1.14805 44.25
    endloop
  endfacet
  facet normal 0 0 1
    outer loop
      vertex -16.4451 -6.81176 44.25
      vertex -2.77164 -1.14805 44.25
      vertex -2.87082 -0.870853 44.25
    endloop
  endfacet
  facet normal 0 0 1
    outer loop
      vertex -17.0335 -5.16707 44.25
      vertex -2.87082 -0.870853 44.25
      vertex -2.94236 -0.585271 44.25
    endloop
  endfacet
  facet normal 0 0 1
    outer loop
      vertex -17.458 -3.47261 44.25
      vertex -2.94236 -0.585271 44.25
      vertex -2.98555 -0.294051 44.25
    endloop
  endfacet
  facet normal 0 0 1
    outer loop
      vertex -0.585271 -2.94236 44.25
      vertex -3.47261 -17.458 44.25
      vertex -1.7447 -17.7143 44.25
    endloop
  endfacet
  facet normal 0 0 1
    outer loop
      vertex -17.7143 -1.7447 44.25
      vertex -2.98555 -0.294051 44.25
      vertex -3 0 44.25
    endloop
  endfacet
  facet normal 0 0 1
    outer loop
      vertex -2.31903 1.90318 44.25
      vertex -13.7596 11.2922 44.25
      vertex -2.49441 1.66671 44.25
    endloop
  endfacet
  facet normal -0 0 1
    outer loop
      vertex -14.8002 9.88915 44.25
      vertex -2.49441 1.66671 44.25
      vertex -13.7596 11.2922 44.25
    endloop
  endfacet
  facet normal 0 0 1
    outer loop
      vertex -0.870853 -2.87082 44.25
      vertex -5.16707 -17.0335 44.25
      vertex -3.47261 -17.458 44.25
    endloop
  endfacet
  facet normal 0 0 1
    outer loop
      vertex -2.49441 1.66671 44.25
      vertex -14.8002 9.88915 44.25
      vertex -2.64576 1.41419 44.25
    endloop
  endfacet
  facet normal 0 0 1
    outer loop
      vertex -1.14805 -2.77164 44.25
      vertex -6.81176 -16.4451 44.25
      vertex -5.16707 -17.0335 44.25
    endloop
  endfacet
  facet normal -0 0 1
    outer loop
      vertex -15.6982 8.39086 44.25
      vertex -2.64576 1.41419 44.25
      vertex -14.8002 9.88915 44.25
    endloop
  endfacet
  facet normal 0 0 1
    outer loop
      vertex -1.41419 -2.64576 44.25
      vertex -8.39086 -15.6982 44.25
      vertex -6.81176 -16.4451 44.25
    endloop
  endfacet
  facet normal 0 0 1
    outer loop
      vertex -2.64576 1.41419 44.25
      vertex -15.6982 8.39086 44.25
      vertex -2.77164 1.14805 44.25
    endloop
  endfacet
  facet normal 0 0 1
    outer loop
      vertex -1.66671 -2.49441 44.25
      vertex -9.88915 -14.8002 44.25
      vertex -8.39086 -15.6982 44.25
    endloop
  endfacet
  facet normal -0 0 1
    outer loop
      vertex -16.4451 6.81176 44.25
      vertex -2.77164 1.14805 44.25
      vertex -15.6982 8.39086 44.25
    endloop
  endfacet
  facet normal 0 0 1
    outer loop
      vertex -1.90318 -2.31903 44.25
      vertex -11.2922 -13.7596 44.25
      vertex -9.88915 -14.8002 44.25
    endloop
  endfacet
  facet normal 0 0 1
    outer loop
      vertex -2.77164 1.14805 44.25
      vertex -16.4451 6.81176 44.25
      vertex -2.87082 0.870853 44.25
    endloop
  endfacet
  facet normal 0 0 1
    outer loop
      vertex -2.12132 -2.12132 44.25
      vertex -12.5865 -12.5865 44.25
      vertex -11.2922 -13.7596 44.25
    endloop
  endfacet
  facet normal -0 0 1
    outer loop
      vertex -17.0335 5.16707 44.25
      vertex -2.87082 0.870853 44.25
      vertex -16.4451 6.81176 44.25
    endloop
  endfacet
  facet normal 0 0 1
    outer loop
      vertex -2.31903 -1.90318 44.25
      vertex -13.7596 -11.2922 44.25
      vertex -12.5865 -12.5865 44.25
    endloop
  endfacet
  facet normal 0 0 1
    outer loop
      vertex -2.87082 0.870853 44.25
      vertex -17.0335 5.16707 44.25
      vertex -2.94236 0.585271 44.25
    endloop
  endfacet
  facet normal 0 0 1
    outer loop
      vertex -2.49441 -1.66671 44.25
      vertex -14.8002 -9.88915 44.25
      vertex -13.7596 -11.2922 44.25
    endloop
  endfacet
  facet normal -0 0 1
    outer loop
      vertex -17.458 3.47261 44.25
      vertex -2.94236 0.585271 44.25
      vertex -17.0335 5.16707 44.25
    endloop
  endfacet
  facet normal 0 0 1
    outer loop
      vertex -2.64576 -1.41419 44.25
      vertex -15.6982 -8.39086 44.25
      vertex -14.8002 -9.88915 44.25
    endloop
  endfacet
  facet normal 0 0 1
    outer loop
      vertex -2.94236 0.585271 44.25
      vertex -17.458 3.47261 44.25
      vertex -2.98555 0.294051 44.25
    endloop
  endfacet
  facet normal 0 0 1
    outer loop
      vertex -2.77164 -1.14805 44.25
      vertex -16.4451 -6.81176 44.25
      vertex -15.6982 -8.39086 44.25
    endloop
  endfacet
  facet normal -0 0 1
    outer loop
      vertex -17.7143 1.7447 44.25
      vertex -2.98555 0.294051 44.25
      vertex -17.458 3.47261 44.25
    endloop
  endfacet
  facet normal 0 0 1
    outer loop
      vertex -2.87082 -0.870853 44.25
      vertex -17.0335 -5.16707 44.25
      vertex -16.4451 -6.81176 44.25
    endloop
  endfacet
  facet normal 0 0 1
    outer loop
      vertex -2.98555 0.294051 44.25
      vertex -17.7143 1.7447 44.25
      vertex -3 0 44.25
    endloop
  endfacet
  facet normal 0 0 1
    outer loop
      vertex -2.94236 -0.585271 44.25
      vertex -17.458 -3.47261 44.25
      vertex -17.0335 -5.16707 44.25
    endloop
  endfacet
  facet normal 0 0 1
    outer loop
      vertex -17.8 0 44.25
      vertex -3 0 44.25
      vertex -17.7143 1.7447 44.25
    endloop
  endfacet
  facet normal 0 0 1
    outer loop
      vertex -2.98555 -0.294051 44.25
      vertex -17.7143 -1.7447 44.25
      vertex -17.458 -3.47261 44.25
    endloop
  endfacet
  facet normal 0 0 1
    outer loop
      vertex -3 0 44.25
      vertex -17.8 0 44.25
      vertex -17.7143 -1.7447 44.25
    endloop
  endfacet
  facet normal 0.33685 -0.941558 0
    outer loop
      vertex 5.16707 -17.0335 12.25
      vertex 6.81176 -16.4451 44.25
      vertex 5.16707 -17.0335 44.25
    endloop
  endfacet
  facet normal 0.33685 -0.941558 0
    outer loop
      vertex 6.81176 -16.4451 44.25
      vertex 5.16707 -17.0335 12.25
      vertex 6.81176 -16.4451 12.25
    endloop
  endfacet
  facet normal -0.941558 0.33685 0
    outer loop
      vertex -17.0335 5.16707 12.25
      vertex -16.4451 6.81176 44.25
      vertex -16.4451 6.81176 12.25
    endloop
  endfacet
  facet normal -0.941558 0.33685 0
    outer loop
      vertex -16.4451 6.81176 44.25
      vertex -17.0335 5.16707 12.25
      vertex -17.0335 5.16707 44.25
    endloop
  endfacet
  facet normal 0.941558 -0.33685 0
    outer loop
      vertex 16.4451 -6.81176 44.25
      vertex 17.0335 -5.16707 12.25
      vertex 17.0335 -5.16707 44.25
    endloop
  endfacet
  facet normal 0.941558 -0.33685 0
    outer loop
      vertex 17.0335 -5.16707 12.25
      vertex 16.4451 -6.81176 44.25
      vertex 16.4451 -6.81176 12.25
    endloop
  endfacet
  facet normal -0.970023 -0.243012 0
    outer loop
      vertex -17.0335 -5.16707 12.25
      vertex -17.458 -3.47261 44.25
      vertex -17.458 -3.47261 12.25
    endloop
  endfacet
  facet normal -0.970023 -0.243012 0
    outer loop
      vertex -17.458 -3.47261 44.25
      vertex -17.0335 -5.16707 12.25
      vertex -17.0335 -5.16707 44.25
    endloop
  endfacet
  facet normal 0.8032 -0.595709 0
    outer loop
      vertex 13.7596 -11.2922 44.25
      vertex 14.8002 -9.88915 12.25
      vertex 14.8002 -9.88915 44.25
    endloop
  endfacet
  facet normal 0.8032 -0.595709 0
    outer loop
      vertex 14.8002 -9.88915 12.25
      vertex 13.7596 -11.2922 44.25
      vertex 13.7596 -11.2922 12.25
    endloop
  endfacet
  facet normal -0.998796 -0.049061 0
    outer loop
      vertex -17.7143 -1.7447 12.25
      vertex -17.8 0 44.25
      vertex -17.8 0 12.25
    endloop
  endfacet
  facet normal -0.998796 -0.049061 0
    outer loop
      vertex -17.8 0 44.25
      vertex -17.7143 -1.7447 12.25
      vertex -17.7143 -1.7447 44.25
    endloop
  endfacet
  facet normal 0.427574 0.90398 -0
    outer loop
      vertex 8.39086 15.6982 12.25
      vertex 6.81176 16.4451 44.25
      vertex 8.39086 15.6982 44.25
    endloop
  endfacet
  facet normal 0.427574 0.90398 0
    outer loop
      vertex 6.81176 16.4451 44.25
      vertex 8.39086 15.6982 12.25
      vertex 6.81176 16.4451 12.25
    endloop
  endfacet
  facet normal -0.857739 0.514086 0
    outer loop
      vertex -15.6982 8.39086 12.25
      vertex -14.8002 9.88915 44.25
      vertex -14.8002 9.88915 12.25
    endloop
  endfacet
  facet normal -0.857739 0.514086 0
    outer loop
      vertex -14.8002 9.88915 44.25
      vertex -15.6982 8.39086 12.25
      vertex -15.6982 8.39086 44.25
    endloop
  endfacet
  facet normal 0.33685 0.941558 -0
    outer loop
      vertex 6.81176 16.4451 12.25
      vertex 5.16707 17.0335 44.25
      vertex 6.81176 16.4451 44.25
    endloop
  endfacet
  facet normal 0.33685 0.941558 0
    outer loop
      vertex 5.16707 17.0335 44.25
      vertex 6.81176 16.4451 12.25
      vertex 5.16707 17.0335 12.25
    endloop
  endfacet
  facet normal 0.90398 0.427574 0
    outer loop
      vertex 16.4451 6.81176 44.25
      vertex 15.6982 8.39086 12.25
      vertex 15.6982 8.39086 44.25
    endloop
  endfacet
  facet normal 0.90398 0.427574 0
    outer loop
      vertex 15.6982 8.39086 12.25
      vertex 16.4451 6.81176 44.25
      vertex 16.4451 6.81176 12.25
    endloop
  endfacet
  facet normal -0.33685 0.941558 0
    outer loop
      vertex -5.16707 17.0335 12.25
      vertex -6.81176 16.4451 44.25
      vertex -5.16707 17.0335 44.25
    endloop
  endfacet
  facet normal -0.33685 0.941558 0
    outer loop
      vertex -6.81176 16.4451 44.25
      vertex -5.16707 17.0335 12.25
      vertex -6.81176 16.4451 12.25
    endloop
  endfacet
  facet normal -0.740947 -0.671564 0
    outer loop
      vertex -12.5865 -12.5865 12.25
      vertex -13.7596 -11.2922 44.25
      vertex -13.7596 -11.2922 12.25
    endloop
  endfacet
  facet normal -0.740947 -0.671564 0
    outer loop
      vertex -13.7596 -11.2922 44.25
      vertex -12.5865 -12.5865 12.25
      vertex -12.5865 -12.5865 44.25
    endloop
  endfacet
  facet normal 0.740947 -0.671564 0
    outer loop
      vertex 12.5865 -12.5865 44.25
      vertex 13.7596 -11.2922 12.25
      vertex 13.7596 -11.2922 44.25
    endloop
  endfacet
  facet normal 0.740947 -0.671564 0
    outer loop
      vertex 13.7596 -11.2922 12.25
      vertex 12.5865 -12.5865 44.25
      vertex 12.5865 -12.5865 12.25
    endloop
  endfacet
  facet normal 0.740947 0.671564 0
    outer loop
      vertex 13.7596 11.2922 44.25
      vertex 12.5865 12.5865 12.25
      vertex 12.5865 12.5865 44.25
    endloop
  endfacet
  facet normal 0.740947 0.671564 0
    outer loop
      vertex 12.5865 12.5865 12.25
      vertex 13.7596 11.2922 44.25
      vertex 13.7596 11.2922 12.25
    endloop
  endfacet
  facet normal 0.146724 -0.989177 0
    outer loop
      vertex 1.7447 -17.7143 12.25
      vertex 3.47261 -17.458 44.25
      vertex 1.7447 -17.7143 44.25
    endloop
  endfacet
  facet normal 0.146724 -0.989177 0
    outer loop
      vertex 3.47261 -17.458 44.25
      vertex 1.7447 -17.7143 12.25
      vertex 3.47261 -17.458 12.25
    endloop
  endfacet
  facet normal 0.243012 -0.970023 0
    outer loop
      vertex 3.47261 -17.458 12.25
      vertex 5.16707 -17.0335 44.25
      vertex 3.47261 -17.458 44.25
    endloop
  endfacet
  facet normal 0.243012 -0.970023 0
    outer loop
      vertex 5.16707 -17.0335 44.25
      vertex 3.47261 -17.458 12.25
      vertex 5.16707 -17.0335 12.25
    endloop
  endfacet
  facet normal -0.146724 -0.989177 0
    outer loop
      vertex -3.47261 -17.458 12.25
      vertex -1.7447 -17.7143 44.25
      vertex -3.47261 -17.458 44.25
    endloop
  endfacet
  facet normal -0.146724 -0.989177 -0
    outer loop
      vertex -1.7447 -17.7143 44.25
      vertex -3.47261 -17.458 12.25
      vertex -1.7447 -17.7143 12.25
    endloop
  endfacet
  facet normal 0.514086 -0.857739 0
    outer loop
      vertex 8.39086 -15.6982 12.25
      vertex 9.88915 -14.8002 44.25
      vertex 8.39086 -15.6982 44.25
    endloop
  endfacet
  facet normal 0.514086 -0.857739 0
    outer loop
      vertex 9.88915 -14.8002 44.25
      vertex 8.39086 -15.6982 12.25
      vertex 9.88915 -14.8002 12.25
    endloop
  endfacet
  facet normal 0.049061 0.998796 -0
    outer loop
      vertex 1.7447 17.7143 12.25
      vertex 0 17.8 44.25
      vertex 1.7447 17.7143 44.25
    endloop
  endfacet
  facet normal 0.049061 0.998796 0
    outer loop
      vertex 0 17.8 44.25
      vertex 1.7447 17.7143 12.25
      vertex 0 17.8 12.25
    endloop
  endfacet
  facet normal -0.049061 0.998796 0
    outer loop
      vertex 0 17.8 12.25
      vertex -1.7447 17.7143 44.25
      vertex 0 17.8 44.25
    endloop
  endfacet
  facet normal -0.049061 0.998796 0
    outer loop
      vertex -1.7447 17.7143 44.25
      vertex 0 17.8 12.25
      vertex -1.7447 17.7143 12.25
    endloop
  endfacet
  facet normal -0.33685 -0.941558 0
    outer loop
      vertex -6.81176 -16.4451 12.25
      vertex -5.16707 -17.0335 44.25
      vertex -6.81176 -16.4451 44.25
    endloop
  endfacet
  facet normal -0.33685 -0.941558 -0
    outer loop
      vertex -5.16707 -17.0335 44.25
      vertex -6.81176 -16.4451 12.25
      vertex -5.16707 -17.0335 12.25
    endloop
  endfacet
  facet normal -0.998796 0.049061 0
    outer loop
      vertex -17.8 0 12.25
      vertex -17.7143 1.7447 44.25
      vertex -17.7143 1.7447 12.25
    endloop
  endfacet
  facet normal -0.998796 0.049061 0
    outer loop
      vertex -17.7143 1.7447 44.25
      vertex -17.8 0 12.25
      vertex -17.8 0 44.25
    endloop
  endfacet
  facet normal 0.514086 0.857739 -0
    outer loop
      vertex 9.88915 14.8002 12.25
      vertex 8.39086 15.6982 44.25
      vertex 9.88915 14.8002 44.25
    endloop
  endfacet
  facet normal 0.514086 0.857739 0
    outer loop
      vertex 8.39086 15.6982 44.25
      vertex 9.88915 14.8002 12.25
      vertex 8.39086 15.6982 12.25
    endloop
  endfacet
  facet normal 0.671564 -0.740947 0
    outer loop
      vertex 11.2922 -13.7596 12.25
      vertex 12.5865 -12.5865 44.25
      vertex 11.2922 -13.7596 44.25
    endloop
  endfacet
  facet normal 0.671564 -0.740947 0
    outer loop
      vertex 12.5865 -12.5865 44.25
      vertex 11.2922 -13.7596 12.25
      vertex 12.5865 -12.5865 12.25
    endloop
  endfacet
  facet normal 0.671564 0.740947 -0
    outer loop
      vertex 12.5865 12.5865 12.25
      vertex 11.2922 13.7596 44.25
      vertex 12.5865 12.5865 44.25
    endloop
  endfacet
  facet normal 0.671564 0.740947 0
    outer loop
      vertex 11.2922 13.7596 44.25
      vertex 12.5865 12.5865 12.25
      vertex 11.2922 13.7596 12.25
    endloop
  endfacet
  facet normal 0.049061 -0.998796 0
    outer loop
      vertex 0 -17.8 12.25
      vertex 1.7447 -17.7143 44.25
      vertex 0 -17.8 44.25
    endloop
  endfacet
  facet normal 0.049061 -0.998796 0
    outer loop
      vertex 1.7447 -17.7143 44.25
      vertex 0 -17.8 12.25
      vertex 1.7447 -17.7143 12.25
    endloop
  endfacet
  facet normal -0.514086 0.857739 0
    outer loop
      vertex -8.39086 15.6982 12.25
      vertex -9.88915 14.8002 44.25
      vertex -8.39086 15.6982 44.25
    endloop
  endfacet
  facet normal -0.514086 0.857739 0
    outer loop
      vertex -9.88915 14.8002 44.25
      vertex -8.39086 15.6982 12.25
      vertex -9.88915 14.8002 12.25
    endloop
  endfacet
  facet normal -0.595709 -0.8032 0
    outer loop
      vertex -11.2922 -13.7596 12.25
      vertex -9.88915 -14.8002 44.25
      vertex -11.2922 -13.7596 44.25
    endloop
  endfacet
  facet normal -0.595709 -0.8032 -0
    outer loop
      vertex -9.88915 -14.8002 44.25
      vertex -11.2922 -13.7596 12.25
      vertex -9.88915 -14.8002 12.25
    endloop
  endfacet
  facet normal -0.243012 0.970023 0
    outer loop
      vertex -3.47261 17.458 12.25
      vertex -5.16707 17.0335 44.25
      vertex -3.47261 17.458 44.25
    endloop
  endfacet
  facet normal -0.243012 0.970023 0
    outer loop
      vertex -5.16707 17.0335 44.25
      vertex -3.47261 17.458 12.25
      vertex -5.16707 17.0335 12.25
    endloop
  endfacet
  facet normal 0.595709 -0.8032 0
    outer loop
      vertex 9.88915 -14.8002 12.25
      vertex 11.2922 -13.7596 44.25
      vertex 9.88915 -14.8002 44.25
    endloop
  endfacet
  facet normal 0.595709 -0.8032 0
    outer loop
      vertex 11.2922 -13.7596 44.25
      vertex 9.88915 -14.8002 12.25
      vertex 11.2922 -13.7596 12.25
    endloop
  endfacet
  facet normal -0.857739 -0.514086 0
    outer loop
      vertex -14.8002 -9.88915 12.25
      vertex -15.6982 -8.39086 44.25
      vertex -15.6982 -8.39086 12.25
    endloop
  endfacet
  facet normal -0.857739 -0.514086 0
    outer loop
      vertex -15.6982 -8.39086 44.25
      vertex -14.8002 -9.88915 12.25
      vertex -14.8002 -9.88915 44.25
    endloop
  endfacet
  facet normal 0.970023 -0.243012 0
    outer loop
      vertex 17.0335 -5.16707 44.25
      vertex 17.458 -3.47261 12.25
      vertex 17.458 -3.47261 44.25
    endloop
  endfacet
  facet normal 0.970023 -0.243012 0
    outer loop
      vertex 17.458 -3.47261 12.25
      vertex 17.0335 -5.16707 44.25
      vertex 17.0335 -5.16707 12.25
    endloop
  endfacet
  facet normal 0.857739 0.514086 0
    outer loop
      vertex 15.6982 8.39086 44.25
      vertex 14.8002 9.88915 12.25
      vertex 14.8002 9.88915 44.25
    endloop
  endfacet
  facet normal 0.857739 0.514086 0
    outer loop
      vertex 14.8002 9.88915 12.25
      vertex 15.6982 8.39086 44.25
      vertex 15.6982 8.39086 12.25
    endloop
  endfacet
  facet normal 0.146724 0.989177 -0
    outer loop
      vertex 3.47261 17.458 12.25
      vertex 1.7447 17.7143 44.25
      vertex 3.47261 17.458 44.25
    endloop
  endfacet
  facet normal 0.146724 0.989177 0
    outer loop
      vertex 1.7447 17.7143 44.25
      vertex 3.47261 17.458 12.25
      vertex 1.7447 17.7143 12.25
    endloop
  endfacet
  facet normal 0.243012 0.970023 -0
    outer loop
      vertex 5.16707 17.0335 12.25
      vertex 3.47261 17.458 44.25
      vertex 5.16707 17.0335 44.25
    endloop
  endfacet
  facet normal 0.243012 0.970023 0
    outer loop
      vertex 3.47261 17.458 44.25
      vertex 5.16707 17.0335 12.25
      vertex 3.47261 17.458 12.25
    endloop
  endfacet
  facet normal -0.989177 -0.146724 0
    outer loop
      vertex -17.458 -3.47261 12.25
      vertex -17.7143 -1.7447 44.25
      vertex -17.7143 -1.7447 12.25
    endloop
  endfacet
  facet normal -0.989177 -0.146724 0
    outer loop
      vertex -17.7143 -1.7447 44.25
      vertex -17.458 -3.47261 12.25
      vertex -17.458 -3.47261 44.25
    endloop
  endfacet
  facet normal -0.427574 0.90398 0
    outer loop
      vertex -6.81176 16.4451 12.25
      vertex -8.39086 15.6982 44.25
      vertex -6.81176 16.4451 44.25
    endloop
  endfacet
  facet normal -0.427574 0.90398 0
    outer loop
      vertex -8.39086 15.6982 44.25
      vertex -6.81176 16.4451 12.25
      vertex -8.39086 15.6982 12.25
    endloop
  endfacet
  facet normal -0.243012 -0.970023 0
    outer loop
      vertex -5.16707 -17.0335 12.25
      vertex -3.47261 -17.458 44.25
      vertex -5.16707 -17.0335 44.25
    endloop
  endfacet
  facet normal -0.243012 -0.970023 -0
    outer loop
      vertex -3.47261 -17.458 44.25
      vertex -5.16707 -17.0335 12.25
      vertex -3.47261 -17.458 12.25
    endloop
  endfacet
  facet normal -0.970023 0.243012 0
    outer loop
      vertex -17.458 3.47261 12.25
      vertex -17.0335 5.16707 44.25
      vertex -17.0335 5.16707 12.25
    endloop
  endfacet
  facet normal -0.970023 0.243012 0
    outer loop
      vertex -17.0335 5.16707 44.25
      vertex -17.458 3.47261 12.25
      vertex -17.458 3.47261 44.25
    endloop
  endfacet
  facet normal -0.049061 -0.998796 0
    outer loop
      vertex -1.7447 -17.7143 12.25
      vertex 0 -17.8 44.25
      vertex -1.7447 -17.7143 44.25
    endloop
  endfacet
  facet normal -0.049061 -0.998796 -0
    outer loop
      vertex 0 -17.8 44.25
      vertex -1.7447 -17.7143 12.25
      vertex 0 -17.8 12.25
    endloop
  endfacet
  facet normal 0.857739 -0.514086 0
    outer loop
      vertex 14.8002 -9.88915 44.25
      vertex 15.6982 -8.39086 12.25
      vertex 15.6982 -8.39086 44.25
    endloop
  endfacet
  facet normal 0.857739 -0.514086 0
    outer loop
      vertex 15.6982 -8.39086 12.25
      vertex 14.8002 -9.88915 44.25
      vertex 14.8002 -9.88915 12.25
    endloop
  endfacet
  facet normal -0.427574 -0.90398 0
    outer loop
      vertex -8.39086 -15.6982 12.25
      vertex -6.81176 -16.4451 44.25
      vertex -8.39086 -15.6982 44.25
    endloop
  endfacet
  facet normal -0.427574 -0.90398 -0
    outer loop
      vertex -6.81176 -16.4451 44.25
      vertex -8.39086 -15.6982 12.25
      vertex -6.81176 -16.4451 12.25
    endloop
  endfacet
  facet normal 0.90398 -0.427574 0
    outer loop
      vertex 15.6982 -8.39086 44.25
      vertex 16.4451 -6.81176 12.25
      vertex 16.4451 -6.81176 44.25
    endloop
  endfacet
  facet normal 0.90398 -0.427574 0
    outer loop
      vertex 16.4451 -6.81176 12.25
      vertex 15.6982 -8.39086 44.25
      vertex 15.6982 -8.39086 12.25
    endloop
  endfacet
  facet normal 0 0 -1
    outer loop
      vertex 17.7143 -1.7447 12.25
      vertex 17.7143 1.7447 12.25
      vertex 17.8 0 12.25
    endloop
  endfacet
  facet normal 0 0 -1
    outer loop
      vertex 17.458 -3.47261 12.25
      vertex 17.7143 1.7447 12.25
      vertex 17.7143 -1.7447 12.25
    endloop
  endfacet
  facet normal 0 0 -1
    outer loop
      vertex 17.458 -3.47261 12.25
      vertex 17.458 3.47261 12.25
      vertex 17.7143 1.7447 12.25
    endloop
  endfacet
  facet normal 0 0 -1
    outer loop
      vertex 17.0335 -5.16707 12.25
      vertex 17.458 3.47261 12.25
      vertex 17.458 -3.47261 12.25
    endloop
  endfacet
  facet normal 0 0 -1
    outer loop
      vertex 17.0335 -5.16707 12.25
      vertex 17.0335 5.16707 12.25
      vertex 17.458 3.47261 12.25
    endloop
  endfacet
  facet normal 0 0 -1
    outer loop
      vertex 16.4451 -6.81176 12.25
      vertex 17.0335 5.16707 12.25
      vertex 17.0335 -5.16707 12.25
    endloop
  endfacet
  facet normal 0 0 -1
    outer loop
      vertex 16.4451 -6.81176 12.25
      vertex 16.4451 6.81176 12.25
      vertex 17.0335 5.16707 12.25
    endloop
  endfacet
  facet normal 0 0 -1
    outer loop
      vertex 15.6982 -8.39086 12.25
      vertex 16.4451 6.81176 12.25
      vertex 16.4451 -6.81176 12.25
    endloop
  endfacet
  facet normal 0 0 -1
    outer loop
      vertex 15.6982 -8.39086 12.25
      vertex 15.6982 8.39086 12.25
      vertex 16.4451 6.81176 12.25
    endloop
  endfacet
  facet normal 0 0 -1
    outer loop
      vertex 14.8002 -9.88915 12.25
      vertex 15.6982 8.39086 12.25
      vertex 15.6982 -8.39086 12.25
    endloop
  endfacet
  facet normal 0 0 -1
    outer loop
      vertex 14.8002 -9.88915 12.25
      vertex 14.8002 9.88915 12.25
      vertex 15.6982 8.39086 12.25
    endloop
  endfacet
  facet normal 0 0 -1
    outer loop
      vertex 13.7596 -11.2922 12.25
      vertex 14.8002 9.88915 12.25
      vertex 14.8002 -9.88915 12.25
    endloop
  endfacet
  facet normal 0 0 -1
    outer loop
      vertex 13.7596 -11.2922 12.25
      vertex 13.7596 11.2922 12.25
      vertex 14.8002 9.88915 12.25
    endloop
  endfacet
  facet normal 0 0 -1
    outer loop
      vertex 12.5865 -12.5865 12.25
      vertex 13.7596 11.2922 12.25
      vertex 13.7596 -11.2922 12.25
    endloop
  endfacet
  facet normal 0 0 -1
    outer loop
      vertex 12.5865 -12.5865 12.25
      vertex 12.5865 12.5865 12.25
      vertex 13.7596 11.2922 12.25
    endloop
  endfacet
  facet normal 0 0 -1
    outer loop
      vertex 11.2922 -13.7596 12.25
      vertex 12.5865 12.5865 12.25
      vertex 12.5865 -12.5865 12.25
    endloop
  endfacet
  facet normal 0 0 -1
    outer loop
      vertex 11.2922 -13.7596 12.25
      vertex 11.2922 13.7596 12.25
      vertex 12.5865 12.5865 12.25
    endloop
  endfacet
  facet normal 0 0 -1
    outer loop
      vertex 9.88915 -14.8002 12.25
      vertex 11.2922 13.7596 12.25
      vertex 11.2922 -13.7596 12.25
    endloop
  endfacet
  facet normal 0 0 -1
    outer loop
      vertex 9.88915 -14.8002 12.25
      vertex 9.88915 14.8002 12.25
      vertex 11.2922 13.7596 12.25
    endloop
  endfacet
  facet normal 0 0 -1
    outer loop
      vertex 8.39086 -15.6982 12.25
      vertex 9.88915 14.8002 12.25
      vertex 9.88915 -14.8002 12.25
    endloop
  endfacet
  facet normal 0 0 -1
    outer loop
      vertex 8.39086 -15.6982 12.25
      vertex 8.39086 15.6982 12.25
      vertex 9.88915 14.8002 12.25
    endloop
  endfacet
  facet normal 0 0 -1
    outer loop
      vertex 6.81176 -16.4451 12.25
      vertex 8.39086 15.6982 12.25
      vertex 8.39086 -15.6982 12.25
    endloop
  endfacet
  facet normal 0 0 -1
    outer loop
      vertex 6.81176 -16.4451 12.25
      vertex 6.81176 16.4451 12.25
      vertex 8.39086 15.6982 12.25
    endloop
  endfacet
  facet normal 0 0 -1
    outer loop
      vertex 5.16707 -17.0335 12.25
      vertex 6.81176 16.4451 12.25
      vertex 6.81176 -16.4451 12.25
    endloop
  endfacet
  facet normal 0 0 -1
    outer loop
      vertex 5.16707 -17.0335 12.25
      vertex 5.16707 17.0335 12.25
      vertex 6.81176 16.4451 12.25
    endloop
  endfacet
  facet normal 0 0 -1
    outer loop
      vertex 3.47261 -17.458 12.25
      vertex 5.16707 17.0335 12.25
      vertex 5.16707 -17.0335 12.25
    endloop
  endfacet
  facet normal 0 0 -1
    outer loop
      vertex 3.47261 -17.458 12.25
      vertex 3.47261 17.458 12.25
      vertex 5.16707 17.0335 12.25
    endloop
  endfacet
  facet normal 0 0 -1
    outer loop
      vertex 1.7447 -17.7143 12.25
      vertex 3.47261 17.458 12.25
      vertex 3.47261 -17.458 12.25
    endloop
  endfacet
  facet normal 0 0 -1
    outer loop
      vertex 1.7447 -17.7143 12.25
      vertex 1.7447 17.7143 12.25
      vertex 3.47261 17.458 12.25
    endloop
  endfacet
  facet normal 0 0 -1
    outer loop
      vertex 0 -17.8 12.25
      vertex 1.7447 17.7143 12.25
      vertex 1.7447 -17.7143 12.25
    endloop
  endfacet
  facet normal 0 0 -1
    outer loop
      vertex 0 -17.8 12.25
      vertex 0 17.8 12.25
      vertex 1.7447 17.7143 12.25
    endloop
  endfacet
  facet normal 0 0 -1
    outer loop
      vertex -1.7447 -17.7143 12.25
      vertex 0 17.8 12.25
      vertex 0 -17.8 12.25
    endloop
  endfacet
  facet normal 0 0 -1
    outer loop
      vertex -1.7447 -17.7143 12.25
      vertex -1.7447 17.7143 12.25
      vertex 0 17.8 12.25
    endloop
  endfacet
  facet normal 0 0 -1
    outer loop
      vertex -3.47261 -17.458 12.25
      vertex -1.7447 17.7143 12.25
      vertex -1.7447 -17.7143 12.25
    endloop
  endfacet
  facet normal 0 0 -1
    outer loop
      vertex -3.47261 -17.458 12.25
      vertex -3.47261 17.458 12.25
      vertex -1.7447 17.7143 12.25
    endloop
  endfacet
  facet normal 0 0 -1
    outer loop
      vertex -5.16707 -17.0335 12.25
      vertex -3.47261 17.458 12.25
      vertex -3.47261 -17.458 12.25
    endloop
  endfacet
  facet normal 0 0 -1
    outer loop
      vertex -5.16707 -17.0335 12.25
      vertex -5.16707 17.0335 12.25
      vertex -3.47261 17.458 12.25
    endloop
  endfacet
  facet normal 0 0 -1
    outer loop
      vertex -6.81176 -16.4451 12.25
      vertex -5.16707 17.0335 12.25
      vertex -5.16707 -17.0335 12.25
    endloop
  endfacet
  facet normal 0 0 -1
    outer loop
      vertex -6.81176 -16.4451 12.25
      vertex -6.81176 16.4451 12.25
      vertex -5.16707 17.0335 12.25
    endloop
  endfacet
  facet normal 0 0 -1
    outer loop
      vertex -8.39086 -15.6982 12.25
      vertex -6.81176 16.4451 12.25
      vertex -6.81176 -16.4451 12.25
    endloop
  endfacet
  facet normal 0 0 -1
    outer loop
      vertex -8.39086 -15.6982 12.25
      vertex -8.39086 15.6982 12.25
      vertex -6.81176 16.4451 12.25
    endloop
  endfacet
  facet normal 0 0 -1
    outer loop
      vertex -9.88915 -14.8002 12.25
      vertex -8.39086 15.6982 12.25
      vertex -8.39086 -15.6982 12.25
    endloop
  endfacet
  facet normal 0 0 -1
    outer loop
      vertex -9.88915 -14.8002 12.25
      vertex -9.88915 14.8002 12.25
      vertex -8.39086 15.6982 12.25
    endloop
  endfacet
  facet normal 0 0 -1
    outer loop
      vertex -11.2922 -13.7596 12.25
      vertex -9.88915 14.8002 12.25
      vertex -9.88915 -14.8002 12.25
    endloop
  endfacet
  facet normal 0 0 -1
    outer loop
      vertex -11.2922 -13.7596 12.25
      vertex -11.2922 13.7596 12.25
      vertex -9.88915 14.8002 12.25
    endloop
  endfacet
  facet normal 0 0 -1
    outer loop
      vertex -12.5865 -12.5865 12.25
      vertex -11.2922 13.7596 12.25
      vertex -11.2922 -13.7596 12.25
    endloop
  endfacet
  facet normal 0 0 -1
    outer loop
      vertex -12.5865 -12.5865 12.25
      vertex -12.5865 12.5865 12.25
      vertex -11.2922 13.7596 12.25
    endloop
  endfacet
  facet normal 0 0 -1
    outer loop
      vertex -13.7596 -11.2922 12.25
      vertex -12.5865 12.5865 12.25
      vertex -12.5865 -12.5865 12.25
    endloop
  endfacet
  facet normal 0 0 -1
    outer loop
      vertex -13.7596 -11.2922 12.25
      vertex -13.7596 11.2922 12.25
      vertex -12.5865 12.5865 12.25
    endloop
  endfacet
  facet normal 0 0 -1
    outer loop
      vertex -14.8002 -9.88915 12.25
      vertex -13.7596 11.2922 12.25
      vertex -13.7596 -11.2922 12.25
    endloop
  endfacet
  facet normal 0 0 -1
    outer loop
      vertex -14.8002 -9.88915 12.25
      vertex -14.8002 9.88915 12.25
      vertex -13.7596 11.2922 12.25
    endloop
  endfacet
  facet normal 0 0 -1
    outer loop
      vertex -15.6982 -8.39086 12.25
      vertex -14.8002 9.88915 12.25
      vertex -14.8002 -9.88915 12.25
    endloop
  endfacet
  facet normal 0 0 -1
    outer loop
      vertex -15.6982 -8.39086 12.25
      vertex -15.6982 8.39086 12.25
      vertex -14.8002 9.88915 12.25
    endloop
  endfacet
  facet normal 0 0 -1
    outer loop
      vertex -16.4451 -6.81176 12.25
      vertex -15.6982 8.39086 12.25
      vertex -15.6982 -8.39086 12.25
    endloop
  endfacet
  facet normal 0 0 -1
    outer loop
      vertex -16.4451 -6.81176 12.25
      vertex -16.4451 6.81176 12.25
      vertex -15.6982 8.39086 12.25
    endloop
  endfacet
  facet normal 0 0 -1
    outer loop
      vertex -17.0335 -5.16707 12.25
      vertex -16.4451 6.81176 12.25
      vertex -16.4451 -6.81176 12.25
    endloop
  endfacet
  facet normal 0 0 -1
    outer loop
      vertex -17.0335 -5.16707 12.25
      vertex -17.0335 5.16707 12.25
      vertex -16.4451 6.81176 12.25
    endloop
  endfacet
  facet normal 0 0 -1
    outer loop
      vertex -17.458 -3.47261 12.25
      vertex -17.0335 5.16707 12.25
      vertex -17.0335 -5.16707 12.25
    endloop
  endfacet
  facet normal 0 0 -1
    outer loop
      vertex -17.458 -3.47261 12.25
      vertex -17.458 3.47261 12.25
      vertex -17.0335 5.16707 12.25
    endloop
  endfacet
  facet normal 0 0 -1
    outer loop
      vertex -17.7143 -1.7447 12.25
      vertex -17.458 3.47261 12.25
      vertex -17.458 -3.47261 12.25
    endloop
  endfacet
  facet normal 0 0 -1
    outer loop
      vertex -17.7143 -1.7447 12.25
      vertex -17.7143 1.7447 12.25
      vertex -17.458 3.47261 12.25
    endloop
  endfacet
  facet normal 0 -0 -1
    outer loop
      vertex -17.7143 1.7447 12.25
      vertex -17.7143 -1.7447 12.25
      vertex -17.8 0 12.25
    endloop
  endfacet
  facet normal -0.90398 0.427574 0
    outer loop
      vertex -16.4451 6.81176 12.25
      vertex -15.6982 8.39086 44.25
      vertex -15.6982 8.39086 12.25
    endloop
  endfacet
  facet normal -0.90398 0.427574 0
    outer loop
      vertex -15.6982 8.39086 44.25
      vertex -16.4451 6.81176 12.25
      vertex -16.4451 6.81176 44.25
    endloop
  endfacet
  facet normal -0.595709 0.8032 0
    outer loop
      vertex -9.88915 14.8002 12.25
      vertex -11.2922 13.7596 44.25
      vertex -9.88915 14.8002 44.25
    endloop
  endfacet
  facet normal -0.595709 0.8032 0
    outer loop
      vertex -11.2922 13.7596 44.25
      vertex -9.88915 14.8002 12.25
      vertex -11.2922 13.7596 12.25
    endloop
  endfacet
  facet normal -0.90398 -0.427574 0
    outer loop
      vertex -15.6982 -8.39086 12.25
      vertex -16.4451 -6.81176 44.25
      vertex -16.4451 -6.81176 12.25
    endloop
  endfacet
  facet normal -0.90398 -0.427574 0
    outer loop
      vertex -16.4451 -6.81176 44.25
      vertex -15.6982 -8.39086 12.25
      vertex -15.6982 -8.39086 44.25
    endloop
  endfacet
  facet normal -0.671564 -0.740947 0
    outer loop
      vertex -12.5865 -12.5865 12.25
      vertex -11.2922 -13.7596 44.25
      vertex -12.5865 -12.5865 44.25
    endloop
  endfacet
  facet normal -0.671564 -0.740947 -0
    outer loop
      vertex -11.2922 -13.7596 44.25
      vertex -12.5865 -12.5865 12.25
      vertex -11.2922 -13.7596 12.25
    endloop
  endfacet
  facet normal 0.989181 0.146703 0
    outer loop
      vertex 2.98555 0.294051 58.95
      vertex 2.94236 0.585271 44.25
      vertex 2.94236 0.585271 58.95
    endloop
  endfacet
  facet normal 0.989181 0.146703 0
    outer loop
      vertex 2.94236 0.585271 44.25
      vertex 2.98555 0.294051 58.95
      vertex 2.98555 0.294051 44.25
    endloop
  endfacet
  facet normal 0.998795 0.0490819 0
    outer loop
      vertex 3 0 58.95
      vertex 2.98555 0.294051 44.25
      vertex 2.98555 0.294051 58.95
    endloop
  endfacet
  facet normal 0.998795 0.0490819 0
    outer loop
      vertex 2.98555 0.294051 44.25
      vertex 3 0 58.95
      vertex 3 0 44.25
    endloop
  endfacet
  facet normal 0.970027 0.242998 0
    outer loop
      vertex 2.94236 0.585271 58.95
      vertex 2.87082 0.870853 44.25
      vertex 2.87082 0.870853 58.95
    endloop
  endfacet
  facet normal 0.970027 0.242998 0
    outer loop
      vertex 2.87082 0.870853 44.25
      vertex 2.94236 0.585271 58.95
      vertex 2.94236 0.585271 44.25
    endloop
  endfacet
  facet normal 0.336882 -0.941547 0
    outer loop
      vertex 0.870853 -2.87082 44.25
      vertex 1.14805 -2.77164 58.95
      vertex 0.870853 -2.87082 58.95
    endloop
  endfacet
  facet normal 0.336882 -0.941547 0
    outer loop
      vertex 1.14805 -2.77164 58.95
      vertex 0.870853 -2.87082 44.25
      vertex 1.14805 -2.77164 44.25
    endloop
  endfacet
  facet normal 0.857736 0.514091 0
    outer loop
      vertex 2.64576 1.41419 58.95
      vertex 2.49441 1.66671 44.25
      vertex 2.49441 1.66671 58.95
    endloop
  endfacet
  facet normal 0.857736 0.514091 0
    outer loop
      vertex 2.49441 1.66671 44.25
      vertex 2.64576 1.41419 58.95
      vertex 2.64576 1.41419 44.25
    endloop
  endfacet
  facet normal 0.242998 0.970027 -0
    outer loop
      vertex 0.870853 2.87082 44.25
      vertex 0.585271 2.94236 58.95
      vertex 0.870853 2.87082 58.95
    endloop
  endfacet
  facet normal 0.242998 0.970027 0
    outer loop
      vertex 0.585271 2.94236 58.95
      vertex 0.870853 2.87082 44.25
      vertex 0.585271 2.94236 44.25
    endloop
  endfacet
  facet normal -0.740952 0.671558 0
    outer loop
      vertex -2.31903 1.90318 44.25
      vertex -2.12132 2.12132 58.95
      vertex -2.12132 2.12132 44.25
    endloop
  endfacet
  facet normal -0.740952 0.671558 0
    outer loop
      vertex -2.12132 2.12132 58.95
      vertex -2.31903 1.90318 44.25
      vertex -2.31903 1.90318 58.95
    endloop
  endfacet
  facet normal 0.0490819 -0.998795 0
    outer loop
      vertex 0 -3 44.25
      vertex 0.294051 -2.98555 58.95
      vertex 0 -3 58.95
    endloop
  endfacet
  facet normal 0.0490819 -0.998795 0
    outer loop
      vertex 0.294051 -2.98555 58.95
      vertex 0 -3 44.25
      vertex 0.294051 -2.98555 44.25
    endloop
  endfacet
  facet normal 0.427569 0.903983 -0
    outer loop
      vertex 1.41419 2.64576 44.25
      vertex 1.14805 2.77164 58.95
      vertex 1.41419 2.64576 58.95
    endloop
  endfacet
  facet normal 0.427569 0.903983 0
    outer loop
      vertex 1.14805 2.77164 58.95
      vertex 1.41419 2.64576 44.25
      vertex 1.14805 2.77164 44.25
    endloop
  endfacet
  facet normal 0.671558 0.740952 -0
    outer loop
      vertex 2.12132 2.12132 44.25
      vertex 1.90318 2.31903 58.95
      vertex 2.12132 2.12132 58.95
    endloop
  endfacet
  facet normal 0.671558 0.740952 0
    outer loop
      vertex 1.90318 2.31903 58.95
      vertex 2.12132 2.12132 44.25
      vertex 1.90318 2.31903 44.25
    endloop
  endfacet
  facet normal -0.595703 -0.803204 0
    outer loop
      vertex -1.90318 -2.31903 44.25
      vertex -1.66671 -2.49441 58.95
      vertex -1.90318 -2.31903 58.95
    endloop
  endfacet
  facet normal -0.595703 -0.803204 -0
    outer loop
      vertex -1.66671 -2.49441 58.95
      vertex -1.90318 -2.31903 44.25
      vertex -1.66671 -2.49441 44.25
    endloop
  endfacet
  facet normal 0.242998 -0.970027 0
    outer loop
      vertex 0.585271 -2.94236 44.25
      vertex 0.870853 -2.87082 58.95
      vertex 0.585271 -2.94236 58.95
    endloop
  endfacet
  facet normal 0.242998 -0.970027 0
    outer loop
      vertex 0.870853 -2.87082 58.95
      vertex 0.585271 -2.94236 44.25
      vertex 0.870853 -2.87082 44.25
    endloop
  endfacet
  facet normal 0.989181 -0.146703 0
    outer loop
      vertex 2.94236 -0.585271 58.95
      vertex 2.98555 -0.294051 44.25
      vertex 2.98555 -0.294051 58.95
    endloop
  endfacet
  facet normal 0.989181 -0.146703 0
    outer loop
      vertex 2.98555 -0.294051 44.25
      vertex 2.94236 -0.585271 58.95
      vertex 2.94236 -0.585271 44.25
    endloop
  endfacet
  facet normal -0.242998 -0.970027 0
    outer loop
      vertex -0.870853 -2.87082 44.25
      vertex -0.585271 -2.94236 58.95
      vertex -0.870853 -2.87082 58.95
    endloop
  endfacet
  facet normal -0.242998 -0.970027 -0
    outer loop
      vertex -0.585271 -2.94236 58.95
      vertex -0.870853 -2.87082 44.25
      vertex -0.585271 -2.94236 44.25
    endloop
  endfacet
  facet normal -0.595703 0.803204 0
    outer loop
      vertex -1.66671 2.49441 44.25
      vertex -1.90318 2.31903 58.95
      vertex -1.66671 2.49441 58.95
    endloop
  endfacet
  facet normal -0.595703 0.803204 0
    outer loop
      vertex -1.90318 2.31903 58.95
      vertex -1.66671 2.49441 44.25
      vertex -1.90318 2.31903 44.25
    endloop
  endfacet
  facet normal -0.998795 -0.0490819 0
    outer loop
      vertex -2.98555 -0.294051 44.25
      vertex -3 0 58.95
      vertex -3 0 44.25
    endloop
  endfacet
  facet normal -0.998795 -0.0490819 0
    outer loop
      vertex -3 0 58.95
      vertex -2.98555 -0.294051 44.25
      vertex -2.98555 -0.294051 58.95
    endloop
  endfacet
  facet normal -0.970027 -0.242998 0
    outer loop
      vertex -2.87082 -0.870853 44.25
      vertex -2.94236 -0.585271 58.95
      vertex -2.94236 -0.585271 44.25
    endloop
  endfacet
  facet normal -0.970027 -0.242998 0
    outer loop
      vertex -2.94236 -0.585271 58.95
      vertex -2.87082 -0.870853 44.25
      vertex -2.87082 -0.870853 58.95
    endloop
  endfacet
  facet normal 0.970027 -0.242998 0
    outer loop
      vertex 2.87082 -0.870853 58.95
      vertex 2.94236 -0.585271 44.25
      vertex 2.94236 -0.585271 58.95
    endloop
  endfacet
  facet normal 0.970027 -0.242998 0
    outer loop
      vertex 2.94236 -0.585271 44.25
      vertex 2.87082 -0.870853 58.95
      vertex 2.87082 -0.870853 44.25
    endloop
  endfacet
  facet normal -0.514091 0.857736 0
    outer loop
      vertex -1.41419 2.64576 44.25
      vertex -1.66671 2.49441 58.95
      vertex -1.41419 2.64576 58.95
    endloop
  endfacet
  facet normal -0.514091 0.857736 0
    outer loop
      vertex -1.66671 2.49441 58.95
      vertex -1.41419 2.64576 44.25
      vertex -1.66671 2.49441 44.25
    endloop
  endfacet
  facet normal 0.595703 0.803204 -0
    outer loop
      vertex 1.90318 2.31903 44.25
      vertex 1.66671 2.49441 58.95
      vertex 1.90318 2.31903 58.95
    endloop
  endfacet
  facet normal 0.595703 0.803204 0
    outer loop
      vertex 1.66671 2.49441 58.95
      vertex 1.90318 2.31903 44.25
      vertex 1.66671 2.49441 44.25
    endloop
  endfacet
  facet normal -0.0490819 0.998795 0
    outer loop
      vertex 0 3 44.25
      vertex -0.294051 2.98555 58.95
      vertex 0 3 58.95
    endloop
  endfacet
  facet normal -0.0490819 0.998795 0
    outer loop
      vertex -0.294051 2.98555 58.95
      vertex 0 3 44.25
      vertex -0.294051 2.98555 44.25
    endloop
  endfacet
  facet normal -0.903983 -0.427569 0
    outer loop
      vertex -2.64576 -1.41419 44.25
      vertex -2.77164 -1.14805 58.95
      vertex -2.77164 -1.14805 44.25
    endloop
  endfacet
  facet normal -0.903983 -0.427569 0
    outer loop
      vertex -2.77164 -1.14805 58.95
      vertex -2.64576 -1.41419 44.25
      vertex -2.64576 -1.41419 58.95
    endloop
  endfacet
  facet normal 0.941547 -0.336882 0
    outer loop
      vertex 2.77164 -1.14805 58.95
      vertex 2.87082 -0.870853 44.25
      vertex 2.87082 -0.870853 58.95
    endloop
  endfacet
  facet normal 0.941547 -0.336882 0
    outer loop
      vertex 2.87082 -0.870853 44.25
      vertex 2.77164 -1.14805 58.95
      vertex 2.77164 -1.14805 44.25
    endloop
  endfacet
  facet normal 0.146703 0.989181 -0
    outer loop
      vertex 0.585271 2.94236 44.25
      vertex 0.294051 2.98555 58.95
      vertex 0.585271 2.94236 58.95
    endloop
  endfacet
  facet normal 0.146703 0.989181 0
    outer loop
      vertex 0.294051 2.98555 58.95
      vertex 0.585271 2.94236 44.25
      vertex 0.294051 2.98555 44.25
    endloop
  endfacet
  facet normal -0.427569 0.903983 0
    outer loop
      vertex -1.14805 2.77164 44.25
      vertex -1.41419 2.64576 58.95
      vertex -1.14805 2.77164 58.95
    endloop
  endfacet
  facet normal -0.427569 0.903983 0
    outer loop
      vertex -1.41419 2.64576 58.95
      vertex -1.14805 2.77164 44.25
      vertex -1.41419 2.64576 44.25
    endloop
  endfacet
  facet normal 0.514091 0.857736 -0
    outer loop
      vertex 1.66671 2.49441 44.25
      vertex 1.41419 2.64576 58.95
      vertex 1.66671 2.49441 58.95
    endloop
  endfacet
  facet normal 0.514091 0.857736 0
    outer loop
      vertex 1.41419 2.64576 58.95
      vertex 1.66671 2.49441 44.25
      vertex 1.41419 2.64576 44.25
    endloop
  endfacet
  facet normal 0.427569 -0.903983 0
    outer loop
      vertex 1.14805 -2.77164 44.25
      vertex 1.41419 -2.64576 58.95
      vertex 1.14805 -2.77164 58.95
    endloop
  endfacet
  facet normal 0.427569 -0.903983 0
    outer loop
      vertex 1.41419 -2.64576 58.95
      vertex 1.14805 -2.77164 44.25
      vertex 1.41419 -2.64576 44.25
    endloop
  endfacet
  facet normal -0.941547 -0.336882 0
    outer loop
      vertex -2.77164 -1.14805 44.25
      vertex -2.87082 -0.870853 58.95
      vertex -2.87082 -0.870853 44.25
    endloop
  endfacet
  facet normal -0.941547 -0.336882 0
    outer loop
      vertex -2.87082 -0.870853 58.95
      vertex -2.77164 -1.14805 44.25
      vertex -2.77164 -1.14805 58.95
    endloop
  endfacet
  facet normal 0.857736 -0.514091 0
    outer loop
      vertex 2.49441 -1.66671 58.95
      vertex 2.64576 -1.41419 44.25
      vertex 2.64576 -1.41419 58.95
    endloop
  endfacet
  facet normal 0.857736 -0.514091 0
    outer loop
      vertex 2.64576 -1.41419 44.25
      vertex 2.49441 -1.66671 58.95
      vertex 2.49441 -1.66671 44.25
    endloop
  endfacet
  facet normal 0.903983 -0.427569 0
    outer loop
      vertex 2.64576 -1.41419 58.95
      vertex 2.77164 -1.14805 44.25
      vertex 2.77164 -1.14805 58.95
    endloop
  endfacet
  facet normal 0.903983 -0.427569 0
    outer loop
      vertex 2.77164 -1.14805 44.25
      vertex 2.64576 -1.41419 58.95
      vertex 2.64576 -1.41419 44.25
    endloop
  endfacet
  facet normal 0.998795 -0.0490819 0
    outer loop
      vertex 2.98555 -0.294051 58.95
      vertex 3 0 44.25
      vertex 3 0 58.95
    endloop
  endfacet
  facet normal 0.998795 -0.0490819 0
    outer loop
      vertex 3 0 44.25
      vertex 2.98555 -0.294051 58.95
      vertex 2.98555 -0.294051 44.25
    endloop
  endfacet
  facet normal -0.146703 0.989181 0
    outer loop
      vertex -0.294051 2.98555 44.25
      vertex -0.585271 2.94236 58.95
      vertex -0.294051 2.98555 58.95
    endloop
  endfacet
  facet normal -0.146703 0.989181 0
    outer loop
      vertex -0.585271 2.94236 58.95
      vertex -0.294051 2.98555 44.25
      vertex -0.585271 2.94236 44.25
    endloop
  endfacet
  facet normal 0.146703 -0.989181 0
    outer loop
      vertex 0.294051 -2.98555 44.25
      vertex 0.585271 -2.94236 58.95
      vertex 0.294051 -2.98555 58.95
    endloop
  endfacet
  facet normal 0.146703 -0.989181 0
    outer loop
      vertex 0.585271 -2.94236 58.95
      vertex 0.294051 -2.98555 44.25
      vertex 0.585271 -2.94236 44.25
    endloop
  endfacet
  facet normal 0.941547 0.336882 0
    outer loop
      vertex 2.87082 0.870853 58.95
      vertex 2.77164 1.14805 44.25
      vertex 2.77164 1.14805 58.95
    endloop
  endfacet
  facet normal 0.941547 0.336882 0
    outer loop
      vertex 2.77164 1.14805 44.25
      vertex 2.87082 0.870853 58.95
      vertex 2.87082 0.870853 44.25
    endloop
  endfacet
  facet normal 0.740952 -0.671558 0
    outer loop
      vertex 2.12132 -2.12132 58.95
      vertex 2.31903 -1.90318 44.25
      vertex 2.31903 -1.90318 58.95
    endloop
  endfacet
  facet normal 0.740952 -0.671558 0
    outer loop
      vertex 2.31903 -1.90318 44.25
      vertex 2.12132 -2.12132 58.95
      vertex 2.12132 -2.12132 44.25
    endloop
  endfacet
  facet normal 0.803204 -0.595703 0
    outer loop
      vertex 2.31903 -1.90318 58.95
      vertex 2.49441 -1.66671 44.25
      vertex 2.49441 -1.66671 58.95
    endloop
  endfacet
  facet normal 0.803204 -0.595703 0
    outer loop
      vertex 2.49441 -1.66671 44.25
      vertex 2.31903 -1.90318 58.95
      vertex 2.31903 -1.90318 44.25
    endloop
  endfacet
  facet normal -0.242998 0.970027 0
    outer loop
      vertex -0.585271 2.94236 44.25
      vertex -0.870853 2.87082 58.95
      vertex -0.585271 2.94236 58.95
    endloop
  endfacet
  facet normal -0.242998 0.970027 0
    outer loop
      vertex -0.870853 2.87082 58.95
      vertex -0.585271 2.94236 44.25
      vertex -0.870853 2.87082 44.25
    endloop
  endfacet
  facet normal 0.803204 0.595703 0
    outer loop
      vertex 2.49441 1.66671 58.95
      vertex 2.31903 1.90318 44.25
      vertex 2.31903 1.90318 58.95
    endloop
  endfacet
  facet normal 0.803204 0.595703 0
    outer loop
      vertex 2.31903 1.90318 44.25
      vertex 2.49441 1.66671 58.95
      vertex 2.49441 1.66671 44.25
    endloop
  endfacet
  facet normal 0.0490819 0.998795 -0
    outer loop
      vertex 0.294051 2.98555 44.25
      vertex 0 3 58.95
      vertex 0.294051 2.98555 58.95
    endloop
  endfacet
  facet normal 0.0490819 0.998795 0
    outer loop
      vertex 0 3 58.95
      vertex 0.294051 2.98555 44.25
      vertex 0 3 44.25
    endloop
  endfacet
  facet normal 0.903983 0.427569 0
    outer loop
      vertex 2.77164 1.14805 58.95
      vertex 2.64576 1.41419 44.25
      vertex 2.64576 1.41419 58.95
    endloop
  endfacet
  facet normal 0.903983 0.427569 0
    outer loop
      vertex 2.64576 1.41419 44.25
      vertex 2.77164 1.14805 58.95
      vertex 2.77164 1.14805 44.25
    endloop
  endfacet
  facet normal -0.857736 0.514091 0
    outer loop
      vertex -2.64576 1.41419 44.25
      vertex -2.49441 1.66671 58.95
      vertex -2.49441 1.66671 44.25
    endloop
  endfacet
  facet normal -0.857736 0.514091 0
    outer loop
      vertex -2.49441 1.66671 58.95
      vertex -2.64576 1.41419 44.25
      vertex -2.64576 1.41419 58.95
    endloop
  endfacet
  facet normal -0.671558 0.740952 0
    outer loop
      vertex -1.90318 2.31903 44.25
      vertex -2.12132 2.12132 58.95
      vertex -1.90318 2.31903 58.95
    endloop
  endfacet
  facet normal -0.671558 0.740952 0
    outer loop
      vertex -2.12132 2.12132 58.95
      vertex -1.90318 2.31903 44.25
      vertex -2.12132 2.12132 44.25
    endloop
  endfacet
  facet normal -0.857736 -0.514091 0
    outer loop
      vertex -2.49441 -1.66671 44.25
      vertex -2.64576 -1.41419 58.95
      vertex -2.64576 -1.41419 44.25
    endloop
  endfacet
  facet normal -0.857736 -0.514091 0
    outer loop
      vertex -2.64576 -1.41419 58.95
      vertex -2.49441 -1.66671 44.25
      vertex -2.49441 -1.66671 58.95
    endloop
  endfacet
  facet normal -0.427569 -0.903983 0
    outer loop
      vertex -1.41419 -2.64576 44.25
      vertex -1.14805 -2.77164 58.95
      vertex -1.41419 -2.64576 58.95
    endloop
  endfacet
  facet normal -0.427569 -0.903983 -0
    outer loop
      vertex -1.14805 -2.77164 58.95
      vertex -1.41419 -2.64576 44.25
      vertex -1.14805 -2.77164 44.25
    endloop
  endfacet
  facet normal -0.740952 -0.671558 0
    outer loop
      vertex -2.12132 -2.12132 44.25
      vertex -2.31903 -1.90318 58.95
      vertex -2.31903 -1.90318 44.25
    endloop
  endfacet
  facet normal -0.740952 -0.671558 0
    outer loop
      vertex -2.31903 -1.90318 58.95
      vertex -2.12132 -2.12132 44.25
      vertex -2.12132 -2.12132 58.95
    endloop
  endfacet
  facet normal -0.336882 0.941547 0
    outer loop
      vertex -0.870853 2.87082 44.25
      vertex -1.14805 2.77164 58.95
      vertex -0.870853 2.87082 58.95
    endloop
  endfacet
  facet normal -0.336882 0.941547 0
    outer loop
      vertex -1.14805 2.77164 58.95
      vertex -0.870853 2.87082 44.25
      vertex -1.14805 2.77164 44.25
    endloop
  endfacet
  facet normal -0.514091 -0.857736 0
    outer loop
      vertex -1.66671 -2.49441 44.25
      vertex -1.41419 -2.64576 58.95
      vertex -1.66671 -2.49441 58.95
    endloop
  endfacet
  facet normal -0.514091 -0.857736 -0
    outer loop
      vertex -1.41419 -2.64576 58.95
      vertex -1.66671 -2.49441 44.25
      vertex -1.41419 -2.64576 44.25
    endloop
  endfacet
  facet normal 0.740952 0.671558 0
    outer loop
      vertex 2.31903 1.90318 58.95
      vertex 2.12132 2.12132 44.25
      vertex 2.12132 2.12132 58.95
    endloop
  endfacet
  facet normal 0.740952 0.671558 0
    outer loop
      vertex 2.12132 2.12132 44.25
      vertex 2.31903 1.90318 58.95
      vertex 2.31903 1.90318 44.25
    endloop
  endfacet
  facet normal 0.595703 -0.803204 0
    outer loop
      vertex 1.66671 -2.49441 44.25
      vertex 1.90318 -2.31903 58.95
      vertex 1.66671 -2.49441 58.95
    endloop
  endfacet
  facet normal 0.595703 -0.803204 0
    outer loop
      vertex 1.90318 -2.31903 58.95
      vertex 1.66671 -2.49441 44.25
      vertex 1.90318 -2.31903 44.25
    endloop
  endfacet
  facet normal -0.970027 0.242998 0
    outer loop
      vertex -2.94236 0.585271 44.25
      vertex -2.87082 0.870853 58.95
      vertex -2.87082 0.870853 44.25
    endloop
  endfacet
  facet normal -0.970027 0.242998 0
    outer loop
      vertex -2.87082 0.870853 58.95
      vertex -2.94236 0.585271 44.25
      vertex -2.94236 0.585271 58.95
    endloop
  endfacet
  facet normal -0.941547 0.336882 0
    outer loop
      vertex -2.87082 0.870853 44.25
      vertex -2.77164 1.14805 58.95
      vertex -2.77164 1.14805 44.25
    endloop
  endfacet
  facet normal -0.941547 0.336882 0
    outer loop
      vertex -2.77164 1.14805 58.95
      vertex -2.87082 0.870853 44.25
      vertex -2.87082 0.870853 58.95
    endloop
  endfacet
  facet normal 0.336882 0.941547 -0
    outer loop
      vertex 1.14805 2.77164 44.25
      vertex 0.870853 2.87082 58.95
      vertex 1.14805 2.77164 58.95
    endloop
  endfacet
  facet normal 0.336882 0.941547 0
    outer loop
      vertex 0.870853 2.87082 58.95
      vertex 1.14805 2.77164 44.25
      vertex 0.870853 2.87082 44.25
    endloop
  endfacet
  facet normal -0.803204 -0.595703 0
    outer loop
      vertex -2.31903 -1.90318 44.25
      vertex -2.49441 -1.66671 58.95
      vertex -2.49441 -1.66671 44.25
    endloop
  endfacet
  facet normal -0.803204 -0.595703 0
    outer loop
      vertex -2.49441 -1.66671 58.95
      vertex -2.31903 -1.90318 44.25
      vertex -2.31903 -1.90318 58.95
    endloop
  endfacet
  facet normal -0.989181 -0.146703 0
    outer loop
      vertex -2.94236 -0.585271 44.25
      vertex -2.98555 -0.294051 58.95
      vertex -2.98555 -0.294051 44.25
    endloop
  endfacet
  facet normal -0.989181 -0.146703 0
    outer loop
      vertex -2.98555 -0.294051 58.95
      vertex -2.94236 -0.585271 44.25
      vertex -2.94236 -0.585271 58.95
    endloop
  endfacet
  facet normal -0.903983 0.427569 0
    outer loop
      vertex -2.77164 1.14805 44.25
      vertex -2.64576 1.41419 58.95
      vertex -2.64576 1.41419 44.25
    endloop
  endfacet
  facet normal -0.903983 0.427569 0
    outer loop
      vertex -2.64576 1.41419 58.95
      vertex -2.77164 1.14805 44.25
      vertex -2.77164 1.14805 58.95
    endloop
  endfacet
  facet normal 0.514091 -0.857736 0
    outer loop
      vertex 1.41419 -2.64576 44.25
      vertex 1.66671 -2.49441 58.95
      vertex 1.41419 -2.64576 58.95
    endloop
  endfacet
  facet normal 0.514091 -0.857736 0
    outer loop
      vertex 1.66671 -2.49441 58.95
      vertex 1.41419 -2.64576 44.25
      vertex 1.66671 -2.49441 44.25
    endloop
  endfacet
  facet normal -0.671558 -0.740952 0
    outer loop
      vertex -2.12132 -2.12132 44.25
      vertex -1.90318 -2.31903 58.95
      vertex -2.12132 -2.12132 58.95
    endloop
  endfacet
  facet normal -0.671558 -0.740952 -0
    outer loop
      vertex -1.90318 -2.31903 58.95
      vertex -2.12132 -2.12132 44.25
      vertex -1.90318 -2.31903 44.25
    endloop
  endfacet
  facet normal -0.803204 0.595703 0
    outer loop
      vertex -2.49441 1.66671 44.25
      vertex -2.31903 1.90318 58.95
      vertex -2.31903 1.90318 44.25
    endloop
  endfacet
  facet normal -0.803204 0.595703 0
    outer loop
      vertex -2.31903 1.90318 58.95
      vertex -2.49441 1.66671 44.25
      vertex -2.49441 1.66671 58.95
    endloop
  endfacet
  facet normal -0.0490819 -0.998795 0
    outer loop
      vertex -0.294051 -2.98555 44.25
      vertex 0 -3 58.95
      vertex -0.294051 -2.98555 58.95
    endloop
  endfacet
  facet normal -0.0490819 -0.998795 -0
    outer loop
      vertex 0 -3 58.95
      vertex -0.294051 -2.98555 44.25
      vertex 0 -3 44.25
    endloop
  endfacet
  facet normal -0.146703 -0.989181 0
    outer loop
      vertex -0.585271 -2.94236 44.25
      vertex -0.294051 -2.98555 58.95
      vertex -0.585271 -2.94236 58.95
    endloop
  endfacet
  facet normal -0.146703 -0.989181 -0
    outer loop
      vertex -0.294051 -2.98555 58.95
      vertex -0.585271 -2.94236 44.25
      vertex -0.294051 -2.98555 44.25
    endloop
  endfacet
  facet normal -0.989181 0.146703 0
    outer loop
      vertex -2.98555 0.294051 44.25
      vertex -2.94236 0.585271 58.95
      vertex -2.94236 0.585271 44.25
    endloop
  endfacet
  facet normal -0.989181 0.146703 0
    outer loop
      vertex -2.94236 0.585271 58.95
      vertex -2.98555 0.294051 44.25
      vertex -2.98555 0.294051 58.95
    endloop
  endfacet
  facet normal -0.998795 0.0490819 0
    outer loop
      vertex -3 0 44.25
      vertex -2.98555 0.294051 58.95
      vertex -2.98555 0.294051 44.25
    endloop
  endfacet
  facet normal -0.998795 0.0490819 0
    outer loop
      vertex -2.98555 0.294051 58.95
      vertex -3 0 44.25
      vertex -3 0 58.95
    endloop
  endfacet
  facet normal -0.336882 -0.941547 0
    outer loop
      vertex -1.14805 -2.77164 44.25
      vertex -0.870853 -2.87082 58.95
      vertex -1.14805 -2.77164 58.95
    endloop
  endfacet
  facet normal -0.336882 -0.941547 -0
    outer loop
      vertex -0.870853 -2.87082 58.95
      vertex -1.14805 -2.77164 44.25
      vertex -0.870853 -2.87082 44.25
    endloop
  endfacet
  facet normal 0.671558 -0.740952 0
    outer loop
      vertex 1.90318 -2.31903 44.25
      vertex 2.12132 -2.12132 58.95
      vertex 1.90318 -2.31903 58.95
    endloop
  endfacet
  facet normal 0.671558 -0.740952 0
    outer loop
      vertex 2.12132 -2.12132 58.95
      vertex 1.90318 -2.31903 44.25
      vertex 2.12132 -2.12132 44.25
    endloop
  endfacet
  facet normal 0 0 1
    outer loop
      vertex 2.98555 0.294051 58.95
      vertex 2.98555 -0.294051 58.95
      vertex 3 0 58.95
    endloop
  endfacet
  facet normal 0 0 1
    outer loop
      vertex 2.94236 0.585271 58.95
      vertex 2.98555 -0.294051 58.95
      vertex 2.98555 0.294051 58.95
    endloop
  endfacet
  facet normal 0 0 1
    outer loop
      vertex 2.94236 0.585271 58.95
      vertex 2.94236 -0.585271 58.95
      vertex 2.98555 -0.294051 58.95
    endloop
  endfacet
  facet normal 0 0 1
    outer loop
      vertex 2.87082 0.870853 58.95
      vertex 2.94236 -0.585271 58.95
      vertex 2.94236 0.585271 58.95
    endloop
  endfacet
  facet normal 0 0 1
    outer loop
      vertex 2.87082 0.870853 58.95
      vertex 2.87082 -0.870853 58.95
      vertex 2.94236 -0.585271 58.95
    endloop
  endfacet
  facet normal 0 0 1
    outer loop
      vertex 2.77164 1.14805 58.95
      vertex 2.87082 -0.870853 58.95
      vertex 2.87082 0.870853 58.95
    endloop
  endfacet
  facet normal 0 0 1
    outer loop
      vertex 2.77164 1.14805 58.95
      vertex 2.77164 -1.14805 58.95
      vertex 2.87082 -0.870853 58.95
    endloop
  endfacet
  facet normal 0 0 1
    outer loop
      vertex 2.64576 1.41419 58.95
      vertex 2.77164 -1.14805 58.95
      vertex 2.77164 1.14805 58.95
    endloop
  endfacet
  facet normal 0 0 1
    outer loop
      vertex 2.64576 1.41419 58.95
      vertex 2.64576 -1.41419 58.95
      vertex 2.77164 -1.14805 58.95
    endloop
  endfacet
  facet normal 0 0 1
    outer loop
      vertex 2.49441 1.66671 58.95
      vertex 2.64576 -1.41419 58.95
      vertex 2.64576 1.41419 58.95
    endloop
  endfacet
  facet normal 0 0 1
    outer loop
      vertex 2.49441 1.66671 58.95
      vertex 2.49441 -1.66671 58.95
      vertex 2.64576 -1.41419 58.95
    endloop
  endfacet
  facet normal 0 0 1
    outer loop
      vertex 2.31903 1.90318 58.95
      vertex 2.49441 -1.66671 58.95
      vertex 2.49441 1.66671 58.95
    endloop
  endfacet
  facet normal 0 0 1
    outer loop
      vertex 2.31903 1.90318 58.95
      vertex 2.31903 -1.90318 58.95
      vertex 2.49441 -1.66671 58.95
    endloop
  endfacet
  facet normal 0 0 1
    outer loop
      vertex 2.12132 2.12132 58.95
      vertex 2.31903 -1.90318 58.95
      vertex 2.31903 1.90318 58.95
    endloop
  endfacet
  facet normal 0 0 1
    outer loop
      vertex 2.12132 2.12132 58.95
      vertex 2.12132 -2.12132 58.95
      vertex 2.31903 -1.90318 58.95
    endloop
  endfacet
  facet normal 0 0 1
    outer loop
      vertex 1.90318 2.31903 58.95
      vertex 2.12132 -2.12132 58.95
      vertex 2.12132 2.12132 58.95
    endloop
  endfacet
  facet normal 0 0 1
    outer loop
      vertex 1.90318 2.31903 58.95
      vertex 1.90318 -2.31903 58.95
      vertex 2.12132 -2.12132 58.95
    endloop
  endfacet
  facet normal 0 0 1
    outer loop
      vertex 1.66671 2.49441 58.95
      vertex 1.90318 -2.31903 58.95
      vertex 1.90318 2.31903 58.95
    endloop
  endfacet
  facet normal 0 0 1
    outer loop
      vertex 1.66671 2.49441 58.95
      vertex 1.66671 -2.49441 58.95
      vertex 1.90318 -2.31903 58.95
    endloop
  endfacet
  facet normal 0 0 1
    outer loop
      vertex 1.41419 2.64576 58.95
      vertex 1.66671 -2.49441 58.95
      vertex 1.66671 2.49441 58.95
    endloop
  endfacet
  facet normal 0 0 1
    outer loop
      vertex 1.41419 2.64576 58.95
      vertex 1.41419 -2.64576 58.95
      vertex 1.66671 -2.49441 58.95
    endloop
  endfacet
  facet normal 0 0 1
    outer loop
      vertex 1.14805 2.77164 58.95
      vertex 1.41419 -2.64576 58.95
      vertex 1.41419 2.64576 58.95
    endloop
  endfacet
  facet normal 0 0 1
    outer loop
      vertex 1.14805 2.77164 58.95
      vertex 1.14805 -2.77164 58.95
      vertex 1.41419 -2.64576 58.95
    endloop
  endfacet
  facet normal 0 0 1
    outer loop
      vertex 0.870853 2.87082 58.95
      vertex 1.14805 -2.77164 58.95
      vertex 1.14805 2.77164 58.95
    endloop
  endfacet
  facet normal 0 0 1
    outer loop
      vertex 0.870853 2.87082 58.95
      vertex 0.870853 -2.87082 58.95
      vertex 1.14805 -2.77164 58.95
    endloop
  endfacet
  facet normal 0 0 1
    outer loop
      vertex 0.585271 2.94236 58.95
      vertex 0.870853 -2.87082 58.95
      vertex 0.870853 2.87082 58.95
    endloop
  endfacet
  facet normal 0 0 1
    outer loop
      vertex 0.585271 2.94236 58.95
      vertex 0.585271 -2.94236 58.95
      vertex 0.870853 -2.87082 58.95
    endloop
  endfacet
  facet normal 0 0 1
    outer loop
      vertex 0.294051 2.98555 58.95
      vertex 0.585271 -2.94236 58.95
      vertex 0.585271 2.94236 58.95
    endloop
  endfacet
  facet normal 0 0 1
    outer loop
      vertex 0.294051 2.98555 58.95
      vertex 0.294051 -2.98555 58.95
      vertex 0.585271 -2.94236 58.95
    endloop
  endfacet
  facet normal 0 0 1
    outer loop
      vertex 0 3 58.95
      vertex 0.294051 -2.98555 58.95
      vertex 0.294051 2.98555 58.95
    endloop
  endfacet
  facet normal 0 0 1
    outer loop
      vertex 0 3 58.95
      vertex 0 -3 58.95
      vertex 0.294051 -2.98555 58.95
    endloop
  endfacet
  facet normal -0 0 1
    outer loop
      vertex -0.294051 2.98555 58.95
      vertex 0 -3 58.95
      vertex 0 3 58.95
    endloop
  endfacet
  facet normal 0 0 1
    outer loop
      vertex -0.294051 2.98555 58.95
      vertex -0.294051 -2.98555 58.95
      vertex 0 -3 58.95
    endloop
  endfacet
  facet normal -0 0 1
    outer loop
      vertex -0.585271 2.94236 58.95
      vertex -0.294051 -2.98555 58.95
      vertex -0.294051 2.98555 58.95
    endloop
  endfacet
  facet normal 0 0 1
    outer loop
      vertex -0.585271 2.94236 58.95
      vertex -0.585271 -2.94236 58.95
      vertex -0.294051 -2.98555 58.95
    endloop
  endfacet
  facet normal -0 0 1
    outer loop
      vertex -0.870853 2.87082 58.95
      vertex -0.585271 -2.94236 58.95
      vertex -0.585271 2.94236 58.95
    endloop
  endfacet
  facet normal 0 0 1
    outer loop
      vertex -0.870853 2.87082 58.95
      vertex -0.870853 -2.87082 58.95
      vertex -0.585271 -2.94236 58.95
    endloop
  endfacet
  facet normal -0 0 1
    outer loop
      vertex -1.14805 2.77164 58.95
      vertex -0.870853 -2.87082 58.95
      vertex -0.870853 2.87082 58.95
    endloop
  endfacet
  facet normal 0 0 1
    outer loop
      vertex -1.14805 2.77164 58.95
      vertex -1.14805 -2.77164 58.95
      vertex -0.870853 -2.87082 58.95
    endloop
  endfacet
  facet normal -0 0 1
    outer loop
      vertex -1.41419 2.64576 58.95
      vertex -1.14805 -2.77164 58.95
      vertex -1.14805 2.77164 58.95
    endloop
  endfacet
  facet normal 0 0 1
    outer loop
      vertex -1.41419 2.64576 58.95
      vertex -1.41419 -2.64576 58.95
      vertex -1.14805 -2.77164 58.95
    endloop
  endfacet
  facet normal -0 0 1
    outer loop
      vertex -1.66671 2.49441 58.95
      vertex -1.41419 -2.64576 58.95
      vertex -1.41419 2.64576 58.95
    endloop
  endfacet
  facet normal 0 0 1
    outer loop
      vertex -1.66671 2.49441 58.95
      vertex -1.66671 -2.49441 58.95
      vertex -1.41419 -2.64576 58.95
    endloop
  endfacet
  facet normal -0 0 1
    outer loop
      vertex -1.90318 2.31903 58.95
      vertex -1.66671 -2.49441 58.95
      vertex -1.66671 2.49441 58.95
    endloop
  endfacet
  facet normal 0 0 1
    outer loop
      vertex -1.90318 2.31903 58.95
      vertex -1.90318 -2.31903 58.95
      vertex -1.66671 -2.49441 58.95
    endloop
  endfacet
  facet normal -0 0 1
    outer loop
      vertex -2.12132 2.12132 58.95
      vertex -1.90318 -2.31903 58.95
      vertex -1.90318 2.31903 58.95
    endloop
  endfacet
  facet normal 0 0 1
    outer loop
      vertex -2.12132 2.12132 58.95
      vertex -2.12132 -2.12132 58.95
      vertex -1.90318 -2.31903 58.95
    endloop
  endfacet
  facet normal -0 0 1
    outer loop
      vertex -2.31903 1.90318 58.95
      vertex -2.12132 -2.12132 58.95
      vertex -2.12132 2.12132 58.95
    endloop
  endfacet
  facet normal 0 0 1
    outer loop
      vertex -2.31903 1.90318 58.95
      vertex -2.31903 -1.90318 58.95
      vertex -2.12132 -2.12132 58.95
    endloop
  endfacet
  facet normal -0 0 1
    outer loop
      vertex -2.49441 1.66671 58.95
      vertex -2.31903 -1.90318 58.95
      vertex -2.31903 1.90318 58.95
    endloop
  endfacet
  facet normal 0 0 1
    outer loop
      vertex -2.49441 1.66671 58.95
      vertex -2.49441 -1.66671 58.95
      vertex -2.31903 -1.90318 58.95
    endloop
  endfacet
  facet normal -0 0 1
    outer loop
      vertex -2.64576 1.41419 58.95
      vertex -2.49441 -1.66671 58.95
      vertex -2.49441 1.66671 58.95
    endloop
  endfacet
  facet normal 0 0 1
    outer loop
      vertex -2.64576 1.41419 58.95
      vertex -2.64576 -1.41419 58.95
      vertex -2.49441 -1.66671 58.95
    endloop
  endfacet
  facet normal -0 0 1
    outer loop
      vertex -2.77164 1.14805 58.95
      vertex -2.64576 -1.41419 58.95
      vertex -2.64576 1.41419 58.95
    endloop
  endfacet
  facet normal 0 0 1
    outer loop
      vertex -2.77164 1.14805 58.95
      vertex -2.77164 -1.14805 58.95
      vertex -2.64576 -1.41419 58.95
    endloop
  endfacet
  facet normal -0 0 1
    outer loop
      vertex -2.87082 0.870853 58.95
      vertex -2.77164 -1.14805 58.95
      vertex -2.77164 1.14805 58.95
    endloop
  endfacet
  facet normal 0 0 1
    outer loop
      vertex -2.87082 0.870853 58.95
      vertex -2.87082 -0.870853 58.95
      vertex -2.77164 -1.14805 58.95
    endloop
  endfacet
  facet normal -0 0 1
    outer loop
      vertex -2.94236 0.585271 58.95
      vertex -2.87082 -0.870853 58.95
      vertex -2.87082 0.870853 58.95
    endloop
  endfacet
  facet normal 0 0 1
    outer loop
      vertex -2.94236 0.585271 58.95
      vertex -2.94236 -0.585271 58.95
      vertex -2.87082 -0.870853 58.95
    endloop
  endfacet
  facet normal -0 0 1
    outer loop
      vertex -2.98555 0.294051 58.95
      vertex -2.94236 -0.585271 58.95
      vertex -2.94236 0.585271 58.95
    endloop
  endfacet
  facet normal 0 0 1
    outer loop
      vertex -2.98555 0.294051 58.95
      vertex -2.98555 -0.294051 58.95
      vertex -2.94236 -0.585271 58.95
    endloop
  endfacet
  facet normal 0 -0 1
    outer loop
      vertex -2.98555 -0.294051 58.95
      vertex -2.98555 0.294051 58.95
      vertex -3 0 58.95
    endloop
  endfacet
endsolid OpenSCAD_Model
