solid OpenSCAD_Model
  facet normal -0.471451 -0.881892 0
    outer loop
      vertex 4.22222 2.08427 -50.8
      vertex 4.30866 2.03806 50.8
      vertex 4.22222 2.08427 50.8
    endloop
  endfacet
  facet normal -0.471451 -0.881892 -0
    outer loop
      vertex 4.30866 2.03806 50.8
      vertex 4.22222 2.08427 -50.8
      vertex 4.30866 2.03806 -50.8
    endloop
  endfacet
  facet normal -0.956951 -0.290248 0
    outer loop
      vertex 4.03806 2.30866 -50.8
      vertex 4.00961 2.40246 50.8
      vertex 4.00961 2.40246 -50.8
    endloop
  endfacet
  facet normal -0.956951 -0.290248 0
    outer loop
      vertex 4.00961 2.40246 50.8
      vertex 4.03806 2.30866 -50.8
      vertex 4.03806 2.30866 50.8
    endloop
  endfacet
  facet normal 0 0 1
    outer loop
      vertex 4.5 2.5 50.8
      vertex 4.40246 2.00961 50.8
      vertex 4.5 2 50.8
    endloop
  endfacet
  facet normal 0 0 1
    outer loop
      vertex 4.5 2.5 50.8
      vertex 4.30866 2.03806 50.8
      vertex 4.40246 2.00961 50.8
    endloop
  endfacet
  facet normal 0 0 1
    outer loop
      vertex 4.5 2.5 50.8
      vertex 4.22222 2.08427 50.8
      vertex 4.30866 2.03806 50.8
    endloop
  endfacet
  facet normal 0 0 1
    outer loop
      vertex 4.5 2.5 50.8
      vertex 4.14645 2.14645 50.8
      vertex 4.22222 2.08427 50.8
    endloop
  endfacet
  facet normal 0 0 1
    outer loop
      vertex 4.5 2.5 50.8
      vertex 4.08427 2.22222 50.8
      vertex 4.14645 2.14645 50.8
    endloop
  endfacet
  facet normal 0 0 1
    outer loop
      vertex 4.5 2.5 50.8
      vertex 4.03806 2.30866 50.8
      vertex 4.08427 2.22222 50.8
    endloop
  endfacet
  facet normal 0 0 1
    outer loop
      vertex 4.5 2.5 50.8
      vertex 4.00961 2.40246 50.8
      vertex 4.03806 2.30866 50.8
    endloop
  endfacet
  facet normal 0 -0 1
    outer loop
      vertex 4.00961 2.40246 50.8
      vertex 4.5 2.5 50.8
      vertex 4 2.5 50.8
    endloop
  endfacet
  facet normal -0.881892 -0.471451 0
    outer loop
      vertex 4.08427 2.22222 -50.8
      vertex 4.03806 2.30866 50.8
      vertex 4.03806 2.30866 -50.8
    endloop
  endfacet
  facet normal -0.881892 -0.471451 0
    outer loop
      vertex 4.03806 2.30866 50.8
      vertex 4.08427 2.22222 -50.8
      vertex 4.08427 2.22222 50.8
    endloop
  endfacet
  facet normal 0 0 -1
    outer loop
      vertex 4.40246 2.00961 -50.8
      vertex 4.5 2.5 -50.8
      vertex 4.5 2 -50.8
    endloop
  endfacet
  facet normal 0 0 -1
    outer loop
      vertex 4.30866 2.03806 -50.8
      vertex 4.5 2.5 -50.8
      vertex 4.40246 2.00961 -50.8
    endloop
  endfacet
  facet normal 0 0 -1
    outer loop
      vertex 4.22222 2.08427 -50.8
      vertex 4.5 2.5 -50.8
      vertex 4.30866 2.03806 -50.8
    endloop
  endfacet
  facet normal 0 0 -1
    outer loop
      vertex 4.14645 2.14645 -50.8
      vertex 4.5 2.5 -50.8
      vertex 4.22222 2.08427 -50.8
    endloop
  endfacet
  facet normal 0 0 -1
    outer loop
      vertex 4.08427 2.22222 -50.8
      vertex 4.5 2.5 -50.8
      vertex 4.14645 2.14645 -50.8
    endloop
  endfacet
  facet normal 0 0 -1
    outer loop
      vertex 4.03806 2.30866 -50.8
      vertex 4.5 2.5 -50.8
      vertex 4.08427 2.22222 -50.8
    endloop
  endfacet
  facet normal 0 0 -1
    outer loop
      vertex 4.00961 2.40246 -50.8
      vertex 4.5 2.5 -50.8
      vertex 4.03806 2.30866 -50.8
    endloop
  endfacet
  facet normal -0 0 -1
    outer loop
      vertex 4.5 2.5 -50.8
      vertex 4.00961 2.40246 -50.8
      vertex 4 2.5 -50.8
    endloop
  endfacet
  facet normal -0.634376 -0.773025 0
    outer loop
      vertex 4.14645 2.14645 -50.8
      vertex 4.22222 2.08427 50.8
      vertex 4.14645 2.14645 50.8
    endloop
  endfacet
  facet normal -0.634376 -0.773025 -0
    outer loop
      vertex 4.22222 2.08427 50.8
      vertex 4.14645 2.14645 -50.8
      vertex 4.22222 2.08427 -50.8
    endloop
  endfacet
  facet normal -0.773025 -0.634376 0
    outer loop
      vertex 4.14645 2.14645 -50.8
      vertex 4.08427 2.22222 50.8
      vertex 4.08427 2.22222 -50.8
    endloop
  endfacet
  facet normal -0.773025 -0.634376 0
    outer loop
      vertex 4.08427 2.22222 50.8
      vertex 4.14645 2.14645 -50.8
      vertex 4.14645 2.14645 50.8
    endloop
  endfacet
  facet normal -0.995182 -0.098049 0
    outer loop
      vertex 4.00961 2.40246 -50.8
      vertex 4 2.5 50.8
      vertex 4 2.5 -50.8
    endloop
  endfacet
  facet normal -0.995182 -0.098049 0
    outer loop
      vertex 4 2.5 50.8
      vertex 4.00961 2.40246 -50.8
      vertex 4.00961 2.40246 50.8
    endloop
  endfacet
  facet normal -0.098049 -0.995182 0
    outer loop
      vertex 4.40246 2.00961 -50.8
      vertex 4.5 2 50.8
      vertex 4.40246 2.00961 50.8
    endloop
  endfacet
  facet normal -0.098049 -0.995182 -0
    outer loop
      vertex 4.5 2 50.8
      vertex 4.40246 2.00961 -50.8
      vertex 4.5 2 -50.8
    endloop
  endfacet
  facet normal -0.290248 -0.956951 0
    outer loop
      vertex 4.30866 2.03806 -50.8
      vertex 4.40246 2.00961 50.8
      vertex 4.30866 2.03806 50.8
    endloop
  endfacet
  facet normal -0.290248 -0.956951 -0
    outer loop
      vertex 4.40246 2.00961 50.8
      vertex 4.30866 2.03806 -50.8
      vertex 4.40246 2.00961 -50.8
    endloop
  endfacet
  facet normal 1 -0 0
    outer loop
      vertex 4.5 2 50.8
      vertex 4.5 2.5 -50.8
      vertex 4.5 2.5 50.8
    endloop
  endfacet
  facet normal 1 0 0
    outer loop
      vertex 4.5 2.5 -50.8
      vertex 4.5 2 50.8
      vertex 4.5 2 -50.8
    endloop
  endfacet
  facet normal 0 1 -0
    outer loop
      vertex 4.5 2.5 -50.8
      vertex 4 2.5 50.8
      vertex 4.5 2.5 50.8
    endloop
  endfacet
  facet normal 0 1 0
    outer loop
      vertex 4 2.5 50.8
      vertex 4.5 2.5 -50.8
      vertex 4 2.5 -50.8
    endloop
  endfacet
  facet normal 0.471451 -0.881892 0
    outer loop
      vertex -4.30866 2.03806 -50.8
      vertex -4.22222 2.08427 50.8
      vertex -4.30866 2.03806 50.8
    endloop
  endfacet
  facet normal 0.471451 -0.881892 0
    outer loop
      vertex -4.22222 2.08427 50.8
      vertex -4.30866 2.03806 -50.8
      vertex -4.22222 2.08427 -50.8
    endloop
  endfacet
  facet normal 0.956951 -0.290248 0
    outer loop
      vertex -4.03806 2.30866 50.8
      vertex -4.00961 2.40246 -50.8
      vertex -4.00961 2.40246 50.8
    endloop
  endfacet
  facet normal 0.956951 -0.290248 0
    outer loop
      vertex -4.00961 2.40246 -50.8
      vertex -4.03806 2.30866 50.8
      vertex -4.03806 2.30866 -50.8
    endloop
  endfacet
  facet normal -0 0 1
    outer loop
      vertex -4.5 2.5 50.8
      vertex -4.00961 2.40246 50.8
      vertex -4 2.5 50.8
    endloop
  endfacet
  facet normal 0 0 1
    outer loop
      vertex -4.00961 2.40246 50.8
      vertex -4.5 2.5 50.8
      vertex -4.03806 2.30866 50.8
    endloop
  endfacet
  facet normal 0 0 1
    outer loop
      vertex -4.03806 2.30866 50.8
      vertex -4.5 2.5 50.8
      vertex -4.08427 2.22222 50.8
    endloop
  endfacet
  facet normal 0 0 1
    outer loop
      vertex -4.08427 2.22222 50.8
      vertex -4.5 2.5 50.8
      vertex -4.14645 2.14645 50.8
    endloop
  endfacet
  facet normal 0 0 1
    outer loop
      vertex -4.14645 2.14645 50.8
      vertex -4.5 2.5 50.8
      vertex -4.22222 2.08427 50.8
    endloop
  endfacet
  facet normal 0 0 1
    outer loop
      vertex -4.22222 2.08427 50.8
      vertex -4.5 2.5 50.8
      vertex -4.30866 2.03806 50.8
    endloop
  endfacet
  facet normal 0 0 1
    outer loop
      vertex -4.30866 2.03806 50.8
      vertex -4.5 2.5 50.8
      vertex -4.40246 2.00961 50.8
    endloop
  endfacet
  facet normal 0 0 1
    outer loop
      vertex -4.40246 2.00961 50.8
      vertex -4.5 2.5 50.8
      vertex -4.5 2 50.8
    endloop
  endfacet
  facet normal 0.881892 -0.471451 0
    outer loop
      vertex -4.08427 2.22222 50.8
      vertex -4.03806 2.30866 -50.8
      vertex -4.03806 2.30866 50.8
    endloop
  endfacet
  facet normal 0.881892 -0.471451 0
    outer loop
      vertex -4.03806 2.30866 -50.8
      vertex -4.08427 2.22222 50.8
      vertex -4.08427 2.22222 -50.8
    endloop
  endfacet
  facet normal 0 0 -1
    outer loop
      vertex -4.5 2.5 -50.8
      vertex -4.00961 2.40246 -50.8
      vertex -4.03806 2.30866 -50.8
    endloop
  endfacet
  facet normal 0 0 -1
    outer loop
      vertex -4.5 2.5 -50.8
      vertex -4.03806 2.30866 -50.8
      vertex -4.08427 2.22222 -50.8
    endloop
  endfacet
  facet normal 0 0 -1
    outer loop
      vertex -4.5 2.5 -50.8
      vertex -4.08427 2.22222 -50.8
      vertex -4.14645 2.14645 -50.8
    endloop
  endfacet
  facet normal 0 0 -1
    outer loop
      vertex -4.5 2.5 -50.8
      vertex -4.14645 2.14645 -50.8
      vertex -4.22222 2.08427 -50.8
    endloop
  endfacet
  facet normal 0 0 -1
    outer loop
      vertex -4.5 2.5 -50.8
      vertex -4.22222 2.08427 -50.8
      vertex -4.30866 2.03806 -50.8
    endloop
  endfacet
  facet normal 0 0 -1
    outer loop
      vertex -4.5 2.5 -50.8
      vertex -4.30866 2.03806 -50.8
      vertex -4.40246 2.00961 -50.8
    endloop
  endfacet
  facet normal 0 0 -1
    outer loop
      vertex -4.5 2.5 -50.8
      vertex -4.40246 2.00961 -50.8
      vertex -4.5 2 -50.8
    endloop
  endfacet
  facet normal 0 0 -1
    outer loop
      vertex -4.00961 2.40246 -50.8
      vertex -4.5 2.5 -50.8
      vertex -4 2.5 -50.8
    endloop
  endfacet
  facet normal 0.634376 -0.773025 0
    outer loop
      vertex -4.22222 2.08427 -50.8
      vertex -4.14645 2.14645 50.8
      vertex -4.22222 2.08427 50.8
    endloop
  endfacet
  facet normal 0.634376 -0.773025 0
    outer loop
      vertex -4.14645 2.14645 50.8
      vertex -4.22222 2.08427 -50.8
      vertex -4.14645 2.14645 -50.8
    endloop
  endfacet
  facet normal 0.773025 -0.634376 0
    outer loop
      vertex -4.14645 2.14645 50.8
      vertex -4.08427 2.22222 -50.8
      vertex -4.08427 2.22222 50.8
    endloop
  endfacet
  facet normal 0.773025 -0.634376 0
    outer loop
      vertex -4.08427 2.22222 -50.8
      vertex -4.14645 2.14645 50.8
      vertex -4.14645 2.14645 -50.8
    endloop
  endfacet
  facet normal 0.995182 -0.098049 0
    outer loop
      vertex -4.00961 2.40246 50.8
      vertex -4 2.5 -50.8
      vertex -4 2.5 50.8
    endloop
  endfacet
  facet normal 0.995182 -0.098049 0
    outer loop
      vertex -4 2.5 -50.8
      vertex -4.00961 2.40246 50.8
      vertex -4.00961 2.40246 -50.8
    endloop
  endfacet
  facet normal 0.098049 -0.995182 0
    outer loop
      vertex -4.5 2 -50.8
      vertex -4.40246 2.00961 50.8
      vertex -4.5 2 50.8
    endloop
  endfacet
  facet normal 0.098049 -0.995182 0
    outer loop
      vertex -4.40246 2.00961 50.8
      vertex -4.5 2 -50.8
      vertex -4.40246 2.00961 -50.8
    endloop
  endfacet
  facet normal 0.290248 -0.956951 0
    outer loop
      vertex -4.40246 2.00961 -50.8
      vertex -4.30866 2.03806 50.8
      vertex -4.40246 2.00961 50.8
    endloop
  endfacet
  facet normal 0.290248 -0.956951 0
    outer loop
      vertex -4.30866 2.03806 50.8
      vertex -4.40246 2.00961 -50.8
      vertex -4.30866 2.03806 -50.8
    endloop
  endfacet
  facet normal -1 0 0
    outer loop
      vertex -4.5 2 -50.8
      vertex -4.5 2.5 50.8
      vertex -4.5 2.5 -50.8
    endloop
  endfacet
  facet normal -1 -0 0
    outer loop
      vertex -4.5 2.5 50.8
      vertex -4.5 2 -50.8
      vertex -4.5 2 50.8
    endloop
  endfacet
  facet normal 0 1 -0
    outer loop
      vertex -4 2.5 -50.8
      vertex -4.5 2.5 50.8
      vertex -4 2.5 50.8
    endloop
  endfacet
  facet normal 0 1 0
    outer loop
      vertex -4.5 2.5 50.8
      vertex -4 2.5 -50.8
      vertex -4.5 2.5 -50.8
    endloop
  endfacet
  facet normal -0.471451 0.881892 0
    outer loop
      vertex 4.30866 -2.03806 -50.8
      vertex 4.22222 -2.08427 50.8
      vertex 4.30866 -2.03806 50.8
    endloop
  endfacet
  facet normal -0.471451 0.881892 0
    outer loop
      vertex 4.22222 -2.08427 50.8
      vertex 4.30866 -2.03806 -50.8
      vertex 4.22222 -2.08427 -50.8
    endloop
  endfacet
  facet normal -0.956951 0.290248 0
    outer loop
      vertex 4.00961 -2.40246 -50.8
      vertex 4.03806 -2.30866 50.8
      vertex 4.03806 -2.30866 -50.8
    endloop
  endfacet
  facet normal -0.956951 0.290248 0
    outer loop
      vertex 4.03806 -2.30866 50.8
      vertex 4.00961 -2.40246 -50.8
      vertex 4.00961 -2.40246 50.8
    endloop
  endfacet
  facet normal -0 0 1
    outer loop
      vertex 4.40246 -2.00961 50.8
      vertex 4.5 -2.5 50.8
      vertex 4.5 -2 50.8
    endloop
  endfacet
  facet normal -0 0 1
    outer loop
      vertex 4.30866 -2.03806 50.8
      vertex 4.5 -2.5 50.8
      vertex 4.40246 -2.00961 50.8
    endloop
  endfacet
  facet normal -0 0 1
    outer loop
      vertex 4.22222 -2.08427 50.8
      vertex 4.5 -2.5 50.8
      vertex 4.30866 -2.03806 50.8
    endloop
  endfacet
  facet normal -0 0 1
    outer loop
      vertex 4.14645 -2.14645 50.8
      vertex 4.5 -2.5 50.8
      vertex 4.22222 -2.08427 50.8
    endloop
  endfacet
  facet normal -0 0 1
    outer loop
      vertex 4.08427 -2.22222 50.8
      vertex 4.5 -2.5 50.8
      vertex 4.14645 -2.14645 50.8
    endloop
  endfacet
  facet normal -0 0 1
    outer loop
      vertex 4.03806 -2.30866 50.8
      vertex 4.5 -2.5 50.8
      vertex 4.08427 -2.22222 50.8
    endloop
  endfacet
  facet normal -0 0 1
    outer loop
      vertex 4.00961 -2.40246 50.8
      vertex 4.5 -2.5 50.8
      vertex 4.03806 -2.30866 50.8
    endloop
  endfacet
  facet normal 0 0 1
    outer loop
      vertex 4.5 -2.5 50.8
      vertex 4.00961 -2.40246 50.8
      vertex 4 -2.5 50.8
    endloop
  endfacet
  facet normal -0.881892 0.471451 0
    outer loop
      vertex 4.03806 -2.30866 -50.8
      vertex 4.08427 -2.22222 50.8
      vertex 4.08427 -2.22222 -50.8
    endloop
  endfacet
  facet normal -0.881892 0.471451 0
    outer loop
      vertex 4.08427 -2.22222 50.8
      vertex 4.03806 -2.30866 -50.8
      vertex 4.03806 -2.30866 50.8
    endloop
  endfacet
  facet normal 0 0 -1
    outer loop
      vertex 4.5 -2.5 -50.8
      vertex 4.40246 -2.00961 -50.8
      vertex 4.5 -2 -50.8
    endloop
  endfacet
  facet normal 0 0 -1
    outer loop
      vertex 4.5 -2.5 -50.8
      vertex 4.30866 -2.03806 -50.8
      vertex 4.40246 -2.00961 -50.8
    endloop
  endfacet
  facet normal 0 0 -1
    outer loop
      vertex 4.5 -2.5 -50.8
      vertex 4.22222 -2.08427 -50.8
      vertex 4.30866 -2.03806 -50.8
    endloop
  endfacet
  facet normal 0 0 -1
    outer loop
      vertex 4.5 -2.5 -50.8
      vertex 4.14645 -2.14645 -50.8
      vertex 4.22222 -2.08427 -50.8
    endloop
  endfacet
  facet normal 0 0 -1
    outer loop
      vertex 4.5 -2.5 -50.8
      vertex 4.08427 -2.22222 -50.8
      vertex 4.14645 -2.14645 -50.8
    endloop
  endfacet
  facet normal 0 0 -1
    outer loop
      vertex 4.5 -2.5 -50.8
      vertex 4.03806 -2.30866 -50.8
      vertex 4.08427 -2.22222 -50.8
    endloop
  endfacet
  facet normal 0 0 -1
    outer loop
      vertex 4.5 -2.5 -50.8
      vertex 4.00961 -2.40246 -50.8
      vertex 4.03806 -2.30866 -50.8
    endloop
  endfacet
  facet normal 0 -0 -1
    outer loop
      vertex 4.00961 -2.40246 -50.8
      vertex 4.5 -2.5 -50.8
      vertex 4 -2.5 -50.8
    endloop
  endfacet
  facet normal -0.634376 0.773025 0
    outer loop
      vertex 4.22222 -2.08427 -50.8
      vertex 4.14645 -2.14645 50.8
      vertex 4.22222 -2.08427 50.8
    endloop
  endfacet
  facet normal -0.634376 0.773025 0
    outer loop
      vertex 4.14645 -2.14645 50.8
      vertex 4.22222 -2.08427 -50.8
      vertex 4.14645 -2.14645 -50.8
    endloop
  endfacet
  facet normal -0.773025 0.634376 0
    outer loop
      vertex 4.08427 -2.22222 -50.8
      vertex 4.14645 -2.14645 50.8
      vertex 4.14645 -2.14645 -50.8
    endloop
  endfacet
  facet normal -0.773025 0.634376 0
    outer loop
      vertex 4.14645 -2.14645 50.8
      vertex 4.08427 -2.22222 -50.8
      vertex 4.08427 -2.22222 50.8
    endloop
  endfacet
  facet normal -0.995182 0.098049 0
    outer loop
      vertex 4 -2.5 -50.8
      vertex 4.00961 -2.40246 50.8
      vertex 4.00961 -2.40246 -50.8
    endloop
  endfacet
  facet normal -0.995182 0.098049 0
    outer loop
      vertex 4.00961 -2.40246 50.8
      vertex 4 -2.5 -50.8
      vertex 4 -2.5 50.8
    endloop
  endfacet
  facet normal -0.098049 0.995182 0
    outer loop
      vertex 4.5 -2 -50.8
      vertex 4.40246 -2.00961 50.8
      vertex 4.5 -2 50.8
    endloop
  endfacet
  facet normal -0.098049 0.995182 0
    outer loop
      vertex 4.40246 -2.00961 50.8
      vertex 4.5 -2 -50.8
      vertex 4.40246 -2.00961 -50.8
    endloop
  endfacet
  facet normal -0.290248 0.956951 0
    outer loop
      vertex 4.40246 -2.00961 -50.8
      vertex 4.30866 -2.03806 50.8
      vertex 4.40246 -2.00961 50.8
    endloop
  endfacet
  facet normal -0.290248 0.956951 0
    outer loop
      vertex 4.30866 -2.03806 50.8
      vertex 4.40246 -2.00961 -50.8
      vertex 4.30866 -2.03806 -50.8
    endloop
  endfacet
  facet normal 1 -0 0
    outer loop
      vertex 4.5 -2.5 50.8
      vertex 4.5 -2 -50.8
      vertex 4.5 -2 50.8
    endloop
  endfacet
  facet normal 1 0 0
    outer loop
      vertex 4.5 -2 -50.8
      vertex 4.5 -2.5 50.8
      vertex 4.5 -2.5 -50.8
    endloop
  endfacet
  facet normal 0 -1 0
    outer loop
      vertex 4 -2.5 -50.8
      vertex 4.5 -2.5 50.8
      vertex 4 -2.5 50.8
    endloop
  endfacet
  facet normal 0 -1 -0
    outer loop
      vertex 4.5 -2.5 50.8
      vertex 4 -2.5 -50.8
      vertex 4.5 -2.5 -50.8
    endloop
  endfacet
  facet normal 0.471451 0.881892 -0
    outer loop
      vertex -4.22222 -2.08427 -50.8
      vertex -4.30866 -2.03806 50.8
      vertex -4.22222 -2.08427 50.8
    endloop
  endfacet
  facet normal 0.471451 0.881892 0
    outer loop
      vertex -4.30866 -2.03806 50.8
      vertex -4.22222 -2.08427 -50.8
      vertex -4.30866 -2.03806 -50.8
    endloop
  endfacet
  facet normal 0.956951 0.290248 0
    outer loop
      vertex -4.00961 -2.40246 50.8
      vertex -4.03806 -2.30866 -50.8
      vertex -4.03806 -2.30866 50.8
    endloop
  endfacet
  facet normal 0.956951 0.290248 0
    outer loop
      vertex -4.03806 -2.30866 -50.8
      vertex -4.00961 -2.40246 50.8
      vertex -4.00961 -2.40246 -50.8
    endloop
  endfacet
  facet normal 0 0 1
    outer loop
      vertex -4.5 -2.5 50.8
      vertex -4.00961 -2.40246 50.8
      vertex -4.03806 -2.30866 50.8
    endloop
  endfacet
  facet normal 0 0 1
    outer loop
      vertex -4.5 -2.5 50.8
      vertex -4.03806 -2.30866 50.8
      vertex -4.08427 -2.22222 50.8
    endloop
  endfacet
  facet normal 0 0 1
    outer loop
      vertex -4.5 -2.5 50.8
      vertex -4.08427 -2.22222 50.8
      vertex -4.14645 -2.14645 50.8
    endloop
  endfacet
  facet normal 0 0 1
    outer loop
      vertex -4.5 -2.5 50.8
      vertex -4.14645 -2.14645 50.8
      vertex -4.22222 -2.08427 50.8
    endloop
  endfacet
  facet normal 0 0 1
    outer loop
      vertex -4.5 -2.5 50.8
      vertex -4.22222 -2.08427 50.8
      vertex -4.30866 -2.03806 50.8
    endloop
  endfacet
  facet normal 0 0 1
    outer loop
      vertex -4.5 -2.5 50.8
      vertex -4.30866 -2.03806 50.8
      vertex -4.40246 -2.00961 50.8
    endloop
  endfacet
  facet normal 0 0 1
    outer loop
      vertex -4.5 -2.5 50.8
      vertex -4.40246 -2.00961 50.8
      vertex -4.5 -2 50.8
    endloop
  endfacet
  facet normal 0 0 1
    outer loop
      vertex -4.00961 -2.40246 50.8
      vertex -4.5 -2.5 50.8
      vertex -4 -2.5 50.8
    endloop
  endfacet
  facet normal 0.881892 0.471451 0
    outer loop
      vertex -4.03806 -2.30866 50.8
      vertex -4.08427 -2.22222 -50.8
      vertex -4.08427 -2.22222 50.8
    endloop
  endfacet
  facet normal 0.881892 0.471451 0
    outer loop
      vertex -4.08427 -2.22222 -50.8
      vertex -4.03806 -2.30866 50.8
      vertex -4.03806 -2.30866 -50.8
    endloop
  endfacet
  facet normal 0 0 -1
    outer loop
      vertex -4.5 -2.5 -50.8
      vertex -4.00961 -2.40246 -50.8
      vertex -4 -2.5 -50.8
    endloop
  endfacet
  facet normal -0 0 -1
    outer loop
      vertex -4.00961 -2.40246 -50.8
      vertex -4.5 -2.5 -50.8
      vertex -4.03806 -2.30866 -50.8
    endloop
  endfacet
  facet normal -0 0 -1
    outer loop
      vertex -4.03806 -2.30866 -50.8
      vertex -4.5 -2.5 -50.8
      vertex -4.08427 -2.22222 -50.8
    endloop
  endfacet
  facet normal -0 0 -1
    outer loop
      vertex -4.08427 -2.22222 -50.8
      vertex -4.5 -2.5 -50.8
      vertex -4.14645 -2.14645 -50.8
    endloop
  endfacet
  facet normal -0 0 -1
    outer loop
      vertex -4.14645 -2.14645 -50.8
      vertex -4.5 -2.5 -50.8
      vertex -4.22222 -2.08427 -50.8
    endloop
  endfacet
  facet normal -0 0 -1
    outer loop
      vertex -4.22222 -2.08427 -50.8
      vertex -4.5 -2.5 -50.8
      vertex -4.30866 -2.03806 -50.8
    endloop
  endfacet
  facet normal -0 0 -1
    outer loop
      vertex -4.30866 -2.03806 -50.8
      vertex -4.5 -2.5 -50.8
      vertex -4.40246 -2.00961 -50.8
    endloop
  endfacet
  facet normal -0 0 -1
    outer loop
      vertex -4.40246 -2.00961 -50.8
      vertex -4.5 -2.5 -50.8
      vertex -4.5 -2 -50.8
    endloop
  endfacet
  facet normal 0.634376 0.773025 -0
    outer loop
      vertex -4.14645 -2.14645 -50.8
      vertex -4.22222 -2.08427 50.8
      vertex -4.14645 -2.14645 50.8
    endloop
  endfacet
  facet normal 0.634376 0.773025 0
    outer loop
      vertex -4.22222 -2.08427 50.8
      vertex -4.14645 -2.14645 -50.8
      vertex -4.22222 -2.08427 -50.8
    endloop
  endfacet
  facet normal 0.773025 0.634376 0
    outer loop
      vertex -4.08427 -2.22222 50.8
      vertex -4.14645 -2.14645 -50.8
      vertex -4.14645 -2.14645 50.8
    endloop
  endfacet
  facet normal 0.773025 0.634376 0
    outer loop
      vertex -4.14645 -2.14645 -50.8
      vertex -4.08427 -2.22222 50.8
      vertex -4.08427 -2.22222 -50.8
    endloop
  endfacet
  facet normal 0.995182 0.098049 0
    outer loop
      vertex -4 -2.5 50.8
      vertex -4.00961 -2.40246 -50.8
      vertex -4.00961 -2.40246 50.8
    endloop
  endfacet
  facet normal 0.995182 0.098049 0
    outer loop
      vertex -4.00961 -2.40246 -50.8
      vertex -4 -2.5 50.8
      vertex -4 -2.5 -50.8
    endloop
  endfacet
  facet normal 0.098049 0.995182 -0
    outer loop
      vertex -4.40246 -2.00961 -50.8
      vertex -4.5 -2 50.8
      vertex -4.40246 -2.00961 50.8
    endloop
  endfacet
  facet normal 0.098049 0.995182 0
    outer loop
      vertex -4.5 -2 50.8
      vertex -4.40246 -2.00961 -50.8
      vertex -4.5 -2 -50.8
    endloop
  endfacet
  facet normal 0.290248 0.956951 -0
    outer loop
      vertex -4.30866 -2.03806 -50.8
      vertex -4.40246 -2.00961 50.8
      vertex -4.30866 -2.03806 50.8
    endloop
  endfacet
  facet normal 0.290248 0.956951 0
    outer loop
      vertex -4.40246 -2.00961 50.8
      vertex -4.30866 -2.03806 -50.8
      vertex -4.40246 -2.00961 -50.8
    endloop
  endfacet
  facet normal -1 0 0
    outer loop
      vertex -4.5 -2.5 -50.8
      vertex -4.5 -2 50.8
      vertex -4.5 -2 -50.8
    endloop
  endfacet
  facet normal -1 -0 0
    outer loop
      vertex -4.5 -2 50.8
      vertex -4.5 -2.5 -50.8
      vertex -4.5 -2.5 50.8
    endloop
  endfacet
  facet normal 0 -1 0
    outer loop
      vertex -4.5 -2.5 -50.8
      vertex -4 -2.5 50.8
      vertex -4.5 -2.5 50.8
    endloop
  endfacet
  facet normal 0 -1 -0
    outer loop
      vertex -4 -2.5 50.8
      vertex -4.5 -2.5 -50.8
      vertex -4 -2.5 -50.8
    endloop
  endfacet
  facet normal 0 0 -1
    outer loop
      vertex 4.57716 -2.41479 -0.299999
      vertex 5 -2.5 -0.299999
      vertex 4.99039 -2.59753 -0.299999
    endloop
  endfacet
  facet normal 0 0 -1
    outer loop
      vertex 5 -2.5 -0.299999
      vertex 4.59999 -2.29999 -0.299999
      vertex 5 2.5 -0.299999
    endloop
  endfacet
  facet normal 0 0 -1
    outer loop
      vertex 4.54944 -2.46666 -0.299999
      vertex 4.99039 -2.59753 -0.299999
      vertex 4.96193 -2.69133 -0.299999
    endloop
  endfacet
  facet normal 0 0 -1
    outer loop
      vertex 4.59999 2.29999 -0.299999
      vertex 5 2.5 -0.299999
      vertex 4.59999 -2.29999 -0.299999
    endloop
  endfacet
  facet normal 0 0 -1
    outer loop
      vertex 4.54944 -2.46666 -0.299999
      vertex 4.96193 -2.69133 -0.299999
      vertex 4.91573 -2.77777 -0.299999
    endloop
  endfacet
  facet normal 0 0 -1
    outer loop
      vertex 4.59422 2.35852 -0.299999
      vertex 5 2.5 -0.299999
      vertex 4.59999 2.29999 -0.299999
    endloop
  endfacet
  facet normal 0 0 -1
    outer loop
      vertex 4.51213 -2.51213 -0.299999
      vertex 4.91573 -2.77777 -0.299999
      vertex 4.85355 -2.85355 -0.299999
    endloop
  endfacet
  facet normal 0 0 -1
    outer loop
      vertex 4.57716 2.41479 -0.299999
      vertex 5 2.5 -0.299999
      vertex 4.59422 2.35852 -0.299999
    endloop
  endfacet
  facet normal 0 0 -1
    outer loop
      vertex 4.51213 -2.51213 -0.299999
      vertex 4.85355 -2.85355 -0.299999
      vertex 4.77777 -2.91573 -0.299999
    endloop
  endfacet
  facet normal -0 0 -1
    outer loop
      vertex 5 2.5 -0.299999
      vertex 4.57716 2.41479 -0.299999
      vertex 4.99039 2.59753 -0.299999
    endloop
  endfacet
  facet normal 0 0 -1
    outer loop
      vertex 4.46666 -2.54944 -0.299999
      vertex 4.77777 -2.91573 -0.299999
      vertex 4.69133 -2.96193 -0.299999
    endloop
  endfacet
  facet normal 0 0 -1
    outer loop
      vertex 4.54944 2.46666 -0.299999
      vertex 4.99039 2.59753 -0.299999
      vertex 4.57716 2.41479 -0.299999
    endloop
  endfacet
  facet normal -0 0 -1
    outer loop
      vertex 4.99039 2.59753 -0.299999
      vertex 4.54944 2.46666 -0.299999
      vertex 4.96193 2.69133 -0.299999
    endloop
  endfacet
  facet normal 0 0 -1
    outer loop
      vertex 4.46666 -2.54944 -0.299999
      vertex 4.69133 -2.96193 -0.299999
      vertex 4.59753 -2.99039 -0.299999
    endloop
  endfacet
  facet normal 0 0 -1
    outer loop
      vertex 5 -2.5 -0.299999
      vertex 4.59422 -2.35852 -0.299999
      vertex 4.59999 -2.29999 -0.299999
    endloop
  endfacet
  facet normal 0 0 -1
    outer loop
      vertex 5 -2.5 -0.299999
      vertex 4.57716 -2.41479 -0.299999
      vertex 4.59422 -2.35852 -0.299999
    endloop
  endfacet
  facet normal 0 0 -1
    outer loop
      vertex 4.99039 -2.59753 -0.299999
      vertex 4.54944 -2.46666 -0.299999
      vertex 4.57716 -2.41479 -0.299999
    endloop
  endfacet
  facet normal 0 0 -1
    outer loop
      vertex 4.91573 -2.77777 -0.299999
      vertex 4.51213 -2.51213 -0.299999
      vertex 4.54944 -2.46666 -0.299999
    endloop
  endfacet
  facet normal 0 0 -1
    outer loop
      vertex 4.41479 -2.57716 -0.299999
      vertex 4.59753 -2.99039 -0.299999
      vertex 4.5 -3 -0.299999
    endloop
  endfacet
  facet normal 0 0 -1
    outer loop
      vertex 4.77777 -2.91573 -0.299999
      vertex 4.46666 -2.54944 -0.299999
      vertex 4.51213 -2.51213 -0.299999
    endloop
  endfacet
  facet normal 0 0 -1
    outer loop
      vertex 4.59753 -2.99039 -0.299999
      vertex 4.41479 -2.57716 -0.299999
      vertex 4.46666 -2.54944 -0.299999
    endloop
  endfacet
  facet normal 0 0 -1
    outer loop
      vertex 4.5 -3 -0.299999
      vertex 4.35852 -2.59422 -0.299999
      vertex 4.41479 -2.57716 -0.299999
    endloop
  endfacet
  facet normal 0 0 -1
    outer loop
      vertex 4.5 -3 -0.299999
      vertex 4.29999 -2.59999 -0.299999
      vertex 4.35852 -2.59422 -0.299999
    endloop
  endfacet
  facet normal 0 0 -1
    outer loop
      vertex 4.5 -3 -0.299999
      vertex -4.29999 -2.59999 -0.299999
      vertex 4.29999 -2.59999 -0.299999
    endloop
  endfacet
  facet normal 0 0 -1
    outer loop
      vertex -4.5 -3 -0.299999
      vertex -4.29999 -2.59999 -0.299999
      vertex 4.5 -3 -0.299999
    endloop
  endfacet
  facet normal 0 0 -1
    outer loop
      vertex -4.5 -3 -0.299999
      vertex -4.35852 -2.59422 -0.299999
      vertex -4.29999 -2.59999 -0.299999
    endloop
  endfacet
  facet normal 0 0 -1
    outer loop
      vertex -4.5 -3 -0.299999
      vertex -4.41479 -2.57716 -0.299999
      vertex -4.35852 -2.59422 -0.299999
    endloop
  endfacet
  facet normal 0 0 -1
    outer loop
      vertex -4.59753 -2.99039 -0.299999
      vertex -4.41479 -2.57716 -0.299999
      vertex -4.5 -3 -0.299999
    endloop
  endfacet
  facet normal -0 0 -1
    outer loop
      vertex -4.41479 -2.57716 -0.299999
      vertex -4.59753 -2.99039 -0.299999
      vertex -4.46666 -2.54944 -0.299999
    endloop
  endfacet
  facet normal 0 0 -1
    outer loop
      vertex -4.69133 -2.96193 -0.299999
      vertex -4.46666 -2.54944 -0.299999
      vertex -4.59753 -2.99039 -0.299999
    endloop
  endfacet
  facet normal 0 0 -1
    outer loop
      vertex -4.77777 -2.91573 -0.299999
      vertex -4.46666 -2.54944 -0.299999
      vertex -4.69133 -2.96193 -0.299999
    endloop
  endfacet
  facet normal -0 0 -1
    outer loop
      vertex -4.46666 -2.54944 -0.299999
      vertex -4.77777 -2.91573 -0.299999
      vertex -4.51213 -2.51213 -0.299999
    endloop
  endfacet
  facet normal 0 0 -1
    outer loop
      vertex -4.85355 -2.85355 -0.299999
      vertex -4.51213 -2.51213 -0.299999
      vertex -4.77777 -2.91573 -0.299999
    endloop
  endfacet
  facet normal 0 0 -1
    outer loop
      vertex -4.91573 -2.77777 -0.299999
      vertex -4.51213 -2.51213 -0.299999
      vertex -4.85355 -2.85355 -0.299999
    endloop
  endfacet
  facet normal 0 0 -1
    outer loop
      vertex -4.96193 -2.69133 -0.299999
      vertex -4.54944 -2.46666 -0.299999
      vertex -4.91573 -2.77777 -0.299999
    endloop
  endfacet
  facet normal -0 0 -1
    outer loop
      vertex -4.51213 -2.51213 -0.299999
      vertex -4.91573 -2.77777 -0.299999
      vertex -4.54944 -2.46666 -0.299999
    endloop
  endfacet
  facet normal -0 0 -1
    outer loop
      vertex 4.96193 2.69133 -0.299999
      vertex 4.54944 2.46666 -0.299999
      vertex 4.91573 2.77777 -0.299999
    endloop
  endfacet
  facet normal 0 0 -1
    outer loop
      vertex 4.51213 2.51213 -0.299999
      vertex 4.91573 2.77777 -0.299999
      vertex 4.54944 2.46666 -0.299999
    endloop
  endfacet
  facet normal -0 0 -1
    outer loop
      vertex 4.91573 2.77777 -0.299999
      vertex 4.51213 2.51213 -0.299999
      vertex 4.85355 2.85355 -0.299999
    endloop
  endfacet
  facet normal -0 0 -1
    outer loop
      vertex 4.85355 2.85355 -0.299999
      vertex 4.51213 2.51213 -0.299999
      vertex 4.77777 2.91573 -0.299999
    endloop
  endfacet
  facet normal 0 0 -1
    outer loop
      vertex 4.46666 2.54944 -0.299999
      vertex 4.77777 2.91573 -0.299999
      vertex 4.51213 2.51213 -0.299999
    endloop
  endfacet
  facet normal -0 0 -1
    outer loop
      vertex 4.77777 2.91573 -0.299999
      vertex 4.46666 2.54944 -0.299999
      vertex 4.69133 2.96193 -0.299999
    endloop
  endfacet
  facet normal -0 0 -1
    outer loop
      vertex 4.69133 2.96193 -0.299999
      vertex 4.46666 2.54944 -0.299999
      vertex 4.59753 2.99039 -0.299999
    endloop
  endfacet
  facet normal 0 0 -1
    outer loop
      vertex 4.41479 2.57716 -0.299999
      vertex 4.59753 2.99039 -0.299999
      vertex 4.46666 2.54944 -0.299999
    endloop
  endfacet
  facet normal -0 0 -1
    outer loop
      vertex 4.59753 2.99039 -0.299999
      vertex 4.41479 2.57716 -0.299999
      vertex 4.5 3 -0.299999
    endloop
  endfacet
  facet normal 0 0 -1
    outer loop
      vertex 4.35852 2.59422 -0.299999
      vertex 4.5 3 -0.299999
      vertex 4.41479 2.57716 -0.299999
    endloop
  endfacet
  facet normal 0 0 -1
    outer loop
      vertex 4.29999 2.59999 -0.299999
      vertex 4.5 3 -0.299999
      vertex 4.35852 2.59422 -0.299999
    endloop
  endfacet
  facet normal 0 0 -1
    outer loop
      vertex -4.29999 2.59999 -0.299999
      vertex 4.5 3 -0.299999
      vertex 4.29999 2.59999 -0.299999
    endloop
  endfacet
  facet normal 0 0 -1
    outer loop
      vertex -4.29999 2.59999 -0.299999
      vertex -4.5 3 -0.299999
      vertex 4.5 3 -0.299999
    endloop
  endfacet
  facet normal 0 0 -1
    outer loop
      vertex -4.35852 2.59422 -0.299999
      vertex -4.5 3 -0.299999
      vertex -4.29999 2.59999 -0.299999
    endloop
  endfacet
  facet normal 0 0 -1
    outer loop
      vertex -4.41479 2.57716 -0.299999
      vertex -4.5 3 -0.299999
      vertex -4.35852 2.59422 -0.299999
    endloop
  endfacet
  facet normal 0 0 -1
    outer loop
      vertex -4.59753 2.99039 -0.299999
      vertex -4.41479 2.57716 -0.299999
      vertex -4.46666 2.54944 -0.299999
    endloop
  endfacet
  facet normal 0 0 -1
    outer loop
      vertex -4.77777 2.91573 -0.299999
      vertex -4.46666 2.54944 -0.299999
      vertex -4.51213 2.51213 -0.299999
    endloop
  endfacet
  facet normal 0 0 -1
    outer loop
      vertex -4.91573 2.77777 -0.299999
      vertex -4.51213 2.51213 -0.299999
      vertex -4.54944 2.46666 -0.299999
    endloop
  endfacet
  facet normal 0 0 -1
    outer loop
      vertex -4.99039 2.59753 -0.299999
      vertex -4.54944 2.46666 -0.299999
      vertex -4.57716 2.41479 -0.299999
    endloop
  endfacet
  facet normal 0 0 -1
    outer loop
      vertex -5 2.5 -0.299999
      vertex -4.57716 2.41479 -0.299999
      vertex -4.59422 2.35852 -0.299999
    endloop
  endfacet
  facet normal 0 0 -1
    outer loop
      vertex -4.41479 2.57716 -0.299999
      vertex -4.59753 2.99039 -0.299999
      vertex -4.5 3 -0.299999
    endloop
  endfacet
  facet normal 0 0 -1
    outer loop
      vertex -5 2.5 -0.299999
      vertex -4.59422 2.35852 -0.299999
      vertex -4.59999 2.29999 -0.299999
    endloop
  endfacet
  facet normal -0 0 -1
    outer loop
      vertex -4.59999 -2.29999 -0.299999
      vertex -5 -2.5 -0.299999
      vertex -4.59999 2.29999 -0.299999
    endloop
  endfacet
  facet normal 0 0 -1
    outer loop
      vertex -5 2.5 -0.299999
      vertex -4.59999 2.29999 -0.299999
      vertex -5 -2.5 -0.299999
    endloop
  endfacet
  facet normal 0 0 -1
    outer loop
      vertex -4.99039 -2.59753 -0.299999
      vertex -4.54944 -2.46666 -0.299999
      vertex -4.96193 -2.69133 -0.299999
    endloop
  endfacet
  facet normal 0 0 -1
    outer loop
      vertex -4.57716 2.41479 -0.299999
      vertex -5 2.5 -0.299999
      vertex -4.99039 2.59753 -0.299999
    endloop
  endfacet
  facet normal -0 0 -1
    outer loop
      vertex -4.54944 -2.46666 -0.299999
      vertex -4.99039 -2.59753 -0.299999
      vertex -4.57716 -2.41479 -0.299999
    endloop
  endfacet
  facet normal 0 0 -1
    outer loop
      vertex -4.46666 2.54944 -0.299999
      vertex -4.69133 2.96193 -0.299999
      vertex -4.59753 2.99039 -0.299999
    endloop
  endfacet
  facet normal 0 0 -1
    outer loop
      vertex -5 -2.5 -0.299999
      vertex -4.57716 -2.41479 -0.299999
      vertex -4.99039 -2.59753 -0.299999
    endloop
  endfacet
  facet normal 0 0 -1
    outer loop
      vertex -4.46666 2.54944 -0.299999
      vertex -4.77777 2.91573 -0.299999
      vertex -4.69133 2.96193 -0.299999
    endloop
  endfacet
  facet normal -0 0 -1
    outer loop
      vertex -4.57716 -2.41479 -0.299999
      vertex -5 -2.5 -0.299999
      vertex -4.59422 -2.35852 -0.299999
    endloop
  endfacet
  facet normal 0 0 -1
    outer loop
      vertex -4.51213 2.51213 -0.299999
      vertex -4.85355 2.85355 -0.299999
      vertex -4.77777 2.91573 -0.299999
    endloop
  endfacet
  facet normal -0 0 -1
    outer loop
      vertex -4.59422 -2.35852 -0.299999
      vertex -5 -2.5 -0.299999
      vertex -4.59999 -2.29999 -0.299999
    endloop
  endfacet
  facet normal 0 0 -1
    outer loop
      vertex -4.51213 2.51213 -0.299999
      vertex -4.91573 2.77777 -0.299999
      vertex -4.85355 2.85355 -0.299999
    endloop
  endfacet
  facet normal 0 0 -1
    outer loop
      vertex -4.54944 2.46666 -0.299999
      vertex -4.96193 2.69133 -0.299999
      vertex -4.91573 2.77777 -0.299999
    endloop
  endfacet
  facet normal 0 0 -1
    outer loop
      vertex -4.54944 2.46666 -0.299999
      vertex -4.99039 2.59753 -0.299999
      vertex -4.96193 2.69133 -0.299999
    endloop
  endfacet
  facet normal 0 0 1
    outer loop
      vertex 4.57716 2.41479 0.299999
      vertex 5 2.5 0.299999
      vertex 4.99039 2.59753 0.299999
    endloop
  endfacet
  facet normal 0 0 1
    outer loop
      vertex 5 2.5 0.299999
      vertex 4.59999 2.29999 0.299999
      vertex 5 -2.5 0.299999
    endloop
  endfacet
  facet normal 0 0 1
    outer loop
      vertex 4.54944 2.46666 0.299999
      vertex 4.99039 2.59753 0.299999
      vertex 4.96193 2.69133 0.299999
    endloop
  endfacet
  facet normal -0 0 1
    outer loop
      vertex 4.59999 -2.29999 0.299999
      vertex 5 -2.5 0.299999
      vertex 4.59999 2.29999 0.299999
    endloop
  endfacet
  facet normal 0 0 1
    outer loop
      vertex 4.54944 2.46666 0.299999
      vertex 4.96193 2.69133 0.299999
      vertex 4.91573 2.77777 0.299999
    endloop
  endfacet
  facet normal -0 0 1
    outer loop
      vertex 4.59422 -2.35852 0.299999
      vertex 5 -2.5 0.299999
      vertex 4.59999 -2.29999 0.299999
    endloop
  endfacet
  facet normal 0 0 1
    outer loop
      vertex 4.51213 2.51213 0.299999
      vertex 4.91573 2.77777 0.299999
      vertex 4.85355 2.85355 0.299999
    endloop
  endfacet
  facet normal -0 0 1
    outer loop
      vertex 4.57716 -2.41479 0.299999
      vertex 5 -2.5 0.299999
      vertex 4.59422 -2.35852 0.299999
    endloop
  endfacet
  facet normal 0 0 1
    outer loop
      vertex 4.51213 2.51213 0.299999
      vertex 4.85355 2.85355 0.299999
      vertex 4.77777 2.91573 0.299999
    endloop
  endfacet
  facet normal 0 0 1
    outer loop
      vertex 5 -2.5 0.299999
      vertex 4.57716 -2.41479 0.299999
      vertex 4.99039 -2.59753 0.299999
    endloop
  endfacet
  facet normal 0 0 1
    outer loop
      vertex 4.46666 2.54944 0.299999
      vertex 4.77777 2.91573 0.299999
      vertex 4.69133 2.96193 0.299999
    endloop
  endfacet
  facet normal -0 0 1
    outer loop
      vertex 4.54944 -2.46666 0.299999
      vertex 4.99039 -2.59753 0.299999
      vertex 4.57716 -2.41479 0.299999
    endloop
  endfacet
  facet normal 0 0 1
    outer loop
      vertex 4.99039 -2.59753 0.299999
      vertex 4.54944 -2.46666 0.299999
      vertex 4.96193 -2.69133 0.299999
    endloop
  endfacet
  facet normal 0 0 1
    outer loop
      vertex 4.46666 2.54944 0.299999
      vertex 4.69133 2.96193 0.299999
      vertex 4.59753 2.99039 0.299999
    endloop
  endfacet
  facet normal 0 0 1
    outer loop
      vertex 5 2.5 0.299999
      vertex 4.59422 2.35852 0.299999
      vertex 4.59999 2.29999 0.299999
    endloop
  endfacet
  facet normal 0 0 1
    outer loop
      vertex 5 2.5 0.299999
      vertex 4.57716 2.41479 0.299999
      vertex 4.59422 2.35852 0.299999
    endloop
  endfacet
  facet normal 0 0 1
    outer loop
      vertex 4.99039 2.59753 0.299999
      vertex 4.54944 2.46666 0.299999
      vertex 4.57716 2.41479 0.299999
    endloop
  endfacet
  facet normal 0 0 1
    outer loop
      vertex 4.91573 2.77777 0.299999
      vertex 4.51213 2.51213 0.299999
      vertex 4.54944 2.46666 0.299999
    endloop
  endfacet
  facet normal 0 0 1
    outer loop
      vertex 4.41479 2.57716 0.299999
      vertex 4.59753 2.99039 0.299999
      vertex 4.5 3 0.299999
    endloop
  endfacet
  facet normal 0 0 1
    outer loop
      vertex 4.77777 2.91573 0.299999
      vertex 4.46666 2.54944 0.299999
      vertex 4.51213 2.51213 0.299999
    endloop
  endfacet
  facet normal 0 0 1
    outer loop
      vertex 4.59753 2.99039 0.299999
      vertex 4.41479 2.57716 0.299999
      vertex 4.46666 2.54944 0.299999
    endloop
  endfacet
  facet normal 0 0 1
    outer loop
      vertex 4.5 3 0.299999
      vertex 4.35852 2.59422 0.299999
      vertex 4.41479 2.57716 0.299999
    endloop
  endfacet
  facet normal 0 0 1
    outer loop
      vertex 4.5 3 0.299999
      vertex 4.29999 2.59999 0.299999
      vertex 4.35852 2.59422 0.299999
    endloop
  endfacet
  facet normal 0 0 1
    outer loop
      vertex 4.5 3 0.299999
      vertex -4.29999 2.59999 0.299999
      vertex 4.29999 2.59999 0.299999
    endloop
  endfacet
  facet normal -0 0 1
    outer loop
      vertex -4.5 3 0.299999
      vertex -4.29999 2.59999 0.299999
      vertex 4.5 3 0.299999
    endloop
  endfacet
  facet normal 0 0 1
    outer loop
      vertex -4.5 3 0.299999
      vertex -4.35852 2.59422 0.299999
      vertex -4.29999 2.59999 0.299999
    endloop
  endfacet
  facet normal 0 0 1
    outer loop
      vertex -4.5 3 0.299999
      vertex -4.41479 2.57716 0.299999
      vertex -4.35852 2.59422 0.299999
    endloop
  endfacet
  facet normal -0 0 1
    outer loop
      vertex -4.59753 2.99039 0.299999
      vertex -4.41479 2.57716 0.299999
      vertex -4.5 3 0.299999
    endloop
  endfacet
  facet normal 0 0 1
    outer loop
      vertex -4.41479 2.57716 0.299999
      vertex -4.59753 2.99039 0.299999
      vertex -4.46666 2.54944 0.299999
    endloop
  endfacet
  facet normal -0 0 1
    outer loop
      vertex -4.69133 2.96193 0.299999
      vertex -4.46666 2.54944 0.299999
      vertex -4.59753 2.99039 0.299999
    endloop
  endfacet
  facet normal -0 0 1
    outer loop
      vertex -4.77777 2.91573 0.299999
      vertex -4.46666 2.54944 0.299999
      vertex -4.69133 2.96193 0.299999
    endloop
  endfacet
  facet normal 0 0 1
    outer loop
      vertex -4.46666 2.54944 0.299999
      vertex -4.77777 2.91573 0.299999
      vertex -4.51213 2.51213 0.299999
    endloop
  endfacet
  facet normal -0 0 1
    outer loop
      vertex -4.85355 2.85355 0.299999
      vertex -4.51213 2.51213 0.299999
      vertex -4.77777 2.91573 0.299999
    endloop
  endfacet
  facet normal -0 0 1
    outer loop
      vertex -4.91573 2.77777 0.299999
      vertex -4.51213 2.51213 0.299999
      vertex -4.85355 2.85355 0.299999
    endloop
  endfacet
  facet normal -0 0 1
    outer loop
      vertex -4.96193 2.69133 0.299999
      vertex -4.54944 2.46666 0.299999
      vertex -4.91573 2.77777 0.299999
    endloop
  endfacet
  facet normal 0 0 1
    outer loop
      vertex -4.51213 2.51213 0.299999
      vertex -4.91573 2.77777 0.299999
      vertex -4.54944 2.46666 0.299999
    endloop
  endfacet
  facet normal 0 0 1
    outer loop
      vertex 4.96193 -2.69133 0.299999
      vertex 4.54944 -2.46666 0.299999
      vertex 4.91573 -2.77777 0.299999
    endloop
  endfacet
  facet normal -0 0 1
    outer loop
      vertex 4.51213 -2.51213 0.299999
      vertex 4.91573 -2.77777 0.299999
      vertex 4.54944 -2.46666 0.299999
    endloop
  endfacet
  facet normal 0 0 1
    outer loop
      vertex 4.91573 -2.77777 0.299999
      vertex 4.51213 -2.51213 0.299999
      vertex 4.85355 -2.85355 0.299999
    endloop
  endfacet
  facet normal 0 0 1
    outer loop
      vertex 4.85355 -2.85355 0.299999
      vertex 4.51213 -2.51213 0.299999
      vertex 4.77777 -2.91573 0.299999
    endloop
  endfacet
  facet normal -0 0 1
    outer loop
      vertex 4.46666 -2.54944 0.299999
      vertex 4.77777 -2.91573 0.299999
      vertex 4.51213 -2.51213 0.299999
    endloop
  endfacet
  facet normal 0 0 1
    outer loop
      vertex 4.77777 -2.91573 0.299999
      vertex 4.46666 -2.54944 0.299999
      vertex 4.69133 -2.96193 0.299999
    endloop
  endfacet
  facet normal 0 0 1
    outer loop
      vertex 4.69133 -2.96193 0.299999
      vertex 4.46666 -2.54944 0.299999
      vertex 4.59753 -2.99039 0.299999
    endloop
  endfacet
  facet normal -0 0 1
    outer loop
      vertex 4.41479 -2.57716 0.299999
      vertex 4.59753 -2.99039 0.299999
      vertex 4.46666 -2.54944 0.299999
    endloop
  endfacet
  facet normal 0 0 1
    outer loop
      vertex 4.59753 -2.99039 0.299999
      vertex 4.41479 -2.57716 0.299999
      vertex 4.5 -3 0.299999
    endloop
  endfacet
  facet normal -0 0 1
    outer loop
      vertex 4.35852 -2.59422 0.299999
      vertex 4.5 -3 0.299999
      vertex 4.41479 -2.57716 0.299999
    endloop
  endfacet
  facet normal -0 0 1
    outer loop
      vertex 4.29999 -2.59999 0.299999
      vertex 4.5 -3 0.299999
      vertex 4.35852 -2.59422 0.299999
    endloop
  endfacet
  facet normal -0 0 1
    outer loop
      vertex -4.29999 -2.59999 0.299999
      vertex 4.5 -3 0.299999
      vertex 4.29999 -2.59999 0.299999
    endloop
  endfacet
  facet normal 0 0 1
    outer loop
      vertex -4.29999 -2.59999 0.299999
      vertex -4.5 -3 0.299999
      vertex 4.5 -3 0.299999
    endloop
  endfacet
  facet normal 0 0 1
    outer loop
      vertex -4.35852 -2.59422 0.299999
      vertex -4.5 -3 0.299999
      vertex -4.29999 -2.59999 0.299999
    endloop
  endfacet
  facet normal 0 0 1
    outer loop
      vertex -4.41479 -2.57716 0.299999
      vertex -4.5 -3 0.299999
      vertex -4.35852 -2.59422 0.299999
    endloop
  endfacet
  facet normal 0 0 1
    outer loop
      vertex -4.59753 -2.99039 0.299999
      vertex -4.41479 -2.57716 0.299999
      vertex -4.46666 -2.54944 0.299999
    endloop
  endfacet
  facet normal 0 0 1
    outer loop
      vertex -4.77777 -2.91573 0.299999
      vertex -4.46666 -2.54944 0.299999
      vertex -4.51213 -2.51213 0.299999
    endloop
  endfacet
  facet normal 0 0 1
    outer loop
      vertex -4.91573 -2.77777 0.299999
      vertex -4.51213 -2.51213 0.299999
      vertex -4.54944 -2.46666 0.299999
    endloop
  endfacet
  facet normal 0 0 1
    outer loop
      vertex -4.99039 -2.59753 0.299999
      vertex -4.54944 -2.46666 0.299999
      vertex -4.57716 -2.41479 0.299999
    endloop
  endfacet
  facet normal 0 0 1
    outer loop
      vertex -5 -2.5 0.299999
      vertex -4.57716 -2.41479 0.299999
      vertex -4.59422 -2.35852 0.299999
    endloop
  endfacet
  facet normal 0 0 1
    outer loop
      vertex -4.41479 -2.57716 0.299999
      vertex -4.59753 -2.99039 0.299999
      vertex -4.5 -3 0.299999
    endloop
  endfacet
  facet normal 0 0 1
    outer loop
      vertex -5 -2.5 0.299999
      vertex -4.59422 -2.35852 0.299999
      vertex -4.59999 -2.29999 0.299999
    endloop
  endfacet
  facet normal 0 0 1
    outer loop
      vertex -4.59999 2.29999 0.299999
      vertex -5 2.5 0.299999
      vertex -4.59999 -2.29999 0.299999
    endloop
  endfacet
  facet normal 0 0 1
    outer loop
      vertex -5 -2.5 0.299999
      vertex -4.59999 -2.29999 0.299999
      vertex -5 2.5 0.299999
    endloop
  endfacet
  facet normal -0 0 1
    outer loop
      vertex -4.99039 2.59753 0.299999
      vertex -4.54944 2.46666 0.299999
      vertex -4.96193 2.69133 0.299999
    endloop
  endfacet
  facet normal 0 0 1
    outer loop
      vertex -4.57716 -2.41479 0.299999
      vertex -5 -2.5 0.299999
      vertex -4.99039 -2.59753 0.299999
    endloop
  endfacet
  facet normal 0 0 1
    outer loop
      vertex -4.54944 2.46666 0.299999
      vertex -4.99039 2.59753 0.299999
      vertex -4.57716 2.41479 0.299999
    endloop
  endfacet
  facet normal 0 0 1
    outer loop
      vertex -4.46666 -2.54944 0.299999
      vertex -4.69133 -2.96193 0.299999
      vertex -4.59753 -2.99039 0.299999
    endloop
  endfacet
  facet normal -0 0 1
    outer loop
      vertex -5 2.5 0.299999
      vertex -4.57716 2.41479 0.299999
      vertex -4.99039 2.59753 0.299999
    endloop
  endfacet
  facet normal 0 0 1
    outer loop
      vertex -4.46666 -2.54944 0.299999
      vertex -4.77777 -2.91573 0.299999
      vertex -4.69133 -2.96193 0.299999
    endloop
  endfacet
  facet normal 0 0 1
    outer loop
      vertex -4.57716 2.41479 0.299999
      vertex -5 2.5 0.299999
      vertex -4.59422 2.35852 0.299999
    endloop
  endfacet
  facet normal 0 0 1
    outer loop
      vertex -4.51213 -2.51213 0.299999
      vertex -4.85355 -2.85355 0.299999
      vertex -4.77777 -2.91573 0.299999
    endloop
  endfacet
  facet normal 0 0 1
    outer loop
      vertex -4.59422 2.35852 0.299999
      vertex -5 2.5 0.299999
      vertex -4.59999 2.29999 0.299999
    endloop
  endfacet
  facet normal 0 0 1
    outer loop
      vertex -4.51213 -2.51213 0.299999
      vertex -4.91573 -2.77777 0.299999
      vertex -4.85355 -2.85355 0.299999
    endloop
  endfacet
  facet normal 0 0 1
    outer loop
      vertex -4.54944 -2.46666 0.299999
      vertex -4.96193 -2.69133 0.299999
      vertex -4.91573 -2.77777 0.299999
    endloop
  endfacet
  facet normal 0 0 1
    outer loop
      vertex -4.54944 -2.46666 0.299999
      vertex -4.99039 -2.59753 0.299999
      vertex -4.96193 -2.69133 0.299999
    endloop
  endfacet
  facet normal 0.290341 -0.956923 0
    outer loop
      vertex 4.59753 -2.99039 -0.299999
      vertex 4.69133 -2.96193 0.299999
      vertex 4.59753 -2.99039 0.299999
    endloop
  endfacet
  facet normal 0.290341 -0.956923 0
    outer loop
      vertex 4.69133 -2.96193 0.299999
      vertex 4.59753 -2.99039 -0.299999
      vertex 4.69133 -2.96193 -0.299999
    endloop
  endfacet
  facet normal 0.471372 -0.881935 0
    outer loop
      vertex 4.69133 -2.96193 -0.299999
      vertex 4.77777 -2.91573 0.299999
      vertex 4.69133 -2.96193 0.299999
    endloop
  endfacet
  facet normal 0.471372 -0.881935 0
    outer loop
      vertex 4.77777 -2.91573 0.299999
      vertex 4.69133 -2.96193 -0.299999
      vertex 4.77777 -2.91573 -0.299999
    endloop
  endfacet
  facet normal 0.634326 -0.773066 0
    outer loop
      vertex 4.77777 -2.91573 -0.299999
      vertex 4.85355 -2.85355 0.299999
      vertex 4.77777 -2.91573 0.299999
    endloop
  endfacet
  facet normal 0.634326 -0.773066 0
    outer loop
      vertex 4.85355 -2.85355 0.299999
      vertex 4.77777 -2.91573 -0.299999
      vertex 4.85355 -2.85355 -0.299999
    endloop
  endfacet
  facet normal 0.773066 -0.634326 0
    outer loop
      vertex 4.85355 -2.85355 0.299999
      vertex 4.91573 -2.77777 -0.299999
      vertex 4.91573 -2.77777 0.299999
    endloop
  endfacet
  facet normal 0.773066 -0.634326 0
    outer loop
      vertex 4.91573 -2.77777 -0.299999
      vertex 4.85355 -2.85355 0.299999
      vertex 4.85355 -2.85355 -0.299999
    endloop
  endfacet
  facet normal 0.881935 -0.471372 0
    outer loop
      vertex 4.91573 -2.77777 0.299999
      vertex 4.96193 -2.69133 -0.299999
      vertex 4.96193 -2.69133 0.299999
    endloop
  endfacet
  facet normal 0.881935 -0.471372 0
    outer loop
      vertex 4.96193 -2.69133 -0.299999
      vertex 4.91573 -2.77777 0.299999
      vertex 4.91573 -2.77777 -0.299999
    endloop
  endfacet
  facet normal 0.956923 -0.290341 0
    outer loop
      vertex 4.96193 -2.69133 0.299999
      vertex 4.99039 -2.59753 -0.299999
      vertex 4.99039 -2.59753 0.299999
    endloop
  endfacet
  facet normal 0.956923 -0.290341 0
    outer loop
      vertex 4.99039 -2.59753 -0.299999
      vertex 4.96193 -2.69133 0.299999
      vertex 4.96193 -2.69133 -0.299999
    endloop
  endfacet
  facet normal 0.995181 -0.0980589 0
    outer loop
      vertex 4.99039 -2.59753 0.299999
      vertex 5 -2.5 -0.299999
      vertex 5 -2.5 0.299999
    endloop
  endfacet
  facet normal 0.995181 -0.0980589 0
    outer loop
      vertex 5 -2.5 -0.299999
      vertex 4.99039 -2.59753 0.299999
      vertex 4.99039 -2.59753 -0.299999
    endloop
  endfacet
  facet normal -1 0 0
    outer loop
      vertex 5 -2.5 0.299999
      vertex 5 2.5 50
      vertex 5 2.5 0.299999
    endloop
  endfacet
  facet normal -1 -0 0
    outer loop
      vertex 5 2.5 50
      vertex 5 -2.5 0.299999
      vertex 5 -2.5 50
    endloop
  endfacet
  facet normal -1 0 0
    outer loop
      vertex 5 -2.5 -50
      vertex 5 2.5 -0.299999
      vertex 5 2.5 -50
    endloop
  endfacet
  facet normal -1 -0 0
    outer loop
      vertex 5 2.5 -0.299999
      vertex 5 -2.5 -50
      vertex 5 -2.5 -0.299999
    endloop
  endfacet
  facet normal 0.995181 0.0980589 0
    outer loop
      vertex 5 2.5 0.299999
      vertex 4.99039 2.59753 -0.299999
      vertex 4.99039 2.59753 0.299999
    endloop
  endfacet
  facet normal 0.995181 0.0980589 0
    outer loop
      vertex 4.99039 2.59753 -0.299999
      vertex 5 2.5 0.299999
      vertex 5 2.5 -0.299999
    endloop
  endfacet
  facet normal 0.956923 0.290341 0
    outer loop
      vertex 4.99039 2.59753 0.299999
      vertex 4.96193 2.69133 -0.299999
      vertex 4.96193 2.69133 0.299999
    endloop
  endfacet
  facet normal 0.956923 0.290341 0
    outer loop
      vertex 4.96193 2.69133 -0.299999
      vertex 4.99039 2.59753 0.299999
      vertex 4.99039 2.59753 -0.299999
    endloop
  endfacet
  facet normal 0.881935 0.471372 0
    outer loop
      vertex 4.96193 2.69133 0.299999
      vertex 4.91573 2.77777 -0.299999
      vertex 4.91573 2.77777 0.299999
    endloop
  endfacet
  facet normal 0.881935 0.471372 0
    outer loop
      vertex 4.91573 2.77777 -0.299999
      vertex 4.96193 2.69133 0.299999
      vertex 4.96193 2.69133 -0.299999
    endloop
  endfacet
  facet normal 0.773066 0.634326 0
    outer loop
      vertex 4.91573 2.77777 0.299999
      vertex 4.85355 2.85355 -0.299999
      vertex 4.85355 2.85355 0.299999
    endloop
  endfacet
  facet normal 0.773066 0.634326 0
    outer loop
      vertex 4.85355 2.85355 -0.299999
      vertex 4.91573 2.77777 0.299999
      vertex 4.91573 2.77777 -0.299999
    endloop
  endfacet
  facet normal 0.634326 0.773066 -0
    outer loop
      vertex 4.85355 2.85355 -0.299999
      vertex 4.77777 2.91573 0.299999
      vertex 4.85355 2.85355 0.299999
    endloop
  endfacet
  facet normal 0.634326 0.773066 0
    outer loop
      vertex 4.77777 2.91573 0.299999
      vertex 4.85355 2.85355 -0.299999
      vertex 4.77777 2.91573 -0.299999
    endloop
  endfacet
  facet normal 0.471372 0.881935 -0
    outer loop
      vertex 4.77777 2.91573 -0.299999
      vertex 4.69133 2.96193 0.299999
      vertex 4.77777 2.91573 0.299999
    endloop
  endfacet
  facet normal 0.471372 0.881935 0
    outer loop
      vertex 4.69133 2.96193 0.299999
      vertex 4.77777 2.91573 -0.299999
      vertex 4.69133 2.96193 -0.299999
    endloop
  endfacet
  facet normal 0.290341 0.956923 -0
    outer loop
      vertex 4.69133 2.96193 -0.299999
      vertex 4.59753 2.99039 0.299999
      vertex 4.69133 2.96193 0.299999
    endloop
  endfacet
  facet normal 0.290341 0.956923 0
    outer loop
      vertex 4.59753 2.99039 0.299999
      vertex 4.69133 2.96193 -0.299999
      vertex 4.59753 2.99039 -0.299999
    endloop
  endfacet
  facet normal 0.0980589 0.995181 -0
    outer loop
      vertex 4.59753 2.99039 -0.299999
      vertex 4.5 3 0.299999
      vertex 4.59753 2.99039 0.299999
    endloop
  endfacet
  facet normal 0.0980589 0.995181 0
    outer loop
      vertex 4.5 3 0.299999
      vertex 4.59753 2.99039 -0.299999
      vertex 4.5 3 -0.299999
    endloop
  endfacet
  facet normal 0 -1 0
    outer loop
      vertex -4.5 3 0.299999
      vertex 4.5 3 50
      vertex -4.5 3 50
    endloop
  endfacet
  facet normal 0 -1 -0
    outer loop
      vertex 4.5 3 50
      vertex -4.5 3 0.299999
      vertex 4.5 3 0.299999
    endloop
  endfacet
  facet normal 0 -1 0
    outer loop
      vertex -4.5 3 -50
      vertex 4.5 3 -0.299999
      vertex -4.5 3 -0.299999
    endloop
  endfacet
  facet normal 0 -1 -0
    outer loop
      vertex 4.5 3 -0.299999
      vertex -4.5 3 -50
      vertex 4.5 3 -50
    endloop
  endfacet
  facet normal -0.0980589 0.995181 0
    outer loop
      vertex -4.5 3 -0.299999
      vertex -4.59753 2.99039 0.299999
      vertex -4.5 3 0.299999
    endloop
  endfacet
  facet normal -0.0980589 0.995181 0
    outer loop
      vertex -4.59753 2.99039 0.299999
      vertex -4.5 3 -0.299999
      vertex -4.59753 2.99039 -0.299999
    endloop
  endfacet
  facet normal -0.290341 0.956923 0
    outer loop
      vertex -4.59753 2.99039 -0.299999
      vertex -4.69133 2.96193 0.299999
      vertex -4.59753 2.99039 0.299999
    endloop
  endfacet
  facet normal -0.290341 0.956923 0
    outer loop
      vertex -4.69133 2.96193 0.299999
      vertex -4.59753 2.99039 -0.299999
      vertex -4.69133 2.96193 -0.299999
    endloop
  endfacet
  facet normal -0.471372 0.881935 0
    outer loop
      vertex -4.69133 2.96193 -0.299999
      vertex -4.77777 2.91573 0.299999
      vertex -4.69133 2.96193 0.299999
    endloop
  endfacet
  facet normal -0.471372 0.881935 0
    outer loop
      vertex -4.77777 2.91573 0.299999
      vertex -4.69133 2.96193 -0.299999
      vertex -4.77777 2.91573 -0.299999
    endloop
  endfacet
  facet normal -0.634326 0.773066 0
    outer loop
      vertex -4.77777 2.91573 -0.299999
      vertex -4.85355 2.85355 0.299999
      vertex -4.77777 2.91573 0.299999
    endloop
  endfacet
  facet normal -0.634326 0.773066 0
    outer loop
      vertex -4.85355 2.85355 0.299999
      vertex -4.77777 2.91573 -0.299999
      vertex -4.85355 2.85355 -0.299999
    endloop
  endfacet
  facet normal -0.773066 0.634326 0
    outer loop
      vertex -4.91573 2.77777 -0.299999
      vertex -4.85355 2.85355 0.299999
      vertex -4.85355 2.85355 -0.299999
    endloop
  endfacet
  facet normal -0.773066 0.634326 0
    outer loop
      vertex -4.85355 2.85355 0.299999
      vertex -4.91573 2.77777 -0.299999
      vertex -4.91573 2.77777 0.299999
    endloop
  endfacet
  facet normal -0.881935 0.471372 0
    outer loop
      vertex -4.96193 2.69133 -0.299999
      vertex -4.91573 2.77777 0.299999
      vertex -4.91573 2.77777 -0.299999
    endloop
  endfacet
  facet normal -0.881935 0.471372 0
    outer loop
      vertex -4.91573 2.77777 0.299999
      vertex -4.96193 2.69133 -0.299999
      vertex -4.96193 2.69133 0.299999
    endloop
  endfacet
  facet normal -0.956923 0.290341 0
    outer loop
      vertex -4.99039 2.59753 -0.299999
      vertex -4.96193 2.69133 0.299999
      vertex -4.96193 2.69133 -0.299999
    endloop
  endfacet
  facet normal -0.956923 0.290341 0
    outer loop
      vertex -4.96193 2.69133 0.299999
      vertex -4.99039 2.59753 -0.299999
      vertex -4.99039 2.59753 0.299999
    endloop
  endfacet
  facet normal -0.995181 0.0980589 0
    outer loop
      vertex -5 2.5 -0.299999
      vertex -4.99039 2.59753 0.299999
      vertex -4.99039 2.59753 -0.299999
    endloop
  endfacet
  facet normal -0.995181 0.0980589 0
    outer loop
      vertex -4.99039 2.59753 0.299999
      vertex -5 2.5 -0.299999
      vertex -5 2.5 0.299999
    endloop
  endfacet
  facet normal 1 -0 0
    outer loop
      vertex -5 -2.5 50
      vertex -5 2.5 0.299999
      vertex -5 2.5 50
    endloop
  endfacet
  facet normal 1 0 0
    outer loop
      vertex -5 2.5 0.299999
      vertex -5 -2.5 50
      vertex -5 -2.5 0.299999
    endloop
  endfacet
  facet normal 1 -0 0
    outer loop
      vertex -5 -2.5 -0.299999
      vertex -5 2.5 -50
      vertex -5 2.5 -0.299999
    endloop
  endfacet
  facet normal 1 0 0
    outer loop
      vertex -5 2.5 -50
      vertex -5 -2.5 -0.299999
      vertex -5 -2.5 -50
    endloop
  endfacet
  facet normal -0.995181 -0.0980589 0
    outer loop
      vertex -4.99039 -2.59753 -0.299999
      vertex -5 -2.5 0.299999
      vertex -5 -2.5 -0.299999
    endloop
  endfacet
  facet normal -0.995181 -0.0980589 0
    outer loop
      vertex -5 -2.5 0.299999
      vertex -4.99039 -2.59753 -0.299999
      vertex -4.99039 -2.59753 0.299999
    endloop
  endfacet
  facet normal -0.956923 -0.290341 0
    outer loop
      vertex -4.96193 -2.69133 -0.299999
      vertex -4.99039 -2.59753 0.299999
      vertex -4.99039 -2.59753 -0.299999
    endloop
  endfacet
  facet normal -0.956923 -0.290341 0
    outer loop
      vertex -4.99039 -2.59753 0.299999
      vertex -4.96193 -2.69133 -0.299999
      vertex -4.96193 -2.69133 0.299999
    endloop
  endfacet
  facet normal -0.881935 -0.471372 0
    outer loop
      vertex -4.91573 -2.77777 -0.299999
      vertex -4.96193 -2.69133 0.299999
      vertex -4.96193 -2.69133 -0.299999
    endloop
  endfacet
  facet normal -0.881935 -0.471372 0
    outer loop
      vertex -4.96193 -2.69133 0.299999
      vertex -4.91573 -2.77777 -0.299999
      vertex -4.91573 -2.77777 0.299999
    endloop
  endfacet
  facet normal -0.773066 -0.634326 0
    outer loop
      vertex -4.85355 -2.85355 -0.299999
      vertex -4.91573 -2.77777 0.299999
      vertex -4.91573 -2.77777 -0.299999
    endloop
  endfacet
  facet normal -0.773066 -0.634326 0
    outer loop
      vertex -4.91573 -2.77777 0.299999
      vertex -4.85355 -2.85355 -0.299999
      vertex -4.85355 -2.85355 0.299999
    endloop
  endfacet
  facet normal -0.634326 -0.773066 0
    outer loop
      vertex -4.85355 -2.85355 -0.299999
      vertex -4.77777 -2.91573 0.299999
      vertex -4.85355 -2.85355 0.299999
    endloop
  endfacet
  facet normal -0.634326 -0.773066 -0
    outer loop
      vertex -4.77777 -2.91573 0.299999
      vertex -4.85355 -2.85355 -0.299999
      vertex -4.77777 -2.91573 -0.299999
    endloop
  endfacet
  facet normal -0.471372 -0.881935 0
    outer loop
      vertex -4.77777 -2.91573 -0.299999
      vertex -4.69133 -2.96193 0.299999
      vertex -4.77777 -2.91573 0.299999
    endloop
  endfacet
  facet normal -0.471372 -0.881935 -0
    outer loop
      vertex -4.69133 -2.96193 0.299999
      vertex -4.77777 -2.91573 -0.299999
      vertex -4.69133 -2.96193 -0.299999
    endloop
  endfacet
  facet normal -0.290341 -0.956923 0
    outer loop
      vertex -4.69133 -2.96193 -0.299999
      vertex -4.59753 -2.99039 0.299999
      vertex -4.69133 -2.96193 0.299999
    endloop
  endfacet
  facet normal -0.290341 -0.956923 -0
    outer loop
      vertex -4.59753 -2.99039 0.299999
      vertex -4.69133 -2.96193 -0.299999
      vertex -4.59753 -2.99039 -0.299999
    endloop
  endfacet
  facet normal -0.0980589 -0.995181 0
    outer loop
      vertex -4.59753 -2.99039 -0.299999
      vertex -4.5 -3 0.299999
      vertex -4.59753 -2.99039 0.299999
    endloop
  endfacet
  facet normal -0.0980589 -0.995181 -0
    outer loop
      vertex -4.5 -3 0.299999
      vertex -4.59753 -2.99039 -0.299999
      vertex -4.5 -3 -0.299999
    endloop
  endfacet
  facet normal 0 1 -0
    outer loop
      vertex 4.5 -3 0.299999
      vertex -4.5 -3 50
      vertex 4.5 -3 50
    endloop
  endfacet
  facet normal 0 1 0
    outer loop
      vertex -4.5 -3 50
      vertex 4.5 -3 0.299999
      vertex -4.5 -3 0.299999
    endloop
  endfacet
  facet normal 0 1 -0
    outer loop
      vertex 4.5 -3 -50
      vertex -4.5 -3 -0.299999
      vertex 4.5 -3 -0.299999
    endloop
  endfacet
  facet normal 0 1 0
    outer loop
      vertex -4.5 -3 -0.299999
      vertex 4.5 -3 -50
      vertex -4.5 -3 -50
    endloop
  endfacet
  facet normal 0.0980589 -0.995181 0
    outer loop
      vertex 4.5 -3 -0.299999
      vertex 4.59753 -2.99039 0.299999
      vertex 4.5 -3 0.299999
    endloop
  endfacet
  facet normal 0.0980589 -0.995181 0
    outer loop
      vertex 4.59753 -2.99039 0.299999
      vertex 4.5 -3 -0.299999
      vertex 4.59753 -2.99039 -0.299999
    endloop
  endfacet
  facet normal 0.0981064 0.995176 -0
    outer loop
      vertex -4.29999 -2.59999 -0.299999
      vertex -4.35852 -2.59422 0.299999
      vertex -4.29999 -2.59999 0.299999
    endloop
  endfacet
  facet normal 0.0981064 0.995176 0
    outer loop
      vertex -4.35852 -2.59422 0.299999
      vertex -4.29999 -2.59999 -0.299999
      vertex -4.35852 -2.59422 -0.299999
    endloop
  endfacet
  facet normal 0.29014 0.956984 -0
    outer loop
      vertex -4.35852 -2.59422 -0.299999
      vertex -4.41479 -2.57716 0.299999
      vertex -4.35852 -2.59422 0.299999
    endloop
  endfacet
  facet normal 0.29014 0.956984 0
    outer loop
      vertex -4.41479 -2.57716 0.299999
      vertex -4.35852 -2.59422 -0.299999
      vertex -4.41479 -2.57716 -0.299999
    endloop
  endfacet
  facet normal 0.471329 0.881957 -0
    outer loop
      vertex -4.41479 -2.57716 -0.299999
      vertex -4.46666 -2.54944 0.299999
      vertex -4.41479 -2.57716 0.299999
    endloop
  endfacet
  facet normal 0.471329 0.881957 0
    outer loop
      vertex -4.46666 -2.54944 0.299999
      vertex -4.41479 -2.57716 -0.299999
      vertex -4.46666 -2.54944 -0.299999
    endloop
  endfacet
  facet normal 0.63433 0.773063 -0
    outer loop
      vertex -4.46666 -2.54944 -0.299999
      vertex -4.51213 -2.51213 0.299999
      vertex -4.46666 -2.54944 0.299999
    endloop
  endfacet
  facet normal 0.63433 0.773063 0
    outer loop
      vertex -4.51213 -2.51213 0.299999
      vertex -4.46666 -2.54944 -0.299999
      vertex -4.51213 -2.51213 -0.299999
    endloop
  endfacet
  facet normal 0.773063 0.63433 0
    outer loop
      vertex -4.51213 -2.51213 0.299999
      vertex -4.54944 -2.46666 -0.299999
      vertex -4.54944 -2.46666 0.299999
    endloop
  endfacet
  facet normal 0.773063 0.63433 0
    outer loop
      vertex -4.54944 -2.46666 -0.299999
      vertex -4.51213 -2.51213 0.299999
      vertex -4.51213 -2.51213 -0.299999
    endloop
  endfacet
  facet normal 0.881957 0.471329 0
    outer loop
      vertex -4.54944 -2.46666 0.299999
      vertex -4.57716 -2.41479 -0.299999
      vertex -4.57716 -2.41479 0.299999
    endloop
  endfacet
  facet normal 0.881957 0.471329 0
    outer loop
      vertex -4.57716 -2.41479 -0.299999
      vertex -4.54944 -2.46666 0.299999
      vertex -4.54944 -2.46666 -0.299999
    endloop
  endfacet
  facet normal 0.956984 0.29014 0
    outer loop
      vertex -4.57716 -2.41479 0.299999
      vertex -4.59422 -2.35852 -0.299999
      vertex -4.59422 -2.35852 0.299999
    endloop
  endfacet
  facet normal 0.956984 0.29014 0
    outer loop
      vertex -4.59422 -2.35852 -0.299999
      vertex -4.57716 -2.41479 0.299999
      vertex -4.57716 -2.41479 -0.299999
    endloop
  endfacet
  facet normal 0.995176 0.0981064 0
    outer loop
      vertex -4.59422 -2.35852 0.299999
      vertex -4.59999 -2.29999 -0.299999
      vertex -4.59999 -2.29999 0.299999
    endloop
  endfacet
  facet normal 0.995176 0.0981064 0
    outer loop
      vertex -4.59999 -2.29999 -0.299999
      vertex -4.59422 -2.35852 0.299999
      vertex -4.59422 -2.35852 -0.299999
    endloop
  endfacet
  facet normal 1 -0 0
    outer loop
      vertex -4.59999 -2.29999 0.299999
      vertex -4.59999 2.29999 -0.299999
      vertex -4.59999 2.29999 0.299999
    endloop
  endfacet
  facet normal 1 0 0
    outer loop
      vertex -4.59999 2.29999 -0.299999
      vertex -4.59999 -2.29999 0.299999
      vertex -4.59999 -2.29999 -0.299999
    endloop
  endfacet
  facet normal 0.995176 -0.0981064 0
    outer loop
      vertex -4.59999 2.29999 0.299999
      vertex -4.59422 2.35852 -0.299999
      vertex -4.59422 2.35852 0.299999
    endloop
  endfacet
  facet normal 0.995176 -0.0981064 0
    outer loop
      vertex -4.59422 2.35852 -0.299999
      vertex -4.59999 2.29999 0.299999
      vertex -4.59999 2.29999 -0.299999
    endloop
  endfacet
  facet normal 0.956984 -0.29014 0
    outer loop
      vertex -4.59422 2.35852 0.299999
      vertex -4.57716 2.41479 -0.299999
      vertex -4.57716 2.41479 0.299999
    endloop
  endfacet
  facet normal 0.956984 -0.29014 0
    outer loop
      vertex -4.57716 2.41479 -0.299999
      vertex -4.59422 2.35852 0.299999
      vertex -4.59422 2.35852 -0.299999
    endloop
  endfacet
  facet normal 0.881957 -0.471329 0
    outer loop
      vertex -4.57716 2.41479 0.299999
      vertex -4.54944 2.46666 -0.299999
      vertex -4.54944 2.46666 0.299999
    endloop
  endfacet
  facet normal 0.881957 -0.471329 0
    outer loop
      vertex -4.54944 2.46666 -0.299999
      vertex -4.57716 2.41479 0.299999
      vertex -4.57716 2.41479 -0.299999
    endloop
  endfacet
  facet normal 0.773063 -0.63433 0
    outer loop
      vertex -4.54944 2.46666 0.299999
      vertex -4.51213 2.51213 -0.299999
      vertex -4.51213 2.51213 0.299999
    endloop
  endfacet
  facet normal 0.773063 -0.63433 0
    outer loop
      vertex -4.51213 2.51213 -0.299999
      vertex -4.54944 2.46666 0.299999
      vertex -4.54944 2.46666 -0.299999
    endloop
  endfacet
  facet normal 0.63433 -0.773063 0
    outer loop
      vertex -4.51213 2.51213 -0.299999
      vertex -4.46666 2.54944 0.299999
      vertex -4.51213 2.51213 0.299999
    endloop
  endfacet
  facet normal 0.63433 -0.773063 0
    outer loop
      vertex -4.46666 2.54944 0.299999
      vertex -4.51213 2.51213 -0.299999
      vertex -4.46666 2.54944 -0.299999
    endloop
  endfacet
  facet normal 0.471329 -0.881957 0
    outer loop
      vertex -4.46666 2.54944 -0.299999
      vertex -4.41479 2.57716 0.299999
      vertex -4.46666 2.54944 0.299999
    endloop
  endfacet
  facet normal 0.471329 -0.881957 0
    outer loop
      vertex -4.41479 2.57716 0.299999
      vertex -4.46666 2.54944 -0.299999
      vertex -4.41479 2.57716 -0.299999
    endloop
  endfacet
  facet normal 0.29014 -0.956984 0
    outer loop
      vertex -4.41479 2.57716 -0.299999
      vertex -4.35852 2.59422 0.299999
      vertex -4.41479 2.57716 0.299999
    endloop
  endfacet
  facet normal 0.29014 -0.956984 0
    outer loop
      vertex -4.35852 2.59422 0.299999
      vertex -4.41479 2.57716 -0.299999
      vertex -4.35852 2.59422 -0.299999
    endloop
  endfacet
  facet normal 0.0981064 -0.995176 0
    outer loop
      vertex -4.35852 2.59422 -0.299999
      vertex -4.29999 2.59999 0.299999
      vertex -4.35852 2.59422 0.299999
    endloop
  endfacet
  facet normal 0.0981064 -0.995176 0
    outer loop
      vertex -4.29999 2.59999 0.299999
      vertex -4.35852 2.59422 -0.299999
      vertex -4.29999 2.59999 -0.299999
    endloop
  endfacet
  facet normal 0 -1 0
    outer loop
      vertex -4.29999 2.59999 -0.299999
      vertex 4.29999 2.59999 0.299999
      vertex -4.29999 2.59999 0.299999
    endloop
  endfacet
  facet normal 0 -1 -0
    outer loop
      vertex 4.29999 2.59999 0.299999
      vertex -4.29999 2.59999 -0.299999
      vertex 4.29999 2.59999 -0.299999
    endloop
  endfacet
  facet normal -0.0981064 -0.995176 0
    outer loop
      vertex 4.29999 2.59999 -0.299999
      vertex 4.35852 2.59422 0.299999
      vertex 4.29999 2.59999 0.299999
    endloop
  endfacet
  facet normal -0.0981064 -0.995176 -0
    outer loop
      vertex 4.35852 2.59422 0.299999
      vertex 4.29999 2.59999 -0.299999
      vertex 4.35852 2.59422 -0.299999
    endloop
  endfacet
  facet normal -0.29014 -0.956984 0
    outer loop
      vertex 4.35852 2.59422 -0.299999
      vertex 4.41479 2.57716 0.299999
      vertex 4.35852 2.59422 0.299999
    endloop
  endfacet
  facet normal -0.29014 -0.956984 -0
    outer loop
      vertex 4.41479 2.57716 0.299999
      vertex 4.35852 2.59422 -0.299999
      vertex 4.41479 2.57716 -0.299999
    endloop
  endfacet
  facet normal -0.471329 -0.881957 0
    outer loop
      vertex 4.41479 2.57716 -0.299999
      vertex 4.46666 2.54944 0.299999
      vertex 4.41479 2.57716 0.299999
    endloop
  endfacet
  facet normal -0.471329 -0.881957 -0
    outer loop
      vertex 4.46666 2.54944 0.299999
      vertex 4.41479 2.57716 -0.299999
      vertex 4.46666 2.54944 -0.299999
    endloop
  endfacet
  facet normal -0.63433 -0.773063 0
    outer loop
      vertex 4.46666 2.54944 -0.299999
      vertex 4.51213 2.51213 0.299999
      vertex 4.46666 2.54944 0.299999
    endloop
  endfacet
  facet normal -0.63433 -0.773063 -0
    outer loop
      vertex 4.51213 2.51213 0.299999
      vertex 4.46666 2.54944 -0.299999
      vertex 4.51213 2.51213 -0.299999
    endloop
  endfacet
  facet normal -0.773063 -0.63433 0
    outer loop
      vertex 4.54944 2.46666 -0.299999
      vertex 4.51213 2.51213 0.299999
      vertex 4.51213 2.51213 -0.299999
    endloop
  endfacet
  facet normal -0.773063 -0.63433 0
    outer loop
      vertex 4.51213 2.51213 0.299999
      vertex 4.54944 2.46666 -0.299999
      vertex 4.54944 2.46666 0.299999
    endloop
  endfacet
  facet normal -0.881957 -0.471329 0
    outer loop
      vertex 4.57716 2.41479 -0.299999
      vertex 4.54944 2.46666 0.299999
      vertex 4.54944 2.46666 -0.299999
    endloop
  endfacet
  facet normal -0.881957 -0.471329 0
    outer loop
      vertex 4.54944 2.46666 0.299999
      vertex 4.57716 2.41479 -0.299999
      vertex 4.57716 2.41479 0.299999
    endloop
  endfacet
  facet normal -0.956984 -0.29014 0
    outer loop
      vertex 4.59422 2.35852 -0.299999
      vertex 4.57716 2.41479 0.299999
      vertex 4.57716 2.41479 -0.299999
    endloop
  endfacet
  facet normal -0.956984 -0.29014 0
    outer loop
      vertex 4.57716 2.41479 0.299999
      vertex 4.59422 2.35852 -0.299999
      vertex 4.59422 2.35852 0.299999
    endloop
  endfacet
  facet normal -0.995176 -0.0981064 0
    outer loop
      vertex 4.59999 2.29999 -0.299999
      vertex 4.59422 2.35852 0.299999
      vertex 4.59422 2.35852 -0.299999
    endloop
  endfacet
  facet normal -0.995176 -0.0981064 0
    outer loop
      vertex 4.59422 2.35852 0.299999
      vertex 4.59999 2.29999 -0.299999
      vertex 4.59999 2.29999 0.299999
    endloop
  endfacet
  facet normal -1 0 0
    outer loop
      vertex 4.59999 -2.29999 -0.299999
      vertex 4.59999 2.29999 0.299999
      vertex 4.59999 2.29999 -0.299999
    endloop
  endfacet
  facet normal -1 -0 0
    outer loop
      vertex 4.59999 2.29999 0.299999
      vertex 4.59999 -2.29999 -0.299999
      vertex 4.59999 -2.29999 0.299999
    endloop
  endfacet
  facet normal -0.995176 0.0981064 0
    outer loop
      vertex 4.59422 -2.35852 -0.299999
      vertex 4.59999 -2.29999 0.299999
      vertex 4.59999 -2.29999 -0.299999
    endloop
  endfacet
  facet normal -0.995176 0.0981064 0
    outer loop
      vertex 4.59999 -2.29999 0.299999
      vertex 4.59422 -2.35852 -0.299999
      vertex 4.59422 -2.35852 0.299999
    endloop
  endfacet
  facet normal -0.956984 0.29014 0
    outer loop
      vertex 4.57716 -2.41479 -0.299999
      vertex 4.59422 -2.35852 0.299999
      vertex 4.59422 -2.35852 -0.299999
    endloop
  endfacet
  facet normal -0.956984 0.29014 0
    outer loop
      vertex 4.59422 -2.35852 0.299999
      vertex 4.57716 -2.41479 -0.299999
      vertex 4.57716 -2.41479 0.299999
    endloop
  endfacet
  facet normal -0.881957 0.471329 0
    outer loop
      vertex 4.54944 -2.46666 -0.299999
      vertex 4.57716 -2.41479 0.299999
      vertex 4.57716 -2.41479 -0.299999
    endloop
  endfacet
  facet normal -0.881957 0.471329 0
    outer loop
      vertex 4.57716 -2.41479 0.299999
      vertex 4.54944 -2.46666 -0.299999
      vertex 4.54944 -2.46666 0.299999
    endloop
  endfacet
  facet normal -0.773063 0.63433 0
    outer loop
      vertex 4.51213 -2.51213 -0.299999
      vertex 4.54944 -2.46666 0.299999
      vertex 4.54944 -2.46666 -0.299999
    endloop
  endfacet
  facet normal -0.773063 0.63433 0
    outer loop
      vertex 4.54944 -2.46666 0.299999
      vertex 4.51213 -2.51213 -0.299999
      vertex 4.51213 -2.51213 0.299999
    endloop
  endfacet
  facet normal -0.63433 0.773063 0
    outer loop
      vertex 4.51213 -2.51213 -0.299999
      vertex 4.46666 -2.54944 0.299999
      vertex 4.51213 -2.51213 0.299999
    endloop
  endfacet
  facet normal -0.63433 0.773063 0
    outer loop
      vertex 4.46666 -2.54944 0.299999
      vertex 4.51213 -2.51213 -0.299999
      vertex 4.46666 -2.54944 -0.299999
    endloop
  endfacet
  facet normal -0.471329 0.881957 0
    outer loop
      vertex 4.46666 -2.54944 -0.299999
      vertex 4.41479 -2.57716 0.299999
      vertex 4.46666 -2.54944 0.299999
    endloop
  endfacet
  facet normal -0.471329 0.881957 0
    outer loop
      vertex 4.41479 -2.57716 0.299999
      vertex 4.46666 -2.54944 -0.299999
      vertex 4.41479 -2.57716 -0.299999
    endloop
  endfacet
  facet normal -0.29014 0.956984 0
    outer loop
      vertex 4.41479 -2.57716 -0.299999
      vertex 4.35852 -2.59422 0.299999
      vertex 4.41479 -2.57716 0.299999
    endloop
  endfacet
  facet normal -0.29014 0.956984 0
    outer loop
      vertex 4.35852 -2.59422 0.299999
      vertex 4.41479 -2.57716 -0.299999
      vertex 4.35852 -2.59422 -0.299999
    endloop
  endfacet
  facet normal -0.0981064 0.995176 0
    outer loop
      vertex 4.35852 -2.59422 -0.299999
      vertex 4.29999 -2.59999 0.299999
      vertex 4.35852 -2.59422 0.299999
    endloop
  endfacet
  facet normal -0.0981064 0.995176 0
    outer loop
      vertex 4.29999 -2.59999 0.299999
      vertex 4.35852 -2.59422 -0.299999
      vertex 4.29999 -2.59999 -0.299999
    endloop
  endfacet
  facet normal 0 1 -0
    outer loop
      vertex 4.29999 -2.59999 -0.299999
      vertex -4.29999 -2.59999 0.299999
      vertex 4.29999 -2.59999 0.299999
    endloop
  endfacet
  facet normal 0 1 0
    outer loop
      vertex -4.29999 -2.59999 0.299999
      vertex 4.29999 -2.59999 -0.299999
      vertex -4.29999 -2.59999 -0.299999
    endloop
  endfacet
  facet normal 1 -0 0
    outer loop
      vertex 6 -4 50
      vertex 6 4 -50
      vertex 6 4 50
    endloop
  endfacet
  facet normal 1 0 0
    outer loop
      vertex 6 4 -50
      vertex 6 -4 50
      vertex 6 -4 -50
    endloop
  endfacet
  facet normal 0 0 1
    outer loop
      vertex 6 4 50
      vertex 5 2.5 50
      vertex 6 -4 50
    endloop
  endfacet
  facet normal 0 0 1
    outer loop
      vertex 6 4 50
      vertex 4.99039 2.59754 50
      vertex 5 2.5 50
    endloop
  endfacet
  facet normal 0 0 1
    outer loop
      vertex 6 4 50
      vertex 4.96194 2.69134 50
      vertex 4.99039 2.59754 50
    endloop
  endfacet
  facet normal 0 0 1
    outer loop
      vertex 6 4 50
      vertex 4.91573 2.77778 50
      vertex 4.96194 2.69134 50
    endloop
  endfacet
  facet normal 0 0 1
    outer loop
      vertex 6 4 50
      vertex 4.85355 2.85355 50
      vertex 4.91573 2.77778 50
    endloop
  endfacet
  facet normal 0 0 1
    outer loop
      vertex 6 4 50
      vertex 4.77778 2.91573 50
      vertex 4.85355 2.85355 50
    endloop
  endfacet
  facet normal 0 0 1
    outer loop
      vertex 6 4 50
      vertex 4.69134 2.96194 50
      vertex 4.77778 2.91573 50
    endloop
  endfacet
  facet normal 0 0 1
    outer loop
      vertex 6 4 50
      vertex 4.59754 2.99039 50
      vertex 4.69134 2.96194 50
    endloop
  endfacet
  facet normal 0 0 1
    outer loop
      vertex 6 4 50
      vertex 4.5 3 50
      vertex 4.59754 2.99039 50
    endloop
  endfacet
  facet normal 0 0 1
    outer loop
      vertex 6 4 50
      vertex -4.5 3 50
      vertex 4.5 3 50
    endloop
  endfacet
  facet normal 0 0 1
    outer loop
      vertex -5 2.5 50
      vertex -6 4 50
      vertex -5 -2.5 50
    endloop
  endfacet
  facet normal 0 0 1
    outer loop
      vertex -4.99039 2.59754 50
      vertex -6 4 50
      vertex -5 2.5 50
    endloop
  endfacet
  facet normal 0 0 1
    outer loop
      vertex -4.96194 2.69134 50
      vertex -6 4 50
      vertex -4.99039 2.59754 50
    endloop
  endfacet
  facet normal 0 0 1
    outer loop
      vertex -4.91573 2.77778 50
      vertex -6 4 50
      vertex -4.96194 2.69134 50
    endloop
  endfacet
  facet normal 0 0 1
    outer loop
      vertex -4.85355 2.85355 50
      vertex -6 4 50
      vertex -4.91573 2.77778 50
    endloop
  endfacet
  facet normal 0 0 1
    outer loop
      vertex -4.77778 2.91573 50
      vertex -6 4 50
      vertex -4.85355 2.85355 50
    endloop
  endfacet
  facet normal 0 0 1
    outer loop
      vertex -4.69134 2.96194 50
      vertex -6 4 50
      vertex -4.77778 2.91573 50
    endloop
  endfacet
  facet normal 0 0 1
    outer loop
      vertex -4.59754 2.99039 50
      vertex -6 4 50
      vertex -4.69134 2.96194 50
    endloop
  endfacet
  facet normal 0 0 1
    outer loop
      vertex -4.5 3 50
      vertex -6 4 50
      vertex -4.59754 2.99039 50
    endloop
  endfacet
  facet normal -0 0 1
    outer loop
      vertex -6 4 50
      vertex -4.5 3 50
      vertex 6 4 50
    endloop
  endfacet
  facet normal -0 0 1
    outer loop
      vertex 5 -2.5 50
      vertex 6 -4 50
      vertex 5 2.5 50
    endloop
  endfacet
  facet normal -0 0 1
    outer loop
      vertex 4.99039 -2.59754 50
      vertex 6 -4 50
      vertex 5 -2.5 50
    endloop
  endfacet
  facet normal -0 0 1
    outer loop
      vertex 4.96194 -2.69134 50
      vertex 6 -4 50
      vertex 4.99039 -2.59754 50
    endloop
  endfacet
  facet normal -0 0 1
    outer loop
      vertex 4.91573 -2.77778 50
      vertex 6 -4 50
      vertex 4.96194 -2.69134 50
    endloop
  endfacet
  facet normal -0 0 1
    outer loop
      vertex 4.85355 -2.85355 50
      vertex 6 -4 50
      vertex 4.91573 -2.77778 50
    endloop
  endfacet
  facet normal -0 0 1
    outer loop
      vertex 4.77778 -2.91573 50
      vertex 6 -4 50
      vertex 4.85355 -2.85355 50
    endloop
  endfacet
  facet normal -0 0 1
    outer loop
      vertex 4.69134 -2.96194 50
      vertex 6 -4 50
      vertex 4.77778 -2.91573 50
    endloop
  endfacet
  facet normal -0 0 1
    outer loop
      vertex 4.59754 -2.99039 50
      vertex 6 -4 50
      vertex 4.69134 -2.96194 50
    endloop
  endfacet
  facet normal -0 0 1
    outer loop
      vertex 4.5 -3 50
      vertex 6 -4 50
      vertex 4.59754 -2.99039 50
    endloop
  endfacet
  facet normal -0 0 1
    outer loop
      vertex -4.5 -3 50
      vertex 6 -4 50
      vertex 4.5 -3 50
    endloop
  endfacet
  facet normal 0 0 1
    outer loop
      vertex -6 -4 50
      vertex -5 -2.5 50
      vertex -6 4 50
    endloop
  endfacet
  facet normal 0 0 1
    outer loop
      vertex -4.5 -3 50
      vertex -6 -4 50
      vertex 6 -4 50
    endloop
  endfacet
  facet normal 0 0 1
    outer loop
      vertex -4.59754 -2.99039 50
      vertex -6 -4 50
      vertex -4.5 -3 50
    endloop
  endfacet
  facet normal 0 0 1
    outer loop
      vertex -4.69134 -2.96194 50
      vertex -6 -4 50
      vertex -4.59754 -2.99039 50
    endloop
  endfacet
  facet normal 0 0 1
    outer loop
      vertex -4.77778 -2.91573 50
      vertex -6 -4 50
      vertex -4.69134 -2.96194 50
    endloop
  endfacet
  facet normal 0 0 1
    outer loop
      vertex -4.85355 -2.85355 50
      vertex -6 -4 50
      vertex -4.77778 -2.91573 50
    endloop
  endfacet
  facet normal 0 0 1
    outer loop
      vertex -4.91573 -2.77778 50
      vertex -6 -4 50
      vertex -4.85355 -2.85355 50
    endloop
  endfacet
  facet normal 0 0 1
    outer loop
      vertex -4.96194 -2.69134 50
      vertex -6 -4 50
      vertex -4.91573 -2.77778 50
    endloop
  endfacet
  facet normal 0 0 1
    outer loop
      vertex -4.99039 -2.59754 50
      vertex -6 -4 50
      vertex -4.96194 -2.69134 50
    endloop
  endfacet
  facet normal 0 0 1
    outer loop
      vertex -5 -2.5 50
      vertex -6 -4 50
      vertex -4.99039 -2.59754 50
    endloop
  endfacet
  facet normal 0 0 -1
    outer loop
      vertex 6 -4 -50
      vertex 5 -2.5 -50
      vertex 6 4 -50
    endloop
  endfacet
  facet normal 0 0 -1
    outer loop
      vertex 6 -4 -50
      vertex 4.99039 -2.59754 -50
      vertex 5 -2.5 -50
    endloop
  endfacet
  facet normal 0 0 -1
    outer loop
      vertex 6 -4 -50
      vertex 4.96194 -2.69134 -50
      vertex 4.99039 -2.59754 -50
    endloop
  endfacet
  facet normal 0 0 -1
    outer loop
      vertex 6 -4 -50
      vertex 4.91573 -2.77778 -50
      vertex 4.96194 -2.69134 -50
    endloop
  endfacet
  facet normal 0 0 -1
    outer loop
      vertex 6 -4 -50
      vertex 4.85355 -2.85355 -50
      vertex 4.91573 -2.77778 -50
    endloop
  endfacet
  facet normal 0 0 -1
    outer loop
      vertex 6 -4 -50
      vertex 4.77778 -2.91573 -50
      vertex 4.85355 -2.85355 -50
    endloop
  endfacet
  facet normal 0 0 -1
    outer loop
      vertex 6 -4 -50
      vertex 4.69134 -2.96194 -50
      vertex 4.77778 -2.91573 -50
    endloop
  endfacet
  facet normal 0 0 -1
    outer loop
      vertex 6 -4 -50
      vertex 4.59754 -2.99039 -50
      vertex 4.69134 -2.96194 -50
    endloop
  endfacet
  facet normal 0 0 -1
    outer loop
      vertex 6 -4 -50
      vertex 4.5 -3 -50
      vertex 4.59754 -2.99039 -50
    endloop
  endfacet
  facet normal 0 0 -1
    outer loop
      vertex 6 -4 -50
      vertex -4.5 -3 -50
      vertex 4.5 -3 -50
    endloop
  endfacet
  facet normal -0 0 -1
    outer loop
      vertex -5 -2.5 -50
      vertex -6 -4 -50
      vertex -5 2.5 -50
    endloop
  endfacet
  facet normal -0 0 -1
    outer loop
      vertex -4.99039 -2.59754 -50
      vertex -6 -4 -50
      vertex -5 -2.5 -50
    endloop
  endfacet
  facet normal -0 0 -1
    outer loop
      vertex -4.96194 -2.69134 -50
      vertex -6 -4 -50
      vertex -4.99039 -2.59754 -50
    endloop
  endfacet
  facet normal -0 0 -1
    outer loop
      vertex -4.91573 -2.77778 -50
      vertex -6 -4 -50
      vertex -4.96194 -2.69134 -50
    endloop
  endfacet
  facet normal -0 0 -1
    outer loop
      vertex -4.85355 -2.85355 -50
      vertex -6 -4 -50
      vertex -4.91573 -2.77778 -50
    endloop
  endfacet
  facet normal -0 0 -1
    outer loop
      vertex -4.77778 -2.91573 -50
      vertex -6 -4 -50
      vertex -4.85355 -2.85355 -50
    endloop
  endfacet
  facet normal -0 0 -1
    outer loop
      vertex -4.69134 -2.96194 -50
      vertex -6 -4 -50
      vertex -4.77778 -2.91573 -50
    endloop
  endfacet
  facet normal -0 0 -1
    outer loop
      vertex -4.59754 -2.99039 -50
      vertex -6 -4 -50
      vertex -4.69134 -2.96194 -50
    endloop
  endfacet
  facet normal -0 0 -1
    outer loop
      vertex -4.5 -3 -50
      vertex -6 -4 -50
      vertex -4.59754 -2.99039 -50
    endloop
  endfacet
  facet normal 0 0 -1
    outer loop
      vertex -6 -4 -50
      vertex -4.5 -3 -50
      vertex 6 -4 -50
    endloop
  endfacet
  facet normal 0 0 -1
    outer loop
      vertex 5 2.5 -50
      vertex 6 4 -50
      vertex 5 -2.5 -50
    endloop
  endfacet
  facet normal 0 0 -1
    outer loop
      vertex 4.99039 2.59754 -50
      vertex 6 4 -50
      vertex 5 2.5 -50
    endloop
  endfacet
  facet normal 0 0 -1
    outer loop
      vertex 4.96194 2.69134 -50
      vertex 6 4 -50
      vertex 4.99039 2.59754 -50
    endloop
  endfacet
  facet normal 0 0 -1
    outer loop
      vertex 4.91573 2.77778 -50
      vertex 6 4 -50
      vertex 4.96194 2.69134 -50
    endloop
  endfacet
  facet normal 0 0 -1
    outer loop
      vertex 4.85355 2.85355 -50
      vertex 6 4 -50
      vertex 4.91573 2.77778 -50
    endloop
  endfacet
  facet normal 0 0 -1
    outer loop
      vertex 4.77778 2.91573 -50
      vertex 6 4 -50
      vertex 4.85355 2.85355 -50
    endloop
  endfacet
  facet normal 0 0 -1
    outer loop
      vertex 4.69134 2.96194 -50
      vertex 6 4 -50
      vertex 4.77778 2.91573 -50
    endloop
  endfacet
  facet normal 0 0 -1
    outer loop
      vertex 4.59754 2.99039 -50
      vertex 6 4 -50
      vertex 4.69134 2.96194 -50
    endloop
  endfacet
  facet normal 0 0 -1
    outer loop
      vertex 4.5 3 -50
      vertex 6 4 -50
      vertex 4.59754 2.99039 -50
    endloop
  endfacet
  facet normal 0 0 -1
    outer loop
      vertex -4.5 3 -50
      vertex 6 4 -50
      vertex 4.5 3 -50
    endloop
  endfacet
  facet normal 0 0 -1
    outer loop
      vertex -6 4 -50
      vertex -5 2.5 -50
      vertex -6 -4 -50
    endloop
  endfacet
  facet normal 0 0 -1
    outer loop
      vertex -4.5 3 -50
      vertex -6 4 -50
      vertex 6 4 -50
    endloop
  endfacet
  facet normal 0 0 -1
    outer loop
      vertex -4.59754 2.99039 -50
      vertex -6 4 -50
      vertex -4.5 3 -50
    endloop
  endfacet
  facet normal 0 0 -1
    outer loop
      vertex -4.69134 2.96194 -50
      vertex -6 4 -50
      vertex -4.59754 2.99039 -50
    endloop
  endfacet
  facet normal 0 0 -1
    outer loop
      vertex -4.77778 2.91573 -50
      vertex -6 4 -50
      vertex -4.69134 2.96194 -50
    endloop
  endfacet
  facet normal 0 0 -1
    outer loop
      vertex -4.85355 2.85355 -50
      vertex -6 4 -50
      vertex -4.77778 2.91573 -50
    endloop
  endfacet
  facet normal 0 0 -1
    outer loop
      vertex -4.91573 2.77778 -50
      vertex -6 4 -50
      vertex -4.85355 2.85355 -50
    endloop
  endfacet
  facet normal 0 0 -1
    outer loop
      vertex -4.96194 2.69134 -50
      vertex -6 4 -50
      vertex -4.91573 2.77778 -50
    endloop
  endfacet
  facet normal 0 0 -1
    outer loop
      vertex -4.99039 2.59754 -50
      vertex -6 4 -50
      vertex -4.96194 2.69134 -50
    endloop
  endfacet
  facet normal 0 0 -1
    outer loop
      vertex -5 2.5 -50
      vertex -6 4 -50
      vertex -4.99039 2.59754 -50
    endloop
  endfacet
  facet normal -1 0 0
    outer loop
      vertex -6 -4 -50
      vertex -6 4 50
      vertex -6 4 -50
    endloop
  endfacet
  facet normal -1 -0 0
    outer loop
      vertex -6 4 50
      vertex -6 -4 -50
      vertex -6 -4 50
    endloop
  endfacet
  facet normal 0 1 -0
    outer loop
      vertex 6 4 -50
      vertex -6 4 50
      vertex 6 4 50
    endloop
  endfacet
  facet normal 0 1 0
    outer loop
      vertex -6 4 50
      vertex 6 4 -50
      vertex -6 4 -50
    endloop
  endfacet
  facet normal 0 -1 0
    outer loop
      vertex -6 -4 -50
      vertex 6 -4 50
      vertex -6 -4 50
    endloop
  endfacet
  facet normal 0 -1 -0
    outer loop
      vertex 6 -4 50
      vertex -6 -4 -50
      vertex 6 -4 -50
    endloop
  endfacet
  facet normal 0.956951 0.290248 0
    outer loop
      vertex -4.96194 -2.69134 50
      vertex -4.99039 -2.59754 -50
      vertex -4.99039 -2.59754 50
    endloop
  endfacet
  facet normal 0.956951 0.290248 0
    outer loop
      vertex -4.99039 -2.59754 -50
      vertex -4.96194 -2.69134 50
      vertex -4.96194 -2.69134 -50
    endloop
  endfacet
  facet normal 0.881892 -0.471451 0
    outer loop
      vertex -4.96194 2.69134 50
      vertex -4.91573 2.77778 -50
      vertex -4.91573 2.77778 50
    endloop
  endfacet
  facet normal 0.881892 -0.471451 0
    outer loop
      vertex -4.91573 2.77778 -50
      vertex -4.96194 2.69134 50
      vertex -4.96194 2.69134 -50
    endloop
  endfacet
  facet normal 0.995182 0.098049 0
    outer loop
      vertex -4.99039 -2.59754 50
      vertex -5 -2.5 0.299999
      vertex -5 -2.5 50
    endloop
  endfacet
  facet normal 0.995182 0.098049 0
    outer loop
      vertex -5 -2.5 0.299999
      vertex -4.99039 -2.59754 50
      vertex -5 -2.5 -0.299999
    endloop
  endfacet
  facet normal 0.995182 0.098049 -0
    outer loop
      vertex -4.99039 -2.59754 -50
      vertex -5 -2.5 -0.299999
      vertex -4.99039 -2.59754 50
    endloop
  endfacet
  facet normal 0.995182 0.098049 0
    outer loop
      vertex -5 -2.5 -0.299999
      vertex -4.99039 -2.59754 -50
      vertex -5 -2.5 -50
    endloop
  endfacet
  facet normal 0.471451 -0.881892 0
    outer loop
      vertex -4.77778 2.91573 -50
      vertex -4.69134 2.96194 50
      vertex -4.77778 2.91573 50
    endloop
  endfacet
  facet normal 0.471451 -0.881892 0
    outer loop
      vertex -4.69134 2.96194 50
      vertex -4.77778 2.91573 -50
      vertex -4.69134 2.96194 -50
    endloop
  endfacet
  facet normal -0.634376 0.773025 0
    outer loop
      vertex 4.85355 -2.85355 -50
      vertex 4.77778 -2.91573 50
      vertex 4.85355 -2.85355 50
    endloop
  endfacet
  facet normal -0.634376 0.773025 0
    outer loop
      vertex 4.77778 -2.91573 50
      vertex 4.85355 -2.85355 -50
      vertex 4.77778 -2.91573 -50
    endloop
  endfacet
  facet normal -0.881892 0.471451 0
    outer loop
      vertex 4.91573 -2.77778 -50
      vertex 4.96194 -2.69134 50
      vertex 4.96194 -2.69134 -50
    endloop
  endfacet
  facet normal -0.881892 0.471451 0
    outer loop
      vertex 4.96194 -2.69134 50
      vertex 4.91573 -2.77778 -50
      vertex 4.91573 -2.77778 50
    endloop
  endfacet
  facet normal 0.290248 0.956951 -0
    outer loop
      vertex -4.59754 -2.99039 -50
      vertex -4.69134 -2.96194 50
      vertex -4.59754 -2.99039 50
    endloop
  endfacet
  facet normal 0.290248 0.956951 0
    outer loop
      vertex -4.69134 -2.96194 50
      vertex -4.59754 -2.99039 -50
      vertex -4.69134 -2.96194 -50
    endloop
  endfacet
  facet normal -0.471451 -0.881892 0
    outer loop
      vertex 4.69134 2.96194 -50
      vertex 4.77778 2.91573 50
      vertex 4.69134 2.96194 50
    endloop
  endfacet
  facet normal -0.471451 -0.881892 -0
    outer loop
      vertex 4.77778 2.91573 50
      vertex 4.69134 2.96194 -50
      vertex 4.77778 2.91573 -50
    endloop
  endfacet
  facet normal -0.956951 0.290248 0
    outer loop
      vertex 4.96194 -2.69134 -50
      vertex 4.99039 -2.59754 50
      vertex 4.99039 -2.59754 -50
    endloop
  endfacet
  facet normal -0.956951 0.290248 0
    outer loop
      vertex 4.99039 -2.59754 50
      vertex 4.96194 -2.69134 -50
      vertex 4.96194 -2.69134 50
    endloop
  endfacet
  facet normal -0.098049 -0.995182 0
    outer loop
      vertex 4.5 3 0.299999
      vertex 4.59754 2.99039 50
      vertex 4.5 3 50
    endloop
  endfacet
  facet normal -0.098049 -0.995182 0
    outer loop
      vertex 4.5 3 -0.299999
      vertex 4.59754 2.99039 50
      vertex 4.5 3 0.299999
    endloop
  endfacet
  facet normal -0.098049 -0.995182 0
    outer loop
      vertex 4.59754 2.99039 -50
      vertex 4.5 3 -0.299999
      vertex 4.5 3 -50
    endloop
  endfacet
  facet normal -0.098049 -0.995182 0
    outer loop
      vertex 4.5 3 -0.299999
      vertex 4.59754 2.99039 -50
      vertex 4.59754 2.99039 50
    endloop
  endfacet
  facet normal -0.773025 -0.634376 0
    outer loop
      vertex 4.91573 2.77778 -50
      vertex 4.85355 2.85355 50
      vertex 4.85355 2.85355 -50
    endloop
  endfacet
  facet normal -0.773025 -0.634376 0
    outer loop
      vertex 4.85355 2.85355 50
      vertex 4.91573 2.77778 -50
      vertex 4.91573 2.77778 50
    endloop
  endfacet
  facet normal 0.773025 -0.634376 0
    outer loop
      vertex -4.91573 2.77778 50
      vertex -4.85355 2.85355 -50
      vertex -4.85355 2.85355 50
    endloop
  endfacet
  facet normal 0.773025 -0.634376 0
    outer loop
      vertex -4.85355 2.85355 -50
      vertex -4.91573 2.77778 50
      vertex -4.91573 2.77778 -50
    endloop
  endfacet
  facet normal -0.098049 0.995182 0
    outer loop
      vertex 4.59754 -2.99039 50
      vertex 4.5 -3 0.299999
      vertex 4.5 -3 50
    endloop
  endfacet
  facet normal -0.098049 0.995182 0
    outer loop
      vertex 4.59754 -2.99039 50
      vertex 4.5 -3 -0.299999
      vertex 4.5 -3 0.299999
    endloop
  endfacet
  facet normal -0.098049 0.995182 0
    outer loop
      vertex 4.59754 -2.99039 -50
      vertex 4.5 -3 -0.299999
      vertex 4.59754 -2.99039 50
    endloop
  endfacet
  facet normal -0.098049 0.995182 0
    outer loop
      vertex 4.5 -3 -0.299999
      vertex 4.59754 -2.99039 -50
      vertex 4.5 -3 -50
    endloop
  endfacet
  facet normal -0.881892 -0.471451 0
    outer loop
      vertex 4.96194 2.69134 -50
      vertex 4.91573 2.77778 50
      vertex 4.91573 2.77778 -50
    endloop
  endfacet
  facet normal -0.881892 -0.471451 0
    outer loop
      vertex 4.91573 2.77778 50
      vertex 4.96194 2.69134 -50
      vertex 4.96194 2.69134 50
    endloop
  endfacet
  facet normal 0.098049 0.995182 -0
    outer loop
      vertex -4.5 -3 0.299999
      vertex -4.59754 -2.99039 50
      vertex -4.5 -3 50
    endloop
  endfacet
  facet normal 0.098049 0.995182 -0
    outer loop
      vertex -4.5 -3 -0.299999
      vertex -4.59754 -2.99039 50
      vertex -4.5 -3 0.299999
    endloop
  endfacet
  facet normal 0.098049 0.995182 0
    outer loop
      vertex -4.59754 -2.99039 -50
      vertex -4.5 -3 -0.299999
      vertex -4.5 -3 -50
    endloop
  endfacet
  facet normal 0.098049 0.995182 0
    outer loop
      vertex -4.5 -3 -0.299999
      vertex -4.59754 -2.99039 -50
      vertex -4.59754 -2.99039 50
    endloop
  endfacet
  facet normal 0.773025 0.634376 0
    outer loop
      vertex -4.85355 -2.85355 50
      vertex -4.91573 -2.77778 -50
      vertex -4.91573 -2.77778 50
    endloop
  endfacet
  facet normal 0.773025 0.634376 0
    outer loop
      vertex -4.91573 -2.77778 -50
      vertex -4.85355 -2.85355 50
      vertex -4.85355 -2.85355 -50
    endloop
  endfacet
  facet normal -0.290248 -0.956951 0
    outer loop
      vertex 4.59754 2.99039 -50
      vertex 4.69134 2.96194 50
      vertex 4.59754 2.99039 50
    endloop
  endfacet
  facet normal -0.290248 -0.956951 -0
    outer loop
      vertex 4.69134 2.96194 50
      vertex 4.59754 2.99039 -50
      vertex 4.69134 2.96194 -50
    endloop
  endfacet
  facet normal 0.956951 -0.290248 0
    outer loop
      vertex -4.99039 2.59754 50
      vertex -4.96194 2.69134 -50
      vertex -4.96194 2.69134 50
    endloop
  endfacet
  facet normal 0.956951 -0.290248 0
    outer loop
      vertex -4.96194 2.69134 -50
      vertex -4.99039 2.59754 50
      vertex -4.99039 2.59754 -50
    endloop
  endfacet
  facet normal 0.634376 -0.773025 0
    outer loop
      vertex -4.85355 2.85355 -50
      vertex -4.77778 2.91573 50
      vertex -4.85355 2.85355 50
    endloop
  endfacet
  facet normal 0.634376 -0.773025 0
    outer loop
      vertex -4.77778 2.91573 50
      vertex -4.85355 2.85355 -50
      vertex -4.77778 2.91573 -50
    endloop
  endfacet
  facet normal -0.995182 -0.098049 -0
    outer loop
      vertex 5 2.5 -0.299999
      vertex 4.99039 2.59754 -50
      vertex 5 2.5 -50
    endloop
  endfacet
  facet normal -0.995182 -0.098049 0
    outer loop
      vertex 4.99039 2.59754 -50
      vertex 5 2.5 -0.299999
      vertex 4.99039 2.59754 50
    endloop
  endfacet
  facet normal -0.995182 -0.098049 -0
    outer loop
      vertex 5 2.5 0.299999
      vertex 4.99039 2.59754 50
      vertex 5 2.5 -0.299999
    endloop
  endfacet
  facet normal -0.995182 -0.098049 0
    outer loop
      vertex 4.99039 2.59754 50
      vertex 5 2.5 0.299999
      vertex 5 2.5 50
    endloop
  endfacet
  facet normal -0.290248 0.956951 0
    outer loop
      vertex 4.69134 -2.96194 -50
      vertex 4.59754 -2.99039 50
      vertex 4.69134 -2.96194 50
    endloop
  endfacet
  facet normal -0.290248 0.956951 0
    outer loop
      vertex 4.59754 -2.99039 50
      vertex 4.69134 -2.96194 -50
      vertex 4.59754 -2.99039 -50
    endloop
  endfacet
  facet normal -0.956951 -0.290248 0
    outer loop
      vertex 4.99039 2.59754 -50
      vertex 4.96194 2.69134 50
      vertex 4.96194 2.69134 -50
    endloop
  endfacet
  facet normal -0.956951 -0.290248 0
    outer loop
      vertex 4.96194 2.69134 50
      vertex 4.99039 2.59754 -50
      vertex 4.99039 2.59754 50
    endloop
  endfacet
  facet normal 0.290248 -0.956951 0
    outer loop
      vertex -4.69134 2.96194 -50
      vertex -4.59754 2.99039 50
      vertex -4.69134 2.96194 50
    endloop
  endfacet
  facet normal 0.290248 -0.956951 0
    outer loop
      vertex -4.59754 2.99039 50
      vertex -4.69134 2.96194 -50
      vertex -4.59754 2.99039 -50
    endloop
  endfacet
  facet normal 0.995182 -0.098049 0
    outer loop
      vertex -5 2.5 0.299999
      vertex -4.99039 2.59754 50
      vertex -5 2.5 50
    endloop
  endfacet
  facet normal 0.995182 -0.098049 0
    outer loop
      vertex -4.99039 2.59754 50
      vertex -5 2.5 0.299999
      vertex -4.99039 2.59754 -50
    endloop
  endfacet
  facet normal 0.995182 -0.098049 0
    outer loop
      vertex -5 2.5 -0.299999
      vertex -4.99039 2.59754 -50
      vertex -5 2.5 0.299999
    endloop
  endfacet
  facet normal 0.995182 -0.098049 0
    outer loop
      vertex -4.99039 2.59754 -50
      vertex -5 2.5 -0.299999
      vertex -5 2.5 -50
    endloop
  endfacet
  facet normal -0.471451 0.881892 0
    outer loop
      vertex 4.77778 -2.91573 -50
      vertex 4.69134 -2.96194 50
      vertex 4.77778 -2.91573 50
    endloop
  endfacet
  facet normal -0.471451 0.881892 0
    outer loop
      vertex 4.69134 -2.96194 50
      vertex 4.77778 -2.91573 -50
      vertex 4.69134 -2.96194 -50
    endloop
  endfacet
  facet normal -0.995182 0.098049 0
    outer loop
      vertex 4.99039 -2.59754 -50
      vertex 5 -2.5 -0.299999
      vertex 5 -2.5 -50
    endloop
  endfacet
  facet normal -0.995182 0.098049 0
    outer loop
      vertex 5 -2.5 -0.299999
      vertex 4.99039 -2.59754 -50
      vertex 5 -2.5 0.299999
    endloop
  endfacet
  facet normal -0.995182 0.098049 0
    outer loop
      vertex 4.99039 -2.59754 50
      vertex 5 -2.5 0.299999
      vertex 4.99039 -2.59754 -50
    endloop
  endfacet
  facet normal -0.995182 0.098049 0
    outer loop
      vertex 5 -2.5 0.299999
      vertex 4.99039 -2.59754 50
      vertex 5 -2.5 50
    endloop
  endfacet
  facet normal 0.098049 -0.995182 0
    outer loop
      vertex -4.59754 2.99039 50
      vertex -4.5 3 0.299999
      vertex -4.5 3 50
    endloop
  endfacet
  facet normal 0.098049 -0.995182 0
    outer loop
      vertex -4.59754 2.99039 50
      vertex -4.5 3 -0.299999
      vertex -4.5 3 0.299999
    endloop
  endfacet
  facet normal 0.098049 -0.995182 0
    outer loop
      vertex -4.59754 2.99039 -50
      vertex -4.5 3 -0.299999
      vertex -4.59754 2.99039 50
    endloop
  endfacet
  facet normal 0.098049 -0.995182 0
    outer loop
      vertex -4.5 3 -0.299999
      vertex -4.59754 2.99039 -50
      vertex -4.5 3 -50
    endloop
  endfacet
  facet normal -0.634376 -0.773025 0
    outer loop
      vertex 4.77778 2.91573 -50
      vertex 4.85355 2.85355 50
      vertex 4.77778 2.91573 50
    endloop
  endfacet
  facet normal -0.634376 -0.773025 -0
    outer loop
      vertex 4.85355 2.85355 50
      vertex 4.77778 2.91573 -50
      vertex 4.85355 2.85355 -50
    endloop
  endfacet
  facet normal 0.471451 0.881892 -0
    outer loop
      vertex -4.69134 -2.96194 -50
      vertex -4.77778 -2.91573 50
      vertex -4.69134 -2.96194 50
    endloop
  endfacet
  facet normal 0.471451 0.881892 0
    outer loop
      vertex -4.77778 -2.91573 50
      vertex -4.69134 -2.96194 -50
      vertex -4.77778 -2.91573 -50
    endloop
  endfacet
  facet normal -0.773025 0.634376 0
    outer loop
      vertex 4.85355 -2.85355 -50
      vertex 4.91573 -2.77778 50
      vertex 4.91573 -2.77778 -50
    endloop
  endfacet
  facet normal -0.773025 0.634376 0
    outer loop
      vertex 4.91573 -2.77778 50
      vertex 4.85355 -2.85355 -50
      vertex 4.85355 -2.85355 50
    endloop
  endfacet
  facet normal 0.634376 0.773025 -0
    outer loop
      vertex -4.77778 -2.91573 -50
      vertex -4.85355 -2.85355 50
      vertex -4.77778 -2.91573 50
    endloop
  endfacet
  facet normal 0.634376 0.773025 0
    outer loop
      vertex -4.85355 -2.85355 50
      vertex -4.77778 -2.91573 -50
      vertex -4.85355 -2.85355 -50
    endloop
  endfacet
  facet normal 0.881892 0.471451 0
    outer loop
      vertex -4.91573 -2.77778 50
      vertex -4.96194 -2.69134 -50
      vertex -4.96194 -2.69134 50
    endloop
  endfacet
  facet normal 0.881892 0.471451 0
    outer loop
      vertex -4.96194 -2.69134 -50
      vertex -4.91573 -2.77778 50
      vertex -4.91573 -2.77778 -50
    endloop
  endfacet
  facet normal -0.471407 -0.881916 0
    outer loop
      vertex -0.611127 -0.914616 49.99
      vertex -0.420951 -1.01627 50.79
      vertex -0.611127 -0.914616 50.79
    endloop
  endfacet
  facet normal -0.471407 -0.881916 -0
    outer loop
      vertex -0.420951 -1.01627 50.79
      vertex -0.611127 -0.914616 49.99
      vertex -0.420951 -1.01627 49.99
    endloop
  endfacet
  facet normal 0.0980348 -0.995183 0
    outer loop
      vertex 0 -1.1 49.99
      vertex 0.214599 -1.07886 50.79
      vertex 0 -1.1 50.79
    endloop
  endfacet
  facet normal 0.0980348 -0.995183 0
    outer loop
      vertex 0.214599 -1.07886 50.79
      vertex 0 -1.1 49.99
      vertex 0.214599 -1.07886 49.99
    endloop
  endfacet
  facet normal 0.956948 0.290258 0
    outer loop
      vertex 1.07886 0.214599 50.79
      vertex 1.01627 0.420951 49.99
      vertex 1.01627 0.420951 50.79
    endloop
  endfacet
  facet normal 0.956948 0.290258 0
    outer loop
      vertex 1.01627 0.420951 49.99
      vertex 1.07886 0.214599 50.79
      vertex 1.07886 0.214599 49.99
    endloop
  endfacet
  facet normal 0.995183 0.0980348 0
    outer loop
      vertex 1.1 0 50.79
      vertex 1.07886 0.214599 49.99
      vertex 1.07886 0.214599 50.79
    endloop
  endfacet
  facet normal 0.995183 0.0980348 0
    outer loop
      vertex 1.07886 0.214599 49.99
      vertex 1.1 0 50.79
      vertex 1.1 0 49.99
    endloop
  endfacet
  facet normal 0.881916 0.471407 0
    outer loop
      vertex 1.01627 0.420951 50.79
      vertex 0.914616 0.611127 49.99
      vertex 0.914616 0.611127 50.79
    endloop
  endfacet
  facet normal 0.881916 0.471407 0
    outer loop
      vertex 0.914616 0.611127 49.99
      vertex 1.01627 0.420951 50.79
      vertex 1.01627 0.420951 49.99
    endloop
  endfacet
  facet normal 0.471407 0.881916 -0
    outer loop
      vertex 0.611127 0.914616 49.99
      vertex 0.420951 1.01627 50.79
      vertex 0.611127 0.914616 50.79
    endloop
  endfacet
  facet normal 0.471407 0.881916 0
    outer loop
      vertex 0.420951 1.01627 50.79
      vertex 0.611127 0.914616 49.99
      vertex 0.420951 1.01627 49.99
    endloop
  endfacet
  facet normal -0.956948 -0.290258 0
    outer loop
      vertex -1.01627 -0.420951 49.99
      vertex -1.07886 -0.214599 50.79
      vertex -1.07886 -0.214599 49.99
    endloop
  endfacet
  facet normal -0.956948 -0.290258 0
    outer loop
      vertex -1.07886 -0.214599 50.79
      vertex -1.01627 -0.420951 49.99
      vertex -1.01627 -0.420951 50.79
    endloop
  endfacet
  facet normal 0.471407 -0.881916 0
    outer loop
      vertex 0.420951 -1.01627 49.99
      vertex 0.611127 -0.914616 50.79
      vertex 0.420951 -1.01627 50.79
    endloop
  endfacet
  facet normal 0.471407 -0.881916 0
    outer loop
      vertex 0.611127 -0.914616 50.79
      vertex 0.420951 -1.01627 49.99
      vertex 0.611127 -0.914616 49.99
    endloop
  endfacet
  facet normal 0 0 1
    outer loop
      vertex 1.07886 0.214599 50.79
      vertex 1.07886 -0.214599 50.79
      vertex 1.1 0 50.79
    endloop
  endfacet
  facet normal 0 0 1
    outer loop
      vertex 1.01627 0.420951 50.79
      vertex 1.07886 -0.214599 50.79
      vertex 1.07886 0.214599 50.79
    endloop
  endfacet
  facet normal 0 0 1
    outer loop
      vertex 1.01627 0.420951 50.79
      vertex 1.01627 -0.420951 50.79
      vertex 1.07886 -0.214599 50.79
    endloop
  endfacet
  facet normal 0 0 1
    outer loop
      vertex 0.914616 0.611127 50.79
      vertex 1.01627 -0.420951 50.79
      vertex 1.01627 0.420951 50.79
    endloop
  endfacet
  facet normal 0 0 1
    outer loop
      vertex 0.914616 0.611127 50.79
      vertex 0.914616 -0.611127 50.79
      vertex 1.01627 -0.420951 50.79
    endloop
  endfacet
  facet normal 0 0 1
    outer loop
      vertex 0.777817 0.777817 50.79
      vertex 0.914616 -0.611127 50.79
      vertex 0.914616 0.611127 50.79
    endloop
  endfacet
  facet normal 0 0 1
    outer loop
      vertex 0.777817 0.777817 50.79
      vertex 0.777817 -0.777817 50.79
      vertex 0.914616 -0.611127 50.79
    endloop
  endfacet
  facet normal 0 0 1
    outer loop
      vertex 0.611127 0.914616 50.79
      vertex 0.777817 -0.777817 50.79
      vertex 0.777817 0.777817 50.79
    endloop
  endfacet
  facet normal 0 0 1
    outer loop
      vertex 0.611127 0.914616 50.79
      vertex 0.611127 -0.914616 50.79
      vertex 0.777817 -0.777817 50.79
    endloop
  endfacet
  facet normal 0 0 1
    outer loop
      vertex 0.420951 1.01627 50.79
      vertex 0.611127 -0.914616 50.79
      vertex 0.611127 0.914616 50.79
    endloop
  endfacet
  facet normal 0 0 1
    outer loop
      vertex 0.420951 1.01627 50.79
      vertex 0.420951 -1.01627 50.79
      vertex 0.611127 -0.914616 50.79
    endloop
  endfacet
  facet normal 0 0 1
    outer loop
      vertex 0.214599 1.07886 50.79
      vertex 0.420951 -1.01627 50.79
      vertex 0.420951 1.01627 50.79
    endloop
  endfacet
  facet normal 0 0 1
    outer loop
      vertex 0.214599 1.07886 50.79
      vertex 0.214599 -1.07886 50.79
      vertex 0.420951 -1.01627 50.79
    endloop
  endfacet
  facet normal 0 0 1
    outer loop
      vertex 0 1.1 50.79
      vertex 0.214599 -1.07886 50.79
      vertex 0.214599 1.07886 50.79
    endloop
  endfacet
  facet normal 0 0 1
    outer loop
      vertex 0 1.1 50.79
      vertex 0 -1.1 50.79
      vertex 0.214599 -1.07886 50.79
    endloop
  endfacet
  facet normal -0 0 1
    outer loop
      vertex -0.214599 1.07886 50.79
      vertex 0 -1.1 50.79
      vertex 0 1.1 50.79
    endloop
  endfacet
  facet normal 0 0 1
    outer loop
      vertex -0.214599 1.07886 50.79
      vertex -0.214599 -1.07886 50.79
      vertex 0 -1.1 50.79
    endloop
  endfacet
  facet normal -0 0 1
    outer loop
      vertex -0.420951 1.01627 50.79
      vertex -0.214599 -1.07886 50.79
      vertex -0.214599 1.07886 50.79
    endloop
  endfacet
  facet normal 0 0 1
    outer loop
      vertex -0.420951 1.01627 50.79
      vertex -0.420951 -1.01627 50.79
      vertex -0.214599 -1.07886 50.79
    endloop
  endfacet
  facet normal -0 0 1
    outer loop
      vertex -0.611127 0.914616 50.79
      vertex -0.420951 -1.01627 50.79
      vertex -0.420951 1.01627 50.79
    endloop
  endfacet
  facet normal 0 0 1
    outer loop
      vertex -0.611127 0.914616 50.79
      vertex -0.611127 -0.914616 50.79
      vertex -0.420951 -1.01627 50.79
    endloop
  endfacet
  facet normal -0 0 1
    outer loop
      vertex -0.777817 0.777817 50.79
      vertex -0.611127 -0.914616 50.79
      vertex -0.611127 0.914616 50.79
    endloop
  endfacet
  facet normal 0 0 1
    outer loop
      vertex -0.777817 0.777817 50.79
      vertex -0.777817 -0.777817 50.79
      vertex -0.611127 -0.914616 50.79
    endloop
  endfacet
  facet normal -0 0 1
    outer loop
      vertex -0.914616 0.611127 50.79
      vertex -0.777817 -0.777817 50.79
      vertex -0.777817 0.777817 50.79
    endloop
  endfacet
  facet normal 0 0 1
    outer loop
      vertex -0.914616 0.611127 50.79
      vertex -0.914616 -0.611127 50.79
      vertex -0.777817 -0.777817 50.79
    endloop
  endfacet
  facet normal -0 0 1
    outer loop
      vertex -1.01627 0.420951 50.79
      vertex -0.914616 -0.611127 50.79
      vertex -0.914616 0.611127 50.79
    endloop
  endfacet
  facet normal 0 0 1
    outer loop
      vertex -1.01627 0.420951 50.79
      vertex -1.01627 -0.420951 50.79
      vertex -0.914616 -0.611127 50.79
    endloop
  endfacet
  facet normal -0 0 1
    outer loop
      vertex -1.07886 0.214599 50.79
      vertex -1.01627 -0.420951 50.79
      vertex -1.01627 0.420951 50.79
    endloop
  endfacet
  facet normal 0 0 1
    outer loop
      vertex -1.07886 0.214599 50.79
      vertex -1.07886 -0.214599 50.79
      vertex -1.01627 -0.420951 50.79
    endloop
  endfacet
  facet normal 0 -0 1
    outer loop
      vertex -1.07886 -0.214599 50.79
      vertex -1.07886 0.214599 50.79
      vertex -1.1 0 50.79
    endloop
  endfacet
  facet normal 0.77301 0.634393 0
    outer loop
      vertex 0.914616 0.611127 50.79
      vertex 0.777817 0.777817 49.99
      vertex 0.777817 0.777817 50.79
    endloop
  endfacet
  facet normal 0.77301 0.634393 0
    outer loop
      vertex 0.777817 0.777817 49.99
      vertex 0.914616 0.611127 50.79
      vertex 0.914616 0.611127 49.99
    endloop
  endfacet
  facet normal 0.290258 0.956948 -0
    outer loop
      vertex 0.420951 1.01627 49.99
      vertex 0.214599 1.07886 50.79
      vertex 0.420951 1.01627 50.79
    endloop
  endfacet
  facet normal 0.290258 0.956948 0
    outer loop
      vertex 0.214599 1.07886 50.79
      vertex 0.420951 1.01627 49.99
      vertex 0.214599 1.07886 49.99
    endloop
  endfacet
  facet normal -0.471407 0.881916 0
    outer loop
      vertex -0.420951 1.01627 49.99
      vertex -0.611127 0.914616 50.79
      vertex -0.420951 1.01627 50.79
    endloop
  endfacet
  facet normal -0.471407 0.881916 0
    outer loop
      vertex -0.611127 0.914616 50.79
      vertex -0.420951 1.01627 49.99
      vertex -0.611127 0.914616 49.99
    endloop
  endfacet
  facet normal -0.881916 -0.471407 0
    outer loop
      vertex -0.914616 -0.611127 49.99
      vertex -1.01627 -0.420951 50.79
      vertex -1.01627 -0.420951 49.99
    endloop
  endfacet
  facet normal -0.881916 -0.471407 0
    outer loop
      vertex -1.01627 -0.420951 50.79
      vertex -0.914616 -0.611127 49.99
      vertex -0.914616 -0.611127 50.79
    endloop
  endfacet
  facet normal 0.0980348 0.995183 -0
    outer loop
      vertex 0.214599 1.07886 49.99
      vertex 0 1.1 50.79
      vertex 0.214599 1.07886 50.79
    endloop
  endfacet
  facet normal 0.0980348 0.995183 0
    outer loop
      vertex 0 1.1 50.79
      vertex 0.214599 1.07886 49.99
      vertex 0 1.1 49.99
    endloop
  endfacet
  facet normal 0.290258 -0.956948 0
    outer loop
      vertex 0.214599 -1.07886 49.99
      vertex 0.420951 -1.01627 50.79
      vertex 0.214599 -1.07886 50.79
    endloop
  endfacet
  facet normal 0.290258 -0.956948 0
    outer loop
      vertex 0.420951 -1.01627 50.79
      vertex 0.214599 -1.07886 49.99
      vertex 0.420951 -1.01627 49.99
    endloop
  endfacet
  facet normal -0.995183 0.0980348 0
    outer loop
      vertex -1.1 0 49.99
      vertex -1.07886 0.214599 50.79
      vertex -1.07886 0.214599 49.99
    endloop
  endfacet
  facet normal -0.995183 0.0980348 0
    outer loop
      vertex -1.07886 0.214599 50.79
      vertex -1.1 0 49.99
      vertex -1.1 0 50.79
    endloop
  endfacet
  facet normal 0.881916 -0.471407 0
    outer loop
      vertex 0.914616 -0.611127 50.79
      vertex 1.01627 -0.420951 49.99
      vertex 1.01627 -0.420951 50.79
    endloop
  endfacet
  facet normal 0.881916 -0.471407 0
    outer loop
      vertex 1.01627 -0.420951 49.99
      vertex 0.914616 -0.611127 50.79
      vertex 0.914616 -0.611127 49.99
    endloop
  endfacet
  facet normal 0.77301 -0.634393 0
    outer loop
      vertex 0.777817 -0.777817 50.79
      vertex 0.914616 -0.611127 49.99
      vertex 0.914616 -0.611127 50.79
    endloop
  endfacet
  facet normal 0.77301 -0.634393 0
    outer loop
      vertex 0.914616 -0.611127 49.99
      vertex 0.777817 -0.777817 50.79
      vertex 0.777817 -0.777817 49.99
    endloop
  endfacet
  facet normal -0.634393 0.77301 0
    outer loop
      vertex -0.611127 0.914616 49.99
      vertex -0.777817 0.777817 50.79
      vertex -0.611127 0.914616 50.79
    endloop
  endfacet
  facet normal -0.634393 0.77301 0
    outer loop
      vertex -0.777817 0.777817 50.79
      vertex -0.611127 0.914616 49.99
      vertex -0.777817 0.777817 49.99
    endloop
  endfacet
  facet normal 0 0 -1
    outer loop
      vertex 0.5 0 49.99
      vertex 1.1 0 49.99
      vertex 1.07886 -0.214599 49.99
    endloop
  endfacet
  facet normal 0 0 -1
    outer loop
      vertex 0.490392 -0.0975447 49.99
      vertex 1.07886 -0.214599 49.99
      vertex 1.01627 -0.420951 49.99
    endloop
  endfacet
  facet normal 0 0 -1
    outer loop
      vertex 1.1 0 49.99
      vertex 0.5 0 49.99
      vertex 1.07886 0.214599 49.99
    endloop
  endfacet
  facet normal 0 0 -1
    outer loop
      vertex 0.461939 -0.191341 49.99
      vertex 1.01627 -0.420951 49.99
      vertex 0.914616 -0.611127 49.99
    endloop
  endfacet
  facet normal 0 0 -1
    outer loop
      vertex 0.490392 0.0975447 49.99
      vertex 1.07886 0.214599 49.99
      vertex 0.5 0 49.99
    endloop
  endfacet
  facet normal 0 0 -1
    outer loop
      vertex 0.415734 -0.277784 49.99
      vertex 0.914616 -0.611127 49.99
      vertex 0.777817 -0.777817 49.99
    endloop
  endfacet
  facet normal -0 0 -1
    outer loop
      vertex 1.07886 0.214599 49.99
      vertex 0.490392 0.0975447 49.99
      vertex 1.01627 0.420951 49.99
    endloop
  endfacet
  facet normal 0 0 -1
    outer loop
      vertex 0.353553 -0.353553 49.99
      vertex 0.777817 -0.777817 49.99
      vertex 0.611127 -0.914616 49.99
    endloop
  endfacet
  facet normal 0 0 -1
    outer loop
      vertex 0.461939 0.191341 49.99
      vertex 1.01627 0.420951 49.99
      vertex 0.490392 0.0975447 49.99
    endloop
  endfacet
  facet normal -0 0 -1
    outer loop
      vertex 1.01627 0.420951 49.99
      vertex 0.461939 0.191341 49.99
      vertex 0.914616 0.611127 49.99
    endloop
  endfacet
  facet normal 0 0 -1
    outer loop
      vertex 1.07886 -0.214599 49.99
      vertex 0.490392 -0.0975447 49.99
      vertex 0.5 0 49.99
    endloop
  endfacet
  facet normal 0 0 -1
    outer loop
      vertex 1.01627 -0.420951 49.99
      vertex 0.461939 -0.191341 49.99
      vertex 0.490392 -0.0975447 49.99
    endloop
  endfacet
  facet normal 0 0 -1
    outer loop
      vertex 0.277784 -0.415734 49.99
      vertex 0.611127 -0.914616 49.99
      vertex 0.420951 -1.01627 49.99
    endloop
  endfacet
  facet normal 0 0 -1
    outer loop
      vertex 0.914616 -0.611127 49.99
      vertex 0.415734 -0.277784 49.99
      vertex 0.461939 -0.191341 49.99
    endloop
  endfacet
  facet normal 0 0 -1
    outer loop
      vertex 0.777817 -0.777817 49.99
      vertex 0.353553 -0.353553 49.99
      vertex 0.415734 -0.277784 49.99
    endloop
  endfacet
  facet normal 0 0 -1
    outer loop
      vertex 0.611127 -0.914616 49.99
      vertex 0.277784 -0.415734 49.99
      vertex 0.353553 -0.353553 49.99
    endloop
  endfacet
  facet normal 0 0 -1
    outer loop
      vertex 0.191341 -0.461939 49.99
      vertex 0.420951 -1.01627 49.99
      vertex 0.214599 -1.07886 49.99
    endloop
  endfacet
  facet normal 0 0 -1
    outer loop
      vertex 0.420951 -1.01627 49.99
      vertex 0.191341 -0.461939 49.99
      vertex 0.277784 -0.415734 49.99
    endloop
  endfacet
  facet normal 0 0 -1
    outer loop
      vertex 0.214599 -1.07886 49.99
      vertex 0.0975447 -0.490392 49.99
      vertex 0.191341 -0.461939 49.99
    endloop
  endfacet
  facet normal 0 0 -1
    outer loop
      vertex 0 -1.1 49.99
      vertex 0.0975447 -0.490392 49.99
      vertex 0.214599 -1.07886 49.99
    endloop
  endfacet
  facet normal 0 0 -1
    outer loop
      vertex 0 -1.1 49.99
      vertex 0 -0.5 49.99
      vertex 0.0975447 -0.490392 49.99
    endloop
  endfacet
  facet normal 0 0 -1
    outer loop
      vertex 0 -1.1 49.99
      vertex -0.0975447 -0.490392 49.99
      vertex 0 -0.5 49.99
    endloop
  endfacet
  facet normal 0 0 -1
    outer loop
      vertex -0.214599 -1.07886 49.99
      vertex -0.0975447 -0.490392 49.99
      vertex 0 -1.1 49.99
    endloop
  endfacet
  facet normal -0 0 -1
    outer loop
      vertex -0.0975447 -0.490392 49.99
      vertex -0.214599 -1.07886 49.99
      vertex -0.191341 -0.461939 49.99
    endloop
  endfacet
  facet normal 0 0 -1
    outer loop
      vertex -0.420951 -1.01627 49.99
      vertex -0.191341 -0.461939 49.99
      vertex -0.214599 -1.07886 49.99
    endloop
  endfacet
  facet normal -0 0 -1
    outer loop
      vertex -0.191341 -0.461939 49.99
      vertex -0.420951 -1.01627 49.99
      vertex -0.277784 -0.415734 49.99
    endloop
  endfacet
  facet normal 0 0 -1
    outer loop
      vertex -0.611127 -0.914616 49.99
      vertex -0.277784 -0.415734 49.99
      vertex -0.420951 -1.01627 49.99
    endloop
  endfacet
  facet normal -0 0 -1
    outer loop
      vertex -0.277784 -0.415734 49.99
      vertex -0.611127 -0.914616 49.99
      vertex -0.353553 -0.353553 49.99
    endloop
  endfacet
  facet normal 0 0 -1
    outer loop
      vertex -0.777817 -0.777817 49.99
      vertex -0.353553 -0.353553 49.99
      vertex -0.611127 -0.914616 49.99
    endloop
  endfacet
  facet normal -0 0 -1
    outer loop
      vertex -0.353553 -0.353553 49.99
      vertex -0.777817 -0.777817 49.99
      vertex -0.415734 -0.277784 49.99
    endloop
  endfacet
  facet normal 0 0 -1
    outer loop
      vertex -0.914616 -0.611127 49.99
      vertex -0.415734 -0.277784 49.99
      vertex -0.777817 -0.777817 49.99
    endloop
  endfacet
  facet normal -0 0 -1
    outer loop
      vertex -0.415734 -0.277784 49.99
      vertex -0.914616 -0.611127 49.99
      vertex -0.461939 -0.191341 49.99
    endloop
  endfacet
  facet normal 0 0 -1
    outer loop
      vertex 0.415734 0.277784 49.99
      vertex 0.914616 0.611127 49.99
      vertex 0.461939 0.191341 49.99
    endloop
  endfacet
  facet normal -0 0 -1
    outer loop
      vertex 0.914616 0.611127 49.99
      vertex 0.415734 0.277784 49.99
      vertex 0.777817 0.777817 49.99
    endloop
  endfacet
  facet normal 0 0 -1
    outer loop
      vertex 0.353553 0.353553 49.99
      vertex 0.777817 0.777817 49.99
      vertex 0.415734 0.277784 49.99
    endloop
  endfacet
  facet normal -0 0 -1
    outer loop
      vertex 0.777817 0.777817 49.99
      vertex 0.353553 0.353553 49.99
      vertex 0.611127 0.914616 49.99
    endloop
  endfacet
  facet normal 0 0 -1
    outer loop
      vertex 0.277784 0.415734 49.99
      vertex 0.611127 0.914616 49.99
      vertex 0.353553 0.353553 49.99
    endloop
  endfacet
  facet normal -0 0 -1
    outer loop
      vertex 0.611127 0.914616 49.99
      vertex 0.277784 0.415734 49.99
      vertex 0.420951 1.01627 49.99
    endloop
  endfacet
  facet normal 0 0 -1
    outer loop
      vertex 0.191341 0.461939 49.99
      vertex 0.420951 1.01627 49.99
      vertex 0.277784 0.415734 49.99
    endloop
  endfacet
  facet normal -0 0 -1
    outer loop
      vertex 0.420951 1.01627 49.99
      vertex 0.191341 0.461939 49.99
      vertex 0.214599 1.07886 49.99
    endloop
  endfacet
  facet normal 0 0 -1
    outer loop
      vertex 0.0975447 0.490392 49.99
      vertex 0.214599 1.07886 49.99
      vertex 0.191341 0.461939 49.99
    endloop
  endfacet
  facet normal 0 0 -1
    outer loop
      vertex 0 0.5 49.99
      vertex 0.214599 1.07886 49.99
      vertex 0.0975447 0.490392 49.99
    endloop
  endfacet
  facet normal 0 0 -1
    outer loop
      vertex 0 0.5 49.99
      vertex 0 1.1 49.99
      vertex 0.214599 1.07886 49.99
    endloop
  endfacet
  facet normal 0 0 -1
    outer loop
      vertex -0.0975447 0.490392 49.99
      vertex 0 1.1 49.99
      vertex 0 0.5 49.99
    endloop
  endfacet
  facet normal 0 0 -1
    outer loop
      vertex -0.214599 1.07886 49.99
      vertex -0.0975447 0.490392 49.99
      vertex -0.191341 0.461939 49.99
    endloop
  endfacet
  facet normal 0 0 -1
    outer loop
      vertex -0.0975447 0.490392 49.99
      vertex -0.214599 1.07886 49.99
      vertex 0 1.1 49.99
    endloop
  endfacet
  facet normal 0 0 -1
    outer loop
      vertex -0.420951 1.01627 49.99
      vertex -0.191341 0.461939 49.99
      vertex -0.277784 0.415734 49.99
    endloop
  endfacet
  facet normal 0 0 -1
    outer loop
      vertex -0.611127 0.914616 49.99
      vertex -0.277784 0.415734 49.99
      vertex -0.353553 0.353553 49.99
    endloop
  endfacet
  facet normal 0 0 -1
    outer loop
      vertex -0.777817 0.777817 49.99
      vertex -0.353553 0.353553 49.99
      vertex -0.415734 0.277784 49.99
    endloop
  endfacet
  facet normal 0 0 -1
    outer loop
      vertex -0.191341 0.461939 49.99
      vertex -0.420951 1.01627 49.99
      vertex -0.214599 1.07886 49.99
    endloop
  endfacet
  facet normal 0 0 -1
    outer loop
      vertex -0.914616 0.611127 49.99
      vertex -0.415734 0.277784 49.99
      vertex -0.461939 0.191341 49.99
    endloop
  endfacet
  facet normal 0 0 -1
    outer loop
      vertex -1.01627 0.420951 49.99
      vertex -0.461939 0.191341 49.99
      vertex -0.490392 0.0975447 49.99
    endloop
  endfacet
  facet normal 0 0 -1
    outer loop
      vertex -1.07886 0.214599 49.99
      vertex -0.490392 0.0975447 49.99
      vertex -0.5 0 49.99
    endloop
  endfacet
  facet normal 0 0 -1
    outer loop
      vertex -1.01627 -0.420951 49.99
      vertex -0.461939 -0.191341 49.99
      vertex -0.914616 -0.611127 49.99
    endloop
  endfacet
  facet normal 0 0 -1
    outer loop
      vertex -0.277784 0.415734 49.99
      vertex -0.611127 0.914616 49.99
      vertex -0.420951 1.01627 49.99
    endloop
  endfacet
  facet normal -0 0 -1
    outer loop
      vertex -0.461939 -0.191341 49.99
      vertex -1.01627 -0.420951 49.99
      vertex -0.490392 -0.0975447 49.99
    endloop
  endfacet
  facet normal 0 0 -1
    outer loop
      vertex -0.353553 0.353553 49.99
      vertex -0.777817 0.777817 49.99
      vertex -0.611127 0.914616 49.99
    endloop
  endfacet
  facet normal 0 0 -1
    outer loop
      vertex -1.07886 -0.214599 49.99
      vertex -0.490392 -0.0975447 49.99
      vertex -1.01627 -0.420951 49.99
    endloop
  endfacet
  facet normal 0 0 -1
    outer loop
      vertex -0.415734 0.277784 49.99
      vertex -0.914616 0.611127 49.99
      vertex -0.777817 0.777817 49.99
    endloop
  endfacet
  facet normal -0 0 -1
    outer loop
      vertex -0.490392 -0.0975447 49.99
      vertex -1.07886 -0.214599 49.99
      vertex -0.5 0 49.99
    endloop
  endfacet
  facet normal 0 0 -1
    outer loop
      vertex -0.461939 0.191341 49.99
      vertex -1.01627 0.420951 49.99
      vertex -0.914616 0.611127 49.99
    endloop
  endfacet
  facet normal 0 0 -1
    outer loop
      vertex -1.1 0 49.99
      vertex -0.5 0 49.99
      vertex -1.07886 -0.214599 49.99
    endloop
  endfacet
  facet normal 0 0 -1
    outer loop
      vertex -0.490392 0.0975447 49.99
      vertex -1.07886 0.214599 49.99
      vertex -1.01627 0.420951 49.99
    endloop
  endfacet
  facet normal 0 0 -1
    outer loop
      vertex -0.5 0 49.99
      vertex -1.1 0 49.99
      vertex -1.07886 0.214599 49.99
    endloop
  endfacet
  facet normal -0.290258 0.956948 0
    outer loop
      vertex -0.214599 1.07886 49.99
      vertex -0.420951 1.01627 50.79
      vertex -0.214599 1.07886 50.79
    endloop
  endfacet
  facet normal -0.290258 0.956948 0
    outer loop
      vertex -0.420951 1.01627 50.79
      vertex -0.214599 1.07886 49.99
      vertex -0.420951 1.01627 49.99
    endloop
  endfacet
  facet normal 0.634393 0.77301 -0
    outer loop
      vertex 0.777817 0.777817 49.99
      vertex 0.611127 0.914616 50.79
      vertex 0.777817 0.777817 50.79
    endloop
  endfacet
  facet normal 0.634393 0.77301 0
    outer loop
      vertex 0.611127 0.914616 50.79
      vertex 0.777817 0.777817 49.99
      vertex 0.611127 0.914616 49.99
    endloop
  endfacet
  facet normal -0.881916 0.471407 0
    outer loop
      vertex -1.01627 0.420951 49.99
      vertex -0.914616 0.611127 50.79
      vertex -0.914616 0.611127 49.99
    endloop
  endfacet
  facet normal -0.881916 0.471407 0
    outer loop
      vertex -0.914616 0.611127 50.79
      vertex -1.01627 0.420951 49.99
      vertex -1.01627 0.420951 50.79
    endloop
  endfacet
  facet normal -0.634393 -0.77301 0
    outer loop
      vertex -0.777817 -0.777817 49.99
      vertex -0.611127 -0.914616 50.79
      vertex -0.777817 -0.777817 50.79
    endloop
  endfacet
  facet normal -0.634393 -0.77301 -0
    outer loop
      vertex -0.611127 -0.914616 50.79
      vertex -0.777817 -0.777817 49.99
      vertex -0.611127 -0.914616 49.99
    endloop
  endfacet
  facet normal -0.956948 0.290258 0
    outer loop
      vertex -1.07886 0.214599 49.99
      vertex -1.01627 0.420951 50.79
      vertex -1.01627 0.420951 49.99
    endloop
  endfacet
  facet normal -0.956948 0.290258 0
    outer loop
      vertex -1.01627 0.420951 50.79
      vertex -1.07886 0.214599 49.99
      vertex -1.07886 0.214599 50.79
    endloop
  endfacet
  facet normal 0.956948 -0.290258 0
    outer loop
      vertex 1.01627 -0.420951 50.79
      vertex 1.07886 -0.214599 49.99
      vertex 1.07886 -0.214599 50.79
    endloop
  endfacet
  facet normal 0.956948 -0.290258 0
    outer loop
      vertex 1.07886 -0.214599 49.99
      vertex 1.01627 -0.420951 50.79
      vertex 1.01627 -0.420951 49.99
    endloop
  endfacet
  facet normal -0.0980348 0.995183 0
    outer loop
      vertex 0 1.1 49.99
      vertex -0.214599 1.07886 50.79
      vertex 0 1.1 50.79
    endloop
  endfacet
  facet normal -0.0980348 0.995183 0
    outer loop
      vertex -0.214599 1.07886 50.79
      vertex 0 1.1 49.99
      vertex -0.214599 1.07886 49.99
    endloop
  endfacet
  facet normal -0.77301 0.634393 0
    outer loop
      vertex -0.914616 0.611127 49.99
      vertex -0.777817 0.777817 50.79
      vertex -0.777817 0.777817 49.99
    endloop
  endfacet
  facet normal -0.77301 0.634393 0
    outer loop
      vertex -0.777817 0.777817 50.79
      vertex -0.914616 0.611127 49.99
      vertex -0.914616 0.611127 50.79
    endloop
  endfacet
  facet normal 0.995183 -0.0980348 0
    outer loop
      vertex 1.07886 -0.214599 50.79
      vertex 1.1 0 49.99
      vertex 1.1 0 50.79
    endloop
  endfacet
  facet normal 0.995183 -0.0980348 0
    outer loop
      vertex 1.1 0 49.99
      vertex 1.07886 -0.214599 50.79
      vertex 1.07886 -0.214599 49.99
    endloop
  endfacet
  facet normal -0.77301 -0.634393 0
    outer loop
      vertex -0.777817 -0.777817 49.99
      vertex -0.914616 -0.611127 50.79
      vertex -0.914616 -0.611127 49.99
    endloop
  endfacet
  facet normal -0.77301 -0.634393 0
    outer loop
      vertex -0.914616 -0.611127 50.79
      vertex -0.777817 -0.777817 49.99
      vertex -0.777817 -0.777817 50.79
    endloop
  endfacet
  facet normal 0.634393 -0.77301 0
    outer loop
      vertex 0.611127 -0.914616 49.99
      vertex 0.777817 -0.777817 50.79
      vertex 0.611127 -0.914616 50.79
    endloop
  endfacet
  facet normal 0.634393 -0.77301 0
    outer loop
      vertex 0.777817 -0.777817 50.79
      vertex 0.611127 -0.914616 49.99
      vertex 0.777817 -0.777817 49.99
    endloop
  endfacet
  facet normal -0.995183 -0.0980348 0
    outer loop
      vertex -1.07886 -0.214599 49.99
      vertex -1.1 0 50.79
      vertex -1.1 0 49.99
    endloop
  endfacet
  facet normal -0.995183 -0.0980348 0
    outer loop
      vertex -1.1 0 50.79
      vertex -1.07886 -0.214599 49.99
      vertex -1.07886 -0.214599 50.79
    endloop
  endfacet
  facet normal -0.0980348 -0.995183 0
    outer loop
      vertex -0.214599 -1.07886 49.99
      vertex 0 -1.1 50.79
      vertex -0.214599 -1.07886 50.79
    endloop
  endfacet
  facet normal -0.0980348 -0.995183 -0
    outer loop
      vertex 0 -1.1 50.79
      vertex -0.214599 -1.07886 49.99
      vertex 0 -1.1 49.99
    endloop
  endfacet
  facet normal -0.290258 -0.956948 0
    outer loop
      vertex -0.420951 -1.01627 49.99
      vertex -0.214599 -1.07886 50.79
      vertex -0.420951 -1.01627 50.79
    endloop
  endfacet
  facet normal -0.290258 -0.956948 -0
    outer loop
      vertex -0.214599 -1.07886 50.79
      vertex -0.420951 -1.01627 49.99
      vertex -0.214599 -1.07886 49.99
    endloop
  endfacet
  facet normal -0.471399 -0.88192 0
    outer loop
      vertex -0.277784 -0.415734 49
      vertex -0.191341 -0.461939 49.99
      vertex -0.277784 -0.415734 49.99
    endloop
  endfacet
  facet normal -0.471399 -0.88192 -0
    outer loop
      vertex -0.191341 -0.461939 49.99
      vertex -0.277784 -0.415734 49
      vertex -0.191341 -0.461939 49
    endloop
  endfacet
  facet normal 0.0980241 -0.995184 0
    outer loop
      vertex 0 -0.5 49
      vertex 0.0975447 -0.490392 49.99
      vertex 0 -0.5 49.99
    endloop
  endfacet
  facet normal 0.0980241 -0.995184 0
    outer loop
      vertex 0.0975447 -0.490392 49.99
      vertex 0 -0.5 49
      vertex 0.0975447 -0.490392 49
    endloop
  endfacet
  facet normal 0.95694 0.290287 0
    outer loop
      vertex 0.490392 0.0975447 49.99
      vertex 0.461939 0.191341 49
      vertex 0.461939 0.191341 49.99
    endloop
  endfacet
  facet normal 0.95694 0.290287 0
    outer loop
      vertex 0.461939 0.191341 49
      vertex 0.490392 0.0975447 49.99
      vertex 0.490392 0.0975447 49
    endloop
  endfacet
  facet normal 0.995184 0.0980241 0
    outer loop
      vertex 0.5 0 49.99
      vertex 0.490392 0.0975447 49
      vertex 0.490392 0.0975447 49.99
    endloop
  endfacet
  facet normal 0.995184 0.0980241 0
    outer loop
      vertex 0.490392 0.0975447 49
      vertex 0.5 0 49.99
      vertex 0.5 0 49
    endloop
  endfacet
  facet normal 0.88192 0.471399 0
    outer loop
      vertex 0.461939 0.191341 49.99
      vertex 0.415734 0.277784 49
      vertex 0.415734 0.277784 49.99
    endloop
  endfacet
  facet normal 0.88192 0.471399 0
    outer loop
      vertex 0.415734 0.277784 49
      vertex 0.461939 0.191341 49.99
      vertex 0.461939 0.191341 49
    endloop
  endfacet
  facet normal 0.471399 0.88192 -0
    outer loop
      vertex 0.277784 0.415734 49
      vertex 0.191341 0.461939 49.99
      vertex 0.277784 0.415734 49.99
    endloop
  endfacet
  facet normal 0.471399 0.88192 0
    outer loop
      vertex 0.191341 0.461939 49.99
      vertex 0.277784 0.415734 49
      vertex 0.191341 0.461939 49
    endloop
  endfacet
  facet normal -0.95694 -0.290287 0
    outer loop
      vertex -0.461939 -0.191341 49
      vertex -0.490392 -0.0975447 49.99
      vertex -0.490392 -0.0975447 49
    endloop
  endfacet
  facet normal -0.95694 -0.290287 0
    outer loop
      vertex -0.490392 -0.0975447 49.99
      vertex -0.461939 -0.191341 49
      vertex -0.461939 -0.191341 49.99
    endloop
  endfacet
  facet normal 0.471399 -0.88192 0
    outer loop
      vertex 0.191341 -0.461939 49
      vertex 0.277784 -0.415734 49.99
      vertex 0.191341 -0.461939 49.99
    endloop
  endfacet
  facet normal 0.471399 -0.88192 0
    outer loop
      vertex 0.277784 -0.415734 49.99
      vertex 0.191341 -0.461939 49
      vertex 0.277784 -0.415734 49
    endloop
  endfacet
  facet normal 0.773016 0.634387 0
    outer loop
      vertex 0.415734 0.277784 49.99
      vertex 0.353553 0.353553 49
      vertex 0.353553 0.353553 49.99
    endloop
  endfacet
  facet normal 0.773016 0.634387 0
    outer loop
      vertex 0.353553 0.353553 49
      vertex 0.415734 0.277784 49.99
      vertex 0.415734 0.277784 49
    endloop
  endfacet
  facet normal 0.290287 0.95694 -0
    outer loop
      vertex 0.191341 0.461939 49
      vertex 0.0975447 0.490392 49.99
      vertex 0.191341 0.461939 49.99
    endloop
  endfacet
  facet normal 0.290287 0.95694 0
    outer loop
      vertex 0.0975447 0.490392 49.99
      vertex 0.191341 0.461939 49
      vertex 0.0975447 0.490392 49
    endloop
  endfacet
  facet normal -0.471399 0.88192 0
    outer loop
      vertex -0.191341 0.461939 49
      vertex -0.277784 0.415734 49.99
      vertex -0.191341 0.461939 49.99
    endloop
  endfacet
  facet normal -0.471399 0.88192 0
    outer loop
      vertex -0.277784 0.415734 49.99
      vertex -0.191341 0.461939 49
      vertex -0.277784 0.415734 49
    endloop
  endfacet
  facet normal -0.88192 -0.471399 0
    outer loop
      vertex -0.415734 -0.277784 49
      vertex -0.461939 -0.191341 49.99
      vertex -0.461939 -0.191341 49
    endloop
  endfacet
  facet normal -0.88192 -0.471399 0
    outer loop
      vertex -0.461939 -0.191341 49.99
      vertex -0.415734 -0.277784 49
      vertex -0.415734 -0.277784 49.99
    endloop
  endfacet
  facet normal 0.0980241 0.995184 -0
    outer loop
      vertex 0.0975447 0.490392 49
      vertex 0 0.5 49.99
      vertex 0.0975447 0.490392 49.99
    endloop
  endfacet
  facet normal 0.0980241 0.995184 0
    outer loop
      vertex 0 0.5 49.99
      vertex 0.0975447 0.490392 49
      vertex 0 0.5 49
    endloop
  endfacet
  facet normal 0.290287 -0.95694 0
    outer loop
      vertex 0.0975447 -0.490392 49
      vertex 0.191341 -0.461939 49.99
      vertex 0.0975447 -0.490392 49.99
    endloop
  endfacet
  facet normal 0.290287 -0.95694 0
    outer loop
      vertex 0.191341 -0.461939 49.99
      vertex 0.0975447 -0.490392 49
      vertex 0.191341 -0.461939 49
    endloop
  endfacet
  facet normal -0.995184 0.0980241 0
    outer loop
      vertex -0.5 0 49
      vertex -0.490392 0.0975447 49.99
      vertex -0.490392 0.0975447 49
    endloop
  endfacet
  facet normal -0.995184 0.0980241 0
    outer loop
      vertex -0.490392 0.0975447 49.99
      vertex -0.5 0 49
      vertex -0.5 0 49.99
    endloop
  endfacet
  facet normal 0.88192 -0.471399 0
    outer loop
      vertex 0.415734 -0.277784 49.99
      vertex 0.461939 -0.191341 49
      vertex 0.461939 -0.191341 49.99
    endloop
  endfacet
  facet normal 0.88192 -0.471399 0
    outer loop
      vertex 0.461939 -0.191341 49
      vertex 0.415734 -0.277784 49.99
      vertex 0.415734 -0.277784 49
    endloop
  endfacet
  facet normal 0.773016 -0.634387 0
    outer loop
      vertex 0.353553 -0.353553 49.99
      vertex 0.415734 -0.277784 49
      vertex 0.415734 -0.277784 49.99
    endloop
  endfacet
  facet normal 0.773016 -0.634387 0
    outer loop
      vertex 0.415734 -0.277784 49
      vertex 0.353553 -0.353553 49.99
      vertex 0.353553 -0.353553 49
    endloop
  endfacet
  facet normal -0.634387 0.773016 0
    outer loop
      vertex -0.277784 0.415734 49
      vertex -0.353553 0.353553 49.99
      vertex -0.277784 0.415734 49.99
    endloop
  endfacet
  facet normal -0.634387 0.773016 0
    outer loop
      vertex -0.353553 0.353553 49.99
      vertex -0.277784 0.415734 49
      vertex -0.353553 0.353553 49
    endloop
  endfacet
  facet normal 0 0 -1
    outer loop
      vertex 0.490392 -0.0975447 49
      vertex 0.490392 0.0975447 49
      vertex 0.5 0 49
    endloop
  endfacet
  facet normal 0 0 -1
    outer loop
      vertex 0.461939 -0.191341 49
      vertex 0.490392 0.0975447 49
      vertex 0.490392 -0.0975447 49
    endloop
  endfacet
  facet normal 0 0 -1
    outer loop
      vertex 0.461939 -0.191341 49
      vertex 0.461939 0.191341 49
      vertex 0.490392 0.0975447 49
    endloop
  endfacet
  facet normal 0 0 -1
    outer loop
      vertex 0.415734 -0.277784 49
      vertex 0.461939 0.191341 49
      vertex 0.461939 -0.191341 49
    endloop
  endfacet
  facet normal 0 0 -1
    outer loop
      vertex 0.415734 -0.277784 49
      vertex 0.415734 0.277784 49
      vertex 0.461939 0.191341 49
    endloop
  endfacet
  facet normal 0 0 -1
    outer loop
      vertex 0.353553 -0.353553 49
      vertex 0.415734 0.277784 49
      vertex 0.415734 -0.277784 49
    endloop
  endfacet
  facet normal 0 0 -1
    outer loop
      vertex 0.353553 -0.353553 49
      vertex 0.353553 0.353553 49
      vertex 0.415734 0.277784 49
    endloop
  endfacet
  facet normal 0 0 -1
    outer loop
      vertex 0.277784 -0.415734 49
      vertex 0.353553 0.353553 49
      vertex 0.353553 -0.353553 49
    endloop
  endfacet
  facet normal 0 0 -1
    outer loop
      vertex 0.277784 -0.415734 49
      vertex 0.277784 0.415734 49
      vertex 0.353553 0.353553 49
    endloop
  endfacet
  facet normal 0 0 -1
    outer loop
      vertex 0.191341 -0.461939 49
      vertex 0.277784 0.415734 49
      vertex 0.277784 -0.415734 49
    endloop
  endfacet
  facet normal 0 0 -1
    outer loop
      vertex 0.191341 -0.461939 49
      vertex 0.191341 0.461939 49
      vertex 0.277784 0.415734 49
    endloop
  endfacet
  facet normal 0 0 -1
    outer loop
      vertex 0.0975447 -0.490392 49
      vertex 0.191341 0.461939 49
      vertex 0.191341 -0.461939 49
    endloop
  endfacet
  facet normal 0 0 -1
    outer loop
      vertex 0.0975447 -0.490392 49
      vertex 0.0975447 0.490392 49
      vertex 0.191341 0.461939 49
    endloop
  endfacet
  facet normal 0 0 -1
    outer loop
      vertex 0 -0.5 49
      vertex 0.0975447 0.490392 49
      vertex 0.0975447 -0.490392 49
    endloop
  endfacet
  facet normal 0 0 -1
    outer loop
      vertex 0 -0.5 49
      vertex 0 0.5 49
      vertex 0.0975447 0.490392 49
    endloop
  endfacet
  facet normal 0 0 -1
    outer loop
      vertex -0.0975447 -0.490392 49
      vertex 0 0.5 49
      vertex 0 -0.5 49
    endloop
  endfacet
  facet normal 0 0 -1
    outer loop
      vertex -0.0975447 -0.490392 49
      vertex -0.0975447 0.490392 49
      vertex 0 0.5 49
    endloop
  endfacet
  facet normal 0 0 -1
    outer loop
      vertex -0.191341 -0.461939 49
      vertex -0.0975447 0.490392 49
      vertex -0.0975447 -0.490392 49
    endloop
  endfacet
  facet normal 0 0 -1
    outer loop
      vertex -0.191341 -0.461939 49
      vertex -0.191341 0.461939 49
      vertex -0.0975447 0.490392 49
    endloop
  endfacet
  facet normal 0 0 -1
    outer loop
      vertex -0.277784 -0.415734 49
      vertex -0.191341 0.461939 49
      vertex -0.191341 -0.461939 49
    endloop
  endfacet
  facet normal 0 0 -1
    outer loop
      vertex -0.277784 -0.415734 49
      vertex -0.277784 0.415734 49
      vertex -0.191341 0.461939 49
    endloop
  endfacet
  facet normal 0 0 -1
    outer loop
      vertex -0.353553 -0.353553 49
      vertex -0.277784 0.415734 49
      vertex -0.277784 -0.415734 49
    endloop
  endfacet
  facet normal 0 0 -1
    outer loop
      vertex -0.353553 -0.353553 49
      vertex -0.353553 0.353553 49
      vertex -0.277784 0.415734 49
    endloop
  endfacet
  facet normal 0 0 -1
    outer loop
      vertex -0.415734 -0.277784 49
      vertex -0.353553 0.353553 49
      vertex -0.353553 -0.353553 49
    endloop
  endfacet
  facet normal 0 0 -1
    outer loop
      vertex -0.415734 -0.277784 49
      vertex -0.415734 0.277784 49
      vertex -0.353553 0.353553 49
    endloop
  endfacet
  facet normal 0 0 -1
    outer loop
      vertex -0.461939 -0.191341 49
      vertex -0.415734 0.277784 49
      vertex -0.415734 -0.277784 49
    endloop
  endfacet
  facet normal 0 0 -1
    outer loop
      vertex -0.461939 -0.191341 49
      vertex -0.461939 0.191341 49
      vertex -0.415734 0.277784 49
    endloop
  endfacet
  facet normal 0 0 -1
    outer loop
      vertex -0.490392 -0.0975447 49
      vertex -0.461939 0.191341 49
      vertex -0.461939 -0.191341 49
    endloop
  endfacet
  facet normal 0 0 -1
    outer loop
      vertex -0.490392 -0.0975447 49
      vertex -0.490392 0.0975447 49
      vertex -0.461939 0.191341 49
    endloop
  endfacet
  facet normal 0 -0 -1
    outer loop
      vertex -0.490392 0.0975447 49
      vertex -0.490392 -0.0975447 49
      vertex -0.5 0 49
    endloop
  endfacet
  facet normal -0.290287 0.95694 0
    outer loop
      vertex -0.0975447 0.490392 49
      vertex -0.191341 0.461939 49.99
      vertex -0.0975447 0.490392 49.99
    endloop
  endfacet
  facet normal -0.290287 0.95694 0
    outer loop
      vertex -0.191341 0.461939 49.99
      vertex -0.0975447 0.490392 49
      vertex -0.191341 0.461939 49
    endloop
  endfacet
  facet normal 0.634387 0.773016 -0
    outer loop
      vertex 0.353553 0.353553 49
      vertex 0.277784 0.415734 49.99
      vertex 0.353553 0.353553 49.99
    endloop
  endfacet
  facet normal 0.634387 0.773016 0
    outer loop
      vertex 0.277784 0.415734 49.99
      vertex 0.353553 0.353553 49
      vertex 0.277784 0.415734 49
    endloop
  endfacet
  facet normal -0.88192 0.471399 0
    outer loop
      vertex -0.461939 0.191341 49
      vertex -0.415734 0.277784 49.99
      vertex -0.415734 0.277784 49
    endloop
  endfacet
  facet normal -0.88192 0.471399 0
    outer loop
      vertex -0.415734 0.277784 49.99
      vertex -0.461939 0.191341 49
      vertex -0.461939 0.191341 49.99
    endloop
  endfacet
  facet normal -0.634387 -0.773016 0
    outer loop
      vertex -0.353553 -0.353553 49
      vertex -0.277784 -0.415734 49.99
      vertex -0.353553 -0.353553 49.99
    endloop
  endfacet
  facet normal -0.634387 -0.773016 -0
    outer loop
      vertex -0.277784 -0.415734 49.99
      vertex -0.353553 -0.353553 49
      vertex -0.277784 -0.415734 49
    endloop
  endfacet
  facet normal -0.95694 0.290287 0
    outer loop
      vertex -0.490392 0.0975447 49
      vertex -0.461939 0.191341 49.99
      vertex -0.461939 0.191341 49
    endloop
  endfacet
  facet normal -0.95694 0.290287 0
    outer loop
      vertex -0.461939 0.191341 49.99
      vertex -0.490392 0.0975447 49
      vertex -0.490392 0.0975447 49.99
    endloop
  endfacet
  facet normal 0.95694 -0.290287 0
    outer loop
      vertex 0.461939 -0.191341 49.99
      vertex 0.490392 -0.0975447 49
      vertex 0.490392 -0.0975447 49.99
    endloop
  endfacet
  facet normal 0.95694 -0.290287 0
    outer loop
      vertex 0.490392 -0.0975447 49
      vertex 0.461939 -0.191341 49.99
      vertex 0.461939 -0.191341 49
    endloop
  endfacet
  facet normal -0.0980241 0.995184 0
    outer loop
      vertex 0 0.5 49
      vertex -0.0975447 0.490392 49.99
      vertex 0 0.5 49.99
    endloop
  endfacet
  facet normal -0.0980241 0.995184 0
    outer loop
      vertex -0.0975447 0.490392 49.99
      vertex 0 0.5 49
      vertex -0.0975447 0.490392 49
    endloop
  endfacet
  facet normal -0.773016 0.634387 0
    outer loop
      vertex -0.415734 0.277784 49
      vertex -0.353553 0.353553 49.99
      vertex -0.353553 0.353553 49
    endloop
  endfacet
  facet normal -0.773016 0.634387 0
    outer loop
      vertex -0.353553 0.353553 49.99
      vertex -0.415734 0.277784 49
      vertex -0.415734 0.277784 49.99
    endloop
  endfacet
  facet normal 0.995184 -0.0980241 0
    outer loop
      vertex 0.490392 -0.0975447 49.99
      vertex 0.5 0 49
      vertex 0.5 0 49.99
    endloop
  endfacet
  facet normal 0.995184 -0.0980241 0
    outer loop
      vertex 0.5 0 49
      vertex 0.490392 -0.0975447 49.99
      vertex 0.490392 -0.0975447 49
    endloop
  endfacet
  facet normal -0.773016 -0.634387 0
    outer loop
      vertex -0.353553 -0.353553 49
      vertex -0.415734 -0.277784 49.99
      vertex -0.415734 -0.277784 49
    endloop
  endfacet
  facet normal -0.773016 -0.634387 0
    outer loop
      vertex -0.415734 -0.277784 49.99
      vertex -0.353553 -0.353553 49
      vertex -0.353553 -0.353553 49.99
    endloop
  endfacet
  facet normal 0.634387 -0.773016 0
    outer loop
      vertex 0.277784 -0.415734 49
      vertex 0.353553 -0.353553 49.99
      vertex 0.277784 -0.415734 49.99
    endloop
  endfacet
  facet normal 0.634387 -0.773016 0
    outer loop
      vertex 0.353553 -0.353553 49.99
      vertex 0.277784 -0.415734 49
      vertex 0.353553 -0.353553 49
    endloop
  endfacet
  facet normal -0.995184 -0.0980241 0
    outer loop
      vertex -0.490392 -0.0975447 49
      vertex -0.5 0 49.99
      vertex -0.5 0 49
    endloop
  endfacet
  facet normal -0.995184 -0.0980241 0
    outer loop
      vertex -0.5 0 49.99
      vertex -0.490392 -0.0975447 49
      vertex -0.490392 -0.0975447 49.99
    endloop
  endfacet
  facet normal -0.0980241 -0.995184 0
    outer loop
      vertex -0.0975447 -0.490392 49
      vertex 0 -0.5 49.99
      vertex -0.0975447 -0.490392 49.99
    endloop
  endfacet
  facet normal -0.0980241 -0.995184 -0
    outer loop
      vertex 0 -0.5 49.99
      vertex -0.0975447 -0.490392 49
      vertex 0 -0.5 49
    endloop
  endfacet
  facet normal -0.290287 -0.95694 0
    outer loop
      vertex -0.191341 -0.461939 49
      vertex -0.0975447 -0.490392 49.99
      vertex -0.191341 -0.461939 49.99
    endloop
  endfacet
  facet normal -0.290287 -0.95694 -0
    outer loop
      vertex -0.0975447 -0.490392 49.99
      vertex -0.191341 -0.461939 49
      vertex -0.0975447 -0.490392 49
    endloop
  endfacet
endsolid OpenSCAD_Model
