solid OpenSCAD_Model
  facet normal 0.242536 -0.970143 0
    outer loop
      vertex 12.2121 -23.3692 -11.25
      vertex 12.3645 -23.3311 -3.2
      vertex 12.2121 -23.3692 -3.2
    endloop
  endfacet
  facet normal 0.242536 -0.970143 0
    outer loop
      vertex 12.3645 -23.3311 -3.2
      vertex 12.2121 -23.3692 -11.25
      vertex 12.3645 -23.3311 -11.25
    endloop
  endfacet
  facet normal 0.242536 -0.970143 0
    outer loop
      vertex 12.2121 -23.3692 1.5
      vertex 12.3645 -23.3311 5.25
      vertex 12.2121 -23.3692 5.25
    endloop
  endfacet
  facet normal 0.242536 -0.970143 0
    outer loop
      vertex 12.3645 -23.3311 5.25
      vertex 12.2121 -23.3692 1.5
      vertex 12.3645 -23.3311 1.5
    endloop
  endfacet
  facet normal 0.242536 -0.970143 0
    outer loop
      vertex 12.2121 -23.3692 -2.6
      vertex 12.3645 -23.3311 -1.5
      vertex 12.2121 -23.3692 -1.5
    endloop
  endfacet
  facet normal 0.242536 -0.970143 0
    outer loop
      vertex 12.3645 -23.3311 -1.5
      vertex 12.2121 -23.3692 -2.6
      vertex 12.3645 -23.3311 -2.6
    endloop
  endfacet
  facet normal 0 -1 0
    outer loop
      vertex -11.9 -23.4 -11.25
      vertex 11.9 -23.4 -3.2
      vertex -11.9 -23.4 -3.2
    endloop
  endfacet
  facet normal 0 -1 -0
    outer loop
      vertex 11.9 -23.4 -3.2
      vertex -11.9 -23.4 -11.25
      vertex 11.9 -23.4 -11.25
    endloop
  endfacet
  facet normal 0 -1 0
    outer loop
      vertex -11.9 -23.4 1.5
      vertex 11.9 -23.4 5.25
      vertex -11.9 -23.4 5.25
    endloop
  endfacet
  facet normal 0 -1 -0
    outer loop
      vertex 11.9 -23.4 5.25
      vertex -11.9 -23.4 1.5
      vertex 11.9 -23.4 1.5
    endloop
  endfacet
  facet normal 0 -1 0
    outer loop
      vertex -11.9 -23.4 -1.5
      vertex -1.57155 -23.4 -1.9
      vertex -1.57155 -23.4 -1.5
    endloop
  endfacet
  facet normal 0 -1 -0
    outer loop
      vertex -1.57155 -23.4 -1.9
      vertex -11.9 -23.4 -2.6
      vertex 1.57155 -23.4 -1.9
    endloop
  endfacet
  facet normal 0 -1 0
    outer loop
      vertex -11.9 -23.4 -2.6
      vertex -1.57155 -23.4 -1.9
      vertex -11.9 -23.4 -1.5
    endloop
  endfacet
  facet normal 0 -1 0
    outer loop
      vertex 1.57155 -23.4 -1.9
      vertex 11.9 -23.4 -1.5
      vertex 1.57155 -23.4 -1.5
    endloop
  endfacet
  facet normal 0 -1 0
    outer loop
      vertex 11.9 -23.4 -2.6
      vertex 1.57155 -23.4 -1.9
      vertex -11.9 -23.4 -2.6
    endloop
  endfacet
  facet normal 0 -1 0
    outer loop
      vertex 1.57155 -23.4 -1.9
      vertex 11.9 -23.4 -2.6
      vertex 11.9 -23.4 -1.5
    endloop
  endfacet
  facet normal 0.147126 -0.989118 0
    outer loop
      vertex 12.0568 -23.3923 -11.25
      vertex 12.2121 -23.3692 -3.2
      vertex 12.0568 -23.3923 -3.2
    endloop
  endfacet
  facet normal 0.147126 -0.989118 0
    outer loop
      vertex 12.2121 -23.3692 -3.2
      vertex 12.0568 -23.3923 -11.25
      vertex 12.2121 -23.3692 -11.25
    endloop
  endfacet
  facet normal 0.147126 -0.989118 0
    outer loop
      vertex 12.0568 -23.3923 1.5
      vertex 12.2121 -23.3692 5.25
      vertex 12.0568 -23.3923 5.25
    endloop
  endfacet
  facet normal 0.147126 -0.989118 0
    outer loop
      vertex 12.2121 -23.3692 5.25
      vertex 12.0568 -23.3923 1.5
      vertex 12.2121 -23.3692 1.5
    endloop
  endfacet
  facet normal 0.147126 -0.989118 0
    outer loop
      vertex 12.0568 -23.3923 -2.6
      vertex 12.2121 -23.3692 -1.5
      vertex 12.0568 -23.3923 -1.5
    endloop
  endfacet
  facet normal 0.147126 -0.989118 0
    outer loop
      vertex 12.2121 -23.3692 -1.5
      vertex 12.0568 -23.3923 -2.6
      vertex 12.2121 -23.3692 -2.6
    endloop
  endfacet
  facet normal -0.514402 0.857549 0
    outer loop
      vertex -12.6542 23.2111 -11.25
      vertex -12.7889 23.1303 -3.2
      vertex -12.6542 23.2111 -3.2
    endloop
  endfacet
  facet normal -0.514402 0.857549 0
    outer loop
      vertex -12.7889 23.1303 -3.2
      vertex -12.6542 23.2111 -11.25
      vertex -12.7889 23.1303 -11.25
    endloop
  endfacet
  facet normal -0.514402 0.857549 0
    outer loop
      vertex -12.6542 23.2111 1.5
      vertex -12.7889 23.1303 5.25
      vertex -12.6542 23.2111 5.25
    endloop
  endfacet
  facet normal -0.514402 0.857549 0
    outer loop
      vertex -12.7889 23.1303 5.25
      vertex -12.6542 23.2111 1.5
      vertex -12.7889 23.1303 1.5
    endloop
  endfacet
  facet normal -0.514402 0.857549 0
    outer loop
      vertex -12.6542 23.2111 -2.6
      vertex -12.7889 23.1303 -1.5
      vertex -12.6542 23.2111 -1.5
    endloop
  endfacet
  facet normal -0.514402 0.857549 0
    outer loop
      vertex -12.7889 23.1303 -1.5
      vertex -12.6542 23.2111 -2.6
      vertex -12.7889 23.1303 -2.6
    endloop
  endfacet
  facet normal -0.904023 -0.427484 0
    outer loop
      vertex -13.3111 -22.5542 -11.25
      vertex -13.3782 -22.4123 -3.2
      vertex -13.3782 -22.4123 -11.25
    endloop
  endfacet
  facet normal -0.904023 -0.427484 0
    outer loop
      vertex -13.3782 -22.4123 -3.2
      vertex -13.3111 -22.5542 -11.25
      vertex -13.3111 -22.5542 -3.2
    endloop
  endfacet
  facet normal -0.904023 -0.427484 0
    outer loop
      vertex -13.3111 -22.5542 1.5
      vertex -13.3782 -22.4123 5.25
      vertex -13.3782 -22.4123 1.5
    endloop
  endfacet
  facet normal -0.904023 -0.427484 0
    outer loop
      vertex -13.3782 -22.4123 5.25
      vertex -13.3111 -22.5542 1.5
      vertex -13.3111 -22.5542 5.25
    endloop
  endfacet
  facet normal -0.904023 -0.427484 0
    outer loop
      vertex -13.3111 -22.5542 -2.6
      vertex -13.3782 -22.4123 -1.5
      vertex -13.3782 -22.4123 -2.6
    endloop
  endfacet
  facet normal -0.904023 -0.427484 0
    outer loop
      vertex -13.3782 -22.4123 -1.5
      vertex -13.3111 -22.5542 -2.6
      vertex -13.3111 -22.5542 -1.5
    endloop
  endfacet
  facet normal 0.049048 -0.998796 0
    outer loop
      vertex 11.9 -23.4 -11.25
      vertex 12.0568 -23.3923 -3.2
      vertex 11.9 -23.4 -3.2
    endloop
  endfacet
  facet normal 0.049048 -0.998796 0
    outer loop
      vertex 12.0568 -23.3923 -3.2
      vertex 11.9 -23.4 -11.25
      vertex 12.0568 -23.3923 -11.25
    endloop
  endfacet
  facet normal 0.049048 -0.998796 0
    outer loop
      vertex 11.9 -23.4 1.5
      vertex 12.0568 -23.3923 5.25
      vertex 11.9 -23.4 5.25
    endloop
  endfacet
  facet normal 0.049048 -0.998796 0
    outer loop
      vertex 12.0568 -23.3923 5.25
      vertex 11.9 -23.4 1.5
      vertex 12.0568 -23.3923 1.5
    endloop
  endfacet
  facet normal 0.049048 -0.998796 0
    outer loop
      vertex 11.9 -23.4 -2.6
      vertex 12.0568 -23.3923 -1.5
      vertex 11.9 -23.4 -1.5
    endloop
  endfacet
  facet normal 0.049048 -0.998796 0
    outer loop
      vertex 12.0568 -23.3923 -1.5
      vertex 11.9 -23.4 -2.6
      vertex 12.0568 -23.3923 -2.6
    endloop
  endfacet
  facet normal -0.98921 0.146502 0
    outer loop
      vertex -13.4923 21.9568 -11.25
      vertex -13.4693 22.1121 -3.2
      vertex -13.4693 22.1121 -11.25
    endloop
  endfacet
  facet normal -0.98921 0.146502 0
    outer loop
      vertex -13.4693 22.1121 -3.2
      vertex -13.4923 21.9568 -11.25
      vertex -13.4923 21.9568 -3.2
    endloop
  endfacet
  facet normal -0.98921 0.146502 0
    outer loop
      vertex -13.4923 21.9568 1.5
      vertex -13.4693 22.1121 5.25
      vertex -13.4693 22.1121 1.5
    endloop
  endfacet
  facet normal -0.98921 0.146502 0
    outer loop
      vertex -13.4693 22.1121 5.25
      vertex -13.4923 21.9568 1.5
      vertex -13.4923 21.9568 5.25
    endloop
  endfacet
  facet normal -0.98921 0.146502 0
    outer loop
      vertex -13.4923 21.9568 -2.6
      vertex -13.4693 22.1121 -1.5
      vertex -13.4693 22.1121 -2.6
    endloop
  endfacet
  facet normal -0.98921 0.146502 0
    outer loop
      vertex -13.4693 22.1121 -1.5
      vertex -13.4923 21.9568 -2.6
      vertex -13.4923 21.9568 -1.5
    endloop
  endfacet
  facet normal -0.857549 -0.514402 0
    outer loop
      vertex -13.2303 -22.6889 -11.25
      vertex -13.3111 -22.5542 -3.2
      vertex -13.3111 -22.5542 -11.25
    endloop
  endfacet
  facet normal -0.857549 -0.514402 0
    outer loop
      vertex -13.3111 -22.5542 -3.2
      vertex -13.2303 -22.6889 -11.25
      vertex -13.2303 -22.6889 -3.2
    endloop
  endfacet
  facet normal -0.857549 -0.514402 0
    outer loop
      vertex -13.2303 -22.6889 1.5
      vertex -13.3111 -22.5542 5.25
      vertex -13.3111 -22.5542 1.5
    endloop
  endfacet
  facet normal -0.857549 -0.514402 0
    outer loop
      vertex -13.3111 -22.5542 5.25
      vertex -13.2303 -22.6889 1.5
      vertex -13.2303 -22.6889 5.25
    endloop
  endfacet
  facet normal -0.857549 -0.514402 0
    outer loop
      vertex -13.2303 -22.6889 -2.6
      vertex -13.3111 -22.5542 -1.5
      vertex -13.3111 -22.5542 -2.6
    endloop
  endfacet
  facet normal -0.857549 -0.514402 0
    outer loop
      vertex -13.3111 -22.5542 -1.5
      vertex -13.2303 -22.6889 -2.6
      vertex -13.2303 -22.6889 -1.5
    endloop
  endfacet
  facet normal -0.427484 0.904023 0
    outer loop
      vertex -12.5123 23.2782 -11.25
      vertex -12.6542 23.2111 -3.2
      vertex -12.5123 23.2782 -3.2
    endloop
  endfacet
  facet normal -0.427484 0.904023 0
    outer loop
      vertex -12.6542 23.2111 -3.2
      vertex -12.5123 23.2782 -11.25
      vertex -12.6542 23.2111 -11.25
    endloop
  endfacet
  facet normal -0.427484 0.904023 0
    outer loop
      vertex -12.5123 23.2782 1.5
      vertex -12.6542 23.2111 5.25
      vertex -12.5123 23.2782 5.25
    endloop
  endfacet
  facet normal -0.427484 0.904023 0
    outer loop
      vertex -12.6542 23.2111 5.25
      vertex -12.5123 23.2782 1.5
      vertex -12.6542 23.2111 1.5
    endloop
  endfacet
  facet normal -0.427484 0.904023 0
    outer loop
      vertex -12.5123 23.2782 -2.6
      vertex -12.6542 23.2111 -1.5
      vertex -12.5123 23.2782 -1.5
    endloop
  endfacet
  facet normal -0.427484 0.904023 0
    outer loop
      vertex -12.6542 23.2111 -1.5
      vertex -12.5123 23.2782 -2.6
      vertex -12.6542 23.2111 -2.6
    endloop
  endfacet
  facet normal -0.969993 0.243135 0
    outer loop
      vertex -13.4693 22.1121 -11.25
      vertex -13.4311 22.2645 -3.2
      vertex -13.4311 22.2645 -11.25
    endloop
  endfacet
  facet normal -0.969993 0.243135 0
    outer loop
      vertex -13.4311 22.2645 -3.2
      vertex -13.4693 22.1121 -11.25
      vertex -13.4693 22.1121 -3.2
    endloop
  endfacet
  facet normal -0.969993 0.243135 0
    outer loop
      vertex -13.4693 22.1121 1.5
      vertex -13.4311 22.2645 5.25
      vertex -13.4311 22.2645 1.5
    endloop
  endfacet
  facet normal -0.969993 0.243135 0
    outer loop
      vertex -13.4311 22.2645 5.25
      vertex -13.4693 22.1121 1.5
      vertex -13.4693 22.1121 5.25
    endloop
  endfacet
  facet normal -0.969993 0.243135 0
    outer loop
      vertex -13.4693 22.1121 -2.6
      vertex -13.4311 22.2645 -1.5
      vertex -13.4311 22.2645 -2.6
    endloop
  endfacet
  facet normal -0.969993 0.243135 0
    outer loop
      vertex -13.4311 22.2645 -1.5
      vertex -13.4693 22.1121 -2.6
      vertex -13.4693 22.1121 -1.5
    endloop
  endfacet
  facet normal 0.671213 0.741264 -0
    outer loop
      vertex 13.0314 22.9314 1.5
      vertex 12.915 23.0368 5.25
      vertex 13.0314 22.9314 5.25
    endloop
  endfacet
  facet normal 0.671213 0.741264 0
    outer loop
      vertex 12.915 23.0368 5.25
      vertex 13.0314 22.9314 1.5
      vertex 12.915 23.0368 1.5
    endloop
  endfacet
  facet normal 0.671213 0.741264 -0
    outer loop
      vertex 13.0314 22.9314 -11.25
      vertex 12.915 23.0368 -3.2
      vertex 13.0314 22.9314 -3.2
    endloop
  endfacet
  facet normal 0.671213 0.741264 0
    outer loop
      vertex 12.915 23.0368 -3.2
      vertex 13.0314 22.9314 -11.25
      vertex 12.915 23.0368 -11.25
    endloop
  endfacet
  facet normal 0.671213 0.741264 -0
    outer loop
      vertex 13.0314 22.9314 -2.6
      vertex 12.915 23.0368 -1.5
      vertex 13.0314 22.9314 -1.5
    endloop
  endfacet
  facet normal 0.671213 0.741264 0
    outer loop
      vertex 12.915 23.0368 -1.5
      vertex 13.0314 22.9314 -2.6
      vertex 12.915 23.0368 -2.6
    endloop
  endfacet
  facet normal 0.049048 0.998796 -0
    outer loop
      vertex 12.0568 23.3923 1.5
      vertex 11.9 23.4 5.25
      vertex 12.0568 23.3923 5.25
    endloop
  endfacet
  facet normal 0.049048 0.998796 0
    outer loop
      vertex 11.9 23.4 5.25
      vertex 12.0568 23.3923 1.5
      vertex 11.9 23.4 1.5
    endloop
  endfacet
  facet normal 0.049048 0.998796 -0
    outer loop
      vertex 12.0568 23.3923 -11.25
      vertex 11.9 23.4 -3.2
      vertex 12.0568 23.3923 -3.2
    endloop
  endfacet
  facet normal 0.049048 0.998796 0
    outer loop
      vertex 11.9 23.4 -3.2
      vertex 12.0568 23.3923 -11.25
      vertex 11.9 23.4 -11.25
    endloop
  endfacet
  facet normal 0.049048 0.998796 -0
    outer loop
      vertex 12.0568 23.3923 -2.6
      vertex 11.9 23.4 -1.5
      vertex 12.0568 23.3923 -1.5
    endloop
  endfacet
  facet normal 0.049048 0.998796 0
    outer loop
      vertex 11.9 23.4 -1.5
      vertex 12.0568 23.3923 -2.6
      vertex 11.9 23.4 -2.6
    endloop
  endfacet
  facet normal 0.998796 0.049048 0
    outer loop
      vertex 13.5 21.8 -3.2
      vertex 13.4923 21.9568 -11.25
      vertex 13.4923 21.9568 -3.2
    endloop
  endfacet
  facet normal 0.998796 0.049048 0
    outer loop
      vertex 13.4923 21.9568 -11.25
      vertex 13.5 21.8 -3.2
      vertex 13.5 21.8 -11.25
    endloop
  endfacet
  facet normal 0.998796 0.049048 0
    outer loop
      vertex 13.5 21.8 5.25
      vertex 13.4923 21.9568 1.5
      vertex 13.4923 21.9568 5.25
    endloop
  endfacet
  facet normal 0.998796 0.049048 0
    outer loop
      vertex 13.4923 21.9568 1.5
      vertex 13.5 21.8 5.25
      vertex 13.5 21.8 1.5
    endloop
  endfacet
  facet normal 0.998796 0.049048 0
    outer loop
      vertex 13.5 21.8 -1.5
      vertex 13.4923 21.9568 -2.6
      vertex 13.4923 21.9568 -1.5
    endloop
  endfacet
  facet normal 0.998796 0.049048 0
    outer loop
      vertex 13.4923 21.9568 -2.6
      vertex 13.5 21.8 -1.5
      vertex 13.5 21.8 -2.6
    endloop
  endfacet
  facet normal -0.741264 0.671213 0
    outer loop
      vertex -13.1368 22.815 -11.25
      vertex -13.0314 22.9314 -3.2
      vertex -13.0314 22.9314 -11.25
    endloop
  endfacet
  facet normal -0.741264 0.671213 0
    outer loop
      vertex -13.0314 22.9314 -3.2
      vertex -13.1368 22.815 -11.25
      vertex -13.1368 22.815 -3.2
    endloop
  endfacet
  facet normal -0.741264 0.671213 0
    outer loop
      vertex -13.1368 22.815 1.5
      vertex -13.0314 22.9314 5.25
      vertex -13.0314 22.9314 1.5
    endloop
  endfacet
  facet normal -0.741264 0.671213 0
    outer loop
      vertex -13.0314 22.9314 5.25
      vertex -13.1368 22.815 1.5
      vertex -13.1368 22.815 5.25
    endloop
  endfacet
  facet normal -0.741264 0.671213 0
    outer loop
      vertex -13.1368 22.815 -2.6
      vertex -13.0314 22.9314 -1.5
      vertex -13.0314 22.9314 -2.6
    endloop
  endfacet
  facet normal -0.741264 0.671213 0
    outer loop
      vertex -13.0314 22.9314 -1.5
      vertex -13.1368 22.815 -2.6
      vertex -13.1368 22.815 -1.5
    endloop
  endfacet
  facet normal -0.98921 -0.146502 0
    outer loop
      vertex -13.4693 -22.1121 1.5
      vertex -13.4923 -21.9568 5.25
      vertex -13.4923 -21.9568 1.5
    endloop
  endfacet
  facet normal -0.98921 -0.146502 0
    outer loop
      vertex -13.4923 -21.9568 5.25
      vertex -13.4693 -22.1121 1.5
      vertex -13.4693 -22.1121 5.25
    endloop
  endfacet
  facet normal -0.98921 -0.146502 0
    outer loop
      vertex -13.4693 -22.1121 -11.25
      vertex -13.4923 -21.9568 -3.2
      vertex -13.4923 -21.9568 -11.25
    endloop
  endfacet
  facet normal -0.98921 -0.146502 0
    outer loop
      vertex -13.4923 -21.9568 -3.2
      vertex -13.4693 -22.1121 -11.25
      vertex -13.4693 -22.1121 -3.2
    endloop
  endfacet
  facet normal -0.98921 -0.146502 0
    outer loop
      vertex -13.4693 -22.1121 -2.6
      vertex -13.4923 -21.9568 -1.5
      vertex -13.4923 -21.9568 -2.6
    endloop
  endfacet
  facet normal -0.98921 -0.146502 0
    outer loop
      vertex -13.4923 -21.9568 -1.5
      vertex -13.4693 -22.1121 -2.6
      vertex -13.4693 -22.1121 -1.5
    endloop
  endfacet
  facet normal -0.049048 0.998796 0
    outer loop
      vertex -11.9 23.4 -11.25
      vertex -12.0568 23.3923 -3.2
      vertex -11.9 23.4 -3.2
    endloop
  endfacet
  facet normal -0.049048 0.998796 0
    outer loop
      vertex -12.0568 23.3923 -3.2
      vertex -11.9 23.4 -11.25
      vertex -12.0568 23.3923 -11.25
    endloop
  endfacet
  facet normal -0.049048 0.998796 0
    outer loop
      vertex -11.9 23.4 1.5
      vertex -12.0568 23.3923 5.25
      vertex -11.9 23.4 5.25
    endloop
  endfacet
  facet normal -0.049048 0.998796 0
    outer loop
      vertex -12.0568 23.3923 5.25
      vertex -11.9 23.4 1.5
      vertex -12.0568 23.3923 1.5
    endloop
  endfacet
  facet normal -0.049048 0.998796 0
    outer loop
      vertex -11.9 23.4 -2.6
      vertex -12.0568 23.3923 -1.5
      vertex -11.9 23.4 -1.5
    endloop
  endfacet
  facet normal -0.049048 0.998796 0
    outer loop
      vertex -12.0568 23.3923 -1.5
      vertex -11.9 23.4 -2.6
      vertex -12.0568 23.3923 -2.6
    endloop
  endfacet
  facet normal 0 0 -1
    outer loop
      vertex 11.9 -23.4 -11.25
      vertex 13.5 -21.8 -11.25
      vertex 13.4923 -21.9568 -11.25
    endloop
  endfacet
  facet normal 0 0 -1
    outer loop
      vertex 13.5 -21.8 -11.25
      vertex -13.5 -21.8 -11.25
      vertex 13.5 21.8 -11.25
    endloop
  endfacet
  facet normal 0 0 -1
    outer loop
      vertex 11.9 -23.4 -11.25
      vertex 13.4923 -21.9568 -11.25
      vertex 13.4693 -22.1121 -11.25
    endloop
  endfacet
  facet normal 0 0 -1
    outer loop
      vertex -13.5 21.8 -11.25
      vertex 13.5 21.8 -11.25
      vertex -13.5 -21.8 -11.25
    endloop
  endfacet
  facet normal 0 0 -1
    outer loop
      vertex 11.9 -23.4 -11.25
      vertex 13.4693 -22.1121 -11.25
      vertex 13.4311 -22.2645 -11.25
    endloop
  endfacet
  facet normal 0 -0 -1
    outer loop
      vertex 11.9 23.4 -11.25
      vertex 13.5 21.8 -11.25
      vertex -13.5 21.8 -11.25
    endloop
  endfacet
  facet normal 0 0 -1
    outer loop
      vertex 11.9 -23.4 -11.25
      vertex 13.4311 -22.2645 -11.25
      vertex 13.3782 -22.4123 -11.25
    endloop
  endfacet
  facet normal 0 0 -1
    outer loop
      vertex 13.5 21.8 -11.25
      vertex 11.9 23.4 -11.25
      vertex 13.4923 21.9568 -11.25
    endloop
  endfacet
  facet normal 0 0 -1
    outer loop
      vertex 11.9 -23.4 -11.25
      vertex 13.3782 -22.4123 -11.25
      vertex 13.3111 -22.5542 -11.25
    endloop
  endfacet
  facet normal 0 0 -1
    outer loop
      vertex 13.4923 21.9568 -11.25
      vertex 11.9 23.4 -11.25
      vertex 13.4693 22.1121 -11.25
    endloop
  endfacet
  facet normal 0 0 -1
    outer loop
      vertex 11.9 -23.4 -11.25
      vertex 13.3111 -22.5542 -11.25
      vertex 13.2303 -22.6889 -11.25
    endloop
  endfacet
  facet normal 0 0 -1
    outer loop
      vertex 13.4693 22.1121 -11.25
      vertex 11.9 23.4 -11.25
      vertex 13.4311 22.2645 -11.25
    endloop
  endfacet
  facet normal 0 0 -1
    outer loop
      vertex 11.9 -23.4 -11.25
      vertex 13.2303 -22.6889 -11.25
      vertex 13.1368 -22.815 -11.25
    endloop
  endfacet
  facet normal -0 0 -1
    outer loop
      vertex 13.5 -21.8 -11.25
      vertex 11.9 -23.4 -11.25
      vertex -13.5 -21.8 -11.25
    endloop
  endfacet
  facet normal 0 0 -1
    outer loop
      vertex 11.9 -23.4 -11.25
      vertex 13.1368 -22.815 -11.25
      vertex 13.0314 -22.9314 -11.25
    endloop
  endfacet
  facet normal 0 0 -1
    outer loop
      vertex 13.4311 22.2645 -11.25
      vertex 11.9 23.4 -11.25
      vertex 13.3782 22.4123 -11.25
    endloop
  endfacet
  facet normal 0 0 -1
    outer loop
      vertex 11.9 -23.4 -11.25
      vertex 13.0314 -22.9314 -11.25
      vertex 12.915 -23.0368 -11.25
    endloop
  endfacet
  facet normal 0 0 -1
    outer loop
      vertex 13.2303 22.6889 -11.25
      vertex 11.9 23.4 -11.25
      vertex 13.1368 22.815 -11.25
    endloop
  endfacet
  facet normal 0 0 -1
    outer loop
      vertex 11.9 -23.4 -11.25
      vertex 12.915 -23.0368 -11.25
      vertex 12.7889 -23.1303 -11.25
    endloop
  endfacet
  facet normal 0 0 -1
    outer loop
      vertex 13.1368 22.815 -11.25
      vertex 11.9 23.4 -11.25
      vertex 13.0314 22.9314 -11.25
    endloop
  endfacet
  facet normal 0 0 -1
    outer loop
      vertex 11.9 -23.4 -11.25
      vertex 12.7889 -23.1303 -11.25
      vertex 12.6542 -23.2111 -11.25
    endloop
  endfacet
  facet normal 0 0 -1
    outer loop
      vertex 13.0314 22.9314 -11.25
      vertex 11.9 23.4 -11.25
      vertex 12.915 23.0368 -11.25
    endloop
  endfacet
  facet normal 0 0 -1
    outer loop
      vertex 11.9 -23.4 -11.25
      vertex 12.6542 -23.2111 -11.25
      vertex 12.5123 -23.2782 -11.25
    endloop
  endfacet
  facet normal 0 0 -1
    outer loop
      vertex 12.915 23.0368 -11.25
      vertex 11.9 23.4 -11.25
      vertex 12.7889 23.1303 -11.25
    endloop
  endfacet
  facet normal 0 0 -1
    outer loop
      vertex 11.9 -23.4 -11.25
      vertex 12.5123 -23.2782 -11.25
      vertex 12.3645 -23.3311 -11.25
    endloop
  endfacet
  facet normal 0 0 -1
    outer loop
      vertex 12.7889 23.1303 -11.25
      vertex 11.9 23.4 -11.25
      vertex 12.6542 23.2111 -11.25
    endloop
  endfacet
  facet normal 0 0 -1
    outer loop
      vertex 11.9 -23.4 -11.25
      vertex 12.3645 -23.3311 -11.25
      vertex 12.2121 -23.3692 -11.25
    endloop
  endfacet
  facet normal 0 0 -1
    outer loop
      vertex 12.6542 23.2111 -11.25
      vertex 11.9 23.4 -11.25
      vertex 12.5123 23.2782 -11.25
    endloop
  endfacet
  facet normal 0 0 -1
    outer loop
      vertex 11.9 -23.4 -11.25
      vertex 12.2121 -23.3692 -11.25
      vertex 12.0568 -23.3923 -11.25
    endloop
  endfacet
  facet normal 0 0 -1
    outer loop
      vertex 12.5123 23.2782 -11.25
      vertex 11.9 23.4 -11.25
      vertex 12.3645 23.3311 -11.25
    endloop
  endfacet
  facet normal 0 0 -1
    outer loop
      vertex 12.3645 23.3311 -11.25
      vertex 11.9 23.4 -11.25
      vertex 12.2121 23.3692 -11.25
    endloop
  endfacet
  facet normal 0 0 -1
    outer loop
      vertex 12.2121 23.3692 -11.25
      vertex 11.9 23.4 -11.25
      vertex 12.0568 23.3923 -11.25
    endloop
  endfacet
  facet normal 0 0 -1
    outer loop
      vertex -13.5 -21.8 -11.25
      vertex 11.9 -23.4 -11.25
      vertex -11.9 -23.4 -11.25
    endloop
  endfacet
  facet normal 0 0 -1
    outer loop
      vertex 13.3782 22.4123 -11.25
      vertex 11.9 23.4 -11.25
      vertex 13.3111 22.5542 -11.25
    endloop
  endfacet
  facet normal 0 0 -1
    outer loop
      vertex -13.5 -21.8 -11.25
      vertex -11.9 -23.4 -11.25
      vertex -12.0568 -23.3923 -11.25
    endloop
  endfacet
  facet normal 0 0 -1
    outer loop
      vertex 13.3111 22.5542 -11.25
      vertex 11.9 23.4 -11.25
      vertex 13.2303 22.6889 -11.25
    endloop
  endfacet
  facet normal 0 0 -1
    outer loop
      vertex -13.5 -21.8 -11.25
      vertex -12.0568 -23.3923 -11.25
      vertex -12.2121 -23.3692 -11.25
    endloop
  endfacet
  facet normal -0 0 -1
    outer loop
      vertex 11.9 23.4 -11.25
      vertex -13.5 21.8 -11.25
      vertex -11.9 23.4 -11.25
    endloop
  endfacet
  facet normal 0 0 -1
    outer loop
      vertex -13.5 -21.8 -11.25
      vertex -12.2121 -23.3692 -11.25
      vertex -12.3645 -23.3311 -11.25
    endloop
  endfacet
  facet normal 0 0 -1
    outer loop
      vertex -11.9 23.4 -11.25
      vertex -13.5 21.8 -11.25
      vertex -12.0568 23.3923 -11.25
    endloop
  endfacet
  facet normal 0 0 -1
    outer loop
      vertex -13.5 -21.8 -11.25
      vertex -12.3645 -23.3311 -11.25
      vertex -12.5123 -23.2782 -11.25
    endloop
  endfacet
  facet normal 0 0 -1
    outer loop
      vertex -12.0568 23.3923 -11.25
      vertex -13.5 21.8 -11.25
      vertex -12.2121 23.3692 -11.25
    endloop
  endfacet
  facet normal 0 0 -1
    outer loop
      vertex -13.5 -21.8 -11.25
      vertex -12.5123 -23.2782 -11.25
      vertex -12.6542 -23.2111 -11.25
    endloop
  endfacet
  facet normal 0 0 -1
    outer loop
      vertex -12.2121 23.3692 -11.25
      vertex -13.5 21.8 -11.25
      vertex -12.3645 23.3311 -11.25
    endloop
  endfacet
  facet normal 0 0 -1
    outer loop
      vertex -13.5 -21.8 -11.25
      vertex -12.6542 -23.2111 -11.25
      vertex -12.7889 -23.1303 -11.25
    endloop
  endfacet
  facet normal 0 0 -1
    outer loop
      vertex -12.3645 23.3311 -11.25
      vertex -13.5 21.8 -11.25
      vertex -12.5123 23.2782 -11.25
    endloop
  endfacet
  facet normal 0 0 -1
    outer loop
      vertex -13.5 -21.8 -11.25
      vertex -12.7889 -23.1303 -11.25
      vertex -12.915 -23.0368 -11.25
    endloop
  endfacet
  facet normal 0 0 -1
    outer loop
      vertex -12.5123 23.2782 -11.25
      vertex -13.5 21.8 -11.25
      vertex -12.6542 23.2111 -11.25
    endloop
  endfacet
  facet normal 0 0 -1
    outer loop
      vertex -13.5 -21.8 -11.25
      vertex -12.915 -23.0368 -11.25
      vertex -13.0314 -22.9314 -11.25
    endloop
  endfacet
  facet normal 0 0 -1
    outer loop
      vertex -12.6542 23.2111 -11.25
      vertex -13.5 21.8 -11.25
      vertex -12.7889 23.1303 -11.25
    endloop
  endfacet
  facet normal 0 0 -1
    outer loop
      vertex -13.5 -21.8 -11.25
      vertex -13.0314 -22.9314 -11.25
      vertex -13.1368 -22.815 -11.25
    endloop
  endfacet
  facet normal 0 0 -1
    outer loop
      vertex -12.7889 23.1303 -11.25
      vertex -13.5 21.8 -11.25
      vertex -12.915 23.0368 -11.25
    endloop
  endfacet
  facet normal 0 0 -1
    outer loop
      vertex -13.5 -21.8 -11.25
      vertex -13.1368 -22.815 -11.25
      vertex -13.2303 -22.6889 -11.25
    endloop
  endfacet
  facet normal 0 0 -1
    outer loop
      vertex -12.915 23.0368 -11.25
      vertex -13.5 21.8 -11.25
      vertex -13.0314 22.9314 -11.25
    endloop
  endfacet
  facet normal 0 0 -1
    outer loop
      vertex -13.5 -21.8 -11.25
      vertex -13.2303 -22.6889 -11.25
      vertex -13.3111 -22.5542 -11.25
    endloop
  endfacet
  facet normal 0 0 -1
    outer loop
      vertex -13.0314 22.9314 -11.25
      vertex -13.5 21.8 -11.25
      vertex -13.1368 22.815 -11.25
    endloop
  endfacet
  facet normal 0 0 -1
    outer loop
      vertex -13.5 -21.8 -11.25
      vertex -13.3111 -22.5542 -11.25
      vertex -13.3782 -22.4123 -11.25
    endloop
  endfacet
  facet normal 0 0 -1
    outer loop
      vertex -13.1368 22.815 -11.25
      vertex -13.5 21.8 -11.25
      vertex -13.2303 22.6889 -11.25
    endloop
  endfacet
  facet normal 0 0 -1
    outer loop
      vertex -13.5 -21.8 -11.25
      vertex -13.3782 -22.4123 -11.25
      vertex -13.4311 -22.2645 -11.25
    endloop
  endfacet
  facet normal 0 0 -1
    outer loop
      vertex -13.2303 22.6889 -11.25
      vertex -13.5 21.8 -11.25
      vertex -13.3111 22.5542 -11.25
    endloop
  endfacet
  facet normal 0 0 -1
    outer loop
      vertex -13.5 -21.8 -11.25
      vertex -13.4311 -22.2645 -11.25
      vertex -13.4693 -22.1121 -11.25
    endloop
  endfacet
  facet normal 0 0 -1
    outer loop
      vertex -13.3111 22.5542 -11.25
      vertex -13.5 21.8 -11.25
      vertex -13.3782 22.4123 -11.25
    endloop
  endfacet
  facet normal 0 0 -1
    outer loop
      vertex -13.5 -21.8 -11.25
      vertex -13.4693 -22.1121 -11.25
      vertex -13.4923 -21.9568 -11.25
    endloop
  endfacet
  facet normal 0 0 -1
    outer loop
      vertex -13.3782 22.4123 -11.25
      vertex -13.5 21.8 -11.25
      vertex -13.4311 22.2645 -11.25
    endloop
  endfacet
  facet normal 0 0 -1
    outer loop
      vertex -13.4311 22.2645 -11.25
      vertex -13.5 21.8 -11.25
      vertex -13.4693 22.1121 -11.25
    endloop
  endfacet
  facet normal 0 0 -1
    outer loop
      vertex -13.4693 22.1121 -11.25
      vertex -13.5 21.8 -11.25
      vertex -13.4923 21.9568 -11.25
    endloop
  endfacet
  facet normal 1 -0 0
    outer loop
      vertex 13.5 -21.8 5.25
      vertex 13.5 21.8 1.5
      vertex 13.5 21.8 5.25
    endloop
  endfacet
  facet normal 1 0 0
    outer loop
      vertex 13.5 21.8 1.5
      vertex 13.5 -21.8 5.25
      vertex 13.5 -21.8 1.5
    endloop
  endfacet
  facet normal 1 -0 0
    outer loop
      vertex 13.5 -21.8 -3.2
      vertex 13.5 21.8 -11.25
      vertex 13.5 21.8 -3.2
    endloop
  endfacet
  facet normal 1 0 0
    outer loop
      vertex 13.5 21.8 -11.25
      vertex 13.5 -21.8 -3.2
      vertex 13.5 -21.8 -11.25
    endloop
  endfacet
  facet normal 1 -0 0
    outer loop
      vertex 13.5 -21.8 -1.5
      vertex 13.5 21.8 -2.6
      vertex 13.5 21.8 -1.5
    endloop
  endfacet
  facet normal 1 0 0
    outer loop
      vertex 13.5 21.8 -2.6
      vertex 13.5 -21.8 -1.5
      vertex 13.5 -21.8 -2.6
    endloop
  endfacet
  facet normal -1 0 0
    outer loop
      vertex -13.5 -21.8 1.5
      vertex -13.5 21.8 5.25
      vertex -13.5 21.8 1.5
    endloop
  endfacet
  facet normal -1 -0 0
    outer loop
      vertex -13.5 21.8 5.25
      vertex -13.5 -21.8 1.5
      vertex -13.5 -21.8 5.25
    endloop
  endfacet
  facet normal -1 0 0
    outer loop
      vertex -13.5 -21.8 -11.25
      vertex -13.5 21.8 -3.2
      vertex -13.5 21.8 -11.25
    endloop
  endfacet
  facet normal -1 -0 0
    outer loop
      vertex -13.5 21.8 -3.2
      vertex -13.5 -21.8 -11.25
      vertex -13.5 -21.8 -3.2
    endloop
  endfacet
  facet normal -1 0 0
    outer loop
      vertex -13.5 -21.8 -2.6
      vertex -13.5 21.8 -1.5
      vertex -13.5 21.8 -2.6
    endloop
  endfacet
  facet normal -1 -0 0
    outer loop
      vertex -13.5 21.8 -1.5
      vertex -13.5 -21.8 -2.6
      vertex -13.5 -21.8 -1.5
    endloop
  endfacet
  facet normal 0.427484 -0.904023 0
    outer loop
      vertex 12.5123 -23.2782 -11.25
      vertex 12.6542 -23.2111 -3.2
      vertex 12.5123 -23.2782 -3.2
    endloop
  endfacet
  facet normal 0.427484 -0.904023 0
    outer loop
      vertex 12.6542 -23.2111 -3.2
      vertex 12.5123 -23.2782 -11.25
      vertex 12.6542 -23.2111 -11.25
    endloop
  endfacet
  facet normal 0.427484 -0.904023 0
    outer loop
      vertex 12.5123 -23.2782 1.5
      vertex 12.6542 -23.2111 5.25
      vertex 12.5123 -23.2782 5.25
    endloop
  endfacet
  facet normal 0.427484 -0.904023 0
    outer loop
      vertex 12.6542 -23.2111 5.25
      vertex 12.5123 -23.2782 1.5
      vertex 12.6542 -23.2111 1.5
    endloop
  endfacet
  facet normal 0.427484 -0.904023 0
    outer loop
      vertex 12.5123 -23.2782 -2.6
      vertex 12.6542 -23.2111 -1.5
      vertex 12.5123 -23.2782 -1.5
    endloop
  endfacet
  facet normal 0.427484 -0.904023 0
    outer loop
      vertex 12.6542 -23.2111 -1.5
      vertex 12.5123 -23.2782 -2.6
      vertex 12.6542 -23.2111 -2.6
    endloop
  endfacet
  facet normal 0.98921 0.146502 0
    outer loop
      vertex 13.4923 21.9568 -3.2
      vertex 13.4693 22.1121 -11.25
      vertex 13.4693 22.1121 -3.2
    endloop
  endfacet
  facet normal 0.98921 0.146502 0
    outer loop
      vertex 13.4693 22.1121 -11.25
      vertex 13.4923 21.9568 -3.2
      vertex 13.4923 21.9568 -11.25
    endloop
  endfacet
  facet normal 0.98921 0.146502 0
    outer loop
      vertex 13.4923 21.9568 5.25
      vertex 13.4693 22.1121 1.5
      vertex 13.4693 22.1121 5.25
    endloop
  endfacet
  facet normal 0.98921 0.146502 0
    outer loop
      vertex 13.4693 22.1121 1.5
      vertex 13.4923 21.9568 5.25
      vertex 13.4923 21.9568 1.5
    endloop
  endfacet
  facet normal 0.98921 0.146502 0
    outer loop
      vertex 13.4923 21.9568 -1.5
      vertex 13.4693 22.1121 -2.6
      vertex 13.4693 22.1121 -1.5
    endloop
  endfacet
  facet normal 0.98921 0.146502 0
    outer loop
      vertex 13.4693 22.1121 -2.6
      vertex 13.4923 21.9568 -1.5
      vertex 13.4923 21.9568 -2.6
    endloop
  endfacet
  facet normal -0.941511 -0.336982 0
    outer loop
      vertex -13.3782 -22.4123 -11.25
      vertex -13.4311 -22.2645 -3.2
      vertex -13.4311 -22.2645 -11.25
    endloop
  endfacet
  facet normal -0.941511 -0.336982 0
    outer loop
      vertex -13.4311 -22.2645 -3.2
      vertex -13.3782 -22.4123 -11.25
      vertex -13.3782 -22.4123 -3.2
    endloop
  endfacet
  facet normal -0.941511 -0.336982 0
    outer loop
      vertex -13.3782 -22.4123 1.5
      vertex -13.4311 -22.2645 5.25
      vertex -13.4311 -22.2645 1.5
    endloop
  endfacet
  facet normal -0.941511 -0.336982 0
    outer loop
      vertex -13.4311 -22.2645 5.25
      vertex -13.3782 -22.4123 1.5
      vertex -13.3782 -22.4123 5.25
    endloop
  endfacet
  facet normal -0.941511 -0.336982 0
    outer loop
      vertex -13.3782 -22.4123 -2.6
      vertex -13.4311 -22.2645 -1.5
      vertex -13.4311 -22.2645 -2.6
    endloop
  endfacet
  facet normal -0.941511 -0.336982 0
    outer loop
      vertex -13.4311 -22.2645 -1.5
      vertex -13.3782 -22.4123 -2.6
      vertex -13.3782 -22.4123 -1.5
    endloop
  endfacet
  facet normal -0.514402 -0.857549 0
    outer loop
      vertex -12.7889 -23.1303 -11.25
      vertex -12.6542 -23.2111 -3.2
      vertex -12.7889 -23.1303 -3.2
    endloop
  endfacet
  facet normal -0.514402 -0.857549 -0
    outer loop
      vertex -12.6542 -23.2111 -3.2
      vertex -12.7889 -23.1303 -11.25
      vertex -12.6542 -23.2111 -11.25
    endloop
  endfacet
  facet normal -0.514402 -0.857549 0
    outer loop
      vertex -12.7889 -23.1303 1.5
      vertex -12.6542 -23.2111 5.25
      vertex -12.7889 -23.1303 5.25
    endloop
  endfacet
  facet normal -0.514402 -0.857549 -0
    outer loop
      vertex -12.6542 -23.2111 5.25
      vertex -12.7889 -23.1303 1.5
      vertex -12.6542 -23.2111 1.5
    endloop
  endfacet
  facet normal -0.514402 -0.857549 0
    outer loop
      vertex -12.7889 -23.1303 -2.6
      vertex -12.6542 -23.2111 -1.5
      vertex -12.7889 -23.1303 -1.5
    endloop
  endfacet
  facet normal -0.514402 -0.857549 -0
    outer loop
      vertex -12.6542 -23.2111 -1.5
      vertex -12.7889 -23.1303 -2.6
      vertex -12.6542 -23.2111 -2.6
    endloop
  endfacet
  facet normal 0.98921 -0.146502 0
    outer loop
      vertex 13.4693 -22.1121 -3.2
      vertex 13.4923 -21.9568 -11.25
      vertex 13.4923 -21.9568 -3.2
    endloop
  endfacet
  facet normal 0.98921 -0.146502 0
    outer loop
      vertex 13.4923 -21.9568 -11.25
      vertex 13.4693 -22.1121 -3.2
      vertex 13.4693 -22.1121 -11.25
    endloop
  endfacet
  facet normal 0.98921 -0.146502 0
    outer loop
      vertex 13.4693 -22.1121 5.25
      vertex 13.4923 -21.9568 1.5
      vertex 13.4923 -21.9568 5.25
    endloop
  endfacet
  facet normal 0.98921 -0.146502 0
    outer loop
      vertex 13.4923 -21.9568 1.5
      vertex 13.4693 -22.1121 5.25
      vertex 13.4693 -22.1121 1.5
    endloop
  endfacet
  facet normal 0.98921 -0.146502 0
    outer loop
      vertex 13.4693 -22.1121 -1.5
      vertex 13.4923 -21.9568 -2.6
      vertex 13.4923 -21.9568 -1.5
    endloop
  endfacet
  facet normal 0.98921 -0.146502 0
    outer loop
      vertex 13.4923 -21.9568 -2.6
      vertex 13.4693 -22.1121 -1.5
      vertex 13.4693 -22.1121 -2.6
    endloop
  endfacet
  facet normal 0 1 -0
    outer loop
      vertex 11.9 23.4 1.5
      vertex -11.9 23.4 5.25
      vertex 11.9 23.4 5.25
    endloop
  endfacet
  facet normal 0 1 0
    outer loop
      vertex -11.9 23.4 5.25
      vertex 11.9 23.4 1.5
      vertex -11.9 23.4 1.5
    endloop
  endfacet
  facet normal 0 1 -0
    outer loop
      vertex 11.9 23.4 -11.25
      vertex -11.9 23.4 -3.2
      vertex 11.9 23.4 -3.2
    endloop
  endfacet
  facet normal 0 1 0
    outer loop
      vertex -11.9 23.4 -3.2
      vertex 11.9 23.4 -11.25
      vertex -11.9 23.4 -11.25
    endloop
  endfacet
  facet normal 0 1 0
    outer loop
      vertex 11.9 23.4 -1.5
      vertex 1.57155 23.4 -1.9
      vertex 1.57155 23.4 -1.5
    endloop
  endfacet
  facet normal 0 1 0
    outer loop
      vertex 1.57155 23.4 -1.9
      vertex 11.9 23.4 -2.6
      vertex -1.57155 23.4 -1.9
    endloop
  endfacet
  facet normal 0 1 -0
    outer loop
      vertex 11.9 23.4 -2.6
      vertex 1.57155 23.4 -1.9
      vertex 11.9 23.4 -1.5
    endloop
  endfacet
  facet normal 0 1 -0
    outer loop
      vertex -1.57155 23.4 -1.9
      vertex -11.9 23.4 -1.5
      vertex -1.57155 23.4 -1.5
    endloop
  endfacet
  facet normal 0 1 0
    outer loop
      vertex -11.9 23.4 -2.6
      vertex -1.57155 23.4 -1.9
      vertex 11.9 23.4 -2.6
    endloop
  endfacet
  facet normal 0 1 0
    outer loop
      vertex -1.57155 23.4 -1.9
      vertex -11.9 23.4 -2.6
      vertex -11.9 23.4 -1.5
    endloop
  endfacet
  facet normal 0.242536 0.970143 -0
    outer loop
      vertex 12.3645 23.3311 1.5
      vertex 12.2121 23.3692 5.25
      vertex 12.3645 23.3311 5.25
    endloop
  endfacet
  facet normal 0.242536 0.970143 0
    outer loop
      vertex 12.2121 23.3692 5.25
      vertex 12.3645 23.3311 1.5
      vertex 12.2121 23.3692 1.5
    endloop
  endfacet
  facet normal 0.242536 0.970143 -0
    outer loop
      vertex 12.3645 23.3311 -11.25
      vertex 12.2121 23.3692 -3.2
      vertex 12.3645 23.3311 -3.2
    endloop
  endfacet
  facet normal 0.242536 0.970143 0
    outer loop
      vertex 12.2121 23.3692 -3.2
      vertex 12.3645 23.3311 -11.25
      vertex 12.2121 23.3692 -11.25
    endloop
  endfacet
  facet normal 0.242536 0.970143 -0
    outer loop
      vertex 12.3645 23.3311 -2.6
      vertex 12.2121 23.3692 -1.5
      vertex 12.3645 23.3311 -1.5
    endloop
  endfacet
  facet normal 0.242536 0.970143 0
    outer loop
      vertex 12.2121 23.3692 -1.5
      vertex 12.3645 23.3311 -2.6
      vertex 12.2121 23.3692 -2.6
    endloop
  endfacet
  facet normal -0.904023 0.427484 0
    outer loop
      vertex -13.3782 22.4123 -11.25
      vertex -13.3111 22.5542 -3.2
      vertex -13.3111 22.5542 -11.25
    endloop
  endfacet
  facet normal -0.904023 0.427484 0
    outer loop
      vertex -13.3111 22.5542 -3.2
      vertex -13.3782 22.4123 -11.25
      vertex -13.3782 22.4123 -3.2
    endloop
  endfacet
  facet normal -0.904023 0.427484 0
    outer loop
      vertex -13.3782 22.4123 1.5
      vertex -13.3111 22.5542 5.25
      vertex -13.3111 22.5542 1.5
    endloop
  endfacet
  facet normal -0.904023 0.427484 0
    outer loop
      vertex -13.3111 22.5542 5.25
      vertex -13.3782 22.4123 1.5
      vertex -13.3782 22.4123 5.25
    endloop
  endfacet
  facet normal -0.904023 0.427484 0
    outer loop
      vertex -13.3782 22.4123 -2.6
      vertex -13.3111 22.5542 -1.5
      vertex -13.3111 22.5542 -2.6
    endloop
  endfacet
  facet normal -0.904023 0.427484 0
    outer loop
      vertex -13.3111 22.5542 -1.5
      vertex -13.3782 22.4123 -2.6
      vertex -13.3782 22.4123 -1.5
    endloop
  endfacet
  facet normal -0.336982 0.941511 0
    outer loop
      vertex -12.3645 23.3311 1.5
      vertex -12.5123 23.2782 5.25
      vertex -12.3645 23.3311 5.25
    endloop
  endfacet
  facet normal -0.336982 0.941511 0
    outer loop
      vertex -12.5123 23.2782 5.25
      vertex -12.3645 23.3311 1.5
      vertex -12.5123 23.2782 1.5
    endloop
  endfacet
  facet normal -0.336982 0.941511 0
    outer loop
      vertex -12.3645 23.3311 -11.25
      vertex -12.5123 23.2782 -3.2
      vertex -12.3645 23.3311 -3.2
    endloop
  endfacet
  facet normal -0.336982 0.941511 0
    outer loop
      vertex -12.5123 23.2782 -3.2
      vertex -12.3645 23.3311 -11.25
      vertex -12.5123 23.2782 -11.25
    endloop
  endfacet
  facet normal -0.336982 0.941511 0
    outer loop
      vertex -12.3645 23.3311 -2.6
      vertex -12.5123 23.2782 -1.5
      vertex -12.3645 23.3311 -1.5
    endloop
  endfacet
  facet normal -0.336982 0.941511 0
    outer loop
      vertex -12.5123 23.2782 -1.5
      vertex -12.3645 23.3311 -2.6
      vertex -12.5123 23.2782 -2.6
    endloop
  endfacet
  facet normal -0.998796 -0.049048 0
    outer loop
      vertex -13.4923 -21.9568 1.5
      vertex -13.5 -21.8 5.25
      vertex -13.5 -21.8 1.5
    endloop
  endfacet
  facet normal -0.998796 -0.049048 0
    outer loop
      vertex -13.5 -21.8 5.25
      vertex -13.4923 -21.9568 1.5
      vertex -13.4923 -21.9568 5.25
    endloop
  endfacet
  facet normal -0.998796 -0.049048 0
    outer loop
      vertex -13.4923 -21.9568 -11.25
      vertex -13.5 -21.8 -3.2
      vertex -13.5 -21.8 -11.25
    endloop
  endfacet
  facet normal -0.998796 -0.049048 0
    outer loop
      vertex -13.5 -21.8 -3.2
      vertex -13.4923 -21.9568 -11.25
      vertex -13.4923 -21.9568 -3.2
    endloop
  endfacet
  facet normal -0.998796 -0.049048 0
    outer loop
      vertex -13.4923 -21.9568 -2.6
      vertex -13.5 -21.8 -1.5
      vertex -13.5 -21.8 -2.6
    endloop
  endfacet
  facet normal -0.998796 -0.049048 0
    outer loop
      vertex -13.5 -21.8 -1.5
      vertex -13.4923 -21.9568 -2.6
      vertex -13.4923 -21.9568 -1.5
    endloop
  endfacet
  facet normal -0.741264 -0.671213 0
    outer loop
      vertex -13.0314 -22.9314 -11.25
      vertex -13.1368 -22.815 -3.2
      vertex -13.1368 -22.815 -11.25
    endloop
  endfacet
  facet normal -0.741264 -0.671213 0
    outer loop
      vertex -13.1368 -22.815 -3.2
      vertex -13.0314 -22.9314 -11.25
      vertex -13.0314 -22.9314 -3.2
    endloop
  endfacet
  facet normal -0.741264 -0.671213 0
    outer loop
      vertex -13.0314 -22.9314 1.5
      vertex -13.1368 -22.815 5.25
      vertex -13.1368 -22.815 1.5
    endloop
  endfacet
  facet normal -0.741264 -0.671213 0
    outer loop
      vertex -13.1368 -22.815 5.25
      vertex -13.0314 -22.9314 1.5
      vertex -13.0314 -22.9314 5.25
    endloop
  endfacet
  facet normal -0.741264 -0.671213 0
    outer loop
      vertex -13.0314 -22.9314 -2.6
      vertex -13.1368 -22.815 -1.5
      vertex -13.1368 -22.815 -2.6
    endloop
  endfacet
  facet normal -0.741264 -0.671213 0
    outer loop
      vertex -13.1368 -22.815 -1.5
      vertex -13.0314 -22.9314 -2.6
      vertex -13.0314 -22.9314 -1.5
    endloop
  endfacet
  facet normal 0.904023 -0.427484 0
    outer loop
      vertex 13.3111 -22.5542 5.25
      vertex 13.3782 -22.4123 1.5
      vertex 13.3782 -22.4123 5.25
    endloop
  endfacet
  facet normal 0.904023 -0.427484 0
    outer loop
      vertex 13.3782 -22.4123 1.5
      vertex 13.3111 -22.5542 5.25
      vertex 13.3111 -22.5542 1.5
    endloop
  endfacet
  facet normal 0.904023 -0.427484 0
    outer loop
      vertex 13.3111 -22.5542 -3.2
      vertex 13.3782 -22.4123 -11.25
      vertex 13.3782 -22.4123 -3.2
    endloop
  endfacet
  facet normal 0.904023 -0.427484 0
    outer loop
      vertex 13.3782 -22.4123 -11.25
      vertex 13.3111 -22.5542 -3.2
      vertex 13.3111 -22.5542 -11.25
    endloop
  endfacet
  facet normal 0.904023 -0.427484 0
    outer loop
      vertex 13.3111 -22.5542 -1.5
      vertex 13.3782 -22.4123 -2.6
      vertex 13.3782 -22.4123 -1.5
    endloop
  endfacet
  facet normal 0.904023 -0.427484 0
    outer loop
      vertex 13.3782 -22.4123 -2.6
      vertex 13.3111 -22.5542 -1.5
      vertex 13.3111 -22.5542 -2.6
    endloop
  endfacet
  facet normal -0.147126 0.989118 0
    outer loop
      vertex -12.0568 23.3923 -11.25
      vertex -12.2121 23.3692 -3.2
      vertex -12.0568 23.3923 -3.2
    endloop
  endfacet
  facet normal -0.147126 0.989118 0
    outer loop
      vertex -12.2121 23.3692 -3.2
      vertex -12.0568 23.3923 -11.25
      vertex -12.2121 23.3692 -11.25
    endloop
  endfacet
  facet normal -0.147126 0.989118 0
    outer loop
      vertex -12.0568 23.3923 1.5
      vertex -12.2121 23.3692 5.25
      vertex -12.0568 23.3923 5.25
    endloop
  endfacet
  facet normal -0.147126 0.989118 0
    outer loop
      vertex -12.2121 23.3692 5.25
      vertex -12.0568 23.3923 1.5
      vertex -12.2121 23.3692 1.5
    endloop
  endfacet
  facet normal -0.147126 0.989118 0
    outer loop
      vertex -12.0568 23.3923 -2.6
      vertex -12.2121 23.3692 -1.5
      vertex -12.0568 23.3923 -1.5
    endloop
  endfacet
  facet normal -0.147126 0.989118 0
    outer loop
      vertex -12.2121 23.3692 -1.5
      vertex -12.0568 23.3923 -2.6
      vertex -12.2121 23.3692 -2.6
    endloop
  endfacet
  facet normal 0.741264 0.671213 0
    outer loop
      vertex 13.1368 22.815 5.25
      vertex 13.0314 22.9314 1.5
      vertex 13.0314 22.9314 5.25
    endloop
  endfacet
  facet normal 0.741264 0.671213 0
    outer loop
      vertex 13.0314 22.9314 1.5
      vertex 13.1368 22.815 5.25
      vertex 13.1368 22.815 1.5
    endloop
  endfacet
  facet normal 0.741264 0.671213 0
    outer loop
      vertex 13.1368 22.815 -3.2
      vertex 13.0314 22.9314 -11.25
      vertex 13.0314 22.9314 -3.2
    endloop
  endfacet
  facet normal 0.741264 0.671213 0
    outer loop
      vertex 13.0314 22.9314 -11.25
      vertex 13.1368 22.815 -3.2
      vertex 13.1368 22.815 -11.25
    endloop
  endfacet
  facet normal 0.741264 0.671213 0
    outer loop
      vertex 13.1368 22.815 -1.5
      vertex 13.0314 22.9314 -2.6
      vertex 13.0314 22.9314 -1.5
    endloop
  endfacet
  facet normal 0.741264 0.671213 0
    outer loop
      vertex 13.0314 22.9314 -2.6
      vertex 13.1368 22.815 -1.5
      vertex 13.1368 22.815 -2.6
    endloop
  endfacet
  facet normal -0.242536 0.970143 0
    outer loop
      vertex -12.2121 23.3692 1.5
      vertex -12.3645 23.3311 5.25
      vertex -12.2121 23.3692 5.25
    endloop
  endfacet
  facet normal -0.242536 0.970143 0
    outer loop
      vertex -12.3645 23.3311 5.25
      vertex -12.2121 23.3692 1.5
      vertex -12.3645 23.3311 1.5
    endloop
  endfacet
  facet normal -0.242536 0.970143 0
    outer loop
      vertex -12.2121 23.3692 -11.25
      vertex -12.3645 23.3311 -3.2
      vertex -12.2121 23.3692 -3.2
    endloop
  endfacet
  facet normal -0.242536 0.970143 0
    outer loop
      vertex -12.3645 23.3311 -3.2
      vertex -12.2121 23.3692 -11.25
      vertex -12.3645 23.3311 -11.25
    endloop
  endfacet
  facet normal -0.242536 0.970143 0
    outer loop
      vertex -12.2121 23.3692 -2.6
      vertex -12.3645 23.3311 -1.5
      vertex -12.2121 23.3692 -1.5
    endloop
  endfacet
  facet normal -0.242536 0.970143 0
    outer loop
      vertex -12.3645 23.3311 -1.5
      vertex -12.2121 23.3692 -2.6
      vertex -12.3645 23.3311 -2.6
    endloop
  endfacet
  facet normal 0.969993 -0.243135 0
    outer loop
      vertex 13.4311 -22.2645 -3.2
      vertex 13.4693 -22.1121 -11.25
      vertex 13.4693 -22.1121 -3.2
    endloop
  endfacet
  facet normal 0.969993 -0.243135 0
    outer loop
      vertex 13.4693 -22.1121 -11.25
      vertex 13.4311 -22.2645 -3.2
      vertex 13.4311 -22.2645 -11.25
    endloop
  endfacet
  facet normal 0.969993 -0.243135 0
    outer loop
      vertex 13.4311 -22.2645 5.25
      vertex 13.4693 -22.1121 1.5
      vertex 13.4693 -22.1121 5.25
    endloop
  endfacet
  facet normal 0.969993 -0.243135 0
    outer loop
      vertex 13.4693 -22.1121 1.5
      vertex 13.4311 -22.2645 5.25
      vertex 13.4311 -22.2645 1.5
    endloop
  endfacet
  facet normal 0.969993 -0.243135 0
    outer loop
      vertex 13.4311 -22.2645 -1.5
      vertex 13.4693 -22.1121 -2.6
      vertex 13.4693 -22.1121 -1.5
    endloop
  endfacet
  facet normal 0.969993 -0.243135 0
    outer loop
      vertex 13.4693 -22.1121 -2.6
      vertex 13.4311 -22.2645 -1.5
      vertex 13.4311 -22.2645 -2.6
    endloop
  endfacet
  facet normal -0.803275 0.595608 0
    outer loop
      vertex -13.2303 22.6889 -11.25
      vertex -13.1368 22.815 -3.2
      vertex -13.1368 22.815 -11.25
    endloop
  endfacet
  facet normal -0.803275 0.595608 0
    outer loop
      vertex -13.1368 22.815 -3.2
      vertex -13.2303 22.6889 -11.25
      vertex -13.2303 22.6889 -3.2
    endloop
  endfacet
  facet normal -0.803275 0.595608 0
    outer loop
      vertex -13.2303 22.6889 1.5
      vertex -13.1368 22.815 5.25
      vertex -13.1368 22.815 1.5
    endloop
  endfacet
  facet normal -0.803275 0.595608 0
    outer loop
      vertex -13.1368 22.815 5.25
      vertex -13.2303 22.6889 1.5
      vertex -13.2303 22.6889 5.25
    endloop
  endfacet
  facet normal -0.803275 0.595608 0
    outer loop
      vertex -13.2303 22.6889 -2.6
      vertex -13.1368 22.815 -1.5
      vertex -13.1368 22.815 -2.6
    endloop
  endfacet
  facet normal -0.803275 0.595608 0
    outer loop
      vertex -13.1368 22.815 -1.5
      vertex -13.2303 22.6889 -2.6
      vertex -13.2303 22.6889 -1.5
    endloop
  endfacet
  facet normal -0.941511 0.336982 0
    outer loop
      vertex -13.4311 22.2645 -11.25
      vertex -13.3782 22.4123 -3.2
      vertex -13.3782 22.4123 -11.25
    endloop
  endfacet
  facet normal -0.941511 0.336982 0
    outer loop
      vertex -13.3782 22.4123 -3.2
      vertex -13.4311 22.2645 -11.25
      vertex -13.4311 22.2645 -3.2
    endloop
  endfacet
  facet normal -0.941511 0.336982 0
    outer loop
      vertex -13.4311 22.2645 1.5
      vertex -13.3782 22.4123 5.25
      vertex -13.3782 22.4123 1.5
    endloop
  endfacet
  facet normal -0.941511 0.336982 0
    outer loop
      vertex -13.3782 22.4123 5.25
      vertex -13.4311 22.2645 1.5
      vertex -13.4311 22.2645 5.25
    endloop
  endfacet
  facet normal -0.941511 0.336982 0
    outer loop
      vertex -13.4311 22.2645 -2.6
      vertex -13.3782 22.4123 -1.5
      vertex -13.3782 22.4123 -2.6
    endloop
  endfacet
  facet normal -0.941511 0.336982 0
    outer loop
      vertex -13.3782 22.4123 -1.5
      vertex -13.4311 22.2645 -2.6
      vertex -13.4311 22.2645 -1.5
    endloop
  endfacet
  facet normal -0.427484 -0.904023 0
    outer loop
      vertex -12.6542 -23.2111 -11.25
      vertex -12.5123 -23.2782 -3.2
      vertex -12.6542 -23.2111 -3.2
    endloop
  endfacet
  facet normal -0.427484 -0.904023 -0
    outer loop
      vertex -12.5123 -23.2782 -3.2
      vertex -12.6542 -23.2111 -11.25
      vertex -12.5123 -23.2782 -11.25
    endloop
  endfacet
  facet normal -0.427484 -0.904023 0
    outer loop
      vertex -12.6542 -23.2111 1.5
      vertex -12.5123 -23.2782 5.25
      vertex -12.6542 -23.2111 5.25
    endloop
  endfacet
  facet normal -0.427484 -0.904023 -0
    outer loop
      vertex -12.5123 -23.2782 5.25
      vertex -12.6542 -23.2111 1.5
      vertex -12.5123 -23.2782 1.5
    endloop
  endfacet
  facet normal -0.427484 -0.904023 0
    outer loop
      vertex -12.6542 -23.2111 -2.6
      vertex -12.5123 -23.2782 -1.5
      vertex -12.6542 -23.2111 -1.5
    endloop
  endfacet
  facet normal -0.427484 -0.904023 -0
    outer loop
      vertex -12.5123 -23.2782 -1.5
      vertex -12.6542 -23.2111 -2.6
      vertex -12.5123 -23.2782 -2.6
    endloop
  endfacet
  facet normal -0.671213 -0.741264 0
    outer loop
      vertex -13.0314 -22.9314 -11.25
      vertex -12.915 -23.0368 -3.2
      vertex -13.0314 -22.9314 -3.2
    endloop
  endfacet
  facet normal -0.671213 -0.741264 -0
    outer loop
      vertex -12.915 -23.0368 -3.2
      vertex -13.0314 -22.9314 -11.25
      vertex -12.915 -23.0368 -11.25
    endloop
  endfacet
  facet normal -0.671213 -0.741264 0
    outer loop
      vertex -13.0314 -22.9314 1.5
      vertex -12.915 -23.0368 5.25
      vertex -13.0314 -22.9314 5.25
    endloop
  endfacet
  facet normal -0.671213 -0.741264 -0
    outer loop
      vertex -12.915 -23.0368 5.25
      vertex -13.0314 -22.9314 1.5
      vertex -12.915 -23.0368 1.5
    endloop
  endfacet
  facet normal -0.671213 -0.741264 0
    outer loop
      vertex -13.0314 -22.9314 -2.6
      vertex -12.915 -23.0368 -1.5
      vertex -13.0314 -22.9314 -1.5
    endloop
  endfacet
  facet normal -0.671213 -0.741264 -0
    outer loop
      vertex -12.915 -23.0368 -1.5
      vertex -13.0314 -22.9314 -2.6
      vertex -12.915 -23.0368 -2.6
    endloop
  endfacet
  facet normal -0.595608 0.803275 0
    outer loop
      vertex -12.7889 23.1303 -11.25
      vertex -12.915 23.0368 -3.2
      vertex -12.7889 23.1303 -3.2
    endloop
  endfacet
  facet normal -0.595608 0.803275 0
    outer loop
      vertex -12.915 23.0368 -3.2
      vertex -12.7889 23.1303 -11.25
      vertex -12.915 23.0368 -11.25
    endloop
  endfacet
  facet normal -0.595608 0.803275 0
    outer loop
      vertex -12.7889 23.1303 1.5
      vertex -12.915 23.0368 5.25
      vertex -12.7889 23.1303 5.25
    endloop
  endfacet
  facet normal -0.595608 0.803275 0
    outer loop
      vertex -12.915 23.0368 5.25
      vertex -12.7889 23.1303 1.5
      vertex -12.915 23.0368 1.5
    endloop
  endfacet
  facet normal -0.595608 0.803275 0
    outer loop
      vertex -12.7889 23.1303 -2.6
      vertex -12.915 23.0368 -1.5
      vertex -12.7889 23.1303 -1.5
    endloop
  endfacet
  facet normal -0.595608 0.803275 0
    outer loop
      vertex -12.915 23.0368 -1.5
      vertex -12.7889 23.1303 -2.6
      vertex -12.915 23.0368 -2.6
    endloop
  endfacet
  facet normal 0.904023 0.427484 0
    outer loop
      vertex 13.3782 22.4123 -3.2
      vertex 13.3111 22.5542 -11.25
      vertex 13.3111 22.5542 -3.2
    endloop
  endfacet
  facet normal 0.904023 0.427484 0
    outer loop
      vertex 13.3111 22.5542 -11.25
      vertex 13.3782 22.4123 -3.2
      vertex 13.3782 22.4123 -11.25
    endloop
  endfacet
  facet normal 0.904023 0.427484 0
    outer loop
      vertex 13.3782 22.4123 5.25
      vertex 13.3111 22.5542 1.5
      vertex 13.3111 22.5542 5.25
    endloop
  endfacet
  facet normal 0.904023 0.427484 0
    outer loop
      vertex 13.3111 22.5542 1.5
      vertex 13.3782 22.4123 5.25
      vertex 13.3782 22.4123 1.5
    endloop
  endfacet
  facet normal 0.904023 0.427484 0
    outer loop
      vertex 13.3782 22.4123 -1.5
      vertex 13.3111 22.5542 -2.6
      vertex 13.3111 22.5542 -1.5
    endloop
  endfacet
  facet normal 0.904023 0.427484 0
    outer loop
      vertex 13.3111 22.5542 -2.6
      vertex 13.3782 22.4123 -1.5
      vertex 13.3782 22.4123 -2.6
    endloop
  endfacet
  facet normal -0.595608 -0.803275 0
    outer loop
      vertex -12.915 -23.0368 -11.25
      vertex -12.7889 -23.1303 -3.2
      vertex -12.915 -23.0368 -3.2
    endloop
  endfacet
  facet normal -0.595608 -0.803275 -0
    outer loop
      vertex -12.7889 -23.1303 -3.2
      vertex -12.915 -23.0368 -11.25
      vertex -12.7889 -23.1303 -11.25
    endloop
  endfacet
  facet normal -0.595608 -0.803275 0
    outer loop
      vertex -12.915 -23.0368 1.5
      vertex -12.7889 -23.1303 5.25
      vertex -12.915 -23.0368 5.25
    endloop
  endfacet
  facet normal -0.595608 -0.803275 -0
    outer loop
      vertex -12.7889 -23.1303 5.25
      vertex -12.915 -23.0368 1.5
      vertex -12.7889 -23.1303 1.5
    endloop
  endfacet
  facet normal -0.595608 -0.803275 0
    outer loop
      vertex -12.915 -23.0368 -2.6
      vertex -12.7889 -23.1303 -1.5
      vertex -12.915 -23.0368 -1.5
    endloop
  endfacet
  facet normal -0.595608 -0.803275 -0
    outer loop
      vertex -12.7889 -23.1303 -1.5
      vertex -12.915 -23.0368 -2.6
      vertex -12.7889 -23.1303 -2.6
    endloop
  endfacet
  facet normal 0.741264 -0.671213 0
    outer loop
      vertex 13.0314 -22.9314 -3.2
      vertex 13.1368 -22.815 -11.25
      vertex 13.1368 -22.815 -3.2
    endloop
  endfacet
  facet normal 0.741264 -0.671213 0
    outer loop
      vertex 13.1368 -22.815 -11.25
      vertex 13.0314 -22.9314 -3.2
      vertex 13.0314 -22.9314 -11.25
    endloop
  endfacet
  facet normal 0.741264 -0.671213 0
    outer loop
      vertex 13.0314 -22.9314 5.25
      vertex 13.1368 -22.815 1.5
      vertex 13.1368 -22.815 5.25
    endloop
  endfacet
  facet normal 0.741264 -0.671213 0
    outer loop
      vertex 13.1368 -22.815 1.5
      vertex 13.0314 -22.9314 5.25
      vertex 13.0314 -22.9314 1.5
    endloop
  endfacet
  facet normal 0.741264 -0.671213 0
    outer loop
      vertex 13.0314 -22.9314 -1.5
      vertex 13.1368 -22.815 -2.6
      vertex 13.1368 -22.815 -1.5
    endloop
  endfacet
  facet normal 0.741264 -0.671213 0
    outer loop
      vertex 13.1368 -22.815 -2.6
      vertex 13.0314 -22.9314 -1.5
      vertex 13.0314 -22.9314 -2.6
    endloop
  endfacet
  facet normal 0.803275 0.595608 0
    outer loop
      vertex 13.2303 22.6889 5.25
      vertex 13.1368 22.815 1.5
      vertex 13.1368 22.815 5.25
    endloop
  endfacet
  facet normal 0.803275 0.595608 0
    outer loop
      vertex 13.1368 22.815 1.5
      vertex 13.2303 22.6889 5.25
      vertex 13.2303 22.6889 1.5
    endloop
  endfacet
  facet normal 0.803275 0.595608 0
    outer loop
      vertex 13.2303 22.6889 -3.2
      vertex 13.1368 22.815 -11.25
      vertex 13.1368 22.815 -3.2
    endloop
  endfacet
  facet normal 0.803275 0.595608 0
    outer loop
      vertex 13.1368 22.815 -11.25
      vertex 13.2303 22.6889 -3.2
      vertex 13.2303 22.6889 -11.25
    endloop
  endfacet
  facet normal 0.803275 0.595608 0
    outer loop
      vertex 13.2303 22.6889 -1.5
      vertex 13.1368 22.815 -2.6
      vertex 13.1368 22.815 -1.5
    endloop
  endfacet
  facet normal 0.803275 0.595608 0
    outer loop
      vertex 13.1368 22.815 -2.6
      vertex 13.2303 22.6889 -1.5
      vertex 13.2303 22.6889 -2.6
    endloop
  endfacet
  facet normal -0.803275 -0.595608 0
    outer loop
      vertex -13.1368 -22.815 -11.25
      vertex -13.2303 -22.6889 -3.2
      vertex -13.2303 -22.6889 -11.25
    endloop
  endfacet
  facet normal -0.803275 -0.595608 0
    outer loop
      vertex -13.2303 -22.6889 -3.2
      vertex -13.1368 -22.815 -11.25
      vertex -13.1368 -22.815 -3.2
    endloop
  endfacet
  facet normal -0.803275 -0.595608 0
    outer loop
      vertex -13.1368 -22.815 1.5
      vertex -13.2303 -22.6889 5.25
      vertex -13.2303 -22.6889 1.5
    endloop
  endfacet
  facet normal -0.803275 -0.595608 0
    outer loop
      vertex -13.2303 -22.6889 5.25
      vertex -13.1368 -22.815 1.5
      vertex -13.1368 -22.815 5.25
    endloop
  endfacet
  facet normal -0.803275 -0.595608 0
    outer loop
      vertex -13.1368 -22.815 -2.6
      vertex -13.2303 -22.6889 -1.5
      vertex -13.2303 -22.6889 -2.6
    endloop
  endfacet
  facet normal -0.803275 -0.595608 0
    outer loop
      vertex -13.2303 -22.6889 -1.5
      vertex -13.1368 -22.815 -2.6
      vertex -13.1368 -22.815 -1.5
    endloop
  endfacet
  facet normal -0.671213 0.741264 0
    outer loop
      vertex -12.915 23.0368 1.5
      vertex -13.0314 22.9314 5.25
      vertex -12.915 23.0368 5.25
    endloop
  endfacet
  facet normal -0.671213 0.741264 0
    outer loop
      vertex -13.0314 22.9314 5.25
      vertex -12.915 23.0368 1.5
      vertex -13.0314 22.9314 1.5
    endloop
  endfacet
  facet normal -0.671213 0.741264 0
    outer loop
      vertex -12.915 23.0368 -11.25
      vertex -13.0314 22.9314 -3.2
      vertex -12.915 23.0368 -3.2
    endloop
  endfacet
  facet normal -0.671213 0.741264 0
    outer loop
      vertex -13.0314 22.9314 -3.2
      vertex -12.915 23.0368 -11.25
      vertex -13.0314 22.9314 -11.25
    endloop
  endfacet
  facet normal -0.671213 0.741264 0
    outer loop
      vertex -12.915 23.0368 -2.6
      vertex -13.0314 22.9314 -1.5
      vertex -12.915 23.0368 -1.5
    endloop
  endfacet
  facet normal -0.671213 0.741264 0
    outer loop
      vertex -13.0314 22.9314 -1.5
      vertex -12.915 23.0368 -2.6
      vertex -13.0314 22.9314 -2.6
    endloop
  endfacet
  facet normal -0.336982 -0.941511 0
    outer loop
      vertex -12.5123 -23.2782 1.5
      vertex -12.3645 -23.3311 5.25
      vertex -12.5123 -23.2782 5.25
    endloop
  endfacet
  facet normal -0.336982 -0.941511 -0
    outer loop
      vertex -12.3645 -23.3311 5.25
      vertex -12.5123 -23.2782 1.5
      vertex -12.3645 -23.3311 1.5
    endloop
  endfacet
  facet normal -0.336982 -0.941511 0
    outer loop
      vertex -12.5123 -23.2782 -11.25
      vertex -12.3645 -23.3311 -3.2
      vertex -12.5123 -23.2782 -3.2
    endloop
  endfacet
  facet normal -0.336982 -0.941511 -0
    outer loop
      vertex -12.3645 -23.3311 -3.2
      vertex -12.5123 -23.2782 -11.25
      vertex -12.3645 -23.3311 -11.25
    endloop
  endfacet
  facet normal -0.336982 -0.941511 0
    outer loop
      vertex -12.5123 -23.2782 -2.6
      vertex -12.3645 -23.3311 -1.5
      vertex -12.5123 -23.2782 -1.5
    endloop
  endfacet
  facet normal -0.336982 -0.941511 -0
    outer loop
      vertex -12.3645 -23.3311 -1.5
      vertex -12.5123 -23.2782 -2.6
      vertex -12.3645 -23.3311 -2.6
    endloop
  endfacet
  facet normal 0.595608 0.803275 -0
    outer loop
      vertex 12.915 23.0368 1.5
      vertex 12.7889 23.1303 5.25
      vertex 12.915 23.0368 5.25
    endloop
  endfacet
  facet normal 0.595608 0.803275 0
    outer loop
      vertex 12.7889 23.1303 5.25
      vertex 12.915 23.0368 1.5
      vertex 12.7889 23.1303 1.5
    endloop
  endfacet
  facet normal 0.595608 0.803275 -0
    outer loop
      vertex 12.915 23.0368 -11.25
      vertex 12.7889 23.1303 -3.2
      vertex 12.915 23.0368 -3.2
    endloop
  endfacet
  facet normal 0.595608 0.803275 0
    outer loop
      vertex 12.7889 23.1303 -3.2
      vertex 12.915 23.0368 -11.25
      vertex 12.7889 23.1303 -11.25
    endloop
  endfacet
  facet normal 0.595608 0.803275 -0
    outer loop
      vertex 12.915 23.0368 -2.6
      vertex 12.7889 23.1303 -1.5
      vertex 12.915 23.0368 -1.5
    endloop
  endfacet
  facet normal 0.595608 0.803275 0
    outer loop
      vertex 12.7889 23.1303 -1.5
      vertex 12.915 23.0368 -2.6
      vertex 12.7889 23.1303 -2.6
    endloop
  endfacet
  facet normal -0.969993 -0.243135 0
    outer loop
      vertex -13.4311 -22.2645 1.5
      vertex -13.4693 -22.1121 5.25
      vertex -13.4693 -22.1121 1.5
    endloop
  endfacet
  facet normal -0.969993 -0.243135 0
    outer loop
      vertex -13.4693 -22.1121 5.25
      vertex -13.4311 -22.2645 1.5
      vertex -13.4311 -22.2645 5.25
    endloop
  endfacet
  facet normal -0.969993 -0.243135 0
    outer loop
      vertex -13.4311 -22.2645 -11.25
      vertex -13.4693 -22.1121 -3.2
      vertex -13.4693 -22.1121 -11.25
    endloop
  endfacet
  facet normal -0.969993 -0.243135 0
    outer loop
      vertex -13.4693 -22.1121 -3.2
      vertex -13.4311 -22.2645 -11.25
      vertex -13.4311 -22.2645 -3.2
    endloop
  endfacet
  facet normal -0.969993 -0.243135 0
    outer loop
      vertex -13.4311 -22.2645 -2.6
      vertex -13.4693 -22.1121 -1.5
      vertex -13.4693 -22.1121 -2.6
    endloop
  endfacet
  facet normal -0.969993 -0.243135 0
    outer loop
      vertex -13.4693 -22.1121 -1.5
      vertex -13.4311 -22.2645 -2.6
      vertex -13.4311 -22.2645 -1.5
    endloop
  endfacet
  facet normal 0.514402 0.857549 -0
    outer loop
      vertex 12.7889 23.1303 1.5
      vertex 12.6542 23.2111 5.25
      vertex 12.7889 23.1303 5.25
    endloop
  endfacet
  facet normal 0.514402 0.857549 0
    outer loop
      vertex 12.6542 23.2111 5.25
      vertex 12.7889 23.1303 1.5
      vertex 12.6542 23.2111 1.5
    endloop
  endfacet
  facet normal 0.514402 0.857549 -0
    outer loop
      vertex 12.7889 23.1303 -11.25
      vertex 12.6542 23.2111 -3.2
      vertex 12.7889 23.1303 -3.2
    endloop
  endfacet
  facet normal 0.514402 0.857549 0
    outer loop
      vertex 12.6542 23.2111 -3.2
      vertex 12.7889 23.1303 -11.25
      vertex 12.6542 23.2111 -11.25
    endloop
  endfacet
  facet normal 0.514402 0.857549 -0
    outer loop
      vertex 12.7889 23.1303 -2.6
      vertex 12.6542 23.2111 -1.5
      vertex 12.7889 23.1303 -1.5
    endloop
  endfacet
  facet normal 0.514402 0.857549 0
    outer loop
      vertex 12.6542 23.2111 -1.5
      vertex 12.7889 23.1303 -2.6
      vertex 12.6542 23.2111 -2.6
    endloop
  endfacet
  facet normal -0.857549 0.514402 0
    outer loop
      vertex -13.3111 22.5542 -11.25
      vertex -13.2303 22.6889 -3.2
      vertex -13.2303 22.6889 -11.25
    endloop
  endfacet
  facet normal -0.857549 0.514402 0
    outer loop
      vertex -13.2303 22.6889 -3.2
      vertex -13.3111 22.5542 -11.25
      vertex -13.3111 22.5542 -3.2
    endloop
  endfacet
  facet normal -0.857549 0.514402 0
    outer loop
      vertex -13.3111 22.5542 1.5
      vertex -13.2303 22.6889 5.25
      vertex -13.2303 22.6889 1.5
    endloop
  endfacet
  facet normal -0.857549 0.514402 0
    outer loop
      vertex -13.2303 22.6889 5.25
      vertex -13.3111 22.5542 1.5
      vertex -13.3111 22.5542 5.25
    endloop
  endfacet
  facet normal -0.857549 0.514402 0
    outer loop
      vertex -13.3111 22.5542 -2.6
      vertex -13.2303 22.6889 -1.5
      vertex -13.2303 22.6889 -2.6
    endloop
  endfacet
  facet normal -0.857549 0.514402 0
    outer loop
      vertex -13.2303 22.6889 -1.5
      vertex -13.3111 22.5542 -2.6
      vertex -13.3111 22.5542 -1.5
    endloop
  endfacet
  facet normal 0.514402 -0.857549 0
    outer loop
      vertex 12.6542 -23.2111 1.5
      vertex 12.7889 -23.1303 5.25
      vertex 12.6542 -23.2111 5.25
    endloop
  endfacet
  facet normal 0.514402 -0.857549 0
    outer loop
      vertex 12.7889 -23.1303 5.25
      vertex 12.6542 -23.2111 1.5
      vertex 12.7889 -23.1303 1.5
    endloop
  endfacet
  facet normal 0.514402 -0.857549 0
    outer loop
      vertex 12.6542 -23.2111 -11.25
      vertex 12.7889 -23.1303 -3.2
      vertex 12.6542 -23.2111 -3.2
    endloop
  endfacet
  facet normal 0.514402 -0.857549 0
    outer loop
      vertex 12.7889 -23.1303 -3.2
      vertex 12.6542 -23.2111 -11.25
      vertex 12.7889 -23.1303 -11.25
    endloop
  endfacet
  facet normal 0.514402 -0.857549 0
    outer loop
      vertex 12.6542 -23.2111 -2.6
      vertex 12.7889 -23.1303 -1.5
      vertex 12.6542 -23.2111 -1.5
    endloop
  endfacet
  facet normal 0.514402 -0.857549 0
    outer loop
      vertex 12.7889 -23.1303 -1.5
      vertex 12.6542 -23.2111 -2.6
      vertex 12.7889 -23.1303 -2.6
    endloop
  endfacet
  facet normal 0.969993 0.243135 0
    outer loop
      vertex 13.4693 22.1121 5.25
      vertex 13.4311 22.2645 1.5
      vertex 13.4311 22.2645 5.25
    endloop
  endfacet
  facet normal 0.969993 0.243135 0
    outer loop
      vertex 13.4311 22.2645 1.5
      vertex 13.4693 22.1121 5.25
      vertex 13.4693 22.1121 1.5
    endloop
  endfacet
  facet normal 0.969993 0.243135 0
    outer loop
      vertex 13.4693 22.1121 -3.2
      vertex 13.4311 22.2645 -11.25
      vertex 13.4311 22.2645 -3.2
    endloop
  endfacet
  facet normal 0.969993 0.243135 0
    outer loop
      vertex 13.4311 22.2645 -11.25
      vertex 13.4693 22.1121 -3.2
      vertex 13.4693 22.1121 -11.25
    endloop
  endfacet
  facet normal 0.969993 0.243135 0
    outer loop
      vertex 13.4693 22.1121 -1.5
      vertex 13.4311 22.2645 -2.6
      vertex 13.4311 22.2645 -1.5
    endloop
  endfacet
  facet normal 0.969993 0.243135 0
    outer loop
      vertex 13.4311 22.2645 -2.6
      vertex 13.4693 22.1121 -1.5
      vertex 13.4693 22.1121 -2.6
    endloop
  endfacet
  facet normal -0.242536 -0.970143 0
    outer loop
      vertex -12.3645 -23.3311 -11.25
      vertex -12.2121 -23.3692 -3.2
      vertex -12.3645 -23.3311 -3.2
    endloop
  endfacet
  facet normal -0.242536 -0.970143 -0
    outer loop
      vertex -12.2121 -23.3692 -3.2
      vertex -12.3645 -23.3311 -11.25
      vertex -12.2121 -23.3692 -11.25
    endloop
  endfacet
  facet normal -0.242536 -0.970143 0
    outer loop
      vertex -12.3645 -23.3311 1.5
      vertex -12.2121 -23.3692 5.25
      vertex -12.3645 -23.3311 5.25
    endloop
  endfacet
  facet normal -0.242536 -0.970143 -0
    outer loop
      vertex -12.2121 -23.3692 5.25
      vertex -12.3645 -23.3311 1.5
      vertex -12.2121 -23.3692 1.5
    endloop
  endfacet
  facet normal -0.242536 -0.970143 0
    outer loop
      vertex -12.3645 -23.3311 -2.6
      vertex -12.2121 -23.3692 -1.5
      vertex -12.3645 -23.3311 -1.5
    endloop
  endfacet
  facet normal -0.242536 -0.970143 -0
    outer loop
      vertex -12.2121 -23.3692 -1.5
      vertex -12.3645 -23.3311 -2.6
      vertex -12.2121 -23.3692 -2.6
    endloop
  endfacet
  facet normal 0.427484 0.904023 -0
    outer loop
      vertex 12.6542 23.2111 1.5
      vertex 12.5123 23.2782 5.25
      vertex 12.6542 23.2111 5.25
    endloop
  endfacet
  facet normal 0.427484 0.904023 0
    outer loop
      vertex 12.5123 23.2782 5.25
      vertex 12.6542 23.2111 1.5
      vertex 12.5123 23.2782 1.5
    endloop
  endfacet
  facet normal 0.427484 0.904023 -0
    outer loop
      vertex 12.6542 23.2111 -11.25
      vertex 12.5123 23.2782 -3.2
      vertex 12.6542 23.2111 -3.2
    endloop
  endfacet
  facet normal 0.427484 0.904023 0
    outer loop
      vertex 12.5123 23.2782 -3.2
      vertex 12.6542 23.2111 -11.25
      vertex 12.5123 23.2782 -11.25
    endloop
  endfacet
  facet normal 0.427484 0.904023 -0
    outer loop
      vertex 12.6542 23.2111 -2.6
      vertex 12.5123 23.2782 -1.5
      vertex 12.6542 23.2111 -1.5
    endloop
  endfacet
  facet normal 0.427484 0.904023 0
    outer loop
      vertex 12.5123 23.2782 -1.5
      vertex 12.6542 23.2111 -2.6
      vertex 12.5123 23.2782 -2.6
    endloop
  endfacet
  facet normal 0.857549 0.514402 0
    outer loop
      vertex 13.3111 22.5542 5.25
      vertex 13.2303 22.6889 1.5
      vertex 13.2303 22.6889 5.25
    endloop
  endfacet
  facet normal 0.857549 0.514402 0
    outer loop
      vertex 13.2303 22.6889 1.5
      vertex 13.3111 22.5542 5.25
      vertex 13.3111 22.5542 1.5
    endloop
  endfacet
  facet normal 0.857549 0.514402 0
    outer loop
      vertex 13.3111 22.5542 -3.2
      vertex 13.2303 22.6889 -11.25
      vertex 13.2303 22.6889 -3.2
    endloop
  endfacet
  facet normal 0.857549 0.514402 0
    outer loop
      vertex 13.2303 22.6889 -11.25
      vertex 13.3111 22.5542 -3.2
      vertex 13.3111 22.5542 -11.25
    endloop
  endfacet
  facet normal 0.857549 0.514402 0
    outer loop
      vertex 13.3111 22.5542 -1.5
      vertex 13.2303 22.6889 -2.6
      vertex 13.2303 22.6889 -1.5
    endloop
  endfacet
  facet normal 0.857549 0.514402 0
    outer loop
      vertex 13.2303 22.6889 -2.6
      vertex 13.3111 22.5542 -1.5
      vertex 13.3111 22.5542 -2.6
    endloop
  endfacet
  facet normal 0.671213 -0.741264 0
    outer loop
      vertex 12.915 -23.0368 -11.25
      vertex 13.0314 -22.9314 -3.2
      vertex 12.915 -23.0368 -3.2
    endloop
  endfacet
  facet normal 0.671213 -0.741264 0
    outer loop
      vertex 13.0314 -22.9314 -3.2
      vertex 12.915 -23.0368 -11.25
      vertex 13.0314 -22.9314 -11.25
    endloop
  endfacet
  facet normal 0.671213 -0.741264 0
    outer loop
      vertex 12.915 -23.0368 1.5
      vertex 13.0314 -22.9314 5.25
      vertex 12.915 -23.0368 5.25
    endloop
  endfacet
  facet normal 0.671213 -0.741264 0
    outer loop
      vertex 13.0314 -22.9314 5.25
      vertex 12.915 -23.0368 1.5
      vertex 13.0314 -22.9314 1.5
    endloop
  endfacet
  facet normal 0.671213 -0.741264 0
    outer loop
      vertex 12.915 -23.0368 -2.6
      vertex 13.0314 -22.9314 -1.5
      vertex 12.915 -23.0368 -1.5
    endloop
  endfacet
  facet normal 0.671213 -0.741264 0
    outer loop
      vertex 13.0314 -22.9314 -1.5
      vertex 12.915 -23.0368 -2.6
      vertex 13.0314 -22.9314 -2.6
    endloop
  endfacet
  facet normal -0.998796 0.049048 0
    outer loop
      vertex -13.5 21.8 -11.25
      vertex -13.4923 21.9568 -3.2
      vertex -13.4923 21.9568 -11.25
    endloop
  endfacet
  facet normal -0.998796 0.049048 0
    outer loop
      vertex -13.4923 21.9568 -3.2
      vertex -13.5 21.8 -11.25
      vertex -13.5 21.8 -3.2
    endloop
  endfacet
  facet normal -0.998796 0.049048 0
    outer loop
      vertex -13.5 21.8 1.5
      vertex -13.4923 21.9568 5.25
      vertex -13.4923 21.9568 1.5
    endloop
  endfacet
  facet normal -0.998796 0.049048 0
    outer loop
      vertex -13.4923 21.9568 5.25
      vertex -13.5 21.8 1.5
      vertex -13.5 21.8 5.25
    endloop
  endfacet
  facet normal -0.998796 0.049048 0
    outer loop
      vertex -13.5 21.8 -2.6
      vertex -13.4923 21.9568 -1.5
      vertex -13.4923 21.9568 -2.6
    endloop
  endfacet
  facet normal -0.998796 0.049048 0
    outer loop
      vertex -13.4923 21.9568 -1.5
      vertex -13.5 21.8 -2.6
      vertex -13.5 21.8 -1.5
    endloop
  endfacet
  facet normal 0.941511 0.336982 0
    outer loop
      vertex 13.4311 22.2645 -3.2
      vertex 13.3782 22.4123 -11.25
      vertex 13.3782 22.4123 -3.2
    endloop
  endfacet
  facet normal 0.941511 0.336982 0
    outer loop
      vertex 13.3782 22.4123 -11.25
      vertex 13.4311 22.2645 -3.2
      vertex 13.4311 22.2645 -11.25
    endloop
  endfacet
  facet normal 0.941511 0.336982 0
    outer loop
      vertex 13.4311 22.2645 5.25
      vertex 13.3782 22.4123 1.5
      vertex 13.3782 22.4123 5.25
    endloop
  endfacet
  facet normal 0.941511 0.336982 0
    outer loop
      vertex 13.3782 22.4123 1.5
      vertex 13.4311 22.2645 5.25
      vertex 13.4311 22.2645 1.5
    endloop
  endfacet
  facet normal 0.941511 0.336982 0
    outer loop
      vertex 13.4311 22.2645 -1.5
      vertex 13.3782 22.4123 -2.6
      vertex 13.3782 22.4123 -1.5
    endloop
  endfacet
  facet normal 0.941511 0.336982 0
    outer loop
      vertex 13.3782 22.4123 -2.6
      vertex 13.4311 22.2645 -1.5
      vertex 13.4311 22.2645 -2.6
    endloop
  endfacet
  facet normal -0.147126 -0.989118 0
    outer loop
      vertex -12.2121 -23.3692 -11.25
      vertex -12.0568 -23.3923 -3.2
      vertex -12.2121 -23.3692 -3.2
    endloop
  endfacet
  facet normal -0.147126 -0.989118 -0
    outer loop
      vertex -12.0568 -23.3923 -3.2
      vertex -12.2121 -23.3692 -11.25
      vertex -12.0568 -23.3923 -11.25
    endloop
  endfacet
  facet normal -0.147126 -0.989118 0
    outer loop
      vertex -12.2121 -23.3692 1.5
      vertex -12.0568 -23.3923 5.25
      vertex -12.2121 -23.3692 5.25
    endloop
  endfacet
  facet normal -0.147126 -0.989118 -0
    outer loop
      vertex -12.0568 -23.3923 5.25
      vertex -12.2121 -23.3692 1.5
      vertex -12.0568 -23.3923 1.5
    endloop
  endfacet
  facet normal -0.147126 -0.989118 0
    outer loop
      vertex -12.2121 -23.3692 -2.6
      vertex -12.0568 -23.3923 -1.5
      vertex -12.2121 -23.3692 -1.5
    endloop
  endfacet
  facet normal -0.147126 -0.989118 -0
    outer loop
      vertex -12.0568 -23.3923 -1.5
      vertex -12.2121 -23.3692 -2.6
      vertex -12.0568 -23.3923 -2.6
    endloop
  endfacet
  facet normal -0.049048 -0.998796 0
    outer loop
      vertex -12.0568 -23.3923 1.5
      vertex -11.9 -23.4 5.25
      vertex -12.0568 -23.3923 5.25
    endloop
  endfacet
  facet normal -0.049048 -0.998796 -0
    outer loop
      vertex -11.9 -23.4 5.25
      vertex -12.0568 -23.3923 1.5
      vertex -11.9 -23.4 1.5
    endloop
  endfacet
  facet normal -0.049048 -0.998796 0
    outer loop
      vertex -12.0568 -23.3923 -11.25
      vertex -11.9 -23.4 -3.2
      vertex -12.0568 -23.3923 -3.2
    endloop
  endfacet
  facet normal -0.049048 -0.998796 -0
    outer loop
      vertex -11.9 -23.4 -3.2
      vertex -12.0568 -23.3923 -11.25
      vertex -11.9 -23.4 -11.25
    endloop
  endfacet
  facet normal -0.049048 -0.998796 0
    outer loop
      vertex -12.0568 -23.3923 -2.6
      vertex -11.9 -23.4 -1.5
      vertex -12.0568 -23.3923 -1.5
    endloop
  endfacet
  facet normal -0.049048 -0.998796 -0
    outer loop
      vertex -11.9 -23.4 -1.5
      vertex -12.0568 -23.3923 -2.6
      vertex -11.9 -23.4 -2.6
    endloop
  endfacet
  facet normal 0.147126 0.989118 -0
    outer loop
      vertex 12.2121 23.3692 1.5
      vertex 12.0568 23.3923 5.25
      vertex 12.2121 23.3692 5.25
    endloop
  endfacet
  facet normal 0.147126 0.989118 0
    outer loop
      vertex 12.0568 23.3923 5.25
      vertex 12.2121 23.3692 1.5
      vertex 12.0568 23.3923 1.5
    endloop
  endfacet
  facet normal 0.147126 0.989118 -0
    outer loop
      vertex 12.2121 23.3692 -11.25
      vertex 12.0568 23.3923 -3.2
      vertex 12.2121 23.3692 -3.2
    endloop
  endfacet
  facet normal 0.147126 0.989118 0
    outer loop
      vertex 12.0568 23.3923 -3.2
      vertex 12.2121 23.3692 -11.25
      vertex 12.0568 23.3923 -11.25
    endloop
  endfacet
  facet normal 0.147126 0.989118 -0
    outer loop
      vertex 12.2121 23.3692 -2.6
      vertex 12.0568 23.3923 -1.5
      vertex 12.2121 23.3692 -1.5
    endloop
  endfacet
  facet normal 0.147126 0.989118 0
    outer loop
      vertex 12.0568 23.3923 -1.5
      vertex 12.2121 23.3692 -2.6
      vertex 12.0568 23.3923 -2.6
    endloop
  endfacet
  facet normal 0.857549 -0.514402 0
    outer loop
      vertex 13.2303 -22.6889 5.25
      vertex 13.3111 -22.5542 1.5
      vertex 13.3111 -22.5542 5.25
    endloop
  endfacet
  facet normal 0.857549 -0.514402 0
    outer loop
      vertex 13.3111 -22.5542 1.5
      vertex 13.2303 -22.6889 5.25
      vertex 13.2303 -22.6889 1.5
    endloop
  endfacet
  facet normal 0.857549 -0.514402 0
    outer loop
      vertex 13.2303 -22.6889 -3.2
      vertex 13.3111 -22.5542 -11.25
      vertex 13.3111 -22.5542 -3.2
    endloop
  endfacet
  facet normal 0.857549 -0.514402 0
    outer loop
      vertex 13.3111 -22.5542 -11.25
      vertex 13.2303 -22.6889 -3.2
      vertex 13.2303 -22.6889 -11.25
    endloop
  endfacet
  facet normal 0.857549 -0.514402 0
    outer loop
      vertex 13.2303 -22.6889 -1.5
      vertex 13.3111 -22.5542 -2.6
      vertex 13.3111 -22.5542 -1.5
    endloop
  endfacet
  facet normal 0.857549 -0.514402 0
    outer loop
      vertex 13.3111 -22.5542 -2.6
      vertex 13.2303 -22.6889 -1.5
      vertex 13.2303 -22.6889 -2.6
    endloop
  endfacet
  facet normal 0.595608 -0.803275 0
    outer loop
      vertex 12.7889 -23.1303 1.5
      vertex 12.915 -23.0368 5.25
      vertex 12.7889 -23.1303 5.25
    endloop
  endfacet
  facet normal 0.595608 -0.803275 0
    outer loop
      vertex 12.915 -23.0368 5.25
      vertex 12.7889 -23.1303 1.5
      vertex 12.915 -23.0368 1.5
    endloop
  endfacet
  facet normal 0.595608 -0.803275 0
    outer loop
      vertex 12.7889 -23.1303 -11.25
      vertex 12.915 -23.0368 -3.2
      vertex 12.7889 -23.1303 -3.2
    endloop
  endfacet
  facet normal 0.595608 -0.803275 0
    outer loop
      vertex 12.915 -23.0368 -3.2
      vertex 12.7889 -23.1303 -11.25
      vertex 12.915 -23.0368 -11.25
    endloop
  endfacet
  facet normal 0.595608 -0.803275 0
    outer loop
      vertex 12.7889 -23.1303 -2.6
      vertex 12.915 -23.0368 -1.5
      vertex 12.7889 -23.1303 -1.5
    endloop
  endfacet
  facet normal 0.595608 -0.803275 0
    outer loop
      vertex 12.915 -23.0368 -1.5
      vertex 12.7889 -23.1303 -2.6
      vertex 12.915 -23.0368 -2.6
    endloop
  endfacet
  facet normal 0.941511 -0.336982 0
    outer loop
      vertex 13.3782 -22.4123 -3.2
      vertex 13.4311 -22.2645 -11.25
      vertex 13.4311 -22.2645 -3.2
    endloop
  endfacet
  facet normal 0.941511 -0.336982 0
    outer loop
      vertex 13.4311 -22.2645 -11.25
      vertex 13.3782 -22.4123 -3.2
      vertex 13.3782 -22.4123 -11.25
    endloop
  endfacet
  facet normal 0.941511 -0.336982 0
    outer loop
      vertex 13.3782 -22.4123 5.25
      vertex 13.4311 -22.2645 1.5
      vertex 13.4311 -22.2645 5.25
    endloop
  endfacet
  facet normal 0.941511 -0.336982 0
    outer loop
      vertex 13.4311 -22.2645 1.5
      vertex 13.3782 -22.4123 5.25
      vertex 13.3782 -22.4123 1.5
    endloop
  endfacet
  facet normal 0.941511 -0.336982 0
    outer loop
      vertex 13.3782 -22.4123 -1.5
      vertex 13.4311 -22.2645 -2.6
      vertex 13.4311 -22.2645 -1.5
    endloop
  endfacet
  facet normal 0.941511 -0.336982 0
    outer loop
      vertex 13.4311 -22.2645 -2.6
      vertex 13.3782 -22.4123 -1.5
      vertex 13.3782 -22.4123 -2.6
    endloop
  endfacet
  facet normal 0 0 1
    outer loop
      vertex 11.9 23.4 5.25
      vertex 13.5 21.8 5.25
      vertex 13.4923 21.9568 5.25
    endloop
  endfacet
  facet normal 0 0 1
    outer loop
      vertex 13.5 21.8 5.25
      vertex -13.5 21.8 5.25
      vertex 13.5 -21.8 5.25
    endloop
  endfacet
  facet normal 0 0 1
    outer loop
      vertex 11.9 23.4 5.25
      vertex 13.4923 21.9568 5.25
      vertex 13.4693 22.1121 5.25
    endloop
  endfacet
  facet normal 0 0 1
    outer loop
      vertex -13.5 -21.8 5.25
      vertex 13.5 -21.8 5.25
      vertex -13.5 21.8 5.25
    endloop
  endfacet
  facet normal 0 0 1
    outer loop
      vertex 11.9 23.4 5.25
      vertex 13.4693 22.1121 5.25
      vertex 13.4311 22.2645 5.25
    endloop
  endfacet
  facet normal 0 -0 1
    outer loop
      vertex 11.9 -23.4 5.25
      vertex 13.5 -21.8 5.25
      vertex -13.5 -21.8 5.25
    endloop
  endfacet
  facet normal 0 0 1
    outer loop
      vertex 11.9 23.4 5.25
      vertex 13.4311 22.2645 5.25
      vertex 13.3782 22.4123 5.25
    endloop
  endfacet
  facet normal 0 0 1
    outer loop
      vertex 13.5 -21.8 5.25
      vertex 11.9 -23.4 5.25
      vertex 13.4923 -21.9568 5.25
    endloop
  endfacet
  facet normal 0 0 1
    outer loop
      vertex 11.9 23.4 5.25
      vertex 13.3782 22.4123 5.25
      vertex 13.3111 22.5542 5.25
    endloop
  endfacet
  facet normal 0 0 1
    outer loop
      vertex 13.4923 -21.9568 5.25
      vertex 11.9 -23.4 5.25
      vertex 13.4693 -22.1121 5.25
    endloop
  endfacet
  facet normal 0 0 1
    outer loop
      vertex 11.9 23.4 5.25
      vertex 13.3111 22.5542 5.25
      vertex 13.2303 22.6889 5.25
    endloop
  endfacet
  facet normal 0 0 1
    outer loop
      vertex 13.4693 -22.1121 5.25
      vertex 11.9 -23.4 5.25
      vertex 13.4311 -22.2645 5.25
    endloop
  endfacet
  facet normal 0 0 1
    outer loop
      vertex 11.9 23.4 5.25
      vertex 13.2303 22.6889 5.25
      vertex 13.1368 22.815 5.25
    endloop
  endfacet
  facet normal 0 0 1
    outer loop
      vertex 13.5 21.8 5.25
      vertex 11.9 23.4 5.25
      vertex -13.5 21.8 5.25
    endloop
  endfacet
  facet normal 0 0 1
    outer loop
      vertex 11.9 23.4 5.25
      vertex 13.1368 22.815 5.25
      vertex 13.0314 22.9314 5.25
    endloop
  endfacet
  facet normal 0 0 1
    outer loop
      vertex 13.4311 -22.2645 5.25
      vertex 11.9 -23.4 5.25
      vertex 13.3782 -22.4123 5.25
    endloop
  endfacet
  facet normal 0 0 1
    outer loop
      vertex 11.9 23.4 5.25
      vertex 13.0314 22.9314 5.25
      vertex 12.915 23.0368 5.25
    endloop
  endfacet
  facet normal 0 0 1
    outer loop
      vertex 13.2303 -22.6889 5.25
      vertex 11.9 -23.4 5.25
      vertex 13.1368 -22.815 5.25
    endloop
  endfacet
  facet normal 0 0 1
    outer loop
      vertex 11.9 23.4 5.25
      vertex 12.915 23.0368 5.25
      vertex 12.7889 23.1303 5.25
    endloop
  endfacet
  facet normal 0 0 1
    outer loop
      vertex 13.1368 -22.815 5.25
      vertex 11.9 -23.4 5.25
      vertex 13.0314 -22.9314 5.25
    endloop
  endfacet
  facet normal 0 0 1
    outer loop
      vertex 11.9 23.4 5.25
      vertex 12.7889 23.1303 5.25
      vertex 12.6542 23.2111 5.25
    endloop
  endfacet
  facet normal 0 0 1
    outer loop
      vertex 13.0314 -22.9314 5.25
      vertex 11.9 -23.4 5.25
      vertex 12.915 -23.0368 5.25
    endloop
  endfacet
  facet normal 0 0 1
    outer loop
      vertex 11.9 23.4 5.25
      vertex 12.6542 23.2111 5.25
      vertex 12.5123 23.2782 5.25
    endloop
  endfacet
  facet normal 0 0 1
    outer loop
      vertex 12.915 -23.0368 5.25
      vertex 11.9 -23.4 5.25
      vertex 12.7889 -23.1303 5.25
    endloop
  endfacet
  facet normal 0 0 1
    outer loop
      vertex 11.9 23.4 5.25
      vertex 12.5123 23.2782 5.25
      vertex 12.3645 23.3311 5.25
    endloop
  endfacet
  facet normal 0 0 1
    outer loop
      vertex 12.7889 -23.1303 5.25
      vertex 11.9 -23.4 5.25
      vertex 12.6542 -23.2111 5.25
    endloop
  endfacet
  facet normal 0 0 1
    outer loop
      vertex 11.9 23.4 5.25
      vertex 12.3645 23.3311 5.25
      vertex 12.2121 23.3692 5.25
    endloop
  endfacet
  facet normal 0 0 1
    outer loop
      vertex 12.6542 -23.2111 5.25
      vertex 11.9 -23.4 5.25
      vertex 12.5123 -23.2782 5.25
    endloop
  endfacet
  facet normal 0 0 1
    outer loop
      vertex 11.9 23.4 5.25
      vertex 12.2121 23.3692 5.25
      vertex 12.0568 23.3923 5.25
    endloop
  endfacet
  facet normal 0 0 1
    outer loop
      vertex 12.5123 -23.2782 5.25
      vertex 11.9 -23.4 5.25
      vertex 12.3645 -23.3311 5.25
    endloop
  endfacet
  facet normal 0 0 1
    outer loop
      vertex 12.3645 -23.3311 5.25
      vertex 11.9 -23.4 5.25
      vertex 12.2121 -23.3692 5.25
    endloop
  endfacet
  facet normal 0 0 1
    outer loop
      vertex 12.2121 -23.3692 5.25
      vertex 11.9 -23.4 5.25
      vertex 12.0568 -23.3923 5.25
    endloop
  endfacet
  facet normal 0 0 1
    outer loop
      vertex -13.5 21.8 5.25
      vertex 11.9 23.4 5.25
      vertex -11.9 23.4 5.25
    endloop
  endfacet
  facet normal 0 0 1
    outer loop
      vertex 13.3782 -22.4123 5.25
      vertex 11.9 -23.4 5.25
      vertex 13.3111 -22.5542 5.25
    endloop
  endfacet
  facet normal 0 0 1
    outer loop
      vertex -13.5 21.8 5.25
      vertex -11.9 23.4 5.25
      vertex -12.0568 23.3923 5.25
    endloop
  endfacet
  facet normal 0 0 1
    outer loop
      vertex 13.3111 -22.5542 5.25
      vertex 11.9 -23.4 5.25
      vertex 13.2303 -22.6889 5.25
    endloop
  endfacet
  facet normal 0 0 1
    outer loop
      vertex -13.5 21.8 5.25
      vertex -12.0568 23.3923 5.25
      vertex -12.2121 23.3692 5.25
    endloop
  endfacet
  facet normal 0 0 1
    outer loop
      vertex 11.9 -23.4 5.25
      vertex -13.5 -21.8 5.25
      vertex -11.9 -23.4 5.25
    endloop
  endfacet
  facet normal 0 0 1
    outer loop
      vertex -13.5 21.8 5.25
      vertex -12.2121 23.3692 5.25
      vertex -12.3645 23.3311 5.25
    endloop
  endfacet
  facet normal 0 0 1
    outer loop
      vertex -11.9 -23.4 5.25
      vertex -13.5 -21.8 5.25
      vertex -12.0568 -23.3923 5.25
    endloop
  endfacet
  facet normal 0 0 1
    outer loop
      vertex -13.5 21.8 5.25
      vertex -12.3645 23.3311 5.25
      vertex -12.5123 23.2782 5.25
    endloop
  endfacet
  facet normal 0 0 1
    outer loop
      vertex -12.0568 -23.3923 5.25
      vertex -13.5 -21.8 5.25
      vertex -12.2121 -23.3692 5.25
    endloop
  endfacet
  facet normal 0 0 1
    outer loop
      vertex -13.5 21.8 5.25
      vertex -12.5123 23.2782 5.25
      vertex -12.6542 23.2111 5.25
    endloop
  endfacet
  facet normal 0 0 1
    outer loop
      vertex -12.2121 -23.3692 5.25
      vertex -13.5 -21.8 5.25
      vertex -12.3645 -23.3311 5.25
    endloop
  endfacet
  facet normal 0 0 1
    outer loop
      vertex -13.5 21.8 5.25
      vertex -12.6542 23.2111 5.25
      vertex -12.7889 23.1303 5.25
    endloop
  endfacet
  facet normal 0 0 1
    outer loop
      vertex -12.3645 -23.3311 5.25
      vertex -13.5 -21.8 5.25
      vertex -12.5123 -23.2782 5.25
    endloop
  endfacet
  facet normal 0 0 1
    outer loop
      vertex -13.5 21.8 5.25
      vertex -12.7889 23.1303 5.25
      vertex -12.915 23.0368 5.25
    endloop
  endfacet
  facet normal 0 0 1
    outer loop
      vertex -12.5123 -23.2782 5.25
      vertex -13.5 -21.8 5.25
      vertex -12.6542 -23.2111 5.25
    endloop
  endfacet
  facet normal 0 0 1
    outer loop
      vertex -13.5 21.8 5.25
      vertex -12.915 23.0368 5.25
      vertex -13.0314 22.9314 5.25
    endloop
  endfacet
  facet normal 0 0 1
    outer loop
      vertex -12.6542 -23.2111 5.25
      vertex -13.5 -21.8 5.25
      vertex -12.7889 -23.1303 5.25
    endloop
  endfacet
  facet normal 0 0 1
    outer loop
      vertex -13.5 21.8 5.25
      vertex -13.0314 22.9314 5.25
      vertex -13.1368 22.815 5.25
    endloop
  endfacet
  facet normal 0 0 1
    outer loop
      vertex -12.7889 -23.1303 5.25
      vertex -13.5 -21.8 5.25
      vertex -12.915 -23.0368 5.25
    endloop
  endfacet
  facet normal 0 0 1
    outer loop
      vertex -13.5 21.8 5.25
      vertex -13.1368 22.815 5.25
      vertex -13.2303 22.6889 5.25
    endloop
  endfacet
  facet normal 0 0 1
    outer loop
      vertex -12.915 -23.0368 5.25
      vertex -13.5 -21.8 5.25
      vertex -13.0314 -22.9314 5.25
    endloop
  endfacet
  facet normal 0 0 1
    outer loop
      vertex -13.5 21.8 5.25
      vertex -13.2303 22.6889 5.25
      vertex -13.3111 22.5542 5.25
    endloop
  endfacet
  facet normal 0 0 1
    outer loop
      vertex -13.0314 -22.9314 5.25
      vertex -13.5 -21.8 5.25
      vertex -13.1368 -22.815 5.25
    endloop
  endfacet
  facet normal 0 0 1
    outer loop
      vertex -13.5 21.8 5.25
      vertex -13.3111 22.5542 5.25
      vertex -13.3782 22.4123 5.25
    endloop
  endfacet
  facet normal 0 0 1
    outer loop
      vertex -13.1368 -22.815 5.25
      vertex -13.5 -21.8 5.25
      vertex -13.2303 -22.6889 5.25
    endloop
  endfacet
  facet normal 0 0 1
    outer loop
      vertex -13.5 21.8 5.25
      vertex -13.3782 22.4123 5.25
      vertex -13.4311 22.2645 5.25
    endloop
  endfacet
  facet normal 0 0 1
    outer loop
      vertex -13.2303 -22.6889 5.25
      vertex -13.5 -21.8 5.25
      vertex -13.3111 -22.5542 5.25
    endloop
  endfacet
  facet normal 0 0 1
    outer loop
      vertex -13.5 21.8 5.25
      vertex -13.4311 22.2645 5.25
      vertex -13.4693 22.1121 5.25
    endloop
  endfacet
  facet normal 0 0 1
    outer loop
      vertex -13.3111 -22.5542 5.25
      vertex -13.5 -21.8 5.25
      vertex -13.3782 -22.4123 5.25
    endloop
  endfacet
  facet normal 0 0 1
    outer loop
      vertex -13.5 21.8 5.25
      vertex -13.4693 22.1121 5.25
      vertex -13.4923 21.9568 5.25
    endloop
  endfacet
  facet normal 0 0 1
    outer loop
      vertex -13.3782 -22.4123 5.25
      vertex -13.5 -21.8 5.25
      vertex -13.4311 -22.2645 5.25
    endloop
  endfacet
  facet normal 0 0 1
    outer loop
      vertex -13.4311 -22.2645 5.25
      vertex -13.5 -21.8 5.25
      vertex -13.4693 -22.1121 5.25
    endloop
  endfacet
  facet normal 0 0 1
    outer loop
      vertex -13.4693 -22.1121 5.25
      vertex -13.5 -21.8 5.25
      vertex -13.4923 -21.9568 5.25
    endloop
  endfacet
  facet normal 0.336982 0.941511 -0
    outer loop
      vertex 12.5123 23.2782 1.5
      vertex 12.3645 23.3311 5.25
      vertex 12.5123 23.2782 5.25
    endloop
  endfacet
  facet normal 0.336982 0.941511 0
    outer loop
      vertex 12.3645 23.3311 5.25
      vertex 12.5123 23.2782 1.5
      vertex 12.3645 23.3311 1.5
    endloop
  endfacet
  facet normal 0.336982 0.941511 -0
    outer loop
      vertex 12.5123 23.2782 -11.25
      vertex 12.3645 23.3311 -3.2
      vertex 12.5123 23.2782 -3.2
    endloop
  endfacet
  facet normal 0.336982 0.941511 0
    outer loop
      vertex 12.3645 23.3311 -3.2
      vertex 12.5123 23.2782 -11.25
      vertex 12.3645 23.3311 -11.25
    endloop
  endfacet
  facet normal 0.336982 0.941511 -0
    outer loop
      vertex 12.5123 23.2782 -2.6
      vertex 12.3645 23.3311 -1.5
      vertex 12.5123 23.2782 -1.5
    endloop
  endfacet
  facet normal 0.336982 0.941511 0
    outer loop
      vertex 12.3645 23.3311 -1.5
      vertex 12.5123 23.2782 -2.6
      vertex 12.3645 23.3311 -2.6
    endloop
  endfacet
  facet normal 0.998796 -0.049048 0
    outer loop
      vertex 13.4923 -21.9568 5.25
      vertex 13.5 -21.8 1.5
      vertex 13.5 -21.8 5.25
    endloop
  endfacet
  facet normal 0.998796 -0.049048 0
    outer loop
      vertex 13.5 -21.8 1.5
      vertex 13.4923 -21.9568 5.25
      vertex 13.4923 -21.9568 1.5
    endloop
  endfacet
  facet normal 0.998796 -0.049048 0
    outer loop
      vertex 13.4923 -21.9568 -3.2
      vertex 13.5 -21.8 -11.25
      vertex 13.5 -21.8 -3.2
    endloop
  endfacet
  facet normal 0.998796 -0.049048 0
    outer loop
      vertex 13.5 -21.8 -11.25
      vertex 13.4923 -21.9568 -3.2
      vertex 13.4923 -21.9568 -11.25
    endloop
  endfacet
  facet normal 0.998796 -0.049048 0
    outer loop
      vertex 13.4923 -21.9568 -1.5
      vertex 13.5 -21.8 -2.6
      vertex 13.5 -21.8 -1.5
    endloop
  endfacet
  facet normal 0.998796 -0.049048 0
    outer loop
      vertex 13.5 -21.8 -2.6
      vertex 13.4923 -21.9568 -1.5
      vertex 13.4923 -21.9568 -2.6
    endloop
  endfacet
  facet normal 0.803275 -0.595608 0
    outer loop
      vertex 13.1368 -22.815 -3.2
      vertex 13.2303 -22.6889 -11.25
      vertex 13.2303 -22.6889 -3.2
    endloop
  endfacet
  facet normal 0.803275 -0.595608 0
    outer loop
      vertex 13.2303 -22.6889 -11.25
      vertex 13.1368 -22.815 -3.2
      vertex 13.1368 -22.815 -11.25
    endloop
  endfacet
  facet normal 0.803275 -0.595608 0
    outer loop
      vertex 13.1368 -22.815 5.25
      vertex 13.2303 -22.6889 1.5
      vertex 13.2303 -22.6889 5.25
    endloop
  endfacet
  facet normal 0.803275 -0.595608 0
    outer loop
      vertex 13.2303 -22.6889 1.5
      vertex 13.1368 -22.815 5.25
      vertex 13.1368 -22.815 1.5
    endloop
  endfacet
  facet normal 0.803275 -0.595608 0
    outer loop
      vertex 13.1368 -22.815 -1.5
      vertex 13.2303 -22.6889 -2.6
      vertex 13.2303 -22.6889 -1.5
    endloop
  endfacet
  facet normal 0.803275 -0.595608 0
    outer loop
      vertex 13.2303 -22.6889 -2.6
      vertex 13.1368 -22.815 -1.5
      vertex 13.1368 -22.815 -2.6
    endloop
  endfacet
  facet normal 0.336982 -0.941511 0
    outer loop
      vertex 12.3645 -23.3311 -11.25
      vertex 12.5123 -23.2782 -3.2
      vertex 12.3645 -23.3311 -3.2
    endloop
  endfacet
  facet normal 0.336982 -0.941511 0
    outer loop
      vertex 12.5123 -23.2782 -3.2
      vertex 12.3645 -23.3311 -11.25
      vertex 12.5123 -23.2782 -11.25
    endloop
  endfacet
  facet normal 0.336982 -0.941511 0
    outer loop
      vertex 12.3645 -23.3311 1.5
      vertex 12.5123 -23.2782 5.25
      vertex 12.3645 -23.3311 5.25
    endloop
  endfacet
  facet normal 0.336982 -0.941511 0
    outer loop
      vertex 12.5123 -23.2782 5.25
      vertex 12.3645 -23.3311 1.5
      vertex 12.5123 -23.2782 1.5
    endloop
  endfacet
  facet normal 0.336982 -0.941511 0
    outer loop
      vertex 12.3645 -23.3311 -2.6
      vertex 12.5123 -23.2782 -1.5
      vertex 12.3645 -23.3311 -1.5
    endloop
  endfacet
  facet normal 0.336982 -0.941511 0
    outer loop
      vertex 12.5123 -23.2782 -1.5
      vertex 12.3645 -23.3311 -2.6
      vertex 12.5123 -23.2782 -2.6
    endloop
  endfacet
  facet normal 0.0489209 -0.998803 0
    outer loop
      vertex 14.5 -28.5 -1.5
      vertex 14.696 -28.4904 1.5
      vertex 14.5 -28.5 1.5
    endloop
  endfacet
  facet normal 0.0489209 -0.998803 0
    outer loop
      vertex 14.696 -28.4904 1.5
      vertex 14.5 -28.5 -1.5
      vertex 14.696 -28.4904 -1.5
    endloop
  endfacet
  facet normal -0.740908 0.671607 0
    outer loop
      vertex -16.046 27.7688 -1.5
      vertex -15.9142 27.9142 1.5
      vertex -15.9142 27.9142 -1.5
    endloop
  endfacet
  facet normal -0.740908 0.671607 0
    outer loop
      vertex -15.9142 27.9142 1.5
      vertex -16.046 27.7688 -1.5
      vertex -16.046 27.7688 1.5
    endloop
  endfacet
  facet normal -0.514196 0.857673 0
    outer loop
      vertex -15.4428 28.2638 -1.5
      vertex -15.6111 28.1629 1.5
      vertex -15.4428 28.2638 1.5
    endloop
  endfacet
  facet normal -0.514196 0.857673 0
    outer loop
      vertex -15.6111 28.1629 1.5
      vertex -15.4428 28.2638 -1.5
      vertex -15.6111 28.1629 -1.5
    endloop
  endfacet
  facet normal 0.595508 0.80335 -0
    outer loop
      vertex 15.7688 28.046 -1.5
      vertex 15.6111 28.1629 1.5
      vertex 15.7688 28.046 1.5
    endloop
  endfacet
  facet normal 0.595508 0.80335 0
    outer loop
      vertex 15.6111 28.1629 1.5
      vertex 15.7688 28.046 -1.5
      vertex 15.6111 28.1629 -1.5
    endloop
  endfacet
  facet normal -1 0 0
    outer loop
      vertex -16.5 -26.5 -1.5
      vertex -16.5 26.5 1.5
      vertex -16.5 26.5 -1.5
    endloop
  endfacet
  facet normal -1 -0 0
    outer loop
      vertex -16.5 26.5 1.5
      vertex -16.5 -26.5 -1.5
      vertex -16.5 -26.5 1.5
    endloop
  endfacet
  facet normal 0.336788 0.94158 -0
    outer loop
      vertex 15.2654 28.3478 -1.5
      vertex 15.0806 28.4139 1.5
      vertex 15.2654 28.3478 1.5
    endloop
  endfacet
  facet normal 0.336788 0.94158 0
    outer loop
      vertex 15.0806 28.4139 1.5
      vertex 15.2654 28.3478 -1.5
      vertex 15.0806 28.4139 -1.5
    endloop
  endfacet
  facet normal 0.243015 0.970023 -0
    outer loop
      vertex 15.0806 28.4139 -1.5
      vertex 14.8902 28.4616 1.5
      vertex 15.0806 28.4139 1.5
    endloop
  endfacet
  facet normal 0.243015 0.970023 0
    outer loop
      vertex 14.8902 28.4616 1.5
      vertex 15.0806 28.4139 -1.5
      vertex 14.8902 28.4616 -1.5
    endloop
  endfacet
  facet normal 0 1 -0
    outer loop
      vertex 14.5 28.5 -1.5
      vertex -14.5 28.5 1.5
      vertex 14.5 28.5 1.5
    endloop
  endfacet
  facet normal 0 1 0
    outer loop
      vertex -14.5 28.5 1.5
      vertex 14.5 28.5 -1.5
      vertex -14.5 28.5 -1.5
    endloop
  endfacet
  facet normal -0.595508 -0.80335 0
    outer loop
      vertex -15.7688 -28.046 -1.5
      vertex -15.6111 -28.1629 1.5
      vertex -15.7688 -28.046 1.5
    endloop
  endfacet
  facet normal -0.595508 -0.80335 -0
    outer loop
      vertex -15.6111 -28.1629 1.5
      vertex -15.7688 -28.046 -1.5
      vertex -15.6111 -28.1629 -1.5
    endloop
  endfacet
  facet normal -0.146696 0.989182 0
    outer loop
      vertex -14.696 28.4904 -1.5
      vertex -14.8902 28.4616 1.5
      vertex -14.696 28.4904 1.5
    endloop
  endfacet
  facet normal -0.146696 0.989182 0
    outer loop
      vertex -14.8902 28.4616 1.5
      vertex -14.696 28.4904 -1.5
      vertex -14.8902 28.4616 -1.5
    endloop
  endfacet
  facet normal -0.427955 0.9038 0
    outer loop
      vertex -15.2654 28.3478 -1.5
      vertex -15.4428 28.2638 1.5
      vertex -15.2654 28.3478 1.5
    endloop
  endfacet
  facet normal -0.427955 0.9038 0
    outer loop
      vertex -15.4428 28.2638 1.5
      vertex -15.2654 28.3478 -1.5
      vertex -15.4428 28.2638 -1.5
    endloop
  endfacet
  facet normal -0.998803 0.0489209 0
    outer loop
      vertex -16.5 26.5 -1.5
      vertex -16.4904 26.696 1.5
      vertex -16.4904 26.696 -1.5
    endloop
  endfacet
  facet normal -0.998803 0.0489209 0
    outer loop
      vertex -16.4904 26.696 1.5
      vertex -16.5 26.5 -1.5
      vertex -16.5 26.5 1.5
    endloop
  endfacet
  facet normal 0 -1 0
    outer loop
      vertex -14.5 -28.5 -1.5
      vertex 14.5 -28.5 1.5
      vertex -14.5 -28.5 1.5
    endloop
  endfacet
  facet normal 0 -1 -0
    outer loop
      vertex 14.5 -28.5 1.5
      vertex -14.5 -28.5 -1.5
      vertex 14.5 -28.5 -1.5
    endloop
  endfacet
  facet normal -0.514196 -0.857673 0
    outer loop
      vertex -15.6111 -28.1629 -1.5
      vertex -15.4428 -28.2638 1.5
      vertex -15.6111 -28.1629 1.5
    endloop
  endfacet
  facet normal -0.514196 -0.857673 -0
    outer loop
      vertex -15.4428 -28.2638 1.5
      vertex -15.6111 -28.1629 -1.5
      vertex -15.4428 -28.2638 -1.5
    endloop
  endfacet
  facet normal 0.514196 0.857673 -0
    outer loop
      vertex 15.6111 28.1629 -1.5
      vertex 15.4428 28.2638 1.5
      vertex 15.6111 28.1629 1.5
    endloop
  endfacet
  facet normal 0.514196 0.857673 0
    outer loop
      vertex 15.4428 28.2638 1.5
      vertex 15.6111 28.1629 -1.5
      vertex 15.4428 28.2638 -1.5
    endloop
  endfacet
  facet normal -0.94158 -0.336788 0
    outer loop
      vertex -16.3478 -27.2654 -1.5
      vertex -16.4139 -27.0806 1.5
      vertex -16.4139 -27.0806 -1.5
    endloop
  endfacet
  facet normal -0.94158 -0.336788 0
    outer loop
      vertex -16.4139 -27.0806 1.5
      vertex -16.3478 -27.2654 -1.5
      vertex -16.3478 -27.2654 1.5
    endloop
  endfacet
  facet normal 0.671607 0.740908 -0
    outer loop
      vertex 15.9142 27.9142 -1.5
      vertex 15.7688 28.046 1.5
      vertex 15.9142 27.9142 1.5
    endloop
  endfacet
  facet normal 0.671607 0.740908 0
    outer loop
      vertex 15.7688 28.046 1.5
      vertex 15.9142 27.9142 -1.5
      vertex 15.7688 28.046 -1.5
    endloop
  endfacet
  facet normal -0.970023 -0.243015 0
    outer loop
      vertex -16.4139 -27.0806 -1.5
      vertex -16.4616 -26.8902 1.5
      vertex -16.4616 -26.8902 -1.5
    endloop
  endfacet
  facet normal -0.970023 -0.243015 0
    outer loop
      vertex -16.4616 -26.8902 1.5
      vertex -16.4139 -27.0806 -1.5
      vertex -16.4139 -27.0806 1.5
    endloop
  endfacet
  facet normal -0.336788 0.94158 0
    outer loop
      vertex -15.0806 28.4139 -1.5
      vertex -15.2654 28.3478 1.5
      vertex -15.0806 28.4139 1.5
    endloop
  endfacet
  facet normal -0.336788 0.94158 0
    outer loop
      vertex -15.2654 28.3478 1.5
      vertex -15.0806 28.4139 -1.5
      vertex -15.2654 28.3478 -1.5
    endloop
  endfacet
  facet normal 0 0 -1
    outer loop
      vertex 14.5 -28.5 -1.5
      vertex 16.5 -26.5 -1.5
      vertex 16.4904 -26.696 -1.5
    endloop
  endfacet
  facet normal 0 0 -1
    outer loop
      vertex 16.5 -26.5 -1.5
      vertex 13.5 -21.8 -1.5
      vertex 16.5 26.5 -1.5
    endloop
  endfacet
  facet normal 0 0 -1
    outer loop
      vertex 14.5 -28.5 -1.5
      vertex 16.4904 -26.696 -1.5
      vertex 16.4616 -26.8902 -1.5
    endloop
  endfacet
  facet normal 0 0 -1
    outer loop
      vertex 13.5 21.8 -1.5
      vertex 16.5 26.5 -1.5
      vertex 13.5 -21.8 -1.5
    endloop
  endfacet
  facet normal 0 0 -1
    outer loop
      vertex 14.5 -28.5 -1.5
      vertex 16.4616 -26.8902 -1.5
      vertex 16.4139 -27.0806 -1.5
    endloop
  endfacet
  facet normal 0 0 -1
    outer loop
      vertex 13.4923 21.9568 -1.5
      vertex 16.5 26.5 -1.5
      vertex 13.5 21.8 -1.5
    endloop
  endfacet
  facet normal 0 0 -1
    outer loop
      vertex 14.5 -28.5 -1.5
      vertex 16.4139 -27.0806 -1.5
      vertex 16.3478 -27.2654 -1.5
    endloop
  endfacet
  facet normal 0 0 -1
    outer loop
      vertex 13.4693 22.1121 -1.5
      vertex 16.5 26.5 -1.5
      vertex 13.4923 21.9568 -1.5
    endloop
  endfacet
  facet normal 0 0 -1
    outer loop
      vertex 14.5 -28.5 -1.5
      vertex 16.3478 -27.2654 -1.5
      vertex 16.2638 -27.4428 -1.5
    endloop
  endfacet
  facet normal 0 0 -1
    outer loop
      vertex 13.4311 22.2645 -1.5
      vertex 16.5 26.5 -1.5
      vertex 13.4693 22.1121 -1.5
    endloop
  endfacet
  facet normal 0 0 -1
    outer loop
      vertex 14.5 -28.5 -1.5
      vertex 16.2638 -27.4428 -1.5
      vertex 16.1629 -27.6111 -1.5
    endloop
  endfacet
  facet normal 0 0 -1
    outer loop
      vertex 13.3782 22.4123 -1.5
      vertex 16.5 26.5 -1.5
      vertex 13.4311 22.2645 -1.5
    endloop
  endfacet
  facet normal 0 0 -1
    outer loop
      vertex 14.5 -28.5 -1.5
      vertex 16.1629 -27.6111 -1.5
      vertex 16.046 -27.7688 -1.5
    endloop
  endfacet
  facet normal 0 0 -1
    outer loop
      vertex 13.3111 22.5542 -1.5
      vertex 16.5 26.5 -1.5
      vertex 13.3782 22.4123 -1.5
    endloop
  endfacet
  facet normal 0 0 -1
    outer loop
      vertex 14.5 -28.5 -1.5
      vertex 16.046 -27.7688 -1.5
      vertex 15.9142 -27.9142 -1.5
    endloop
  endfacet
  facet normal 0 0 -1
    outer loop
      vertex 13.2303 22.6889 -1.5
      vertex 16.5 26.5 -1.5
      vertex 13.3111 22.5542 -1.5
    endloop
  endfacet
  facet normal 0 0 -1
    outer loop
      vertex 14.5 -28.5 -1.5
      vertex 15.9142 -27.9142 -1.5
      vertex 15.7688 -28.046 -1.5
    endloop
  endfacet
  facet normal 0 0 -1
    outer loop
      vertex 13.1368 22.815 -1.5
      vertex 16.5 26.5 -1.5
      vertex 13.2303 22.6889 -1.5
    endloop
  endfacet
  facet normal 0 0 -1
    outer loop
      vertex 14.5 -28.5 -1.5
      vertex 15.7688 -28.046 -1.5
      vertex 15.6111 -28.1629 -1.5
    endloop
  endfacet
  facet normal 0 0 -1
    outer loop
      vertex 13.0314 22.9314 -1.5
      vertex 16.5 26.5 -1.5
      vertex 13.1368 22.815 -1.5
    endloop
  endfacet
  facet normal 0 0 -1
    outer loop
      vertex 14.5 -28.5 -1.5
      vertex 15.6111 -28.1629 -1.5
      vertex 15.4428 -28.2638 -1.5
    endloop
  endfacet
  facet normal 0 0 -1
    outer loop
      vertex 12.915 23.0368 -1.5
      vertex 16.5 26.5 -1.5
      vertex 13.0314 22.9314 -1.5
    endloop
  endfacet
  facet normal 0 0 -1
    outer loop
      vertex 14.5 -28.5 -1.5
      vertex 15.4428 -28.2638 -1.5
      vertex 15.2654 -28.3478 -1.5
    endloop
  endfacet
  facet normal 0 0 -1
    outer loop
      vertex 12.7889 23.1303 -1.5
      vertex 16.5 26.5 -1.5
      vertex 12.915 23.0368 -1.5
    endloop
  endfacet
  facet normal 0 0 -1
    outer loop
      vertex 14.5 -28.5 -1.5
      vertex 15.2654 -28.3478 -1.5
      vertex 15.0806 -28.4139 -1.5
    endloop
  endfacet
  facet normal 0 0 -1
    outer loop
      vertex 12.6542 23.2111 -1.5
      vertex 16.5 26.5 -1.5
      vertex 12.7889 23.1303 -1.5
    endloop
  endfacet
  facet normal 0 0 -1
    outer loop
      vertex 14.5 -28.5 -1.5
      vertex 15.0806 -28.4139 -1.5
      vertex 14.8902 -28.4616 -1.5
    endloop
  endfacet
  facet normal 0 -0 -1
    outer loop
      vertex 14.5 28.5 -1.5
      vertex 16.5 26.5 -1.5
      vertex 12.6542 23.2111 -1.5
    endloop
  endfacet
  facet normal 0 0 -1
    outer loop
      vertex 14.5 -28.5 -1.5
      vertex 14.8902 -28.4616 -1.5
      vertex 14.696 -28.4904 -1.5
    endloop
  endfacet
  facet normal 0 0 -1
    outer loop
      vertex 16.5 26.5 -1.5
      vertex 14.5 28.5 -1.5
      vertex 16.4904 26.696 -1.5
    endloop
  endfacet
  facet normal -0 0 -1
    outer loop
      vertex 16.5 -26.5 -1.5
      vertex 14.5 -28.5 -1.5
      vertex 12.6542 -23.2111 -1.5
    endloop
  endfacet
  facet normal 0 0 -1
    outer loop
      vertex 16.4904 26.696 -1.5
      vertex 14.5 28.5 -1.5
      vertex 16.4616 26.8902 -1.5
    endloop
  endfacet
  facet normal 0 0 -1
    outer loop
      vertex 16.4616 26.8902 -1.5
      vertex 14.5 28.5 -1.5
      vertex 16.4139 27.0806 -1.5
    endloop
  endfacet
  facet normal 0 0 -1
    outer loop
      vertex 16.5 -26.5 -1.5
      vertex 13.4923 -21.9568 -1.5
      vertex 13.5 -21.8 -1.5
    endloop
  endfacet
  facet normal 0 0 -1
    outer loop
      vertex 16.5 -26.5 -1.5
      vertex 13.4693 -22.1121 -1.5
      vertex 13.4923 -21.9568 -1.5
    endloop
  endfacet
  facet normal 0 0 -1
    outer loop
      vertex 16.5 -26.5 -1.5
      vertex 13.4311 -22.2645 -1.5
      vertex 13.4693 -22.1121 -1.5
    endloop
  endfacet
  facet normal 0 0 -1
    outer loop
      vertex 16.5 -26.5 -1.5
      vertex 13.3782 -22.4123 -1.5
      vertex 13.4311 -22.2645 -1.5
    endloop
  endfacet
  facet normal 0 0 -1
    outer loop
      vertex 16.5 -26.5 -1.5
      vertex 13.3111 -22.5542 -1.5
      vertex 13.3782 -22.4123 -1.5
    endloop
  endfacet
  facet normal 0 0 -1
    outer loop
      vertex 16.5 -26.5 -1.5
      vertex 13.2303 -22.6889 -1.5
      vertex 13.3111 -22.5542 -1.5
    endloop
  endfacet
  facet normal 0 0 -1
    outer loop
      vertex 16.5 -26.5 -1.5
      vertex 13.1368 -22.815 -1.5
      vertex 13.2303 -22.6889 -1.5
    endloop
  endfacet
  facet normal 0 0 -1
    outer loop
      vertex 16.5 -26.5 -1.5
      vertex 13.0314 -22.9314 -1.5
      vertex 13.1368 -22.815 -1.5
    endloop
  endfacet
  facet normal 0 0 -1
    outer loop
      vertex 16.5 -26.5 -1.5
      vertex 12.915 -23.0368 -1.5
      vertex 13.0314 -22.9314 -1.5
    endloop
  endfacet
  facet normal 0 0 -1
    outer loop
      vertex 16.5 -26.5 -1.5
      vertex 12.7889 -23.1303 -1.5
      vertex 12.915 -23.0368 -1.5
    endloop
  endfacet
  facet normal 0 0 -1
    outer loop
      vertex 16.5 -26.5 -1.5
      vertex 12.6542 -23.2111 -1.5
      vertex 12.7889 -23.1303 -1.5
    endloop
  endfacet
  facet normal 0 0 -1
    outer loop
      vertex 14.5 -28.5 -1.5
      vertex 12.5123 -23.2782 -1.5
      vertex 12.6542 -23.2111 -1.5
    endloop
  endfacet
  facet normal 0 0 -1
    outer loop
      vertex 14.5 -28.5 -1.5
      vertex 12.3645 -23.3311 -1.5
      vertex 12.5123 -23.2782 -1.5
    endloop
  endfacet
  facet normal 0 0 -1
    outer loop
      vertex 14.5 -28.5 -1.5
      vertex 12.2121 -23.3692 -1.5
      vertex 12.3645 -23.3311 -1.5
    endloop
  endfacet
  facet normal 0 0 -1
    outer loop
      vertex 14.5 -28.5 -1.5
      vertex 12.0568 -23.3923 -1.5
      vertex 12.2121 -23.3692 -1.5
    endloop
  endfacet
  facet normal 0 0 -1
    outer loop
      vertex 14.5 -28.5 -1.5
      vertex 11.9 -23.4 -1.5
      vertex 12.0568 -23.3923 -1.5
    endloop
  endfacet
  facet normal 0 0 -1
    outer loop
      vertex 14.5 -28.5 -1.5
      vertex 1.57155 -23.4 -1.5
      vertex 11.9 -23.4 -1.5
    endloop
  endfacet
  facet normal 0 0 -1
    outer loop
      vertex 14.5 -28.5 -1.5
      vertex 1.43506 -23.4645 -1.5
      vertex 1.57155 -23.4 -1.5
    endloop
  endfacet
  facet normal 0 0 -1
    outer loop
      vertex 14.5 -28.5 -1.5
      vertex 1.08857 -23.5885 -1.5
      vertex 1.43506 -23.4645 -1.5
    endloop
  endfacet
  facet normal 0 0 -1
    outer loop
      vertex 14.5 -28.5 -1.5
      vertex 0.731588 -23.6779 -1.5
      vertex 1.08857 -23.5885 -1.5
    endloop
  endfacet
  facet normal 0 0 -1
    outer loop
      vertex 14.5 -28.5 -1.5
      vertex 0.367564 -23.7319 -1.5
      vertex 0.731588 -23.6779 -1.5
    endloop
  endfacet
  facet normal 0 0 -1
    outer loop
      vertex 14.5 -28.5 -1.5
      vertex 0 -23.75 -1.5
      vertex 0.367564 -23.7319 -1.5
    endloop
  endfacet
  facet normal 0 0 -1
    outer loop
      vertex -14.5 -28.5 -1.5
      vertex 0 -23.75 -1.5
      vertex 14.5 -28.5 -1.5
    endloop
  endfacet
  facet normal -0 0 -1
    outer loop
      vertex 0 -23.75 -1.5
      vertex -14.5 -28.5 -1.5
      vertex -0.367564 -23.7319 -1.5
    endloop
  endfacet
  facet normal -0 0 -1
    outer loop
      vertex -0.367564 -23.7319 -1.5
      vertex -14.5 -28.5 -1.5
      vertex -0.731588 -23.6779 -1.5
    endloop
  endfacet
  facet normal 0 0 -1
    outer loop
      vertex -14.5 -28.5 -1.5
      vertex -1.57155 -23.4 -1.5
      vertex -1.43506 -23.4645 -1.5
    endloop
  endfacet
  facet normal 0 0 -1
    outer loop
      vertex -14.5 -28.5 -1.5
      vertex -1.43506 -23.4645 -1.5
      vertex -1.08857 -23.5885 -1.5
    endloop
  endfacet
  facet normal -0 0 -1
    outer loop
      vertex -0.731588 -23.6779 -1.5
      vertex -14.5 -28.5 -1.5
      vertex -1.08857 -23.5885 -1.5
    endloop
  endfacet
  facet normal -0 0 -1
    outer loop
      vertex -1.57155 -23.4 -1.5
      vertex -14.5 -28.5 -1.5
      vertex -11.9 -23.4 -1.5
    endloop
  endfacet
  facet normal -0 0 -1
    outer loop
      vertex -11.9 -23.4 -1.5
      vertex -14.5 -28.5 -1.5
      vertex -12.0568 -23.3923 -1.5
    endloop
  endfacet
  facet normal -0 0 -1
    outer loop
      vertex -13.4923 -21.9568 -1.5
      vertex -16.5 -26.5 -1.5
      vertex -13.5 -21.8 -1.5
    endloop
  endfacet
  facet normal -0 0 -1
    outer loop
      vertex -13.4693 -22.1121 -1.5
      vertex -16.5 -26.5 -1.5
      vertex -13.4923 -21.9568 -1.5
    endloop
  endfacet
  facet normal -0 0 -1
    outer loop
      vertex -13.4311 -22.2645 -1.5
      vertex -16.5 -26.5 -1.5
      vertex -13.4693 -22.1121 -1.5
    endloop
  endfacet
  facet normal -0 0 -1
    outer loop
      vertex -13.3782 -22.4123 -1.5
      vertex -16.5 -26.5 -1.5
      vertex -13.4311 -22.2645 -1.5
    endloop
  endfacet
  facet normal -0 0 -1
    outer loop
      vertex -13.3111 -22.5542 -1.5
      vertex -16.5 -26.5 -1.5
      vertex -13.3782 -22.4123 -1.5
    endloop
  endfacet
  facet normal -0 0 -1
    outer loop
      vertex -13.2303 -22.6889 -1.5
      vertex -16.5 -26.5 -1.5
      vertex -13.3111 -22.5542 -1.5
    endloop
  endfacet
  facet normal -0 0 -1
    outer loop
      vertex -13.1368 -22.815 -1.5
      vertex -16.5 -26.5 -1.5
      vertex -13.2303 -22.6889 -1.5
    endloop
  endfacet
  facet normal -0 0 -1
    outer loop
      vertex -13.0314 -22.9314 -1.5
      vertex -16.5 -26.5 -1.5
      vertex -13.1368 -22.815 -1.5
    endloop
  endfacet
  facet normal -0 0 -1
    outer loop
      vertex -12.915 -23.0368 -1.5
      vertex -16.5 -26.5 -1.5
      vertex -13.0314 -22.9314 -1.5
    endloop
  endfacet
  facet normal -0 0 -1
    outer loop
      vertex -12.7889 -23.1303 -1.5
      vertex -16.5 -26.5 -1.5
      vertex -12.915 -23.0368 -1.5
    endloop
  endfacet
  facet normal -0 0 -1
    outer loop
      vertex -12.6542 -23.2111 -1.5
      vertex -16.5 -26.5 -1.5
      vertex -12.7889 -23.1303 -1.5
    endloop
  endfacet
  facet normal 0 0 -1
    outer loop
      vertex -16.5 -26.5 -1.5
      vertex -12.6542 -23.2111 -1.5
      vertex -14.5 -28.5 -1.5
    endloop
  endfacet
  facet normal -0 0 -1
    outer loop
      vertex -12.5123 -23.2782 -1.5
      vertex -14.5 -28.5 -1.5
      vertex -12.6542 -23.2111 -1.5
    endloop
  endfacet
  facet normal -0 0 -1
    outer loop
      vertex -12.3645 -23.3311 -1.5
      vertex -14.5 -28.5 -1.5
      vertex -12.5123 -23.2782 -1.5
    endloop
  endfacet
  facet normal -0 0 -1
    outer loop
      vertex -12.2121 -23.3692 -1.5
      vertex -14.5 -28.5 -1.5
      vertex -12.3645 -23.3311 -1.5
    endloop
  endfacet
  facet normal -0 0 -1
    outer loop
      vertex -12.0568 -23.3923 -1.5
      vertex -14.5 -28.5 -1.5
      vertex -12.2121 -23.3692 -1.5
    endloop
  endfacet
  facet normal 0 0 -1
    outer loop
      vertex 16.4139 27.0806 -1.5
      vertex 14.5 28.5 -1.5
      vertex 16.3478 27.2654 -1.5
    endloop
  endfacet
  facet normal 0 0 -1
    outer loop
      vertex 16.3478 27.2654 -1.5
      vertex 14.5 28.5 -1.5
      vertex 16.2638 27.4428 -1.5
    endloop
  endfacet
  facet normal 0 0 -1
    outer loop
      vertex 16.2638 27.4428 -1.5
      vertex 14.5 28.5 -1.5
      vertex 16.1629 27.6111 -1.5
    endloop
  endfacet
  facet normal 0 0 -1
    outer loop
      vertex 16.1629 27.6111 -1.5
      vertex 14.5 28.5 -1.5
      vertex 16.046 27.7688 -1.5
    endloop
  endfacet
  facet normal 0 0 -1
    outer loop
      vertex 15.9142 27.9142 -1.5
      vertex 14.5 28.5 -1.5
      vertex 15.7688 28.046 -1.5
    endloop
  endfacet
  facet normal 0 0 -1
    outer loop
      vertex 15.7688 28.046 -1.5
      vertex 14.5 28.5 -1.5
      vertex 15.6111 28.1629 -1.5
    endloop
  endfacet
  facet normal 0 0 -1
    outer loop
      vertex 15.6111 28.1629 -1.5
      vertex 14.5 28.5 -1.5
      vertex 15.4428 28.2638 -1.5
    endloop
  endfacet
  facet normal 0 0 -1
    outer loop
      vertex 15.4428 28.2638 -1.5
      vertex 14.5 28.5 -1.5
      vertex 15.2654 28.3478 -1.5
    endloop
  endfacet
  facet normal 0 0 -1
    outer loop
      vertex 15.2654 28.3478 -1.5
      vertex 14.5 28.5 -1.5
      vertex 15.0806 28.4139 -1.5
    endloop
  endfacet
  facet normal 0 0 -1
    outer loop
      vertex 15.0806 28.4139 -1.5
      vertex 14.5 28.5 -1.5
      vertex 14.8902 28.4616 -1.5
    endloop
  endfacet
  facet normal 0 0 -1
    outer loop
      vertex 14.8902 28.4616 -1.5
      vertex 14.5 28.5 -1.5
      vertex 14.696 28.4904 -1.5
    endloop
  endfacet
  facet normal 0 0 -1
    outer loop
      vertex 16.046 27.7688 -1.5
      vertex 14.5 28.5 -1.5
      vertex 15.9142 27.9142 -1.5
    endloop
  endfacet
  facet normal 0 0 -1
    outer loop
      vertex 12.5123 23.2782 -1.5
      vertex 14.5 28.5 -1.5
      vertex 12.6542 23.2111 -1.5
    endloop
  endfacet
  facet normal 0 0 -1
    outer loop
      vertex 12.3645 23.3311 -1.5
      vertex 14.5 28.5 -1.5
      vertex 12.5123 23.2782 -1.5
    endloop
  endfacet
  facet normal 0 0 -1
    outer loop
      vertex 12.2121 23.3692 -1.5
      vertex 14.5 28.5 -1.5
      vertex 12.3645 23.3311 -1.5
    endloop
  endfacet
  facet normal 0 0 -1
    outer loop
      vertex 12.0568 23.3923 -1.5
      vertex 14.5 28.5 -1.5
      vertex 12.2121 23.3692 -1.5
    endloop
  endfacet
  facet normal 0 0 -1
    outer loop
      vertex 11.9 23.4 -1.5
      vertex 14.5 28.5 -1.5
      vertex 12.0568 23.3923 -1.5
    endloop
  endfacet
  facet normal 0 0 -1
    outer loop
      vertex 1.57155 23.4 -1.5
      vertex 14.5 28.5 -1.5
      vertex 11.9 23.4 -1.5
    endloop
  endfacet
  facet normal 0 0 -1
    outer loop
      vertex 1.43506 23.4645 -1.5
      vertex 14.5 28.5 -1.5
      vertex 1.57155 23.4 -1.5
    endloop
  endfacet
  facet normal 0 0 -1
    outer loop
      vertex 1.08857 23.5885 -1.5
      vertex 14.5 28.5 -1.5
      vertex 1.43506 23.4645 -1.5
    endloop
  endfacet
  facet normal 0 0 -1
    outer loop
      vertex 0.731588 23.6779 -1.5
      vertex 14.5 28.5 -1.5
      vertex 1.08857 23.5885 -1.5
    endloop
  endfacet
  facet normal 0 0 -1
    outer loop
      vertex 0.367564 23.7319 -1.5
      vertex 14.5 28.5 -1.5
      vertex 0.731588 23.6779 -1.5
    endloop
  endfacet
  facet normal 0 0 -1
    outer loop
      vertex 0 23.75 -1.5
      vertex 14.5 28.5 -1.5
      vertex 0.367564 23.7319 -1.5
    endloop
  endfacet
  facet normal 0 0 -1
    outer loop
      vertex -14.5 28.5 -1.5
      vertex 0 23.75 -1.5
      vertex -0.367564 23.7319 -1.5
    endloop
  endfacet
  facet normal 0 0 -1
    outer loop
      vertex -14.5 28.5 -1.5
      vertex -0.367564 23.7319 -1.5
      vertex -0.731588 23.6779 -1.5
    endloop
  endfacet
  facet normal 0 0 -1
    outer loop
      vertex -14.5 28.5 -1.5
      vertex -0.731588 23.6779 -1.5
      vertex -1.08857 23.5885 -1.5
    endloop
  endfacet
  facet normal 0 0 -1
    outer loop
      vertex -14.5 28.5 -1.5
      vertex -1.57155 23.4 -1.5
      vertex -11.9 23.4 -1.5
    endloop
  endfacet
  facet normal 0 0 -1
    outer loop
      vertex -1.57155 23.4 -1.5
      vertex -14.5 28.5 -1.5
      vertex -1.43506 23.4645 -1.5
    endloop
  endfacet
  facet normal 0 0 -1
    outer loop
      vertex -1.43506 23.4645 -1.5
      vertex -14.5 28.5 -1.5
      vertex -1.08857 23.5885 -1.5
    endloop
  endfacet
  facet normal 0 0 -1
    outer loop
      vertex -14.5 28.5 -1.5
      vertex -11.9 23.4 -1.5
      vertex -12.0568 23.3923 -1.5
    endloop
  endfacet
  facet normal 0 0 -1
    outer loop
      vertex -14.5 28.5 -1.5
      vertex -12.0568 23.3923 -1.5
      vertex -12.2121 23.3692 -1.5
    endloop
  endfacet
  facet normal 0 0 -1
    outer loop
      vertex 0 23.75 -1.5
      vertex -14.5 28.5 -1.5
      vertex 14.5 28.5 -1.5
    endloop
  endfacet
  facet normal 0 0 -1
    outer loop
      vertex -12.3645 23.3311 -1.5
      vertex -14.5 28.5 -1.5
      vertex -12.2121 23.3692 -1.5
    endloop
  endfacet
  facet normal 0 0 -1
    outer loop
      vertex -12.5123 23.2782 -1.5
      vertex -14.5 28.5 -1.5
      vertex -12.3645 23.3311 -1.5
    endloop
  endfacet
  facet normal 0 0 -1
    outer loop
      vertex -12.6542 23.2111 -1.5
      vertex -14.5 28.5 -1.5
      vertex -12.5123 23.2782 -1.5
    endloop
  endfacet
  facet normal 0 0 -1
    outer loop
      vertex -16.5 26.5 -1.5
      vertex -12.6542 23.2111 -1.5
      vertex -12.7889 23.1303 -1.5
    endloop
  endfacet
  facet normal 0 0 -1
    outer loop
      vertex -16.5 26.5 -1.5
      vertex -12.7889 23.1303 -1.5
      vertex -12.915 23.0368 -1.5
    endloop
  endfacet
  facet normal 0 0 -1
    outer loop
      vertex -16.5 26.5 -1.5
      vertex -12.915 23.0368 -1.5
      vertex -13.0314 22.9314 -1.5
    endloop
  endfacet
  facet normal 0 0 -1
    outer loop
      vertex -16.5 26.5 -1.5
      vertex -13.0314 22.9314 -1.5
      vertex -13.1368 22.815 -1.5
    endloop
  endfacet
  facet normal 0 0 -1
    outer loop
      vertex -16.5 26.5 -1.5
      vertex -13.1368 22.815 -1.5
      vertex -13.2303 22.6889 -1.5
    endloop
  endfacet
  facet normal 0 0 -1
    outer loop
      vertex -16.5 26.5 -1.5
      vertex -13.2303 22.6889 -1.5
      vertex -13.3111 22.5542 -1.5
    endloop
  endfacet
  facet normal 0 0 -1
    outer loop
      vertex -16.5 26.5 -1.5
      vertex -13.3111 22.5542 -1.5
      vertex -13.3782 22.4123 -1.5
    endloop
  endfacet
  facet normal 0 0 -1
    outer loop
      vertex -16.5 26.5 -1.5
      vertex -13.3782 22.4123 -1.5
      vertex -13.4311 22.2645 -1.5
    endloop
  endfacet
  facet normal 0 0 -1
    outer loop
      vertex -16.5 26.5 -1.5
      vertex -13.4311 22.2645 -1.5
      vertex -13.4693 22.1121 -1.5
    endloop
  endfacet
  facet normal 0 0 -1
    outer loop
      vertex -16.5 26.5 -1.5
      vertex -13.4693 22.1121 -1.5
      vertex -13.4923 21.9568 -1.5
    endloop
  endfacet
  facet normal 0 0 -1
    outer loop
      vertex -16.5 26.5 -1.5
      vertex -13.4923 21.9568 -1.5
      vertex -13.5 21.8 -1.5
    endloop
  endfacet
  facet normal -0 0 -1
    outer loop
      vertex -13.5 -21.8 -1.5
      vertex -16.5 -26.5 -1.5
      vertex -13.5 21.8 -1.5
    endloop
  endfacet
  facet normal 0 0 -1
    outer loop
      vertex -16.5 -26.5 -1.5
      vertex -14.5 -28.5 -1.5
      vertex -14.696 -28.4904 -1.5
    endloop
  endfacet
  facet normal 0 0 -1
    outer loop
      vertex -16.5 26.5 -1.5
      vertex -13.5 21.8 -1.5
      vertex -16.5 -26.5 -1.5
    endloop
  endfacet
  facet normal 0 0 -1
    outer loop
      vertex -16.5 -26.5 -1.5
      vertex -14.696 -28.4904 -1.5
      vertex -14.8902 -28.4616 -1.5
    endloop
  endfacet
  facet normal 0 0 -1
    outer loop
      vertex -12.6542 23.2111 -1.5
      vertex -16.5 26.5 -1.5
      vertex -14.5 28.5 -1.5
    endloop
  endfacet
  facet normal 0 0 -1
    outer loop
      vertex -16.5 -26.5 -1.5
      vertex -14.8902 -28.4616 -1.5
      vertex -15.0806 -28.4139 -1.5
    endloop
  endfacet
  facet normal 0 0 -1
    outer loop
      vertex -14.5 28.5 -1.5
      vertex -16.5 26.5 -1.5
      vertex -14.696 28.4904 -1.5
    endloop
  endfacet
  facet normal 0 0 -1
    outer loop
      vertex -16.5 -26.5 -1.5
      vertex -15.0806 -28.4139 -1.5
      vertex -15.2654 -28.3478 -1.5
    endloop
  endfacet
  facet normal 0 0 -1
    outer loop
      vertex -14.696 28.4904 -1.5
      vertex -16.5 26.5 -1.5
      vertex -14.8902 28.4616 -1.5
    endloop
  endfacet
  facet normal 0 0 -1
    outer loop
      vertex -16.5 -26.5 -1.5
      vertex -15.2654 -28.3478 -1.5
      vertex -15.4428 -28.2638 -1.5
    endloop
  endfacet
  facet normal 0 0 -1
    outer loop
      vertex -14.8902 28.4616 -1.5
      vertex -16.5 26.5 -1.5
      vertex -15.0806 28.4139 -1.5
    endloop
  endfacet
  facet normal 0 0 -1
    outer loop
      vertex -16.5 -26.5 -1.5
      vertex -15.4428 -28.2638 -1.5
      vertex -15.6111 -28.1629 -1.5
    endloop
  endfacet
  facet normal 0 0 -1
    outer loop
      vertex -15.0806 28.4139 -1.5
      vertex -16.5 26.5 -1.5
      vertex -15.2654 28.3478 -1.5
    endloop
  endfacet
  facet normal 0 0 -1
    outer loop
      vertex -16.5 -26.5 -1.5
      vertex -15.6111 -28.1629 -1.5
      vertex -15.7688 -28.046 -1.5
    endloop
  endfacet
  facet normal 0 0 -1
    outer loop
      vertex -15.2654 28.3478 -1.5
      vertex -16.5 26.5 -1.5
      vertex -15.4428 28.2638 -1.5
    endloop
  endfacet
  facet normal 0 0 -1
    outer loop
      vertex -16.5 -26.5 -1.5
      vertex -15.7688 -28.046 -1.5
      vertex -15.9142 -27.9142 -1.5
    endloop
  endfacet
  facet normal 0 0 -1
    outer loop
      vertex -15.4428 28.2638 -1.5
      vertex -16.5 26.5 -1.5
      vertex -15.6111 28.1629 -1.5
    endloop
  endfacet
  facet normal 0 0 -1
    outer loop
      vertex -16.5 -26.5 -1.5
      vertex -15.9142 -27.9142 -1.5
      vertex -16.046 -27.7688 -1.5
    endloop
  endfacet
  facet normal 0 0 -1
    outer loop
      vertex -15.6111 28.1629 -1.5
      vertex -16.5 26.5 -1.5
      vertex -15.7688 28.046 -1.5
    endloop
  endfacet
  facet normal 0 0 -1
    outer loop
      vertex -16.5 -26.5 -1.5
      vertex -16.046 -27.7688 -1.5
      vertex -16.1629 -27.6111 -1.5
    endloop
  endfacet
  facet normal 0 0 -1
    outer loop
      vertex -15.7688 28.046 -1.5
      vertex -16.5 26.5 -1.5
      vertex -15.9142 27.9142 -1.5
    endloop
  endfacet
  facet normal 0 0 -1
    outer loop
      vertex -16.5 -26.5 -1.5
      vertex -16.1629 -27.6111 -1.5
      vertex -16.2638 -27.4428 -1.5
    endloop
  endfacet
  facet normal 0 0 -1
    outer loop
      vertex -15.9142 27.9142 -1.5
      vertex -16.5 26.5 -1.5
      vertex -16.046 27.7688 -1.5
    endloop
  endfacet
  facet normal 0 0 -1
    outer loop
      vertex -16.5 -26.5 -1.5
      vertex -16.2638 -27.4428 -1.5
      vertex -16.3478 -27.2654 -1.5
    endloop
  endfacet
  facet normal 0 0 -1
    outer loop
      vertex -16.046 27.7688 -1.5
      vertex -16.5 26.5 -1.5
      vertex -16.1629 27.6111 -1.5
    endloop
  endfacet
  facet normal 0 0 -1
    outer loop
      vertex -16.5 -26.5 -1.5
      vertex -16.3478 -27.2654 -1.5
      vertex -16.4139 -27.0806 -1.5
    endloop
  endfacet
  facet normal 0 0 -1
    outer loop
      vertex -16.1629 27.6111 -1.5
      vertex -16.5 26.5 -1.5
      vertex -16.2638 27.4428 -1.5
    endloop
  endfacet
  facet normal 0 0 -1
    outer loop
      vertex -16.5 -26.5 -1.5
      vertex -16.4139 -27.0806 -1.5
      vertex -16.4616 -26.8902 -1.5
    endloop
  endfacet
  facet normal 0 0 -1
    outer loop
      vertex -16.2638 27.4428 -1.5
      vertex -16.5 26.5 -1.5
      vertex -16.3478 27.2654 -1.5
    endloop
  endfacet
  facet normal 0 0 -1
    outer loop
      vertex -16.5 -26.5 -1.5
      vertex -16.4616 -26.8902 -1.5
      vertex -16.4904 -26.696 -1.5
    endloop
  endfacet
  facet normal 0 0 -1
    outer loop
      vertex -16.3478 27.2654 -1.5
      vertex -16.5 26.5 -1.5
      vertex -16.4139 27.0806 -1.5
    endloop
  endfacet
  facet normal 0 0 -1
    outer loop
      vertex -16.4139 27.0806 -1.5
      vertex -16.5 26.5 -1.5
      vertex -16.4616 26.8902 -1.5
    endloop
  endfacet
  facet normal 0 0 -1
    outer loop
      vertex -16.4616 26.8902 -1.5
      vertex -16.5 26.5 -1.5
      vertex -16.4904 26.696 -1.5
    endloop
  endfacet
  facet normal -0.427955 -0.9038 0
    outer loop
      vertex -15.4428 -28.2638 -1.5
      vertex -15.2654 -28.3478 1.5
      vertex -15.4428 -28.2638 1.5
    endloop
  endfacet
  facet normal -0.427955 -0.9038 -0
    outer loop
      vertex -15.2654 -28.3478 1.5
      vertex -15.4428 -28.2638 -1.5
      vertex -15.2654 -28.3478 -1.5
    endloop
  endfacet
  facet normal -0.857673 0.514196 0
    outer loop
      vertex -16.2638 27.4428 -1.5
      vertex -16.1629 27.6111 1.5
      vertex -16.1629 27.6111 -1.5
    endloop
  endfacet
  facet normal -0.857673 0.514196 0
    outer loop
      vertex -16.1629 27.6111 1.5
      vertex -16.2638 27.4428 -1.5
      vertex -16.2638 27.4428 1.5
    endloop
  endfacet
  facet normal 0.970023 0.243015 0
    outer loop
      vertex 16.4616 26.8902 1.5
      vertex 16.4139 27.0806 -1.5
      vertex 16.4139 27.0806 1.5
    endloop
  endfacet
  facet normal 0.970023 0.243015 0
    outer loop
      vertex 16.4139 27.0806 -1.5
      vertex 16.4616 26.8902 1.5
      vertex 16.4616 26.8902 -1.5
    endloop
  endfacet
  facet normal -0.0489209 0.998803 0
    outer loop
      vertex -14.5 28.5 -1.5
      vertex -14.696 28.4904 1.5
      vertex -14.5 28.5 1.5
    endloop
  endfacet
  facet normal -0.0489209 0.998803 0
    outer loop
      vertex -14.696 28.4904 1.5
      vertex -14.5 28.5 -1.5
      vertex -14.696 28.4904 -1.5
    endloop
  endfacet
  facet normal 0.0489209 0.998803 -0
    outer loop
      vertex 14.696 28.4904 -1.5
      vertex 14.5 28.5 1.5
      vertex 14.696 28.4904 1.5
    endloop
  endfacet
  facet normal 0.0489209 0.998803 0
    outer loop
      vertex 14.5 28.5 1.5
      vertex 14.696 28.4904 -1.5
      vertex 14.5 28.5 -1.5
    endloop
  endfacet
  facet normal 0.998803 0.0489209 0
    outer loop
      vertex 16.5 26.5 1.5
      vertex 16.4904 26.696 -1.5
      vertex 16.4904 26.696 1.5
    endloop
  endfacet
  facet normal 0.998803 0.0489209 0
    outer loop
      vertex 16.4904 26.696 -1.5
      vertex 16.5 26.5 1.5
      vertex 16.5 26.5 -1.5
    endloop
  endfacet
  facet normal -0.970023 0.243015 0
    outer loop
      vertex -16.4616 26.8902 -1.5
      vertex -16.4139 27.0806 1.5
      vertex -16.4139 27.0806 -1.5
    endloop
  endfacet
  facet normal -0.970023 0.243015 0
    outer loop
      vertex -16.4139 27.0806 1.5
      vertex -16.4616 26.8902 -1.5
      vertex -16.4616 26.8902 1.5
    endloop
  endfacet
  facet normal 0.740908 0.671607 0
    outer loop
      vertex 16.046 27.7688 1.5
      vertex 15.9142 27.9142 -1.5
      vertex 15.9142 27.9142 1.5
    endloop
  endfacet
  facet normal 0.740908 0.671607 0
    outer loop
      vertex 15.9142 27.9142 -1.5
      vertex 16.046 27.7688 1.5
      vertex 16.046 27.7688 -1.5
    endloop
  endfacet
  facet normal 0.998803 -0.0489209 0
    outer loop
      vertex 16.4904 -26.696 1.5
      vertex 16.5 -26.5 -1.5
      vertex 16.5 -26.5 1.5
    endloop
  endfacet
  facet normal 0.998803 -0.0489209 0
    outer loop
      vertex 16.5 -26.5 -1.5
      vertex 16.4904 -26.696 1.5
      vertex 16.4904 -26.696 -1.5
    endloop
  endfacet
  facet normal 1 -0 0
    outer loop
      vertex 16.5 -26.5 1.5
      vertex 16.5 26.5 -1.5
      vertex 16.5 26.5 1.5
    endloop
  endfacet
  facet normal 1 0 0
    outer loop
      vertex 16.5 26.5 -1.5
      vertex 16.5 -26.5 1.5
      vertex 16.5 -26.5 -1.5
    endloop
  endfacet
  facet normal -0.0489209 -0.998803 0
    outer loop
      vertex -14.696 -28.4904 -1.5
      vertex -14.5 -28.5 1.5
      vertex -14.696 -28.4904 1.5
    endloop
  endfacet
  facet normal -0.0489209 -0.998803 -0
    outer loop
      vertex -14.5 -28.5 1.5
      vertex -14.696 -28.4904 -1.5
      vertex -14.5 -28.5 -1.5
    endloop
  endfacet
  facet normal -0.336788 -0.94158 0
    outer loop
      vertex -15.2654 -28.3478 -1.5
      vertex -15.0806 -28.4139 1.5
      vertex -15.2654 -28.3478 1.5
    endloop
  endfacet
  facet normal -0.336788 -0.94158 -0
    outer loop
      vertex -15.0806 -28.4139 1.5
      vertex -15.2654 -28.3478 -1.5
      vertex -15.0806 -28.4139 -1.5
    endloop
  endfacet
  facet normal 0.80335 0.595508 0
    outer loop
      vertex 16.1629 27.6111 1.5
      vertex 16.046 27.7688 -1.5
      vertex 16.046 27.7688 1.5
    endloop
  endfacet
  facet normal 0.80335 0.595508 0
    outer loop
      vertex 16.046 27.7688 -1.5
      vertex 16.1629 27.6111 1.5
      vertex 16.1629 27.6111 -1.5
    endloop
  endfacet
  facet normal -0.671607 0.740908 0
    outer loop
      vertex -15.7688 28.046 -1.5
      vertex -15.9142 27.9142 1.5
      vertex -15.7688 28.046 1.5
    endloop
  endfacet
  facet normal -0.671607 0.740908 0
    outer loop
      vertex -15.9142 27.9142 1.5
      vertex -15.7688 28.046 -1.5
      vertex -15.9142 27.9142 -1.5
    endloop
  endfacet
  facet normal 0.989182 0.146696 0
    outer loop
      vertex 16.4904 26.696 1.5
      vertex 16.4616 26.8902 -1.5
      vertex 16.4616 26.8902 1.5
    endloop
  endfacet
  facet normal 0.989182 0.146696 0
    outer loop
      vertex 16.4616 26.8902 -1.5
      vertex 16.4904 26.696 1.5
      vertex 16.4904 26.696 -1.5
    endloop
  endfacet
  facet normal 0.857673 0.514196 0
    outer loop
      vertex 16.2638 27.4428 1.5
      vertex 16.1629 27.6111 -1.5
      vertex 16.1629 27.6111 1.5
    endloop
  endfacet
  facet normal 0.857673 0.514196 0
    outer loop
      vertex 16.1629 27.6111 -1.5
      vertex 16.2638 27.4428 1.5
      vertex 16.2638 27.4428 -1.5
    endloop
  endfacet
  facet normal 0.94158 0.336788 0
    outer loop
      vertex 16.4139 27.0806 1.5
      vertex 16.3478 27.2654 -1.5
      vertex 16.3478 27.2654 1.5
    endloop
  endfacet
  facet normal 0.94158 0.336788 0
    outer loop
      vertex 16.3478 27.2654 -1.5
      vertex 16.4139 27.0806 1.5
      vertex 16.4139 27.0806 -1.5
    endloop
  endfacet
  facet normal 0.514196 -0.857673 0
    outer loop
      vertex 15.4428 -28.2638 -1.5
      vertex 15.6111 -28.1629 1.5
      vertex 15.4428 -28.2638 1.5
    endloop
  endfacet
  facet normal 0.514196 -0.857673 0
    outer loop
      vertex 15.6111 -28.1629 1.5
      vertex 15.4428 -28.2638 -1.5
      vertex 15.6111 -28.1629 -1.5
    endloop
  endfacet
  facet normal -0.989182 0.146696 0
    outer loop
      vertex -16.4904 26.696 -1.5
      vertex -16.4616 26.8902 1.5
      vertex -16.4616 26.8902 -1.5
    endloop
  endfacet
  facet normal -0.989182 0.146696 0
    outer loop
      vertex -16.4616 26.8902 1.5
      vertex -16.4904 26.696 -1.5
      vertex -16.4904 26.696 1.5
    endloop
  endfacet
  facet normal -0.80335 -0.595508 0
    outer loop
      vertex -16.046 -27.7688 -1.5
      vertex -16.1629 -27.6111 1.5
      vertex -16.1629 -27.6111 -1.5
    endloop
  endfacet
  facet normal -0.80335 -0.595508 0
    outer loop
      vertex -16.1629 -27.6111 1.5
      vertex -16.046 -27.7688 -1.5
      vertex -16.046 -27.7688 1.5
    endloop
  endfacet
  facet normal -0.998803 -0.0489209 0
    outer loop
      vertex -16.4904 -26.696 -1.5
      vertex -16.5 -26.5 1.5
      vertex -16.5 -26.5 -1.5
    endloop
  endfacet
  facet normal -0.998803 -0.0489209 0
    outer loop
      vertex -16.5 -26.5 1.5
      vertex -16.4904 -26.696 -1.5
      vertex -16.4904 -26.696 1.5
    endloop
  endfacet
  facet normal -0.857673 -0.514196 0
    outer loop
      vertex -16.1629 -27.6111 -1.5
      vertex -16.2638 -27.4428 1.5
      vertex -16.2638 -27.4428 -1.5
    endloop
  endfacet
  facet normal -0.857673 -0.514196 0
    outer loop
      vertex -16.2638 -27.4428 1.5
      vertex -16.1629 -27.6111 -1.5
      vertex -16.1629 -27.6111 1.5
    endloop
  endfacet
  facet normal -0.94158 0.336788 0
    outer loop
      vertex -16.4139 27.0806 -1.5
      vertex -16.3478 27.2654 1.5
      vertex -16.3478 27.2654 -1.5
    endloop
  endfacet
  facet normal -0.94158 0.336788 0
    outer loop
      vertex -16.3478 27.2654 1.5
      vertex -16.4139 27.0806 -1.5
      vertex -16.4139 27.0806 1.5
    endloop
  endfacet
  facet normal -0.989182 -0.146696 0
    outer loop
      vertex -16.4616 -26.8902 -1.5
      vertex -16.4904 -26.696 1.5
      vertex -16.4904 -26.696 -1.5
    endloop
  endfacet
  facet normal -0.989182 -0.146696 0
    outer loop
      vertex -16.4904 -26.696 1.5
      vertex -16.4616 -26.8902 -1.5
      vertex -16.4616 -26.8902 1.5
    endloop
  endfacet
  facet normal -0.595508 0.80335 0
    outer loop
      vertex -15.6111 28.1629 -1.5
      vertex -15.7688 28.046 1.5
      vertex -15.6111 28.1629 1.5
    endloop
  endfacet
  facet normal -0.595508 0.80335 0
    outer loop
      vertex -15.7688 28.046 1.5
      vertex -15.6111 28.1629 -1.5
      vertex -15.7688 28.046 -1.5
    endloop
  endfacet
  facet normal -0.9038 -0.427955 0
    outer loop
      vertex -16.2638 -27.4428 -1.5
      vertex -16.3478 -27.2654 1.5
      vertex -16.3478 -27.2654 -1.5
    endloop
  endfacet
  facet normal -0.9038 -0.427955 0
    outer loop
      vertex -16.3478 -27.2654 1.5
      vertex -16.2638 -27.4428 -1.5
      vertex -16.2638 -27.4428 1.5
    endloop
  endfacet
  facet normal 0.989182 -0.146696 0
    outer loop
      vertex 16.4616 -26.8902 1.5
      vertex 16.4904 -26.696 -1.5
      vertex 16.4904 -26.696 1.5
    endloop
  endfacet
  facet normal 0.989182 -0.146696 0
    outer loop
      vertex 16.4904 -26.696 -1.5
      vertex 16.4616 -26.8902 1.5
      vertex 16.4616 -26.8902 -1.5
    endloop
  endfacet
  facet normal 0.80335 -0.595508 0
    outer loop
      vertex 16.046 -27.7688 1.5
      vertex 16.1629 -27.6111 -1.5
      vertex 16.1629 -27.6111 1.5
    endloop
  endfacet
  facet normal 0.80335 -0.595508 0
    outer loop
      vertex 16.1629 -27.6111 -1.5
      vertex 16.046 -27.7688 1.5
      vertex 16.046 -27.7688 -1.5
    endloop
  endfacet
  facet normal -0.9038 0.427955 0
    outer loop
      vertex -16.3478 27.2654 -1.5
      vertex -16.2638 27.4428 1.5
      vertex -16.2638 27.4428 -1.5
    endloop
  endfacet
  facet normal -0.9038 0.427955 0
    outer loop
      vertex -16.2638 27.4428 1.5
      vertex -16.3478 27.2654 -1.5
      vertex -16.3478 27.2654 1.5
    endloop
  endfacet
  facet normal 0.427955 0.9038 -0
    outer loop
      vertex 15.4428 28.2638 -1.5
      vertex 15.2654 28.3478 1.5
      vertex 15.4428 28.2638 1.5
    endloop
  endfacet
  facet normal 0.427955 0.9038 0
    outer loop
      vertex 15.2654 28.3478 1.5
      vertex 15.4428 28.2638 -1.5
      vertex 15.2654 28.3478 -1.5
    endloop
  endfacet
  facet normal 0.970023 -0.243015 0
    outer loop
      vertex 16.4139 -27.0806 1.5
      vertex 16.4616 -26.8902 -1.5
      vertex 16.4616 -26.8902 1.5
    endloop
  endfacet
  facet normal 0.970023 -0.243015 0
    outer loop
      vertex 16.4616 -26.8902 -1.5
      vertex 16.4139 -27.0806 1.5
      vertex 16.4139 -27.0806 -1.5
    endloop
  endfacet
  facet normal -0.740908 -0.671607 0
    outer loop
      vertex -15.9142 -27.9142 -1.5
      vertex -16.046 -27.7688 1.5
      vertex -16.046 -27.7688 -1.5
    endloop
  endfacet
  facet normal -0.740908 -0.671607 0
    outer loop
      vertex -16.046 -27.7688 1.5
      vertex -15.9142 -27.9142 -1.5
      vertex -15.9142 -27.9142 1.5
    endloop
  endfacet
  facet normal -0.243015 -0.970023 0
    outer loop
      vertex -15.0806 -28.4139 -1.5
      vertex -14.8902 -28.4616 1.5
      vertex -15.0806 -28.4139 1.5
    endloop
  endfacet
  facet normal -0.243015 -0.970023 -0
    outer loop
      vertex -14.8902 -28.4616 1.5
      vertex -15.0806 -28.4139 -1.5
      vertex -14.8902 -28.4616 -1.5
    endloop
  endfacet
  facet normal 0.146696 0.989182 -0
    outer loop
      vertex 14.8902 28.4616 -1.5
      vertex 14.696 28.4904 1.5
      vertex 14.8902 28.4616 1.5
    endloop
  endfacet
  facet normal 0.146696 0.989182 0
    outer loop
      vertex 14.696 28.4904 1.5
      vertex 14.8902 28.4616 -1.5
      vertex 14.696 28.4904 -1.5
    endloop
  endfacet
  facet normal 0.146696 -0.989182 0
    outer loop
      vertex 14.696 -28.4904 -1.5
      vertex 14.8902 -28.4616 1.5
      vertex 14.696 -28.4904 1.5
    endloop
  endfacet
  facet normal 0.146696 -0.989182 0
    outer loop
      vertex 14.8902 -28.4616 1.5
      vertex 14.696 -28.4904 -1.5
      vertex 14.8902 -28.4616 -1.5
    endloop
  endfacet
  facet normal 0.336788 -0.94158 0
    outer loop
      vertex 15.0806 -28.4139 -1.5
      vertex 15.2654 -28.3478 1.5
      vertex 15.0806 -28.4139 1.5
    endloop
  endfacet
  facet normal 0.336788 -0.94158 0
    outer loop
      vertex 15.2654 -28.3478 1.5
      vertex 15.0806 -28.4139 -1.5
      vertex 15.2654 -28.3478 -1.5
    endloop
  endfacet
  facet normal -0.243015 0.970023 0
    outer loop
      vertex -14.8902 28.4616 -1.5
      vertex -15.0806 28.4139 1.5
      vertex -14.8902 28.4616 1.5
    endloop
  endfacet
  facet normal -0.243015 0.970023 0
    outer loop
      vertex -15.0806 28.4139 1.5
      vertex -14.8902 28.4616 -1.5
      vertex -15.0806 28.4139 -1.5
    endloop
  endfacet
  facet normal 0.671607 -0.740908 0
    outer loop
      vertex 15.7688 -28.046 -1.5
      vertex 15.9142 -27.9142 1.5
      vertex 15.7688 -28.046 1.5
    endloop
  endfacet
  facet normal 0.671607 -0.740908 0
    outer loop
      vertex 15.9142 -27.9142 1.5
      vertex 15.7688 -28.046 -1.5
      vertex 15.9142 -27.9142 -1.5
    endloop
  endfacet
  facet normal 0.427955 -0.9038 0
    outer loop
      vertex 15.2654 -28.3478 -1.5
      vertex 15.4428 -28.2638 1.5
      vertex 15.2654 -28.3478 1.5
    endloop
  endfacet
  facet normal 0.427955 -0.9038 0
    outer loop
      vertex 15.4428 -28.2638 1.5
      vertex 15.2654 -28.3478 -1.5
      vertex 15.4428 -28.2638 -1.5
    endloop
  endfacet
  facet normal 0 0 1
    outer loop
      vertex 14.5 28.5 1.5
      vertex 16.5 26.5 1.5
      vertex 16.4904 26.696 1.5
    endloop
  endfacet
  facet normal 0 0 1
    outer loop
      vertex 16.5 26.5 1.5
      vertex 13.5 21.8 1.5
      vertex 16.5 -26.5 1.5
    endloop
  endfacet
  facet normal 0 0 1
    outer loop
      vertex 14.5 28.5 1.5
      vertex 16.4904 26.696 1.5
      vertex 16.4616 26.8902 1.5
    endloop
  endfacet
  facet normal -0 0 1
    outer loop
      vertex 13.5 -21.8 1.5
      vertex 16.5 -26.5 1.5
      vertex 13.5 21.8 1.5
    endloop
  endfacet
  facet normal 0 0 1
    outer loop
      vertex 14.5 28.5 1.5
      vertex 16.4616 26.8902 1.5
      vertex 16.4139 27.0806 1.5
    endloop
  endfacet
  facet normal -0 0 1
    outer loop
      vertex 13.4923 -21.9568 1.5
      vertex 16.5 -26.5 1.5
      vertex 13.5 -21.8 1.5
    endloop
  endfacet
  facet normal 0 0 1
    outer loop
      vertex 14.5 28.5 1.5
      vertex 16.4139 27.0806 1.5
      vertex 16.3478 27.2654 1.5
    endloop
  endfacet
  facet normal -0 0 1
    outer loop
      vertex 13.4693 -22.1121 1.5
      vertex 16.5 -26.5 1.5
      vertex 13.4923 -21.9568 1.5
    endloop
  endfacet
  facet normal 0 0 1
    outer loop
      vertex 14.5 28.5 1.5
      vertex 16.3478 27.2654 1.5
      vertex 16.2638 27.4428 1.5
    endloop
  endfacet
  facet normal -0 0 1
    outer loop
      vertex 13.4311 -22.2645 1.5
      vertex 16.5 -26.5 1.5
      vertex 13.4693 -22.1121 1.5
    endloop
  endfacet
  facet normal 0 0 1
    outer loop
      vertex 14.5 28.5 1.5
      vertex 16.2638 27.4428 1.5
      vertex 16.1629 27.6111 1.5
    endloop
  endfacet
  facet normal -0 0 1
    outer loop
      vertex 13.3782 -22.4123 1.5
      vertex 16.5 -26.5 1.5
      vertex 13.4311 -22.2645 1.5
    endloop
  endfacet
  facet normal 0 0 1
    outer loop
      vertex 14.5 28.5 1.5
      vertex 16.1629 27.6111 1.5
      vertex 16.046 27.7688 1.5
    endloop
  endfacet
  facet normal -0 0 1
    outer loop
      vertex 13.3111 -22.5542 1.5
      vertex 16.5 -26.5 1.5
      vertex 13.3782 -22.4123 1.5
    endloop
  endfacet
  facet normal 0 0 1
    outer loop
      vertex 14.5 28.5 1.5
      vertex 16.046 27.7688 1.5
      vertex 15.9142 27.9142 1.5
    endloop
  endfacet
  facet normal -0 0 1
    outer loop
      vertex 13.2303 -22.6889 1.5
      vertex 16.5 -26.5 1.5
      vertex 13.3111 -22.5542 1.5
    endloop
  endfacet
  facet normal 0 0 1
    outer loop
      vertex 14.5 28.5 1.5
      vertex 15.9142 27.9142 1.5
      vertex 15.7688 28.046 1.5
    endloop
  endfacet
  facet normal -0 0 1
    outer loop
      vertex 13.1368 -22.815 1.5
      vertex 16.5 -26.5 1.5
      vertex 13.2303 -22.6889 1.5
    endloop
  endfacet
  facet normal 0 0 1
    outer loop
      vertex 14.5 28.5 1.5
      vertex 15.7688 28.046 1.5
      vertex 15.6111 28.1629 1.5
    endloop
  endfacet
  facet normal -0 0 1
    outer loop
      vertex 13.0314 -22.9314 1.5
      vertex 16.5 -26.5 1.5
      vertex 13.1368 -22.815 1.5
    endloop
  endfacet
  facet normal 0 0 1
    outer loop
      vertex 14.5 28.5 1.5
      vertex 15.6111 28.1629 1.5
      vertex 15.4428 28.2638 1.5
    endloop
  endfacet
  facet normal -0 0 1
    outer loop
      vertex 12.915 -23.0368 1.5
      vertex 16.5 -26.5 1.5
      vertex 13.0314 -22.9314 1.5
    endloop
  endfacet
  facet normal 0 0 1
    outer loop
      vertex 14.5 28.5 1.5
      vertex 15.4428 28.2638 1.5
      vertex 15.2654 28.3478 1.5
    endloop
  endfacet
  facet normal -0 0 1
    outer loop
      vertex 12.7889 -23.1303 1.5
      vertex 16.5 -26.5 1.5
      vertex 12.915 -23.0368 1.5
    endloop
  endfacet
  facet normal 0 0 1
    outer loop
      vertex 14.5 28.5 1.5
      vertex 15.2654 28.3478 1.5
      vertex 15.0806 28.4139 1.5
    endloop
  endfacet
  facet normal -0 0 1
    outer loop
      vertex 12.6542 -23.2111 1.5
      vertex 16.5 -26.5 1.5
      vertex 12.7889 -23.1303 1.5
    endloop
  endfacet
  facet normal 0 0 1
    outer loop
      vertex 14.5 28.5 1.5
      vertex 15.0806 28.4139 1.5
      vertex 14.8902 28.4616 1.5
    endloop
  endfacet
  facet normal 0 -0 1
    outer loop
      vertex 14.5 -28.5 1.5
      vertex 16.5 -26.5 1.5
      vertex 12.6542 -23.2111 1.5
    endloop
  endfacet
  facet normal 0 0 1
    outer loop
      vertex 14.5 28.5 1.5
      vertex 14.8902 28.4616 1.5
      vertex 14.696 28.4904 1.5
    endloop
  endfacet
  facet normal 0 0 1
    outer loop
      vertex 16.5 -26.5 1.5
      vertex 14.5 -28.5 1.5
      vertex 16.4904 -26.696 1.5
    endloop
  endfacet
  facet normal 0 0 1
    outer loop
      vertex 16.5 26.5 1.5
      vertex 14.5 28.5 1.5
      vertex 12.6542 23.2111 1.5
    endloop
  endfacet
  facet normal 0 0 1
    outer loop
      vertex 16.4904 -26.696 1.5
      vertex 14.5 -28.5 1.5
      vertex 16.4616 -26.8902 1.5
    endloop
  endfacet
  facet normal 0 0 1
    outer loop
      vertex 16.4616 -26.8902 1.5
      vertex 14.5 -28.5 1.5
      vertex 16.4139 -27.0806 1.5
    endloop
  endfacet
  facet normal 0 0 1
    outer loop
      vertex 16.5 26.5 1.5
      vertex 13.4923 21.9568 1.5
      vertex 13.5 21.8 1.5
    endloop
  endfacet
  facet normal 0 0 1
    outer loop
      vertex 16.5 26.5 1.5
      vertex 13.4693 22.1121 1.5
      vertex 13.4923 21.9568 1.5
    endloop
  endfacet
  facet normal 0 0 1
    outer loop
      vertex 16.5 26.5 1.5
      vertex 13.4311 22.2645 1.5
      vertex 13.4693 22.1121 1.5
    endloop
  endfacet
  facet normal 0 0 1
    outer loop
      vertex 16.5 26.5 1.5
      vertex 13.3782 22.4123 1.5
      vertex 13.4311 22.2645 1.5
    endloop
  endfacet
  facet normal 0 0 1
    outer loop
      vertex 16.5 26.5 1.5
      vertex 13.3111 22.5542 1.5
      vertex 13.3782 22.4123 1.5
    endloop
  endfacet
  facet normal 0 0 1
    outer loop
      vertex 16.5 26.5 1.5
      vertex 13.2303 22.6889 1.5
      vertex 13.3111 22.5542 1.5
    endloop
  endfacet
  facet normal 0 0 1
    outer loop
      vertex 16.5 26.5 1.5
      vertex 13.1368 22.815 1.5
      vertex 13.2303 22.6889 1.5
    endloop
  endfacet
  facet normal 0 0 1
    outer loop
      vertex 16.5 26.5 1.5
      vertex 13.0314 22.9314 1.5
      vertex 13.1368 22.815 1.5
    endloop
  endfacet
  facet normal 0 0 1
    outer loop
      vertex 16.5 26.5 1.5
      vertex 12.915 23.0368 1.5
      vertex 13.0314 22.9314 1.5
    endloop
  endfacet
  facet normal 0 0 1
    outer loop
      vertex 16.5 26.5 1.5
      vertex 12.7889 23.1303 1.5
      vertex 12.915 23.0368 1.5
    endloop
  endfacet
  facet normal 0 0 1
    outer loop
      vertex 16.5 26.5 1.5
      vertex 12.6542 23.2111 1.5
      vertex 12.7889 23.1303 1.5
    endloop
  endfacet
  facet normal 0 0 1
    outer loop
      vertex 14.5 28.5 1.5
      vertex 12.5123 23.2782 1.5
      vertex 12.6542 23.2111 1.5
    endloop
  endfacet
  facet normal 0 0 1
    outer loop
      vertex 14.5 28.5 1.5
      vertex 12.3645 23.3311 1.5
      vertex 12.5123 23.2782 1.5
    endloop
  endfacet
  facet normal 0 0 1
    outer loop
      vertex 14.5 28.5 1.5
      vertex 12.2121 23.3692 1.5
      vertex 12.3645 23.3311 1.5
    endloop
  endfacet
  facet normal 0 0 1
    outer loop
      vertex 14.5 28.5 1.5
      vertex 12.0568 23.3923 1.5
      vertex 12.2121 23.3692 1.5
    endloop
  endfacet
  facet normal 0 0 1
    outer loop
      vertex 14.5 28.5 1.5
      vertex 11.9 23.4 1.5
      vertex 12.0568 23.3923 1.5
    endloop
  endfacet
  facet normal 0 0 1
    outer loop
      vertex 14.5 28.5 1.5
      vertex -11.9 23.4 1.5
      vertex 11.9 23.4 1.5
    endloop
  endfacet
  facet normal -0 0 1
    outer loop
      vertex -14.5 28.5 1.5
      vertex -11.9 23.4 1.5
      vertex 14.5 28.5 1.5
    endloop
  endfacet
  facet normal 0 0 1
    outer loop
      vertex -11.9 23.4 1.5
      vertex -14.5 28.5 1.5
      vertex -12.0568 23.3923 1.5
    endloop
  endfacet
  facet normal 0 0 1
    outer loop
      vertex -13.4923 21.9568 1.5
      vertex -16.5 26.5 1.5
      vertex -13.5 21.8 1.5
    endloop
  endfacet
  facet normal 0 0 1
    outer loop
      vertex -13.4693 22.1121 1.5
      vertex -16.5 26.5 1.5
      vertex -13.4923 21.9568 1.5
    endloop
  endfacet
  facet normal 0 0 1
    outer loop
      vertex -13.4311 22.2645 1.5
      vertex -16.5 26.5 1.5
      vertex -13.4693 22.1121 1.5
    endloop
  endfacet
  facet normal 0 0 1
    outer loop
      vertex -13.3782 22.4123 1.5
      vertex -16.5 26.5 1.5
      vertex -13.4311 22.2645 1.5
    endloop
  endfacet
  facet normal 0 0 1
    outer loop
      vertex -13.3111 22.5542 1.5
      vertex -16.5 26.5 1.5
      vertex -13.3782 22.4123 1.5
    endloop
  endfacet
  facet normal 0 0 1
    outer loop
      vertex -13.2303 22.6889 1.5
      vertex -16.5 26.5 1.5
      vertex -13.3111 22.5542 1.5
    endloop
  endfacet
  facet normal 0 0 1
    outer loop
      vertex -13.1368 22.815 1.5
      vertex -16.5 26.5 1.5
      vertex -13.2303 22.6889 1.5
    endloop
  endfacet
  facet normal 0 0 1
    outer loop
      vertex -13.0314 22.9314 1.5
      vertex -16.5 26.5 1.5
      vertex -13.1368 22.815 1.5
    endloop
  endfacet
  facet normal 0 0 1
    outer loop
      vertex -12.915 23.0368 1.5
      vertex -16.5 26.5 1.5
      vertex -13.0314 22.9314 1.5
    endloop
  endfacet
  facet normal 0 0 1
    outer loop
      vertex -12.7889 23.1303 1.5
      vertex -16.5 26.5 1.5
      vertex -12.915 23.0368 1.5
    endloop
  endfacet
  facet normal 0 0 1
    outer loop
      vertex -12.6542 23.2111 1.5
      vertex -16.5 26.5 1.5
      vertex -12.7889 23.1303 1.5
    endloop
  endfacet
  facet normal -0 0 1
    outer loop
      vertex -16.5 26.5 1.5
      vertex -12.6542 23.2111 1.5
      vertex -14.5 28.5 1.5
    endloop
  endfacet
  facet normal 0 0 1
    outer loop
      vertex -12.5123 23.2782 1.5
      vertex -14.5 28.5 1.5
      vertex -12.6542 23.2111 1.5
    endloop
  endfacet
  facet normal 0 0 1
    outer loop
      vertex -12.3645 23.3311 1.5
      vertex -14.5 28.5 1.5
      vertex -12.5123 23.2782 1.5
    endloop
  endfacet
  facet normal 0 0 1
    outer loop
      vertex -12.2121 23.3692 1.5
      vertex -14.5 28.5 1.5
      vertex -12.3645 23.3311 1.5
    endloop
  endfacet
  facet normal 0 0 1
    outer loop
      vertex -12.0568 23.3923 1.5
      vertex -14.5 28.5 1.5
      vertex -12.2121 23.3692 1.5
    endloop
  endfacet
  facet normal 0 0 1
    outer loop
      vertex 16.4139 -27.0806 1.5
      vertex 14.5 -28.5 1.5
      vertex 16.3478 -27.2654 1.5
    endloop
  endfacet
  facet normal 0 0 1
    outer loop
      vertex 16.3478 -27.2654 1.5
      vertex 14.5 -28.5 1.5
      vertex 16.2638 -27.4428 1.5
    endloop
  endfacet
  facet normal 0 0 1
    outer loop
      vertex 16.2638 -27.4428 1.5
      vertex 14.5 -28.5 1.5
      vertex 16.1629 -27.6111 1.5
    endloop
  endfacet
  facet normal 0 0 1
    outer loop
      vertex 16.1629 -27.6111 1.5
      vertex 14.5 -28.5 1.5
      vertex 16.046 -27.7688 1.5
    endloop
  endfacet
  facet normal 0 0 1
    outer loop
      vertex 15.9142 -27.9142 1.5
      vertex 14.5 -28.5 1.5
      vertex 15.7688 -28.046 1.5
    endloop
  endfacet
  facet normal 0 0 1
    outer loop
      vertex 15.7688 -28.046 1.5
      vertex 14.5 -28.5 1.5
      vertex 15.6111 -28.1629 1.5
    endloop
  endfacet
  facet normal 0 0 1
    outer loop
      vertex 15.6111 -28.1629 1.5
      vertex 14.5 -28.5 1.5
      vertex 15.4428 -28.2638 1.5
    endloop
  endfacet
  facet normal 0 0 1
    outer loop
      vertex 15.4428 -28.2638 1.5
      vertex 14.5 -28.5 1.5
      vertex 15.2654 -28.3478 1.5
    endloop
  endfacet
  facet normal 0 0 1
    outer loop
      vertex 15.2654 -28.3478 1.5
      vertex 14.5 -28.5 1.5
      vertex 15.0806 -28.4139 1.5
    endloop
  endfacet
  facet normal 0 0 1
    outer loop
      vertex 15.0806 -28.4139 1.5
      vertex 14.5 -28.5 1.5
      vertex 14.8902 -28.4616 1.5
    endloop
  endfacet
  facet normal 0 0 1
    outer loop
      vertex 14.8902 -28.4616 1.5
      vertex 14.5 -28.5 1.5
      vertex 14.696 -28.4904 1.5
    endloop
  endfacet
  facet normal 0 0 1
    outer loop
      vertex 16.046 -27.7688 1.5
      vertex 14.5 -28.5 1.5
      vertex 15.9142 -27.9142 1.5
    endloop
  endfacet
  facet normal -0 0 1
    outer loop
      vertex 12.5123 -23.2782 1.5
      vertex 14.5 -28.5 1.5
      vertex 12.6542 -23.2111 1.5
    endloop
  endfacet
  facet normal -0 0 1
    outer loop
      vertex 12.3645 -23.3311 1.5
      vertex 14.5 -28.5 1.5
      vertex 12.5123 -23.2782 1.5
    endloop
  endfacet
  facet normal -0 0 1
    outer loop
      vertex 12.2121 -23.3692 1.5
      vertex 14.5 -28.5 1.5
      vertex 12.3645 -23.3311 1.5
    endloop
  endfacet
  facet normal -0 0 1
    outer loop
      vertex 12.0568 -23.3923 1.5
      vertex 14.5 -28.5 1.5
      vertex 12.2121 -23.3692 1.5
    endloop
  endfacet
  facet normal -0 0 1
    outer loop
      vertex 11.9 -23.4 1.5
      vertex 14.5 -28.5 1.5
      vertex 12.0568 -23.3923 1.5
    endloop
  endfacet
  facet normal -0 0 1
    outer loop
      vertex -11.9 -23.4 1.5
      vertex 14.5 -28.5 1.5
      vertex 11.9 -23.4 1.5
    endloop
  endfacet
  facet normal 0 0 1
    outer loop
      vertex -14.5 -28.5 1.5
      vertex -11.9 -23.4 1.5
      vertex -12.0568 -23.3923 1.5
    endloop
  endfacet
  facet normal 0 0 1
    outer loop
      vertex -14.5 -28.5 1.5
      vertex -12.0568 -23.3923 1.5
      vertex -12.2121 -23.3692 1.5
    endloop
  endfacet
  facet normal 0 0 1
    outer loop
      vertex -11.9 -23.4 1.5
      vertex -14.5 -28.5 1.5
      vertex 14.5 -28.5 1.5
    endloop
  endfacet
  facet normal 0 0 1
    outer loop
      vertex -12.3645 -23.3311 1.5
      vertex -14.5 -28.5 1.5
      vertex -12.2121 -23.3692 1.5
    endloop
  endfacet
  facet normal 0 0 1
    outer loop
      vertex -12.5123 -23.2782 1.5
      vertex -14.5 -28.5 1.5
      vertex -12.3645 -23.3311 1.5
    endloop
  endfacet
  facet normal 0 0 1
    outer loop
      vertex -12.6542 -23.2111 1.5
      vertex -14.5 -28.5 1.5
      vertex -12.5123 -23.2782 1.5
    endloop
  endfacet
  facet normal 0 0 1
    outer loop
      vertex -16.5 -26.5 1.5
      vertex -12.6542 -23.2111 1.5
      vertex -12.7889 -23.1303 1.5
    endloop
  endfacet
  facet normal 0 0 1
    outer loop
      vertex -16.5 -26.5 1.5
      vertex -12.7889 -23.1303 1.5
      vertex -12.915 -23.0368 1.5
    endloop
  endfacet
  facet normal 0 0 1
    outer loop
      vertex -16.5 -26.5 1.5
      vertex -12.915 -23.0368 1.5
      vertex -13.0314 -22.9314 1.5
    endloop
  endfacet
  facet normal 0 0 1
    outer loop
      vertex -16.5 -26.5 1.5
      vertex -13.0314 -22.9314 1.5
      vertex -13.1368 -22.815 1.5
    endloop
  endfacet
  facet normal 0 0 1
    outer loop
      vertex -16.5 -26.5 1.5
      vertex -13.1368 -22.815 1.5
      vertex -13.2303 -22.6889 1.5
    endloop
  endfacet
  facet normal 0 0 1
    outer loop
      vertex -16.5 -26.5 1.5
      vertex -13.2303 -22.6889 1.5
      vertex -13.3111 -22.5542 1.5
    endloop
  endfacet
  facet normal 0 0 1
    outer loop
      vertex -16.5 -26.5 1.5
      vertex -13.3111 -22.5542 1.5
      vertex -13.3782 -22.4123 1.5
    endloop
  endfacet
  facet normal 0 0 1
    outer loop
      vertex -16.5 -26.5 1.5
      vertex -13.3782 -22.4123 1.5
      vertex -13.4311 -22.2645 1.5
    endloop
  endfacet
  facet normal 0 0 1
    outer loop
      vertex -16.5 -26.5 1.5
      vertex -13.4311 -22.2645 1.5
      vertex -13.4693 -22.1121 1.5
    endloop
  endfacet
  facet normal 0 0 1
    outer loop
      vertex -16.5 -26.5 1.5
      vertex -13.4693 -22.1121 1.5
      vertex -13.4923 -21.9568 1.5
    endloop
  endfacet
  facet normal 0 0 1
    outer loop
      vertex -16.5 -26.5 1.5
      vertex -13.4923 -21.9568 1.5
      vertex -13.5 -21.8 1.5
    endloop
  endfacet
  facet normal 0 0 1
    outer loop
      vertex -13.5 21.8 1.5
      vertex -16.5 26.5 1.5
      vertex -13.5 -21.8 1.5
    endloop
  endfacet
  facet normal 0 0 1
    outer loop
      vertex -16.5 26.5 1.5
      vertex -14.5 28.5 1.5
      vertex -14.696 28.4904 1.5
    endloop
  endfacet
  facet normal 0 0 1
    outer loop
      vertex -16.5 -26.5 1.5
      vertex -13.5 -21.8 1.5
      vertex -16.5 26.5 1.5
    endloop
  endfacet
  facet normal 0 0 1
    outer loop
      vertex -16.5 26.5 1.5
      vertex -14.696 28.4904 1.5
      vertex -14.8902 28.4616 1.5
    endloop
  endfacet
  facet normal 0 0 1
    outer loop
      vertex -12.6542 -23.2111 1.5
      vertex -16.5 -26.5 1.5
      vertex -14.5 -28.5 1.5
    endloop
  endfacet
  facet normal 0 0 1
    outer loop
      vertex -16.5 26.5 1.5
      vertex -14.8902 28.4616 1.5
      vertex -15.0806 28.4139 1.5
    endloop
  endfacet
  facet normal 0 0 1
    outer loop
      vertex -14.5 -28.5 1.5
      vertex -16.5 -26.5 1.5
      vertex -14.696 -28.4904 1.5
    endloop
  endfacet
  facet normal 0 0 1
    outer loop
      vertex -16.5 26.5 1.5
      vertex -15.0806 28.4139 1.5
      vertex -15.2654 28.3478 1.5
    endloop
  endfacet
  facet normal 0 0 1
    outer loop
      vertex -14.696 -28.4904 1.5
      vertex -16.5 -26.5 1.5
      vertex -14.8902 -28.4616 1.5
    endloop
  endfacet
  facet normal 0 0 1
    outer loop
      vertex -16.5 26.5 1.5
      vertex -15.2654 28.3478 1.5
      vertex -15.4428 28.2638 1.5
    endloop
  endfacet
  facet normal 0 0 1
    outer loop
      vertex -14.8902 -28.4616 1.5
      vertex -16.5 -26.5 1.5
      vertex -15.0806 -28.4139 1.5
    endloop
  endfacet
  facet normal 0 0 1
    outer loop
      vertex -16.5 26.5 1.5
      vertex -15.4428 28.2638 1.5
      vertex -15.6111 28.1629 1.5
    endloop
  endfacet
  facet normal 0 0 1
    outer loop
      vertex -15.0806 -28.4139 1.5
      vertex -16.5 -26.5 1.5
      vertex -15.2654 -28.3478 1.5
    endloop
  endfacet
  facet normal 0 0 1
    outer loop
      vertex -16.5 26.5 1.5
      vertex -15.6111 28.1629 1.5
      vertex -15.7688 28.046 1.5
    endloop
  endfacet
  facet normal 0 0 1
    outer loop
      vertex -15.2654 -28.3478 1.5
      vertex -16.5 -26.5 1.5
      vertex -15.4428 -28.2638 1.5
    endloop
  endfacet
  facet normal 0 0 1
    outer loop
      vertex -16.5 26.5 1.5
      vertex -15.7688 28.046 1.5
      vertex -15.9142 27.9142 1.5
    endloop
  endfacet
  facet normal 0 0 1
    outer loop
      vertex -15.4428 -28.2638 1.5
      vertex -16.5 -26.5 1.5
      vertex -15.6111 -28.1629 1.5
    endloop
  endfacet
  facet normal 0 0 1
    outer loop
      vertex -16.5 26.5 1.5
      vertex -15.9142 27.9142 1.5
      vertex -16.046 27.7688 1.5
    endloop
  endfacet
  facet normal 0 0 1
    outer loop
      vertex -15.6111 -28.1629 1.5
      vertex -16.5 -26.5 1.5
      vertex -15.7688 -28.046 1.5
    endloop
  endfacet
  facet normal 0 0 1
    outer loop
      vertex -16.5 26.5 1.5
      vertex -16.046 27.7688 1.5
      vertex -16.1629 27.6111 1.5
    endloop
  endfacet
  facet normal 0 0 1
    outer loop
      vertex -15.7688 -28.046 1.5
      vertex -16.5 -26.5 1.5
      vertex -15.9142 -27.9142 1.5
    endloop
  endfacet
  facet normal 0 0 1
    outer loop
      vertex -16.5 26.5 1.5
      vertex -16.1629 27.6111 1.5
      vertex -16.2638 27.4428 1.5
    endloop
  endfacet
  facet normal 0 0 1
    outer loop
      vertex -15.9142 -27.9142 1.5
      vertex -16.5 -26.5 1.5
      vertex -16.046 -27.7688 1.5
    endloop
  endfacet
  facet normal 0 0 1
    outer loop
      vertex -16.5 26.5 1.5
      vertex -16.2638 27.4428 1.5
      vertex -16.3478 27.2654 1.5
    endloop
  endfacet
  facet normal 0 0 1
    outer loop
      vertex -16.046 -27.7688 1.5
      vertex -16.5 -26.5 1.5
      vertex -16.1629 -27.6111 1.5
    endloop
  endfacet
  facet normal 0 0 1
    outer loop
      vertex -16.5 26.5 1.5
      vertex -16.3478 27.2654 1.5
      vertex -16.4139 27.0806 1.5
    endloop
  endfacet
  facet normal 0 0 1
    outer loop
      vertex -16.1629 -27.6111 1.5
      vertex -16.5 -26.5 1.5
      vertex -16.2638 -27.4428 1.5
    endloop
  endfacet
  facet normal 0 0 1
    outer loop
      vertex -16.5 26.5 1.5
      vertex -16.4139 27.0806 1.5
      vertex -16.4616 26.8902 1.5
    endloop
  endfacet
  facet normal 0 0 1
    outer loop
      vertex -16.2638 -27.4428 1.5
      vertex -16.5 -26.5 1.5
      vertex -16.3478 -27.2654 1.5
    endloop
  endfacet
  facet normal 0 0 1
    outer loop
      vertex -16.5 26.5 1.5
      vertex -16.4616 26.8902 1.5
      vertex -16.4904 26.696 1.5
    endloop
  endfacet
  facet normal 0 0 1
    outer loop
      vertex -16.3478 -27.2654 1.5
      vertex -16.5 -26.5 1.5
      vertex -16.4139 -27.0806 1.5
    endloop
  endfacet
  facet normal 0 0 1
    outer loop
      vertex -16.4139 -27.0806 1.5
      vertex -16.5 -26.5 1.5
      vertex -16.4616 -26.8902 1.5
    endloop
  endfacet
  facet normal 0 0 1
    outer loop
      vertex -16.4616 -26.8902 1.5
      vertex -16.5 -26.5 1.5
      vertex -16.4904 -26.696 1.5
    endloop
  endfacet
  facet normal -0.80335 0.595508 0
    outer loop
      vertex -16.1629 27.6111 -1.5
      vertex -16.046 27.7688 1.5
      vertex -16.046 27.7688 -1.5
    endloop
  endfacet
  facet normal -0.80335 0.595508 0
    outer loop
      vertex -16.046 27.7688 1.5
      vertex -16.1629 27.6111 -1.5
      vertex -16.1629 27.6111 1.5
    endloop
  endfacet
  facet normal 0.9038 0.427955 0
    outer loop
      vertex 16.3478 27.2654 1.5
      vertex 16.2638 27.4428 -1.5
      vertex 16.2638 27.4428 1.5
    endloop
  endfacet
  facet normal 0.9038 0.427955 0
    outer loop
      vertex 16.2638 27.4428 -1.5
      vertex 16.3478 27.2654 1.5
      vertex 16.3478 27.2654 -1.5
    endloop
  endfacet
  facet normal 0.740908 -0.671607 0
    outer loop
      vertex 15.9142 -27.9142 1.5
      vertex 16.046 -27.7688 -1.5
      vertex 16.046 -27.7688 1.5
    endloop
  endfacet
  facet normal 0.740908 -0.671607 0
    outer loop
      vertex 16.046 -27.7688 -1.5
      vertex 15.9142 -27.9142 1.5
      vertex 15.9142 -27.9142 -1.5
    endloop
  endfacet
  facet normal 0.94158 -0.336788 0
    outer loop
      vertex 16.3478 -27.2654 1.5
      vertex 16.4139 -27.0806 -1.5
      vertex 16.4139 -27.0806 1.5
    endloop
  endfacet
  facet normal 0.94158 -0.336788 0
    outer loop
      vertex 16.4139 -27.0806 -1.5
      vertex 16.3478 -27.2654 1.5
      vertex 16.3478 -27.2654 -1.5
    endloop
  endfacet
  facet normal 0.595508 -0.80335 0
    outer loop
      vertex 15.6111 -28.1629 -1.5
      vertex 15.7688 -28.046 1.5
      vertex 15.6111 -28.1629 1.5
    endloop
  endfacet
  facet normal 0.595508 -0.80335 0
    outer loop
      vertex 15.7688 -28.046 1.5
      vertex 15.6111 -28.1629 -1.5
      vertex 15.7688 -28.046 -1.5
    endloop
  endfacet
  facet normal -0.146696 -0.989182 0
    outer loop
      vertex -14.8902 -28.4616 -1.5
      vertex -14.696 -28.4904 1.5
      vertex -14.8902 -28.4616 1.5
    endloop
  endfacet
  facet normal -0.146696 -0.989182 -0
    outer loop
      vertex -14.696 -28.4904 1.5
      vertex -14.8902 -28.4616 -1.5
      vertex -14.696 -28.4904 -1.5
    endloop
  endfacet
  facet normal 0.243015 -0.970023 0
    outer loop
      vertex 14.8902 -28.4616 -1.5
      vertex 15.0806 -28.4139 1.5
      vertex 14.8902 -28.4616 1.5
    endloop
  endfacet
  facet normal 0.243015 -0.970023 0
    outer loop
      vertex 15.0806 -28.4139 1.5
      vertex 14.8902 -28.4616 -1.5
      vertex 15.0806 -28.4139 -1.5
    endloop
  endfacet
  facet normal 0.9038 -0.427955 0
    outer loop
      vertex 16.2638 -27.4428 1.5
      vertex 16.3478 -27.2654 -1.5
      vertex 16.3478 -27.2654 1.5
    endloop
  endfacet
  facet normal 0.9038 -0.427955 0
    outer loop
      vertex 16.3478 -27.2654 -1.5
      vertex 16.2638 -27.4428 1.5
      vertex 16.2638 -27.4428 -1.5
    endloop
  endfacet
  facet normal 0.857673 -0.514196 0
    outer loop
      vertex 16.1629 -27.6111 1.5
      vertex 16.2638 -27.4428 -1.5
      vertex 16.2638 -27.4428 1.5
    endloop
  endfacet
  facet normal 0.857673 -0.514196 0
    outer loop
      vertex 16.2638 -27.4428 -1.5
      vertex 16.1629 -27.6111 1.5
      vertex 16.1629 -27.6111 -1.5
    endloop
  endfacet
  facet normal -0.671607 -0.740908 0
    outer loop
      vertex -15.9142 -27.9142 -1.5
      vertex -15.7688 -28.046 1.5
      vertex -15.9142 -27.9142 1.5
    endloop
  endfacet
  facet normal -0.671607 -0.740908 -0
    outer loop
      vertex -15.7688 -28.046 1.5
      vertex -15.9142 -27.9142 -1.5
      vertex -15.7688 -28.046 -1.5
    endloop
  endfacet
  facet normal -0.595607 -0.803276 0
    outer loop
      vertex 1.00003 -18.5034 0.0999994
      vertex 1.14191 -18.6086 0.2
      vertex 1.00003 -18.5034 0.2
    endloop
  endfacet
  facet normal -0.595607 -0.803276 -0
    outer loop
      vertex 1.14191 -18.6086 0.2
      vertex 1.00003 -18.5034 0.0999994
      vertex 1.14191 -18.6086 0.0999994
    endloop
  endfacet
  facet normal -0.595607 -0.803276 0
    outer loop
      vertex 1.00003 -18.5034 -2.6
      vertex 1.14191 -18.6086 -1.9
      vertex 1.00003 -18.5034 -1.9
    endloop
  endfacet
  facet normal -0.595607 -0.803276 -0
    outer loop
      vertex 1.14191 -18.6086 -1.9
      vertex 1.00003 -18.5034 -2.6
      vertex 1.14191 -18.6086 -2.6
    endloop
  endfacet
  facet normal 0.24287 0.970059 -0
    outer loop
      vertex -0.351162 -21.7654 0.0999994
      vertex -0.522511 -21.7225 0.2
      vertex -0.351162 -21.7654 0.2
    endloop
  endfacet
  facet normal 0.24287 0.970059 0
    outer loop
      vertex -0.522511 -21.7225 0.2
      vertex -0.351162 -21.7654 0.0999994
      vertex -0.522511 -21.7225 0.0999994
    endloop
  endfacet
  facet normal 0.24287 0.970059 -0
    outer loop
      vertex -0.351162 -21.7654 -2.6
      vertex -0.522511 -21.7225 -1.9
      vertex -0.351162 -21.7654 -1.9
    endloop
  endfacet
  facet normal 0.24287 0.970059 0
    outer loop
      vertex -0.522511 -21.7225 -1.9
      vertex -0.351162 -21.7654 -2.6
      vertex -0.522511 -21.7225 -2.6
    endloop
  endfacet
  facet normal -0.970016 0.243042 0
    outer loop
      vertex 1.72249 -20.5225 0.0999994
      vertex 1.76541 -20.3512 0.2
      vertex 1.76541 -20.3512 0.0999994
    endloop
  endfacet
  facet normal -0.970016 0.243042 0
    outer loop
      vertex 1.76541 -20.3512 0.2
      vertex 1.72249 -20.5225 0.0999994
      vertex 1.72249 -20.5225 0.2
    endloop
  endfacet
  facet normal -0.970016 0.243042 0
    outer loop
      vertex 1.72249 -20.5225 -2.6
      vertex 1.76541 -20.3512 -1.9
      vertex 1.76541 -20.3512 -2.6
    endloop
  endfacet
  facet normal -0.970016 0.243042 0
    outer loop
      vertex 1.76541 -20.3512 -1.9
      vertex 1.72249 -20.5225 -2.6
      vertex 1.72249 -20.5225 -1.9
    endloop
  endfacet
  facet normal -0.146626 0.989192 0
    outer loop
      vertex 0.351162 -21.7654 0.0999994
      vertex 0.176431 -21.7913 0.2
      vertex 0.351162 -21.7654 0.2
    endloop
  endfacet
  facet normal -0.146626 0.989192 0
    outer loop
      vertex 0.176431 -21.7913 0.2
      vertex 0.351162 -21.7654 0.0999994
      vertex 0.176431 -21.7913 0.0999994
    endloop
  endfacet
  facet normal -0.146626 0.989192 0
    outer loop
      vertex 0.351162 -21.7654 -2.6
      vertex 0.176431 -21.7913 -1.9
      vertex 0.351162 -21.7654 -1.9
    endloop
  endfacet
  facet normal -0.146626 0.989192 0
    outer loop
      vertex 0.176431 -21.7913 -1.9
      vertex 0.351162 -21.7654 -2.6
      vertex 0.176431 -21.7913 -2.6
    endloop
  endfacet
  facet normal 0.514456 -0.857517 0
    outer loop
      vertex -1.00003 -18.5034 0.0999994
      vertex -0.848514 -18.4125 0.2
      vertex -1.00003 -18.5034 0.2
    endloop
  endfacet
  facet normal 0.514456 -0.857517 0
    outer loop
      vertex -0.848514 -18.4125 0.2
      vertex -1.00003 -18.5034 0.0999994
      vertex -0.848514 -18.4125 0.0999994
    endloop
  endfacet
  facet normal 0.514456 -0.857517 0
    outer loop
      vertex -1.00003 -18.5034 -2.6
      vertex -0.848514 -18.4125 -1.9
      vertex -1.00003 -18.5034 -1.9
    endloop
  endfacet
  facet normal 0.514456 -0.857517 0
    outer loop
      vertex -0.848514 -18.4125 -1.9
      vertex -1.00003 -18.5034 -2.6
      vertex -0.848514 -18.4125 -2.6
    endloop
  endfacet
  facet normal 0.904017 -0.427497 0
    outer loop
      vertex -1.66298 -19.3112 0.2
      vertex -1.58746 -19.1515 0.0999994
      vertex -1.58746 -19.1515 0.2
    endloop
  endfacet
  facet normal 0.904017 -0.427497 0
    outer loop
      vertex -1.58746 -19.1515 0.0999994
      vertex -1.66298 -19.3112 0.2
      vertex -1.66298 -19.3112 0.0999994
    endloop
  endfacet
  facet normal 0.904017 -0.427497 0
    outer loop
      vertex -1.66298 -19.3112 -1.9
      vertex -1.58746 -19.1515 -2.6
      vertex -1.58746 -19.1515 -1.9
    endloop
  endfacet
  facet normal 0.904017 -0.427497 0
    outer loop
      vertex -1.58746 -19.1515 -2.6
      vertex -1.66298 -19.3112 -1.9
      vertex -1.66298 -19.3112 -2.6
    endloop
  endfacet
  facet normal -0.514456 -0.857517 0
    outer loop
      vertex 0.848514 -18.4125 0.0999994
      vertex 1.00003 -18.5034 0.2
      vertex 0.848514 -18.4125 0.2
    endloop
  endfacet
  facet normal -0.514456 -0.857517 -0
    outer loop
      vertex 1.00003 -18.5034 0.2
      vertex 0.848514 -18.4125 0.0999994
      vertex 1.00003 -18.5034 0.0999994
    endloop
  endfacet
  facet normal -0.514456 -0.857517 0
    outer loop
      vertex 0.848514 -18.4125 -2.6
      vertex 1.00003 -18.5034 -1.9
      vertex 0.848514 -18.4125 -1.9
    endloop
  endfacet
  facet normal -0.514456 -0.857517 -0
    outer loop
      vertex 1.00003 -18.5034 -1.9
      vertex 0.848514 -18.4125 -2.6
      vertex 1.00003 -18.5034 -2.6
    endloop
  endfacet
  facet normal 0.998794 -0.0490904 0
    outer loop
      vertex -1.8 -20 0.2
      vertex -1.79133 -19.8236 0.0999994
      vertex -1.79133 -19.8236 0.2
    endloop
  endfacet
  facet normal 0.998794 -0.0490904 0
    outer loop
      vertex -1.79133 -19.8236 0.0999994
      vertex -1.8 -20 0.2
      vertex -1.8 -20 0.0999994
    endloop
  endfacet
  facet normal 0.998794 -0.0490904 0
    outer loop
      vertex -1.8 -20 -1.9
      vertex -1.79133 -19.8236 -2.6
      vertex -1.79133 -19.8236 -1.9
    endloop
  endfacet
  facet normal 0.998794 -0.0490904 0
    outer loop
      vertex -1.79133 -19.8236 -2.6
      vertex -1.8 -20 -1.9
      vertex -1.8 -20 -2.6
    endloop
  endfacet
  facet normal 0.970016 -0.243042 0
    outer loop
      vertex -1.76541 -19.6488 0.2
      vertex -1.72249 -19.4775 0.0999994
      vertex -1.72249 -19.4775 0.2
    endloop
  endfacet
  facet normal 0.970016 -0.243042 0
    outer loop
      vertex -1.72249 -19.4775 0.0999994
      vertex -1.76541 -19.6488 0.2
      vertex -1.76541 -19.6488 0.0999994
    endloop
  endfacet
  facet normal 0.970016 -0.243042 0
    outer loop
      vertex -1.76541 -19.6488 -1.9
      vertex -1.72249 -19.4775 -2.6
      vertex -1.72249 -19.4775 -1.9
    endloop
  endfacet
  facet normal 0.970016 -0.243042 0
    outer loop
      vertex -1.72249 -19.4775 -2.6
      vertex -1.76541 -19.6488 -1.9
      vertex -1.76541 -19.6488 -2.6
    endloop
  endfacet
  facet normal -0.803262 -0.595625 0
    outer loop
      vertex 1.49664 -19 0.0999994
      vertex 1.39142 -18.8581 0.2
      vertex 1.39142 -18.8581 0.0999994
    endloop
  endfacet
  facet normal -0.803262 -0.595625 0
    outer loop
      vertex 1.39142 -18.8581 0.2
      vertex 1.49664 -19 0.0999994
      vertex 1.49664 -19 0.2
    endloop
  endfacet
  facet normal -0.803262 -0.595625 0
    outer loop
      vertex 1.49664 -19 -2.6
      vertex 1.39142 -18.8581 -1.9
      vertex 1.39142 -18.8581 -2.6
    endloop
  endfacet
  facet normal -0.803262 -0.595625 0
    outer loop
      vertex 1.39142 -18.8581 -1.9
      vertex 1.49664 -19 -2.6
      vertex 1.49664 -19 -1.9
    endloop
  endfacet
  facet normal -0.989184 -0.14668 0
    outer loop
      vertex 1.79133 -19.8236 0.0999994
      vertex 1.76541 -19.6488 0.2
      vertex 1.76541 -19.6488 0.0999994
    endloop
  endfacet
  facet normal -0.989184 -0.14668 0
    outer loop
      vertex 1.76541 -19.6488 0.2
      vertex 1.79133 -19.8236 0.0999994
      vertex 1.79133 -19.8236 0.2
    endloop
  endfacet
  facet normal -0.989184 -0.14668 0
    outer loop
      vertex 1.79133 -19.8236 -2.6
      vertex 1.76541 -19.6488 -1.9
      vertex 1.76541 -19.6488 -2.6
    endloop
  endfacet
  facet normal -0.989184 -0.14668 0
    outer loop
      vertex 1.76541 -19.6488 -1.9
      vertex 1.79133 -19.8236 -2.6
      vertex 1.79133 -19.8236 -1.9
    endloop
  endfacet
  facet normal -0.998794 0.0490904 0
    outer loop
      vertex 1.79133 -20.1764 0.0999994
      vertex 1.8 -20 0.2
      vertex 1.8 -20 0.0999994
    endloop
  endfacet
  facet normal -0.998794 0.0490904 0
    outer loop
      vertex 1.8 -20 0.2
      vertex 1.79133 -20.1764 0.0999994
      vertex 1.79133 -20.1764 0.2
    endloop
  endfacet
  facet normal -0.998794 0.0490904 0
    outer loop
      vertex 1.79133 -20.1764 -2.6
      vertex 1.8 -20 -1.9
      vertex 1.8 -20 -2.6
    endloop
  endfacet
  facet normal -0.998794 0.0490904 0
    outer loop
      vertex 1.8 -20 -1.9
      vertex 1.79133 -20.1764 -2.6
      vertex 1.79133 -20.1764 -1.9
    endloop
  endfacet
  facet normal 0.941532 0.336925 0
    outer loop
      vertex -1.66298 -20.6888 0.2
      vertex -1.72249 -20.5225 0.0999994
      vertex -1.72249 -20.5225 0.2
    endloop
  endfacet
  facet normal 0.941532 0.336925 0
    outer loop
      vertex -1.72249 -20.5225 0.0999994
      vertex -1.66298 -20.6888 0.2
      vertex -1.66298 -20.6888 0.0999994
    endloop
  endfacet
  facet normal 0.941532 0.336925 0
    outer loop
      vertex -1.66298 -20.6888 -1.9
      vertex -1.72249 -20.5225 -2.6
      vertex -1.72249 -20.5225 -1.9
    endloop
  endfacet
  facet normal 0.941532 0.336925 0
    outer loop
      vertex -1.72249 -20.5225 -2.6
      vertex -1.66298 -20.6888 -1.9
      vertex -1.66298 -20.6888 -2.6
    endloop
  endfacet
  facet normal 0.427438 -0.904045 0
    outer loop
      vertex -0.848514 -18.4125 0.0999994
      vertex -0.688829 -18.337 0.2
      vertex -0.848514 -18.4125 0.2
    endloop
  endfacet
  facet normal 0.427438 -0.904045 0
    outer loop
      vertex -0.688829 -18.337 0.2
      vertex -0.848514 -18.4125 0.0999994
      vertex -0.688829 -18.337 0.0999994
    endloop
  endfacet
  facet normal 0.427438 -0.904045 0
    outer loop
      vertex -0.848514 -18.4125 -2.6
      vertex -0.688829 -18.337 -1.9
      vertex -0.848514 -18.4125 -1.9
    endloop
  endfacet
  facet normal 0.427438 -0.904045 0
    outer loop
      vertex -0.688829 -18.337 -1.9
      vertex -0.848514 -18.4125 -2.6
      vertex -0.688829 -18.337 -2.6
    endloop
  endfacet
  facet normal 0.595607 -0.803276 0
    outer loop
      vertex -1.14191 -18.6086 0.0999994
      vertex -1.00003 -18.5034 0.2
      vertex -1.14191 -18.6086 0.2
    endloop
  endfacet
  facet normal 0.595607 -0.803276 0
    outer loop
      vertex -1.00003 -18.5034 0.2
      vertex -1.14191 -18.6086 0.0999994
      vertex -1.00003 -18.5034 0.0999994
    endloop
  endfacet
  facet normal 0.595607 -0.803276 0
    outer loop
      vertex -1.14191 -18.6086 -2.6
      vertex -1.00003 -18.5034 -1.9
      vertex -1.14191 -18.6086 -1.9
    endloop
  endfacet
  facet normal 0.595607 -0.803276 0
    outer loop
      vertex -1.00003 -18.5034 -1.9
      vertex -1.14191 -18.6086 -2.6
      vertex -1.00003 -18.5034 -2.6
    endloop
  endfacet
  facet normal -0.941532 -0.336925 0
    outer loop
      vertex 1.72249 -19.4775 0.0999994
      vertex 1.66298 -19.3112 0.2
      vertex 1.66298 -19.3112 0.0999994
    endloop
  endfacet
  facet normal -0.941532 -0.336925 0
    outer loop
      vertex 1.66298 -19.3112 0.2
      vertex 1.72249 -19.4775 0.0999994
      vertex 1.72249 -19.4775 0.2
    endloop
  endfacet
  facet normal -0.941532 -0.336925 0
    outer loop
      vertex 1.72249 -19.4775 -2.6
      vertex 1.66298 -19.3112 -1.9
      vertex 1.66298 -19.3112 -2.6
    endloop
  endfacet
  facet normal -0.941532 -0.336925 0
    outer loop
      vertex 1.66298 -19.3112 -1.9
      vertex 1.72249 -19.4775 -2.6
      vertex 1.72249 -19.4775 -1.9
    endloop
  endfacet
  facet normal -0.970016 -0.243042 0
    outer loop
      vertex 1.76541 -19.6488 0.0999994
      vertex 1.72249 -19.4775 0.2
      vertex 1.72249 -19.4775 0.0999994
    endloop
  endfacet
  facet normal -0.970016 -0.243042 0
    outer loop
      vertex 1.72249 -19.4775 0.2
      vertex 1.76541 -19.6488 0.0999994
      vertex 1.76541 -19.6488 0.2
    endloop
  endfacet
  facet normal -0.970016 -0.243042 0
    outer loop
      vertex 1.76541 -19.6488 -2.6
      vertex 1.72249 -19.4775 -1.9
      vertex 1.72249 -19.4775 -2.6
    endloop
  endfacet
  facet normal -0.970016 -0.243042 0
    outer loop
      vertex 1.72249 -19.4775 -1.9
      vertex 1.76541 -19.6488 -2.6
      vertex 1.76541 -19.6488 -1.9
    endloop
  endfacet
  facet normal 0.740982 0.671525 0
    outer loop
      vertex -1.27279 -21.2728 0.2
      vertex -1.39142 -21.1419 0.0999994
      vertex -1.39142 -21.1419 0.2
    endloop
  endfacet
  facet normal 0.740982 0.671525 0
    outer loop
      vertex -1.39142 -21.1419 0.0999994
      vertex -1.27279 -21.2728 0.2
      vertex -1.27279 -21.2728 0.0999994
    endloop
  endfacet
  facet normal 0.740982 0.671525 0
    outer loop
      vertex -1.27279 -21.2728 -1.9
      vertex -1.39142 -21.1419 -2.6
      vertex -1.39142 -21.1419 -1.9
    endloop
  endfacet
  facet normal 0.740982 0.671525 0
    outer loop
      vertex -1.39142 -21.1419 -2.6
      vertex -1.27279 -21.2728 -1.9
      vertex -1.27279 -21.2728 -2.6
    endloop
  endfacet
  facet normal -0.0492512 0.998786 0
    outer loop
      vertex 0.176431 -21.7913 0.0999994
      vertex 0 -21.8 0.2
      vertex 0.176431 -21.7913 0.2
    endloop
  endfacet
  facet normal -0.0492512 0.998786 0
    outer loop
      vertex 0 -21.8 0.2
      vertex 0.176431 -21.7913 0.0999994
      vertex 0 -21.8 0.0999994
    endloop
  endfacet
  facet normal -0.0492512 0.998786 0
    outer loop
      vertex 0.176431 -21.7913 -2.6
      vertex 0 -21.8 -1.9
      vertex 0.176431 -21.7913 -1.9
    endloop
  endfacet
  facet normal -0.0492512 0.998786 0
    outer loop
      vertex 0 -21.8 -1.9
      vertex 0.176431 -21.7913 -2.6
      vertex 0 -21.8 -2.6
    endloop
  endfacet
  facet normal -0.904017 -0.427497 0
    outer loop
      vertex 1.66298 -19.3112 0.0999994
      vertex 1.58746 -19.1515 0.2
      vertex 1.58746 -19.1515 0.0999994
    endloop
  endfacet
  facet normal -0.904017 -0.427497 0
    outer loop
      vertex 1.58746 -19.1515 0.2
      vertex 1.66298 -19.3112 0.0999994
      vertex 1.66298 -19.3112 0.2
    endloop
  endfacet
  facet normal -0.904017 -0.427497 0
    outer loop
      vertex 1.66298 -19.3112 -2.6
      vertex 1.58746 -19.1515 -1.9
      vertex 1.58746 -19.1515 -2.6
    endloop
  endfacet
  facet normal -0.904017 -0.427497 0
    outer loop
      vertex 1.58746 -19.1515 -1.9
      vertex 1.66298 -19.3112 -2.6
      vertex 1.66298 -19.3112 -1.9
    endloop
  endfacet
  facet normal -0.998794 -0.0490904 0
    outer loop
      vertex 1.8 -20 0.0999994
      vertex 1.79133 -19.8236 0.2
      vertex 1.79133 -19.8236 0.0999994
    endloop
  endfacet
  facet normal -0.998794 -0.0490904 0
    outer loop
      vertex 1.79133 -19.8236 0.2
      vertex 1.8 -20 0.0999994
      vertex 1.8 -20 0.2
    endloop
  endfacet
  facet normal -0.998794 -0.0490904 0
    outer loop
      vertex 1.8 -20 -2.6
      vertex 1.79133 -19.8236 -1.9
      vertex 1.79133 -19.8236 -2.6
    endloop
  endfacet
  facet normal -0.998794 -0.0490904 0
    outer loop
      vertex 1.79133 -19.8236 -1.9
      vertex 1.8 -20 -2.6
      vertex 1.8 -20 -1.9
    endloop
  endfacet
  facet normal -0.740982 0.671525 0
    outer loop
      vertex 1.27279 -21.2728 0.0999994
      vertex 1.39142 -21.1419 0.2
      vertex 1.39142 -21.1419 0.0999994
    endloop
  endfacet
  facet normal -0.740982 0.671525 0
    outer loop
      vertex 1.39142 -21.1419 0.2
      vertex 1.27279 -21.2728 0.0999994
      vertex 1.27279 -21.2728 0.2
    endloop
  endfacet
  facet normal -0.740982 0.671525 0
    outer loop
      vertex 1.27279 -21.2728 -2.6
      vertex 1.39142 -21.1419 -1.9
      vertex 1.39142 -21.1419 -2.6
    endloop
  endfacet
  facet normal -0.740982 0.671525 0
    outer loop
      vertex 1.39142 -21.1419 -1.9
      vertex 1.27279 -21.2728 -2.6
      vertex 1.27279 -21.2728 -1.9
    endloop
  endfacet
  facet normal 0.24287 -0.970059 0
    outer loop
      vertex -0.522511 -18.2775 0.0999994
      vertex -0.351162 -18.2346 0.2
      vertex -0.522511 -18.2775 0.2
    endloop
  endfacet
  facet normal 0.24287 -0.970059 0
    outer loop
      vertex -0.351162 -18.2346 0.2
      vertex -0.522511 -18.2775 0.0999994
      vertex -0.351162 -18.2346 0.0999994
    endloop
  endfacet
  facet normal 0.24287 -0.970059 0
    outer loop
      vertex -0.522511 -18.2775 -2.6
      vertex -0.351162 -18.2346 -1.9
      vertex -0.522511 -18.2775 -1.9
    endloop
  endfacet
  facet normal 0.24287 -0.970059 0
    outer loop
      vertex -0.351162 -18.2346 -1.9
      vertex -0.522511 -18.2775 -2.6
      vertex -0.351162 -18.2346 -2.6
    endloop
  endfacet
  facet normal 0 0 1
    outer loop
      vertex 11.9 23.4 -3.2
      vertex 13.5 21.8 -3.2
      vertex 13.4923 21.9568 -3.2
    endloop
  endfacet
  facet normal 0 0 1
    outer loop
      vertex 13.5 21.8 -3.2
      vertex -13.5 21.8 -3.2
      vertex 13.5 -21.8 -3.2
    endloop
  endfacet
  facet normal 0 0 1
    outer loop
      vertex 11.9 23.4 -3.2
      vertex 13.4923 21.9568 -3.2
      vertex 13.4693 22.1121 -3.2
    endloop
  endfacet
  facet normal 0 0 1
    outer loop
      vertex -13.5 -21.8 -3.2
      vertex 13.5 -21.8 -3.2
      vertex -13.5 21.8 -3.2
    endloop
  endfacet
  facet normal 0 0 1
    outer loop
      vertex 11.9 23.4 -3.2
      vertex 13.4693 22.1121 -3.2
      vertex 13.4311 22.2645 -3.2
    endloop
  endfacet
  facet normal 0 -0 1
    outer loop
      vertex 11.9 -23.4 -3.2
      vertex 13.5 -21.8 -3.2
      vertex -13.5 -21.8 -3.2
    endloop
  endfacet
  facet normal 0 0 1
    outer loop
      vertex 11.9 23.4 -3.2
      vertex 13.4311 22.2645 -3.2
      vertex 13.3782 22.4123 -3.2
    endloop
  endfacet
  facet normal 0 0 1
    outer loop
      vertex 13.5 -21.8 -3.2
      vertex 11.9 -23.4 -3.2
      vertex 13.4923 -21.9568 -3.2
    endloop
  endfacet
  facet normal 0 0 1
    outer loop
      vertex 11.9 23.4 -3.2
      vertex 13.3782 22.4123 -3.2
      vertex 13.3111 22.5542 -3.2
    endloop
  endfacet
  facet normal 0 0 1
    outer loop
      vertex 13.4923 -21.9568 -3.2
      vertex 11.9 -23.4 -3.2
      vertex 13.4693 -22.1121 -3.2
    endloop
  endfacet
  facet normal 0 0 1
    outer loop
      vertex 11.9 23.4 -3.2
      vertex 13.3111 22.5542 -3.2
      vertex 13.2303 22.6889 -3.2
    endloop
  endfacet
  facet normal 0 0 1
    outer loop
      vertex 13.4693 -22.1121 -3.2
      vertex 11.9 -23.4 -3.2
      vertex 13.4311 -22.2645 -3.2
    endloop
  endfacet
  facet normal 0 0 1
    outer loop
      vertex 11.9 23.4 -3.2
      vertex 13.2303 22.6889 -3.2
      vertex 13.1368 22.815 -3.2
    endloop
  endfacet
  facet normal 0 0 1
    outer loop
      vertex 13.5 21.8 -3.2
      vertex 11.9 23.4 -3.2
      vertex -13.5 21.8 -3.2
    endloop
  endfacet
  facet normal 0 0 1
    outer loop
      vertex 11.9 23.4 -3.2
      vertex 13.1368 22.815 -3.2
      vertex 13.0314 22.9314 -3.2
    endloop
  endfacet
  facet normal 0 0 1
    outer loop
      vertex 13.4311 -22.2645 -3.2
      vertex 11.9 -23.4 -3.2
      vertex 13.3782 -22.4123 -3.2
    endloop
  endfacet
  facet normal 0 0 1
    outer loop
      vertex 11.9 23.4 -3.2
      vertex 13.0314 22.9314 -3.2
      vertex 12.915 23.0368 -3.2
    endloop
  endfacet
  facet normal 0 0 1
    outer loop
      vertex 13.2303 -22.6889 -3.2
      vertex 11.9 -23.4 -3.2
      vertex 13.1368 -22.815 -3.2
    endloop
  endfacet
  facet normal 0 0 1
    outer loop
      vertex 11.9 23.4 -3.2
      vertex 12.915 23.0368 -3.2
      vertex 12.7889 23.1303 -3.2
    endloop
  endfacet
  facet normal 0 0 1
    outer loop
      vertex 13.1368 -22.815 -3.2
      vertex 11.9 -23.4 -3.2
      vertex 13.0314 -22.9314 -3.2
    endloop
  endfacet
  facet normal 0 0 1
    outer loop
      vertex 11.9 23.4 -3.2
      vertex 12.7889 23.1303 -3.2
      vertex 12.6542 23.2111 -3.2
    endloop
  endfacet
  facet normal 0 0 1
    outer loop
      vertex 13.0314 -22.9314 -3.2
      vertex 11.9 -23.4 -3.2
      vertex 12.915 -23.0368 -3.2
    endloop
  endfacet
  facet normal 0 0 1
    outer loop
      vertex 11.9 23.4 -3.2
      vertex 12.6542 23.2111 -3.2
      vertex 12.5123 23.2782 -3.2
    endloop
  endfacet
  facet normal 0 0 1
    outer loop
      vertex 12.915 -23.0368 -3.2
      vertex 11.9 -23.4 -3.2
      vertex 12.7889 -23.1303 -3.2
    endloop
  endfacet
  facet normal 0 0 1
    outer loop
      vertex 11.9 23.4 -3.2
      vertex 12.5123 23.2782 -3.2
      vertex 12.3645 23.3311 -3.2
    endloop
  endfacet
  facet normal 0 0 1
    outer loop
      vertex 12.7889 -23.1303 -3.2
      vertex 11.9 -23.4 -3.2
      vertex 12.6542 -23.2111 -3.2
    endloop
  endfacet
  facet normal 0 0 1
    outer loop
      vertex 11.9 23.4 -3.2
      vertex 12.3645 23.3311 -3.2
      vertex 12.2121 23.3692 -3.2
    endloop
  endfacet
  facet normal 0 0 1
    outer loop
      vertex 12.6542 -23.2111 -3.2
      vertex 11.9 -23.4 -3.2
      vertex 12.5123 -23.2782 -3.2
    endloop
  endfacet
  facet normal 0 0 1
    outer loop
      vertex 11.9 23.4 -3.2
      vertex 12.2121 23.3692 -3.2
      vertex 12.0568 23.3923 -3.2
    endloop
  endfacet
  facet normal 0 0 1
    outer loop
      vertex 12.5123 -23.2782 -3.2
      vertex 11.9 -23.4 -3.2
      vertex 12.3645 -23.3311 -3.2
    endloop
  endfacet
  facet normal 0 0 1
    outer loop
      vertex 12.3645 -23.3311 -3.2
      vertex 11.9 -23.4 -3.2
      vertex 12.2121 -23.3692 -3.2
    endloop
  endfacet
  facet normal 0 0 1
    outer loop
      vertex 12.2121 -23.3692 -3.2
      vertex 11.9 -23.4 -3.2
      vertex 12.0568 -23.3923 -3.2
    endloop
  endfacet
  facet normal 0 0 1
    outer loop
      vertex -13.5 21.8 -3.2
      vertex 11.9 23.4 -3.2
      vertex -11.9 23.4 -3.2
    endloop
  endfacet
  facet normal 0 0 1
    outer loop
      vertex 13.3782 -22.4123 -3.2
      vertex 11.9 -23.4 -3.2
      vertex 13.3111 -22.5542 -3.2
    endloop
  endfacet
  facet normal 0 0 1
    outer loop
      vertex -13.5 21.8 -3.2
      vertex -11.9 23.4 -3.2
      vertex -12.0568 23.3923 -3.2
    endloop
  endfacet
  facet normal 0 0 1
    outer loop
      vertex 13.3111 -22.5542 -3.2
      vertex 11.9 -23.4 -3.2
      vertex 13.2303 -22.6889 -3.2
    endloop
  endfacet
  facet normal 0 0 1
    outer loop
      vertex -13.5 21.8 -3.2
      vertex -12.0568 23.3923 -3.2
      vertex -12.2121 23.3692 -3.2
    endloop
  endfacet
  facet normal 0 0 1
    outer loop
      vertex 11.9 -23.4 -3.2
      vertex -13.5 -21.8 -3.2
      vertex -11.9 -23.4 -3.2
    endloop
  endfacet
  facet normal 0 0 1
    outer loop
      vertex -13.5 21.8 -3.2
      vertex -12.2121 23.3692 -3.2
      vertex -12.3645 23.3311 -3.2
    endloop
  endfacet
  facet normal 0 0 1
    outer loop
      vertex -11.9 -23.4 -3.2
      vertex -13.5 -21.8 -3.2
      vertex -12.0568 -23.3923 -3.2
    endloop
  endfacet
  facet normal 0 0 1
    outer loop
      vertex -13.5 21.8 -3.2
      vertex -12.3645 23.3311 -3.2
      vertex -12.5123 23.2782 -3.2
    endloop
  endfacet
  facet normal 0 0 1
    outer loop
      vertex -12.0568 -23.3923 -3.2
      vertex -13.5 -21.8 -3.2
      vertex -12.2121 -23.3692 -3.2
    endloop
  endfacet
  facet normal 0 0 1
    outer loop
      vertex -13.5 21.8 -3.2
      vertex -12.5123 23.2782 -3.2
      vertex -12.6542 23.2111 -3.2
    endloop
  endfacet
  facet normal 0 0 1
    outer loop
      vertex -12.2121 -23.3692 -3.2
      vertex -13.5 -21.8 -3.2
      vertex -12.3645 -23.3311 -3.2
    endloop
  endfacet
  facet normal 0 0 1
    outer loop
      vertex -13.5 21.8 -3.2
      vertex -12.6542 23.2111 -3.2
      vertex -12.7889 23.1303 -3.2
    endloop
  endfacet
  facet normal 0 0 1
    outer loop
      vertex -12.3645 -23.3311 -3.2
      vertex -13.5 -21.8 -3.2
      vertex -12.5123 -23.2782 -3.2
    endloop
  endfacet
  facet normal 0 0 1
    outer loop
      vertex -13.5 21.8 -3.2
      vertex -12.7889 23.1303 -3.2
      vertex -12.915 23.0368 -3.2
    endloop
  endfacet
  facet normal 0 0 1
    outer loop
      vertex -12.5123 -23.2782 -3.2
      vertex -13.5 -21.8 -3.2
      vertex -12.6542 -23.2111 -3.2
    endloop
  endfacet
  facet normal 0 0 1
    outer loop
      vertex -13.5 21.8 -3.2
      vertex -12.915 23.0368 -3.2
      vertex -13.0314 22.9314 -3.2
    endloop
  endfacet
  facet normal 0 0 1
    outer loop
      vertex -12.6542 -23.2111 -3.2
      vertex -13.5 -21.8 -3.2
      vertex -12.7889 -23.1303 -3.2
    endloop
  endfacet
  facet normal 0 0 1
    outer loop
      vertex -13.5 21.8 -3.2
      vertex -13.0314 22.9314 -3.2
      vertex -13.1368 22.815 -3.2
    endloop
  endfacet
  facet normal 0 0 1
    outer loop
      vertex -12.7889 -23.1303 -3.2
      vertex -13.5 -21.8 -3.2
      vertex -12.915 -23.0368 -3.2
    endloop
  endfacet
  facet normal 0 0 1
    outer loop
      vertex -13.5 21.8 -3.2
      vertex -13.1368 22.815 -3.2
      vertex -13.2303 22.6889 -3.2
    endloop
  endfacet
  facet normal 0 0 1
    outer loop
      vertex -12.915 -23.0368 -3.2
      vertex -13.5 -21.8 -3.2
      vertex -13.0314 -22.9314 -3.2
    endloop
  endfacet
  facet normal 0 0 1
    outer loop
      vertex -13.5 21.8 -3.2
      vertex -13.2303 22.6889 -3.2
      vertex -13.3111 22.5542 -3.2
    endloop
  endfacet
  facet normal 0 0 1
    outer loop
      vertex -13.0314 -22.9314 -3.2
      vertex -13.5 -21.8 -3.2
      vertex -13.1368 -22.815 -3.2
    endloop
  endfacet
  facet normal 0 0 1
    outer loop
      vertex -13.5 21.8 -3.2
      vertex -13.3111 22.5542 -3.2
      vertex -13.3782 22.4123 -3.2
    endloop
  endfacet
  facet normal 0 0 1
    outer loop
      vertex -13.1368 -22.815 -3.2
      vertex -13.5 -21.8 -3.2
      vertex -13.2303 -22.6889 -3.2
    endloop
  endfacet
  facet normal 0 0 1
    outer loop
      vertex -13.5 21.8 -3.2
      vertex -13.3782 22.4123 -3.2
      vertex -13.4311 22.2645 -3.2
    endloop
  endfacet
  facet normal 0 0 1
    outer loop
      vertex -13.2303 -22.6889 -3.2
      vertex -13.5 -21.8 -3.2
      vertex -13.3111 -22.5542 -3.2
    endloop
  endfacet
  facet normal 0 0 1
    outer loop
      vertex -13.5 21.8 -3.2
      vertex -13.4311 22.2645 -3.2
      vertex -13.4693 22.1121 -3.2
    endloop
  endfacet
  facet normal 0 0 1
    outer loop
      vertex -13.3111 -22.5542 -3.2
      vertex -13.5 -21.8 -3.2
      vertex -13.3782 -22.4123 -3.2
    endloop
  endfacet
  facet normal 0 0 1
    outer loop
      vertex -13.5 21.8 -3.2
      vertex -13.4693 22.1121 -3.2
      vertex -13.4923 21.9568 -3.2
    endloop
  endfacet
  facet normal 0 0 1
    outer loop
      vertex -13.3782 -22.4123 -3.2
      vertex -13.5 -21.8 -3.2
      vertex -13.4311 -22.2645 -3.2
    endloop
  endfacet
  facet normal 0 0 1
    outer loop
      vertex -13.4311 -22.2645 -3.2
      vertex -13.5 -21.8 -3.2
      vertex -13.4693 -22.1121 -3.2
    endloop
  endfacet
  facet normal 0 0 1
    outer loop
      vertex -13.4693 -22.1121 -3.2
      vertex -13.5 -21.8 -3.2
      vertex -13.4923 -21.9568 -3.2
    endloop
  endfacet
  facet normal 0.803262 -0.595625 0
    outer loop
      vertex -1.49664 -19 0.2
      vertex -1.39142 -18.8581 0.0999994
      vertex -1.39142 -18.8581 0.2
    endloop
  endfacet
  facet normal 0.803262 -0.595625 0
    outer loop
      vertex -1.39142 -18.8581 0.0999994
      vertex -1.49664 -19 0.2
      vertex -1.49664 -19 0.0999994
    endloop
  endfacet
  facet normal 0.803262 -0.595625 0
    outer loop
      vertex -1.49664 -19 -1.9
      vertex -1.39142 -18.8581 -2.6
      vertex -1.39142 -18.8581 -1.9
    endloop
  endfacet
  facet normal 0.803262 -0.595625 0
    outer loop
      vertex -1.39142 -18.8581 -2.6
      vertex -1.49664 -19 -1.9
      vertex -1.49664 -19 -2.6
    endloop
  endfacet
  facet normal 0.514456 0.857517 -0
    outer loop
      vertex -0.848514 -21.5875 0.0999994
      vertex -1.00003 -21.4966 0.2
      vertex -0.848514 -21.5875 0.2
    endloop
  endfacet
  facet normal 0.514456 0.857517 0
    outer loop
      vertex -1.00003 -21.4966 0.2
      vertex -0.848514 -21.5875 0.0999994
      vertex -1.00003 -21.4966 0.0999994
    endloop
  endfacet
  facet normal 0.514456 0.857517 -0
    outer loop
      vertex -0.848514 -21.5875 -2.6
      vertex -1.00003 -21.4966 -1.9
      vertex -0.848514 -21.5875 -1.9
    endloop
  endfacet
  facet normal 0.514456 0.857517 0
    outer loop
      vertex -1.00003 -21.4966 -1.9
      vertex -0.848514 -21.5875 -2.6
      vertex -1.00003 -21.4966 -2.6
    endloop
  endfacet
  facet normal -0.427438 -0.904045 0
    outer loop
      vertex 0.688829 -18.337 0.0999994
      vertex 0.848514 -18.4125 0.2
      vertex 0.688829 -18.337 0.2
    endloop
  endfacet
  facet normal -0.427438 -0.904045 -0
    outer loop
      vertex 0.848514 -18.4125 0.2
      vertex 0.688829 -18.337 0.0999994
      vertex 0.848514 -18.4125 0.0999994
    endloop
  endfacet
  facet normal -0.427438 -0.904045 0
    outer loop
      vertex 0.688829 -18.337 -2.6
      vertex 0.848514 -18.4125 -1.9
      vertex 0.688829 -18.337 -1.9
    endloop
  endfacet
  facet normal -0.427438 -0.904045 -0
    outer loop
      vertex 0.848514 -18.4125 -1.9
      vertex 0.688829 -18.337 -2.6
      vertex 0.848514 -18.4125 -2.6
    endloop
  endfacet
  facet normal -0.803262 0.595625 0
    outer loop
      vertex 1.39142 -21.1419 0.0999994
      vertex 1.49664 -21 0.2
      vertex 1.49664 -21 0.0999994
    endloop
  endfacet
  facet normal -0.803262 0.595625 0
    outer loop
      vertex 1.49664 -21 0.2
      vertex 1.39142 -21.1419 0.0999994
      vertex 1.39142 -21.1419 0.2
    endloop
  endfacet
  facet normal -0.803262 0.595625 0
    outer loop
      vertex 1.39142 -21.1419 -2.6
      vertex 1.49664 -21 -1.9
      vertex 1.49664 -21 -2.6
    endloop
  endfacet
  facet normal -0.803262 0.595625 0
    outer loop
      vertex 1.49664 -21 -1.9
      vertex 1.39142 -21.1419 -2.6
      vertex 1.39142 -21.1419 -1.9
    endloop
  endfacet
  facet normal 0.671488 0.741015 -0
    outer loop
      vertex -1.14191 -21.3914 0.0999994
      vertex -1.27279 -21.2728 0.2
      vertex -1.14191 -21.3914 0.2
    endloop
  endfacet
  facet normal 0.671488 0.741015 0
    outer loop
      vertex -1.27279 -21.2728 0.2
      vertex -1.14191 -21.3914 0.0999994
      vertex -1.27279 -21.2728 0.0999994
    endloop
  endfacet
  facet normal 0.671488 0.741015 -0
    outer loop
      vertex -1.14191 -21.3914 -2.6
      vertex -1.27279 -21.2728 -1.9
      vertex -1.14191 -21.3914 -1.9
    endloop
  endfacet
  facet normal 0.671488 0.741015 0
    outer loop
      vertex -1.27279 -21.2728 -1.9
      vertex -1.14191 -21.3914 -2.6
      vertex -1.27279 -21.2728 -2.6
    endloop
  endfacet
  facet normal 0.427438 0.904045 -0
    outer loop
      vertex -0.688829 -21.663 0.0999994
      vertex -0.848514 -21.5875 0.2
      vertex -0.688829 -21.663 0.2
    endloop
  endfacet
  facet normal 0.427438 0.904045 0
    outer loop
      vertex -0.848514 -21.5875 0.2
      vertex -0.688829 -21.663 0.0999994
      vertex -0.848514 -21.5875 0.0999994
    endloop
  endfacet
  facet normal 0.427438 0.904045 -0
    outer loop
      vertex -0.688829 -21.663 -2.6
      vertex -0.848514 -21.5875 -1.9
      vertex -0.688829 -21.663 -1.9
    endloop
  endfacet
  facet normal 0.427438 0.904045 0
    outer loop
      vertex -0.848514 -21.5875 -1.9
      vertex -0.688829 -21.663 -2.6
      vertex -0.848514 -21.5875 -2.6
    endloop
  endfacet
  facet normal -0.989184 0.14668 0
    outer loop
      vertex 1.76541 -20.3512 0.0999994
      vertex 1.79133 -20.1764 0.2
      vertex 1.79133 -20.1764 0.0999994
    endloop
  endfacet
  facet normal -0.989184 0.14668 0
    outer loop
      vertex 1.79133 -20.1764 0.2
      vertex 1.76541 -20.3512 0.0999994
      vertex 1.76541 -20.3512 0.2
    endloop
  endfacet
  facet normal -0.989184 0.14668 0
    outer loop
      vertex 1.76541 -20.3512 -2.6
      vertex 1.79133 -20.1764 -1.9
      vertex 1.79133 -20.1764 -2.6
    endloop
  endfacet
  facet normal -0.989184 0.14668 0
    outer loop
      vertex 1.79133 -20.1764 -1.9
      vertex 1.76541 -20.3512 -2.6
      vertex 1.76541 -20.3512 -1.9
    endloop
  endfacet
  facet normal -0.671488 -0.741015 0
    outer loop
      vertex 1.14191 -18.6086 0.0999994
      vertex 1.27279 -18.7272 0.2
      vertex 1.14191 -18.6086 0.2
    endloop
  endfacet
  facet normal -0.671488 -0.741015 -0
    outer loop
      vertex 1.27279 -18.7272 0.2
      vertex 1.14191 -18.6086 0.0999994
      vertex 1.27279 -18.7272 0.0999994
    endloop
  endfacet
  facet normal -0.671488 -0.741015 0
    outer loop
      vertex 1.14191 -18.6086 -2.6
      vertex 1.27279 -18.7272 -1.9
      vertex 1.14191 -18.6086 -1.9
    endloop
  endfacet
  facet normal -0.671488 -0.741015 -0
    outer loop
      vertex 1.27279 -18.7272 -1.9
      vertex 1.14191 -18.6086 -2.6
      vertex 1.27279 -18.7272 -2.6
    endloop
  endfacet
  facet normal 0.970016 0.243042 0
    outer loop
      vertex -1.72249 -20.5225 0.2
      vertex -1.76541 -20.3512 0.0999994
      vertex -1.76541 -20.3512 0.2
    endloop
  endfacet
  facet normal 0.970016 0.243042 0
    outer loop
      vertex -1.76541 -20.3512 0.0999994
      vertex -1.72249 -20.5225 0.2
      vertex -1.72249 -20.5225 0.0999994
    endloop
  endfacet
  facet normal 0.970016 0.243042 0
    outer loop
      vertex -1.72249 -20.5225 -1.9
      vertex -1.76541 -20.3512 -2.6
      vertex -1.76541 -20.3512 -1.9
    endloop
  endfacet
  facet normal 0.970016 0.243042 0
    outer loop
      vertex -1.76541 -20.3512 -2.6
      vertex -1.72249 -20.5225 -1.9
      vertex -1.72249 -20.5225 -2.6
    endloop
  endfacet
  facet normal 0.146626 0.989192 -0
    outer loop
      vertex -0.176431 -21.7913 0.0999994
      vertex -0.351162 -21.7654 0.2
      vertex -0.176431 -21.7913 0.2
    endloop
  endfacet
  facet normal 0.146626 0.989192 0
    outer loop
      vertex -0.351162 -21.7654 0.2
      vertex -0.176431 -21.7913 0.0999994
      vertex -0.351162 -21.7654 0.0999994
    endloop
  endfacet
  facet normal 0.146626 0.989192 -0
    outer loop
      vertex -0.176431 -21.7913 -2.6
      vertex -0.351162 -21.7654 -1.9
      vertex -0.176431 -21.7913 -1.9
    endloop
  endfacet
  facet normal 0.146626 0.989192 0
    outer loop
      vertex -0.351162 -21.7654 -1.9
      vertex -0.176431 -21.7913 -2.6
      vertex -0.351162 -21.7654 -2.6
    endloop
  endfacet
  facet normal -0.671488 0.741015 0
    outer loop
      vertex 1.27279 -21.2728 0.0999994
      vertex 1.14191 -21.3914 0.2
      vertex 1.27279 -21.2728 0.2
    endloop
  endfacet
  facet normal -0.671488 0.741015 0
    outer loop
      vertex 1.14191 -21.3914 0.2
      vertex 1.27279 -21.2728 0.0999994
      vertex 1.14191 -21.3914 0.0999994
    endloop
  endfacet
  facet normal -0.671488 0.741015 0
    outer loop
      vertex 1.27279 -21.2728 -2.6
      vertex 1.14191 -21.3914 -1.9
      vertex 1.27279 -21.2728 -1.9
    endloop
  endfacet
  facet normal -0.671488 0.741015 0
    outer loop
      vertex 1.14191 -21.3914 -1.9
      vertex 1.27279 -21.2728 -2.6
      vertex 1.14191 -21.3914 -2.6
    endloop
  endfacet
  facet normal 0.0492512 -0.998786 0
    outer loop
      vertex -0.176431 -18.2087 0.0999994
      vertex 0 -18.2 0.2
      vertex -0.176431 -18.2087 0.2
    endloop
  endfacet
  facet normal 0.0492512 -0.998786 0
    outer loop
      vertex 0 -18.2 0.2
      vertex -0.176431 -18.2087 0.0999994
      vertex 0 -18.2 0.0999994
    endloop
  endfacet
  facet normal 0.0492512 -0.998786 0
    outer loop
      vertex -0.176431 -18.2087 -2.6
      vertex 0 -18.2 -1.9
      vertex -0.176431 -18.2087 -1.9
    endloop
  endfacet
  facet normal 0.0492512 -0.998786 0
    outer loop
      vertex 0 -18.2 -1.9
      vertex -0.176431 -18.2087 -2.6
      vertex 0 -18.2 -2.6
    endloop
  endfacet
  facet normal -0.857693 -0.514163 0
    outer loop
      vertex 1.58746 -19.1515 0.0999994
      vertex 1.49664 -19 0.2
      vertex 1.49664 -19 0.0999994
    endloop
  endfacet
  facet normal -0.857693 -0.514163 0
    outer loop
      vertex 1.49664 -19 0.2
      vertex 1.58746 -19.1515 0.0999994
      vertex 1.58746 -19.1515 0.2
    endloop
  endfacet
  facet normal -0.857693 -0.514163 0
    outer loop
      vertex 1.58746 -19.1515 -2.6
      vertex 1.49664 -19 -1.9
      vertex 1.49664 -19 -2.6
    endloop
  endfacet
  facet normal -0.857693 -0.514163 0
    outer loop
      vertex 1.49664 -19 -1.9
      vertex 1.58746 -19.1515 -2.6
      vertex 1.58746 -19.1515 -1.9
    endloop
  endfacet
  facet normal 0.857693 0.514163 0
    outer loop
      vertex -1.49664 -21 0.2
      vertex -1.58746 -20.8485 0.0999994
      vertex -1.58746 -20.8485 0.2
    endloop
  endfacet
  facet normal 0.857693 0.514163 0
    outer loop
      vertex -1.58746 -20.8485 0.0999994
      vertex -1.49664 -21 0.2
      vertex -1.49664 -21 0.0999994
    endloop
  endfacet
  facet normal 0.857693 0.514163 0
    outer loop
      vertex -1.49664 -21 -1.9
      vertex -1.58746 -20.8485 -2.6
      vertex -1.58746 -20.8485 -1.9
    endloop
  endfacet
  facet normal 0.857693 0.514163 0
    outer loop
      vertex -1.58746 -20.8485 -2.6
      vertex -1.49664 -21 -1.9
      vertex -1.49664 -21 -2.6
    endloop
  endfacet
  facet normal 0.989184 0.14668 0
    outer loop
      vertex -1.76541 -20.3512 0.2
      vertex -1.79133 -20.1764 0.0999994
      vertex -1.79133 -20.1764 0.2
    endloop
  endfacet
  facet normal 0.989184 0.14668 0
    outer loop
      vertex -1.79133 -20.1764 0.0999994
      vertex -1.76541 -20.3512 0.2
      vertex -1.76541 -20.3512 0.0999994
    endloop
  endfacet
  facet normal 0.989184 0.14668 0
    outer loop
      vertex -1.76541 -20.3512 -1.9
      vertex -1.79133 -20.1764 -2.6
      vertex -1.79133 -20.1764 -1.9
    endloop
  endfacet
  facet normal 0.989184 0.14668 0
    outer loop
      vertex -1.79133 -20.1764 -2.6
      vertex -1.76541 -20.3512 -1.9
      vertex -1.76541 -20.3512 -2.6
    endloop
  endfacet
  facet normal -0.24287 0.970059 0
    outer loop
      vertex 0.522511 -21.7225 0.0999994
      vertex 0.351162 -21.7654 0.2
      vertex 0.522511 -21.7225 0.2
    endloop
  endfacet
  facet normal -0.24287 0.970059 0
    outer loop
      vertex 0.351162 -21.7654 0.2
      vertex 0.522511 -21.7225 0.0999994
      vertex 0.351162 -21.7654 0.0999994
    endloop
  endfacet
  facet normal -0.24287 0.970059 0
    outer loop
      vertex 0.522511 -21.7225 -2.6
      vertex 0.351162 -21.7654 -1.9
      vertex 0.522511 -21.7225 -1.9
    endloop
  endfacet
  facet normal -0.24287 0.970059 0
    outer loop
      vertex 0.351162 -21.7654 -1.9
      vertex 0.522511 -21.7225 -2.6
      vertex 0.351162 -21.7654 -2.6
    endloop
  endfacet
  facet normal -0.427438 0.904045 0
    outer loop
      vertex 0.848514 -21.5875 0.0999994
      vertex 0.688829 -21.663 0.2
      vertex 0.848514 -21.5875 0.2
    endloop
  endfacet
  facet normal -0.427438 0.904045 0
    outer loop
      vertex 0.688829 -21.663 0.2
      vertex 0.848514 -21.5875 0.0999994
      vertex 0.688829 -21.663 0.0999994
    endloop
  endfacet
  facet normal -0.427438 0.904045 0
    outer loop
      vertex 0.848514 -21.5875 -2.6
      vertex 0.688829 -21.663 -1.9
      vertex 0.848514 -21.5875 -1.9
    endloop
  endfacet
  facet normal -0.427438 0.904045 0
    outer loop
      vertex 0.688829 -21.663 -1.9
      vertex 0.848514 -21.5875 -2.6
      vertex 0.688829 -21.663 -2.6
    endloop
  endfacet
  facet normal -0.740982 -0.671525 0
    outer loop
      vertex 1.39142 -18.8581 0.0999994
      vertex 1.27279 -18.7272 0.2
      vertex 1.27279 -18.7272 0.0999994
    endloop
  endfacet
  facet normal -0.740982 -0.671525 0
    outer loop
      vertex 1.27279 -18.7272 0.2
      vertex 1.39142 -18.8581 0.0999994
      vertex 1.39142 -18.8581 0.2
    endloop
  endfacet
  facet normal -0.740982 -0.671525 0
    outer loop
      vertex 1.39142 -18.8581 -2.6
      vertex 1.27279 -18.7272 -1.9
      vertex 1.27279 -18.7272 -2.6
    endloop
  endfacet
  facet normal -0.740982 -0.671525 0
    outer loop
      vertex 1.27279 -18.7272 -1.9
      vertex 1.39142 -18.8581 -2.6
      vertex 1.39142 -18.8581 -1.9
    endloop
  endfacet
  facet normal 0.336842 -0.941561 0
    outer loop
      vertex -0.688829 -18.337 0.0999994
      vertex -0.522511 -18.2775 0.2
      vertex -0.688829 -18.337 0.2
    endloop
  endfacet
  facet normal 0.336842 -0.941561 0
    outer loop
      vertex -0.522511 -18.2775 0.2
      vertex -0.688829 -18.337 0.0999994
      vertex -0.522511 -18.2775 0.0999994
    endloop
  endfacet
  facet normal 0.336842 -0.941561 0
    outer loop
      vertex -0.688829 -18.337 -2.6
      vertex -0.522511 -18.2775 -1.9
      vertex -0.688829 -18.337 -1.9
    endloop
  endfacet
  facet normal 0.336842 -0.941561 0
    outer loop
      vertex -0.522511 -18.2775 -1.9
      vertex -0.688829 -18.337 -2.6
      vertex -0.522511 -18.2775 -2.6
    endloop
  endfacet
  facet normal -0.336842 -0.941561 0
    outer loop
      vertex 0.522511 -18.2775 0.0999994
      vertex 0.688829 -18.337 0.2
      vertex 0.522511 -18.2775 0.2
    endloop
  endfacet
  facet normal -0.336842 -0.941561 -0
    outer loop
      vertex 0.688829 -18.337 0.2
      vertex 0.522511 -18.2775 0.0999994
      vertex 0.688829 -18.337 0.0999994
    endloop
  endfacet
  facet normal -0.336842 -0.941561 0
    outer loop
      vertex 0.522511 -18.2775 -2.6
      vertex 0.688829 -18.337 -1.9
      vertex 0.522511 -18.2775 -1.9
    endloop
  endfacet
  facet normal -0.336842 -0.941561 -0
    outer loop
      vertex 0.688829 -18.337 -1.9
      vertex 0.522511 -18.2775 -2.6
      vertex 0.688829 -18.337 -2.6
    endloop
  endfacet
  facet normal 0.671488 -0.741015 0
    outer loop
      vertex -1.27279 -18.7272 0.0999994
      vertex -1.14191 -18.6086 0.2
      vertex -1.27279 -18.7272 0.2
    endloop
  endfacet
  facet normal 0.671488 -0.741015 0
    outer loop
      vertex -1.14191 -18.6086 0.2
      vertex -1.27279 -18.7272 0.0999994
      vertex -1.14191 -18.6086 0.0999994
    endloop
  endfacet
  facet normal 0.671488 -0.741015 0
    outer loop
      vertex -1.27279 -18.7272 -2.6
      vertex -1.14191 -18.6086 -1.9
      vertex -1.27279 -18.7272 -1.9
    endloop
  endfacet
  facet normal 0.671488 -0.741015 0
    outer loop
      vertex -1.14191 -18.6086 -1.9
      vertex -1.27279 -18.7272 -2.6
      vertex -1.14191 -18.6086 -2.6
    endloop
  endfacet
  facet normal -0.904017 0.427497 0
    outer loop
      vertex 1.58746 -20.8485 0.0999994
      vertex 1.66298 -20.6888 0.2
      vertex 1.66298 -20.6888 0.0999994
    endloop
  endfacet
  facet normal -0.904017 0.427497 0
    outer loop
      vertex 1.66298 -20.6888 0.2
      vertex 1.58746 -20.8485 0.0999994
      vertex 1.58746 -20.8485 0.2
    endloop
  endfacet
  facet normal -0.904017 0.427497 0
    outer loop
      vertex 1.58746 -20.8485 -2.6
      vertex 1.66298 -20.6888 -1.9
      vertex 1.66298 -20.6888 -2.6
    endloop
  endfacet
  facet normal -0.904017 0.427497 0
    outer loop
      vertex 1.66298 -20.6888 -1.9
      vertex 1.58746 -20.8485 -2.6
      vertex 1.58746 -20.8485 -1.9
    endloop
  endfacet
  facet normal -0.146626 -0.989192 0
    outer loop
      vertex 0.176431 -18.2087 0.0999994
      vertex 0.351162 -18.2346 0.2
      vertex 0.176431 -18.2087 0.2
    endloop
  endfacet
  facet normal -0.146626 -0.989192 -0
    outer loop
      vertex 0.351162 -18.2346 0.2
      vertex 0.176431 -18.2087 0.0999994
      vertex 0.351162 -18.2346 0.0999994
    endloop
  endfacet
  facet normal -0.146626 -0.989192 0
    outer loop
      vertex 0.176431 -18.2087 -2.6
      vertex 0.351162 -18.2346 -1.9
      vertex 0.176431 -18.2087 -1.9
    endloop
  endfacet
  facet normal -0.146626 -0.989192 -0
    outer loop
      vertex 0.351162 -18.2346 -1.9
      vertex 0.176431 -18.2087 -2.6
      vertex 0.351162 -18.2346 -2.6
    endloop
  endfacet
  facet normal 0.740982 -0.671525 0
    outer loop
      vertex -1.39142 -18.8581 0.2
      vertex -1.27279 -18.7272 0.0999994
      vertex -1.27279 -18.7272 0.2
    endloop
  endfacet
  facet normal 0.740982 -0.671525 0
    outer loop
      vertex -1.27279 -18.7272 0.0999994
      vertex -1.39142 -18.8581 0.2
      vertex -1.39142 -18.8581 0.0999994
    endloop
  endfacet
  facet normal 0.740982 -0.671525 0
    outer loop
      vertex -1.39142 -18.8581 -1.9
      vertex -1.27279 -18.7272 -2.6
      vertex -1.27279 -18.7272 -1.9
    endloop
  endfacet
  facet normal 0.740982 -0.671525 0
    outer loop
      vertex -1.27279 -18.7272 -2.6
      vertex -1.39142 -18.8581 -1.9
      vertex -1.39142 -18.8581 -2.6
    endloop
  endfacet
  facet normal -0.0492512 -0.998786 0
    outer loop
      vertex 0 -18.2 0.0999994
      vertex 0.176431 -18.2087 0.2
      vertex 0 -18.2 0.2
    endloop
  endfacet
  facet normal -0.0492512 -0.998786 -0
    outer loop
      vertex 0.176431 -18.2087 0.2
      vertex 0 -18.2 0.0999994
      vertex 0.176431 -18.2087 0.0999994
    endloop
  endfacet
  facet normal -0.0492512 -0.998786 0
    outer loop
      vertex 0 -18.2 -2.6
      vertex 0.176431 -18.2087 -1.9
      vertex 0 -18.2 -1.9
    endloop
  endfacet
  facet normal -0.0492512 -0.998786 -0
    outer loop
      vertex 0.176431 -18.2087 -1.9
      vertex 0 -18.2 -2.6
      vertex 0.176431 -18.2087 -2.6
    endloop
  endfacet
  facet normal -0.941532 0.336925 0
    outer loop
      vertex 1.66298 -20.6888 0.0999994
      vertex 1.72249 -20.5225 0.2
      vertex 1.72249 -20.5225 0.0999994
    endloop
  endfacet
  facet normal -0.941532 0.336925 0
    outer loop
      vertex 1.72249 -20.5225 0.2
      vertex 1.66298 -20.6888 0.0999994
      vertex 1.66298 -20.6888 0.2
    endloop
  endfacet
  facet normal -0.941532 0.336925 0
    outer loop
      vertex 1.66298 -20.6888 -2.6
      vertex 1.72249 -20.5225 -1.9
      vertex 1.72249 -20.5225 -2.6
    endloop
  endfacet
  facet normal -0.941532 0.336925 0
    outer loop
      vertex 1.72249 -20.5225 -1.9
      vertex 1.66298 -20.6888 -2.6
      vertex 1.66298 -20.6888 -1.9
    endloop
  endfacet
  facet normal 0.146626 -0.989192 0
    outer loop
      vertex -0.351162 -18.2346 0.0999994
      vertex -0.176431 -18.2087 0.2
      vertex -0.351162 -18.2346 0.2
    endloop
  endfacet
  facet normal 0.146626 -0.989192 0
    outer loop
      vertex -0.176431 -18.2087 0.2
      vertex -0.351162 -18.2346 0.0999994
      vertex -0.176431 -18.2087 0.0999994
    endloop
  endfacet
  facet normal 0.146626 -0.989192 0
    outer loop
      vertex -0.351162 -18.2346 -2.6
      vertex -0.176431 -18.2087 -1.9
      vertex -0.351162 -18.2346 -1.9
    endloop
  endfacet
  facet normal 0.146626 -0.989192 0
    outer loop
      vertex -0.176431 -18.2087 -1.9
      vertex -0.351162 -18.2346 -2.6
      vertex -0.176431 -18.2087 -2.6
    endloop
  endfacet
  facet normal 0.941532 -0.336925 0
    outer loop
      vertex -1.72249 -19.4775 0.2
      vertex -1.66298 -19.3112 0.0999994
      vertex -1.66298 -19.3112 0.2
    endloop
  endfacet
  facet normal 0.941532 -0.336925 0
    outer loop
      vertex -1.66298 -19.3112 0.0999994
      vertex -1.72249 -19.4775 0.2
      vertex -1.72249 -19.4775 0.0999994
    endloop
  endfacet
  facet normal 0.941532 -0.336925 0
    outer loop
      vertex -1.72249 -19.4775 -1.9
      vertex -1.66298 -19.3112 -2.6
      vertex -1.66298 -19.3112 -1.9
    endloop
  endfacet
  facet normal 0.941532 -0.336925 0
    outer loop
      vertex -1.66298 -19.3112 -2.6
      vertex -1.72249 -19.4775 -1.9
      vertex -1.72249 -19.4775 -2.6
    endloop
  endfacet
  facet normal 0.998794 0.0490904 0
    outer loop
      vertex -1.79133 -20.1764 0.2
      vertex -1.8 -20 0.0999994
      vertex -1.8 -20 0.2
    endloop
  endfacet
  facet normal 0.998794 0.0490904 0
    outer loop
      vertex -1.8 -20 0.0999994
      vertex -1.79133 -20.1764 0.2
      vertex -1.79133 -20.1764 0.0999994
    endloop
  endfacet
  facet normal 0.998794 0.0490904 0
    outer loop
      vertex -1.79133 -20.1764 -1.9
      vertex -1.8 -20 -2.6
      vertex -1.8 -20 -1.9
    endloop
  endfacet
  facet normal 0.998794 0.0490904 0
    outer loop
      vertex -1.8 -20 -2.6
      vertex -1.79133 -20.1764 -1.9
      vertex -1.79133 -20.1764 -2.6
    endloop
  endfacet
  facet normal 0.803262 0.595625 0
    outer loop
      vertex -1.39142 -21.1419 0.2
      vertex -1.49664 -21 0.0999994
      vertex -1.49664 -21 0.2
    endloop
  endfacet
  facet normal 0.803262 0.595625 0
    outer loop
      vertex -1.49664 -21 0.0999994
      vertex -1.39142 -21.1419 0.2
      vertex -1.39142 -21.1419 0.0999994
    endloop
  endfacet
  facet normal 0.803262 0.595625 0
    outer loop
      vertex -1.39142 -21.1419 -1.9
      vertex -1.49664 -21 -2.6
      vertex -1.49664 -21 -1.9
    endloop
  endfacet
  facet normal 0.803262 0.595625 0
    outer loop
      vertex -1.49664 -21 -2.6
      vertex -1.39142 -21.1419 -1.9
      vertex -1.39142 -21.1419 -2.6
    endloop
  endfacet
  facet normal -0.595607 0.803276 0
    outer loop
      vertex 1.14191 -21.3914 0.0999994
      vertex 1.00003 -21.4966 0.2
      vertex 1.14191 -21.3914 0.2
    endloop
  endfacet
  facet normal -0.595607 0.803276 0
    outer loop
      vertex 1.00003 -21.4966 0.2
      vertex 1.14191 -21.3914 0.0999994
      vertex 1.00003 -21.4966 0.0999994
    endloop
  endfacet
  facet normal -0.595607 0.803276 0
    outer loop
      vertex 1.14191 -21.3914 -2.6
      vertex 1.00003 -21.4966 -1.9
      vertex 1.14191 -21.3914 -1.9
    endloop
  endfacet
  facet normal -0.595607 0.803276 0
    outer loop
      vertex 1.00003 -21.4966 -1.9
      vertex 1.14191 -21.3914 -2.6
      vertex 1.00003 -21.4966 -2.6
    endloop
  endfacet
  facet normal 0.336842 0.941561 -0
    outer loop
      vertex -0.522511 -21.7225 0.0999994
      vertex -0.688829 -21.663 0.2
      vertex -0.522511 -21.7225 0.2
    endloop
  endfacet
  facet normal 0.336842 0.941561 0
    outer loop
      vertex -0.688829 -21.663 0.2
      vertex -0.522511 -21.7225 0.0999994
      vertex -0.688829 -21.663 0.0999994
    endloop
  endfacet
  facet normal 0.336842 0.941561 -0
    outer loop
      vertex -0.522511 -21.7225 -2.6
      vertex -0.688829 -21.663 -1.9
      vertex -0.522511 -21.7225 -1.9
    endloop
  endfacet
  facet normal 0.336842 0.941561 0
    outer loop
      vertex -0.688829 -21.663 -1.9
      vertex -0.522511 -21.7225 -2.6
      vertex -0.688829 -21.663 -2.6
    endloop
  endfacet
  facet normal 0.0492512 0.998786 -0
    outer loop
      vertex 0 -21.8 0.0999994
      vertex -0.176431 -21.7913 0.2
      vertex 0 -21.8 0.2
    endloop
  endfacet
  facet normal 0.0492512 0.998786 0
    outer loop
      vertex -0.176431 -21.7913 0.2
      vertex 0 -21.8 0.0999994
      vertex -0.176431 -21.7913 0.0999994
    endloop
  endfacet
  facet normal 0.0492512 0.998786 -0
    outer loop
      vertex 0 -21.8 -2.6
      vertex -0.176431 -21.7913 -1.9
      vertex 0 -21.8 -1.9
    endloop
  endfacet
  facet normal 0.0492512 0.998786 0
    outer loop
      vertex -0.176431 -21.7913 -1.9
      vertex 0 -21.8 -2.6
      vertex -0.176431 -21.7913 -2.6
    endloop
  endfacet
  facet normal 0.904017 0.427497 0
    outer loop
      vertex -1.58746 -20.8485 0.2
      vertex -1.66298 -20.6888 0.0999994
      vertex -1.66298 -20.6888 0.2
    endloop
  endfacet
  facet normal 0.904017 0.427497 0
    outer loop
      vertex -1.66298 -20.6888 0.0999994
      vertex -1.58746 -20.8485 0.2
      vertex -1.58746 -20.8485 0.0999994
    endloop
  endfacet
  facet normal 0.904017 0.427497 0
    outer loop
      vertex -1.58746 -20.8485 -1.9
      vertex -1.66298 -20.6888 -2.6
      vertex -1.66298 -20.6888 -1.9
    endloop
  endfacet
  facet normal 0.904017 0.427497 0
    outer loop
      vertex -1.66298 -20.6888 -2.6
      vertex -1.58746 -20.8485 -1.9
      vertex -1.58746 -20.8485 -2.6
    endloop
  endfacet
  facet normal 0.595607 0.803276 -0
    outer loop
      vertex -1.00003 -21.4966 0.0999994
      vertex -1.14191 -21.3914 0.2
      vertex -1.00003 -21.4966 0.2
    endloop
  endfacet
  facet normal 0.595607 0.803276 0
    outer loop
      vertex -1.14191 -21.3914 0.2
      vertex -1.00003 -21.4966 0.0999994
      vertex -1.14191 -21.3914 0.0999994
    endloop
  endfacet
  facet normal 0.595607 0.803276 -0
    outer loop
      vertex -1.00003 -21.4966 -2.6
      vertex -1.14191 -21.3914 -1.9
      vertex -1.00003 -21.4966 -1.9
    endloop
  endfacet
  facet normal 0.595607 0.803276 0
    outer loop
      vertex -1.14191 -21.3914 -1.9
      vertex -1.00003 -21.4966 -2.6
      vertex -1.14191 -21.3914 -2.6
    endloop
  endfacet
  facet normal 0.989184 -0.14668 0
    outer loop
      vertex -1.79133 -19.8236 0.2
      vertex -1.76541 -19.6488 0.0999994
      vertex -1.76541 -19.6488 0.2
    endloop
  endfacet
  facet normal 0.989184 -0.14668 0
    outer loop
      vertex -1.76541 -19.6488 0.0999994
      vertex -1.79133 -19.8236 0.2
      vertex -1.79133 -19.8236 0.0999994
    endloop
  endfacet
  facet normal 0.989184 -0.14668 0
    outer loop
      vertex -1.79133 -19.8236 -1.9
      vertex -1.76541 -19.6488 -2.6
      vertex -1.76541 -19.6488 -1.9
    endloop
  endfacet
  facet normal 0.989184 -0.14668 0
    outer loop
      vertex -1.76541 -19.6488 -2.6
      vertex -1.79133 -19.8236 -1.9
      vertex -1.79133 -19.8236 -2.6
    endloop
  endfacet
  facet normal -0.857693 0.514163 0
    outer loop
      vertex 1.49664 -21 0.0999994
      vertex 1.58746 -20.8485 0.2
      vertex 1.58746 -20.8485 0.0999994
    endloop
  endfacet
  facet normal -0.857693 0.514163 0
    outer loop
      vertex 1.58746 -20.8485 0.2
      vertex 1.49664 -21 0.0999994
      vertex 1.49664 -21 0.2
    endloop
  endfacet
  facet normal -0.857693 0.514163 0
    outer loop
      vertex 1.49664 -21 -2.6
      vertex 1.58746 -20.8485 -1.9
      vertex 1.58746 -20.8485 -2.6
    endloop
  endfacet
  facet normal -0.857693 0.514163 0
    outer loop
      vertex 1.58746 -20.8485 -1.9
      vertex 1.49664 -21 -2.6
      vertex 1.49664 -21 -1.9
    endloop
  endfacet
  facet normal -0.514456 0.857517 0
    outer loop
      vertex 1.00003 -21.4966 0.0999994
      vertex 0.848514 -21.5875 0.2
      vertex 1.00003 -21.4966 0.2
    endloop
  endfacet
  facet normal -0.514456 0.857517 0
    outer loop
      vertex 0.848514 -21.5875 0.2
      vertex 1.00003 -21.4966 0.0999994
      vertex 0.848514 -21.5875 0.0999994
    endloop
  endfacet
  facet normal -0.514456 0.857517 0
    outer loop
      vertex 1.00003 -21.4966 -2.6
      vertex 0.848514 -21.5875 -1.9
      vertex 1.00003 -21.4966 -1.9
    endloop
  endfacet
  facet normal -0.514456 0.857517 0
    outer loop
      vertex 0.848514 -21.5875 -1.9
      vertex 1.00003 -21.4966 -2.6
      vertex 0.848514 -21.5875 -2.6
    endloop
  endfacet
  facet normal 0 0 -1
    outer loop
      vertex 1.79133 -20.1764 0.2
      vertex 1.79133 -19.8236 0.2
      vertex 1.8 -20 0.2
    endloop
  endfacet
  facet normal 0 0 -1
    outer loop
      vertex 1.76541 -20.3512 0.2
      vertex 1.79133 -19.8236 0.2
      vertex 1.79133 -20.1764 0.2
    endloop
  endfacet
  facet normal 0 0 -1
    outer loop
      vertex 1.76541 -20.3512 0.2
      vertex 1.76541 -19.6488 0.2
      vertex 1.79133 -19.8236 0.2
    endloop
  endfacet
  facet normal 0 0 -1
    outer loop
      vertex 1.72249 -20.5225 0.2
      vertex 1.76541 -19.6488 0.2
      vertex 1.76541 -20.3512 0.2
    endloop
  endfacet
  facet normal 0 0 -1
    outer loop
      vertex 1.72249 -20.5225 0.2
      vertex 1.72249 -19.4775 0.2
      vertex 1.76541 -19.6488 0.2
    endloop
  endfacet
  facet normal 0 0 -1
    outer loop
      vertex 1.66298 -20.6888 0.2
      vertex 1.72249 -19.4775 0.2
      vertex 1.72249 -20.5225 0.2
    endloop
  endfacet
  facet normal 0 0 -1
    outer loop
      vertex 1.66298 -20.6888 0.2
      vertex 1.66298 -19.3112 0.2
      vertex 1.72249 -19.4775 0.2
    endloop
  endfacet
  facet normal 0 0 -1
    outer loop
      vertex 1.58746 -20.8485 0.2
      vertex 1.66298 -19.3112 0.2
      vertex 1.66298 -20.6888 0.2
    endloop
  endfacet
  facet normal 0 0 -1
    outer loop
      vertex 1.58746 -20.8485 0.2
      vertex 1.58746 -19.1515 0.2
      vertex 1.66298 -19.3112 0.2
    endloop
  endfacet
  facet normal 0 0 -1
    outer loop
      vertex 1.49664 -21 0.2
      vertex 1.58746 -19.1515 0.2
      vertex 1.58746 -20.8485 0.2
    endloop
  endfacet
  facet normal 0 0 -1
    outer loop
      vertex 1.49664 -21 0.2
      vertex 1.49664 -19 0.2
      vertex 1.58746 -19.1515 0.2
    endloop
  endfacet
  facet normal 0 0 -1
    outer loop
      vertex 1.39142 -21.1419 0.2
      vertex 1.49664 -19 0.2
      vertex 1.49664 -21 0.2
    endloop
  endfacet
  facet normal 0 0 -1
    outer loop
      vertex 1.39142 -21.1419 0.2
      vertex 1.39142 -18.8581 0.2
      vertex 1.49664 -19 0.2
    endloop
  endfacet
  facet normal 0 0 -1
    outer loop
      vertex 1.27279 -21.2728 0.2
      vertex 1.39142 -18.8581 0.2
      vertex 1.39142 -21.1419 0.2
    endloop
  endfacet
  facet normal 0 0 -1
    outer loop
      vertex 1.27279 -21.2728 0.2
      vertex 1.27279 -18.7272 0.2
      vertex 1.39142 -18.8581 0.2
    endloop
  endfacet
  facet normal 0 0 -1
    outer loop
      vertex 1.14191 -21.3914 0.2
      vertex 1.27279 -18.7272 0.2
      vertex 1.27279 -21.2728 0.2
    endloop
  endfacet
  facet normal 0 0 -1
    outer loop
      vertex 1.14191 -21.3914 0.2
      vertex 1.14191 -18.6086 0.2
      vertex 1.27279 -18.7272 0.2
    endloop
  endfacet
  facet normal 0 0 -1
    outer loop
      vertex 1.00003 -21.4966 0.2
      vertex 1.14191 -18.6086 0.2
      vertex 1.14191 -21.3914 0.2
    endloop
  endfacet
  facet normal 0 0 -1
    outer loop
      vertex 1.00003 -21.4966 0.2
      vertex 1.00003 -18.5034 0.2
      vertex 1.14191 -18.6086 0.2
    endloop
  endfacet
  facet normal 0 0 -1
    outer loop
      vertex 0.848514 -21.5875 0.2
      vertex 1.00003 -18.5034 0.2
      vertex 1.00003 -21.4966 0.2
    endloop
  endfacet
  facet normal 0 0 -1
    outer loop
      vertex 0.848514 -21.5875 0.2
      vertex 0.848514 -18.4125 0.2
      vertex 1.00003 -18.5034 0.2
    endloop
  endfacet
  facet normal 0 0 -1
    outer loop
      vertex 0.688829 -21.663 0.2
      vertex 0.848514 -18.4125 0.2
      vertex 0.848514 -21.5875 0.2
    endloop
  endfacet
  facet normal 0 0 -1
    outer loop
      vertex 0.688829 -21.663 0.2
      vertex 0.688829 -18.337 0.2
      vertex 0.848514 -18.4125 0.2
    endloop
  endfacet
  facet normal 0 0 -1
    outer loop
      vertex 0.522511 -21.7225 0.2
      vertex 0.688829 -18.337 0.2
      vertex 0.688829 -21.663 0.2
    endloop
  endfacet
  facet normal 0 0 -1
    outer loop
      vertex 0.522511 -21.7225 0.2
      vertex 0.522511 -18.2775 0.2
      vertex 0.688829 -18.337 0.2
    endloop
  endfacet
  facet normal 0 0 -1
    outer loop
      vertex 0.351162 -21.7654 0.2
      vertex 0.522511 -18.2775 0.2
      vertex 0.522511 -21.7225 0.2
    endloop
  endfacet
  facet normal 0 0 -1
    outer loop
      vertex 0.351162 -21.7654 0.2
      vertex 0.351162 -18.2346 0.2
      vertex 0.522511 -18.2775 0.2
    endloop
  endfacet
  facet normal 0 0 -1
    outer loop
      vertex 0.176431 -21.7913 0.2
      vertex 0.351162 -18.2346 0.2
      vertex 0.351162 -21.7654 0.2
    endloop
  endfacet
  facet normal 0 0 -1
    outer loop
      vertex 0.176431 -21.7913 0.2
      vertex 0.176431 -18.2087 0.2
      vertex 0.351162 -18.2346 0.2
    endloop
  endfacet
  facet normal 0 0 -1
    outer loop
      vertex 0 -21.8 0.2
      vertex 0.176431 -18.2087 0.2
      vertex 0.176431 -21.7913 0.2
    endloop
  endfacet
  facet normal 0 0 -1
    outer loop
      vertex 0 -21.8 0.2
      vertex 0 -18.2 0.2
      vertex 0.176431 -18.2087 0.2
    endloop
  endfacet
  facet normal 0 0 -1
    outer loop
      vertex -0.176431 -21.7913 0.2
      vertex 0 -18.2 0.2
      vertex 0 -21.8 0.2
    endloop
  endfacet
  facet normal 0 0 -1
    outer loop
      vertex -0.176431 -21.7913 0.2
      vertex -0.176431 -18.2087 0.2
      vertex 0 -18.2 0.2
    endloop
  endfacet
  facet normal 0 0 -1
    outer loop
      vertex -0.351162 -21.7654 0.2
      vertex -0.176431 -18.2087 0.2
      vertex -0.176431 -21.7913 0.2
    endloop
  endfacet
  facet normal 0 0 -1
    outer loop
      vertex -0.351162 -21.7654 0.2
      vertex -0.351162 -18.2346 0.2
      vertex -0.176431 -18.2087 0.2
    endloop
  endfacet
  facet normal 0 0 -1
    outer loop
      vertex -0.522511 -21.7225 0.2
      vertex -0.351162 -18.2346 0.2
      vertex -0.351162 -21.7654 0.2
    endloop
  endfacet
  facet normal 0 0 -1
    outer loop
      vertex -0.522511 -21.7225 0.2
      vertex -0.522511 -18.2775 0.2
      vertex -0.351162 -18.2346 0.2
    endloop
  endfacet
  facet normal 0 0 -1
    outer loop
      vertex -0.688829 -21.663 0.2
      vertex -0.522511 -18.2775 0.2
      vertex -0.522511 -21.7225 0.2
    endloop
  endfacet
  facet normal 0 0 -1
    outer loop
      vertex -0.688829 -21.663 0.2
      vertex -0.688829 -18.337 0.2
      vertex -0.522511 -18.2775 0.2
    endloop
  endfacet
  facet normal 0 0 -1
    outer loop
      vertex -0.848514 -21.5875 0.2
      vertex -0.688829 -18.337 0.2
      vertex -0.688829 -21.663 0.2
    endloop
  endfacet
  facet normal 0 0 -1
    outer loop
      vertex -0.848514 -21.5875 0.2
      vertex -0.848514 -18.4125 0.2
      vertex -0.688829 -18.337 0.2
    endloop
  endfacet
  facet normal 0 0 -1
    outer loop
      vertex -1.00003 -21.4966 0.2
      vertex -0.848514 -18.4125 0.2
      vertex -0.848514 -21.5875 0.2
    endloop
  endfacet
  facet normal 0 0 -1
    outer loop
      vertex -1.00003 -21.4966 0.2
      vertex -1.00003 -18.5034 0.2
      vertex -0.848514 -18.4125 0.2
    endloop
  endfacet
  facet normal 0 0 -1
    outer loop
      vertex -1.14191 -21.3914 0.2
      vertex -1.00003 -18.5034 0.2
      vertex -1.00003 -21.4966 0.2
    endloop
  endfacet
  facet normal 0 0 -1
    outer loop
      vertex -1.14191 -21.3914 0.2
      vertex -1.14191 -18.6086 0.2
      vertex -1.00003 -18.5034 0.2
    endloop
  endfacet
  facet normal 0 0 -1
    outer loop
      vertex -1.27279 -21.2728 0.2
      vertex -1.14191 -18.6086 0.2
      vertex -1.14191 -21.3914 0.2
    endloop
  endfacet
  facet normal 0 0 -1
    outer loop
      vertex -1.27279 -21.2728 0.2
      vertex -1.27279 -18.7272 0.2
      vertex -1.14191 -18.6086 0.2
    endloop
  endfacet
  facet normal 0 0 -1
    outer loop
      vertex -1.39142 -21.1419 0.2
      vertex -1.27279 -18.7272 0.2
      vertex -1.27279 -21.2728 0.2
    endloop
  endfacet
  facet normal 0 0 -1
    outer loop
      vertex -1.39142 -21.1419 0.2
      vertex -1.39142 -18.8581 0.2
      vertex -1.27279 -18.7272 0.2
    endloop
  endfacet
  facet normal 0 0 -1
    outer loop
      vertex -1.49664 -21 0.2
      vertex -1.39142 -18.8581 0.2
      vertex -1.39142 -21.1419 0.2
    endloop
  endfacet
  facet normal 0 0 -1
    outer loop
      vertex -1.49664 -21 0.2
      vertex -1.49664 -19 0.2
      vertex -1.39142 -18.8581 0.2
    endloop
  endfacet
  facet normal 0 0 -1
    outer loop
      vertex -1.58746 -20.8485 0.2
      vertex -1.49664 -19 0.2
      vertex -1.49664 -21 0.2
    endloop
  endfacet
  facet normal 0 0 -1
    outer loop
      vertex -1.58746 -20.8485 0.2
      vertex -1.58746 -19.1515 0.2
      vertex -1.49664 -19 0.2
    endloop
  endfacet
  facet normal 0 0 -1
    outer loop
      vertex -1.66298 -20.6888 0.2
      vertex -1.58746 -19.1515 0.2
      vertex -1.58746 -20.8485 0.2
    endloop
  endfacet
  facet normal 0 0 -1
    outer loop
      vertex -1.66298 -20.6888 0.2
      vertex -1.66298 -19.3112 0.2
      vertex -1.58746 -19.1515 0.2
    endloop
  endfacet
  facet normal 0 0 -1
    outer loop
      vertex -1.72249 -20.5225 0.2
      vertex -1.66298 -19.3112 0.2
      vertex -1.66298 -20.6888 0.2
    endloop
  endfacet
  facet normal 0 0 -1
    outer loop
      vertex -1.72249 -20.5225 0.2
      vertex -1.72249 -19.4775 0.2
      vertex -1.66298 -19.3112 0.2
    endloop
  endfacet
  facet normal 0 0 -1
    outer loop
      vertex -1.76541 -20.3512 0.2
      vertex -1.72249 -19.4775 0.2
      vertex -1.72249 -20.5225 0.2
    endloop
  endfacet
  facet normal 0 0 -1
    outer loop
      vertex -1.76541 -20.3512 0.2
      vertex -1.76541 -19.6488 0.2
      vertex -1.72249 -19.4775 0.2
    endloop
  endfacet
  facet normal 0 0 -1
    outer loop
      vertex -1.79133 -20.1764 0.2
      vertex -1.76541 -19.6488 0.2
      vertex -1.76541 -20.3512 0.2
    endloop
  endfacet
  facet normal 0 0 -1
    outer loop
      vertex -1.79133 -20.1764 0.2
      vertex -1.79133 -19.8236 0.2
      vertex -1.76541 -19.6488 0.2
    endloop
  endfacet
  facet normal 0 -0 -1
    outer loop
      vertex -1.79133 -19.8236 0.2
      vertex -1.79133 -20.1764 0.2
      vertex -1.8 -20 0.2
    endloop
  endfacet
  facet normal -0.24287 -0.970059 0
    outer loop
      vertex 0.351162 -18.2346 0.0999994
      vertex 0.522511 -18.2775 0.2
      vertex 0.351162 -18.2346 0.2
    endloop
  endfacet
  facet normal -0.24287 -0.970059 -0
    outer loop
      vertex 0.522511 -18.2775 0.2
      vertex 0.351162 -18.2346 0.0999994
      vertex 0.522511 -18.2775 0.0999994
    endloop
  endfacet
  facet normal -0.24287 -0.970059 0
    outer loop
      vertex 0.351162 -18.2346 -2.6
      vertex 0.522511 -18.2775 -1.9
      vertex 0.351162 -18.2346 -1.9
    endloop
  endfacet
  facet normal -0.24287 -0.970059 -0
    outer loop
      vertex 0.522511 -18.2775 -1.9
      vertex 0.351162 -18.2346 -2.6
      vertex 0.522511 -18.2775 -2.6
    endloop
  endfacet
  facet normal -0.336842 0.941561 0
    outer loop
      vertex 0.688829 -21.663 0.0999994
      vertex 0.522511 -21.7225 0.2
      vertex 0.688829 -21.663 0.2
    endloop
  endfacet
  facet normal -0.336842 0.941561 0
    outer loop
      vertex 0.522511 -21.7225 0.2
      vertex 0.688829 -21.663 0.0999994
      vertex 0.522511 -21.7225 0.0999994
    endloop
  endfacet
  facet normal -0.336842 0.941561 0
    outer loop
      vertex 0.688829 -21.663 -2.6
      vertex 0.522511 -21.7225 -1.9
      vertex 0.688829 -21.663 -1.9
    endloop
  endfacet
  facet normal -0.336842 0.941561 0
    outer loop
      vertex 0.522511 -21.7225 -1.9
      vertex 0.688829 -21.663 -2.6
      vertex 0.522511 -21.7225 -2.6
    endloop
  endfacet
  facet normal 0.857693 -0.514163 0
    outer loop
      vertex -1.58746 -19.1515 0.2
      vertex -1.49664 -19 0.0999994
      vertex -1.49664 -19 0.2
    endloop
  endfacet
  facet normal 0.857693 -0.514163 0
    outer loop
      vertex -1.49664 -19 0.0999994
      vertex -1.58746 -19.1515 0.2
      vertex -1.58746 -19.1515 0.0999994
    endloop
  endfacet
  facet normal 0.857693 -0.514163 0
    outer loop
      vertex -1.58746 -19.1515 -1.9
      vertex -1.49664 -19 -2.6
      vertex -1.49664 -19 -1.9
    endloop
  endfacet
  facet normal 0.857693 -0.514163 0
    outer loop
      vertex -1.49664 -19 -2.6
      vertex -1.58746 -19.1515 -1.9
      vertex -1.58746 -19.1515 -2.6
    endloop
  endfacet
  facet normal -0.989174 -0.146746 0
    outer loop
      vertex 3.73194 -19.6324 -1.9
      vertex 3.67794 -19.2684 0.0999994
      vertex 3.67794 -19.2684 -1.9
    endloop
  endfacet
  facet normal -0.989174 -0.146746 0
    outer loop
      vertex 3.67794 -19.2684 0.0999994
      vertex 3.73194 -19.6324 -1.9
      vertex 3.73194 -19.6324 0.0999994
    endloop
  endfacet
  facet normal -0.998795 -0.0490703 0
    outer loop
      vertex 3.75 -20 -1.9
      vertex 3.73194 -19.6324 0.0999994
      vertex 3.73194 -19.6324 -1.9
    endloop
  endfacet
  facet normal -0.998795 -0.0490703 0
    outer loop
      vertex 3.73194 -19.6324 0.0999994
      vertex 3.75 -20 -1.9
      vertex 3.75 -20 0.0999994
    endloop
  endfacet
  facet normal -0.97004 -0.242945 0
    outer loop
      vertex 3.67794 -19.2684 -1.9
      vertex 3.58853 -18.9114 0.0999994
      vertex 3.58853 -18.9114 -1.9
    endloop
  endfacet
  facet normal -0.97004 -0.242945 0
    outer loop
      vertex 3.58853 -18.9114 0.0999994
      vertex 3.67794 -19.2684 -1.9
      vertex 3.67794 -19.2684 0.0999994
    endloop
  endfacet
  facet normal 0.514116 0.857721 -0
    outer loop
      vertex -1.76774 -23.3072 -1.9
      vertex -2.08339 -23.118 0.0999994
      vertex -1.76774 -23.3072 0.0999994
    endloop
  endfacet
  facet normal 0.514116 0.857721 0
    outer loop
      vertex -2.08339 -23.118 0.0999994
      vertex -1.76774 -23.3072 -1.9
      vertex -2.08339 -23.118 -1.9
    endloop
  endfacet
  facet normal -0.146736 -0.989176 0
    outer loop
      vertex 0.367564 -16.2681 -1.9
      vertex 0.731588 -16.3221 0.0999994
      vertex 0.367564 -16.2681 0.0999994
    endloop
  endfacet
  facet normal -0.146736 -0.989176 -0
    outer loop
      vertex 0.731588 -16.3221 0.0999994
      vertex 0.367564 -16.2681 -1.9
      vertex 0.731588 -16.3221 -1.9
    endloop
  endfacet
  facet normal 0.427258 0.90413 0
    outer loop
      vertex -1.57155 -23.4 -1.5
      vertex -1.43506 -23.4645 0.0999994
      vertex -1.43506 -23.4645 -1.5
    endloop
  endfacet
  facet normal 0.427453 0.904038 -2.04097e-05
    outer loop
      vertex -1.43506 -23.4645 0.0999994
      vertex -1.57155 -23.4 -1.5
      vertex -1.76774 -23.3072 0.0999994
    endloop
  endfacet
  facet normal 0.427589 0.903973 0
    outer loop
      vertex -1.76774 -23.3072 -1.9
      vertex -1.57155 -23.4 -1.5
      vertex -1.57155 -23.4 -1.9
    endloop
  endfacet
  facet normal 0.427589 0.903973 0
    outer loop
      vertex -1.57155 -23.4 -1.5
      vertex -1.76774 -23.3072 -1.9
      vertex -1.76774 -23.3072 0.0999994
    endloop
  endfacet
  facet normal -0.427453 0.904038 -2.04097e-05
    outer loop
      vertex 1.76774 -23.3072 0.0999994
      vertex 1.57155 -23.4 -1.5
      vertex 1.43506 -23.4645 0.0999994
    endloop
  endfacet
  facet normal -0.427589 0.903973 0
    outer loop
      vertex 1.76774 -23.3072 -1.9
      vertex 1.57155 -23.4 -1.5
      vertex 1.76774 -23.3072 0.0999994
    endloop
  endfacet
  facet normal -0.427589 0.903973 0
    outer loop
      vertex 1.57155 -23.4 -1.5
      vertex 1.76774 -23.3072 -1.9
      vertex 1.57155 -23.4 -1.9
    endloop
  endfacet
  facet normal -0.427258 0.90413 0
    outer loop
      vertex 1.43506 -23.4645 0.0999994
      vertex 1.57155 -23.4 -1.5
      vertex 1.43506 -23.4645 -1.5
    endloop
  endfacet
  facet normal -0.0491835 -0.99879 0
    outer loop
      vertex 0 -16.25 -1.9
      vertex 0.367564 -16.2681 0.0999994
      vertex 0 -16.25 0.0999994
    endloop
  endfacet
  facet normal -0.0491835 -0.99879 -0
    outer loop
      vertex 0.367564 -16.2681 0.0999994
      vertex 0 -16.25 -1.9
      vertex 0.367564 -16.2681 -1.9
    endloop
  endfacet
  facet normal -0.989174 0.146746 0
    outer loop
      vertex 3.67794 -20.7316 -1.9
      vertex 3.73194 -20.3676 0.0999994
      vertex 3.73194 -20.3676 -1.9
    endloop
  endfacet
  facet normal -0.989174 0.146746 0
    outer loop
      vertex 3.73194 -20.3676 0.0999994
      vertex 3.67794 -20.7316 -1.9
      vertex 3.67794 -20.7316 0.0999994
    endloop
  endfacet
  facet normal 0.941544 0.336891 0
    outer loop
      vertex -3.46455 -21.4351 0.0999994
      vertex -3.58853 -21.0886 -1.9
      vertex -3.58853 -21.0886 0.0999994
    endloop
  endfacet
  facet normal 0.941544 0.336891 0
    outer loop
      vertex -3.58853 -21.0886 -1.9
      vertex -3.46455 -21.4351 0.0999994
      vertex -3.46455 -21.4351 -1.9
    endloop
  endfacet
  facet normal 0.903945 0.427648 0
    outer loop
      vertex -3.3072 -21.7677 0.0999994
      vertex -3.46455 -21.4351 -1.9
      vertex -3.46455 -21.4351 0.0999994
    endloop
  endfacet
  facet normal 0.903945 0.427648 0
    outer loop
      vertex -3.46455 -21.4351 -1.9
      vertex -3.3072 -21.7677 0.0999994
      vertex -3.3072 -21.7677 -1.9
    endloop
  endfacet
  facet normal 0.941544 -0.336891 0
    outer loop
      vertex -3.58853 -18.9114 0.0999994
      vertex -3.46455 -18.5649 -1.9
      vertex -3.46455 -18.5649 0.0999994
    endloop
  endfacet
  facet normal 0.941544 -0.336891 0
    outer loop
      vertex -3.46455 -18.5649 -1.9
      vertex -3.58853 -18.9114 0.0999994
      vertex -3.58853 -18.9114 -1.9
    endloop
  endfacet
  facet normal 0.595669 -0.80323 0
    outer loop
      vertex -2.37897 -17.1012 -1.9
      vertex -2.08339 -16.882 0.0999994
      vertex -2.37897 -17.1012 0.0999994
    endloop
  endfacet
  facet normal 0.595669 -0.80323 0
    outer loop
      vertex -2.08339 -16.882 0.0999994
      vertex -2.37897 -17.1012 -1.9
      vertex -2.08339 -16.882 -1.9
    endloop
  endfacet
  facet normal 0.427675 -0.903932 0
    outer loop
      vertex -1.76774 -16.6928 -1.9
      vertex -1.43506 -16.5354 0.0999994
      vertex -1.76774 -16.6928 0.0999994
    endloop
  endfacet
  facet normal 0.427675 -0.903932 0
    outer loop
      vertex -1.43506 -16.5354 0.0999994
      vertex -1.76774 -16.6928 -1.9
      vertex -1.43506 -16.5354 -1.9
    endloop
  endfacet
  facet normal -0.514116 0.857721 0
    outer loop
      vertex 2.08339 -23.118 -1.9
      vertex 1.76774 -23.3072 0.0999994
      vertex 2.08339 -23.118 0.0999994
    endloop
  endfacet
  facet normal -0.514116 0.857721 0
    outer loop
      vertex 1.76774 -23.3072 0.0999994
      vertex 2.08339 -23.118 -1.9
      vertex 1.76774 -23.3072 -1.9
    endloop
  endfacet
  facet normal 0.740857 0.671663 0
    outer loop
      vertex -2.65165 -22.6516 0.0999994
      vertex -2.89879 -22.379 -1.9
      vertex -2.89879 -22.379 0.0999994
    endloop
  endfacet
  facet normal 0.740857 0.671663 0
    outer loop
      vertex -2.89879 -22.379 -1.9
      vertex -2.65165 -22.6516 0.0999994
      vertex -2.65165 -22.6516 -1.9
    endloop
  endfacet
  facet normal -0.903945 -0.427648 0
    outer loop
      vertex 3.46455 -18.5649 -1.9
      vertex 3.3072 -18.2323 0.0999994
      vertex 3.3072 -18.2323 -1.9
    endloop
  endfacet
  facet normal -0.903945 -0.427648 0
    outer loop
      vertex 3.3072 -18.2323 0.0999994
      vertex 3.46455 -18.5649 -1.9
      vertex 3.46455 -18.5649 0.0999994
    endloop
  endfacet
  facet normal -0.998795 0.0490703 0
    outer loop
      vertex 3.73194 -20.3676 -1.9
      vertex 3.75 -20 0.0999994
      vertex 3.75 -20 -1.9
    endloop
  endfacet
  facet normal -0.998795 0.0490703 0
    outer loop
      vertex 3.75 -20 0.0999994
      vertex 3.73194 -20.3676 -1.9
      vertex 3.73194 -20.3676 0.0999994
    endloop
  endfacet
  facet normal -0.595669 0.80323 0
    outer loop
      vertex 2.37897 -22.8988 -1.9
      vertex 2.08339 -23.118 0.0999994
      vertex 2.37897 -22.8988 0.0999994
    endloop
  endfacet
  facet normal -0.595669 0.80323 0
    outer loop
      vertex 2.08339 -23.118 0.0999994
      vertex 2.37897 -22.8988 -1.9
      vertex 2.08339 -23.118 -1.9
    endloop
  endfacet
  facet normal -0.146736 0.989176 0
    outer loop
      vertex 0.731588 -23.6779 -1.5
      vertex 0.367564 -23.7319 0.0999994
      vertex 0.731588 -23.6779 0.0999994
    endloop
  endfacet
  facet normal -0.146736 0.989176 0
    outer loop
      vertex 0.367564 -23.7319 0.0999994
      vertex 0.731588 -23.6779 -1.5
      vertex 0.367564 -23.7319 -1.5
    endloop
  endfacet
  facet normal -0.336947 0.941523 0
    outer loop
      vertex 1.43506 -23.4645 -1.5
      vertex 1.08857 -23.5885 0.0999994
      vertex 1.43506 -23.4645 0.0999994
    endloop
  endfacet
  facet normal -0.336947 0.941523 0
    outer loop
      vertex 1.08857 -23.5885 0.0999994
      vertex 1.43506 -23.4645 -1.5
      vertex 1.08857 -23.5885 -1.5
    endloop
  endfacet
  facet normal 0.857769 -0.514036 0
    outer loop
      vertex -3.3072 -18.2323 0.0999994
      vertex -3.11801 -17.9166 -1.9
      vertex -3.11801 -17.9166 0.0999994
    endloop
  endfacet
  facet normal 0.857769 -0.514036 0
    outer loop
      vertex -3.11801 -17.9166 -1.9
      vertex -3.3072 -18.2323 0.0999994
      vertex -3.3072 -18.2323 -1.9
    endloop
  endfacet
  facet normal -0.514116 -0.857721 0
    outer loop
      vertex 1.76774 -16.6928 -1.9
      vertex 2.08339 -16.882 0.0999994
      vertex 1.76774 -16.6928 0.0999994
    endloop
  endfacet
  facet normal -0.514116 -0.857721 -0
    outer loop
      vertex 2.08339 -16.882 0.0999994
      vertex 1.76774 -16.6928 -1.9
      vertex 2.08339 -16.882 -1.9
    endloop
  endfacet
  facet normal -0.803223 -0.595678 0
    outer loop
      vertex 3.11801 -17.9166 -1.9
      vertex 2.89879 -17.621 0.0999994
      vertex 2.89879 -17.621 -1.9
    endloop
  endfacet
  facet normal -0.803223 -0.595678 0
    outer loop
      vertex 2.89879 -17.621 0.0999994
      vertex 3.11801 -17.9166 -1.9
      vertex 3.11801 -17.9166 0.0999994
    endloop
  endfacet
  facet normal 0.514116 -0.857721 0
    outer loop
      vertex -2.08339 -16.882 -1.9
      vertex -1.76774 -16.6928 0.0999994
      vertex -2.08339 -16.882 0.0999994
    endloop
  endfacet
  facet normal 0.514116 -0.857721 0
    outer loop
      vertex -1.76774 -16.6928 0.0999994
      vertex -2.08339 -16.882 -1.9
      vertex -1.76774 -16.6928 -1.9
    endloop
  endfacet
  facet normal 0.146736 -0.989176 0
    outer loop
      vertex -0.731588 -16.3221 -1.9
      vertex -0.367564 -16.2681 0.0999994
      vertex -0.731588 -16.3221 0.0999994
    endloop
  endfacet
  facet normal 0.146736 -0.989176 0
    outer loop
      vertex -0.367564 -16.2681 0.0999994
      vertex -0.731588 -16.3221 -1.9
      vertex -0.367564 -16.2681 -1.9
    endloop
  endfacet
  facet normal -0.97004 0.242945 0
    outer loop
      vertex 3.58853 -21.0886 -1.9
      vertex 3.67794 -20.7316 0.0999994
      vertex 3.67794 -20.7316 -1.9
    endloop
  endfacet
  facet normal -0.97004 0.242945 0
    outer loop
      vertex 3.67794 -20.7316 0.0999994
      vertex 3.58853 -21.0886 -1.9
      vertex 3.58853 -21.0886 0.0999994
    endloop
  endfacet
  facet normal 0.998795 0.0490703 0
    outer loop
      vertex -3.73194 -20.3676 0.0999994
      vertex -3.75 -20 -1.9
      vertex -3.75 -20 0.0999994
    endloop
  endfacet
  facet normal 0.998795 0.0490703 0
    outer loop
      vertex -3.75 -20 -1.9
      vertex -3.73194 -20.3676 0.0999994
      vertex -3.73194 -20.3676 -1.9
    endloop
  endfacet
  facet normal 0.336707 -0.94161 0
    outer loop
      vertex -1.43506 -16.5354 -1.9
      vertex -1.08857 -16.4115 0.0999994
      vertex -1.43506 -16.5354 0.0999994
    endloop
  endfacet
  facet normal 0.336707 -0.94161 0
    outer loop
      vertex -1.08857 -16.4115 0.0999994
      vertex -1.43506 -16.5354 -1.9
      vertex -1.08857 -16.4115 -1.9
    endloop
  endfacet
  facet normal -0.857769 0.514036 0
    outer loop
      vertex 3.11801 -22.0834 -1.9
      vertex 3.3072 -21.7677 0.0999994
      vertex 3.3072 -21.7677 -1.9
    endloop
  endfacet
  facet normal -0.857769 0.514036 0
    outer loop
      vertex 3.3072 -21.7677 0.0999994
      vertex 3.11801 -22.0834 -1.9
      vertex 3.11801 -22.0834 0.0999994
    endloop
  endfacet
  facet normal -0.242931 -0.970044 0
    outer loop
      vertex 0.731588 -16.3221 -1.9
      vertex 1.08857 -16.4115 0.0999994
      vertex 0.731588 -16.3221 0.0999994
    endloop
  endfacet
  facet normal -0.242931 -0.970044 -0
    outer loop
      vertex 1.08857 -16.4115 0.0999994
      vertex 0.731588 -16.3221 -1.9
      vertex 1.08857 -16.4115 -1.9
    endloop
  endfacet
  facet normal -0.941544 -0.336891 0
    outer loop
      vertex 3.58853 -18.9114 -1.9
      vertex 3.46455 -18.5649 0.0999994
      vertex 3.46455 -18.5649 -1.9
    endloop
  endfacet
  facet normal -0.941544 -0.336891 0
    outer loop
      vertex 3.46455 -18.5649 0.0999994
      vertex 3.58853 -18.9114 -1.9
      vertex 3.58853 -18.9114 0.0999994
    endloop
  endfacet
  facet normal -0.857769 -0.514036 0
    outer loop
      vertex 3.3072 -18.2323 -1.9
      vertex 3.11801 -17.9166 0.0999994
      vertex 3.11801 -17.9166 -1.9
    endloop
  endfacet
  facet normal -0.857769 -0.514036 0
    outer loop
      vertex 3.11801 -17.9166 0.0999994
      vertex 3.3072 -18.2323 -1.9
      vertex 3.3072 -18.2323 0.0999994
    endloop
  endfacet
  facet normal 0.740979 -0.671528 0
    outer loop
      vertex -2.89879 -17.621 0.0999994
      vertex -2.65165 -17.3483 -1.9
      vertex -2.65165 -17.3483 0.0999994
    endloop
  endfacet
  facet normal 0.740979 -0.671528 0
    outer loop
      vertex -2.65165 -17.3483 -1.9
      vertex -2.89879 -17.621 0.0999994
      vertex -2.89879 -17.621 -1.9
    endloop
  endfacet
  facet normal -0.671495 -0.741009 0
    outer loop
      vertex 2.37897 -17.1012 -1.9
      vertex 2.65165 -17.3483 0.0999994
      vertex 2.37897 -17.1012 0.0999994
    endloop
  endfacet
  facet normal -0.671495 -0.741009 -0
    outer loop
      vertex 2.65165 -17.3483 0.0999994
      vertex 2.37897 -17.1012 -1.9
      vertex 2.65165 -17.3483 -1.9
    endloop
  endfacet
  facet normal 0.989174 -0.146746 0
    outer loop
      vertex -3.73194 -19.6324 0.0999994
      vertex -3.67794 -19.2684 -1.9
      vertex -3.67794 -19.2684 0.0999994
    endloop
  endfacet
  facet normal 0.989174 -0.146746 0
    outer loop
      vertex -3.67794 -19.2684 -1.9
      vertex -3.73194 -19.6324 0.0999994
      vertex -3.73194 -19.6324 -1.9
    endloop
  endfacet
  facet normal -0.336707 -0.94161 0
    outer loop
      vertex 1.08857 -16.4115 -1.9
      vertex 1.43506 -16.5354 0.0999994
      vertex 1.08857 -16.4115 0.0999994
    endloop
  endfacet
  facet normal -0.336707 -0.94161 -0
    outer loop
      vertex 1.43506 -16.5354 0.0999994
      vertex 1.08857 -16.4115 -1.9
      vertex 1.43506 -16.5354 -1.9
    endloop
  endfacet
  facet normal 0.242931 -0.970044 0
    outer loop
      vertex -1.08857 -16.4115 -1.9
      vertex -0.731588 -16.3221 0.0999994
      vertex -1.08857 -16.4115 0.0999994
    endloop
  endfacet
  facet normal 0.242931 -0.970044 0
    outer loop
      vertex -0.731588 -16.3221 0.0999994
      vertex -1.08857 -16.4115 -1.9
      vertex -0.731588 -16.3221 -1.9
    endloop
  endfacet
  facet normal -0.0491835 0.99879 0
    outer loop
      vertex 0.367564 -23.7319 -1.5
      vertex 0 -23.75 0.0999994
      vertex 0.367564 -23.7319 0.0999994
    endloop
  endfacet
  facet normal -0.0491835 0.99879 0
    outer loop
      vertex 0 -23.75 0.0999994
      vertex 0.367564 -23.7319 -1.5
      vertex 0 -23.75 -1.5
    endloop
  endfacet
  facet normal -0.595669 -0.80323 0
    outer loop
      vertex 2.08339 -16.882 -1.9
      vertex 2.37897 -17.1012 0.0999994
      vertex 2.08339 -16.882 0.0999994
    endloop
  endfacet
  facet normal -0.595669 -0.80323 -0
    outer loop
      vertex 2.37897 -17.1012 0.0999994
      vertex 2.08339 -16.882 -1.9
      vertex 2.37897 -17.1012 -1.9
    endloop
  endfacet
  facet normal -0.740857 0.671663 0
    outer loop
      vertex 2.65165 -22.6516 -1.9
      vertex 2.89879 -22.379 0.0999994
      vertex 2.89879 -22.379 -1.9
    endloop
  endfacet
  facet normal -0.740857 0.671663 0
    outer loop
      vertex 2.89879 -22.379 0.0999994
      vertex 2.65165 -22.6516 -1.9
      vertex 2.65165 -22.6516 0.0999994
    endloop
  endfacet
  facet normal 0.671644 0.740874 -0
    outer loop
      vertex -2.37897 -22.8988 -1.9
      vertex -2.65165 -22.6516 0.0999994
      vertex -2.37897 -22.8988 0.0999994
    endloop
  endfacet
  facet normal 0.671644 0.740874 0
    outer loop
      vertex -2.65165 -22.6516 0.0999994
      vertex -2.37897 -22.8988 -1.9
      vertex -2.65165 -22.6516 -1.9
    endloop
  endfacet
  facet normal -0.941544 0.336891 0
    outer loop
      vertex 3.46455 -21.4351 -1.9
      vertex 3.58853 -21.0886 0.0999994
      vertex 3.58853 -21.0886 -1.9
    endloop
  endfacet
  facet normal -0.941544 0.336891 0
    outer loop
      vertex 3.58853 -21.0886 0.0999994
      vertex 3.46455 -21.4351 -1.9
      vertex 3.46455 -21.4351 0.0999994
    endloop
  endfacet
  facet normal -0.803223 0.595678 0
    outer loop
      vertex 2.89879 -22.379 -1.9
      vertex 3.11801 -22.0834 0.0999994
      vertex 3.11801 -22.0834 -1.9
    endloop
  endfacet
  facet normal -0.803223 0.595678 0
    outer loop
      vertex 3.11801 -22.0834 0.0999994
      vertex 2.89879 -22.379 -1.9
      vertex 2.89879 -22.379 0.0999994
    endloop
  endfacet
  facet normal -0.427675 -0.903932 0
    outer loop
      vertex 1.43506 -16.5354 -1.9
      vertex 1.76774 -16.6928 0.0999994
      vertex 1.43506 -16.5354 0.0999994
    endloop
  endfacet
  facet normal -0.427675 -0.903932 -0
    outer loop
      vertex 1.76774 -16.6928 0.0999994
      vertex 1.43506 -16.5354 -1.9
      vertex 1.76774 -16.6928 -1.9
    endloop
  endfacet
  facet normal 0.146736 0.989176 -0
    outer loop
      vertex -0.367564 -23.7319 -1.5
      vertex -0.731588 -23.6779 0.0999994
      vertex -0.367564 -23.7319 0.0999994
    endloop
  endfacet
  facet normal 0.146736 0.989176 0
    outer loop
      vertex -0.731588 -23.6779 0.0999994
      vertex -0.367564 -23.7319 -1.5
      vertex -0.731588 -23.6779 -1.5
    endloop
  endfacet
  facet normal 0.0491835 -0.99879 0
    outer loop
      vertex -0.367564 -16.2681 -1.9
      vertex 0 -16.25 0.0999994
      vertex -0.367564 -16.2681 0.0999994
    endloop
  endfacet
  facet normal 0.0491835 -0.99879 0
    outer loop
      vertex 0 -16.25 0.0999994
      vertex -0.367564 -16.2681 -1.9
      vertex 0 -16.25 -1.9
    endloop
  endfacet
  facet normal 0.671495 -0.741009 0
    outer loop
      vertex -2.65165 -17.3483 -1.9
      vertex -2.37897 -17.1012 0.0999994
      vertex -2.65165 -17.3483 0.0999994
    endloop
  endfacet
  facet normal 0.671495 -0.741009 0
    outer loop
      vertex -2.37897 -17.1012 0.0999994
      vertex -2.65165 -17.3483 -1.9
      vertex -2.37897 -17.1012 -1.9
    endloop
  endfacet
  facet normal 0.97004 -0.242945 0
    outer loop
      vertex -3.67794 -19.2684 0.0999994
      vertex -3.58853 -18.9114 -1.9
      vertex -3.58853 -18.9114 0.0999994
    endloop
  endfacet
  facet normal 0.97004 -0.242945 0
    outer loop
      vertex -3.58853 -18.9114 -1.9
      vertex -3.67794 -19.2684 0.0999994
      vertex -3.67794 -19.2684 -1.9
    endloop
  endfacet
  facet normal 0.857769 0.514036 0
    outer loop
      vertex -3.11801 -22.0834 0.0999994
      vertex -3.3072 -21.7677 -1.9
      vertex -3.3072 -21.7677 0.0999994
    endloop
  endfacet
  facet normal 0.857769 0.514036 0
    outer loop
      vertex -3.3072 -21.7677 -1.9
      vertex -3.11801 -22.0834 0.0999994
      vertex -3.11801 -22.0834 -1.9
    endloop
  endfacet
  facet normal -0.242931 0.970044 0
    outer loop
      vertex 1.08857 -23.5885 -1.5
      vertex 0.731588 -23.6779 0.0999994
      vertex 1.08857 -23.5885 0.0999994
    endloop
  endfacet
  facet normal -0.242931 0.970044 0
    outer loop
      vertex 0.731588 -23.6779 0.0999994
      vertex 1.08857 -23.5885 -1.5
      vertex 0.731588 -23.6779 -1.5
    endloop
  endfacet
  facet normal 0.903945 -0.427648 0
    outer loop
      vertex -3.46455 -18.5649 0.0999994
      vertex -3.3072 -18.2323 -1.9
      vertex -3.3072 -18.2323 0.0999994
    endloop
  endfacet
  facet normal 0.903945 -0.427648 0
    outer loop
      vertex -3.3072 -18.2323 -1.9
      vertex -3.46455 -18.5649 0.0999994
      vertex -3.46455 -18.5649 -1.9
    endloop
  endfacet
  facet normal 0.97004 0.242945 0
    outer loop
      vertex -3.58853 -21.0886 0.0999994
      vertex -3.67794 -20.7316 -1.9
      vertex -3.67794 -20.7316 0.0999994
    endloop
  endfacet
  facet normal 0.97004 0.242945 0
    outer loop
      vertex -3.67794 -20.7316 -1.9
      vertex -3.58853 -21.0886 0.0999994
      vertex -3.58853 -21.0886 -1.9
    endloop
  endfacet
  facet normal 0.803223 -0.595678 0
    outer loop
      vertex -3.11801 -17.9166 0.0999994
      vertex -2.89879 -17.621 -1.9
      vertex -2.89879 -17.621 0.0999994
    endloop
  endfacet
  facet normal 0.803223 -0.595678 0
    outer loop
      vertex -2.89879 -17.621 -1.9
      vertex -3.11801 -17.9166 0.0999994
      vertex -3.11801 -17.9166 -1.9
    endloop
  endfacet
  facet normal 0.803223 0.595678 0
    outer loop
      vertex -2.89879 -22.379 0.0999994
      vertex -3.11801 -22.0834 -1.9
      vertex -3.11801 -22.0834 0.0999994
    endloop
  endfacet
  facet normal 0.803223 0.595678 0
    outer loop
      vertex -3.11801 -22.0834 -1.9
      vertex -2.89879 -22.379 0.0999994
      vertex -2.89879 -22.379 -1.9
    endloop
  endfacet
  facet normal 0.989174 0.146746 0
    outer loop
      vertex -3.67794 -20.7316 0.0999994
      vertex -3.73194 -20.3676 -1.9
      vertex -3.73194 -20.3676 0.0999994
    endloop
  endfacet
  facet normal 0.989174 0.146746 0
    outer loop
      vertex -3.73194 -20.3676 -1.9
      vertex -3.67794 -20.7316 0.0999994
      vertex -3.67794 -20.7316 -1.9
    endloop
  endfacet
  facet normal 0.595669 0.80323 -0
    outer loop
      vertex -2.08339 -23.118 -1.9
      vertex -2.37897 -22.8988 0.0999994
      vertex -2.08339 -23.118 0.0999994
    endloop
  endfacet
  facet normal 0.595669 0.80323 0
    outer loop
      vertex -2.37897 -22.8988 0.0999994
      vertex -2.08339 -23.118 -1.9
      vertex -2.37897 -22.8988 -1.9
    endloop
  endfacet
  facet normal -0.903945 0.427648 0
    outer loop
      vertex 3.3072 -21.7677 -1.9
      vertex 3.46455 -21.4351 0.0999994
      vertex 3.46455 -21.4351 -1.9
    endloop
  endfacet
  facet normal -0.903945 0.427648 0
    outer loop
      vertex 3.46455 -21.4351 0.0999994
      vertex 3.3072 -21.7677 -1.9
      vertex 3.3072 -21.7677 0.0999994
    endloop
  endfacet
  facet normal 0.242931 0.970044 -0
    outer loop
      vertex -0.731588 -23.6779 -1.5
      vertex -1.08857 -23.5885 0.0999994
      vertex -0.731588 -23.6779 0.0999994
    endloop
  endfacet
  facet normal 0.242931 0.970044 0
    outer loop
      vertex -1.08857 -23.5885 0.0999994
      vertex -0.731588 -23.6779 -1.5
      vertex -1.08857 -23.5885 -1.5
    endloop
  endfacet
  facet normal -0.740979 -0.671528 0
    outer loop
      vertex 2.89879 -17.621 -1.9
      vertex 2.65165 -17.3483 0.0999994
      vertex 2.65165 -17.3483 -1.9
    endloop
  endfacet
  facet normal -0.740979 -0.671528 0
    outer loop
      vertex 2.65165 -17.3483 0.0999994
      vertex 2.89879 -17.621 -1.9
      vertex 2.89879 -17.621 0.0999994
    endloop
  endfacet
  facet normal 0.0491835 0.99879 -0
    outer loop
      vertex 0 -23.75 -1.5
      vertex -0.367564 -23.7319 0.0999994
      vertex 0 -23.75 0.0999994
    endloop
  endfacet
  facet normal 0.0491835 0.99879 0
    outer loop
      vertex -0.367564 -23.7319 0.0999994
      vertex 0 -23.75 -1.5
      vertex -0.367564 -23.7319 -1.5
    endloop
  endfacet
  facet normal 0 0 -1
    outer loop
      vertex 1.8 -20 0.0999994
      vertex 3.75 -20 0.0999994
      vertex 3.73194 -20.3676 0.0999994
    endloop
  endfacet
  facet normal 0 0 -1
    outer loop
      vertex 1.79133 -20.1764 0.0999994
      vertex 3.73194 -20.3676 0.0999994
      vertex 3.67794 -20.7316 0.0999994
    endloop
  endfacet
  facet normal 0 0 -1
    outer loop
      vertex 3.75 -20 0.0999994
      vertex 1.8 -20 0.0999994
      vertex 3.73194 -19.6324 0.0999994
    endloop
  endfacet
  facet normal 0 0 -1
    outer loop
      vertex 1.76541 -20.3512 0.0999994
      vertex 3.67794 -20.7316 0.0999994
      vertex 3.58853 -21.0886 0.0999994
    endloop
  endfacet
  facet normal 0 0 -1
    outer loop
      vertex 1.79133 -19.8236 0.0999994
      vertex 3.73194 -19.6324 0.0999994
      vertex 1.8 -20 0.0999994
    endloop
  endfacet
  facet normal 0 0 -1
    outer loop
      vertex 1.72249 -20.5225 0.0999994
      vertex 3.58853 -21.0886 0.0999994
      vertex 3.46455 -21.4351 0.0999994
    endloop
  endfacet
  facet normal -0 0 -1
    outer loop
      vertex 3.73194 -19.6324 0.0999994
      vertex 1.79133 -19.8236 0.0999994
      vertex 3.67794 -19.2684 0.0999994
    endloop
  endfacet
  facet normal 0 0 -1
    outer loop
      vertex 1.66298 -20.6888 0.0999994
      vertex 3.46455 -21.4351 0.0999994
      vertex 3.3072 -21.7677 0.0999994
    endloop
  endfacet
  facet normal 0 0 -1
    outer loop
      vertex 1.76541 -19.6488 0.0999994
      vertex 3.67794 -19.2684 0.0999994
      vertex 1.79133 -19.8236 0.0999994
    endloop
  endfacet
  facet normal 0 0 -1
    outer loop
      vertex 1.58746 -20.8485 0.0999994
      vertex 3.3072 -21.7677 0.0999994
      vertex 3.11801 -22.0834 0.0999994
    endloop
  endfacet
  facet normal -0 0 -1
    outer loop
      vertex 3.67794 -19.2684 0.0999994
      vertex 1.76541 -19.6488 0.0999994
      vertex 3.58853 -18.9114 0.0999994
    endloop
  endfacet
  facet normal 0 0 -1
    outer loop
      vertex 1.49664 -21 0.0999994
      vertex 3.11801 -22.0834 0.0999994
      vertex 2.89879 -22.379 0.0999994
    endloop
  endfacet
  facet normal 0 0 -1
    outer loop
      vertex 1.72249 -19.4775 0.0999994
      vertex 3.58853 -18.9114 0.0999994
      vertex 1.76541 -19.6488 0.0999994
    endloop
  endfacet
  facet normal 0 0 -1
    outer loop
      vertex 1.39142 -21.1419 0.0999994
      vertex 2.89879 -22.379 0.0999994
      vertex 2.65165 -22.6516 0.0999994
    endloop
  endfacet
  facet normal -0 0 -1
    outer loop
      vertex 3.58853 -18.9114 0.0999994
      vertex 1.72249 -19.4775 0.0999994
      vertex 3.46455 -18.5649 0.0999994
    endloop
  endfacet
  facet normal 0 0 -1
    outer loop
      vertex 1.27279 -21.2728 0.0999994
      vertex 2.65165 -22.6516 0.0999994
      vertex 2.37897 -22.8988 0.0999994
    endloop
  endfacet
  facet normal 0 0 -1
    outer loop
      vertex 1.66298 -19.3112 0.0999994
      vertex 3.46455 -18.5649 0.0999994
      vertex 1.72249 -19.4775 0.0999994
    endloop
  endfacet
  facet normal 0 0 -1
    outer loop
      vertex 1.14191 -21.3914 0.0999994
      vertex 2.37897 -22.8988 0.0999994
      vertex 2.08339 -23.118 0.0999994
    endloop
  endfacet
  facet normal -0 0 -1
    outer loop
      vertex 3.46455 -18.5649 0.0999994
      vertex 1.66298 -19.3112 0.0999994
      vertex 3.3072 -18.2323 0.0999994
    endloop
  endfacet
  facet normal 0 0 -1
    outer loop
      vertex 1.58746 -19.1515 0.0999994
      vertex 3.3072 -18.2323 0.0999994
      vertex 1.66298 -19.3112 0.0999994
    endloop
  endfacet
  facet normal 0 0 -1
    outer loop
      vertex 3.73194 -20.3676 0.0999994
      vertex 1.79133 -20.1764 0.0999994
      vertex 1.8 -20 0.0999994
    endloop
  endfacet
  facet normal 0 0 -1
    outer loop
      vertex 1.00003 -21.4966 0.0999994
      vertex 2.08339 -23.118 0.0999994
      vertex 1.76774 -23.3072 0.0999994
    endloop
  endfacet
  facet normal 0 0 -1
    outer loop
      vertex 3.67794 -20.7316 0.0999994
      vertex 1.76541 -20.3512 0.0999994
      vertex 1.79133 -20.1764 0.0999994
    endloop
  endfacet
  facet normal 0 0 -1
    outer loop
      vertex 3.58853 -21.0886 0.0999994
      vertex 1.72249 -20.5225 0.0999994
      vertex 1.76541 -20.3512 0.0999994
    endloop
  endfacet
  facet normal 0 0 -1
    outer loop
      vertex 3.46455 -21.4351 0.0999994
      vertex 1.66298 -20.6888 0.0999994
      vertex 1.72249 -20.5225 0.0999994
    endloop
  endfacet
  facet normal 0 0 -1
    outer loop
      vertex 3.3072 -21.7677 0.0999994
      vertex 1.58746 -20.8485 0.0999994
      vertex 1.66298 -20.6888 0.0999994
    endloop
  endfacet
  facet normal 0 0 -1
    outer loop
      vertex 3.11801 -22.0834 0.0999994
      vertex 1.49664 -21 0.0999994
      vertex 1.58746 -20.8485 0.0999994
    endloop
  endfacet
  facet normal 0 0 -1
    outer loop
      vertex 0.848514 -21.5875 0.0999994
      vertex 1.76774 -23.3072 0.0999994
      vertex 1.43506 -23.4645 0.0999994
    endloop
  endfacet
  facet normal 0 0 -1
    outer loop
      vertex 2.89879 -22.379 0.0999994
      vertex 1.39142 -21.1419 0.0999994
      vertex 1.49664 -21 0.0999994
    endloop
  endfacet
  facet normal 0 0 -1
    outer loop
      vertex 2.65165 -22.6516 0.0999994
      vertex 1.27279 -21.2728 0.0999994
      vertex 1.39142 -21.1419 0.0999994
    endloop
  endfacet
  facet normal 0 0 -1
    outer loop
      vertex 2.37897 -22.8988 0.0999994
      vertex 1.14191 -21.3914 0.0999994
      vertex 1.27279 -21.2728 0.0999994
    endloop
  endfacet
  facet normal 0 0 -1
    outer loop
      vertex 0.688829 -21.663 0.0999994
      vertex 1.43506 -23.4645 0.0999994
      vertex 1.08857 -23.5885 0.0999994
    endloop
  endfacet
  facet normal 0 0 -1
    outer loop
      vertex 2.08339 -23.118 0.0999994
      vertex 1.00003 -21.4966 0.0999994
      vertex 1.14191 -21.3914 0.0999994
    endloop
  endfacet
  facet normal 0 0 -1
    outer loop
      vertex 1.76774 -23.3072 0.0999994
      vertex 0.848514 -21.5875 0.0999994
      vertex 1.00003 -21.4966 0.0999994
    endloop
  endfacet
  facet normal 0 0 -1
    outer loop
      vertex 0.522511 -21.7225 0.0999994
      vertex 1.08857 -23.5885 0.0999994
      vertex 0.731588 -23.6779 0.0999994
    endloop
  endfacet
  facet normal 0 0 -1
    outer loop
      vertex 1.43506 -23.4645 0.0999994
      vertex 0.688829 -21.663 0.0999994
      vertex 0.848514 -21.5875 0.0999994
    endloop
  endfacet
  facet normal 0 0 -1
    outer loop
      vertex 1.08857 -23.5885 0.0999994
      vertex 0.522511 -21.7225 0.0999994
      vertex 0.688829 -21.663 0.0999994
    endloop
  endfacet
  facet normal 0 0 -1
    outer loop
      vertex 0.351162 -21.7654 0.0999994
      vertex 0.731588 -23.6779 0.0999994
      vertex 0.367564 -23.7319 0.0999994
    endloop
  endfacet
  facet normal 0 0 -1
    outer loop
      vertex 0.731588 -23.6779 0.0999994
      vertex 0.351162 -21.7654 0.0999994
      vertex 0.522511 -21.7225 0.0999994
    endloop
  endfacet
  facet normal 0 0 -1
    outer loop
      vertex 0.367564 -23.7319 0.0999994
      vertex 0.176431 -21.7913 0.0999994
      vertex 0.351162 -21.7654 0.0999994
    endloop
  endfacet
  facet normal 0 0 -1
    outer loop
      vertex 0 -23.75 0.0999994
      vertex 0.176431 -21.7913 0.0999994
      vertex 0.367564 -23.7319 0.0999994
    endloop
  endfacet
  facet normal 0 0 -1
    outer loop
      vertex 0 -23.75 0.0999994
      vertex 0 -21.8 0.0999994
      vertex 0.176431 -21.7913 0.0999994
    endloop
  endfacet
  facet normal 0 0 -1
    outer loop
      vertex 0 -23.75 0.0999994
      vertex -0.176431 -21.7913 0.0999994
      vertex 0 -21.8 0.0999994
    endloop
  endfacet
  facet normal 0 0 -1
    outer loop
      vertex -0.367564 -23.7319 0.0999994
      vertex -0.176431 -21.7913 0.0999994
      vertex 0 -23.75 0.0999994
    endloop
  endfacet
  facet normal -0 0 -1
    outer loop
      vertex -0.176431 -21.7913 0.0999994
      vertex -0.367564 -23.7319 0.0999994
      vertex -0.351162 -21.7654 0.0999994
    endloop
  endfacet
  facet normal 0 0 -1
    outer loop
      vertex -0.731588 -23.6779 0.0999994
      vertex -0.351162 -21.7654 0.0999994
      vertex -0.367564 -23.7319 0.0999994
    endloop
  endfacet
  facet normal -0 0 -1
    outer loop
      vertex -0.351162 -21.7654 0.0999994
      vertex -0.731588 -23.6779 0.0999994
      vertex -0.522511 -21.7225 0.0999994
    endloop
  endfacet
  facet normal 0 0 -1
    outer loop
      vertex -1.08857 -23.5885 0.0999994
      vertex -0.522511 -21.7225 0.0999994
      vertex -0.731588 -23.6779 0.0999994
    endloop
  endfacet
  facet normal -0 0 -1
    outer loop
      vertex -0.522511 -21.7225 0.0999994
      vertex -1.08857 -23.5885 0.0999994
      vertex -0.688829 -21.663 0.0999994
    endloop
  endfacet
  facet normal 0 0 -1
    outer loop
      vertex -1.43506 -23.4645 0.0999994
      vertex -0.688829 -21.663 0.0999994
      vertex -1.08857 -23.5885 0.0999994
    endloop
  endfacet
  facet normal -0 0 -1
    outer loop
      vertex -0.688829 -21.663 0.0999994
      vertex -1.43506 -23.4645 0.0999994
      vertex -0.848514 -21.5875 0.0999994
    endloop
  endfacet
  facet normal 0 0 -1
    outer loop
      vertex -1.76774 -23.3072 0.0999994
      vertex -0.848514 -21.5875 0.0999994
      vertex -1.43506 -23.4645 0.0999994
    endloop
  endfacet
  facet normal -0 0 -1
    outer loop
      vertex -0.848514 -21.5875 0.0999994
      vertex -1.76774 -23.3072 0.0999994
      vertex -1.00003 -21.4966 0.0999994
    endloop
  endfacet
  facet normal 0 0 -1
    outer loop
      vertex -2.08339 -23.118 0.0999994
      vertex -1.00003 -21.4966 0.0999994
      vertex -1.76774 -23.3072 0.0999994
    endloop
  endfacet
  facet normal -0 0 -1
    outer loop
      vertex -1.00003 -21.4966 0.0999994
      vertex -2.08339 -23.118 0.0999994
      vertex -1.14191 -21.3914 0.0999994
    endloop
  endfacet
  facet normal 0 0 -1
    outer loop
      vertex -2.37897 -22.8988 0.0999994
      vertex -1.14191 -21.3914 0.0999994
      vertex -2.08339 -23.118 0.0999994
    endloop
  endfacet
  facet normal -0 0 -1
    outer loop
      vertex -1.14191 -21.3914 0.0999994
      vertex -2.37897 -22.8988 0.0999994
      vertex -1.27279 -21.2728 0.0999994
    endloop
  endfacet
  facet normal 0 0 -1
    outer loop
      vertex -2.65165 -22.6516 0.0999994
      vertex -1.27279 -21.2728 0.0999994
      vertex -2.37897 -22.8988 0.0999994
    endloop
  endfacet
  facet normal -0 0 -1
    outer loop
      vertex -1.27279 -21.2728 0.0999994
      vertex -2.65165 -22.6516 0.0999994
      vertex -1.39142 -21.1419 0.0999994
    endloop
  endfacet
  facet normal 0 0 -1
    outer loop
      vertex -2.89879 -22.379 0.0999994
      vertex -1.39142 -21.1419 0.0999994
      vertex -2.65165 -22.6516 0.0999994
    endloop
  endfacet
  facet normal -0 0 -1
    outer loop
      vertex -1.39142 -21.1419 0.0999994
      vertex -2.89879 -22.379 0.0999994
      vertex -1.49664 -21 0.0999994
    endloop
  endfacet
  facet normal 0 0 -1
    outer loop
      vertex -3.11801 -22.0834 0.0999994
      vertex -1.49664 -21 0.0999994
      vertex -2.89879 -22.379 0.0999994
    endloop
  endfacet
  facet normal -0 0 -1
    outer loop
      vertex -1.49664 -21 0.0999994
      vertex -3.11801 -22.0834 0.0999994
      vertex -1.58746 -20.8485 0.0999994
    endloop
  endfacet
  facet normal 0 0 -1
    outer loop
      vertex -3.3072 -21.7677 0.0999994
      vertex -1.58746 -20.8485 0.0999994
      vertex -3.11801 -22.0834 0.0999994
    endloop
  endfacet
  facet normal -0 0 -1
    outer loop
      vertex 3.3072 -18.2323 0.0999994
      vertex 1.58746 -19.1515 0.0999994
      vertex 3.11801 -17.9166 0.0999994
    endloop
  endfacet
  facet normal 0 0 -1
    outer loop
      vertex 1.49664 -19 0.0999994
      vertex 3.11801 -17.9166 0.0999994
      vertex 1.58746 -19.1515 0.0999994
    endloop
  endfacet
  facet normal -0 0 -1
    outer loop
      vertex 3.11801 -17.9166 0.0999994
      vertex 1.49664 -19 0.0999994
      vertex 2.89879 -17.621 0.0999994
    endloop
  endfacet
  facet normal 0 0 -1
    outer loop
      vertex 1.39142 -18.8581 0.0999994
      vertex 2.89879 -17.621 0.0999994
      vertex 1.49664 -19 0.0999994
    endloop
  endfacet
  facet normal -0 0 -1
    outer loop
      vertex 2.89879 -17.621 0.0999994
      vertex 1.39142 -18.8581 0.0999994
      vertex 2.65165 -17.3483 0.0999994
    endloop
  endfacet
  facet normal 0 0 -1
    outer loop
      vertex 1.27279 -18.7272 0.0999994
      vertex 2.65165 -17.3483 0.0999994
      vertex 1.39142 -18.8581 0.0999994
    endloop
  endfacet
  facet normal -0 0 -1
    outer loop
      vertex 2.65165 -17.3483 0.0999994
      vertex 1.27279 -18.7272 0.0999994
      vertex 2.37897 -17.1012 0.0999994
    endloop
  endfacet
  facet normal 0 0 -1
    outer loop
      vertex 1.14191 -18.6086 0.0999994
      vertex 2.37897 -17.1012 0.0999994
      vertex 1.27279 -18.7272 0.0999994
    endloop
  endfacet
  facet normal -0 0 -1
    outer loop
      vertex 2.37897 -17.1012 0.0999994
      vertex 1.14191 -18.6086 0.0999994
      vertex 2.08339 -16.882 0.0999994
    endloop
  endfacet
  facet normal 0 0 -1
    outer loop
      vertex 1.00003 -18.5034 0.0999994
      vertex 2.08339 -16.882 0.0999994
      vertex 1.14191 -18.6086 0.0999994
    endloop
  endfacet
  facet normal -0 0 -1
    outer loop
      vertex 2.08339 -16.882 0.0999994
      vertex 1.00003 -18.5034 0.0999994
      vertex 1.76774 -16.6928 0.0999994
    endloop
  endfacet
  facet normal 0 0 -1
    outer loop
      vertex 0.848514 -18.4125 0.0999994
      vertex 1.76774 -16.6928 0.0999994
      vertex 1.00003 -18.5034 0.0999994
    endloop
  endfacet
  facet normal -0 0 -1
    outer loop
      vertex 1.76774 -16.6928 0.0999994
      vertex 0.848514 -18.4125 0.0999994
      vertex 1.43506 -16.5354 0.0999994
    endloop
  endfacet
  facet normal 0 0 -1
    outer loop
      vertex 0.688829 -18.337 0.0999994
      vertex 1.43506 -16.5354 0.0999994
      vertex 0.848514 -18.4125 0.0999994
    endloop
  endfacet
  facet normal -0 0 -1
    outer loop
      vertex 1.43506 -16.5354 0.0999994
      vertex 0.688829 -18.337 0.0999994
      vertex 1.08857 -16.4115 0.0999994
    endloop
  endfacet
  facet normal 0 0 -1
    outer loop
      vertex 0.522511 -18.2775 0.0999994
      vertex 1.08857 -16.4115 0.0999994
      vertex 0.688829 -18.337 0.0999994
    endloop
  endfacet
  facet normal -0 0 -1
    outer loop
      vertex 1.08857 -16.4115 0.0999994
      vertex 0.522511 -18.2775 0.0999994
      vertex 0.731588 -16.3221 0.0999994
    endloop
  endfacet
  facet normal 0 0 -1
    outer loop
      vertex 0.351162 -18.2346 0.0999994
      vertex 0.731588 -16.3221 0.0999994
      vertex 0.522511 -18.2775 0.0999994
    endloop
  endfacet
  facet normal -0 0 -1
    outer loop
      vertex 0.731588 -16.3221 0.0999994
      vertex 0.351162 -18.2346 0.0999994
      vertex 0.367564 -16.2681 0.0999994
    endloop
  endfacet
  facet normal 0 0 -1
    outer loop
      vertex 0.176431 -18.2087 0.0999994
      vertex 0.367564 -16.2681 0.0999994
      vertex 0.351162 -18.2346 0.0999994
    endloop
  endfacet
  facet normal 0 0 -1
    outer loop
      vertex 0 -18.2 0.0999994
      vertex 0.367564 -16.2681 0.0999994
      vertex 0.176431 -18.2087 0.0999994
    endloop
  endfacet
  facet normal 0 0 -1
    outer loop
      vertex 0 -18.2 0.0999994
      vertex 0 -16.25 0.0999994
      vertex 0.367564 -16.2681 0.0999994
    endloop
  endfacet
  facet normal 0 0 -1
    outer loop
      vertex -0.176431 -18.2087 0.0999994
      vertex 0 -16.25 0.0999994
      vertex 0 -18.2 0.0999994
    endloop
  endfacet
  facet normal 0 0 -1
    outer loop
      vertex -0.367564 -16.2681 0.0999994
      vertex -0.176431 -18.2087 0.0999994
      vertex -0.351162 -18.2346 0.0999994
    endloop
  endfacet
  facet normal 0 0 -1
    outer loop
      vertex -0.176431 -18.2087 0.0999994
      vertex -0.367564 -16.2681 0.0999994
      vertex 0 -16.25 0.0999994
    endloop
  endfacet
  facet normal 0 0 -1
    outer loop
      vertex -0.731588 -16.3221 0.0999994
      vertex -0.351162 -18.2346 0.0999994
      vertex -0.522511 -18.2775 0.0999994
    endloop
  endfacet
  facet normal 0 0 -1
    outer loop
      vertex -1.08857 -16.4115 0.0999994
      vertex -0.522511 -18.2775 0.0999994
      vertex -0.688829 -18.337 0.0999994
    endloop
  endfacet
  facet normal 0 0 -1
    outer loop
      vertex -0.351162 -18.2346 0.0999994
      vertex -0.731588 -16.3221 0.0999994
      vertex -0.367564 -16.2681 0.0999994
    endloop
  endfacet
  facet normal 0 0 -1
    outer loop
      vertex -1.43506 -16.5354 0.0999994
      vertex -0.688829 -18.337 0.0999994
      vertex -0.848514 -18.4125 0.0999994
    endloop
  endfacet
  facet normal 0 0 -1
    outer loop
      vertex -1.76774 -16.6928 0.0999994
      vertex -0.848514 -18.4125 0.0999994
      vertex -1.00003 -18.5034 0.0999994
    endloop
  endfacet
  facet normal 0 0 -1
    outer loop
      vertex -0.522511 -18.2775 0.0999994
      vertex -1.08857 -16.4115 0.0999994
      vertex -0.731588 -16.3221 0.0999994
    endloop
  endfacet
  facet normal 0 0 -1
    outer loop
      vertex -2.08339 -16.882 0.0999994
      vertex -1.00003 -18.5034 0.0999994
      vertex -1.14191 -18.6086 0.0999994
    endloop
  endfacet
  facet normal 0 0 -1
    outer loop
      vertex -2.37897 -17.1012 0.0999994
      vertex -1.14191 -18.6086 0.0999994
      vertex -1.27279 -18.7272 0.0999994
    endloop
  endfacet
  facet normal 0 0 -1
    outer loop
      vertex -2.65165 -17.3483 0.0999994
      vertex -1.27279 -18.7272 0.0999994
      vertex -1.39142 -18.8581 0.0999994
    endloop
  endfacet
  facet normal 0 0 -1
    outer loop
      vertex -0.688829 -18.337 0.0999994
      vertex -1.43506 -16.5354 0.0999994
      vertex -1.08857 -16.4115 0.0999994
    endloop
  endfacet
  facet normal 0 0 -1
    outer loop
      vertex -2.89879 -17.621 0.0999994
      vertex -1.39142 -18.8581 0.0999994
      vertex -1.49664 -19 0.0999994
    endloop
  endfacet
  facet normal 0 0 -1
    outer loop
      vertex -3.11801 -17.9166 0.0999994
      vertex -1.49664 -19 0.0999994
      vertex -1.58746 -19.1515 0.0999994
    endloop
  endfacet
  facet normal 0 0 -1
    outer loop
      vertex -3.3072 -18.2323 0.0999994
      vertex -1.58746 -19.1515 0.0999994
      vertex -1.66298 -19.3112 0.0999994
    endloop
  endfacet
  facet normal 0 0 -1
    outer loop
      vertex -3.46455 -18.5649 0.0999994
      vertex -1.66298 -19.3112 0.0999994
      vertex -1.72249 -19.4775 0.0999994
    endloop
  endfacet
  facet normal 0 0 -1
    outer loop
      vertex -3.58853 -18.9114 0.0999994
      vertex -1.72249 -19.4775 0.0999994
      vertex -1.76541 -19.6488 0.0999994
    endloop
  endfacet
  facet normal 0 0 -1
    outer loop
      vertex -0.848514 -18.4125 0.0999994
      vertex -1.76774 -16.6928 0.0999994
      vertex -1.43506 -16.5354 0.0999994
    endloop
  endfacet
  facet normal 0 0 -1
    outer loop
      vertex -3.67794 -19.2684 0.0999994
      vertex -1.76541 -19.6488 0.0999994
      vertex -1.79133 -19.8236 0.0999994
    endloop
  endfacet
  facet normal 0 0 -1
    outer loop
      vertex -3.73194 -19.6324 0.0999994
      vertex -1.79133 -19.8236 0.0999994
      vertex -1.8 -20 0.0999994
    endloop
  endfacet
  facet normal -0 0 -1
    outer loop
      vertex -1.58746 -20.8485 0.0999994
      vertex -3.3072 -21.7677 0.0999994
      vertex -1.66298 -20.6888 0.0999994
    endloop
  endfacet
  facet normal 0 0 -1
    outer loop
      vertex -1.00003 -18.5034 0.0999994
      vertex -2.08339 -16.882 0.0999994
      vertex -1.76774 -16.6928 0.0999994
    endloop
  endfacet
  facet normal 0 0 -1
    outer loop
      vertex -3.46455 -21.4351 0.0999994
      vertex -1.66298 -20.6888 0.0999994
      vertex -3.3072 -21.7677 0.0999994
    endloop
  endfacet
  facet normal 0 0 -1
    outer loop
      vertex -1.14191 -18.6086 0.0999994
      vertex -2.37897 -17.1012 0.0999994
      vertex -2.08339 -16.882 0.0999994
    endloop
  endfacet
  facet normal -0 0 -1
    outer loop
      vertex -1.66298 -20.6888 0.0999994
      vertex -3.46455 -21.4351 0.0999994
      vertex -1.72249 -20.5225 0.0999994
    endloop
  endfacet
  facet normal 0 0 -1
    outer loop
      vertex -1.27279 -18.7272 0.0999994
      vertex -2.65165 -17.3483 0.0999994
      vertex -2.37897 -17.1012 0.0999994
    endloop
  endfacet
  facet normal 0 0 -1
    outer loop
      vertex -3.58853 -21.0886 0.0999994
      vertex -1.72249 -20.5225 0.0999994
      vertex -3.46455 -21.4351 0.0999994
    endloop
  endfacet
  facet normal 0 0 -1
    outer loop
      vertex -1.39142 -18.8581 0.0999994
      vertex -2.89879 -17.621 0.0999994
      vertex -2.65165 -17.3483 0.0999994
    endloop
  endfacet
  facet normal -0 0 -1
    outer loop
      vertex -1.72249 -20.5225 0.0999994
      vertex -3.58853 -21.0886 0.0999994
      vertex -1.76541 -20.3512 0.0999994
    endloop
  endfacet
  facet normal 0 0 -1
    outer loop
      vertex -1.49664 -19 0.0999994
      vertex -3.11801 -17.9166 0.0999994
      vertex -2.89879 -17.621 0.0999994
    endloop
  endfacet
  facet normal 0 0 -1
    outer loop
      vertex -3.67794 -20.7316 0.0999994
      vertex -1.76541 -20.3512 0.0999994
      vertex -3.58853 -21.0886 0.0999994
    endloop
  endfacet
  facet normal 0 0 -1
    outer loop
      vertex -1.58746 -19.1515 0.0999994
      vertex -3.3072 -18.2323 0.0999994
      vertex -3.11801 -17.9166 0.0999994
    endloop
  endfacet
  facet normal -0 0 -1
    outer loop
      vertex -1.76541 -20.3512 0.0999994
      vertex -3.67794 -20.7316 0.0999994
      vertex -1.79133 -20.1764 0.0999994
    endloop
  endfacet
  facet normal 0 0 -1
    outer loop
      vertex -1.66298 -19.3112 0.0999994
      vertex -3.46455 -18.5649 0.0999994
      vertex -3.3072 -18.2323 0.0999994
    endloop
  endfacet
  facet normal 0 0 -1
    outer loop
      vertex -3.73194 -20.3676 0.0999994
      vertex -1.79133 -20.1764 0.0999994
      vertex -3.67794 -20.7316 0.0999994
    endloop
  endfacet
  facet normal 0 0 -1
    outer loop
      vertex -1.72249 -19.4775 0.0999994
      vertex -3.58853 -18.9114 0.0999994
      vertex -3.46455 -18.5649 0.0999994
    endloop
  endfacet
  facet normal -0 0 -1
    outer loop
      vertex -1.79133 -20.1764 0.0999994
      vertex -3.73194 -20.3676 0.0999994
      vertex -1.8 -20 0.0999994
    endloop
  endfacet
  facet normal 0 0 -1
    outer loop
      vertex -1.76541 -19.6488 0.0999994
      vertex -3.67794 -19.2684 0.0999994
      vertex -3.58853 -18.9114 0.0999994
    endloop
  endfacet
  facet normal 0 0 -1
    outer loop
      vertex -3.75 -20 0.0999994
      vertex -1.8 -20 0.0999994
      vertex -3.73194 -20.3676 0.0999994
    endloop
  endfacet
  facet normal 0 0 -1
    outer loop
      vertex -1.79133 -19.8236 0.0999994
      vertex -3.73194 -19.6324 0.0999994
      vertex -3.67794 -19.2684 0.0999994
    endloop
  endfacet
  facet normal 0 0 -1
    outer loop
      vertex -1.8 -20 0.0999994
      vertex -3.75 -20 0.0999994
      vertex -3.73194 -19.6324 0.0999994
    endloop
  endfacet
  facet normal 0.998795 -0.0490703 0
    outer loop
      vertex -3.75 -20 0.0999994
      vertex -3.73194 -19.6324 -1.9
      vertex -3.73194 -19.6324 0.0999994
    endloop
  endfacet
  facet normal 0.998795 -0.0490703 0
    outer loop
      vertex -3.73194 -19.6324 -1.9
      vertex -3.75 -20 0.0999994
      vertex -3.75 -20 -1.9
    endloop
  endfacet
  facet normal 0.336947 0.941523 -0
    outer loop
      vertex -1.08857 -23.5885 -1.5
      vertex -1.43506 -23.4645 0.0999994
      vertex -1.08857 -23.5885 0.0999994
    endloop
  endfacet
  facet normal 0.336947 0.941523 0
    outer loop
      vertex -1.43506 -23.4645 0.0999994
      vertex -1.08857 -23.5885 -1.5
      vertex -1.43506 -23.4645 -1.5
    endloop
  endfacet
  facet normal -0.671644 0.740874 0
    outer loop
      vertex 2.65165 -22.6516 -1.9
      vertex 2.37897 -22.8988 0.0999994
      vertex 2.65165 -22.6516 0.0999994
    endloop
  endfacet
  facet normal -0.671644 0.740874 0
    outer loop
      vertex 2.37897 -22.8988 0.0999994
      vertex 2.65165 -22.6516 -1.9
      vertex 2.37897 -22.8988 -1.9
    endloop
  endfacet
  facet normal 0 0 1
    outer loop
      vertex 1.8 -20 -1.9
      vertex 3.75 -20 -1.9
      vertex 3.73194 -19.6324 -1.9
    endloop
  endfacet
  facet normal 0 0 1
    outer loop
      vertex 1.79133 -19.8236 -1.9
      vertex 3.73194 -19.6324 -1.9
      vertex 3.67794 -19.2684 -1.9
    endloop
  endfacet
  facet normal 0 0 1
    outer loop
      vertex 3.75 -20 -1.9
      vertex 1.8 -20 -1.9
      vertex 3.73194 -20.3676 -1.9
    endloop
  endfacet
  facet normal 0 0 1
    outer loop
      vertex 1.76541 -19.6488 -1.9
      vertex 3.67794 -19.2684 -1.9
      vertex 3.58853 -18.9114 -1.9
    endloop
  endfacet
  facet normal -0 0 1
    outer loop
      vertex 1.79133 -20.1764 -1.9
      vertex 3.73194 -20.3676 -1.9
      vertex 1.8 -20 -1.9
    endloop
  endfacet
  facet normal 0 0 1
    outer loop
      vertex 1.72249 -19.4775 -1.9
      vertex 3.58853 -18.9114 -1.9
      vertex 3.46455 -18.5649 -1.9
    endloop
  endfacet
  facet normal 0 0 1
    outer loop
      vertex 3.73194 -20.3676 -1.9
      vertex 1.79133 -20.1764 -1.9
      vertex 3.67794 -20.7316 -1.9
    endloop
  endfacet
  facet normal 0 0 1
    outer loop
      vertex 1.66298 -19.3112 -1.9
      vertex 3.46455 -18.5649 -1.9
      vertex 3.3072 -18.2323 -1.9
    endloop
  endfacet
  facet normal -0 0 1
    outer loop
      vertex 1.76541 -20.3512 -1.9
      vertex 3.67794 -20.7316 -1.9
      vertex 1.79133 -20.1764 -1.9
    endloop
  endfacet
  facet normal 0 0 1
    outer loop
      vertex 1.58746 -19.1515 -1.9
      vertex 3.3072 -18.2323 -1.9
      vertex 3.11801 -17.9166 -1.9
    endloop
  endfacet
  facet normal 0 0 1
    outer loop
      vertex 3.67794 -20.7316 -1.9
      vertex 1.76541 -20.3512 -1.9
      vertex 3.58853 -21.0886 -1.9
    endloop
  endfacet
  facet normal 0 0 1
    outer loop
      vertex 1.49664 -19 -1.9
      vertex 3.11801 -17.9166 -1.9
      vertex 2.89879 -17.621 -1.9
    endloop
  endfacet
  facet normal -0 0 1
    outer loop
      vertex 1.72249 -20.5225 -1.9
      vertex 3.58853 -21.0886 -1.9
      vertex 1.76541 -20.3512 -1.9
    endloop
  endfacet
  facet normal 0 0 1
    outer loop
      vertex 1.39142 -18.8581 -1.9
      vertex 2.89879 -17.621 -1.9
      vertex 2.65165 -17.3483 -1.9
    endloop
  endfacet
  facet normal 0 0 1
    outer loop
      vertex 3.58853 -21.0886 -1.9
      vertex 1.72249 -20.5225 -1.9
      vertex 3.46455 -21.4351 -1.9
    endloop
  endfacet
  facet normal 0 0 1
    outer loop
      vertex 1.27279 -18.7272 -1.9
      vertex 2.65165 -17.3483 -1.9
      vertex 2.37897 -17.1012 -1.9
    endloop
  endfacet
  facet normal -0 0 1
    outer loop
      vertex 1.66298 -20.6888 -1.9
      vertex 3.46455 -21.4351 -1.9
      vertex 1.72249 -20.5225 -1.9
    endloop
  endfacet
  facet normal 0 0 1
    outer loop
      vertex 1.14191 -18.6086 -1.9
      vertex 2.37897 -17.1012 -1.9
      vertex 2.08339 -16.882 -1.9
    endloop
  endfacet
  facet normal 0 0 1
    outer loop
      vertex 3.46455 -21.4351 -1.9
      vertex 1.66298 -20.6888 -1.9
      vertex 3.3072 -21.7677 -1.9
    endloop
  endfacet
  facet normal -0 0 1
    outer loop
      vertex 1.58746 -20.8485 -1.9
      vertex 3.3072 -21.7677 -1.9
      vertex 1.66298 -20.6888 -1.9
    endloop
  endfacet
  facet normal 0 0 1
    outer loop
      vertex 3.73194 -19.6324 -1.9
      vertex 1.79133 -19.8236 -1.9
      vertex 1.8 -20 -1.9
    endloop
  endfacet
  facet normal 0 0 1
    outer loop
      vertex 1.00003 -18.5034 -1.9
      vertex 2.08339 -16.882 -1.9
      vertex 1.76774 -16.6928 -1.9
    endloop
  endfacet
  facet normal 0 0 1
    outer loop
      vertex 3.67794 -19.2684 -1.9
      vertex 1.76541 -19.6488 -1.9
      vertex 1.79133 -19.8236 -1.9
    endloop
  endfacet
  facet normal 0 0 1
    outer loop
      vertex 3.58853 -18.9114 -1.9
      vertex 1.72249 -19.4775 -1.9
      vertex 1.76541 -19.6488 -1.9
    endloop
  endfacet
  facet normal 0 0 1
    outer loop
      vertex 3.46455 -18.5649 -1.9
      vertex 1.66298 -19.3112 -1.9
      vertex 1.72249 -19.4775 -1.9
    endloop
  endfacet
  facet normal 0 0 1
    outer loop
      vertex 3.3072 -18.2323 -1.9
      vertex 1.58746 -19.1515 -1.9
      vertex 1.66298 -19.3112 -1.9
    endloop
  endfacet
  facet normal 0 0 1
    outer loop
      vertex 3.11801 -17.9166 -1.9
      vertex 1.49664 -19 -1.9
      vertex 1.58746 -19.1515 -1.9
    endloop
  endfacet
  facet normal 0 0 1
    outer loop
      vertex 0.848514 -18.4125 -1.9
      vertex 1.76774 -16.6928 -1.9
      vertex 1.43506 -16.5354 -1.9
    endloop
  endfacet
  facet normal 0 0 1
    outer loop
      vertex 2.89879 -17.621 -1.9
      vertex 1.39142 -18.8581 -1.9
      vertex 1.49664 -19 -1.9
    endloop
  endfacet
  facet normal 0 0 1
    outer loop
      vertex 2.65165 -17.3483 -1.9
      vertex 1.27279 -18.7272 -1.9
      vertex 1.39142 -18.8581 -1.9
    endloop
  endfacet
  facet normal 0 0 1
    outer loop
      vertex 2.37897 -17.1012 -1.9
      vertex 1.14191 -18.6086 -1.9
      vertex 1.27279 -18.7272 -1.9
    endloop
  endfacet
  facet normal 0 0 1
    outer loop
      vertex 0.688829 -18.337 -1.9
      vertex 1.43506 -16.5354 -1.9
      vertex 1.08857 -16.4115 -1.9
    endloop
  endfacet
  facet normal 0 0 1
    outer loop
      vertex 2.08339 -16.882 -1.9
      vertex 1.00003 -18.5034 -1.9
      vertex 1.14191 -18.6086 -1.9
    endloop
  endfacet
  facet normal 0 0 1
    outer loop
      vertex 1.76774 -16.6928 -1.9
      vertex 0.848514 -18.4125 -1.9
      vertex 1.00003 -18.5034 -1.9
    endloop
  endfacet
  facet normal 0 0 1
    outer loop
      vertex 0.522511 -18.2775 -1.9
      vertex 1.08857 -16.4115 -1.9
      vertex 0.731588 -16.3221 -1.9
    endloop
  endfacet
  facet normal 0 0 1
    outer loop
      vertex 1.43506 -16.5354 -1.9
      vertex 0.688829 -18.337 -1.9
      vertex 0.848514 -18.4125 -1.9
    endloop
  endfacet
  facet normal 0 0 1
    outer loop
      vertex 1.08857 -16.4115 -1.9
      vertex 0.522511 -18.2775 -1.9
      vertex 0.688829 -18.337 -1.9
    endloop
  endfacet
  facet normal 0 0 1
    outer loop
      vertex 0.351162 -18.2346 -1.9
      vertex 0.731588 -16.3221 -1.9
      vertex 0.367564 -16.2681 -1.9
    endloop
  endfacet
  facet normal 0 0 1
    outer loop
      vertex 0.731588 -16.3221 -1.9
      vertex 0.351162 -18.2346 -1.9
      vertex 0.522511 -18.2775 -1.9
    endloop
  endfacet
  facet normal 0 0 1
    outer loop
      vertex 0.367564 -16.2681 -1.9
      vertex 0.176431 -18.2087 -1.9
      vertex 0.351162 -18.2346 -1.9
    endloop
  endfacet
  facet normal 0 0 1
    outer loop
      vertex 0 -16.25 -1.9
      vertex 0.176431 -18.2087 -1.9
      vertex 0.367564 -16.2681 -1.9
    endloop
  endfacet
  facet normal 0 0 1
    outer loop
      vertex 0 -16.25 -1.9
      vertex 0 -18.2 -1.9
      vertex 0.176431 -18.2087 -1.9
    endloop
  endfacet
  facet normal 0 0 1
    outer loop
      vertex 0 -16.25 -1.9
      vertex -0.176431 -18.2087 -1.9
      vertex 0 -18.2 -1.9
    endloop
  endfacet
  facet normal -0 0 1
    outer loop
      vertex -0.367564 -16.2681 -1.9
      vertex -0.176431 -18.2087 -1.9
      vertex 0 -16.25 -1.9
    endloop
  endfacet
  facet normal 0 0 1
    outer loop
      vertex -0.176431 -18.2087 -1.9
      vertex -0.367564 -16.2681 -1.9
      vertex -0.351162 -18.2346 -1.9
    endloop
  endfacet
  facet normal -0 0 1
    outer loop
      vertex -0.731588 -16.3221 -1.9
      vertex -0.351162 -18.2346 -1.9
      vertex -0.367564 -16.2681 -1.9
    endloop
  endfacet
  facet normal 0 0 1
    outer loop
      vertex -0.351162 -18.2346 -1.9
      vertex -0.731588 -16.3221 -1.9
      vertex -0.522511 -18.2775 -1.9
    endloop
  endfacet
  facet normal -0 0 1
    outer loop
      vertex -1.08857 -16.4115 -1.9
      vertex -0.522511 -18.2775 -1.9
      vertex -0.731588 -16.3221 -1.9
    endloop
  endfacet
  facet normal 0 0 1
    outer loop
      vertex -0.522511 -18.2775 -1.9
      vertex -1.08857 -16.4115 -1.9
      vertex -0.688829 -18.337 -1.9
    endloop
  endfacet
  facet normal -0 0 1
    outer loop
      vertex -1.43506 -16.5354 -1.9
      vertex -0.688829 -18.337 -1.9
      vertex -1.08857 -16.4115 -1.9
    endloop
  endfacet
  facet normal 0 0 1
    outer loop
      vertex -0.688829 -18.337 -1.9
      vertex -1.43506 -16.5354 -1.9
      vertex -0.848514 -18.4125 -1.9
    endloop
  endfacet
  facet normal -0 0 1
    outer loop
      vertex -1.76774 -16.6928 -1.9
      vertex -0.848514 -18.4125 -1.9
      vertex -1.43506 -16.5354 -1.9
    endloop
  endfacet
  facet normal 0 0 1
    outer loop
      vertex -0.848514 -18.4125 -1.9
      vertex -1.76774 -16.6928 -1.9
      vertex -1.00003 -18.5034 -1.9
    endloop
  endfacet
  facet normal -0 0 1
    outer loop
      vertex -2.08339 -16.882 -1.9
      vertex -1.00003 -18.5034 -1.9
      vertex -1.76774 -16.6928 -1.9
    endloop
  endfacet
  facet normal 0 0 1
    outer loop
      vertex -1.00003 -18.5034 -1.9
      vertex -2.08339 -16.882 -1.9
      vertex -1.14191 -18.6086 -1.9
    endloop
  endfacet
  facet normal -0 0 1
    outer loop
      vertex -2.37897 -17.1012 -1.9
      vertex -1.14191 -18.6086 -1.9
      vertex -2.08339 -16.882 -1.9
    endloop
  endfacet
  facet normal 0 0 1
    outer loop
      vertex -1.14191 -18.6086 -1.9
      vertex -2.37897 -17.1012 -1.9
      vertex -1.27279 -18.7272 -1.9
    endloop
  endfacet
  facet normal -0 0 1
    outer loop
      vertex -2.65165 -17.3483 -1.9
      vertex -1.27279 -18.7272 -1.9
      vertex -2.37897 -17.1012 -1.9
    endloop
  endfacet
  facet normal 0 0 1
    outer loop
      vertex -1.27279 -18.7272 -1.9
      vertex -2.65165 -17.3483 -1.9
      vertex -1.39142 -18.8581 -1.9
    endloop
  endfacet
  facet normal -0 0 1
    outer loop
      vertex -2.89879 -17.621 -1.9
      vertex -1.39142 -18.8581 -1.9
      vertex -2.65165 -17.3483 -1.9
    endloop
  endfacet
  facet normal 0 0 1
    outer loop
      vertex -1.39142 -18.8581 -1.9
      vertex -2.89879 -17.621 -1.9
      vertex -1.49664 -19 -1.9
    endloop
  endfacet
  facet normal -0 0 1
    outer loop
      vertex -3.11801 -17.9166 -1.9
      vertex -1.49664 -19 -1.9
      vertex -2.89879 -17.621 -1.9
    endloop
  endfacet
  facet normal 0 0 1
    outer loop
      vertex -1.49664 -19 -1.9
      vertex -3.11801 -17.9166 -1.9
      vertex -1.58746 -19.1515 -1.9
    endloop
  endfacet
  facet normal -0 0 1
    outer loop
      vertex -3.3072 -18.2323 -1.9
      vertex -1.58746 -19.1515 -1.9
      vertex -3.11801 -17.9166 -1.9
    endloop
  endfacet
  facet normal 0 0 1
    outer loop
      vertex 3.3072 -21.7677 -1.9
      vertex 1.58746 -20.8485 -1.9
      vertex 3.11801 -22.0834 -1.9
    endloop
  endfacet
  facet normal -0 0 1
    outer loop
      vertex 1.49664 -21 -1.9
      vertex 3.11801 -22.0834 -1.9
      vertex 1.58746 -20.8485 -1.9
    endloop
  endfacet
  facet normal 0 0 1
    outer loop
      vertex 3.11801 -22.0834 -1.9
      vertex 1.49664 -21 -1.9
      vertex 2.89879 -22.379 -1.9
    endloop
  endfacet
  facet normal -0 0 1
    outer loop
      vertex 1.39142 -21.1419 -1.9
      vertex 2.89879 -22.379 -1.9
      vertex 1.49664 -21 -1.9
    endloop
  endfacet
  facet normal 0 0 1
    outer loop
      vertex 2.89879 -22.379 -1.9
      vertex 1.39142 -21.1419 -1.9
      vertex 2.65165 -22.6516 -1.9
    endloop
  endfacet
  facet normal -0 0 1
    outer loop
      vertex 1.27279 -21.2728 -1.9
      vertex 2.65165 -22.6516 -1.9
      vertex 1.39142 -21.1419 -1.9
    endloop
  endfacet
  facet normal 0 0 1
    outer loop
      vertex 2.65165 -22.6516 -1.9
      vertex 1.27279 -21.2728 -1.9
      vertex 2.37897 -22.8988 -1.9
    endloop
  endfacet
  facet normal -0 0 1
    outer loop
      vertex 1.14191 -21.3914 -1.9
      vertex 2.37897 -22.8988 -1.9
      vertex 1.27279 -21.2728 -1.9
    endloop
  endfacet
  facet normal 0 0 1
    outer loop
      vertex 2.37897 -22.8988 -1.9
      vertex 1.14191 -21.3914 -1.9
      vertex 2.08339 -23.118 -1.9
    endloop
  endfacet
  facet normal -0 0 1
    outer loop
      vertex 1.00003 -21.4966 -1.9
      vertex 2.08339 -23.118 -1.9
      vertex 1.14191 -21.3914 -1.9
    endloop
  endfacet
  facet normal 0 0 1
    outer loop
      vertex 2.08339 -23.118 -1.9
      vertex 1.00003 -21.4966 -1.9
      vertex 1.76774 -23.3072 -1.9
    endloop
  endfacet
  facet normal -0 0 1
    outer loop
      vertex 0.848514 -21.5875 -1.9
      vertex 1.76774 -23.3072 -1.9
      vertex 1.00003 -21.4966 -1.9
    endloop
  endfacet
  facet normal 0 0 1
    outer loop
      vertex 1.76774 -23.3072 -1.9
      vertex 0.848514 -21.5875 -1.9
      vertex 1.57155 -23.4 -1.9
    endloop
  endfacet
  facet normal -0 0 1
    outer loop
      vertex 0.688829 -21.663 -1.9
      vertex 1.57155 -23.4 -1.9
      vertex 0.848514 -21.5875 -1.9
    endloop
  endfacet
  facet normal -0 0 1
    outer loop
      vertex 0.522511 -21.7225 -1.9
      vertex 1.57155 -23.4 -1.9
      vertex 0.688829 -21.663 -1.9
    endloop
  endfacet
  facet normal -0 0 1
    outer loop
      vertex 0.351162 -21.7654 -1.9
      vertex 1.57155 -23.4 -1.9
      vertex 0.522511 -21.7225 -1.9
    endloop
  endfacet
  facet normal -0 0 1
    outer loop
      vertex 0.176431 -21.7913 -1.9
      vertex 1.57155 -23.4 -1.9
      vertex 0.351162 -21.7654 -1.9
    endloop
  endfacet
  facet normal -0 0 1
    outer loop
      vertex 0 -21.8 -1.9
      vertex 1.57155 -23.4 -1.9
      vertex 0.176431 -21.7913 -1.9
    endloop
  endfacet
  facet normal 0 0 1
    outer loop
      vertex -1.57155 -23.4 -1.9
      vertex 0 -21.8 -1.9
      vertex -0.176431 -21.7913 -1.9
    endloop
  endfacet
  facet normal 0 0 1
    outer loop
      vertex -1.57155 -23.4 -1.9
      vertex -0.176431 -21.7913 -1.9
      vertex -0.351162 -21.7654 -1.9
    endloop
  endfacet
  facet normal 0 0 1
    outer loop
      vertex -1.57155 -23.4 -1.9
      vertex -0.351162 -21.7654 -1.9
      vertex -0.522511 -21.7225 -1.9
    endloop
  endfacet
  facet normal 0 0 1
    outer loop
      vertex -1.57155 -23.4 -1.9
      vertex -0.522511 -21.7225 -1.9
      vertex -0.688829 -21.663 -1.9
    endloop
  endfacet
  facet normal 0 0 1
    outer loop
      vertex -1.57155 -23.4 -1.9
      vertex -0.688829 -21.663 -1.9
      vertex -0.848514 -21.5875 -1.9
    endloop
  endfacet
  facet normal 0 0 1
    outer loop
      vertex -1.76774 -23.3072 -1.9
      vertex -0.848514 -21.5875 -1.9
      vertex -1.00003 -21.4966 -1.9
    endloop
  endfacet
  facet normal 0 0 1
    outer loop
      vertex 0 -21.8 -1.9
      vertex -1.57155 -23.4 -1.9
      vertex 1.57155 -23.4 -1.9
    endloop
  endfacet
  facet normal 0 0 1
    outer loop
      vertex -2.08339 -23.118 -1.9
      vertex -1.00003 -21.4966 -1.9
      vertex -1.14191 -21.3914 -1.9
    endloop
  endfacet
  facet normal 0 0 1
    outer loop
      vertex -2.37897 -22.8988 -1.9
      vertex -1.14191 -21.3914 -1.9
      vertex -1.27279 -21.2728 -1.9
    endloop
  endfacet
  facet normal 0 0 1
    outer loop
      vertex -2.65165 -22.6516 -1.9
      vertex -1.27279 -21.2728 -1.9
      vertex -1.39142 -21.1419 -1.9
    endloop
  endfacet
  facet normal 0 0 1
    outer loop
      vertex -2.89879 -22.379 -1.9
      vertex -1.39142 -21.1419 -1.9
      vertex -1.49664 -21 -1.9
    endloop
  endfacet
  facet normal 0 0 1
    outer loop
      vertex -3.11801 -22.0834 -1.9
      vertex -1.49664 -21 -1.9
      vertex -1.58746 -20.8485 -1.9
    endloop
  endfacet
  facet normal 0 0 1
    outer loop
      vertex -3.3072 -21.7677 -1.9
      vertex -1.58746 -20.8485 -1.9
      vertex -1.66298 -20.6888 -1.9
    endloop
  endfacet
  facet normal 0 0 1
    outer loop
      vertex -3.46455 -21.4351 -1.9
      vertex -1.66298 -20.6888 -1.9
      vertex -1.72249 -20.5225 -1.9
    endloop
  endfacet
  facet normal 0 0 1
    outer loop
      vertex -3.58853 -21.0886 -1.9
      vertex -1.72249 -20.5225 -1.9
      vertex -1.76541 -20.3512 -1.9
    endloop
  endfacet
  facet normal 0 0 1
    outer loop
      vertex -0.848514 -21.5875 -1.9
      vertex -1.76774 -23.3072 -1.9
      vertex -1.57155 -23.4 -1.9
    endloop
  endfacet
  facet normal 0 0 1
    outer loop
      vertex -3.67794 -20.7316 -1.9
      vertex -1.76541 -20.3512 -1.9
      vertex -1.79133 -20.1764 -1.9
    endloop
  endfacet
  facet normal 0 0 1
    outer loop
      vertex -3.73194 -20.3676 -1.9
      vertex -1.79133 -20.1764 -1.9
      vertex -1.8 -20 -1.9
    endloop
  endfacet
  facet normal 0 0 1
    outer loop
      vertex -1.58746 -19.1515 -1.9
      vertex -3.3072 -18.2323 -1.9
      vertex -1.66298 -19.3112 -1.9
    endloop
  endfacet
  facet normal 0 0 1
    outer loop
      vertex -1.00003 -21.4966 -1.9
      vertex -2.08339 -23.118 -1.9
      vertex -1.76774 -23.3072 -1.9
    endloop
  endfacet
  facet normal -0 0 1
    outer loop
      vertex -3.46455 -18.5649 -1.9
      vertex -1.66298 -19.3112 -1.9
      vertex -3.3072 -18.2323 -1.9
    endloop
  endfacet
  facet normal 0 0 1
    outer loop
      vertex -1.14191 -21.3914 -1.9
      vertex -2.37897 -22.8988 -1.9
      vertex -2.08339 -23.118 -1.9
    endloop
  endfacet
  facet normal 0 0 1
    outer loop
      vertex -1.66298 -19.3112 -1.9
      vertex -3.46455 -18.5649 -1.9
      vertex -1.72249 -19.4775 -1.9
    endloop
  endfacet
  facet normal 0 0 1
    outer loop
      vertex -1.27279 -21.2728 -1.9
      vertex -2.65165 -22.6516 -1.9
      vertex -2.37897 -22.8988 -1.9
    endloop
  endfacet
  facet normal -0 0 1
    outer loop
      vertex -3.58853 -18.9114 -1.9
      vertex -1.72249 -19.4775 -1.9
      vertex -3.46455 -18.5649 -1.9
    endloop
  endfacet
  facet normal 0 0 1
    outer loop
      vertex -1.39142 -21.1419 -1.9
      vertex -2.89879 -22.379 -1.9
      vertex -2.65165 -22.6516 -1.9
    endloop
  endfacet
  facet normal 0 0 1
    outer loop
      vertex -1.72249 -19.4775 -1.9
      vertex -3.58853 -18.9114 -1.9
      vertex -1.76541 -19.6488 -1.9
    endloop
  endfacet
  facet normal 0 0 1
    outer loop
      vertex -1.49664 -21 -1.9
      vertex -3.11801 -22.0834 -1.9
      vertex -2.89879 -22.379 -1.9
    endloop
  endfacet
  facet normal -0 0 1
    outer loop
      vertex -3.67794 -19.2684 -1.9
      vertex -1.76541 -19.6488 -1.9
      vertex -3.58853 -18.9114 -1.9
    endloop
  endfacet
  facet normal 0 0 1
    outer loop
      vertex -1.58746 -20.8485 -1.9
      vertex -3.3072 -21.7677 -1.9
      vertex -3.11801 -22.0834 -1.9
    endloop
  endfacet
  facet normal 0 0 1
    outer loop
      vertex -1.76541 -19.6488 -1.9
      vertex -3.67794 -19.2684 -1.9
      vertex -1.79133 -19.8236 -1.9
    endloop
  endfacet
  facet normal 0 0 1
    outer loop
      vertex -1.66298 -20.6888 -1.9
      vertex -3.46455 -21.4351 -1.9
      vertex -3.3072 -21.7677 -1.9
    endloop
  endfacet
  facet normal -0 0 1
    outer loop
      vertex -3.73194 -19.6324 -1.9
      vertex -1.79133 -19.8236 -1.9
      vertex -3.67794 -19.2684 -1.9
    endloop
  endfacet
  facet normal 0 0 1
    outer loop
      vertex -1.72249 -20.5225 -1.9
      vertex -3.58853 -21.0886 -1.9
      vertex -3.46455 -21.4351 -1.9
    endloop
  endfacet
  facet normal 0 0 1
    outer loop
      vertex -1.79133 -19.8236 -1.9
      vertex -3.73194 -19.6324 -1.9
      vertex -1.8 -20 -1.9
    endloop
  endfacet
  facet normal 0 0 1
    outer loop
      vertex -1.76541 -20.3512 -1.9
      vertex -3.67794 -20.7316 -1.9
      vertex -3.58853 -21.0886 -1.9
    endloop
  endfacet
  facet normal 0 0 1
    outer loop
      vertex -3.75 -20 -1.9
      vertex -1.8 -20 -1.9
      vertex -3.73194 -19.6324 -1.9
    endloop
  endfacet
  facet normal 0 0 1
    outer loop
      vertex -1.79133 -20.1764 -1.9
      vertex -3.73194 -20.3676 -1.9
      vertex -3.67794 -20.7316 -1.9
    endloop
  endfacet
  facet normal 0 0 1
    outer loop
      vertex -1.8 -20 -1.9
      vertex -3.75 -20 -1.9
      vertex -3.73194 -20.3676 -1.9
    endloop
  endfacet
  facet normal -0.989184 -0.14668 0
    outer loop
      vertex 1.79133 20.1764 0.0999994
      vertex 1.76541 20.3512 0.2
      vertex 1.76541 20.3512 0.0999994
    endloop
  endfacet
  facet normal -0.989184 -0.14668 0
    outer loop
      vertex 1.76541 20.3512 0.2
      vertex 1.79133 20.1764 0.0999994
      vertex 1.79133 20.1764 0.2
    endloop
  endfacet
  facet normal -0.989184 -0.14668 0
    outer loop
      vertex 1.79133 20.1764 -2.6
      vertex 1.76541 20.3512 -1.9
      vertex 1.76541 20.3512 -2.6
    endloop
  endfacet
  facet normal -0.989184 -0.14668 0
    outer loop
      vertex 1.76541 20.3512 -1.9
      vertex 1.79133 20.1764 -2.6
      vertex 1.79133 20.1764 -1.9
    endloop
  endfacet
  facet normal -0.998794 -0.0490904 0
    outer loop
      vertex 1.8 20 0.0999994
      vertex 1.79133 20.1764 0.2
      vertex 1.79133 20.1764 0.0999994
    endloop
  endfacet
  facet normal -0.998794 -0.0490904 0
    outer loop
      vertex 1.79133 20.1764 0.2
      vertex 1.8 20 0.0999994
      vertex 1.8 20 0.2
    endloop
  endfacet
  facet normal -0.998794 -0.0490904 0
    outer loop
      vertex 1.8 20 -2.6
      vertex 1.79133 20.1764 -1.9
      vertex 1.79133 20.1764 -2.6
    endloop
  endfacet
  facet normal -0.998794 -0.0490904 0
    outer loop
      vertex 1.79133 20.1764 -1.9
      vertex 1.8 20 -2.6
      vertex 1.8 20 -1.9
    endloop
  endfacet
  facet normal -0.970016 -0.243042 0
    outer loop
      vertex 1.76541 20.3512 0.0999994
      vertex 1.72249 20.5225 0.2
      vertex 1.72249 20.5225 0.0999994
    endloop
  endfacet
  facet normal -0.970016 -0.243042 0
    outer loop
      vertex 1.72249 20.5225 0.2
      vertex 1.76541 20.3512 0.0999994
      vertex 1.76541 20.3512 0.2
    endloop
  endfacet
  facet normal -0.970016 -0.243042 0
    outer loop
      vertex 1.76541 20.3512 -2.6
      vertex 1.72249 20.5225 -1.9
      vertex 1.72249 20.5225 -2.6
    endloop
  endfacet
  facet normal -0.970016 -0.243042 0
    outer loop
      vertex 1.72249 20.5225 -1.9
      vertex 1.76541 20.3512 -2.6
      vertex 1.76541 20.3512 -1.9
    endloop
  endfacet
  facet normal 0.24287 -0.970059 0
    outer loop
      vertex -0.522511 21.7225 0.0999994
      vertex -0.351162 21.7654 0.2
      vertex -0.522511 21.7225 0.2
    endloop
  endfacet
  facet normal 0.24287 -0.970059 0
    outer loop
      vertex -0.351162 21.7654 0.2
      vertex -0.522511 21.7225 0.0999994
      vertex -0.351162 21.7654 0.0999994
    endloop
  endfacet
  facet normal 0.24287 -0.970059 0
    outer loop
      vertex -0.522511 21.7225 -2.6
      vertex -0.351162 21.7654 -1.9
      vertex -0.522511 21.7225 -1.9
    endloop
  endfacet
  facet normal 0.24287 -0.970059 0
    outer loop
      vertex -0.351162 21.7654 -1.9
      vertex -0.522511 21.7225 -2.6
      vertex -0.351162 21.7654 -2.6
    endloop
  endfacet
  facet normal 0.904017 0.427497 0
    outer loop
      vertex -1.58746 19.1515 0.2
      vertex -1.66298 19.3112 0.0999994
      vertex -1.66298 19.3112 0.2
    endloop
  endfacet
  facet normal 0.904017 0.427497 0
    outer loop
      vertex -1.66298 19.3112 0.0999994
      vertex -1.58746 19.1515 0.2
      vertex -1.58746 19.1515 0.0999994
    endloop
  endfacet
  facet normal 0.904017 0.427497 0
    outer loop
      vertex -1.58746 19.1515 -1.9
      vertex -1.66298 19.3112 -2.6
      vertex -1.66298 19.3112 -1.9
    endloop
  endfacet
  facet normal 0.904017 0.427497 0
    outer loop
      vertex -1.66298 19.3112 -2.6
      vertex -1.58746 19.1515 -1.9
      vertex -1.58746 19.1515 -2.6
    endloop
  endfacet
  facet normal -0.427438 0.904045 0
    outer loop
      vertex 0.848514 18.4125 0.0999994
      vertex 0.688829 18.337 0.2
      vertex 0.848514 18.4125 0.2
    endloop
  endfacet
  facet normal -0.427438 0.904045 0
    outer loop
      vertex 0.688829 18.337 0.2
      vertex 0.848514 18.4125 0.0999994
      vertex 0.688829 18.337 0.0999994
    endloop
  endfacet
  facet normal -0.427438 0.904045 0
    outer loop
      vertex 0.848514 18.4125 -2.6
      vertex 0.688829 18.337 -1.9
      vertex 0.848514 18.4125 -1.9
    endloop
  endfacet
  facet normal -0.427438 0.904045 0
    outer loop
      vertex 0.688829 18.337 -1.9
      vertex 0.848514 18.4125 -2.6
      vertex 0.688829 18.337 -2.6
    endloop
  endfacet
  facet normal 0.24287 0.970059 -0
    outer loop
      vertex -0.351162 18.2346 0.0999994
      vertex -0.522511 18.2775 0.2
      vertex -0.351162 18.2346 0.2
    endloop
  endfacet
  facet normal 0.24287 0.970059 0
    outer loop
      vertex -0.522511 18.2775 0.2
      vertex -0.351162 18.2346 0.0999994
      vertex -0.522511 18.2775 0.0999994
    endloop
  endfacet
  facet normal 0.24287 0.970059 -0
    outer loop
      vertex -0.351162 18.2346 -2.6
      vertex -0.522511 18.2775 -1.9
      vertex -0.351162 18.2346 -1.9
    endloop
  endfacet
  facet normal 0.24287 0.970059 0
    outer loop
      vertex -0.522511 18.2775 -1.9
      vertex -0.351162 18.2346 -2.6
      vertex -0.522511 18.2775 -2.6
    endloop
  endfacet
  facet normal -0.514456 0.857517 0
    outer loop
      vertex 1.00003 18.5034 0.0999994
      vertex 0.848514 18.4125 0.2
      vertex 1.00003 18.5034 0.2
    endloop
  endfacet
  facet normal -0.514456 0.857517 0
    outer loop
      vertex 0.848514 18.4125 0.2
      vertex 1.00003 18.5034 0.0999994
      vertex 0.848514 18.4125 0.0999994
    endloop
  endfacet
  facet normal -0.514456 0.857517 0
    outer loop
      vertex 1.00003 18.5034 -2.6
      vertex 0.848514 18.4125 -1.9
      vertex 1.00003 18.5034 -1.9
    endloop
  endfacet
  facet normal -0.514456 0.857517 0
    outer loop
      vertex 0.848514 18.4125 -1.9
      vertex 1.00003 18.5034 -2.6
      vertex 0.848514 18.4125 -2.6
    endloop
  endfacet
  facet normal 0.336842 0.941561 -0
    outer loop
      vertex -0.522511 18.2775 0.0999994
      vertex -0.688829 18.337 0.2
      vertex -0.522511 18.2775 0.2
    endloop
  endfacet
  facet normal 0.336842 0.941561 0
    outer loop
      vertex -0.688829 18.337 0.2
      vertex -0.522511 18.2775 0.0999994
      vertex -0.688829 18.337 0.0999994
    endloop
  endfacet
  facet normal 0.336842 0.941561 -0
    outer loop
      vertex -0.522511 18.2775 -2.6
      vertex -0.688829 18.337 -1.9
      vertex -0.522511 18.2775 -1.9
    endloop
  endfacet
  facet normal 0.336842 0.941561 0
    outer loop
      vertex -0.688829 18.337 -1.9
      vertex -0.522511 18.2775 -2.6
      vertex -0.688829 18.337 -2.6
    endloop
  endfacet
  facet normal -0.336842 0.941561 0
    outer loop
      vertex 0.688829 18.337 0.0999994
      vertex 0.522511 18.2775 0.2
      vertex 0.688829 18.337 0.2
    endloop
  endfacet
  facet normal -0.336842 0.941561 0
    outer loop
      vertex 0.522511 18.2775 0.2
      vertex 0.688829 18.337 0.0999994
      vertex 0.522511 18.2775 0.0999994
    endloop
  endfacet
  facet normal -0.336842 0.941561 0
    outer loop
      vertex 0.688829 18.337 -2.6
      vertex 0.522511 18.2775 -1.9
      vertex 0.688829 18.337 -1.9
    endloop
  endfacet
  facet normal -0.336842 0.941561 0
    outer loop
      vertex 0.522511 18.2775 -1.9
      vertex 0.688829 18.337 -2.6
      vertex 0.522511 18.2775 -2.6
    endloop
  endfacet
  facet normal 0.671488 -0.741015 0
    outer loop
      vertex -1.27279 21.2728 0.0999994
      vertex -1.14191 21.3914 0.2
      vertex -1.27279 21.2728 0.2
    endloop
  endfacet
  facet normal 0.671488 -0.741015 0
    outer loop
      vertex -1.14191 21.3914 0.2
      vertex -1.27279 21.2728 0.0999994
      vertex -1.14191 21.3914 0.0999994
    endloop
  endfacet
  facet normal 0.671488 -0.741015 0
    outer loop
      vertex -1.27279 21.2728 -2.6
      vertex -1.14191 21.3914 -1.9
      vertex -1.27279 21.2728 -1.9
    endloop
  endfacet
  facet normal 0.671488 -0.741015 0
    outer loop
      vertex -1.14191 21.3914 -1.9
      vertex -1.27279 21.2728 -2.6
      vertex -1.14191 21.3914 -2.6
    endloop
  endfacet
  facet normal -0.24287 0.970059 0
    outer loop
      vertex 0.522511 18.2775 0.0999994
      vertex 0.351162 18.2346 0.2
      vertex 0.522511 18.2775 0.2
    endloop
  endfacet
  facet normal -0.24287 0.970059 0
    outer loop
      vertex 0.351162 18.2346 0.2
      vertex 0.522511 18.2775 0.0999994
      vertex 0.351162 18.2346 0.0999994
    endloop
  endfacet
  facet normal -0.24287 0.970059 0
    outer loop
      vertex 0.522511 18.2775 -2.6
      vertex 0.351162 18.2346 -1.9
      vertex 0.522511 18.2775 -1.9
    endloop
  endfacet
  facet normal -0.24287 0.970059 0
    outer loop
      vertex 0.351162 18.2346 -1.9
      vertex 0.522511 18.2775 -2.6
      vertex 0.351162 18.2346 -2.6
    endloop
  endfacet
  facet normal 0.857693 -0.514163 0
    outer loop
      vertex -1.58746 20.8485 0.2
      vertex -1.49664 21 0.0999994
      vertex -1.49664 21 0.2
    endloop
  endfacet
  facet normal 0.857693 -0.514163 0
    outer loop
      vertex -1.49664 21 0.0999994
      vertex -1.58746 20.8485 0.2
      vertex -1.58746 20.8485 0.0999994
    endloop
  endfacet
  facet normal 0.857693 -0.514163 0
    outer loop
      vertex -1.58746 20.8485 -1.9
      vertex -1.49664 21 -2.6
      vertex -1.49664 21 -1.9
    endloop
  endfacet
  facet normal 0.857693 -0.514163 0
    outer loop
      vertex -1.49664 21 -2.6
      vertex -1.58746 20.8485 -1.9
      vertex -1.58746 20.8485 -2.6
    endloop
  endfacet
  facet normal 0.989184 -0.14668 0
    outer loop
      vertex -1.79133 20.1764 0.2
      vertex -1.76541 20.3512 0.0999994
      vertex -1.76541 20.3512 0.2
    endloop
  endfacet
  facet normal 0.989184 -0.14668 0
    outer loop
      vertex -1.76541 20.3512 0.0999994
      vertex -1.79133 20.1764 0.2
      vertex -1.79133 20.1764 0.0999994
    endloop
  endfacet
  facet normal 0.989184 -0.14668 0
    outer loop
      vertex -1.79133 20.1764 -1.9
      vertex -1.76541 20.3512 -2.6
      vertex -1.76541 20.3512 -1.9
    endloop
  endfacet
  facet normal 0.989184 -0.14668 0
    outer loop
      vertex -1.76541 20.3512 -2.6
      vertex -1.79133 20.1764 -1.9
      vertex -1.79133 20.1764 -2.6
    endloop
  endfacet
  facet normal -0.904017 -0.427497 0
    outer loop
      vertex 1.66298 20.6888 0.0999994
      vertex 1.58746 20.8485 0.2
      vertex 1.58746 20.8485 0.0999994
    endloop
  endfacet
  facet normal -0.904017 -0.427497 0
    outer loop
      vertex 1.58746 20.8485 0.2
      vertex 1.66298 20.6888 0.0999994
      vertex 1.66298 20.6888 0.2
    endloop
  endfacet
  facet normal -0.904017 -0.427497 0
    outer loop
      vertex 1.66298 20.6888 -2.6
      vertex 1.58746 20.8485 -1.9
      vertex 1.58746 20.8485 -2.6
    endloop
  endfacet
  facet normal -0.904017 -0.427497 0
    outer loop
      vertex 1.58746 20.8485 -1.9
      vertex 1.66298 20.6888 -2.6
      vertex 1.66298 20.6888 -1.9
    endloop
  endfacet
  facet normal -0.803262 0.595625 0
    outer loop
      vertex 1.39142 18.8581 0.0999994
      vertex 1.49664 19 0.2
      vertex 1.49664 19 0.0999994
    endloop
  endfacet
  facet normal -0.803262 0.595625 0
    outer loop
      vertex 1.49664 19 0.2
      vertex 1.39142 18.8581 0.0999994
      vertex 1.39142 18.8581 0.2
    endloop
  endfacet
  facet normal -0.803262 0.595625 0
    outer loop
      vertex 1.39142 18.8581 -2.6
      vertex 1.49664 19 -1.9
      vertex 1.49664 19 -2.6
    endloop
  endfacet
  facet normal -0.803262 0.595625 0
    outer loop
      vertex 1.49664 19 -1.9
      vertex 1.39142 18.8581 -2.6
      vertex 1.39142 18.8581 -1.9
    endloop
  endfacet
  facet normal 0.595607 -0.803276 0
    outer loop
      vertex -1.14191 21.3914 0.0999994
      vertex -1.00003 21.4966 0.2
      vertex -1.14191 21.3914 0.2
    endloop
  endfacet
  facet normal 0.595607 -0.803276 0
    outer loop
      vertex -1.00003 21.4966 0.2
      vertex -1.14191 21.3914 0.0999994
      vertex -1.00003 21.4966 0.0999994
    endloop
  endfacet
  facet normal 0.595607 -0.803276 0
    outer loop
      vertex -1.14191 21.3914 -2.6
      vertex -1.00003 21.4966 -1.9
      vertex -1.14191 21.3914 -1.9
    endloop
  endfacet
  facet normal 0.595607 -0.803276 0
    outer loop
      vertex -1.00003 21.4966 -1.9
      vertex -1.14191 21.3914 -2.6
      vertex -1.00003 21.4966 -2.6
    endloop
  endfacet
  facet normal -0.595607 -0.803276 0
    outer loop
      vertex 1.00003 21.4966 0.0999994
      vertex 1.14191 21.3914 0.2
      vertex 1.00003 21.4966 0.2
    endloop
  endfacet
  facet normal -0.595607 -0.803276 -0
    outer loop
      vertex 1.14191 21.3914 0.2
      vertex 1.00003 21.4966 0.0999994
      vertex 1.14191 21.3914 0.0999994
    endloop
  endfacet
  facet normal -0.595607 -0.803276 0
    outer loop
      vertex 1.00003 21.4966 -2.6
      vertex 1.14191 21.3914 -1.9
      vertex 1.00003 21.4966 -1.9
    endloop
  endfacet
  facet normal -0.595607 -0.803276 -0
    outer loop
      vertex 1.14191 21.3914 -1.9
      vertex 1.00003 21.4966 -2.6
      vertex 1.14191 21.3914 -2.6
    endloop
  endfacet
  facet normal -0.146626 -0.989192 0
    outer loop
      vertex 0.176431 21.7913 0.0999994
      vertex 0.351162 21.7654 0.2
      vertex 0.176431 21.7913 0.2
    endloop
  endfacet
  facet normal -0.146626 -0.989192 -0
    outer loop
      vertex 0.351162 21.7654 0.2
      vertex 0.176431 21.7913 0.0999994
      vertex 0.351162 21.7654 0.0999994
    endloop
  endfacet
  facet normal -0.146626 -0.989192 0
    outer loop
      vertex 0.176431 21.7913 -2.6
      vertex 0.351162 21.7654 -1.9
      vertex 0.176431 21.7913 -1.9
    endloop
  endfacet
  facet normal -0.146626 -0.989192 -0
    outer loop
      vertex 0.351162 21.7654 -1.9
      vertex 0.176431 21.7913 -2.6
      vertex 0.351162 21.7654 -2.6
    endloop
  endfacet
  facet normal -0.803262 -0.595625 0
    outer loop
      vertex 1.49664 21 0.0999994
      vertex 1.39142 21.1419 0.2
      vertex 1.39142 21.1419 0.0999994
    endloop
  endfacet
  facet normal -0.803262 -0.595625 0
    outer loop
      vertex 1.39142 21.1419 0.2
      vertex 1.49664 21 0.0999994
      vertex 1.49664 21 0.2
    endloop
  endfacet
  facet normal -0.803262 -0.595625 0
    outer loop
      vertex 1.49664 21 -2.6
      vertex 1.39142 21.1419 -1.9
      vertex 1.39142 21.1419 -2.6
    endloop
  endfacet
  facet normal -0.803262 -0.595625 0
    outer loop
      vertex 1.39142 21.1419 -1.9
      vertex 1.49664 21 -2.6
      vertex 1.49664 21 -1.9
    endloop
  endfacet
  facet normal 0.514456 -0.857517 0
    outer loop
      vertex -1.00003 21.4966 0.0999994
      vertex -0.848514 21.5875 0.2
      vertex -1.00003 21.4966 0.2
    endloop
  endfacet
  facet normal 0.514456 -0.857517 0
    outer loop
      vertex -0.848514 21.5875 0.2
      vertex -1.00003 21.4966 0.0999994
      vertex -0.848514 21.5875 0.0999994
    endloop
  endfacet
  facet normal 0.514456 -0.857517 0
    outer loop
      vertex -1.00003 21.4966 -2.6
      vertex -0.848514 21.5875 -1.9
      vertex -1.00003 21.4966 -1.9
    endloop
  endfacet
  facet normal 0.514456 -0.857517 0
    outer loop
      vertex -0.848514 21.5875 -1.9
      vertex -1.00003 21.4966 -2.6
      vertex -0.848514 21.5875 -2.6
    endloop
  endfacet
  facet normal 0.146626 -0.989192 0
    outer loop
      vertex -0.351162 21.7654 0.0999994
      vertex -0.176431 21.7913 0.2
      vertex -0.351162 21.7654 0.2
    endloop
  endfacet
  facet normal 0.146626 -0.989192 0
    outer loop
      vertex -0.176431 21.7913 0.2
      vertex -0.351162 21.7654 0.0999994
      vertex -0.176431 21.7913 0.0999994
    endloop
  endfacet
  facet normal 0.146626 -0.989192 0
    outer loop
      vertex -0.351162 21.7654 -2.6
      vertex -0.176431 21.7913 -1.9
      vertex -0.351162 21.7654 -1.9
    endloop
  endfacet
  facet normal 0.146626 -0.989192 0
    outer loop
      vertex -0.176431 21.7913 -1.9
      vertex -0.351162 21.7654 -2.6
      vertex -0.176431 21.7913 -2.6
    endloop
  endfacet
  facet normal -0.514456 -0.857517 0
    outer loop
      vertex 0.848514 21.5875 0.0999994
      vertex 1.00003 21.4966 0.2
      vertex 0.848514 21.5875 0.2
    endloop
  endfacet
  facet normal -0.514456 -0.857517 -0
    outer loop
      vertex 1.00003 21.4966 0.2
      vertex 0.848514 21.5875 0.0999994
      vertex 1.00003 21.4966 0.0999994
    endloop
  endfacet
  facet normal -0.514456 -0.857517 0
    outer loop
      vertex 0.848514 21.5875 -2.6
      vertex 1.00003 21.4966 -1.9
      vertex 0.848514 21.5875 -1.9
    endloop
  endfacet
  facet normal -0.514456 -0.857517 -0
    outer loop
      vertex 1.00003 21.4966 -1.9
      vertex 0.848514 21.5875 -2.6
      vertex 1.00003 21.4966 -2.6
    endloop
  endfacet
  facet normal -0.671488 -0.741015 0
    outer loop
      vertex 1.14191 21.3914 0.0999994
      vertex 1.27279 21.2728 0.2
      vertex 1.14191 21.3914 0.2
    endloop
  endfacet
  facet normal -0.671488 -0.741015 -0
    outer loop
      vertex 1.27279 21.2728 0.2
      vertex 1.14191 21.3914 0.0999994
      vertex 1.27279 21.2728 0.0999994
    endloop
  endfacet
  facet normal -0.671488 -0.741015 0
    outer loop
      vertex 1.14191 21.3914 -2.6
      vertex 1.27279 21.2728 -1.9
      vertex 1.14191 21.3914 -1.9
    endloop
  endfacet
  facet normal -0.671488 -0.741015 -0
    outer loop
      vertex 1.27279 21.2728 -1.9
      vertex 1.14191 21.3914 -2.6
      vertex 1.27279 21.2728 -2.6
    endloop
  endfacet
  facet normal 0.941532 0.336925 0
    outer loop
      vertex -1.66298 19.3112 0.2
      vertex -1.72249 19.4775 0.0999994
      vertex -1.72249 19.4775 0.2
    endloop
  endfacet
  facet normal 0.941532 0.336925 0
    outer loop
      vertex -1.72249 19.4775 0.0999994
      vertex -1.66298 19.3112 0.2
      vertex -1.66298 19.3112 0.0999994
    endloop
  endfacet
  facet normal 0.941532 0.336925 0
    outer loop
      vertex -1.66298 19.3112 -1.9
      vertex -1.72249 19.4775 -2.6
      vertex -1.72249 19.4775 -1.9
    endloop
  endfacet
  facet normal 0.941532 0.336925 0
    outer loop
      vertex -1.72249 19.4775 -2.6
      vertex -1.66298 19.3112 -1.9
      vertex -1.66298 19.3112 -2.6
    endloop
  endfacet
  facet normal -0.998794 0.0490904 0
    outer loop
      vertex 1.79133 19.8236 0.0999994
      vertex 1.8 20 0.2
      vertex 1.8 20 0.0999994
    endloop
  endfacet
  facet normal -0.998794 0.0490904 0
    outer loop
      vertex 1.8 20 0.2
      vertex 1.79133 19.8236 0.0999994
      vertex 1.79133 19.8236 0.2
    endloop
  endfacet
  facet normal -0.998794 0.0490904 0
    outer loop
      vertex 1.79133 19.8236 -2.6
      vertex 1.8 20 -1.9
      vertex 1.8 20 -2.6
    endloop
  endfacet
  facet normal -0.998794 0.0490904 0
    outer loop
      vertex 1.8 20 -1.9
      vertex 1.79133 19.8236 -2.6
      vertex 1.79133 19.8236 -1.9
    endloop
  endfacet
  facet normal 0.427438 -0.904045 0
    outer loop
      vertex -0.848514 21.5875 0.0999994
      vertex -0.688829 21.663 0.2
      vertex -0.848514 21.5875 0.2
    endloop
  endfacet
  facet normal 0.427438 -0.904045 0
    outer loop
      vertex -0.688829 21.663 0.2
      vertex -0.848514 21.5875 0.0999994
      vertex -0.688829 21.663 0.0999994
    endloop
  endfacet
  facet normal 0.427438 -0.904045 0
    outer loop
      vertex -0.848514 21.5875 -2.6
      vertex -0.688829 21.663 -1.9
      vertex -0.848514 21.5875 -1.9
    endloop
  endfacet
  facet normal 0.427438 -0.904045 0
    outer loop
      vertex -0.688829 21.663 -1.9
      vertex -0.848514 21.5875 -2.6
      vertex -0.688829 21.663 -2.6
    endloop
  endfacet
  facet normal -0.904017 0.427497 0
    outer loop
      vertex 1.58746 19.1515 0.0999994
      vertex 1.66298 19.3112 0.2
      vertex 1.66298 19.3112 0.0999994
    endloop
  endfacet
  facet normal -0.904017 0.427497 0
    outer loop
      vertex 1.66298 19.3112 0.2
      vertex 1.58746 19.1515 0.0999994
      vertex 1.58746 19.1515 0.2
    endloop
  endfacet
  facet normal -0.904017 0.427497 0
    outer loop
      vertex 1.58746 19.1515 -2.6
      vertex 1.66298 19.3112 -1.9
      vertex 1.66298 19.3112 -2.6
    endloop
  endfacet
  facet normal -0.904017 0.427497 0
    outer loop
      vertex 1.66298 19.3112 -1.9
      vertex 1.58746 19.1515 -2.6
      vertex 1.58746 19.1515 -1.9
    endloop
  endfacet
  facet normal 0.595607 0.803276 -0
    outer loop
      vertex -1.00003 18.5034 0.0999994
      vertex -1.14191 18.6086 0.2
      vertex -1.00003 18.5034 0.2
    endloop
  endfacet
  facet normal 0.595607 0.803276 0
    outer loop
      vertex -1.14191 18.6086 0.2
      vertex -1.00003 18.5034 0.0999994
      vertex -1.14191 18.6086 0.0999994
    endloop
  endfacet
  facet normal 0.595607 0.803276 -0
    outer loop
      vertex -1.00003 18.5034 -2.6
      vertex -1.14191 18.6086 -1.9
      vertex -1.00003 18.5034 -1.9
    endloop
  endfacet
  facet normal 0.595607 0.803276 0
    outer loop
      vertex -1.14191 18.6086 -1.9
      vertex -1.00003 18.5034 -2.6
      vertex -1.14191 18.6086 -2.6
    endloop
  endfacet
  facet normal 0.803262 -0.595625 0
    outer loop
      vertex -1.49664 21 0.2
      vertex -1.39142 21.1419 0.0999994
      vertex -1.39142 21.1419 0.2
    endloop
  endfacet
  facet normal 0.803262 -0.595625 0
    outer loop
      vertex -1.39142 21.1419 0.0999994
      vertex -1.49664 21 0.2
      vertex -1.49664 21 0.0999994
    endloop
  endfacet
  facet normal 0.803262 -0.595625 0
    outer loop
      vertex -1.49664 21 -1.9
      vertex -1.39142 21.1419 -2.6
      vertex -1.39142 21.1419 -1.9
    endloop
  endfacet
  facet normal 0.803262 -0.595625 0
    outer loop
      vertex -1.39142 21.1419 -2.6
      vertex -1.49664 21 -1.9
      vertex -1.49664 21 -2.6
    endloop
  endfacet
  facet normal 0.941532 -0.336925 0
    outer loop
      vertex -1.72249 20.5225 0.2
      vertex -1.66298 20.6888 0.0999994
      vertex -1.66298 20.6888 0.2
    endloop
  endfacet
  facet normal 0.941532 -0.336925 0
    outer loop
      vertex -1.66298 20.6888 0.0999994
      vertex -1.72249 20.5225 0.2
      vertex -1.72249 20.5225 0.0999994
    endloop
  endfacet
  facet normal 0.941532 -0.336925 0
    outer loop
      vertex -1.72249 20.5225 -1.9
      vertex -1.66298 20.6888 -2.6
      vertex -1.66298 20.6888 -1.9
    endloop
  endfacet
  facet normal 0.941532 -0.336925 0
    outer loop
      vertex -1.66298 20.6888 -2.6
      vertex -1.72249 20.5225 -1.9
      vertex -1.72249 20.5225 -2.6
    endloop
  endfacet
  facet normal -0.857693 -0.514163 0
    outer loop
      vertex 1.58746 20.8485 0.0999994
      vertex 1.49664 21 0.2
      vertex 1.49664 21 0.0999994
    endloop
  endfacet
  facet normal -0.857693 -0.514163 0
    outer loop
      vertex 1.49664 21 0.2
      vertex 1.58746 20.8485 0.0999994
      vertex 1.58746 20.8485 0.2
    endloop
  endfacet
  facet normal -0.857693 -0.514163 0
    outer loop
      vertex 1.58746 20.8485 -2.6
      vertex 1.49664 21 -1.9
      vertex 1.49664 21 -2.6
    endloop
  endfacet
  facet normal -0.857693 -0.514163 0
    outer loop
      vertex 1.49664 21 -1.9
      vertex 1.58746 20.8485 -2.6
      vertex 1.58746 20.8485 -1.9
    endloop
  endfacet
  facet normal -0.941532 -0.336925 0
    outer loop
      vertex 1.72249 20.5225 0.0999994
      vertex 1.66298 20.6888 0.2
      vertex 1.66298 20.6888 0.0999994
    endloop
  endfacet
  facet normal -0.941532 -0.336925 0
    outer loop
      vertex 1.66298 20.6888 0.2
      vertex 1.72249 20.5225 0.0999994
      vertex 1.72249 20.5225 0.2
    endloop
  endfacet
  facet normal -0.941532 -0.336925 0
    outer loop
      vertex 1.72249 20.5225 -2.6
      vertex 1.66298 20.6888 -1.9
      vertex 1.66298 20.6888 -2.6
    endloop
  endfacet
  facet normal -0.941532 -0.336925 0
    outer loop
      vertex 1.66298 20.6888 -1.9
      vertex 1.72249 20.5225 -2.6
      vertex 1.72249 20.5225 -1.9
    endloop
  endfacet
  facet normal 0 0 -1
    outer loop
      vertex 1.79133 19.8236 0.2
      vertex 1.79133 20.1764 0.2
      vertex 1.8 20 0.2
    endloop
  endfacet
  facet normal 0 0 -1
    outer loop
      vertex 1.76541 19.6488 0.2
      vertex 1.79133 20.1764 0.2
      vertex 1.79133 19.8236 0.2
    endloop
  endfacet
  facet normal 0 0 -1
    outer loop
      vertex 1.76541 19.6488 0.2
      vertex 1.76541 20.3512 0.2
      vertex 1.79133 20.1764 0.2
    endloop
  endfacet
  facet normal 0 0 -1
    outer loop
      vertex 1.72249 19.4775 0.2
      vertex 1.76541 20.3512 0.2
      vertex 1.76541 19.6488 0.2
    endloop
  endfacet
  facet normal 0 0 -1
    outer loop
      vertex 1.72249 19.4775 0.2
      vertex 1.72249 20.5225 0.2
      vertex 1.76541 20.3512 0.2
    endloop
  endfacet
  facet normal 0 0 -1
    outer loop
      vertex 1.66298 19.3112 0.2
      vertex 1.72249 20.5225 0.2
      vertex 1.72249 19.4775 0.2
    endloop
  endfacet
  facet normal 0 0 -1
    outer loop
      vertex 1.66298 19.3112 0.2
      vertex 1.66298 20.6888 0.2
      vertex 1.72249 20.5225 0.2
    endloop
  endfacet
  facet normal 0 0 -1
    outer loop
      vertex 1.58746 19.1515 0.2
      vertex 1.66298 20.6888 0.2
      vertex 1.66298 19.3112 0.2
    endloop
  endfacet
  facet normal 0 0 -1
    outer loop
      vertex 1.58746 19.1515 0.2
      vertex 1.58746 20.8485 0.2
      vertex 1.66298 20.6888 0.2
    endloop
  endfacet
  facet normal 0 0 -1
    outer loop
      vertex 1.49664 19 0.2
      vertex 1.58746 20.8485 0.2
      vertex 1.58746 19.1515 0.2
    endloop
  endfacet
  facet normal 0 0 -1
    outer loop
      vertex 1.49664 19 0.2
      vertex 1.49664 21 0.2
      vertex 1.58746 20.8485 0.2
    endloop
  endfacet
  facet normal 0 0 -1
    outer loop
      vertex 1.39142 18.8581 0.2
      vertex 1.49664 21 0.2
      vertex 1.49664 19 0.2
    endloop
  endfacet
  facet normal 0 0 -1
    outer loop
      vertex 1.39142 18.8581 0.2
      vertex 1.39142 21.1419 0.2
      vertex 1.49664 21 0.2
    endloop
  endfacet
  facet normal 0 0 -1
    outer loop
      vertex 1.27279 18.7272 0.2
      vertex 1.39142 21.1419 0.2
      vertex 1.39142 18.8581 0.2
    endloop
  endfacet
  facet normal 0 0 -1
    outer loop
      vertex 1.27279 18.7272 0.2
      vertex 1.27279 21.2728 0.2
      vertex 1.39142 21.1419 0.2
    endloop
  endfacet
  facet normal 0 0 -1
    outer loop
      vertex 1.14191 18.6086 0.2
      vertex 1.27279 21.2728 0.2
      vertex 1.27279 18.7272 0.2
    endloop
  endfacet
  facet normal 0 0 -1
    outer loop
      vertex 1.14191 18.6086 0.2
      vertex 1.14191 21.3914 0.2
      vertex 1.27279 21.2728 0.2
    endloop
  endfacet
  facet normal 0 0 -1
    outer loop
      vertex 1.00003 18.5034 0.2
      vertex 1.14191 21.3914 0.2
      vertex 1.14191 18.6086 0.2
    endloop
  endfacet
  facet normal 0 0 -1
    outer loop
      vertex 1.00003 18.5034 0.2
      vertex 1.00003 21.4966 0.2
      vertex 1.14191 21.3914 0.2
    endloop
  endfacet
  facet normal 0 0 -1
    outer loop
      vertex 0.848514 18.4125 0.2
      vertex 1.00003 21.4966 0.2
      vertex 1.00003 18.5034 0.2
    endloop
  endfacet
  facet normal 0 0 -1
    outer loop
      vertex 0.848514 18.4125 0.2
      vertex 0.848514 21.5875 0.2
      vertex 1.00003 21.4966 0.2
    endloop
  endfacet
  facet normal 0 0 -1
    outer loop
      vertex 0.688829 18.337 0.2
      vertex 0.848514 21.5875 0.2
      vertex 0.848514 18.4125 0.2
    endloop
  endfacet
  facet normal 0 0 -1
    outer loop
      vertex 0.688829 18.337 0.2
      vertex 0.688829 21.663 0.2
      vertex 0.848514 21.5875 0.2
    endloop
  endfacet
  facet normal 0 0 -1
    outer loop
      vertex 0.522511 18.2775 0.2
      vertex 0.688829 21.663 0.2
      vertex 0.688829 18.337 0.2
    endloop
  endfacet
  facet normal 0 0 -1
    outer loop
      vertex 0.522511 18.2775 0.2
      vertex 0.522511 21.7225 0.2
      vertex 0.688829 21.663 0.2
    endloop
  endfacet
  facet normal 0 0 -1
    outer loop
      vertex 0.351162 18.2346 0.2
      vertex 0.522511 21.7225 0.2
      vertex 0.522511 18.2775 0.2
    endloop
  endfacet
  facet normal 0 0 -1
    outer loop
      vertex 0.351162 18.2346 0.2
      vertex 0.351162 21.7654 0.2
      vertex 0.522511 21.7225 0.2
    endloop
  endfacet
  facet normal 0 0 -1
    outer loop
      vertex 0.176431 18.2087 0.2
      vertex 0.351162 21.7654 0.2
      vertex 0.351162 18.2346 0.2
    endloop
  endfacet
  facet normal 0 0 -1
    outer loop
      vertex 0.176431 18.2087 0.2
      vertex 0.176431 21.7913 0.2
      vertex 0.351162 21.7654 0.2
    endloop
  endfacet
  facet normal 0 0 -1
    outer loop
      vertex 0 18.2 0.2
      vertex 0.176431 21.7913 0.2
      vertex 0.176431 18.2087 0.2
    endloop
  endfacet
  facet normal 0 0 -1
    outer loop
      vertex 0 18.2 0.2
      vertex 0 21.8 0.2
      vertex 0.176431 21.7913 0.2
    endloop
  endfacet
  facet normal 0 0 -1
    outer loop
      vertex -0.176431 18.2087 0.2
      vertex 0 21.8 0.2
      vertex 0 18.2 0.2
    endloop
  endfacet
  facet normal 0 0 -1
    outer loop
      vertex -0.176431 18.2087 0.2
      vertex -0.176431 21.7913 0.2
      vertex 0 21.8 0.2
    endloop
  endfacet
  facet normal 0 0 -1
    outer loop
      vertex -0.351162 18.2346 0.2
      vertex -0.176431 21.7913 0.2
      vertex -0.176431 18.2087 0.2
    endloop
  endfacet
  facet normal 0 0 -1
    outer loop
      vertex -0.351162 18.2346 0.2
      vertex -0.351162 21.7654 0.2
      vertex -0.176431 21.7913 0.2
    endloop
  endfacet
  facet normal 0 0 -1
    outer loop
      vertex -0.522511 18.2775 0.2
      vertex -0.351162 21.7654 0.2
      vertex -0.351162 18.2346 0.2
    endloop
  endfacet
  facet normal 0 0 -1
    outer loop
      vertex -0.522511 18.2775 0.2
      vertex -0.522511 21.7225 0.2
      vertex -0.351162 21.7654 0.2
    endloop
  endfacet
  facet normal 0 0 -1
    outer loop
      vertex -0.688829 18.337 0.2
      vertex -0.522511 21.7225 0.2
      vertex -0.522511 18.2775 0.2
    endloop
  endfacet
  facet normal 0 0 -1
    outer loop
      vertex -0.688829 18.337 0.2
      vertex -0.688829 21.663 0.2
      vertex -0.522511 21.7225 0.2
    endloop
  endfacet
  facet normal 0 0 -1
    outer loop
      vertex -0.848514 18.4125 0.2
      vertex -0.688829 21.663 0.2
      vertex -0.688829 18.337 0.2
    endloop
  endfacet
  facet normal 0 0 -1
    outer loop
      vertex -0.848514 18.4125 0.2
      vertex -0.848514 21.5875 0.2
      vertex -0.688829 21.663 0.2
    endloop
  endfacet
  facet normal 0 0 -1
    outer loop
      vertex -1.00003 18.5034 0.2
      vertex -0.848514 21.5875 0.2
      vertex -0.848514 18.4125 0.2
    endloop
  endfacet
  facet normal 0 0 -1
    outer loop
      vertex -1.00003 18.5034 0.2
      vertex -1.00003 21.4966 0.2
      vertex -0.848514 21.5875 0.2
    endloop
  endfacet
  facet normal 0 0 -1
    outer loop
      vertex -1.14191 18.6086 0.2
      vertex -1.00003 21.4966 0.2
      vertex -1.00003 18.5034 0.2
    endloop
  endfacet
  facet normal 0 0 -1
    outer loop
      vertex -1.14191 18.6086 0.2
      vertex -1.14191 21.3914 0.2
      vertex -1.00003 21.4966 0.2
    endloop
  endfacet
  facet normal 0 0 -1
    outer loop
      vertex -1.27279 18.7272 0.2
      vertex -1.14191 21.3914 0.2
      vertex -1.14191 18.6086 0.2
    endloop
  endfacet
  facet normal 0 0 -1
    outer loop
      vertex -1.27279 18.7272 0.2
      vertex -1.27279 21.2728 0.2
      vertex -1.14191 21.3914 0.2
    endloop
  endfacet
  facet normal 0 0 -1
    outer loop
      vertex -1.39142 18.8581 0.2
      vertex -1.27279 21.2728 0.2
      vertex -1.27279 18.7272 0.2
    endloop
  endfacet
  facet normal 0 0 -1
    outer loop
      vertex -1.39142 18.8581 0.2
      vertex -1.39142 21.1419 0.2
      vertex -1.27279 21.2728 0.2
    endloop
  endfacet
  facet normal 0 0 -1
    outer loop
      vertex -1.49664 19 0.2
      vertex -1.39142 21.1419 0.2
      vertex -1.39142 18.8581 0.2
    endloop
  endfacet
  facet normal 0 0 -1
    outer loop
      vertex -1.49664 19 0.2
      vertex -1.49664 21 0.2
      vertex -1.39142 21.1419 0.2
    endloop
  endfacet
  facet normal 0 0 -1
    outer loop
      vertex -1.58746 19.1515 0.2
      vertex -1.49664 21 0.2
      vertex -1.49664 19 0.2
    endloop
  endfacet
  facet normal 0 0 -1
    outer loop
      vertex -1.58746 19.1515 0.2
      vertex -1.58746 20.8485 0.2
      vertex -1.49664 21 0.2
    endloop
  endfacet
  facet normal 0 0 -1
    outer loop
      vertex -1.66298 19.3112 0.2
      vertex -1.58746 20.8485 0.2
      vertex -1.58746 19.1515 0.2
    endloop
  endfacet
  facet normal 0 0 -1
    outer loop
      vertex -1.66298 19.3112 0.2
      vertex -1.66298 20.6888 0.2
      vertex -1.58746 20.8485 0.2
    endloop
  endfacet
  facet normal 0 0 -1
    outer loop
      vertex -1.72249 19.4775 0.2
      vertex -1.66298 20.6888 0.2
      vertex -1.66298 19.3112 0.2
    endloop
  endfacet
  facet normal 0 0 -1
    outer loop
      vertex -1.72249 19.4775 0.2
      vertex -1.72249 20.5225 0.2
      vertex -1.66298 20.6888 0.2
    endloop
  endfacet
  facet normal 0 0 -1
    outer loop
      vertex -1.76541 19.6488 0.2
      vertex -1.72249 20.5225 0.2
      vertex -1.72249 19.4775 0.2
    endloop
  endfacet
  facet normal 0 0 -1
    outer loop
      vertex -1.76541 19.6488 0.2
      vertex -1.76541 20.3512 0.2
      vertex -1.72249 20.5225 0.2
    endloop
  endfacet
  facet normal 0 0 -1
    outer loop
      vertex -1.79133 19.8236 0.2
      vertex -1.76541 20.3512 0.2
      vertex -1.76541 19.6488 0.2
    endloop
  endfacet
  facet normal 0 0 -1
    outer loop
      vertex -1.79133 19.8236 0.2
      vertex -1.79133 20.1764 0.2
      vertex -1.76541 20.3512 0.2
    endloop
  endfacet
  facet normal 0 -0 -1
    outer loop
      vertex -1.79133 20.1764 0.2
      vertex -1.79133 19.8236 0.2
      vertex -1.8 20 0.2
    endloop
  endfacet
  facet normal 0.671488 0.741015 -0
    outer loop
      vertex -1.14191 18.6086 0.0999994
      vertex -1.27279 18.7272 0.2
      vertex -1.14191 18.6086 0.2
    endloop
  endfacet
  facet normal 0.671488 0.741015 0
    outer loop
      vertex -1.27279 18.7272 0.2
      vertex -1.14191 18.6086 0.0999994
      vertex -1.27279 18.7272 0.0999994
    endloop
  endfacet
  facet normal 0.671488 0.741015 -0
    outer loop
      vertex -1.14191 18.6086 -2.6
      vertex -1.27279 18.7272 -1.9
      vertex -1.14191 18.6086 -1.9
    endloop
  endfacet
  facet normal 0.671488 0.741015 0
    outer loop
      vertex -1.27279 18.7272 -1.9
      vertex -1.14191 18.6086 -2.6
      vertex -1.27279 18.7272 -2.6
    endloop
  endfacet
  facet normal -0.970016 0.243042 0
    outer loop
      vertex 1.72249 19.4775 0.0999994
      vertex 1.76541 19.6488 0.2
      vertex 1.76541 19.6488 0.0999994
    endloop
  endfacet
  facet normal -0.970016 0.243042 0
    outer loop
      vertex 1.76541 19.6488 0.2
      vertex 1.72249 19.4775 0.0999994
      vertex 1.72249 19.4775 0.2
    endloop
  endfacet
  facet normal -0.970016 0.243042 0
    outer loop
      vertex 1.72249 19.4775 -2.6
      vertex 1.76541 19.6488 -1.9
      vertex 1.76541 19.6488 -2.6
    endloop
  endfacet
  facet normal -0.970016 0.243042 0
    outer loop
      vertex 1.76541 19.6488 -1.9
      vertex 1.72249 19.4775 -2.6
      vertex 1.72249 19.4775 -1.9
    endloop
  endfacet
  facet normal -0.989184 0.14668 0
    outer loop
      vertex 1.76541 19.6488 0.0999994
      vertex 1.79133 19.8236 0.2
      vertex 1.79133 19.8236 0.0999994
    endloop
  endfacet
  facet normal -0.989184 0.14668 0
    outer loop
      vertex 1.79133 19.8236 0.2
      vertex 1.76541 19.6488 0.0999994
      vertex 1.76541 19.6488 0.2
    endloop
  endfacet
  facet normal -0.989184 0.14668 0
    outer loop
      vertex 1.76541 19.6488 -2.6
      vertex 1.79133 19.8236 -1.9
      vertex 1.79133 19.8236 -2.6
    endloop
  endfacet
  facet normal -0.989184 0.14668 0
    outer loop
      vertex 1.79133 19.8236 -1.9
      vertex 1.76541 19.6488 -2.6
      vertex 1.76541 19.6488 -1.9
    endloop
  endfacet
  facet normal 0.514456 0.857517 -0
    outer loop
      vertex -0.848514 18.4125 0.0999994
      vertex -1.00003 18.5034 0.2
      vertex -0.848514 18.4125 0.2
    endloop
  endfacet
  facet normal 0.514456 0.857517 0
    outer loop
      vertex -1.00003 18.5034 0.2
      vertex -0.848514 18.4125 0.0999994
      vertex -1.00003 18.5034 0.0999994
    endloop
  endfacet
  facet normal 0.514456 0.857517 -0
    outer loop
      vertex -0.848514 18.4125 -2.6
      vertex -1.00003 18.5034 -1.9
      vertex -0.848514 18.4125 -1.9
    endloop
  endfacet
  facet normal 0.514456 0.857517 0
    outer loop
      vertex -1.00003 18.5034 -1.9
      vertex -0.848514 18.4125 -2.6
      vertex -1.00003 18.5034 -2.6
    endloop
  endfacet
  facet normal -0.336842 -0.941561 0
    outer loop
      vertex 0.522511 21.7225 0.0999994
      vertex 0.688829 21.663 0.2
      vertex 0.522511 21.7225 0.2
    endloop
  endfacet
  facet normal -0.336842 -0.941561 -0
    outer loop
      vertex 0.688829 21.663 0.2
      vertex 0.522511 21.7225 0.0999994
      vertex 0.688829 21.663 0.0999994
    endloop
  endfacet
  facet normal -0.336842 -0.941561 0
    outer loop
      vertex 0.522511 21.7225 -2.6
      vertex 0.688829 21.663 -1.9
      vertex 0.522511 21.7225 -1.9
    endloop
  endfacet
  facet normal -0.336842 -0.941561 -0
    outer loop
      vertex 0.688829 21.663 -1.9
      vertex 0.522511 21.7225 -2.6
      vertex 0.688829 21.663 -2.6
    endloop
  endfacet
  facet normal 0.336842 -0.941561 0
    outer loop
      vertex -0.688829 21.663 0.0999994
      vertex -0.522511 21.7225 0.2
      vertex -0.688829 21.663 0.2
    endloop
  endfacet
  facet normal 0.336842 -0.941561 0
    outer loop
      vertex -0.522511 21.7225 0.2
      vertex -0.688829 21.663 0.0999994
      vertex -0.522511 21.7225 0.0999994
    endloop
  endfacet
  facet normal 0.336842 -0.941561 0
    outer loop
      vertex -0.688829 21.663 -2.6
      vertex -0.522511 21.7225 -1.9
      vertex -0.688829 21.663 -1.9
    endloop
  endfacet
  facet normal 0.336842 -0.941561 0
    outer loop
      vertex -0.522511 21.7225 -1.9
      vertex -0.688829 21.663 -2.6
      vertex -0.522511 21.7225 -2.6
    endloop
  endfacet
  facet normal -0.146626 0.989192 0
    outer loop
      vertex 0.351162 18.2346 0.0999994
      vertex 0.176431 18.2087 0.2
      vertex 0.351162 18.2346 0.2
    endloop
  endfacet
  facet normal -0.146626 0.989192 0
    outer loop
      vertex 0.176431 18.2087 0.2
      vertex 0.351162 18.2346 0.0999994
      vertex 0.176431 18.2087 0.0999994
    endloop
  endfacet
  facet normal -0.146626 0.989192 0
    outer loop
      vertex 0.351162 18.2346 -2.6
      vertex 0.176431 18.2087 -1.9
      vertex 0.351162 18.2346 -1.9
    endloop
  endfacet
  facet normal -0.146626 0.989192 0
    outer loop
      vertex 0.176431 18.2087 -1.9
      vertex 0.351162 18.2346 -2.6
      vertex 0.176431 18.2087 -2.6
    endloop
  endfacet
  facet normal -0.857693 0.514163 0
    outer loop
      vertex 1.49664 19 0.0999994
      vertex 1.58746 19.1515 0.2
      vertex 1.58746 19.1515 0.0999994
    endloop
  endfacet
  facet normal -0.857693 0.514163 0
    outer loop
      vertex 1.58746 19.1515 0.2
      vertex 1.49664 19 0.0999994
      vertex 1.49664 19 0.2
    endloop
  endfacet
  facet normal -0.857693 0.514163 0
    outer loop
      vertex 1.49664 19 -2.6
      vertex 1.58746 19.1515 -1.9
      vertex 1.58746 19.1515 -2.6
    endloop
  endfacet
  facet normal -0.857693 0.514163 0
    outer loop
      vertex 1.58746 19.1515 -1.9
      vertex 1.49664 19 -2.6
      vertex 1.49664 19 -1.9
    endloop
  endfacet
  facet normal 0.0492512 -0.998786 0
    outer loop
      vertex -0.176431 21.7913 0.0999994
      vertex 0 21.8 0.2
      vertex -0.176431 21.7913 0.2
    endloop
  endfacet
  facet normal 0.0492512 -0.998786 0
    outer loop
      vertex 0 21.8 0.2
      vertex -0.176431 21.7913 0.0999994
      vertex 0 21.8 0.0999994
    endloop
  endfacet
  facet normal 0.0492512 -0.998786 0
    outer loop
      vertex -0.176431 21.7913 -2.6
      vertex 0 21.8 -1.9
      vertex -0.176431 21.7913 -1.9
    endloop
  endfacet
  facet normal 0.0492512 -0.998786 0
    outer loop
      vertex 0 21.8 -1.9
      vertex -0.176431 21.7913 -2.6
      vertex 0 21.8 -2.6
    endloop
  endfacet
  facet normal 0.998794 0.0490904 0
    outer loop
      vertex -1.79133 19.8236 0.2
      vertex -1.8 20 0.0999994
      vertex -1.8 20 0.2
    endloop
  endfacet
  facet normal 0.998794 0.0490904 0
    outer loop
      vertex -1.8 20 0.0999994
      vertex -1.79133 19.8236 0.2
      vertex -1.79133 19.8236 0.0999994
    endloop
  endfacet
  facet normal 0.998794 0.0490904 0
    outer loop
      vertex -1.79133 19.8236 -1.9
      vertex -1.8 20 -2.6
      vertex -1.8 20 -1.9
    endloop
  endfacet
  facet normal 0.998794 0.0490904 0
    outer loop
      vertex -1.8 20 -2.6
      vertex -1.79133 19.8236 -1.9
      vertex -1.79133 19.8236 -2.6
    endloop
  endfacet
  facet normal -0.941532 0.336925 0
    outer loop
      vertex 1.66298 19.3112 0.0999994
      vertex 1.72249 19.4775 0.2
      vertex 1.72249 19.4775 0.0999994
    endloop
  endfacet
  facet normal -0.941532 0.336925 0
    outer loop
      vertex 1.72249 19.4775 0.2
      vertex 1.66298 19.3112 0.0999994
      vertex 1.66298 19.3112 0.2
    endloop
  endfacet
  facet normal -0.941532 0.336925 0
    outer loop
      vertex 1.66298 19.3112 -2.6
      vertex 1.72249 19.4775 -1.9
      vertex 1.72249 19.4775 -2.6
    endloop
  endfacet
  facet normal -0.941532 0.336925 0
    outer loop
      vertex 1.72249 19.4775 -1.9
      vertex 1.66298 19.3112 -2.6
      vertex 1.66298 19.3112 -1.9
    endloop
  endfacet
  facet normal -0.427438 -0.904045 0
    outer loop
      vertex 0.688829 21.663 0.0999994
      vertex 0.848514 21.5875 0.2
      vertex 0.688829 21.663 0.2
    endloop
  endfacet
  facet normal -0.427438 -0.904045 -0
    outer loop
      vertex 0.848514 21.5875 0.2
      vertex 0.688829 21.663 0.0999994
      vertex 0.848514 21.5875 0.0999994
    endloop
  endfacet
  facet normal -0.427438 -0.904045 0
    outer loop
      vertex 0.688829 21.663 -2.6
      vertex 0.848514 21.5875 -1.9
      vertex 0.688829 21.663 -1.9
    endloop
  endfacet
  facet normal -0.427438 -0.904045 -0
    outer loop
      vertex 0.848514 21.5875 -1.9
      vertex 0.688829 21.663 -2.6
      vertex 0.848514 21.5875 -2.6
    endloop
  endfacet
  facet normal -0.740982 -0.671525 0
    outer loop
      vertex 1.39142 21.1419 0.0999994
      vertex 1.27279 21.2728 0.2
      vertex 1.27279 21.2728 0.0999994
    endloop
  endfacet
  facet normal -0.740982 -0.671525 0
    outer loop
      vertex 1.27279 21.2728 0.2
      vertex 1.39142 21.1419 0.0999994
      vertex 1.39142 21.1419 0.2
    endloop
  endfacet
  facet normal -0.740982 -0.671525 0
    outer loop
      vertex 1.39142 21.1419 -2.6
      vertex 1.27279 21.2728 -1.9
      vertex 1.27279 21.2728 -2.6
    endloop
  endfacet
  facet normal -0.740982 -0.671525 0
    outer loop
      vertex 1.27279 21.2728 -1.9
      vertex 1.39142 21.1419 -2.6
      vertex 1.39142 21.1419 -1.9
    endloop
  endfacet
  facet normal -0.0492512 -0.998786 0
    outer loop
      vertex 0 21.8 0.0999994
      vertex 0.176431 21.7913 0.2
      vertex 0 21.8 0.2
    endloop
  endfacet
  facet normal -0.0492512 -0.998786 -0
    outer loop
      vertex 0.176431 21.7913 0.2
      vertex 0 21.8 0.0999994
      vertex 0.176431 21.7913 0.0999994
    endloop
  endfacet
  facet normal -0.0492512 -0.998786 0
    outer loop
      vertex 0 21.8 -2.6
      vertex 0.176431 21.7913 -1.9
      vertex 0 21.8 -1.9
    endloop
  endfacet
  facet normal -0.0492512 -0.998786 -0
    outer loop
      vertex 0.176431 21.7913 -1.9
      vertex 0 21.8 -2.6
      vertex 0.176431 21.7913 -2.6
    endloop
  endfacet
  facet normal 0.857693 0.514163 0
    outer loop
      vertex -1.49664 19 0.2
      vertex -1.58746 19.1515 0.0999994
      vertex -1.58746 19.1515 0.2
    endloop
  endfacet
  facet normal 0.857693 0.514163 0
    outer loop
      vertex -1.58746 19.1515 0.0999994
      vertex -1.49664 19 0.2
      vertex -1.49664 19 0.0999994
    endloop
  endfacet
  facet normal 0.857693 0.514163 0
    outer loop
      vertex -1.49664 19 -1.9
      vertex -1.58746 19.1515 -2.6
      vertex -1.58746 19.1515 -1.9
    endloop
  endfacet
  facet normal 0.857693 0.514163 0
    outer loop
      vertex -1.58746 19.1515 -2.6
      vertex -1.49664 19 -1.9
      vertex -1.49664 19 -2.6
    endloop
  endfacet
  facet normal 0.146626 0.989192 -0
    outer loop
      vertex -0.176431 18.2087 0.0999994
      vertex -0.351162 18.2346 0.2
      vertex -0.176431 18.2087 0.2
    endloop
  endfacet
  facet normal 0.146626 0.989192 0
    outer loop
      vertex -0.351162 18.2346 0.2
      vertex -0.176431 18.2087 0.0999994
      vertex -0.351162 18.2346 0.0999994
    endloop
  endfacet
  facet normal 0.146626 0.989192 -0
    outer loop
      vertex -0.176431 18.2087 -2.6
      vertex -0.351162 18.2346 -1.9
      vertex -0.176431 18.2087 -1.9
    endloop
  endfacet
  facet normal 0.146626 0.989192 0
    outer loop
      vertex -0.351162 18.2346 -1.9
      vertex -0.176431 18.2087 -2.6
      vertex -0.351162 18.2346 -2.6
    endloop
  endfacet
  facet normal -0.671488 0.741015 0
    outer loop
      vertex 1.27279 18.7272 0.0999994
      vertex 1.14191 18.6086 0.2
      vertex 1.27279 18.7272 0.2
    endloop
  endfacet
  facet normal -0.671488 0.741015 0
    outer loop
      vertex 1.14191 18.6086 0.2
      vertex 1.27279 18.7272 0.0999994
      vertex 1.14191 18.6086 0.0999994
    endloop
  endfacet
  facet normal -0.671488 0.741015 0
    outer loop
      vertex 1.27279 18.7272 -2.6
      vertex 1.14191 18.6086 -1.9
      vertex 1.27279 18.7272 -1.9
    endloop
  endfacet
  facet normal -0.671488 0.741015 0
    outer loop
      vertex 1.14191 18.6086 -1.9
      vertex 1.27279 18.7272 -2.6
      vertex 1.14191 18.6086 -2.6
    endloop
  endfacet
  facet normal 0.0492512 0.998786 -0
    outer loop
      vertex 0 18.2 0.0999994
      vertex -0.176431 18.2087 0.2
      vertex 0 18.2 0.2
    endloop
  endfacet
  facet normal 0.0492512 0.998786 0
    outer loop
      vertex -0.176431 18.2087 0.2
      vertex 0 18.2 0.0999994
      vertex -0.176431 18.2087 0.0999994
    endloop
  endfacet
  facet normal 0.0492512 0.998786 -0
    outer loop
      vertex 0 18.2 -2.6
      vertex -0.176431 18.2087 -1.9
      vertex 0 18.2 -1.9
    endloop
  endfacet
  facet normal 0.0492512 0.998786 0
    outer loop
      vertex -0.176431 18.2087 -1.9
      vertex 0 18.2 -2.6
      vertex -0.176431 18.2087 -2.6
    endloop
  endfacet
  facet normal 0.740982 -0.671525 0
    outer loop
      vertex -1.39142 21.1419 0.2
      vertex -1.27279 21.2728 0.0999994
      vertex -1.27279 21.2728 0.2
    endloop
  endfacet
  facet normal 0.740982 -0.671525 0
    outer loop
      vertex -1.27279 21.2728 0.0999994
      vertex -1.39142 21.1419 0.2
      vertex -1.39142 21.1419 0.0999994
    endloop
  endfacet
  facet normal 0.740982 -0.671525 0
    outer loop
      vertex -1.39142 21.1419 -1.9
      vertex -1.27279 21.2728 -2.6
      vertex -1.27279 21.2728 -1.9
    endloop
  endfacet
  facet normal 0.740982 -0.671525 0
    outer loop
      vertex -1.27279 21.2728 -2.6
      vertex -1.39142 21.1419 -1.9
      vertex -1.39142 21.1419 -2.6
    endloop
  endfacet
  facet normal 0.904017 -0.427497 0
    outer loop
      vertex -1.66298 20.6888 0.2
      vertex -1.58746 20.8485 0.0999994
      vertex -1.58746 20.8485 0.2
    endloop
  endfacet
  facet normal 0.904017 -0.427497 0
    outer loop
      vertex -1.58746 20.8485 0.0999994
      vertex -1.66298 20.6888 0.2
      vertex -1.66298 20.6888 0.0999994
    endloop
  endfacet
  facet normal 0.904017 -0.427497 0
    outer loop
      vertex -1.66298 20.6888 -1.9
      vertex -1.58746 20.8485 -2.6
      vertex -1.58746 20.8485 -1.9
    endloop
  endfacet
  facet normal 0.904017 -0.427497 0
    outer loop
      vertex -1.58746 20.8485 -2.6
      vertex -1.66298 20.6888 -1.9
      vertex -1.66298 20.6888 -2.6
    endloop
  endfacet
  facet normal 0.970016 -0.243042 0
    outer loop
      vertex -1.76541 20.3512 0.2
      vertex -1.72249 20.5225 0.0999994
      vertex -1.72249 20.5225 0.2
    endloop
  endfacet
  facet normal 0.970016 -0.243042 0
    outer loop
      vertex -1.72249 20.5225 0.0999994
      vertex -1.76541 20.3512 0.2
      vertex -1.76541 20.3512 0.0999994
    endloop
  endfacet
  facet normal 0.970016 -0.243042 0
    outer loop
      vertex -1.76541 20.3512 -1.9
      vertex -1.72249 20.5225 -2.6
      vertex -1.72249 20.5225 -1.9
    endloop
  endfacet
  facet normal 0.970016 -0.243042 0
    outer loop
      vertex -1.72249 20.5225 -2.6
      vertex -1.76541 20.3512 -1.9
      vertex -1.76541 20.3512 -2.6
    endloop
  endfacet
  facet normal -0.24287 -0.970059 0
    outer loop
      vertex 0.351162 21.7654 0.0999994
      vertex 0.522511 21.7225 0.2
      vertex 0.351162 21.7654 0.2
    endloop
  endfacet
  facet normal -0.24287 -0.970059 -0
    outer loop
      vertex 0.522511 21.7225 0.2
      vertex 0.351162 21.7654 0.0999994
      vertex 0.522511 21.7225 0.0999994
    endloop
  endfacet
  facet normal -0.24287 -0.970059 0
    outer loop
      vertex 0.351162 21.7654 -2.6
      vertex 0.522511 21.7225 -1.9
      vertex 0.351162 21.7654 -1.9
    endloop
  endfacet
  facet normal -0.24287 -0.970059 -0
    outer loop
      vertex 0.522511 21.7225 -1.9
      vertex 0.351162 21.7654 -2.6
      vertex 0.522511 21.7225 -2.6
    endloop
  endfacet
  facet normal 0.970016 0.243042 0
    outer loop
      vertex -1.72249 19.4775 0.2
      vertex -1.76541 19.6488 0.0999994
      vertex -1.76541 19.6488 0.2
    endloop
  endfacet
  facet normal 0.970016 0.243042 0
    outer loop
      vertex -1.76541 19.6488 0.0999994
      vertex -1.72249 19.4775 0.2
      vertex -1.72249 19.4775 0.0999994
    endloop
  endfacet
  facet normal 0.970016 0.243042 0
    outer loop
      vertex -1.72249 19.4775 -1.9
      vertex -1.76541 19.6488 -2.6
      vertex -1.76541 19.6488 -1.9
    endloop
  endfacet
  facet normal 0.970016 0.243042 0
    outer loop
      vertex -1.76541 19.6488 -2.6
      vertex -1.72249 19.4775 -1.9
      vertex -1.72249 19.4775 -2.6
    endloop
  endfacet
  facet normal 0.427438 0.904045 -0
    outer loop
      vertex -0.688829 18.337 0.0999994
      vertex -0.848514 18.4125 0.2
      vertex -0.688829 18.337 0.2
    endloop
  endfacet
  facet normal 0.427438 0.904045 0
    outer loop
      vertex -0.848514 18.4125 0.2
      vertex -0.688829 18.337 0.0999994
      vertex -0.848514 18.4125 0.0999994
    endloop
  endfacet
  facet normal 0.427438 0.904045 -0
    outer loop
      vertex -0.688829 18.337 -2.6
      vertex -0.848514 18.4125 -1.9
      vertex -0.688829 18.337 -1.9
    endloop
  endfacet
  facet normal 0.427438 0.904045 0
    outer loop
      vertex -0.848514 18.4125 -1.9
      vertex -0.688829 18.337 -2.6
      vertex -0.848514 18.4125 -2.6
    endloop
  endfacet
  facet normal 0.740982 0.671525 0
    outer loop
      vertex -1.27279 18.7272 0.2
      vertex -1.39142 18.8581 0.0999994
      vertex -1.39142 18.8581 0.2
    endloop
  endfacet
  facet normal 0.740982 0.671525 0
    outer loop
      vertex -1.39142 18.8581 0.0999994
      vertex -1.27279 18.7272 0.2
      vertex -1.27279 18.7272 0.0999994
    endloop
  endfacet
  facet normal 0.740982 0.671525 0
    outer loop
      vertex -1.27279 18.7272 -1.9
      vertex -1.39142 18.8581 -2.6
      vertex -1.39142 18.8581 -1.9
    endloop
  endfacet
  facet normal 0.740982 0.671525 0
    outer loop
      vertex -1.39142 18.8581 -2.6
      vertex -1.27279 18.7272 -1.9
      vertex -1.27279 18.7272 -2.6
    endloop
  endfacet
  facet normal -0.0492512 0.998786 0
    outer loop
      vertex 0.176431 18.2087 0.0999994
      vertex 0 18.2 0.2
      vertex 0.176431 18.2087 0.2
    endloop
  endfacet
  facet normal -0.0492512 0.998786 0
    outer loop
      vertex 0 18.2 0.2
      vertex 0.176431 18.2087 0.0999994
      vertex 0 18.2 0.0999994
    endloop
  endfacet
  facet normal -0.0492512 0.998786 0
    outer loop
      vertex 0.176431 18.2087 -2.6
      vertex 0 18.2 -1.9
      vertex 0.176431 18.2087 -1.9
    endloop
  endfacet
  facet normal -0.0492512 0.998786 0
    outer loop
      vertex 0 18.2 -1.9
      vertex 0.176431 18.2087 -2.6
      vertex 0 18.2 -2.6
    endloop
  endfacet
  facet normal 0.989184 0.14668 0
    outer loop
      vertex -1.76541 19.6488 0.2
      vertex -1.79133 19.8236 0.0999994
      vertex -1.79133 19.8236 0.2
    endloop
  endfacet
  facet normal 0.989184 0.14668 0
    outer loop
      vertex -1.79133 19.8236 0.0999994
      vertex -1.76541 19.6488 0.2
      vertex -1.76541 19.6488 0.0999994
    endloop
  endfacet
  facet normal 0.989184 0.14668 0
    outer loop
      vertex -1.76541 19.6488 -1.9
      vertex -1.79133 19.8236 -2.6
      vertex -1.79133 19.8236 -1.9
    endloop
  endfacet
  facet normal 0.989184 0.14668 0
    outer loop
      vertex -1.79133 19.8236 -2.6
      vertex -1.76541 19.6488 -1.9
      vertex -1.76541 19.6488 -2.6
    endloop
  endfacet
  facet normal -0.595607 0.803276 0
    outer loop
      vertex 1.14191 18.6086 0.0999994
      vertex 1.00003 18.5034 0.2
      vertex 1.14191 18.6086 0.2
    endloop
  endfacet
  facet normal -0.595607 0.803276 0
    outer loop
      vertex 1.00003 18.5034 0.2
      vertex 1.14191 18.6086 0.0999994
      vertex 1.00003 18.5034 0.0999994
    endloop
  endfacet
  facet normal -0.595607 0.803276 0
    outer loop
      vertex 1.14191 18.6086 -2.6
      vertex 1.00003 18.5034 -1.9
      vertex 1.14191 18.6086 -1.9
    endloop
  endfacet
  facet normal -0.595607 0.803276 0
    outer loop
      vertex 1.00003 18.5034 -1.9
      vertex 1.14191 18.6086 -2.6
      vertex 1.00003 18.5034 -2.6
    endloop
  endfacet
  facet normal 0.803262 0.595625 0
    outer loop
      vertex -1.39142 18.8581 0.2
      vertex -1.49664 19 0.0999994
      vertex -1.49664 19 0.2
    endloop
  endfacet
  facet normal 0.803262 0.595625 0
    outer loop
      vertex -1.49664 19 0.0999994
      vertex -1.39142 18.8581 0.2
      vertex -1.39142 18.8581 0.0999994
    endloop
  endfacet
  facet normal 0.803262 0.595625 0
    outer loop
      vertex -1.39142 18.8581 -1.9
      vertex -1.49664 19 -2.6
      vertex -1.49664 19 -1.9
    endloop
  endfacet
  facet normal 0.803262 0.595625 0
    outer loop
      vertex -1.49664 19 -2.6
      vertex -1.39142 18.8581 -1.9
      vertex -1.39142 18.8581 -2.6
    endloop
  endfacet
  facet normal 0.998794 -0.0490904 0
    outer loop
      vertex -1.8 20 0.2
      vertex -1.79133 20.1764 0.0999994
      vertex -1.79133 20.1764 0.2
    endloop
  endfacet
  facet normal 0.998794 -0.0490904 0
    outer loop
      vertex -1.79133 20.1764 0.0999994
      vertex -1.8 20 0.2
      vertex -1.8 20 0.0999994
    endloop
  endfacet
  facet normal 0.998794 -0.0490904 0
    outer loop
      vertex -1.8 20 -1.9
      vertex -1.79133 20.1764 -2.6
      vertex -1.79133 20.1764 -1.9
    endloop
  endfacet
  facet normal 0.998794 -0.0490904 0
    outer loop
      vertex -1.79133 20.1764 -2.6
      vertex -1.8 20 -1.9
      vertex -1.8 20 -2.6
    endloop
  endfacet
  facet normal -0.740982 0.671525 0
    outer loop
      vertex 1.27279 18.7272 0.0999994
      vertex 1.39142 18.8581 0.2
      vertex 1.39142 18.8581 0.0999994
    endloop
  endfacet
  facet normal -0.740982 0.671525 0
    outer loop
      vertex 1.39142 18.8581 0.2
      vertex 1.27279 18.7272 0.0999994
      vertex 1.27279 18.7272 0.2
    endloop
  endfacet
  facet normal -0.740982 0.671525 0
    outer loop
      vertex 1.27279 18.7272 -2.6
      vertex 1.39142 18.8581 -1.9
      vertex 1.39142 18.8581 -2.6
    endloop
  endfacet
  facet normal -0.740982 0.671525 0
    outer loop
      vertex 1.39142 18.8581 -1.9
      vertex 1.27279 18.7272 -2.6
      vertex 1.27279 18.7272 -1.9
    endloop
  endfacet
  facet normal 0.336707 0.94161 -0
    outer loop
      vertex -1.08857 16.4115 -1.9
      vertex -1.43506 16.5354 0.0999994
      vertex -1.08857 16.4115 0.0999994
    endloop
  endfacet
  facet normal 0.336707 0.94161 0
    outer loop
      vertex -1.43506 16.5354 0.0999994
      vertex -1.08857 16.4115 -1.9
      vertex -1.43506 16.5354 -1.9
    endloop
  endfacet
  facet normal -0.989174 -0.146746 0
    outer loop
      vertex 3.73194 20.3676 -1.9
      vertex 3.67794 20.7316 0.0999994
      vertex 3.67794 20.7316 -1.9
    endloop
  endfacet
  facet normal -0.989174 -0.146746 0
    outer loop
      vertex 3.67794 20.7316 0.0999994
      vertex 3.73194 20.3676 -1.9
      vertex 3.73194 20.3676 0.0999994
    endloop
  endfacet
  facet normal -0.998795 -0.0490703 0
    outer loop
      vertex 3.75 20 -1.9
      vertex 3.73194 20.3676 0.0999994
      vertex 3.73194 20.3676 -1.9
    endloop
  endfacet
  facet normal -0.998795 -0.0490703 0
    outer loop
      vertex 3.73194 20.3676 0.0999994
      vertex 3.75 20 -1.9
      vertex 3.75 20 0.0999994
    endloop
  endfacet
  facet normal -0.97004 -0.242945 0
    outer loop
      vertex 3.67794 20.7316 -1.9
      vertex 3.58853 21.0886 0.0999994
      vertex 3.58853 21.0886 -1.9
    endloop
  endfacet
  facet normal -0.97004 -0.242945 0
    outer loop
      vertex 3.58853 21.0886 0.0999994
      vertex 3.67794 20.7316 -1.9
      vertex 3.67794 20.7316 0.0999994
    endloop
  endfacet
  facet normal 0.989174 -0.146746 0
    outer loop
      vertex -3.73194 20.3676 0.0999994
      vertex -3.67794 20.7316 -1.9
      vertex -3.67794 20.7316 0.0999994
    endloop
  endfacet
  facet normal 0.989174 -0.146746 0
    outer loop
      vertex -3.67794 20.7316 -1.9
      vertex -3.73194 20.3676 0.0999994
      vertex -3.73194 20.3676 -1.9
    endloop
  endfacet
  facet normal 0.242931 0.970044 -0
    outer loop
      vertex -0.731588 16.3221 -1.9
      vertex -1.08857 16.4115 0.0999994
      vertex -0.731588 16.3221 0.0999994
    endloop
  endfacet
  facet normal 0.242931 0.970044 0
    outer loop
      vertex -1.08857 16.4115 0.0999994
      vertex -0.731588 16.3221 -1.9
      vertex -1.08857 16.4115 -1.9
    endloop
  endfacet
  facet normal -0.336947 -0.941523 0
    outer loop
      vertex 1.08857 23.5885 -1.5
      vertex 1.43506 23.4645 0.0999994
      vertex 1.08857 23.5885 0.0999994
    endloop
  endfacet
  facet normal -0.336947 -0.941523 -0
    outer loop
      vertex 1.43506 23.4645 0.0999994
      vertex 1.08857 23.5885 -1.5
      vertex 1.43506 23.4645 -1.5
    endloop
  endfacet
  facet normal 0.514116 -0.857721 0
    outer loop
      vertex -2.08339 23.118 -1.9
      vertex -1.76774 23.3072 0.0999994
      vertex -2.08339 23.118 0.0999994
    endloop
  endfacet
  facet normal 0.514116 -0.857721 0
    outer loop
      vertex -1.76774 23.3072 0.0999994
      vertex -2.08339 23.118 -1.9
      vertex -1.76774 23.3072 -1.9
    endloop
  endfacet
  facet normal 0.903945 0.427648 0
    outer loop
      vertex -3.3072 18.2323 0.0999994
      vertex -3.46455 18.5649 -1.9
      vertex -3.46455 18.5649 0.0999994
    endloop
  endfacet
  facet normal 0.903945 0.427648 0
    outer loop
      vertex -3.46455 18.5649 -1.9
      vertex -3.3072 18.2323 0.0999994
      vertex -3.3072 18.2323 -1.9
    endloop
  endfacet
  facet normal 0.242931 -0.970044 0
    outer loop
      vertex -1.08857 23.5885 -1.5
      vertex -0.731588 23.6779 0.0999994
      vertex -1.08857 23.5885 0.0999994
    endloop
  endfacet
  facet normal 0.242931 -0.970044 0
    outer loop
      vertex -0.731588 23.6779 0.0999994
      vertex -1.08857 23.5885 -1.5
      vertex -0.731588 23.6779 -1.5
    endloop
  endfacet
  facet normal 0.857769 0.514036 0
    outer loop
      vertex -3.11801 17.9166 0.0999994
      vertex -3.3072 18.2323 -1.9
      vertex -3.3072 18.2323 0.0999994
    endloop
  endfacet
  facet normal 0.857769 0.514036 0
    outer loop
      vertex -3.3072 18.2323 -1.9
      vertex -3.11801 17.9166 0.0999994
      vertex -3.11801 17.9166 -1.9
    endloop
  endfacet
  facet normal -0.242931 0.970044 0
    outer loop
      vertex 1.08857 16.4115 -1.9
      vertex 0.731588 16.3221 0.0999994
      vertex 1.08857 16.4115 0.0999994
    endloop
  endfacet
  facet normal -0.242931 0.970044 0
    outer loop
      vertex 0.731588 16.3221 0.0999994
      vertex 1.08857 16.4115 -1.9
      vertex 0.731588 16.3221 -1.9
    endloop
  endfacet
  facet normal 0.595669 0.80323 -0
    outer loop
      vertex -2.08339 16.882 -1.9
      vertex -2.37897 17.1012 0.0999994
      vertex -2.08339 16.882 0.0999994
    endloop
  endfacet
  facet normal 0.595669 0.80323 0
    outer loop
      vertex -2.37897 17.1012 0.0999994
      vertex -2.08339 16.882 -1.9
      vertex -2.37897 17.1012 -1.9
    endloop
  endfacet
  facet normal -0.514116 0.857721 0
    outer loop
      vertex 2.08339 16.882 -1.9
      vertex 1.76774 16.6928 0.0999994
      vertex 2.08339 16.882 0.0999994
    endloop
  endfacet
  facet normal -0.514116 0.857721 0
    outer loop
      vertex 1.76774 16.6928 0.0999994
      vertex 2.08339 16.882 -1.9
      vertex 1.76774 16.6928 -1.9
    endloop
  endfacet
  facet normal -0.803223 0.595678 0
    outer loop
      vertex 2.89879 17.621 -1.9
      vertex 3.11801 17.9166 0.0999994
      vertex 3.11801 17.9166 -1.9
    endloop
  endfacet
  facet normal -0.803223 0.595678 0
    outer loop
      vertex 3.11801 17.9166 0.0999994
      vertex 2.89879 17.621 -1.9
      vertex 2.89879 17.621 0.0999994
    endloop
  endfacet
  facet normal -0.146736 -0.989176 0
    outer loop
      vertex 0.367564 23.7319 -1.5
      vertex 0.731588 23.6779 0.0999994
      vertex 0.367564 23.7319 0.0999994
    endloop
  endfacet
  facet normal -0.146736 -0.989176 -0
    outer loop
      vertex 0.731588 23.6779 0.0999994
      vertex 0.367564 23.7319 -1.5
      vertex 0.731588 23.6779 -1.5
    endloop
  endfacet
  facet normal 0.595669 -0.80323 0
    outer loop
      vertex -2.37897 22.8988 -1.9
      vertex -2.08339 23.118 0.0999994
      vertex -2.37897 22.8988 0.0999994
    endloop
  endfacet
  facet normal 0.595669 -0.80323 0
    outer loop
      vertex -2.08339 23.118 0.0999994
      vertex -2.37897 22.8988 -1.9
      vertex -2.08339 23.118 -1.9
    endloop
  endfacet
  facet normal -0.427675 0.903932 0
    outer loop
      vertex 1.76774 16.6928 -1.9
      vertex 1.43506 16.5354 0.0999994
      vertex 1.76774 16.6928 0.0999994
    endloop
  endfacet
  facet normal -0.427675 0.903932 0
    outer loop
      vertex 1.43506 16.5354 0.0999994
      vertex 1.76774 16.6928 -1.9
      vertex 1.43506 16.5354 -1.9
    endloop
  endfacet
  facet normal 0.803223 -0.595678 0
    outer loop
      vertex -3.11801 22.0834 0.0999994
      vertex -2.89879 22.379 -1.9
      vertex -2.89879 22.379 0.0999994
    endloop
  endfacet
  facet normal 0.803223 -0.595678 0
    outer loop
      vertex -2.89879 22.379 -1.9
      vertex -3.11801 22.0834 0.0999994
      vertex -3.11801 22.0834 -1.9
    endloop
  endfacet
  facet normal -0.989174 0.146746 0
    outer loop
      vertex 3.67794 19.2684 -1.9
      vertex 3.73194 19.6324 0.0999994
      vertex 3.73194 19.6324 -1.9
    endloop
  endfacet
  facet normal -0.989174 0.146746 0
    outer loop
      vertex 3.73194 19.6324 0.0999994
      vertex 3.67794 19.2684 -1.9
      vertex 3.67794 19.2684 0.0999994
    endloop
  endfacet
  facet normal 0.941544 -0.336891 0
    outer loop
      vertex -3.58853 21.0886 0.0999994
      vertex -3.46455 21.4351 -1.9
      vertex -3.46455 21.4351 0.0999994
    endloop
  endfacet
  facet normal 0.941544 -0.336891 0
    outer loop
      vertex -3.46455 21.4351 -1.9
      vertex -3.58853 21.0886 0.0999994
      vertex -3.58853 21.0886 -1.9
    endloop
  endfacet
  facet normal -0.427258 -0.90413 0
    outer loop
      vertex 1.57155 23.4 -1.5
      vertex 1.43506 23.4645 0.0999994
      vertex 1.43506 23.4645 -1.5
    endloop
  endfacet
  facet normal -0.427453 -0.904038 -2.04097e-05
    outer loop
      vertex 1.43506 23.4645 0.0999994
      vertex 1.57155 23.4 -1.5
      vertex 1.76774 23.3072 0.0999994
    endloop
  endfacet
  facet normal -0.427589 -0.903973 0
    outer loop
      vertex 1.76774 23.3072 -1.9
      vertex 1.57155 23.4 -1.5
      vertex 1.57155 23.4 -1.9
    endloop
  endfacet
  facet normal -0.427589 -0.903973 0
    outer loop
      vertex 1.57155 23.4 -1.5
      vertex 1.76774 23.3072 -1.9
      vertex 1.76774 23.3072 0.0999994
    endloop
  endfacet
  facet normal 0.941544 0.336891 0
    outer loop
      vertex -3.46455 18.5649 0.0999994
      vertex -3.58853 18.9114 -1.9
      vertex -3.58853 18.9114 0.0999994
    endloop
  endfacet
  facet normal 0.941544 0.336891 0
    outer loop
      vertex -3.58853 18.9114 -1.9
      vertex -3.46455 18.5649 0.0999994
      vertex -3.46455 18.5649 -1.9
    endloop
  endfacet
  facet normal -0.97004 0.242945 0
    outer loop
      vertex 3.58853 18.9114 -1.9
      vertex 3.67794 19.2684 0.0999994
      vertex 3.67794 19.2684 -1.9
    endloop
  endfacet
  facet normal -0.97004 0.242945 0
    outer loop
      vertex 3.67794 19.2684 0.0999994
      vertex 3.58853 18.9114 -1.9
      vertex 3.58853 18.9114 0.0999994
    endloop
  endfacet
  facet normal 0.0491835 -0.99879 0
    outer loop
      vertex -0.367564 23.7319 -1.5
      vertex 0 23.75 0.0999994
      vertex -0.367564 23.7319 0.0999994
    endloop
  endfacet
  facet normal 0.0491835 -0.99879 0
    outer loop
      vertex 0 23.75 0.0999994
      vertex -0.367564 23.7319 -1.5
      vertex 0 23.75 -1.5
    endloop
  endfacet
  facet normal 0.427453 -0.904038 -2.04097e-05
    outer loop
      vertex -1.76774 23.3072 0.0999994
      vertex -1.57155 23.4 -1.5
      vertex -1.43506 23.4645 0.0999994
    endloop
  endfacet
  facet normal 0.427589 -0.903973 0
    outer loop
      vertex -1.76774 23.3072 -1.9
      vertex -1.57155 23.4 -1.5
      vertex -1.76774 23.3072 0.0999994
    endloop
  endfacet
  facet normal 0.427589 -0.903973 0
    outer loop
      vertex -1.57155 23.4 -1.5
      vertex -1.76774 23.3072 -1.9
      vertex -1.57155 23.4 -1.9
    endloop
  endfacet
  facet normal 0.427258 -0.90413 0
    outer loop
      vertex -1.43506 23.4645 0.0999994
      vertex -1.57155 23.4 -1.5
      vertex -1.43506 23.4645 -1.5
    endloop
  endfacet
  facet normal 0.671644 -0.740874 0
    outer loop
      vertex -2.65165 22.6516 -1.9
      vertex -2.37897 22.8988 0.0999994
      vertex -2.65165 22.6516 0.0999994
    endloop
  endfacet
  facet normal 0.671644 -0.740874 0
    outer loop
      vertex -2.37897 22.8988 0.0999994
      vertex -2.65165 22.6516 -1.9
      vertex -2.37897 22.8988 -1.9
    endloop
  endfacet
  facet normal -0.336707 0.94161 0
    outer loop
      vertex 1.43506 16.5354 -1.9
      vertex 1.08857 16.4115 0.0999994
      vertex 1.43506 16.5354 0.0999994
    endloop
  endfacet
  facet normal -0.336707 0.94161 0
    outer loop
      vertex 1.08857 16.4115 0.0999994
      vertex 1.43506 16.5354 -1.9
      vertex 1.08857 16.4115 -1.9
    endloop
  endfacet
  facet normal 0.336947 -0.941523 0
    outer loop
      vertex -1.43506 23.4645 -1.5
      vertex -1.08857 23.5885 0.0999994
      vertex -1.43506 23.4645 0.0999994
    endloop
  endfacet
  facet normal 0.336947 -0.941523 0
    outer loop
      vertex -1.08857 23.5885 0.0999994
      vertex -1.43506 23.4645 -1.5
      vertex -1.08857 23.5885 -1.5
    endloop
  endfacet
  facet normal -0.803223 -0.595678 0
    outer loop
      vertex 3.11801 22.0834 -1.9
      vertex 2.89879 22.379 0.0999994
      vertex 2.89879 22.379 -1.9
    endloop
  endfacet
  facet normal -0.803223 -0.595678 0
    outer loop
      vertex 2.89879 22.379 0.0999994
      vertex 3.11801 22.0834 -1.9
      vertex 3.11801 22.0834 0.0999994
    endloop
  endfacet
  facet normal 0.857769 -0.514036 0
    outer loop
      vertex -3.3072 21.7677 0.0999994
      vertex -3.11801 22.0834 -1.9
      vertex -3.11801 22.0834 0.0999994
    endloop
  endfacet
  facet normal 0.857769 -0.514036 0
    outer loop
      vertex -3.11801 22.0834 -1.9
      vertex -3.3072 21.7677 0.0999994
      vertex -3.3072 21.7677 -1.9
    endloop
  endfacet
  facet normal -0.998795 0.0490703 0
    outer loop
      vertex 3.73194 19.6324 -1.9
      vertex 3.75 20 0.0999994
      vertex 3.75 20 -1.9
    endloop
  endfacet
  facet normal -0.998795 0.0490703 0
    outer loop
      vertex 3.75 20 0.0999994
      vertex 3.73194 19.6324 -1.9
      vertex 3.73194 19.6324 0.0999994
    endloop
  endfacet
  facet normal -0.903945 0.427648 0
    outer loop
      vertex 3.3072 18.2323 -1.9
      vertex 3.46455 18.5649 0.0999994
      vertex 3.46455 18.5649 -1.9
    endloop
  endfacet
  facet normal -0.903945 0.427648 0
    outer loop
      vertex 3.46455 18.5649 0.0999994
      vertex 3.3072 18.2323 -1.9
      vertex 3.3072 18.2323 0.0999994
    endloop
  endfacet
  facet normal -0.857769 -0.514036 0
    outer loop
      vertex 3.3072 21.7677 -1.9
      vertex 3.11801 22.0834 0.0999994
      vertex 3.11801 22.0834 -1.9
    endloop
  endfacet
  facet normal -0.857769 -0.514036 0
    outer loop
      vertex 3.11801 22.0834 0.0999994
      vertex 3.3072 21.7677 -1.9
      vertex 3.3072 21.7677 0.0999994
    endloop
  endfacet
  facet normal 0 0 -1
    outer loop
      vertex 1.8 20 0.0999994
      vertex 3.75 20 0.0999994
      vertex 3.73194 19.6324 0.0999994
    endloop
  endfacet
  facet normal 0 0 -1
    outer loop
      vertex 1.79133 19.8236 0.0999994
      vertex 3.73194 19.6324 0.0999994
      vertex 3.67794 19.2684 0.0999994
    endloop
  endfacet
  facet normal 0 0 -1
    outer loop
      vertex 3.75 20 0.0999994
      vertex 1.8 20 0.0999994
      vertex 3.73194 20.3676 0.0999994
    endloop
  endfacet
  facet normal 0 0 -1
    outer loop
      vertex 1.76541 19.6488 0.0999994
      vertex 3.67794 19.2684 0.0999994
      vertex 3.58853 18.9114 0.0999994
    endloop
  endfacet
  facet normal 0 0 -1
    outer loop
      vertex 1.79133 20.1764 0.0999994
      vertex 3.73194 20.3676 0.0999994
      vertex 1.8 20 0.0999994
    endloop
  endfacet
  facet normal 0 0 -1
    outer loop
      vertex 1.72249 19.4775 0.0999994
      vertex 3.58853 18.9114 0.0999994
      vertex 3.46455 18.5649 0.0999994
    endloop
  endfacet
  facet normal -0 0 -1
    outer loop
      vertex 3.73194 20.3676 0.0999994
      vertex 1.79133 20.1764 0.0999994
      vertex 3.67794 20.7316 0.0999994
    endloop
  endfacet
  facet normal 0 0 -1
    outer loop
      vertex 1.66298 19.3112 0.0999994
      vertex 3.46455 18.5649 0.0999994
      vertex 3.3072 18.2323 0.0999994
    endloop
  endfacet
  facet normal 0 0 -1
    outer loop
      vertex 1.76541 20.3512 0.0999994
      vertex 3.67794 20.7316 0.0999994
      vertex 1.79133 20.1764 0.0999994
    endloop
  endfacet
  facet normal 0 0 -1
    outer loop
      vertex 1.58746 19.1515 0.0999994
      vertex 3.3072 18.2323 0.0999994
      vertex 3.11801 17.9166 0.0999994
    endloop
  endfacet
  facet normal -0 0 -1
    outer loop
      vertex 3.67794 20.7316 0.0999994
      vertex 1.76541 20.3512 0.0999994
      vertex 3.58853 21.0886 0.0999994
    endloop
  endfacet
  facet normal 0 0 -1
    outer loop
      vertex 1.49664 19 0.0999994
      vertex 3.11801 17.9166 0.0999994
      vertex 2.89879 17.621 0.0999994
    endloop
  endfacet
  facet normal 0 0 -1
    outer loop
      vertex 1.72249 20.5225 0.0999994
      vertex 3.58853 21.0886 0.0999994
      vertex 1.76541 20.3512 0.0999994
    endloop
  endfacet
  facet normal 0 0 -1
    outer loop
      vertex 1.39142 18.8581 0.0999994
      vertex 2.89879 17.621 0.0999994
      vertex 2.65165 17.3483 0.0999994
    endloop
  endfacet
  facet normal -0 0 -1
    outer loop
      vertex 3.58853 21.0886 0.0999994
      vertex 1.72249 20.5225 0.0999994
      vertex 3.46455 21.4351 0.0999994
    endloop
  endfacet
  facet normal 0 0 -1
    outer loop
      vertex 1.27279 18.7272 0.0999994
      vertex 2.65165 17.3483 0.0999994
      vertex 2.37897 17.1012 0.0999994
    endloop
  endfacet
  facet normal 0 0 -1
    outer loop
      vertex 1.66298 20.6888 0.0999994
      vertex 3.46455 21.4351 0.0999994
      vertex 1.72249 20.5225 0.0999994
    endloop
  endfacet
  facet normal 0 0 -1
    outer loop
      vertex 1.14191 18.6086 0.0999994
      vertex 2.37897 17.1012 0.0999994
      vertex 2.08339 16.882 0.0999994
    endloop
  endfacet
  facet normal -0 0 -1
    outer loop
      vertex 3.46455 21.4351 0.0999994
      vertex 1.66298 20.6888 0.0999994
      vertex 3.3072 21.7677 0.0999994
    endloop
  endfacet
  facet normal 0 0 -1
    outer loop
      vertex 1.58746 20.8485 0.0999994
      vertex 3.3072 21.7677 0.0999994
      vertex 1.66298 20.6888 0.0999994
    endloop
  endfacet
  facet normal 0 0 -1
    outer loop
      vertex 3.73194 19.6324 0.0999994
      vertex 1.79133 19.8236 0.0999994
      vertex 1.8 20 0.0999994
    endloop
  endfacet
  facet normal 0 0 -1
    outer loop
      vertex 1.00003 18.5034 0.0999994
      vertex 2.08339 16.882 0.0999994
      vertex 1.76774 16.6928 0.0999994
    endloop
  endfacet
  facet normal 0 0 -1
    outer loop
      vertex 3.67794 19.2684 0.0999994
      vertex 1.76541 19.6488 0.0999994
      vertex 1.79133 19.8236 0.0999994
    endloop
  endfacet
  facet normal 0 0 -1
    outer loop
      vertex 3.58853 18.9114 0.0999994
      vertex 1.72249 19.4775 0.0999994
      vertex 1.76541 19.6488 0.0999994
    endloop
  endfacet
  facet normal 0 0 -1
    outer loop
      vertex 3.46455 18.5649 0.0999994
      vertex 1.66298 19.3112 0.0999994
      vertex 1.72249 19.4775 0.0999994
    endloop
  endfacet
  facet normal 0 0 -1
    outer loop
      vertex 3.3072 18.2323 0.0999994
      vertex 1.58746 19.1515 0.0999994
      vertex 1.66298 19.3112 0.0999994
    endloop
  endfacet
  facet normal 0 0 -1
    outer loop
      vertex 3.11801 17.9166 0.0999994
      vertex 1.49664 19 0.0999994
      vertex 1.58746 19.1515 0.0999994
    endloop
  endfacet
  facet normal 0 0 -1
    outer loop
      vertex 0.848514 18.4125 0.0999994
      vertex 1.76774 16.6928 0.0999994
      vertex 1.43506 16.5354 0.0999994
    endloop
  endfacet
  facet normal 0 0 -1
    outer loop
      vertex 2.89879 17.621 0.0999994
      vertex 1.39142 18.8581 0.0999994
      vertex 1.49664 19 0.0999994
    endloop
  endfacet
  facet normal 0 0 -1
    outer loop
      vertex 2.65165 17.3483 0.0999994
      vertex 1.27279 18.7272 0.0999994
      vertex 1.39142 18.8581 0.0999994
    endloop
  endfacet
  facet normal 0 0 -1
    outer loop
      vertex 2.37897 17.1012 0.0999994
      vertex 1.14191 18.6086 0.0999994
      vertex 1.27279 18.7272 0.0999994
    endloop
  endfacet
  facet normal 0 0 -1
    outer loop
      vertex 0.688829 18.337 0.0999994
      vertex 1.43506 16.5354 0.0999994
      vertex 1.08857 16.4115 0.0999994
    endloop
  endfacet
  facet normal 0 0 -1
    outer loop
      vertex 2.08339 16.882 0.0999994
      vertex 1.00003 18.5034 0.0999994
      vertex 1.14191 18.6086 0.0999994
    endloop
  endfacet
  facet normal 0 0 -1
    outer loop
      vertex 1.76774 16.6928 0.0999994
      vertex 0.848514 18.4125 0.0999994
      vertex 1.00003 18.5034 0.0999994
    endloop
  endfacet
  facet normal 0 0 -1
    outer loop
      vertex 0.522511 18.2775 0.0999994
      vertex 1.08857 16.4115 0.0999994
      vertex 0.731588 16.3221 0.0999994
    endloop
  endfacet
  facet normal 0 0 -1
    outer loop
      vertex 1.43506 16.5354 0.0999994
      vertex 0.688829 18.337 0.0999994
      vertex 0.848514 18.4125 0.0999994
    endloop
  endfacet
  facet normal 0 0 -1
    outer loop
      vertex 1.08857 16.4115 0.0999994
      vertex 0.522511 18.2775 0.0999994
      vertex 0.688829 18.337 0.0999994
    endloop
  endfacet
  facet normal 0 0 -1
    outer loop
      vertex 0.351162 18.2346 0.0999994
      vertex 0.731588 16.3221 0.0999994
      vertex 0.367564 16.2681 0.0999994
    endloop
  endfacet
  facet normal 0 0 -1
    outer loop
      vertex 0.731588 16.3221 0.0999994
      vertex 0.351162 18.2346 0.0999994
      vertex 0.522511 18.2775 0.0999994
    endloop
  endfacet
  facet normal 0 0 -1
    outer loop
      vertex 0.367564 16.2681 0.0999994
      vertex 0.176431 18.2087 0.0999994
      vertex 0.351162 18.2346 0.0999994
    endloop
  endfacet
  facet normal 0 0 -1
    outer loop
      vertex 0 16.25 0.0999994
      vertex 0.176431 18.2087 0.0999994
      vertex 0.367564 16.2681 0.0999994
    endloop
  endfacet
  facet normal 0 0 -1
    outer loop
      vertex 0 16.25 0.0999994
      vertex 0 18.2 0.0999994
      vertex 0.176431 18.2087 0.0999994
    endloop
  endfacet
  facet normal 0 0 -1
    outer loop
      vertex 0 16.25 0.0999994
      vertex -0.176431 18.2087 0.0999994
      vertex 0 18.2 0.0999994
    endloop
  endfacet
  facet normal 0 0 -1
    outer loop
      vertex -0.367564 16.2681 0.0999994
      vertex -0.176431 18.2087 0.0999994
      vertex 0 16.25 0.0999994
    endloop
  endfacet
  facet normal -0 0 -1
    outer loop
      vertex -0.176431 18.2087 0.0999994
      vertex -0.367564 16.2681 0.0999994
      vertex -0.351162 18.2346 0.0999994
    endloop
  endfacet
  facet normal 0 0 -1
    outer loop
      vertex -0.731588 16.3221 0.0999994
      vertex -0.351162 18.2346 0.0999994
      vertex -0.367564 16.2681 0.0999994
    endloop
  endfacet
  facet normal -0 0 -1
    outer loop
      vertex -0.351162 18.2346 0.0999994
      vertex -0.731588 16.3221 0.0999994
      vertex -0.522511 18.2775 0.0999994
    endloop
  endfacet
  facet normal 0 0 -1
    outer loop
      vertex -1.08857 16.4115 0.0999994
      vertex -0.522511 18.2775 0.0999994
      vertex -0.731588 16.3221 0.0999994
    endloop
  endfacet
  facet normal -0 0 -1
    outer loop
      vertex -0.522511 18.2775 0.0999994
      vertex -1.08857 16.4115 0.0999994
      vertex -0.688829 18.337 0.0999994
    endloop
  endfacet
  facet normal 0 0 -1
    outer loop
      vertex -1.43506 16.5354 0.0999994
      vertex -0.688829 18.337 0.0999994
      vertex -1.08857 16.4115 0.0999994
    endloop
  endfacet
  facet normal -0 0 -1
    outer loop
      vertex -0.688829 18.337 0.0999994
      vertex -1.43506 16.5354 0.0999994
      vertex -0.848514 18.4125 0.0999994
    endloop
  endfacet
  facet normal 0 0 -1
    outer loop
      vertex -1.76774 16.6928 0.0999994
      vertex -0.848514 18.4125 0.0999994
      vertex -1.43506 16.5354 0.0999994
    endloop
  endfacet
  facet normal -0 0 -1
    outer loop
      vertex -0.848514 18.4125 0.0999994
      vertex -1.76774 16.6928 0.0999994
      vertex -1.00003 18.5034 0.0999994
    endloop
  endfacet
  facet normal 0 0 -1
    outer loop
      vertex -2.08339 16.882 0.0999994
      vertex -1.00003 18.5034 0.0999994
      vertex -1.76774 16.6928 0.0999994
    endloop
  endfacet
  facet normal -0 0 -1
    outer loop
      vertex -1.00003 18.5034 0.0999994
      vertex -2.08339 16.882 0.0999994
      vertex -1.14191 18.6086 0.0999994
    endloop
  endfacet
  facet normal 0 0 -1
    outer loop
      vertex -2.37897 17.1012 0.0999994
      vertex -1.14191 18.6086 0.0999994
      vertex -2.08339 16.882 0.0999994
    endloop
  endfacet
  facet normal -0 0 -1
    outer loop
      vertex -1.14191 18.6086 0.0999994
      vertex -2.37897 17.1012 0.0999994
      vertex -1.27279 18.7272 0.0999994
    endloop
  endfacet
  facet normal 0 0 -1
    outer loop
      vertex -2.65165 17.3483 0.0999994
      vertex -1.27279 18.7272 0.0999994
      vertex -2.37897 17.1012 0.0999994
    endloop
  endfacet
  facet normal -0 0 -1
    outer loop
      vertex -1.27279 18.7272 0.0999994
      vertex -2.65165 17.3483 0.0999994
      vertex -1.39142 18.8581 0.0999994
    endloop
  endfacet
  facet normal 0 0 -1
    outer loop
      vertex -2.89879 17.621 0.0999994
      vertex -1.39142 18.8581 0.0999994
      vertex -2.65165 17.3483 0.0999994
    endloop
  endfacet
  facet normal -0 0 -1
    outer loop
      vertex -1.39142 18.8581 0.0999994
      vertex -2.89879 17.621 0.0999994
      vertex -1.49664 19 0.0999994
    endloop
  endfacet
  facet normal 0 0 -1
    outer loop
      vertex -3.11801 17.9166 0.0999994
      vertex -1.49664 19 0.0999994
      vertex -2.89879 17.621 0.0999994
    endloop
  endfacet
  facet normal -0 0 -1
    outer loop
      vertex -1.49664 19 0.0999994
      vertex -3.11801 17.9166 0.0999994
      vertex -1.58746 19.1515 0.0999994
    endloop
  endfacet
  facet normal 0 0 -1
    outer loop
      vertex -3.3072 18.2323 0.0999994
      vertex -1.58746 19.1515 0.0999994
      vertex -3.11801 17.9166 0.0999994
    endloop
  endfacet
  facet normal -0 0 -1
    outer loop
      vertex 3.3072 21.7677 0.0999994
      vertex 1.58746 20.8485 0.0999994
      vertex 3.11801 22.0834 0.0999994
    endloop
  endfacet
  facet normal 0 0 -1
    outer loop
      vertex 1.49664 21 0.0999994
      vertex 3.11801 22.0834 0.0999994
      vertex 1.58746 20.8485 0.0999994
    endloop
  endfacet
  facet normal -0 0 -1
    outer loop
      vertex 3.11801 22.0834 0.0999994
      vertex 1.49664 21 0.0999994
      vertex 2.89879 22.379 0.0999994
    endloop
  endfacet
  facet normal 0 0 -1
    outer loop
      vertex 1.39142 21.1419 0.0999994
      vertex 2.89879 22.379 0.0999994
      vertex 1.49664 21 0.0999994
    endloop
  endfacet
  facet normal -0 0 -1
    outer loop
      vertex 2.89879 22.379 0.0999994
      vertex 1.39142 21.1419 0.0999994
      vertex 2.65165 22.6516 0.0999994
    endloop
  endfacet
  facet normal 0 0 -1
    outer loop
      vertex 1.27279 21.2728 0.0999994
      vertex 2.65165 22.6516 0.0999994
      vertex 1.39142 21.1419 0.0999994
    endloop
  endfacet
  facet normal -0 0 -1
    outer loop
      vertex 2.65165 22.6516 0.0999994
      vertex 1.27279 21.2728 0.0999994
      vertex 2.37897 22.8988 0.0999994
    endloop
  endfacet
  facet normal 0 0 -1
    outer loop
      vertex 1.14191 21.3914 0.0999994
      vertex 2.37897 22.8988 0.0999994
      vertex 1.27279 21.2728 0.0999994
    endloop
  endfacet
  facet normal -0 0 -1
    outer loop
      vertex 2.37897 22.8988 0.0999994
      vertex 1.14191 21.3914 0.0999994
      vertex 2.08339 23.118 0.0999994
    endloop
  endfacet
  facet normal 0 0 -1
    outer loop
      vertex 1.00003 21.4966 0.0999994
      vertex 2.08339 23.118 0.0999994
      vertex 1.14191 21.3914 0.0999994
    endloop
  endfacet
  facet normal -0 0 -1
    outer loop
      vertex 2.08339 23.118 0.0999994
      vertex 1.00003 21.4966 0.0999994
      vertex 1.76774 23.3072 0.0999994
    endloop
  endfacet
  facet normal 0 0 -1
    outer loop
      vertex 0.848514 21.5875 0.0999994
      vertex 1.76774 23.3072 0.0999994
      vertex 1.00003 21.4966 0.0999994
    endloop
  endfacet
  facet normal -0 0 -1
    outer loop
      vertex 1.76774 23.3072 0.0999994
      vertex 0.848514 21.5875 0.0999994
      vertex 1.43506 23.4645 0.0999994
    endloop
  endfacet
  facet normal 0 0 -1
    outer loop
      vertex 0.688829 21.663 0.0999994
      vertex 1.43506 23.4645 0.0999994
      vertex 0.848514 21.5875 0.0999994
    endloop
  endfacet
  facet normal -0 0 -1
    outer loop
      vertex 1.43506 23.4645 0.0999994
      vertex 0.688829 21.663 0.0999994
      vertex 1.08857 23.5885 0.0999994
    endloop
  endfacet
  facet normal 0 0 -1
    outer loop
      vertex 0.522511 21.7225 0.0999994
      vertex 1.08857 23.5885 0.0999994
      vertex 0.688829 21.663 0.0999994
    endloop
  endfacet
  facet normal -0 0 -1
    outer loop
      vertex 1.08857 23.5885 0.0999994
      vertex 0.522511 21.7225 0.0999994
      vertex 0.731588 23.6779 0.0999994
    endloop
  endfacet
  facet normal 0 0 -1
    outer loop
      vertex 0.351162 21.7654 0.0999994
      vertex 0.731588 23.6779 0.0999994
      vertex 0.522511 21.7225 0.0999994
    endloop
  endfacet
  facet normal -0 0 -1
    outer loop
      vertex 0.731588 23.6779 0.0999994
      vertex 0.351162 21.7654 0.0999994
      vertex 0.367564 23.7319 0.0999994
    endloop
  endfacet
  facet normal 0 0 -1
    outer loop
      vertex 0.176431 21.7913 0.0999994
      vertex 0.367564 23.7319 0.0999994
      vertex 0.351162 21.7654 0.0999994
    endloop
  endfacet
  facet normal 0 0 -1
    outer loop
      vertex 0 21.8 0.0999994
      vertex 0.367564 23.7319 0.0999994
      vertex 0.176431 21.7913 0.0999994
    endloop
  endfacet
  facet normal 0 0 -1
    outer loop
      vertex 0 21.8 0.0999994
      vertex 0 23.75 0.0999994
      vertex 0.367564 23.7319 0.0999994
    endloop
  endfacet
  facet normal 0 0 -1
    outer loop
      vertex -0.176431 21.7913 0.0999994
      vertex 0 23.75 0.0999994
      vertex 0 21.8 0.0999994
    endloop
  endfacet
  facet normal 0 0 -1
    outer loop
      vertex -0.367564 23.7319 0.0999994
      vertex -0.176431 21.7913 0.0999994
      vertex -0.351162 21.7654 0.0999994
    endloop
  endfacet
  facet normal 0 0 -1
    outer loop
      vertex -0.176431 21.7913 0.0999994
      vertex -0.367564 23.7319 0.0999994
      vertex 0 23.75 0.0999994
    endloop
  endfacet
  facet normal 0 0 -1
    outer loop
      vertex -0.731588 23.6779 0.0999994
      vertex -0.351162 21.7654 0.0999994
      vertex -0.522511 21.7225 0.0999994
    endloop
  endfacet
  facet normal 0 0 -1
    outer loop
      vertex -1.08857 23.5885 0.0999994
      vertex -0.522511 21.7225 0.0999994
      vertex -0.688829 21.663 0.0999994
    endloop
  endfacet
  facet normal 0 0 -1
    outer loop
      vertex -0.351162 21.7654 0.0999994
      vertex -0.731588 23.6779 0.0999994
      vertex -0.367564 23.7319 0.0999994
    endloop
  endfacet
  facet normal 0 0 -1
    outer loop
      vertex -1.43506 23.4645 0.0999994
      vertex -0.688829 21.663 0.0999994
      vertex -0.848514 21.5875 0.0999994
    endloop
  endfacet
  facet normal 0 0 -1
    outer loop
      vertex -1.76774 23.3072 0.0999994
      vertex -0.848514 21.5875 0.0999994
      vertex -1.00003 21.4966 0.0999994
    endloop
  endfacet
  facet normal 0 0 -1
    outer loop
      vertex -0.522511 21.7225 0.0999994
      vertex -1.08857 23.5885 0.0999994
      vertex -0.731588 23.6779 0.0999994
    endloop
  endfacet
  facet normal 0 0 -1
    outer loop
      vertex -2.08339 23.118 0.0999994
      vertex -1.00003 21.4966 0.0999994
      vertex -1.14191 21.3914 0.0999994
    endloop
  endfacet
  facet normal 0 0 -1
    outer loop
      vertex -2.37897 22.8988 0.0999994
      vertex -1.14191 21.3914 0.0999994
      vertex -1.27279 21.2728 0.0999994
    endloop
  endfacet
  facet normal 0 0 -1
    outer loop
      vertex -2.65165 22.6516 0.0999994
      vertex -1.27279 21.2728 0.0999994
      vertex -1.39142 21.1419 0.0999994
    endloop
  endfacet
  facet normal 0 0 -1
    outer loop
      vertex -0.688829 21.663 0.0999994
      vertex -1.43506 23.4645 0.0999994
      vertex -1.08857 23.5885 0.0999994
    endloop
  endfacet
  facet normal 0 0 -1
    outer loop
      vertex -2.89879 22.379 0.0999994
      vertex -1.39142 21.1419 0.0999994
      vertex -1.49664 21 0.0999994
    endloop
  endfacet
  facet normal 0 0 -1
    outer loop
      vertex -3.11801 22.0834 0.0999994
      vertex -1.49664 21 0.0999994
      vertex -1.58746 20.8485 0.0999994
    endloop
  endfacet
  facet normal 0 0 -1
    outer loop
      vertex -3.3072 21.7677 0.0999994
      vertex -1.58746 20.8485 0.0999994
      vertex -1.66298 20.6888 0.0999994
    endloop
  endfacet
  facet normal 0 0 -1
    outer loop
      vertex -3.46455 21.4351 0.0999994
      vertex -1.66298 20.6888 0.0999994
      vertex -1.72249 20.5225 0.0999994
    endloop
  endfacet
  facet normal 0 0 -1
    outer loop
      vertex -3.58853 21.0886 0.0999994
      vertex -1.72249 20.5225 0.0999994
      vertex -1.76541 20.3512 0.0999994
    endloop
  endfacet
  facet normal 0 0 -1
    outer loop
      vertex -0.848514 21.5875 0.0999994
      vertex -1.76774 23.3072 0.0999994
      vertex -1.43506 23.4645 0.0999994
    endloop
  endfacet
  facet normal 0 0 -1
    outer loop
      vertex -3.67794 20.7316 0.0999994
      vertex -1.76541 20.3512 0.0999994
      vertex -1.79133 20.1764 0.0999994
    endloop
  endfacet
  facet normal 0 0 -1
    outer loop
      vertex -3.73194 20.3676 0.0999994
      vertex -1.79133 20.1764 0.0999994
      vertex -1.8 20 0.0999994
    endloop
  endfacet
  facet normal -0 0 -1
    outer loop
      vertex -1.58746 19.1515 0.0999994
      vertex -3.3072 18.2323 0.0999994
      vertex -1.66298 19.3112 0.0999994
    endloop
  endfacet
  facet normal 0 0 -1
    outer loop
      vertex -1.00003 21.4966 0.0999994
      vertex -2.08339 23.118 0.0999994
      vertex -1.76774 23.3072 0.0999994
    endloop
  endfacet
  facet normal 0 0 -1
    outer loop
      vertex -3.46455 18.5649 0.0999994
      vertex -1.66298 19.3112 0.0999994
      vertex -3.3072 18.2323 0.0999994
    endloop
  endfacet
  facet normal 0 0 -1
    outer loop
      vertex -1.14191 21.3914 0.0999994
      vertex -2.37897 22.8988 0.0999994
      vertex -2.08339 23.118 0.0999994
    endloop
  endfacet
  facet normal -0 0 -1
    outer loop
      vertex -1.66298 19.3112 0.0999994
      vertex -3.46455 18.5649 0.0999994
      vertex -1.72249 19.4775 0.0999994
    endloop
  endfacet
  facet normal 0 0 -1
    outer loop
      vertex -1.27279 21.2728 0.0999994
      vertex -2.65165 22.6516 0.0999994
      vertex -2.37897 22.8988 0.0999994
    endloop
  endfacet
  facet normal 0 0 -1
    outer loop
      vertex -3.58853 18.9114 0.0999994
      vertex -1.72249 19.4775 0.0999994
      vertex -3.46455 18.5649 0.0999994
    endloop
  endfacet
  facet normal 0 0 -1
    outer loop
      vertex -1.39142 21.1419 0.0999994
      vertex -2.89879 22.379 0.0999994
      vertex -2.65165 22.6516 0.0999994
    endloop
  endfacet
  facet normal -0 0 -1
    outer loop
      vertex -1.72249 19.4775 0.0999994
      vertex -3.58853 18.9114 0.0999994
      vertex -1.76541 19.6488 0.0999994
    endloop
  endfacet
  facet normal 0 0 -1
    outer loop
      vertex -1.49664 21 0.0999994
      vertex -3.11801 22.0834 0.0999994
      vertex -2.89879 22.379 0.0999994
    endloop
  endfacet
  facet normal 0 0 -1
    outer loop
      vertex -3.67794 19.2684 0.0999994
      vertex -1.76541 19.6488 0.0999994
      vertex -3.58853 18.9114 0.0999994
    endloop
  endfacet
  facet normal 0 0 -1
    outer loop
      vertex -1.58746 20.8485 0.0999994
      vertex -3.3072 21.7677 0.0999994
      vertex -3.11801 22.0834 0.0999994
    endloop
  endfacet
  facet normal -0 0 -1
    outer loop
      vertex -1.76541 19.6488 0.0999994
      vertex -3.67794 19.2684 0.0999994
      vertex -1.79133 19.8236 0.0999994
    endloop
  endfacet
  facet normal 0 0 -1
    outer loop
      vertex -1.66298 20.6888 0.0999994
      vertex -3.46455 21.4351 0.0999994
      vertex -3.3072 21.7677 0.0999994
    endloop
  endfacet
  facet normal 0 0 -1
    outer loop
      vertex -3.73194 19.6324 0.0999994
      vertex -1.79133 19.8236 0.0999994
      vertex -3.67794 19.2684 0.0999994
    endloop
  endfacet
  facet normal 0 0 -1
    outer loop
      vertex -1.72249 20.5225 0.0999994
      vertex -3.58853 21.0886 0.0999994
      vertex -3.46455 21.4351 0.0999994
    endloop
  endfacet
  facet normal -0 0 -1
    outer loop
      vertex -1.79133 19.8236 0.0999994
      vertex -3.73194 19.6324 0.0999994
      vertex -1.8 20 0.0999994
    endloop
  endfacet
  facet normal 0 0 -1
    outer loop
      vertex -1.76541 20.3512 0.0999994
      vertex -3.67794 20.7316 0.0999994
      vertex -3.58853 21.0886 0.0999994
    endloop
  endfacet
  facet normal 0 0 -1
    outer loop
      vertex -3.75 20 0.0999994
      vertex -1.8 20 0.0999994
      vertex -3.73194 19.6324 0.0999994
    endloop
  endfacet
  facet normal 0 0 -1
    outer loop
      vertex -1.79133 20.1764 0.0999994
      vertex -3.73194 20.3676 0.0999994
      vertex -3.67794 20.7316 0.0999994
    endloop
  endfacet
  facet normal 0 0 -1
    outer loop
      vertex -1.8 20 0.0999994
      vertex -3.75 20 0.0999994
      vertex -3.73194 20.3676 0.0999994
    endloop
  endfacet
  facet normal 0.671495 0.741009 -0
    outer loop
      vertex -2.37897 17.1012 -1.9
      vertex -2.65165 17.3483 0.0999994
      vertex -2.37897 17.1012 0.0999994
    endloop
  endfacet
  facet normal 0.671495 0.741009 0
    outer loop
      vertex -2.65165 17.3483 0.0999994
      vertex -2.37897 17.1012 -1.9
      vertex -2.65165 17.3483 -1.9
    endloop
  endfacet
  facet normal -0.595669 -0.80323 0
    outer loop
      vertex 2.08339 23.118 -1.9
      vertex 2.37897 22.8988 0.0999994
      vertex 2.08339 23.118 0.0999994
    endloop
  endfacet
  facet normal -0.595669 -0.80323 -0
    outer loop
      vertex 2.37897 22.8988 0.0999994
      vertex 2.08339 23.118 -1.9
      vertex 2.37897 22.8988 -1.9
    endloop
  endfacet
  facet normal 0.514116 0.857721 -0
    outer loop
      vertex -1.76774 16.6928 -1.9
      vertex -2.08339 16.882 0.0999994
      vertex -1.76774 16.6928 0.0999994
    endloop
  endfacet
  facet normal 0.514116 0.857721 0
    outer loop
      vertex -2.08339 16.882 0.0999994
      vertex -1.76774 16.6928 -1.9
      vertex -2.08339 16.882 -1.9
    endloop
  endfacet
  facet normal -0.514116 -0.857721 0
    outer loop
      vertex 1.76774 23.3072 -1.9
      vertex 2.08339 23.118 0.0999994
      vertex 1.76774 23.3072 0.0999994
    endloop
  endfacet
  facet normal -0.514116 -0.857721 -0
    outer loop
      vertex 2.08339 23.118 0.0999994
      vertex 1.76774 23.3072 -1.9
      vertex 2.08339 23.118 -1.9
    endloop
  endfacet
  facet normal -0.146736 0.989176 0
    outer loop
      vertex 0.731588 16.3221 -1.9
      vertex 0.367564 16.2681 0.0999994
      vertex 0.731588 16.3221 0.0999994
    endloop
  endfacet
  facet normal -0.146736 0.989176 0
    outer loop
      vertex 0.367564 16.2681 0.0999994
      vertex 0.731588 16.3221 -1.9
      vertex 0.367564 16.2681 -1.9
    endloop
  endfacet
  facet normal -0.941544 -0.336891 0
    outer loop
      vertex 3.58853 21.0886 -1.9
      vertex 3.46455 21.4351 0.0999994
      vertex 3.46455 21.4351 -1.9
    endloop
  endfacet
  facet normal -0.941544 -0.336891 0
    outer loop
      vertex 3.46455 21.4351 0.0999994
      vertex 3.58853 21.0886 -1.9
      vertex 3.58853 21.0886 0.0999994
    endloop
  endfacet
  facet normal -0.857769 0.514036 0
    outer loop
      vertex 3.11801 17.9166 -1.9
      vertex 3.3072 18.2323 0.0999994
      vertex 3.3072 18.2323 -1.9
    endloop
  endfacet
  facet normal -0.857769 0.514036 0
    outer loop
      vertex 3.3072 18.2323 0.0999994
      vertex 3.11801 17.9166 -1.9
      vertex 3.11801 17.9166 0.0999994
    endloop
  endfacet
  facet normal 0.998795 0.0490703 0
    outer loop
      vertex -3.73194 19.6324 0.0999994
      vertex -3.75 20 -1.9
      vertex -3.75 20 0.0999994
    endloop
  endfacet
  facet normal 0.998795 0.0490703 0
    outer loop
      vertex -3.75 20 -1.9
      vertex -3.73194 19.6324 0.0999994
      vertex -3.73194 19.6324 -1.9
    endloop
  endfacet
  facet normal -0.941544 0.336891 0
    outer loop
      vertex 3.46455 18.5649 -1.9
      vertex 3.58853 18.9114 0.0999994
      vertex 3.58853 18.9114 -1.9
    endloop
  endfacet
  facet normal -0.941544 0.336891 0
    outer loop
      vertex 3.58853 18.9114 0.0999994
      vertex 3.46455 18.5649 -1.9
      vertex 3.46455 18.5649 0.0999994
    endloop
  endfacet
  facet normal -0.740857 -0.671663 0
    outer loop
      vertex 2.89879 22.379 -1.9
      vertex 2.65165 22.6516 0.0999994
      vertex 2.65165 22.6516 -1.9
    endloop
  endfacet
  facet normal -0.740857 -0.671663 0
    outer loop
      vertex 2.65165 22.6516 0.0999994
      vertex 2.89879 22.379 -1.9
      vertex 2.89879 22.379 0.0999994
    endloop
  endfacet
  facet normal -0.0491835 -0.99879 0
    outer loop
      vertex 0 23.75 -1.5
      vertex 0.367564 23.7319 0.0999994
      vertex 0 23.75 0.0999994
    endloop
  endfacet
  facet normal -0.0491835 -0.99879 -0
    outer loop
      vertex 0.367564 23.7319 0.0999994
      vertex 0 23.75 -1.5
      vertex 0.367564 23.7319 -1.5
    endloop
  endfacet
  facet normal -0.903945 -0.427648 0
    outer loop
      vertex 3.46455 21.4351 -1.9
      vertex 3.3072 21.7677 0.0999994
      vertex 3.3072 21.7677 -1.9
    endloop
  endfacet
  facet normal -0.903945 -0.427648 0
    outer loop
      vertex 3.3072 21.7677 0.0999994
      vertex 3.46455 21.4351 -1.9
      vertex 3.46455 21.4351 0.0999994
    endloop
  endfacet
  facet normal 0.146736 0.989176 -0
    outer loop
      vertex -0.367564 16.2681 -1.9
      vertex -0.731588 16.3221 0.0999994
      vertex -0.367564 16.2681 0.0999994
    endloop
  endfacet
  facet normal 0.146736 0.989176 0
    outer loop
      vertex -0.731588 16.3221 0.0999994
      vertex -0.367564 16.2681 -1.9
      vertex -0.731588 16.3221 -1.9
    endloop
  endfacet
  facet normal -0.671495 0.741009 0
    outer loop
      vertex 2.65165 17.3483 -1.9
      vertex 2.37897 17.1012 0.0999994
      vertex 2.65165 17.3483 0.0999994
    endloop
  endfacet
  facet normal -0.671495 0.741009 0
    outer loop
      vertex 2.37897 17.1012 0.0999994
      vertex 2.65165 17.3483 -1.9
      vertex 2.37897 17.1012 -1.9
    endloop
  endfacet
  facet normal 0.0491835 0.99879 -0
    outer loop
      vertex 0 16.25 -1.9
      vertex -0.367564 16.2681 0.0999994
      vertex 0 16.25 0.0999994
    endloop
  endfacet
  facet normal 0.0491835 0.99879 0
    outer loop
      vertex -0.367564 16.2681 0.0999994
      vertex 0 16.25 -1.9
      vertex -0.367564 16.2681 -1.9
    endloop
  endfacet
  facet normal 0.740857 -0.671663 0
    outer loop
      vertex -2.89879 22.379 0.0999994
      vertex -2.65165 22.6516 -1.9
      vertex -2.65165 22.6516 0.0999994
    endloop
  endfacet
  facet normal 0.740857 -0.671663 0
    outer loop
      vertex -2.65165 22.6516 -1.9
      vertex -2.89879 22.379 0.0999994
      vertex -2.89879 22.379 -1.9
    endloop
  endfacet
  facet normal -0.671644 -0.740874 0
    outer loop
      vertex 2.37897 22.8988 -1.9
      vertex 2.65165 22.6516 0.0999994
      vertex 2.37897 22.8988 0.0999994
    endloop
  endfacet
  facet normal -0.671644 -0.740874 -0
    outer loop
      vertex 2.65165 22.6516 0.0999994
      vertex 2.37897 22.8988 -1.9
      vertex 2.65165 22.6516 -1.9
    endloop
  endfacet
  facet normal 0.146736 -0.989176 0
    outer loop
      vertex -0.731588 23.6779 -1.5
      vertex -0.367564 23.7319 0.0999994
      vertex -0.731588 23.6779 0.0999994
    endloop
  endfacet
  facet normal 0.146736 -0.989176 0
    outer loop
      vertex -0.367564 23.7319 0.0999994
      vertex -0.731588 23.6779 -1.5
      vertex -0.367564 23.7319 -1.5
    endloop
  endfacet
  facet normal 0.903945 -0.427648 0
    outer loop
      vertex -3.46455 21.4351 0.0999994
      vertex -3.3072 21.7677 -1.9
      vertex -3.3072 21.7677 0.0999994
    endloop
  endfacet
  facet normal 0.903945 -0.427648 0
    outer loop
      vertex -3.3072 21.7677 -1.9
      vertex -3.46455 21.4351 0.0999994
      vertex -3.46455 21.4351 -1.9
    endloop
  endfacet
  facet normal 0.97004 -0.242945 0
    outer loop
      vertex -3.67794 20.7316 0.0999994
      vertex -3.58853 21.0886 -1.9
      vertex -3.58853 21.0886 0.0999994
    endloop
  endfacet
  facet normal 0.97004 -0.242945 0
    outer loop
      vertex -3.58853 21.0886 -1.9
      vertex -3.67794 20.7316 0.0999994
      vertex -3.67794 20.7316 -1.9
    endloop
  endfacet
  facet normal -0.242931 -0.970044 0
    outer loop
      vertex 0.731588 23.6779 -1.5
      vertex 1.08857 23.5885 0.0999994
      vertex 0.731588 23.6779 0.0999994
    endloop
  endfacet
  facet normal -0.242931 -0.970044 -0
    outer loop
      vertex 1.08857 23.5885 0.0999994
      vertex 0.731588 23.6779 -1.5
      vertex 1.08857 23.5885 -1.5
    endloop
  endfacet
  facet normal 0.97004 0.242945 0
    outer loop
      vertex -3.58853 18.9114 0.0999994
      vertex -3.67794 19.2684 -1.9
      vertex -3.67794 19.2684 0.0999994
    endloop
  endfacet
  facet normal 0.97004 0.242945 0
    outer loop
      vertex -3.67794 19.2684 -1.9
      vertex -3.58853 18.9114 0.0999994
      vertex -3.58853 18.9114 -1.9
    endloop
  endfacet
  facet normal 0.427675 0.903932 -0
    outer loop
      vertex -1.43506 16.5354 -1.9
      vertex -1.76774 16.6928 0.0999994
      vertex -1.43506 16.5354 0.0999994
    endloop
  endfacet
  facet normal 0.427675 0.903932 0
    outer loop
      vertex -1.76774 16.6928 0.0999994
      vertex -1.43506 16.5354 -1.9
      vertex -1.76774 16.6928 -1.9
    endloop
  endfacet
  facet normal 0.740979 0.671528 0
    outer loop
      vertex -2.65165 17.3483 0.0999994
      vertex -2.89879 17.621 -1.9
      vertex -2.89879 17.621 0.0999994
    endloop
  endfacet
  facet normal 0.740979 0.671528 0
    outer loop
      vertex -2.89879 17.621 -1.9
      vertex -2.65165 17.3483 0.0999994
      vertex -2.65165 17.3483 -1.9
    endloop
  endfacet
  facet normal -0.0491835 0.99879 0
    outer loop
      vertex 0.367564 16.2681 -1.9
      vertex 0 16.25 0.0999994
      vertex 0.367564 16.2681 0.0999994
    endloop
  endfacet
  facet normal -0.0491835 0.99879 0
    outer loop
      vertex 0 16.25 0.0999994
      vertex 0.367564 16.2681 -1.9
      vertex 0 16.25 -1.9
    endloop
  endfacet
  facet normal 0.989174 0.146746 0
    outer loop
      vertex -3.67794 19.2684 0.0999994
      vertex -3.73194 19.6324 -1.9
      vertex -3.73194 19.6324 0.0999994
    endloop
  endfacet
  facet normal 0.989174 0.146746 0
    outer loop
      vertex -3.73194 19.6324 -1.9
      vertex -3.67794 19.2684 0.0999994
      vertex -3.67794 19.2684 -1.9
    endloop
  endfacet
  facet normal -0.595669 0.80323 0
    outer loop
      vertex 2.37897 17.1012 -1.9
      vertex 2.08339 16.882 0.0999994
      vertex 2.37897 17.1012 0.0999994
    endloop
  endfacet
  facet normal -0.595669 0.80323 0
    outer loop
      vertex 2.08339 16.882 0.0999994
      vertex 2.37897 17.1012 -1.9
      vertex 2.08339 16.882 -1.9
    endloop
  endfacet
  facet normal 0.803223 0.595678 0
    outer loop
      vertex -2.89879 17.621 0.0999994
      vertex -3.11801 17.9166 -1.9
      vertex -3.11801 17.9166 0.0999994
    endloop
  endfacet
  facet normal 0.803223 0.595678 0
    outer loop
      vertex -3.11801 17.9166 -1.9
      vertex -2.89879 17.621 0.0999994
      vertex -2.89879 17.621 -1.9
    endloop
  endfacet
  facet normal 0.998795 -0.0490703 0
    outer loop
      vertex -3.75 20 0.0999994
      vertex -3.73194 20.3676 -1.9
      vertex -3.73194 20.3676 0.0999994
    endloop
  endfacet
  facet normal 0.998795 -0.0490703 0
    outer loop
      vertex -3.73194 20.3676 -1.9
      vertex -3.75 20 0.0999994
      vertex -3.75 20 -1.9
    endloop
  endfacet
  facet normal 0 0 1
    outer loop
      vertex 1.8 20 -1.9
      vertex 3.75 20 -1.9
      vertex 3.73194 20.3676 -1.9
    endloop
  endfacet
  facet normal 0 0 1
    outer loop
      vertex 1.79133 20.1764 -1.9
      vertex 3.73194 20.3676 -1.9
      vertex 3.67794 20.7316 -1.9
    endloop
  endfacet
  facet normal 0 0 1
    outer loop
      vertex 3.75 20 -1.9
      vertex 1.8 20 -1.9
      vertex 3.73194 19.6324 -1.9
    endloop
  endfacet
  facet normal 0 0 1
    outer loop
      vertex 1.76541 20.3512 -1.9
      vertex 3.67794 20.7316 -1.9
      vertex 3.58853 21.0886 -1.9
    endloop
  endfacet
  facet normal -0 0 1
    outer loop
      vertex 1.79133 19.8236 -1.9
      vertex 3.73194 19.6324 -1.9
      vertex 1.8 20 -1.9
    endloop
  endfacet
  facet normal 0 0 1
    outer loop
      vertex 1.72249 20.5225 -1.9
      vertex 3.58853 21.0886 -1.9
      vertex 3.46455 21.4351 -1.9
    endloop
  endfacet
  facet normal 0 0 1
    outer loop
      vertex 3.73194 19.6324 -1.9
      vertex 1.79133 19.8236 -1.9
      vertex 3.67794 19.2684 -1.9
    endloop
  endfacet
  facet normal 0 0 1
    outer loop
      vertex 1.66298 20.6888 -1.9
      vertex 3.46455 21.4351 -1.9
      vertex 3.3072 21.7677 -1.9
    endloop
  endfacet
  facet normal -0 0 1
    outer loop
      vertex 1.76541 19.6488 -1.9
      vertex 3.67794 19.2684 -1.9
      vertex 1.79133 19.8236 -1.9
    endloop
  endfacet
  facet normal 0 0 1
    outer loop
      vertex 1.58746 20.8485 -1.9
      vertex 3.3072 21.7677 -1.9
      vertex 3.11801 22.0834 -1.9
    endloop
  endfacet
  facet normal 0 0 1
    outer loop
      vertex 3.67794 19.2684 -1.9
      vertex 1.76541 19.6488 -1.9
      vertex 3.58853 18.9114 -1.9
    endloop
  endfacet
  facet normal 0 0 1
    outer loop
      vertex 1.49664 21 -1.9
      vertex 3.11801 22.0834 -1.9
      vertex 2.89879 22.379 -1.9
    endloop
  endfacet
  facet normal -0 0 1
    outer loop
      vertex 1.72249 19.4775 -1.9
      vertex 3.58853 18.9114 -1.9
      vertex 1.76541 19.6488 -1.9
    endloop
  endfacet
  facet normal 0 0 1
    outer loop
      vertex 1.39142 21.1419 -1.9
      vertex 2.89879 22.379 -1.9
      vertex 2.65165 22.6516 -1.9
    endloop
  endfacet
  facet normal 0 0 1
    outer loop
      vertex 3.58853 18.9114 -1.9
      vertex 1.72249 19.4775 -1.9
      vertex 3.46455 18.5649 -1.9
    endloop
  endfacet
  facet normal 0 0 1
    outer loop
      vertex 1.27279 21.2728 -1.9
      vertex 2.65165 22.6516 -1.9
      vertex 2.37897 22.8988 -1.9
    endloop
  endfacet
  facet normal -0 0 1
    outer loop
      vertex 1.66298 19.3112 -1.9
      vertex 3.46455 18.5649 -1.9
      vertex 1.72249 19.4775 -1.9
    endloop
  endfacet
  facet normal 0 0 1
    outer loop
      vertex 1.14191 21.3914 -1.9
      vertex 2.37897 22.8988 -1.9
      vertex 2.08339 23.118 -1.9
    endloop
  endfacet
  facet normal 0 0 1
    outer loop
      vertex 3.46455 18.5649 -1.9
      vertex 1.66298 19.3112 -1.9
      vertex 3.3072 18.2323 -1.9
    endloop
  endfacet
  facet normal -0 0 1
    outer loop
      vertex 1.58746 19.1515 -1.9
      vertex 3.3072 18.2323 -1.9
      vertex 1.66298 19.3112 -1.9
    endloop
  endfacet
  facet normal 0 0 1
    outer loop
      vertex 3.73194 20.3676 -1.9
      vertex 1.79133 20.1764 -1.9
      vertex 1.8 20 -1.9
    endloop
  endfacet
  facet normal 0 0 1
    outer loop
      vertex 1.00003 21.4966 -1.9
      vertex 2.08339 23.118 -1.9
      vertex 1.76774 23.3072 -1.9
    endloop
  endfacet
  facet normal 0 0 1
    outer loop
      vertex 3.67794 20.7316 -1.9
      vertex 1.76541 20.3512 -1.9
      vertex 1.79133 20.1764 -1.9
    endloop
  endfacet
  facet normal 0 0 1
    outer loop
      vertex 3.58853 21.0886 -1.9
      vertex 1.72249 20.5225 -1.9
      vertex 1.76541 20.3512 -1.9
    endloop
  endfacet
  facet normal 0 0 1
    outer loop
      vertex 3.46455 21.4351 -1.9
      vertex 1.66298 20.6888 -1.9
      vertex 1.72249 20.5225 -1.9
    endloop
  endfacet
  facet normal 0 0 1
    outer loop
      vertex 3.3072 21.7677 -1.9
      vertex 1.58746 20.8485 -1.9
      vertex 1.66298 20.6888 -1.9
    endloop
  endfacet
  facet normal 0 0 1
    outer loop
      vertex 0.848514 21.5875 -1.9
      vertex 1.76774 23.3072 -1.9
      vertex 1.57155 23.4 -1.9
    endloop
  endfacet
  facet normal 0 0 1
    outer loop
      vertex 3.11801 22.0834 -1.9
      vertex 1.49664 21 -1.9
      vertex 1.58746 20.8485 -1.9
    endloop
  endfacet
  facet normal 0 0 1
    outer loop
      vertex 2.89879 22.379 -1.9
      vertex 1.39142 21.1419 -1.9
      vertex 1.49664 21 -1.9
    endloop
  endfacet
  facet normal 0 0 1
    outer loop
      vertex 2.65165 22.6516 -1.9
      vertex 1.27279 21.2728 -1.9
      vertex 1.39142 21.1419 -1.9
    endloop
  endfacet
  facet normal 0 0 1
    outer loop
      vertex 2.37897 22.8988 -1.9
      vertex 1.14191 21.3914 -1.9
      vertex 1.27279 21.2728 -1.9
    endloop
  endfacet
  facet normal 0 0 1
    outer loop
      vertex 2.08339 23.118 -1.9
      vertex 1.00003 21.4966 -1.9
      vertex 1.14191 21.3914 -1.9
    endloop
  endfacet
  facet normal 0 0 1
    outer loop
      vertex 1.76774 23.3072 -1.9
      vertex 0.848514 21.5875 -1.9
      vertex 1.00003 21.4966 -1.9
    endloop
  endfacet
  facet normal 0 0 1
    outer loop
      vertex 1.57155 23.4 -1.9
      vertex 0.688829 21.663 -1.9
      vertex 0.848514 21.5875 -1.9
    endloop
  endfacet
  facet normal 0 0 1
    outer loop
      vertex 1.57155 23.4 -1.9
      vertex 0.522511 21.7225 -1.9
      vertex 0.688829 21.663 -1.9
    endloop
  endfacet
  facet normal 0 0 1
    outer loop
      vertex 1.57155 23.4 -1.9
      vertex 0.351162 21.7654 -1.9
      vertex 0.522511 21.7225 -1.9
    endloop
  endfacet
  facet normal 0 0 1
    outer loop
      vertex 1.57155 23.4 -1.9
      vertex 0.176431 21.7913 -1.9
      vertex 0.351162 21.7654 -1.9
    endloop
  endfacet
  facet normal 0 0 1
    outer loop
      vertex 1.57155 23.4 -1.9
      vertex 0 21.8 -1.9
      vertex 0.176431 21.7913 -1.9
    endloop
  endfacet
  facet normal -0 0 1
    outer loop
      vertex -1.57155 23.4 -1.9
      vertex 0 21.8 -1.9
      vertex 1.57155 23.4 -1.9
    endloop
  endfacet
  facet normal 0 0 1
    outer loop
      vertex 0 21.8 -1.9
      vertex -1.57155 23.4 -1.9
      vertex -0.176431 21.7913 -1.9
    endloop
  endfacet
  facet normal 0 0 1
    outer loop
      vertex -0.176431 21.7913 -1.9
      vertex -1.57155 23.4 -1.9
      vertex -0.351162 21.7654 -1.9
    endloop
  endfacet
  facet normal 0 0 1
    outer loop
      vertex -0.351162 21.7654 -1.9
      vertex -1.57155 23.4 -1.9
      vertex -0.522511 21.7225 -1.9
    endloop
  endfacet
  facet normal 0 0 1
    outer loop
      vertex -0.522511 21.7225 -1.9
      vertex -1.57155 23.4 -1.9
      vertex -0.688829 21.663 -1.9
    endloop
  endfacet
  facet normal 0 0 1
    outer loop
      vertex -0.688829 21.663 -1.9
      vertex -1.57155 23.4 -1.9
      vertex -0.848514 21.5875 -1.9
    endloop
  endfacet
  facet normal -0 0 1
    outer loop
      vertex -1.76774 23.3072 -1.9
      vertex -0.848514 21.5875 -1.9
      vertex -1.57155 23.4 -1.9
    endloop
  endfacet
  facet normal 0 0 1
    outer loop
      vertex -0.848514 21.5875 -1.9
      vertex -1.76774 23.3072 -1.9
      vertex -1.00003 21.4966 -1.9
    endloop
  endfacet
  facet normal -0 0 1
    outer loop
      vertex -2.08339 23.118 -1.9
      vertex -1.00003 21.4966 -1.9
      vertex -1.76774 23.3072 -1.9
    endloop
  endfacet
  facet normal 0 0 1
    outer loop
      vertex -1.00003 21.4966 -1.9
      vertex -2.08339 23.118 -1.9
      vertex -1.14191 21.3914 -1.9
    endloop
  endfacet
  facet normal -0 0 1
    outer loop
      vertex -2.37897 22.8988 -1.9
      vertex -1.14191 21.3914 -1.9
      vertex -2.08339 23.118 -1.9
    endloop
  endfacet
  facet normal 0 0 1
    outer loop
      vertex -1.14191 21.3914 -1.9
      vertex -2.37897 22.8988 -1.9
      vertex -1.27279 21.2728 -1.9
    endloop
  endfacet
  facet normal -0 0 1
    outer loop
      vertex -2.65165 22.6516 -1.9
      vertex -1.27279 21.2728 -1.9
      vertex -2.37897 22.8988 -1.9
    endloop
  endfacet
  facet normal 0 0 1
    outer loop
      vertex -1.27279 21.2728 -1.9
      vertex -2.65165 22.6516 -1.9
      vertex -1.39142 21.1419 -1.9
    endloop
  endfacet
  facet normal -0 0 1
    outer loop
      vertex -2.89879 22.379 -1.9
      vertex -1.39142 21.1419 -1.9
      vertex -2.65165 22.6516 -1.9
    endloop
  endfacet
  facet normal 0 0 1
    outer loop
      vertex -1.39142 21.1419 -1.9
      vertex -2.89879 22.379 -1.9
      vertex -1.49664 21 -1.9
    endloop
  endfacet
  facet normal -0 0 1
    outer loop
      vertex -3.11801 22.0834 -1.9
      vertex -1.49664 21 -1.9
      vertex -2.89879 22.379 -1.9
    endloop
  endfacet
  facet normal 0 0 1
    outer loop
      vertex -1.49664 21 -1.9
      vertex -3.11801 22.0834 -1.9
      vertex -1.58746 20.8485 -1.9
    endloop
  endfacet
  facet normal -0 0 1
    outer loop
      vertex -3.3072 21.7677 -1.9
      vertex -1.58746 20.8485 -1.9
      vertex -3.11801 22.0834 -1.9
    endloop
  endfacet
  facet normal 0 0 1
    outer loop
      vertex 3.3072 18.2323 -1.9
      vertex 1.58746 19.1515 -1.9
      vertex 3.11801 17.9166 -1.9
    endloop
  endfacet
  facet normal -0 0 1
    outer loop
      vertex 1.49664 19 -1.9
      vertex 3.11801 17.9166 -1.9
      vertex 1.58746 19.1515 -1.9
    endloop
  endfacet
  facet normal 0 0 1
    outer loop
      vertex 3.11801 17.9166 -1.9
      vertex 1.49664 19 -1.9
      vertex 2.89879 17.621 -1.9
    endloop
  endfacet
  facet normal -0 0 1
    outer loop
      vertex 1.39142 18.8581 -1.9
      vertex 2.89879 17.621 -1.9
      vertex 1.49664 19 -1.9
    endloop
  endfacet
  facet normal 0 0 1
    outer loop
      vertex 2.89879 17.621 -1.9
      vertex 1.39142 18.8581 -1.9
      vertex 2.65165 17.3483 -1.9
    endloop
  endfacet
  facet normal -0 0 1
    outer loop
      vertex 1.27279 18.7272 -1.9
      vertex 2.65165 17.3483 -1.9
      vertex 1.39142 18.8581 -1.9
    endloop
  endfacet
  facet normal 0 0 1
    outer loop
      vertex 2.65165 17.3483 -1.9
      vertex 1.27279 18.7272 -1.9
      vertex 2.37897 17.1012 -1.9
    endloop
  endfacet
  facet normal -0 0 1
    outer loop
      vertex 1.14191 18.6086 -1.9
      vertex 2.37897 17.1012 -1.9
      vertex 1.27279 18.7272 -1.9
    endloop
  endfacet
  facet normal 0 0 1
    outer loop
      vertex 2.37897 17.1012 -1.9
      vertex 1.14191 18.6086 -1.9
      vertex 2.08339 16.882 -1.9
    endloop
  endfacet
  facet normal -0 0 1
    outer loop
      vertex 1.00003 18.5034 -1.9
      vertex 2.08339 16.882 -1.9
      vertex 1.14191 18.6086 -1.9
    endloop
  endfacet
  facet normal 0 0 1
    outer loop
      vertex 2.08339 16.882 -1.9
      vertex 1.00003 18.5034 -1.9
      vertex 1.76774 16.6928 -1.9
    endloop
  endfacet
  facet normal -0 0 1
    outer loop
      vertex 0.848514 18.4125 -1.9
      vertex 1.76774 16.6928 -1.9
      vertex 1.00003 18.5034 -1.9
    endloop
  endfacet
  facet normal 0 0 1
    outer loop
      vertex 1.76774 16.6928 -1.9
      vertex 0.848514 18.4125 -1.9
      vertex 1.43506 16.5354 -1.9
    endloop
  endfacet
  facet normal -0 0 1
    outer loop
      vertex 0.688829 18.337 -1.9
      vertex 1.43506 16.5354 -1.9
      vertex 0.848514 18.4125 -1.9
    endloop
  endfacet
  facet normal 0 0 1
    outer loop
      vertex 1.43506 16.5354 -1.9
      vertex 0.688829 18.337 -1.9
      vertex 1.08857 16.4115 -1.9
    endloop
  endfacet
  facet normal -0 0 1
    outer loop
      vertex 0.522511 18.2775 -1.9
      vertex 1.08857 16.4115 -1.9
      vertex 0.688829 18.337 -1.9
    endloop
  endfacet
  facet normal 0 0 1
    outer loop
      vertex 1.08857 16.4115 -1.9
      vertex 0.522511 18.2775 -1.9
      vertex 0.731588 16.3221 -1.9
    endloop
  endfacet
  facet normal -0 0 1
    outer loop
      vertex 0.351162 18.2346 -1.9
      vertex 0.731588 16.3221 -1.9
      vertex 0.522511 18.2775 -1.9
    endloop
  endfacet
  facet normal 0 0 1
    outer loop
      vertex 0.731588 16.3221 -1.9
      vertex 0.351162 18.2346 -1.9
      vertex 0.367564 16.2681 -1.9
    endloop
  endfacet
  facet normal -0 0 1
    outer loop
      vertex 0.176431 18.2087 -1.9
      vertex 0.367564 16.2681 -1.9
      vertex 0.351162 18.2346 -1.9
    endloop
  endfacet
  facet normal -0 0 1
    outer loop
      vertex 0 18.2 -1.9
      vertex 0.367564 16.2681 -1.9
      vertex 0.176431 18.2087 -1.9
    endloop
  endfacet
  facet normal 0 0 1
    outer loop
      vertex 0 18.2 -1.9
      vertex 0 16.25 -1.9
      vertex 0.367564 16.2681 -1.9
    endloop
  endfacet
  facet normal 0 0 1
    outer loop
      vertex -0.176431 18.2087 -1.9
      vertex 0 16.25 -1.9
      vertex 0 18.2 -1.9
    endloop
  endfacet
  facet normal 0 0 1
    outer loop
      vertex -0.367564 16.2681 -1.9
      vertex -0.176431 18.2087 -1.9
      vertex -0.351162 18.2346 -1.9
    endloop
  endfacet
  facet normal 0 0 1
    outer loop
      vertex -0.176431 18.2087 -1.9
      vertex -0.367564 16.2681 -1.9
      vertex 0 16.25 -1.9
    endloop
  endfacet
  facet normal 0 0 1
    outer loop
      vertex -0.731588 16.3221 -1.9
      vertex -0.351162 18.2346 -1.9
      vertex -0.522511 18.2775 -1.9
    endloop
  endfacet
  facet normal 0 0 1
    outer loop
      vertex -1.08857 16.4115 -1.9
      vertex -0.522511 18.2775 -1.9
      vertex -0.688829 18.337 -1.9
    endloop
  endfacet
  facet normal 0 0 1
    outer loop
      vertex -0.351162 18.2346 -1.9
      vertex -0.731588 16.3221 -1.9
      vertex -0.367564 16.2681 -1.9
    endloop
  endfacet
  facet normal 0 0 1
    outer loop
      vertex -1.43506 16.5354 -1.9
      vertex -0.688829 18.337 -1.9
      vertex -0.848514 18.4125 -1.9
    endloop
  endfacet
  facet normal 0 0 1
    outer loop
      vertex -1.76774 16.6928 -1.9
      vertex -0.848514 18.4125 -1.9
      vertex -1.00003 18.5034 -1.9
    endloop
  endfacet
  facet normal 0 0 1
    outer loop
      vertex -0.522511 18.2775 -1.9
      vertex -1.08857 16.4115 -1.9
      vertex -0.731588 16.3221 -1.9
    endloop
  endfacet
  facet normal 0 0 1
    outer loop
      vertex -2.08339 16.882 -1.9
      vertex -1.00003 18.5034 -1.9
      vertex -1.14191 18.6086 -1.9
    endloop
  endfacet
  facet normal 0 0 1
    outer loop
      vertex -2.37897 17.1012 -1.9
      vertex -1.14191 18.6086 -1.9
      vertex -1.27279 18.7272 -1.9
    endloop
  endfacet
  facet normal 0 0 1
    outer loop
      vertex -2.65165 17.3483 -1.9
      vertex -1.27279 18.7272 -1.9
      vertex -1.39142 18.8581 -1.9
    endloop
  endfacet
  facet normal 0 0 1
    outer loop
      vertex -0.688829 18.337 -1.9
      vertex -1.43506 16.5354 -1.9
      vertex -1.08857 16.4115 -1.9
    endloop
  endfacet
  facet normal 0 0 1
    outer loop
      vertex -2.89879 17.621 -1.9
      vertex -1.39142 18.8581 -1.9
      vertex -1.49664 19 -1.9
    endloop
  endfacet
  facet normal 0 0 1
    outer loop
      vertex -3.11801 17.9166 -1.9
      vertex -1.49664 19 -1.9
      vertex -1.58746 19.1515 -1.9
    endloop
  endfacet
  facet normal 0 0 1
    outer loop
      vertex -3.3072 18.2323 -1.9
      vertex -1.58746 19.1515 -1.9
      vertex -1.66298 19.3112 -1.9
    endloop
  endfacet
  facet normal 0 0 1
    outer loop
      vertex -3.46455 18.5649 -1.9
      vertex -1.66298 19.3112 -1.9
      vertex -1.72249 19.4775 -1.9
    endloop
  endfacet
  facet normal 0 0 1
    outer loop
      vertex -3.58853 18.9114 -1.9
      vertex -1.72249 19.4775 -1.9
      vertex -1.76541 19.6488 -1.9
    endloop
  endfacet
  facet normal 0 0 1
    outer loop
      vertex -0.848514 18.4125 -1.9
      vertex -1.76774 16.6928 -1.9
      vertex -1.43506 16.5354 -1.9
    endloop
  endfacet
  facet normal 0 0 1
    outer loop
      vertex -3.67794 19.2684 -1.9
      vertex -1.76541 19.6488 -1.9
      vertex -1.79133 19.8236 -1.9
    endloop
  endfacet
  facet normal 0 0 1
    outer loop
      vertex -3.73194 19.6324 -1.9
      vertex -1.79133 19.8236 -1.9
      vertex -1.8 20 -1.9
    endloop
  endfacet
  facet normal 0 0 1
    outer loop
      vertex -1.58746 20.8485 -1.9
      vertex -3.3072 21.7677 -1.9
      vertex -1.66298 20.6888 -1.9
    endloop
  endfacet
  facet normal 0 0 1
    outer loop
      vertex -1.00003 18.5034 -1.9
      vertex -2.08339 16.882 -1.9
      vertex -1.76774 16.6928 -1.9
    endloop
  endfacet
  facet normal -0 0 1
    outer loop
      vertex -3.46455 21.4351 -1.9
      vertex -1.66298 20.6888 -1.9
      vertex -3.3072 21.7677 -1.9
    endloop
  endfacet
  facet normal 0 0 1
    outer loop
      vertex -1.14191 18.6086 -1.9
      vertex -2.37897 17.1012 -1.9
      vertex -2.08339 16.882 -1.9
    endloop
  endfacet
  facet normal 0 0 1
    outer loop
      vertex -1.66298 20.6888 -1.9
      vertex -3.46455 21.4351 -1.9
      vertex -1.72249 20.5225 -1.9
    endloop
  endfacet
  facet normal 0 0 1
    outer loop
      vertex -1.27279 18.7272 -1.9
      vertex -2.65165 17.3483 -1.9
      vertex -2.37897 17.1012 -1.9
    endloop
  endfacet
  facet normal -0 0 1
    outer loop
      vertex -3.58853 21.0886 -1.9
      vertex -1.72249 20.5225 -1.9
      vertex -3.46455 21.4351 -1.9
    endloop
  endfacet
  facet normal 0 0 1
    outer loop
      vertex -1.39142 18.8581 -1.9
      vertex -2.89879 17.621 -1.9
      vertex -2.65165 17.3483 -1.9
    endloop
  endfacet
  facet normal 0 0 1
    outer loop
      vertex -1.72249 20.5225 -1.9
      vertex -3.58853 21.0886 -1.9
      vertex -1.76541 20.3512 -1.9
    endloop
  endfacet
  facet normal 0 0 1
    outer loop
      vertex -1.49664 19 -1.9
      vertex -3.11801 17.9166 -1.9
      vertex -2.89879 17.621 -1.9
    endloop
  endfacet
  facet normal -0 0 1
    outer loop
      vertex -3.67794 20.7316 -1.9
      vertex -1.76541 20.3512 -1.9
      vertex -3.58853 21.0886 -1.9
    endloop
  endfacet
  facet normal 0 0 1
    outer loop
      vertex -1.58746 19.1515 -1.9
      vertex -3.3072 18.2323 -1.9
      vertex -3.11801 17.9166 -1.9
    endloop
  endfacet
  facet normal 0 0 1
    outer loop
      vertex -1.76541 20.3512 -1.9
      vertex -3.67794 20.7316 -1.9
      vertex -1.79133 20.1764 -1.9
    endloop
  endfacet
  facet normal 0 0 1
    outer loop
      vertex -1.66298 19.3112 -1.9
      vertex -3.46455 18.5649 -1.9
      vertex -3.3072 18.2323 -1.9
    endloop
  endfacet
  facet normal -0 0 1
    outer loop
      vertex -3.73194 20.3676 -1.9
      vertex -1.79133 20.1764 -1.9
      vertex -3.67794 20.7316 -1.9
    endloop
  endfacet
  facet normal 0 0 1
    outer loop
      vertex -1.72249 19.4775 -1.9
      vertex -3.58853 18.9114 -1.9
      vertex -3.46455 18.5649 -1.9
    endloop
  endfacet
  facet normal 0 0 1
    outer loop
      vertex -1.79133 20.1764 -1.9
      vertex -3.73194 20.3676 -1.9
      vertex -1.8 20 -1.9
    endloop
  endfacet
  facet normal 0 0 1
    outer loop
      vertex -1.76541 19.6488 -1.9
      vertex -3.67794 19.2684 -1.9
      vertex -3.58853 18.9114 -1.9
    endloop
  endfacet
  facet normal 0 0 1
    outer loop
      vertex -3.75 20 -1.9
      vertex -1.8 20 -1.9
      vertex -3.73194 20.3676 -1.9
    endloop
  endfacet
  facet normal 0 0 1
    outer loop
      vertex -1.79133 19.8236 -1.9
      vertex -3.73194 19.6324 -1.9
      vertex -3.67794 19.2684 -1.9
    endloop
  endfacet
  facet normal 0 0 1
    outer loop
      vertex -1.8 20 -1.9
      vertex -3.75 20 -1.9
      vertex -3.73194 19.6324 -1.9
    endloop
  endfacet
  facet normal -0.740979 0.671528 0
    outer loop
      vertex 2.65165 17.3483 -1.9
      vertex 2.89879 17.621 0.0999994
      vertex 2.89879 17.621 -1.9
    endloop
  endfacet
  facet normal -0.740979 0.671528 0
    outer loop
      vertex 2.89879 17.621 0.0999994
      vertex 2.65165 17.3483 -1.9
      vertex 2.65165 17.3483 0.0999994
    endloop
  endfacet
  facet normal 0 0 -1
    outer loop
      vertex 1.72249 -19.4775 -2.6
      vertex 13.5 -21.8 -2.6
      vertex 1.76541 -19.6488 -2.6
    endloop
  endfacet
  facet normal 0 0 -1
    outer loop
      vertex 13.5 21.8 -2.6
      vertex 1.79133 19.8236 -2.6
      vertex 1.8 20 -2.6
    endloop
  endfacet
  facet normal 0 0 -1
    outer loop
      vertex 1.66298 -19.3112 -2.6
      vertex 13.5 -21.8 -2.6
      vertex 1.72249 -19.4775 -2.6
    endloop
  endfacet
  facet normal 0 0 -1
    outer loop
      vertex 13.5 21.8 -2.6
      vertex 1.76541 19.6488 -2.6
      vertex 1.79133 19.8236 -2.6
    endloop
  endfacet
  facet normal 0 0 -1
    outer loop
      vertex 1.58746 -19.1515 -2.6
      vertex 13.5 -21.8 -2.6
      vertex 1.66298 -19.3112 -2.6
    endloop
  endfacet
  facet normal 0 0 -1
    outer loop
      vertex 13.5 21.8 -2.6
      vertex 1.72249 19.4775 -2.6
      vertex 1.76541 19.6488 -2.6
    endloop
  endfacet
  facet normal 0 0 -1
    outer loop
      vertex 1.49664 -19 -2.6
      vertex 13.5 -21.8 -2.6
      vertex 1.58746 -19.1515 -2.6
    endloop
  endfacet
  facet normal 0 0 -1
    outer loop
      vertex 13.5 21.8 -2.6
      vertex 1.66298 19.3112 -2.6
      vertex 1.72249 19.4775 -2.6
    endloop
  endfacet
  facet normal 0 0 -1
    outer loop
      vertex 1.39142 -18.8581 -2.6
      vertex 13.5 -21.8 -2.6
      vertex 1.49664 -19 -2.6
    endloop
  endfacet
  facet normal 0 0 -1
    outer loop
      vertex 13.5 21.8 -2.6
      vertex 1.58746 19.1515 -2.6
      vertex 1.66298 19.3112 -2.6
    endloop
  endfacet
  facet normal 0 0 -1
    outer loop
      vertex 1.27279 -18.7272 -2.6
      vertex 13.5 -21.8 -2.6
      vertex 1.39142 -18.8581 -2.6
    endloop
  endfacet
  facet normal 0 0 -1
    outer loop
      vertex 13.5 21.8 -2.6
      vertex 1.49664 19 -2.6
      vertex 1.58746 19.1515 -2.6
    endloop
  endfacet
  facet normal 0 0 -1
    outer loop
      vertex 1.14191 -18.6086 -2.6
      vertex 13.5 -21.8 -2.6
      vertex 1.27279 -18.7272 -2.6
    endloop
  endfacet
  facet normal 0 0 -1
    outer loop
      vertex 13.5 21.8 -2.6
      vertex 1.39142 18.8581 -2.6
      vertex 1.49664 19 -2.6
    endloop
  endfacet
  facet normal 0 0 -1
    outer loop
      vertex 1.00003 -18.5034 -2.6
      vertex 13.5 -21.8 -2.6
      vertex 1.14191 -18.6086 -2.6
    endloop
  endfacet
  facet normal 0 0 -1
    outer loop
      vertex 13.5 21.8 -2.6
      vertex 1.27279 18.7272 -2.6
      vertex 1.39142 18.8581 -2.6
    endloop
  endfacet
  facet normal 0 0 -1
    outer loop
      vertex 13.5 -21.8 -2.6
      vertex 1.00003 -18.5034 -2.6
      vertex 13.5 21.8 -2.6
    endloop
  endfacet
  facet normal 0 0 -1
    outer loop
      vertex 13.5 21.8 -2.6
      vertex 1.14191 18.6086 -2.6
      vertex 1.27279 18.7272 -2.6
    endloop
  endfacet
  facet normal 0 0 -1
    outer loop
      vertex 1.00003 18.5034 -2.6
      vertex 13.5 21.8 -2.6
      vertex 1.00003 -18.5034 -2.6
    endloop
  endfacet
  facet normal 0 0 -1
    outer loop
      vertex 13.5 21.8 -2.6
      vertex 1.00003 18.5034 -2.6
      vertex 1.14191 18.6086 -2.6
    endloop
  endfacet
  facet normal 0 0 -1
    outer loop
      vertex 0.848514 -18.4125 -2.6
      vertex 1.00003 18.5034 -2.6
      vertex 1.00003 -18.5034 -2.6
    endloop
  endfacet
  facet normal 0 0 -1
    outer loop
      vertex 0.848514 -18.4125 -2.6
      vertex 0.848514 18.4125 -2.6
      vertex 1.00003 18.5034 -2.6
    endloop
  endfacet
  facet normal 0 0 -1
    outer loop
      vertex 0.688829 -18.337 -2.6
      vertex 0.848514 18.4125 -2.6
      vertex 0.848514 -18.4125 -2.6
    endloop
  endfacet
  facet normal 0 0 -1
    outer loop
      vertex 0.688829 -18.337 -2.6
      vertex 0.688829 18.337 -2.6
      vertex 0.848514 18.4125 -2.6
    endloop
  endfacet
  facet normal 0 0 -1
    outer loop
      vertex 0.522511 -18.2775 -2.6
      vertex 0.688829 18.337 -2.6
      vertex 0.688829 -18.337 -2.6
    endloop
  endfacet
  facet normal 0 0 -1
    outer loop
      vertex 0.522511 -18.2775 -2.6
      vertex 0.522511 18.2775 -2.6
      vertex 0.688829 18.337 -2.6
    endloop
  endfacet
  facet normal 0 0 -1
    outer loop
      vertex 0.351162 -18.2346 -2.6
      vertex 0.522511 18.2775 -2.6
      vertex 0.522511 -18.2775 -2.6
    endloop
  endfacet
  facet normal 0 0 -1
    outer loop
      vertex 0.351162 -18.2346 -2.6
      vertex 0.351162 18.2346 -2.6
      vertex 0.522511 18.2775 -2.6
    endloop
  endfacet
  facet normal 0 0 -1
    outer loop
      vertex 0.176431 -18.2087 -2.6
      vertex 0.351162 18.2346 -2.6
      vertex 0.351162 -18.2346 -2.6
    endloop
  endfacet
  facet normal 0 0 -1
    outer loop
      vertex 0.176431 -18.2087 -2.6
      vertex 0.176431 18.2087 -2.6
      vertex 0.351162 18.2346 -2.6
    endloop
  endfacet
  facet normal 0 0 -1
    outer loop
      vertex 0 -18.2 -2.6
      vertex 0.176431 18.2087 -2.6
      vertex 0.176431 -18.2087 -2.6
    endloop
  endfacet
  facet normal 0 0 -1
    outer loop
      vertex 0 -18.2 -2.6
      vertex 0 18.2 -2.6
      vertex 0.176431 18.2087 -2.6
    endloop
  endfacet
  facet normal 0 0 -1
    outer loop
      vertex -0.176431 -18.2087 -2.6
      vertex 0 18.2 -2.6
      vertex 0 -18.2 -2.6
    endloop
  endfacet
  facet normal 0 0 -1
    outer loop
      vertex -0.176431 -18.2087 -2.6
      vertex -0.176431 18.2087 -2.6
      vertex 0 18.2 -2.6
    endloop
  endfacet
  facet normal 0 0 -1
    outer loop
      vertex -0.351162 -18.2346 -2.6
      vertex -0.176431 18.2087 -2.6
      vertex -0.176431 -18.2087 -2.6
    endloop
  endfacet
  facet normal 0 0 -1
    outer loop
      vertex -0.351162 -18.2346 -2.6
      vertex -0.351162 18.2346 -2.6
      vertex -0.176431 18.2087 -2.6
    endloop
  endfacet
  facet normal 0 0 -1
    outer loop
      vertex -0.522511 -18.2775 -2.6
      vertex -0.351162 18.2346 -2.6
      vertex -0.351162 -18.2346 -2.6
    endloop
  endfacet
  facet normal 0 0 -1
    outer loop
      vertex -0.522511 -18.2775 -2.6
      vertex -0.522511 18.2775 -2.6
      vertex -0.351162 18.2346 -2.6
    endloop
  endfacet
  facet normal 0 0 -1
    outer loop
      vertex -0.688829 -18.337 -2.6
      vertex -0.522511 18.2775 -2.6
      vertex -0.522511 -18.2775 -2.6
    endloop
  endfacet
  facet normal 0 0 -1
    outer loop
      vertex -0.688829 -18.337 -2.6
      vertex -0.688829 18.337 -2.6
      vertex -0.522511 18.2775 -2.6
    endloop
  endfacet
  facet normal 0 0 -1
    outer loop
      vertex -0.848514 -18.4125 -2.6
      vertex -0.688829 18.337 -2.6
      vertex -0.688829 -18.337 -2.6
    endloop
  endfacet
  facet normal 0 0 -1
    outer loop
      vertex -0.848514 -18.4125 -2.6
      vertex -0.848514 18.4125 -2.6
      vertex -0.688829 18.337 -2.6
    endloop
  endfacet
  facet normal 0 0 -1
    outer loop
      vertex -1.00003 -18.5034 -2.6
      vertex -0.848514 18.4125 -2.6
      vertex -0.848514 -18.4125 -2.6
    endloop
  endfacet
  facet normal 0 0 -1
    outer loop
      vertex -1.00003 -18.5034 -2.6
      vertex -1.00003 18.5034 -2.6
      vertex -0.848514 18.4125 -2.6
    endloop
  endfacet
  facet normal 0 0 -1
    outer loop
      vertex -13.5 -21.8 -2.6
      vertex -1.00003 -18.5034 -2.6
      vertex -1.14191 -18.6086 -2.6
    endloop
  endfacet
  facet normal -0 0 -1
    outer loop
      vertex -1.00003 -18.5034 -2.6
      vertex -13.5 -21.8 -2.6
      vertex -1.00003 18.5034 -2.6
    endloop
  endfacet
  facet normal 0 0 -1
    outer loop
      vertex -13.5 -21.8 -2.6
      vertex -1.14191 -18.6086 -2.6
      vertex -1.27279 -18.7272 -2.6
    endloop
  endfacet
  facet normal 0 0 -1
    outer loop
      vertex -13.5 21.8 -2.6
      vertex -1.00003 18.5034 -2.6
      vertex -13.5 -21.8 -2.6
    endloop
  endfacet
  facet normal 0 0 -1
    outer loop
      vertex -13.5 -21.8 -2.6
      vertex -1.27279 -18.7272 -2.6
      vertex -1.39142 -18.8581 -2.6
    endloop
  endfacet
  facet normal 0 0 -1
    outer loop
      vertex -1.00003 18.5034 -2.6
      vertex -13.5 21.8 -2.6
      vertex -1.14191 18.6086 -2.6
    endloop
  endfacet
  facet normal 0 0 -1
    outer loop
      vertex -13.5 -21.8 -2.6
      vertex -1.39142 -18.8581 -2.6
      vertex -1.49664 -19 -2.6
    endloop
  endfacet
  facet normal 0 0 -1
    outer loop
      vertex -1.14191 18.6086 -2.6
      vertex -13.5 21.8 -2.6
      vertex -1.27279 18.7272 -2.6
    endloop
  endfacet
  facet normal 0 0 -1
    outer loop
      vertex -13.5 -21.8 -2.6
      vertex -1.49664 -19 -2.6
      vertex -1.58746 -19.1515 -2.6
    endloop
  endfacet
  facet normal 0 0 -1
    outer loop
      vertex -1.27279 18.7272 -2.6
      vertex -13.5 21.8 -2.6
      vertex -1.39142 18.8581 -2.6
    endloop
  endfacet
  facet normal 0 0 -1
    outer loop
      vertex -13.5 -21.8 -2.6
      vertex -1.58746 -19.1515 -2.6
      vertex -1.66298 -19.3112 -2.6
    endloop
  endfacet
  facet normal 0 0 -1
    outer loop
      vertex -1.39142 18.8581 -2.6
      vertex -13.5 21.8 -2.6
      vertex -1.49664 19 -2.6
    endloop
  endfacet
  facet normal 0 0 -1
    outer loop
      vertex -13.5 -21.8 -2.6
      vertex -1.66298 -19.3112 -2.6
      vertex -1.72249 -19.4775 -2.6
    endloop
  endfacet
  facet normal 0 0 -1
    outer loop
      vertex -1.49664 19 -2.6
      vertex -13.5 21.8 -2.6
      vertex -1.58746 19.1515 -2.6
    endloop
  endfacet
  facet normal 0 0 -1
    outer loop
      vertex -13.5 -21.8 -2.6
      vertex -1.72249 -19.4775 -2.6
      vertex -1.76541 -19.6488 -2.6
    endloop
  endfacet
  facet normal 0 0 -1
    outer loop
      vertex -1.58746 19.1515 -2.6
      vertex -13.5 21.8 -2.6
      vertex -1.66298 19.3112 -2.6
    endloop
  endfacet
  facet normal 0 0 -1
    outer loop
      vertex -11.9 -23.4 -2.6
      vertex -1.76541 -19.6488 -2.6
      vertex -1.79133 -19.8236 -2.6
    endloop
  endfacet
  facet normal 0 0 -1
    outer loop
      vertex -1.66298 19.3112 -2.6
      vertex -13.5 21.8 -2.6
      vertex -1.72249 19.4775 -2.6
    endloop
  endfacet
  facet normal 0 0 -1
    outer loop
      vertex -11.9 -23.4 -2.6
      vertex -1.79133 -19.8236 -2.6
      vertex -1.8 -20 -2.6
    endloop
  endfacet
  facet normal 0 0 -1
    outer loop
      vertex -1.72249 19.4775 -2.6
      vertex -13.5 21.8 -2.6
      vertex -1.76541 19.6488 -2.6
    endloop
  endfacet
  facet normal 0 0 -1
    outer loop
      vertex 11.9 -23.4 -2.6
      vertex 13.5 -21.8 -2.6
      vertex 13.4923 -21.9568 -2.6
    endloop
  endfacet
  facet normal 0 0 -1
    outer loop
      vertex 1.76541 -19.6488 -2.6
      vertex 11.9 -23.4 -2.6
      vertex 1.79133 -19.8236 -2.6
    endloop
  endfacet
  facet normal 0 0 -1
    outer loop
      vertex 11.9 -23.4 -2.6
      vertex 13.4923 -21.9568 -2.6
      vertex 13.4693 -22.1121 -2.6
    endloop
  endfacet
  facet normal 0 0 -1
    outer loop
      vertex 11.9 -23.4 -2.6
      vertex 1.76541 -19.6488 -2.6
      vertex 13.5 -21.8 -2.6
    endloop
  endfacet
  facet normal 0 0 -1
    outer loop
      vertex 11.9 -23.4 -2.6
      vertex 13.4693 -22.1121 -2.6
      vertex 13.4311 -22.2645 -2.6
    endloop
  endfacet
  facet normal 0 -0 -1
    outer loop
      vertex 11.9 23.4 -2.6
      vertex 13.5 21.8 -2.6
      vertex 1.8 20 -2.6
    endloop
  endfacet
  facet normal 0 0 -1
    outer loop
      vertex 11.9 -23.4 -2.6
      vertex 13.4311 -22.2645 -2.6
      vertex 13.3782 -22.4123 -2.6
    endloop
  endfacet
  facet normal 0 0 -1
    outer loop
      vertex 13.5 21.8 -2.6
      vertex 11.9 23.4 -2.6
      vertex 13.4923 21.9568 -2.6
    endloop
  endfacet
  facet normal 0 0 -1
    outer loop
      vertex 11.9 -23.4 -2.6
      vertex 13.3782 -22.4123 -2.6
      vertex 13.3111 -22.5542 -2.6
    endloop
  endfacet
  facet normal 0 0 -1
    outer loop
      vertex 13.4923 21.9568 -2.6
      vertex 11.9 23.4 -2.6
      vertex 13.4693 22.1121 -2.6
    endloop
  endfacet
  facet normal 0 0 -1
    outer loop
      vertex 11.9 -23.4 -2.6
      vertex 13.3111 -22.5542 -2.6
      vertex 13.2303 -22.6889 -2.6
    endloop
  endfacet
  facet normal 0 0 -1
    outer loop
      vertex 13.4693 22.1121 -2.6
      vertex 11.9 23.4 -2.6
      vertex 13.4311 22.2645 -2.6
    endloop
  endfacet
  facet normal 0 0 -1
    outer loop
      vertex 11.9 -23.4 -2.6
      vertex 13.2303 -22.6889 -2.6
      vertex 13.1368 -22.815 -2.6
    endloop
  endfacet
  facet normal 0 0 -1
    outer loop
      vertex 13.4311 22.2645 -2.6
      vertex 11.9 23.4 -2.6
      vertex 13.3782 22.4123 -2.6
    endloop
  endfacet
  facet normal 0 0 -1
    outer loop
      vertex 11.9 -23.4 -2.6
      vertex 13.1368 -22.815 -2.6
      vertex 13.0314 -22.9314 -2.6
    endloop
  endfacet
  facet normal 0 0 -1
    outer loop
      vertex 13.3782 22.4123 -2.6
      vertex 11.9 23.4 -2.6
      vertex 13.3111 22.5542 -2.6
    endloop
  endfacet
  facet normal 0 0 -1
    outer loop
      vertex 11.9 -23.4 -2.6
      vertex 13.0314 -22.9314 -2.6
      vertex 12.915 -23.0368 -2.6
    endloop
  endfacet
  facet normal 0 0 -1
    outer loop
      vertex 13.3111 22.5542 -2.6
      vertex 11.9 23.4 -2.6
      vertex 13.2303 22.6889 -2.6
    endloop
  endfacet
  facet normal 0 0 -1
    outer loop
      vertex 11.9 -23.4 -2.6
      vertex 12.915 -23.0368 -2.6
      vertex 12.7889 -23.1303 -2.6
    endloop
  endfacet
  facet normal 0 0 -1
    outer loop
      vertex 13.2303 22.6889 -2.6
      vertex 11.9 23.4 -2.6
      vertex 13.1368 22.815 -2.6
    endloop
  endfacet
  facet normal 0 0 -1
    outer loop
      vertex 11.9 -23.4 -2.6
      vertex 12.7889 -23.1303 -2.6
      vertex 12.6542 -23.2111 -2.6
    endloop
  endfacet
  facet normal 0 0 -1
    outer loop
      vertex 13.1368 22.815 -2.6
      vertex 11.9 23.4 -2.6
      vertex 13.0314 22.9314 -2.6
    endloop
  endfacet
  facet normal 0 0 -1
    outer loop
      vertex 11.9 -23.4 -2.6
      vertex 12.6542 -23.2111 -2.6
      vertex 12.5123 -23.2782 -2.6
    endloop
  endfacet
  facet normal 0 0 -1
    outer loop
      vertex 13.0314 22.9314 -2.6
      vertex 11.9 23.4 -2.6
      vertex 12.915 23.0368 -2.6
    endloop
  endfacet
  facet normal 0 0 -1
    outer loop
      vertex 11.9 -23.4 -2.6
      vertex 12.5123 -23.2782 -2.6
      vertex 12.3645 -23.3311 -2.6
    endloop
  endfacet
  facet normal 0 0 -1
    outer loop
      vertex 12.915 23.0368 -2.6
      vertex 11.9 23.4 -2.6
      vertex 12.7889 23.1303 -2.6
    endloop
  endfacet
  facet normal 0 0 -1
    outer loop
      vertex 11.9 -23.4 -2.6
      vertex 12.3645 -23.3311 -2.6
      vertex 12.2121 -23.3692 -2.6
    endloop
  endfacet
  facet normal 0 0 -1
    outer loop
      vertex 12.7889 23.1303 -2.6
      vertex 11.9 23.4 -2.6
      vertex 12.6542 23.2111 -2.6
    endloop
  endfacet
  facet normal 0 0 -1
    outer loop
      vertex 11.9 -23.4 -2.6
      vertex 12.2121 -23.3692 -2.6
      vertex 12.0568 -23.3923 -2.6
    endloop
  endfacet
  facet normal 0 0 -1
    outer loop
      vertex 12.6542 23.2111 -2.6
      vertex 11.9 23.4 -2.6
      vertex 12.5123 23.2782 -2.6
    endloop
  endfacet
  facet normal 0 0 -1
    outer loop
      vertex 1.79133 -19.8236 -2.6
      vertex 11.9 -23.4 -2.6
      vertex 1.8 -20 -2.6
    endloop
  endfacet
  facet normal 0 0 -1
    outer loop
      vertex 12.5123 23.2782 -2.6
      vertex 11.9 23.4 -2.6
      vertex 12.3645 23.3311 -2.6
    endloop
  endfacet
  facet normal 0 0 -1
    outer loop
      vertex 12.3645 23.3311 -2.6
      vertex 11.9 23.4 -2.6
      vertex 12.2121 23.3692 -2.6
    endloop
  endfacet
  facet normal 0 0 -1
    outer loop
      vertex 11.9 -23.4 -2.6
      vertex 1.79133 -20.1764 -2.6
      vertex 1.8 -20 -2.6
    endloop
  endfacet
  facet normal 0 0 -1
    outer loop
      vertex 11.9 -23.4 -2.6
      vertex 1.76541 -20.3512 -2.6
      vertex 1.79133 -20.1764 -2.6
    endloop
  endfacet
  facet normal 0 0 -1
    outer loop
      vertex 11.9 -23.4 -2.6
      vertex 1.72249 -20.5225 -2.6
      vertex 1.76541 -20.3512 -2.6
    endloop
  endfacet
  facet normal 0 0 -1
    outer loop
      vertex 11.9 -23.4 -2.6
      vertex 1.66298 -20.6888 -2.6
      vertex 1.72249 -20.5225 -2.6
    endloop
  endfacet
  facet normal 0 0 -1
    outer loop
      vertex 11.9 -23.4 -2.6
      vertex 1.58746 -20.8485 -2.6
      vertex 1.66298 -20.6888 -2.6
    endloop
  endfacet
  facet normal 0 0 -1
    outer loop
      vertex 11.9 -23.4 -2.6
      vertex 1.49664 -21 -2.6
      vertex 1.58746 -20.8485 -2.6
    endloop
  endfacet
  facet normal 0 0 -1
    outer loop
      vertex 11.9 -23.4 -2.6
      vertex 1.39142 -21.1419 -2.6
      vertex 1.49664 -21 -2.6
    endloop
  endfacet
  facet normal 0 0 -1
    outer loop
      vertex 11.9 -23.4 -2.6
      vertex 1.27279 -21.2728 -2.6
      vertex 1.39142 -21.1419 -2.6
    endloop
  endfacet
  facet normal 0 0 -1
    outer loop
      vertex 11.9 -23.4 -2.6
      vertex 1.14191 -21.3914 -2.6
      vertex 1.27279 -21.2728 -2.6
    endloop
  endfacet
  facet normal 0 0 -1
    outer loop
      vertex 11.9 -23.4 -2.6
      vertex 1.00003 -21.4966 -2.6
      vertex 1.14191 -21.3914 -2.6
    endloop
  endfacet
  facet normal 0 0 -1
    outer loop
      vertex 11.9 -23.4 -2.6
      vertex 0.848514 -21.5875 -2.6
      vertex 1.00003 -21.4966 -2.6
    endloop
  endfacet
  facet normal 0 0 -1
    outer loop
      vertex 11.9 -23.4 -2.6
      vertex 0.688829 -21.663 -2.6
      vertex 0.848514 -21.5875 -2.6
    endloop
  endfacet
  facet normal 0 0 -1
    outer loop
      vertex 11.9 -23.4 -2.6
      vertex 0.522511 -21.7225 -2.6
      vertex 0.688829 -21.663 -2.6
    endloop
  endfacet
  facet normal 0 0 -1
    outer loop
      vertex 11.9 -23.4 -2.6
      vertex 0.351162 -21.7654 -2.6
      vertex 0.522511 -21.7225 -2.6
    endloop
  endfacet
  facet normal 0 0 -1
    outer loop
      vertex 11.9 -23.4 -2.6
      vertex 0.176431 -21.7913 -2.6
      vertex 0.351162 -21.7654 -2.6
    endloop
  endfacet
  facet normal 0 0 -1
    outer loop
      vertex 11.9 -23.4 -2.6
      vertex 0 -21.8 -2.6
      vertex 0.176431 -21.7913 -2.6
    endloop
  endfacet
  facet normal 0 0 -1
    outer loop
      vertex -11.9 -23.4 -2.6
      vertex 0 -21.8 -2.6
      vertex 11.9 -23.4 -2.6
    endloop
  endfacet
  facet normal 0 0 -1
    outer loop
      vertex -1.76541 -19.6488 -2.6
      vertex -11.9 -23.4 -2.6
      vertex -13.5 -21.8 -2.6
    endloop
  endfacet
  facet normal -0 0 -1
    outer loop
      vertex -1.79133 -20.1764 -2.6
      vertex -11.9 -23.4 -2.6
      vertex -1.8 -20 -2.6
    endloop
  endfacet
  facet normal -0 0 -1
    outer loop
      vertex -1.76541 -20.3512 -2.6
      vertex -11.9 -23.4 -2.6
      vertex -1.79133 -20.1764 -2.6
    endloop
  endfacet
  facet normal -0 0 -1
    outer loop
      vertex -1.72249 -20.5225 -2.6
      vertex -11.9 -23.4 -2.6
      vertex -1.76541 -20.3512 -2.6
    endloop
  endfacet
  facet normal -0 0 -1
    outer loop
      vertex -1.66298 -20.6888 -2.6
      vertex -11.9 -23.4 -2.6
      vertex -1.72249 -20.5225 -2.6
    endloop
  endfacet
  facet normal -0 0 -1
    outer loop
      vertex -1.58746 -20.8485 -2.6
      vertex -11.9 -23.4 -2.6
      vertex -1.66298 -20.6888 -2.6
    endloop
  endfacet
  facet normal -0 0 -1
    outer loop
      vertex -1.49664 -21 -2.6
      vertex -11.9 -23.4 -2.6
      vertex -1.58746 -20.8485 -2.6
    endloop
  endfacet
  facet normal -0 0 -1
    outer loop
      vertex -1.39142 -21.1419 -2.6
      vertex -11.9 -23.4 -2.6
      vertex -1.49664 -21 -2.6
    endloop
  endfacet
  facet normal -0 0 -1
    outer loop
      vertex -1.27279 -21.2728 -2.6
      vertex -11.9 -23.4 -2.6
      vertex -1.39142 -21.1419 -2.6
    endloop
  endfacet
  facet normal -0 0 -1
    outer loop
      vertex -1.14191 -21.3914 -2.6
      vertex -11.9 -23.4 -2.6
      vertex -1.27279 -21.2728 -2.6
    endloop
  endfacet
  facet normal -0 0 -1
    outer loop
      vertex -1.00003 -21.4966 -2.6
      vertex -11.9 -23.4 -2.6
      vertex -1.14191 -21.3914 -2.6
    endloop
  endfacet
  facet normal -0 0 -1
    outer loop
      vertex -0.848514 -21.5875 -2.6
      vertex -11.9 -23.4 -2.6
      vertex -1.00003 -21.4966 -2.6
    endloop
  endfacet
  facet normal -0 0 -1
    outer loop
      vertex -0.688829 -21.663 -2.6
      vertex -11.9 -23.4 -2.6
      vertex -0.848514 -21.5875 -2.6
    endloop
  endfacet
  facet normal -0 0 -1
    outer loop
      vertex -0.522511 -21.7225 -2.6
      vertex -11.9 -23.4 -2.6
      vertex -0.688829 -21.663 -2.6
    endloop
  endfacet
  facet normal -0 0 -1
    outer loop
      vertex -0.351162 -21.7654 -2.6
      vertex -11.9 -23.4 -2.6
      vertex -0.522511 -21.7225 -2.6
    endloop
  endfacet
  facet normal -0 0 -1
    outer loop
      vertex -0.176431 -21.7913 -2.6
      vertex -11.9 -23.4 -2.6
      vertex -0.351162 -21.7654 -2.6
    endloop
  endfacet
  facet normal -0 0 -1
    outer loop
      vertex 0 -21.8 -2.6
      vertex -11.9 -23.4 -2.6
      vertex -0.176431 -21.7913 -2.6
    endloop
  endfacet
  facet normal 0 0 -1
    outer loop
      vertex 12.2121 23.3692 -2.6
      vertex 11.9 23.4 -2.6
      vertex 12.0568 23.3923 -2.6
    endloop
  endfacet
  facet normal 0 0 -1
    outer loop
      vertex 1.79133 20.1764 -2.6
      vertex 11.9 23.4 -2.6
      vertex 1.8 20 -2.6
    endloop
  endfacet
  facet normal 0 0 -1
    outer loop
      vertex 1.76541 20.3512 -2.6
      vertex 11.9 23.4 -2.6
      vertex 1.79133 20.1764 -2.6
    endloop
  endfacet
  facet normal 0 0 -1
    outer loop
      vertex 1.72249 20.5225 -2.6
      vertex 11.9 23.4 -2.6
      vertex 1.76541 20.3512 -2.6
    endloop
  endfacet
  facet normal 0 0 -1
    outer loop
      vertex 1.66298 20.6888 -2.6
      vertex 11.9 23.4 -2.6
      vertex 1.72249 20.5225 -2.6
    endloop
  endfacet
  facet normal 0 0 -1
    outer loop
      vertex 1.58746 20.8485 -2.6
      vertex 11.9 23.4 -2.6
      vertex 1.66298 20.6888 -2.6
    endloop
  endfacet
  facet normal 0 0 -1
    outer loop
      vertex 1.49664 21 -2.6
      vertex 11.9 23.4 -2.6
      vertex 1.58746 20.8485 -2.6
    endloop
  endfacet
  facet normal 0 0 -1
    outer loop
      vertex 1.39142 21.1419 -2.6
      vertex 11.9 23.4 -2.6
      vertex 1.49664 21 -2.6
    endloop
  endfacet
  facet normal 0 0 -1
    outer loop
      vertex 1.27279 21.2728 -2.6
      vertex 11.9 23.4 -2.6
      vertex 1.39142 21.1419 -2.6
    endloop
  endfacet
  facet normal 0 0 -1
    outer loop
      vertex 1.14191 21.3914 -2.6
      vertex 11.9 23.4 -2.6
      vertex 1.27279 21.2728 -2.6
    endloop
  endfacet
  facet normal 0 0 -1
    outer loop
      vertex 1.00003 21.4966 -2.6
      vertex 11.9 23.4 -2.6
      vertex 1.14191 21.3914 -2.6
    endloop
  endfacet
  facet normal 0 0 -1
    outer loop
      vertex 0.848514 21.5875 -2.6
      vertex 11.9 23.4 -2.6
      vertex 1.00003 21.4966 -2.6
    endloop
  endfacet
  facet normal 0 0 -1
    outer loop
      vertex 0.688829 21.663 -2.6
      vertex 11.9 23.4 -2.6
      vertex 0.848514 21.5875 -2.6
    endloop
  endfacet
  facet normal 0 0 -1
    outer loop
      vertex 0.522511 21.7225 -2.6
      vertex 11.9 23.4 -2.6
      vertex 0.688829 21.663 -2.6
    endloop
  endfacet
  facet normal 0 0 -1
    outer loop
      vertex 0.351162 21.7654 -2.6
      vertex 11.9 23.4 -2.6
      vertex 0.522511 21.7225 -2.6
    endloop
  endfacet
  facet normal 0 0 -1
    outer loop
      vertex 0.176431 21.7913 -2.6
      vertex 11.9 23.4 -2.6
      vertex 0.351162 21.7654 -2.6
    endloop
  endfacet
  facet normal 0 0 -1
    outer loop
      vertex 0 21.8 -2.6
      vertex 11.9 23.4 -2.6
      vertex 0.176431 21.7913 -2.6
    endloop
  endfacet
  facet normal 0 0 -1
    outer loop
      vertex -11.9 23.4 -2.6
      vertex 0 21.8 -2.6
      vertex -0.176431 21.7913 -2.6
    endloop
  endfacet
  facet normal 0 -0 -1
    outer loop
      vertex -11.9 23.4 -2.6
      vertex -1.76541 19.6488 -2.6
      vertex -13.5 21.8 -2.6
    endloop
  endfacet
  facet normal 0 0 -1
    outer loop
      vertex -1.76541 19.6488 -2.6
      vertex -11.9 23.4 -2.6
      vertex -1.79133 19.8236 -2.6
    endloop
  endfacet
  facet normal 0 0 -1
    outer loop
      vertex 0 21.8 -2.6
      vertex -11.9 23.4 -2.6
      vertex 11.9 23.4 -2.6
    endloop
  endfacet
  facet normal 0 0 -1
    outer loop
      vertex -0.351162 21.7654 -2.6
      vertex -11.9 23.4 -2.6
      vertex -0.176431 21.7913 -2.6
    endloop
  endfacet
  facet normal 0 0 -1
    outer loop
      vertex -0.522511 21.7225 -2.6
      vertex -11.9 23.4 -2.6
      vertex -0.351162 21.7654 -2.6
    endloop
  endfacet
  facet normal 0 0 -1
    outer loop
      vertex -0.688829 21.663 -2.6
      vertex -11.9 23.4 -2.6
      vertex -0.522511 21.7225 -2.6
    endloop
  endfacet
  facet normal 0 0 -1
    outer loop
      vertex -0.848514 21.5875 -2.6
      vertex -11.9 23.4 -2.6
      vertex -0.688829 21.663 -2.6
    endloop
  endfacet
  facet normal 0 0 -1
    outer loop
      vertex -1.00003 21.4966 -2.6
      vertex -11.9 23.4 -2.6
      vertex -0.848514 21.5875 -2.6
    endloop
  endfacet
  facet normal 0 0 -1
    outer loop
      vertex -1.14191 21.3914 -2.6
      vertex -11.9 23.4 -2.6
      vertex -1.00003 21.4966 -2.6
    endloop
  endfacet
  facet normal 0 0 -1
    outer loop
      vertex -1.27279 21.2728 -2.6
      vertex -11.9 23.4 -2.6
      vertex -1.14191 21.3914 -2.6
    endloop
  endfacet
  facet normal 0 0 -1
    outer loop
      vertex -1.39142 21.1419 -2.6
      vertex -11.9 23.4 -2.6
      vertex -1.27279 21.2728 -2.6
    endloop
  endfacet
  facet normal 0 0 -1
    outer loop
      vertex -1.49664 21 -2.6
      vertex -11.9 23.4 -2.6
      vertex -1.39142 21.1419 -2.6
    endloop
  endfacet
  facet normal 0 0 -1
    outer loop
      vertex -1.58746 20.8485 -2.6
      vertex -11.9 23.4 -2.6
      vertex -1.49664 21 -2.6
    endloop
  endfacet
  facet normal 0 0 -1
    outer loop
      vertex -1.66298 20.6888 -2.6
      vertex -11.9 23.4 -2.6
      vertex -1.58746 20.8485 -2.6
    endloop
  endfacet
  facet normal 0 0 -1
    outer loop
      vertex -1.72249 20.5225 -2.6
      vertex -11.9 23.4 -2.6
      vertex -1.66298 20.6888 -2.6
    endloop
  endfacet
  facet normal 0 0 -1
    outer loop
      vertex -1.76541 20.3512 -2.6
      vertex -11.9 23.4 -2.6
      vertex -1.72249 20.5225 -2.6
    endloop
  endfacet
  facet normal 0 0 -1
    outer loop
      vertex -1.79133 19.8236 -2.6
      vertex -11.9 23.4 -2.6
      vertex -1.8 20 -2.6
    endloop
  endfacet
  facet normal 0 0 -1
    outer loop
      vertex -13.5 -21.8 -2.6
      vertex -11.9 -23.4 -2.6
      vertex -12.0568 -23.3923 -2.6
    endloop
  endfacet
  facet normal 0 0 -1
    outer loop
      vertex -1.8 20 -2.6
      vertex -11.9 23.4 -2.6
      vertex -1.79133 20.1764 -2.6
    endloop
  endfacet
  facet normal 0 0 -1
    outer loop
      vertex -13.5 -21.8 -2.6
      vertex -12.0568 -23.3923 -2.6
      vertex -12.2121 -23.3692 -2.6
    endloop
  endfacet
  facet normal 0 0 -1
    outer loop
      vertex -1.79133 20.1764 -2.6
      vertex -11.9 23.4 -2.6
      vertex -1.76541 20.3512 -2.6
    endloop
  endfacet
  facet normal 0 0 -1
    outer loop
      vertex -13.5 -21.8 -2.6
      vertex -12.2121 -23.3692 -2.6
      vertex -12.3645 -23.3311 -2.6
    endloop
  endfacet
  facet normal 0 0 -1
    outer loop
      vertex -11.9 23.4 -2.6
      vertex -13.5 21.8 -2.6
      vertex -12.0568 23.3923 -2.6
    endloop
  endfacet
  facet normal 0 0 -1
    outer loop
      vertex -13.5 -21.8 -2.6
      vertex -12.3645 -23.3311 -2.6
      vertex -12.5123 -23.2782 -2.6
    endloop
  endfacet
  facet normal 0 0 -1
    outer loop
      vertex -12.0568 23.3923 -2.6
      vertex -13.5 21.8 -2.6
      vertex -12.2121 23.3692 -2.6
    endloop
  endfacet
  facet normal 0 0 -1
    outer loop
      vertex -13.5 -21.8 -2.6
      vertex -12.5123 -23.2782 -2.6
      vertex -12.6542 -23.2111 -2.6
    endloop
  endfacet
  facet normal 0 0 -1
    outer loop
      vertex -12.2121 23.3692 -2.6
      vertex -13.5 21.8 -2.6
      vertex -12.3645 23.3311 -2.6
    endloop
  endfacet
  facet normal 0 0 -1
    outer loop
      vertex -13.5 -21.8 -2.6
      vertex -12.6542 -23.2111 -2.6
      vertex -12.7889 -23.1303 -2.6
    endloop
  endfacet
  facet normal 0 0 -1
    outer loop
      vertex -12.3645 23.3311 -2.6
      vertex -13.5 21.8 -2.6
      vertex -12.5123 23.2782 -2.6
    endloop
  endfacet
  facet normal 0 0 -1
    outer loop
      vertex -13.5 -21.8 -2.6
      vertex -12.7889 -23.1303 -2.6
      vertex -12.915 -23.0368 -2.6
    endloop
  endfacet
  facet normal 0 0 -1
    outer loop
      vertex -12.5123 23.2782 -2.6
      vertex -13.5 21.8 -2.6
      vertex -12.6542 23.2111 -2.6
    endloop
  endfacet
  facet normal 0 0 -1
    outer loop
      vertex -13.5 -21.8 -2.6
      vertex -12.915 -23.0368 -2.6
      vertex -13.0314 -22.9314 -2.6
    endloop
  endfacet
  facet normal 0 0 -1
    outer loop
      vertex -12.6542 23.2111 -2.6
      vertex -13.5 21.8 -2.6
      vertex -12.7889 23.1303 -2.6
    endloop
  endfacet
  facet normal 0 0 -1
    outer loop
      vertex -13.5 -21.8 -2.6
      vertex -13.0314 -22.9314 -2.6
      vertex -13.1368 -22.815 -2.6
    endloop
  endfacet
  facet normal 0 0 -1
    outer loop
      vertex -12.7889 23.1303 -2.6
      vertex -13.5 21.8 -2.6
      vertex -12.915 23.0368 -2.6
    endloop
  endfacet
  facet normal 0 0 -1
    outer loop
      vertex -13.5 -21.8 -2.6
      vertex -13.1368 -22.815 -2.6
      vertex -13.2303 -22.6889 -2.6
    endloop
  endfacet
  facet normal 0 0 -1
    outer loop
      vertex -12.915 23.0368 -2.6
      vertex -13.5 21.8 -2.6
      vertex -13.0314 22.9314 -2.6
    endloop
  endfacet
  facet normal 0 0 -1
    outer loop
      vertex -13.5 -21.8 -2.6
      vertex -13.2303 -22.6889 -2.6
      vertex -13.3111 -22.5542 -2.6
    endloop
  endfacet
  facet normal 0 0 -1
    outer loop
      vertex -13.0314 22.9314 -2.6
      vertex -13.5 21.8 -2.6
      vertex -13.1368 22.815 -2.6
    endloop
  endfacet
  facet normal 0 0 -1
    outer loop
      vertex -13.5 -21.8 -2.6
      vertex -13.3111 -22.5542 -2.6
      vertex -13.3782 -22.4123 -2.6
    endloop
  endfacet
  facet normal 0 0 -1
    outer loop
      vertex -13.1368 22.815 -2.6
      vertex -13.5 21.8 -2.6
      vertex -13.2303 22.6889 -2.6
    endloop
  endfacet
  facet normal 0 0 -1
    outer loop
      vertex -13.5 -21.8 -2.6
      vertex -13.3782 -22.4123 -2.6
      vertex -13.4311 -22.2645 -2.6
    endloop
  endfacet
  facet normal 0 0 -1
    outer loop
      vertex -13.2303 22.6889 -2.6
      vertex -13.5 21.8 -2.6
      vertex -13.3111 22.5542 -2.6
    endloop
  endfacet
  facet normal 0 0 -1
    outer loop
      vertex -13.5 -21.8 -2.6
      vertex -13.4311 -22.2645 -2.6
      vertex -13.4693 -22.1121 -2.6
    endloop
  endfacet
  facet normal 0 0 -1
    outer loop
      vertex -13.3111 22.5542 -2.6
      vertex -13.5 21.8 -2.6
      vertex -13.3782 22.4123 -2.6
    endloop
  endfacet
  facet normal 0 0 -1
    outer loop
      vertex -13.5 -21.8 -2.6
      vertex -13.4693 -22.1121 -2.6
      vertex -13.4923 -21.9568 -2.6
    endloop
  endfacet
  facet normal 0 0 -1
    outer loop
      vertex -13.3782 22.4123 -2.6
      vertex -13.5 21.8 -2.6
      vertex -13.4311 22.2645 -2.6
    endloop
  endfacet
  facet normal 0 0 -1
    outer loop
      vertex -13.4311 22.2645 -2.6
      vertex -13.5 21.8 -2.6
      vertex -13.4693 22.1121 -2.6
    endloop
  endfacet
  facet normal 0 0 -1
    outer loop
      vertex -13.4693 22.1121 -2.6
      vertex -13.5 21.8 -2.6
      vertex -13.4923 21.9568 -2.6
    endloop
  endfacet
endsolid OpenSCAD_Model
