solid OpenSCAD_Model
  facet normal 0.995183 0.0980314 0
    outer loop
      vertex 39.9144 2.61613 -18.7938
      vertex 39.6578 5.22105 -50
      vertex 39.6578 5.22105 -18.7376
    endloop
  endfacet
  facet normal 0.995183 0.0980314 0
    outer loop
      vertex 39.6578 5.22105 -50
      vertex 39.9144 2.61613 -18.7938
      vertex 39.9144 2.61613 -50
    endloop
  endfacet
  facet normal 0.995183 0.0980314 -0
    outer loop
      vertex 39.9144 2.61613 18.7938
      vertex 39.6578 5.22105 50
      vertex 39.9144 2.61613 50
    endloop
  endfacet
  facet normal 0.995183 0.0980314 0
    outer loop
      vertex 39.6578 5.22105 50
      vertex 39.9144 2.61613 18.7938
      vertex 39.6578 5.22105 18.7376
    endloop
  endfacet
  facet normal 0.995183 0.0980314 0
    outer loop
      vertex 39.9144 2.61613 10.2023
      vertex 39.6578 5.22105 -10.1719
      vertex 39.6578 5.22105 10.1719
    endloop
  endfacet
  facet normal 0.995183 0.0980314 0
    outer loop
      vertex 39.6578 5.22105 -10.1719
      vertex 39.9144 2.61613 10.2023
      vertex 39.9144 2.61613 -10.2023
    endloop
  endfacet
  facet normal 0.999466 0.0326624 0.000543973
    outer loop
      vertex 39.9661 1.03528 -18.8637
      vertex 39.9144 2.61613 -18.7938
      vertex 39.9596 1.23318 -18.8037
    endloop
  endfacet
  facet normal 0.999467 0.0326285 0.00131138
    outer loop
      vertex 39.9745 0.780361 -18.9231
      vertex 39.9144 2.61613 -18.7938
      vertex 39.9661 1.03528 -18.8637
    endloop
  endfacet
  facet normal 0.999457 0.0328782 -0.00223874
    outer loop
      vertex 39.9829 0.522104 -18.9658
      vertex 39.9144 2.61613 -18.7938
      vertex 39.9745 0.780361 -18.9231
    endloop
  endfacet
  facet normal 0.999465 0.0326946 0
    outer loop
      vertex 39.9144 2.61613 -18.7938
      vertex 39.9829 0.522104 -18.9658
      vertex 39.9144 2.61613 -50
    endloop
  endfacet
  facet normal 0.999468 0.0326137 -5.46309e-06
    outer loop
      vertex 39.9914 0.261612 -18.9914
      vertex 39.9144 2.61613 -50
      vertex 39.9829 0.522104 -18.9658
    endloop
  endfacet
  facet normal 0.99946 0.0328554 -0
    outer loop
      vertex 40 0 -50
      vertex 39.9914 0.261612 -18.9914
      vertex 40 0 -19
    endloop
  endfacet
  facet normal 0.999465 0.0327026 1.29033e-06
    outer loop
      vertex 39.9914 0.261612 -18.9914
      vertex 40 0 -50
      vertex 39.9144 2.61613 -50
    endloop
  endfacet
  facet normal 0.999465 0.0327026 0
    outer loop
      vertex 40 0 50
      vertex 39.9144 2.61613 18.7938
      vertex 39.9144 2.61613 50
    endloop
  endfacet
  facet normal 0.999465 0.0327026 0
    outer loop
      vertex 39.9144 2.61613 18.7938
      vertex 40 0 50
      vertex 40 0 18.8125
    endloop
  endfacet
  facet normal 0.999465 0.0327026 0
    outer loop
      vertex 40 0 10.2125
      vertex 39.9144 2.61613 -10.2023
      vertex 39.9144 2.61613 10.2023
    endloop
  endfacet
  facet normal 0.999465 0.0327026 0
    outer loop
      vertex 39.9144 2.61613 -10.2023
      vertex 40 0 10.2125
      vertex 40 0 -10.2125
    endloop
  endfacet
  facet normal 0.986642 0.162902 0
    outer loop
      vertex 39.6578 5.22105 -18.7376
      vertex 39.2314 7.80361 -50
      vertex 39.2314 7.80361 -18.6444
    endloop
  endfacet
  facet normal 0.986642 0.162902 0
    outer loop
      vertex 39.2314 7.80361 -50
      vertex 39.6578 5.22105 -18.7376
      vertex 39.6578 5.22105 -50
    endloop
  endfacet
  facet normal 0.986642 0.162902 -0
    outer loop
      vertex 39.6578 5.22105 18.7376
      vertex 39.2314 7.80361 50
      vertex 39.6578 5.22105 50
    endloop
  endfacet
  facet normal 0.986642 0.162902 0
    outer loop
      vertex 39.2314 7.80361 50
      vertex 39.6578 5.22105 18.7376
      vertex 39.2314 7.80361 18.6444
    endloop
  endfacet
  facet normal 0.986642 0.162902 0
    outer loop
      vertex 39.6578 5.22105 10.1719
      vertex 39.2314 7.80361 -10.1212
      vertex 39.2314 7.80361 10.1212
    endloop
  endfacet
  facet normal 0.986642 0.162902 0
    outer loop
      vertex 39.2314 7.80361 -10.1212
      vertex 39.6578 5.22105 10.1719
      vertex 39.6578 5.22105 -10.1719
    endloop
  endfacet
  facet normal -0.935906 -0.352249 0
    outer loop
      vertex -36.9552 -15.3073 -50
      vertex -37.8772 -12.8576 50
      vertex -37.8772 -12.8576 -50
    endloop
  endfacet
  facet normal -0.935906 -0.352249 0
    outer loop
      vertex -37.8772 -12.8576 50
      vertex -36.9552 -15.3073 -50
      vertex -36.9552 -15.3073 50
    endloop
  endfacet
  facet normal 0.956943 -0.290277 0
    outer loop
      vertex 37.8772 -12.8576 -50
      vertex 38.637 -10.3528 -18.5144
      vertex 37.8772 -12.8576 -18.3481
    endloop
  endfacet
  facet normal 0.956943 -0.290277 0
    outer loop
      vertex 38.637 -10.3528 -18.5144
      vertex 37.8772 -12.8576 -50
      vertex 38.637 -10.3528 -50
    endloop
  endfacet
  facet normal 0.956943 -0.290277 0
    outer loop
      vertex 37.8772 -12.8576 50
      vertex 38.637 -10.3528 18.5144
      vertex 38.637 -10.3528 50
    endloop
  endfacet
  facet normal 0.956943 -0.290277 0
    outer loop
      vertex 38.637 -10.3528 18.5144
      vertex 37.8772 -12.8576 50
      vertex 37.8772 -12.8576 18.3481
    endloop
  endfacet
  facet normal 0.956943 -0.290277 0
    outer loop
      vertex 37.8772 -12.8576 9.96042
      vertex 38.637 -10.3528 -10.0506
      vertex 38.637 -10.3528 10.0506
    endloop
  endfacet
  facet normal 0.956943 -0.290277 0
    outer loop
      vertex 38.637 -10.3528 -10.0506
      vertex 37.8772 -12.8576 9.96042
      vertex 37.8772 -12.8576 -9.96042
    endloop
  endfacet
  facet normal -0.528061 -0.849207 0
    outer loop
      vertex -22.2228 -33.2588 -50
      vertex -20 -34.641 50
      vertex -22.2228 -33.2588 50
    endloop
  endfacet
  facet normal -0.528061 -0.849207 -0
    outer loop
      vertex -20 -34.641 50
      vertex -22.2228 -33.2588 -50
      vertex -20 -34.641 -50
    endloop
  endfacet
  facet normal -0.0980314 -0.995183 0
    outer loop
      vertex -5.22105 -39.6578 -50
      vertex -2.61613 -39.9144 50
      vertex -5.22105 -39.6578 50
    endloop
  endfacet
  facet normal -0.0980314 -0.995183 -0
    outer loop
      vertex -2.61613 -39.9144 50
      vertex -5.22105 -39.6578 -50
      vertex -2.61613 -39.9144 -50
    endloop
  endfacet
  facet normal -0.290277 -0.956943 0
    outer loop
      vertex -12.8576 -37.8772 -50
      vertex -10.3528 -38.637 50
      vertex -12.8576 -37.8772 50
    endloop
  endfacet
  facet normal -0.290277 -0.956943 -0
    outer loop
      vertex -10.3528 -38.637 50
      vertex -12.8576 -37.8772 -50
      vertex -10.3528 -38.637 -50
    endloop
  endfacet
  facet normal 0.0980314 -0.995183 0
    outer loop
      vertex 2.61613 -39.9144 -50
      vertex 5.22105 -39.6578 50
      vertex 2.61613 -39.9144 50
    endloop
  endfacet
  facet normal 0.0980314 -0.995183 0
    outer loop
      vertex 5.22105 -39.6578 50
      vertex 2.61613 -39.9144 -50
      vertex 5.22105 -39.6578 -50
    endloop
  endfacet
  facet normal -0.683576 0.729879 0
    outer loop
      vertex -26.3738 30.0736 -50
      vertex -28.2843 28.2843 50
      vertex -26.3738 30.0736 50
    endloop
  endfacet
  facet normal -0.683576 0.729879 0
    outer loop
      vertex -28.2843 28.2843 50
      vertex -26.3738 30.0736 -50
      vertex -28.2843 28.2843 -50
    endloop
  endfacet
  facet normal -0.729879 0.683576 0
    outer loop
      vertex -30.0736 26.3738 -50
      vertex -28.2843 28.2843 50
      vertex -28.2843 28.2843 -50
    endloop
  endfacet
  facet normal -0.729879 0.683576 0
    outer loop
      vertex -28.2843 28.2843 50
      vertex -30.0736 26.3738 -50
      vertex -30.0736 26.3738 50
    endloop
  endfacet
  facet normal 0.290277 -0.956943 0
    outer loop
      vertex 10.3528 -38.637 -50
      vertex 12.8576 -37.8772 50
      vertex 10.3528 -38.637 50
    endloop
  endfacet
  facet normal 0.290277 -0.956943 0
    outer loop
      vertex 12.8576 -37.8772 50
      vertex 10.3528 -38.637 -50
      vertex 12.8576 -37.8772 -50
    endloop
  endfacet
  facet normal -0.729879 -0.683576 0
    outer loop
      vertex -28.2843 -28.2843 -50
      vertex -30.0736 -26.3738 50
      vertex -30.0736 -26.3738 -50
    endloop
  endfacet
  facet normal -0.729879 -0.683576 0
    outer loop
      vertex -30.0736 -26.3738 50
      vertex -28.2843 -28.2843 -50
      vertex -28.2843 -28.2843 50
    endloop
  endfacet
  facet normal 0.683576 0.729879 -0
    outer loop
      vertex 28.2843 28.2843 -50
      vertex 26.3738 30.0736 50
      vertex 28.2843 28.2843 50
    endloop
  endfacet
  facet normal 0.683576 0.729879 0
    outer loop
      vertex 26.3738 30.0736 50
      vertex 28.2843 28.2843 -50
      vertex 26.3738 30.0736 -50
    endloop
  endfacet
  facet normal -0.352249 0.935906 0
    outer loop
      vertex -12.8576 37.8772 -50
      vertex -15.3073 36.9552 50
      vertex -12.8576 37.8772 50
    endloop
  endfacet
  facet normal -0.352249 0.935906 0
    outer loop
      vertex -15.3073 36.9552 50
      vertex -12.8576 37.8772 -50
      vertex -15.3073 36.9552 -50
    endloop
  endfacet
  facet normal -0.812845 -0.582481 0
    outer loop
      vertex -31.7341 -24.3505 -50
      vertex -33.2588 -22.2228 50
      vertex -33.2588 -22.2228 -50
    endloop
  endfacet
  facet normal -0.812845 -0.582481 0
    outer loop
      vertex -33.2588 -22.2228 50
      vertex -31.7341 -24.3505 -50
      vertex -31.7341 -24.3505 50
    endloop
  endfacet
  facet normal 0.352249 0.935906 -0
    outer loop
      vertex 15.3073 36.9552 -50
      vertex 12.8576 37.8772 50
      vertex 15.3073 36.9552 50
    endloop
  endfacet
  facet normal 0.352249 0.935906 0
    outer loop
      vertex 12.8576 37.8772 50
      vertex 15.3073 36.9552 -50
      vertex 12.8576 37.8772 -50
    endloop
  endfacet
  facet normal 0.910859 -0.412718 0
    outer loop
      vertex 35.8749 -17.6915 50
      vertex 36.9552 -15.3073 18.1464
      vertex 36.9552 -15.3073 50
    endloop
  endfacet
  facet normal 0.910859 -0.412718 0
    outer loop
      vertex 36.9552 -15.3073 18.1464
      vertex 35.8749 -17.6915 50
      vertex 35.8749 -17.6915 17.9101
    endloop
  endfacet
  facet normal 0.910859 -0.412718 0
    outer loop
      vertex 35.8749 -17.6915 -50
      vertex 36.9552 -15.3073 -18.1464
      vertex 35.8749 -17.6915 -17.9101
    endloop
  endfacet
  facet normal 0.910859 -0.412718 0
    outer loop
      vertex 36.9552 -15.3073 -18.1464
      vertex 35.8749 -17.6915 -50
      vertex 36.9552 -15.3073 -50
    endloop
  endfacet
  facet normal 0.910859 -0.412718 0
    outer loop
      vertex 35.8749 -17.6915 9.72265
      vertex 36.9552 -15.3073 -9.85093
      vertex 36.9552 -15.3073 9.85093
    endloop
  endfacet
  facet normal 0.910859 -0.412718 0
    outer loop
      vertex 36.9552 -15.3073 -9.85093
      vertex 35.8749 -17.6915 9.72265
      vertex 35.8749 -17.6915 -9.72265
    endloop
  endfacet
  facet normal 0.973876 0.227081 0
    outer loop
      vertex 39.2314 7.80361 -18.6444
      vertex 38.637 10.3528 -50
      vertex 38.637 10.3528 -18.5144
    endloop
  endfacet
  facet normal 0.973876 0.227081 0
    outer loop
      vertex 38.637 10.3528 -50
      vertex 39.2314 7.80361 -18.6444
      vertex 39.2314 7.80361 -50
    endloop
  endfacet
  facet normal 0.973876 0.227081 -0
    outer loop
      vertex 39.2314 7.80361 18.6444
      vertex 38.637 10.3528 50
      vertex 39.2314 7.80361 50
    endloop
  endfacet
  facet normal 0.973876 0.227081 0
    outer loop
      vertex 38.637 10.3528 50
      vertex 39.2314 7.80361 18.6444
      vertex 38.637 10.3528 18.5144
    endloop
  endfacet
  facet normal 0.973876 0.227081 0
    outer loop
      vertex 39.2314 7.80361 10.1212
      vertex 38.637 10.3528 -10.0506
      vertex 38.637 10.3528 10.0506
    endloop
  endfacet
  facet normal 0.973876 0.227081 0
    outer loop
      vertex 38.637 10.3528 -10.0506
      vertex 39.2314 7.80361 10.1212
      vertex 39.2314 7.80361 -10.1212
    endloop
  endfacet
  facet normal 0.729879 0.683576 0
    outer loop
      vertex 30.0736 26.3738 50
      vertex 28.2843 28.2843 -50
      vertex 28.2843 28.2843 50
    endloop
  endfacet
  facet normal 0.729879 0.683576 0
    outer loop
      vertex 28.2843 28.2843 -50
      vertex 30.0736 26.3738 50
      vertex 30.0736 26.3738 -50
    endloop
  endfacet
  facet normal -0.849207 0.528061 0
    outer loop
      vertex -34.641 20 -50
      vertex -33.2588 22.2228 50
      vertex -33.2588 22.2228 -50
    endloop
  endfacet
  facet normal -0.849207 0.528061 0
    outer loop
      vertex -33.2588 22.2228 50
      vertex -34.641 20 -50
      vertex -34.641 20 50
    endloop
  endfacet
  facet normal 0.471391 -0.881924 0
    outer loop
      vertex 17.6915 -35.8749 -50
      vertex 20 -34.641 50
      vertex 17.6915 -35.8749 50
    endloop
  endfacet
  facet normal 0.471391 -0.881924 0
    outer loop
      vertex 20 -34.641 50
      vertex 17.6915 -35.8749 -50
      vertex 20 -34.641 -50
    endloop
  endfacet
  facet normal 0.290277 0.956943 -0
    outer loop
      vertex 12.8576 37.8772 -50
      vertex 10.3528 38.637 50
      vertex 12.8576 37.8772 50
    endloop
  endfacet
  facet normal 0.290277 0.956943 0
    outer loop
      vertex 10.3528 38.637 50
      vertex 12.8576 37.8772 -50
      vertex 10.3528 38.637 -50
    endloop
  endfacet
  facet normal 0.162902 0.986642 -0
    outer loop
      vertex 7.80361 39.2314 -50
      vertex 5.22105 39.6578 50
      vertex 7.80361 39.2314 50
    endloop
  endfacet
  facet normal 0.162902 0.986642 0
    outer loop
      vertex 5.22105 39.6578 50
      vertex 7.80361 39.2314 -50
      vertex 5.22105 39.6578 -50
    endloop
  endfacet
  facet normal 0.910859 0.412718 0
    outer loop
      vertex 36.9552 15.3073 -18.1464
      vertex 35.8749 17.6915 -50
      vertex 35.8749 17.6915 -17.9101
    endloop
  endfacet
  facet normal 0.910859 0.412718 0
    outer loop
      vertex 35.8749 17.6915 -50
      vertex 36.9552 15.3073 -18.1464
      vertex 36.9552 15.3073 -50
    endloop
  endfacet
  facet normal 0.910859 0.412718 -0
    outer loop
      vertex 36.9552 15.3073 18.1464
      vertex 35.8749 17.6915 50
      vertex 36.9552 15.3073 50
    endloop
  endfacet
  facet normal 0.910859 0.412718 0
    outer loop
      vertex 35.8749 17.6915 50
      vertex 36.9552 15.3073 18.1464
      vertex 35.8749 17.6915 17.9101
    endloop
  endfacet
  facet normal 0.910859 0.412718 0
    outer loop
      vertex 36.9552 15.3073 9.85093
      vertex 35.8749 17.6915 -9.72265
      vertex 35.8749 17.6915 9.72265
    endloop
  endfacet
  facet normal 0.910859 0.412718 0
    outer loop
      vertex 35.8749 17.6915 -9.72265
      vertex 36.9552 15.3073 9.85093
      vertex 36.9552 15.3073 -9.85093
    endloop
  endfacet
  facet normal 0.729879 -0.683576 0
    outer loop
      vertex 28.2843 -28.2843 50
      vertex 30.0736 -26.3738 -50
      vertex 30.0736 -26.3738 50
    endloop
  endfacet
  facet normal 0.729879 -0.683576 0
    outer loop
      vertex 30.0736 -26.3738 -50
      vertex 28.2843 -28.2843 50
      vertex 28.2843 -28.2843 -50
    endloop
  endfacet
  facet normal -0.528061 0.849207 0
    outer loop
      vertex -20 34.641 -50
      vertex -22.2228 33.2588 50
      vertex -20 34.641 50
    endloop
  endfacet
  facet normal -0.528061 0.849207 0
    outer loop
      vertex -22.2228 33.2588 50
      vertex -20 34.641 -50
      vertex -22.2228 33.2588 -50
    endloop
  endfacet
  facet normal -0.162902 -0.986642 0
    outer loop
      vertex -7.80361 -39.2314 -50
      vertex -5.22105 -39.6578 50
      vertex -7.80361 -39.2314 50
    endloop
  endfacet
  facet normal -0.162902 -0.986642 -0
    outer loop
      vertex -5.22105 -39.6578 50
      vertex -7.80361 -39.2314 -50
      vertex -5.22105 -39.6578 -50
    endloop
  endfacet
  facet normal -0.995183 -0.0980314 0
    outer loop
      vertex -39.6578 -5.22105 -50
      vertex -39.9144 -2.61613 50
      vertex -39.9144 -2.61613 -50
    endloop
  endfacet
  facet normal -0.995183 -0.0980314 0
    outer loop
      vertex -39.9144 -2.61613 50
      vertex -39.6578 -5.22105 -50
      vertex -39.6578 -5.22105 50
    endloop
  endfacet
  facet normal 0.0980314 0.995183 -0
    outer loop
      vertex 5.22105 39.6578 -50
      vertex 2.61613 39.9144 50
      vertex 5.22105 39.6578 50
    endloop
  endfacet
  facet normal 0.0980314 0.995183 0
    outer loop
      vertex 2.61613 39.9144 50
      vertex 5.22105 39.6578 -50
      vertex 2.61613 39.9144 -50
    endloop
  endfacet
  facet normal -0.986642 0.162902 0
    outer loop
      vertex -39.6578 5.22105 -50
      vertex -39.2314 7.80361 50
      vertex -39.2314 7.80361 -50
    endloop
  endfacet
  facet normal -0.986642 0.162902 0
    outer loop
      vertex -39.2314 7.80361 50
      vertex -39.6578 5.22105 -50
      vertex -39.6578 5.22105 50
    endloop
  endfacet
  facet normal 0.881924 -0.471391 0
    outer loop
      vertex 34.641 -20 50
      vertex 35.8749 -17.6915 17.9101
      vertex 35.8749 -17.6915 50
    endloop
  endfacet
  facet normal 0.881924 -0.471391 0
    outer loop
      vertex 35.8749 -17.6915 17.9101
      vertex 34.641 -20 50
      vertex 34.641 -20 17.6402
    endloop
  endfacet
  facet normal 0.881924 -0.471391 0
    outer loop
      vertex 34.641 -20 -50
      vertex 35.8749 -17.6915 -17.9101
      vertex 34.641 -20 -17.6402
    endloop
  endfacet
  facet normal 0.881924 -0.471391 0
    outer loop
      vertex 35.8749 -17.6915 -17.9101
      vertex 34.641 -20 -50
      vertex 35.8749 -17.6915 -50
    endloop
  endfacet
  facet normal 0.881995 -0.471258 -0.000658881
    outer loop
      vertex 34.641 -20 9.12158
      vertex 35.8749 -17.6915 9.72265
      vertex 35.5265 -18.3435 9.68127
    endloop
  endfacet
  facet normal 0.881924 -0.471391 0
    outer loop
      vertex 35.8749 -17.6915 9.72265
      vertex 34.641 -20 9.12158
      vertex 35.8749 -17.6915 -9.72265
    endloop
  endfacet
  facet normal 0.881855 -0.471521 0.000343679
    outer loop
      vertex 34.641 -20 9.12158
      vertex 35.5265 -18.3435 9.68127
      vertex 35.4239 -18.5354 9.66205
    endloop
  endfacet
  facet normal 0.881924 -0.471391 0
    outer loop
      vertex 34.641 -20 -9.12158
      vertex 35.8749 -17.6915 -9.72265
      vertex 34.641 -20 9.12158
    endloop
  endfacet
  facet normal 0.88268 -0.469717 -0.0155756
    outer loop
      vertex 35.2954 -18.7756 9.62363
      vertex 35.4239 -18.5354 9.66205
      vertex 35.3995 -18.5811 9.65747
    endloop
  endfacet
  facet normal 0.881995 -0.471258 0.000658881
    outer loop
      vertex 35.8749 -17.6915 -9.72265
      vertex 34.641 -20 -9.12158
      vertex 35.5265 -18.3435 -9.68127
    endloop
  endfacet
  facet normal 0.881633 -0.471933 0.00178026
    outer loop
      vertex 35.4239 -18.5354 9.66205
      vertex 35.2954 -18.7756 9.62363
      vertex 34.641 -20 9.12158
    endloop
  endfacet
  facet normal 0.881855 -0.471521 -0.000343679
    outer loop
      vertex 35.5265 -18.3435 -9.68127
      vertex 34.641 -20 -9.12158
      vertex 35.4239 -18.5354 -9.66205
    endloop
  endfacet
  facet normal 0.883861 -0.467316 -0.0201351
    outer loop
      vertex 35.1685 -19.0132 9.56763
      vertex 35.2954 -18.7756 9.62363
      vertex 35.2734 -18.8169 9.61644
    endloop
  endfacet
  facet normal 0.881633 -0.471933 -0.00178026
    outer loop
      vertex 35.2954 -18.7756 -9.62363
      vertex 35.4239 -18.5354 -9.66205
      vertex 34.641 -20 -9.12158
    endloop
  endfacet
  facet normal 0.882259 -0.47076 -0.00189739
    outer loop
      vertex 35.2954 -18.7756 9.62363
      vertex 35.1685 -19.0132 9.56763
      vertex 34.641 -20 9.12158
    endloop
  endfacet
  facet normal 0.88268 -0.469717 0.0155756
    outer loop
      vertex 35.4239 -18.5354 -9.66205
      vertex 35.2954 -18.7756 -9.62363
      vertex 35.3995 -18.5811 -9.65747
    endloop
  endfacet
  facet normal 0.880613 -0.473744 0.00934816
    outer loop
      vertex 35.0435 -19.247 9.49437
      vertex 35.1685 -19.0132 9.56763
      vertex 35.1488 -19.05 9.55846
    endloop
  endfacet
  facet normal 0.882259 -0.47076 0.00189739
    outer loop
      vertex 35.1685 -19.0132 -9.56763
      vertex 35.2954 -18.7756 -9.62363
      vertex 34.641 -20 -9.12158
    endloop
  endfacet
  facet normal 0.881798 -0.471626 0.000565016
    outer loop
      vertex 35.1685 -19.0132 9.56763
      vertex 35.0435 -19.247 9.49437
      vertex 34.641 -20 9.12158
    endloop
  endfacet
  facet normal 0.883861 -0.467316 0.0201351
    outer loop
      vertex 35.2954 -18.7756 -9.62363
      vertex 35.1685 -19.0132 -9.56763
      vertex 35.2734 -18.8169 -9.61644
    endloop
  endfacet
  facet normal 0.883226 -0.468873 -0.00837292
    outer loop
      vertex 34.906 -19.5042 9.39291
      vertex 35.0435 -19.247 9.49437
      vertex 35.0262 -19.2794 9.48382
    endloop
  endfacet
  facet normal 0.881798 -0.471626 -0.000565016
    outer loop
      vertex 35.0435 -19.247 -9.49437
      vertex 35.1685 -19.0132 -9.56763
      vertex 34.641 -20 -9.12158
    endloop
  endfacet
  facet normal 0.88178 -0.471661 0.000656281
    outer loop
      vertex 35.0435 -19.247 9.49437
      vertex 34.906 -19.5042 9.39291
      vertex 34.641 -20 9.12158
    endloop
  endfacet
  facet normal 0.880613 -0.473744 -0.00934816
    outer loop
      vertex 35.1685 -19.0132 -9.56763
      vertex 35.0435 -19.247 -9.49437
      vertex 35.1488 -19.05 -9.55846
    endloop
  endfacet
  facet normal 0.88248 -0.470343 -0.002436
    outer loop
      vertex 34.641 -20 9.12158
      vertex 34.906 -19.5042 9.39291
      vertex 34.8017 -19.6994 9.29782
    endloop
  endfacet
  facet normal 0.88178 -0.471661 -0.000656281
    outer loop
      vertex 34.906 -19.5042 -9.39291
      vertex 35.0435 -19.247 -9.49437
      vertex 34.641 -20 -9.12158
    endloop
  endfacet
  facet normal 0.879833 -0.475211 0.00822631
    outer loop
      vertex 34.6858 -19.9161 9.17559
      vertex 34.8017 -19.6994 9.29782
      vertex 34.7889 -19.7233 9.28619
    endloop
  endfacet
  facet normal 0.883226 -0.468873 0.00837292
    outer loop
      vertex 35.0435 -19.247 -9.49437
      vertex 34.906 -19.5042 -9.39291
      vertex 35.0262 -19.2794 -9.48382
    endloop
  endfacet
  facet normal 0.879493 -0.475815 0.00962126
    outer loop
      vertex 34.8017 -19.6994 9.29782
      vertex 34.6858 -19.9161 9.17559
      vertex 34.641 -20 9.12158
    endloop
  endfacet
  facet normal 0.88248 -0.470343 0.002436
    outer loop
      vertex 34.906 -19.5042 -9.39291
      vertex 34.641 -20 -9.12158
      vertex 34.8017 -19.6994 -9.29782
    endloop
  endfacet
  facet normal 0.886303 -0.462822 -0.0162122
    outer loop
      vertex 34.641 -20 9.12158
      vertex 34.6858 -19.9161 9.17559
      vertex 34.6752 -19.936 9.1642
    endloop
  endfacet
  facet normal 0.879493 -0.475815 -0.00962126
    outer loop
      vertex 34.6858 -19.9161 -9.17559
      vertex 34.8017 -19.6994 -9.29782
      vertex 34.641 -20 -9.12158
    endloop
  endfacet
  facet normal 0.879833 -0.475211 -0.00822631
    outer loop
      vertex 34.8017 -19.6994 -9.29782
      vertex 34.6858 -19.9161 -9.17559
      vertex 34.7889 -19.7233 -9.28619
    endloop
  endfacet
  facet normal 0.886303 -0.462822 0.0162122
    outer loop
      vertex 34.6858 -19.9161 -9.17559
      vertex 34.641 -20 -9.12158
      vertex 34.6752 -19.936 -9.1642
    endloop
  endfacet
  facet normal 0.162902 -0.986642 0
    outer loop
      vertex 5.22105 -39.6578 -50
      vertex 7.80361 -39.2314 50
      vertex 5.22105 -39.6578 50
    endloop
  endfacet
  facet normal 0.162902 -0.986642 0
    outer loop
      vertex 7.80361 -39.2314 50
      vertex 5.22105 -39.6578 -50
      vertex 7.80361 -39.2314 -50
    endloop
  endfacet
  facet normal 0.935906 0.352249 0
    outer loop
      vertex 37.8772 12.8576 -18.3481
      vertex 36.9552 15.3073 -50
      vertex 36.9552 15.3073 -18.1464
    endloop
  endfacet
  facet normal 0.935906 0.352249 0
    outer loop
      vertex 36.9552 15.3073 -50
      vertex 37.8772 12.8576 -18.3481
      vertex 37.8772 12.8576 -50
    endloop
  endfacet
  facet normal 0.935906 0.352249 -0
    outer loop
      vertex 37.8772 12.8576 18.3481
      vertex 36.9552 15.3073 50
      vertex 37.8772 12.8576 50
    endloop
  endfacet
  facet normal 0.935906 0.352249 0
    outer loop
      vertex 36.9552 15.3073 50
      vertex 37.8772 12.8576 18.3481
      vertex 36.9552 15.3073 18.1464
    endloop
  endfacet
  facet normal 0.935906 0.352249 0
    outer loop
      vertex 37.8772 12.8576 9.96042
      vertex 36.9552 15.3073 -9.85093
      vertex 36.9552 15.3073 9.85093
    endloop
  endfacet
  facet normal 0.935906 0.352249 0
    outer loop
      vertex 36.9552 15.3073 -9.85093
      vertex 37.8772 12.8576 9.96042
      vertex 37.8772 12.8576 -9.96042
    endloop
  endfacet
  facet normal 0.956943 0.290277 0
    outer loop
      vertex 38.637 10.3528 -18.5144
      vertex 37.8772 12.8576 -50
      vertex 37.8772 12.8576 -18.3481
    endloop
  endfacet
  facet normal 0.956943 0.290277 0
    outer loop
      vertex 37.8772 12.8576 -50
      vertex 38.637 10.3528 -18.5144
      vertex 38.637 10.3528 -50
    endloop
  endfacet
  facet normal 0.956943 0.290277 -0
    outer loop
      vertex 38.637 10.3528 18.5144
      vertex 37.8772 12.8576 50
      vertex 38.637 10.3528 50
    endloop
  endfacet
  facet normal 0.956943 0.290277 0
    outer loop
      vertex 37.8772 12.8576 50
      vertex 38.637 10.3528 18.5144
      vertex 37.8772 12.8576 18.3481
    endloop
  endfacet
  facet normal 0.956943 0.290277 0
    outer loop
      vertex 38.637 10.3528 10.0506
      vertex 37.8772 12.8576 -9.96042
      vertex 37.8772 12.8576 9.96042
    endloop
  endfacet
  facet normal 0.956943 0.290277 0
    outer loop
      vertex 37.8772 12.8576 -9.96042
      vertex 38.637 10.3528 10.0506
      vertex 38.637 10.3528 -10.0506
    endloop
  endfacet
  facet normal -0.162902 0.986642 0
    outer loop
      vertex -5.22105 39.6578 -50
      vertex -7.80361 39.2314 50
      vertex -5.22105 39.6578 50
    endloop
  endfacet
  facet normal -0.162902 0.986642 0
    outer loop
      vertex -7.80361 39.2314 50
      vertex -5.22105 39.6578 -50
      vertex -7.80361 39.2314 -50
    endloop
  endfacet
  facet normal 0.528061 -0.849207 0
    outer loop
      vertex 20 -34.641 -50
      vertex 22.2228 -33.2588 50
      vertex 20 -34.641 50
    endloop
  endfacet
  facet normal 0.528061 -0.849207 0
    outer loop
      vertex 22.2228 -33.2588 50
      vertex 20 -34.641 -50
      vertex 22.2228 -33.2588 -50
    endloop
  endfacet
  facet normal 0.973876 -0.227081 0
    outer loop
      vertex 38.637 -10.3528 -50
      vertex 39.2314 -7.80361 -18.6444
      vertex 38.637 -10.3528 -18.5144
    endloop
  endfacet
  facet normal 0.973876 -0.227081 0
    outer loop
      vertex 39.2314 -7.80361 -18.6444
      vertex 38.637 -10.3528 -50
      vertex 39.2314 -7.80361 -50
    endloop
  endfacet
  facet normal 0.973876 -0.227081 0
    outer loop
      vertex 38.637 -10.3528 50
      vertex 39.2314 -7.80361 18.6444
      vertex 39.2314 -7.80361 50
    endloop
  endfacet
  facet normal 0.973876 -0.227081 0
    outer loop
      vertex 39.2314 -7.80361 18.6444
      vertex 38.637 -10.3528 50
      vertex 38.637 -10.3528 18.5144
    endloop
  endfacet
  facet normal 0.973876 -0.227081 0
    outer loop
      vertex 38.637 -10.3528 10.0506
      vertex 39.2314 -7.80361 -10.1212
      vertex 39.2314 -7.80361 10.1212
    endloop
  endfacet
  facet normal 0.973876 -0.227081 0
    outer loop
      vertex 39.2314 -7.80361 -10.1212
      vertex 38.637 -10.3528 10.0506
      vertex 38.637 -10.3528 -10.0506
    endloop
  endfacet
  facet normal -0.956943 -0.290277 0
    outer loop
      vertex -37.8772 -12.8576 -50
      vertex -38.637 -10.3528 50
      vertex -38.637 -10.3528 -50
    endloop
  endfacet
  facet normal -0.956943 -0.290277 0
    outer loop
      vertex -38.637 -10.3528 50
      vertex -37.8772 -12.8576 -50
      vertex -37.8772 -12.8576 50
    endloop
  endfacet
  facet normal 0.528061 0.849207 -0
    outer loop
      vertex 22.2228 33.2588 -50
      vertex 20 34.641 50
      vertex 22.2228 33.2588 50
    endloop
  endfacet
  facet normal 0.528061 0.849207 0
    outer loop
      vertex 20 34.641 50
      vertex 22.2228 33.2588 -50
      vertex 20 34.641 -50
    endloop
  endfacet
  facet normal 0.634398 0.773007 -0
    outer loop
      vertex 26.3738 30.0736 -50
      vertex 24.3505 31.7341 50
      vertex 26.3738 30.0736 50
    endloop
  endfacet
  facet normal 0.634398 0.773007 0
    outer loop
      vertex 24.3505 31.7341 50
      vertex 26.3738 30.0736 -50
      vertex 24.3505 31.7341 -50
    endloop
  endfacet
  facet normal 0.648163 -0.476728 -0.593814
    outer loop
      vertex 34.0127 21.0104 8.13902
      vertex 34 21.0308 8.10878
      vertex 34.0126 21.0107 8.13867
    endloop
  endfacet
  facet normal 0.849199 0.528072 0
    outer loop
      vertex 34 21.0308 8.10878
      vertex 34.641 20 9.12158
      vertex 34 21.0308 -8.10878
    endloop
  endfacet
  facet normal 0.851021 0.525122 -0.00315746
    outer loop
      vertex 34.1099 20.8541 8.34257
      vertex 34 21.0308 8.10878
      vertex 34.0127 21.0104 8.13902
    endloop
  endfacet
  facet normal 0.849199 0.528072 -0
    outer loop
      vertex 34.641 20 -9.12158
      vertex 34 21.0308 -8.10878
      vertex 34.641 20 9.12158
    endloop
  endfacet
  facet normal 0.788736 0.608067 0.0902768
    outer loop
      vertex 34.1099 20.8541 8.34257
      vertex 34.0127 21.0104 8.13902
      vertex 34.1083 20.8566 8.33971
    endloop
  endfacet
  facet normal 0.849321 0.527876 0.000276859
    outer loop
      vertex 34.1099 20.8541 -8.34257
      vertex 34 21.0308 -8.10878
      vertex 34.641 20 -9.12158
    endloop
  endfacet
  facet normal 0.849321 0.527876 -0.000276859
    outer loop
      vertex 34 21.0308 8.10878
      vertex 34.1099 20.8541 8.34257
      vertex 34.641 20 9.12158
    endloop
  endfacet
  facet normal 0.648163 -0.476728 0.593814
    outer loop
      vertex 34 21.0308 -8.10878
      vertex 34.0127 21.0104 -8.13902
      vertex 34.0126 21.0107 -8.13867
    endloop
  endfacet
  facet normal 0.86704 0.496897 -0.0365255
    outer loop
      vertex 34.214 20.6866 8.535
      vertex 34.1099 20.8541 8.34257
      vertex 34.2108 20.6918 8.52978
    endloop
  endfacet
  facet normal 0.851021 0.525122 0.00315746
    outer loop
      vertex 34 21.0308 -8.10878
      vertex 34.1099 20.8541 -8.34257
      vertex 34.0127 21.0104 -8.13902
    endloop
  endfacet
  facet normal 0.848721 0.528839 0.00118875
    outer loop
      vertex 34.1099 20.8541 8.34257
      vertex 34.214 20.6866 8.535
      vertex 34.641 20 9.12158
    endloop
  endfacet
  facet normal 0.788736 0.608067 -0.0902768
    outer loop
      vertex 34.0127 21.0104 -8.13902
      vertex 34.1099 20.8541 -8.34257
      vertex 34.1083 20.8566 -8.33971
    endloop
  endfacet
  facet normal 0.849665 0.527321 -0.00125845
    outer loop
      vertex 34.3248 20.5085 8.71544
      vertex 34.214 20.6866 8.535
      vertex 34.3197 20.5167 8.70808
    endloop
  endfacet
  facet normal 0.848721 0.528839 -0.00118875
    outer loop
      vertex 34.214 20.6866 -8.535
      vertex 34.1099 20.8541 -8.34257
      vertex 34.641 20 -9.12158
    endloop
  endfacet
  facet normal 0.849622 0.527391 -0.00116286
    outer loop
      vertex 34.214 20.6866 8.535
      vertex 34.3248 20.5085 8.71544
      vertex 34.641 20 9.12158
    endloop
  endfacet
  facet normal 0.86704 0.496897 0.0365255
    outer loop
      vertex 34.1099 20.8541 -8.34257
      vertex 34.214 20.6866 -8.535
      vertex 34.2108 20.6918 -8.52978
    endloop
  endfacet
  facet normal 0.842838 0.537948 0.0153719
    outer loop
      vertex 34.4418 20.3204 8.88301
      vertex 34.3248 20.5085 8.71544
      vertex 34.4345 20.3321 8.87382
    endloop
  endfacet
  facet normal 0.849801 0.5271 -0.00166597
    outer loop
      vertex 34.641 20 9.12158
      vertex 34.3248 20.5085 8.71544
      vertex 34.4418 20.3204 8.88301
    endloop
  endfacet
  facet normal 0.849622 0.527391 0.00116286
    outer loop
      vertex 34.3248 20.5085 -8.71544
      vertex 34.214 20.6866 -8.535
      vertex 34.641 20 -9.12158
    endloop
  endfacet
  facet normal 0.842838 0.537948 -0.0153719
    outer loop
      vertex 34.3248 20.5085 -8.71544
      vertex 34.4418 20.3204 -8.88301
      vertex 34.4345 20.3321 -8.87382
    endloop
  endfacet
  facet normal 0.856559 0.515592 -0.0216971
    outer loop
      vertex 34.5644 20.1232 9.03692
      vertex 34.4418 20.3204 8.88301
      vertex 34.5548 20.1387 9.02626
    endloop
  endfacet
  facet normal 0.849097 0.528237 0.000449503
    outer loop
      vertex 34.641 20 9.12158
      vertex 34.4418 20.3204 8.88301
      vertex 34.5644 20.1232 9.03692
    endloop
  endfacet
  facet normal 0.849665 0.527321 0.00125845
    outer loop
      vertex 34.214 20.6866 -8.535
      vertex 34.3248 20.5085 -8.71544
      vertex 34.3197 20.5167 -8.70808
    endloop
  endfacet
  facet normal 0.856559 0.515592 0.0216971
    outer loop
      vertex 34.4418 20.3204 -8.88301
      vertex 34.5644 20.1232 -9.03692
      vertex 34.5548 20.1387 -9.02626
    endloop
  endfacet
  facet normal 0.849801 0.5271 0.00166597
    outer loop
      vertex 34.3248 20.5085 -8.71544
      vertex 34.641 20 -9.12158
      vertex 34.4418 20.3204 -8.88301
    endloop
  endfacet
  facet normal 0.849097 0.528237 -0.000449503
    outer loop
      vertex 34.4418 20.3204 -8.88301
      vertex 34.641 20 -9.12158
      vertex 34.5644 20.1232 -9.03692
    endloop
  endfacet
  facet normal 0.849213 0.528051 -0
    outer loop
      vertex 34 21.0308 8.10878
      vertex 33.2588 22.2228 50
      vertex 34 21.0308 17.5
    endloop
  endfacet
  facet normal 0.849207 0.528061 -0
    outer loop
      vertex 34.641 20 17.6402
      vertex 33.2588 22.2228 50
      vertex 34.641 20 50
    endloop
  endfacet
  facet normal 0.8492 0.528072 -1.08558e-06
    outer loop
      vertex 33.2588 22.2228 50
      vertex 34.641 20 17.6402
      vertex 34 21.0308 17.5
    endloop
  endfacet
  facet normal 0.849213 0.528051 0
    outer loop
      vertex 33.2588 22.2228 50
      vertex 34 21.0308 8.10878
      vertex 33.2588 22.2228 -50
    endloop
  endfacet
  facet normal 0.849213 0.528051 -0
    outer loop
      vertex 34 21.0308 -8.10878
      vertex 33.2588 22.2228 -50
      vertex 34 21.0308 8.10878
    endloop
  endfacet
  facet normal 0.849213 0.528051 -0
    outer loop
      vertex 34 21.0308 -17.5
      vertex 33.2588 22.2228 -50
      vertex 34 21.0308 -8.10878
    endloop
  endfacet
  facet normal 0.8492 0.528072 1.08558e-06
    outer loop
      vertex 34.641 20 -17.6402
      vertex 33.2588 22.2228 -50
      vertex 34 21.0308 -17.5
    endloop
  endfacet
  facet normal 0.849207 0.528061 0
    outer loop
      vertex 33.2588 22.2228 -50
      vertex 34.641 20 -17.6402
      vertex 34.641 20 -50
    endloop
  endfacet
  facet normal -0.995183 0.0980314 0
    outer loop
      vertex -39.9144 2.61613 -50
      vertex -39.6578 5.22105 50
      vertex -39.6578 5.22105 -50
    endloop
  endfacet
  facet normal -0.995183 0.0980314 0
    outer loop
      vertex -39.6578 5.22105 50
      vertex -39.9144 2.61613 -50
      vertex -39.9144 2.61613 50
    endloop
  endfacet
  facet normal 0.0327026 -0.999465 0
    outer loop
      vertex 0 -40 -50
      vertex 2.61613 -39.9144 50
      vertex 0 -40 50
    endloop
  endfacet
  facet normal 0.0327026 -0.999465 0
    outer loop
      vertex 2.61613 -39.9144 50
      vertex 0 -40 -50
      vertex 2.61613 -39.9144 -50
    endloop
  endfacet
  facet normal -0.935906 0.352249 0
    outer loop
      vertex -37.8772 12.8576 -50
      vertex -36.9552 15.3073 50
      vertex -36.9552 15.3073 -50
    endloop
  endfacet
  facet normal -0.935906 0.352249 0
    outer loop
      vertex -36.9552 15.3073 50
      vertex -37.8772 12.8576 -50
      vertex -37.8772 12.8576 50
    endloop
  endfacet
  facet normal -0.986642 -0.162902 0
    outer loop
      vertex -39.2314 -7.80361 -50
      vertex -39.6578 -5.22105 50
      vertex -39.6578 -5.22105 -50
    endloop
  endfacet
  facet normal -0.986642 -0.162902 0
    outer loop
      vertex -39.6578 -5.22105 50
      vertex -39.2314 -7.80361 -50
      vertex -39.2314 -7.80361 50
    endloop
  endfacet
  facet normal -0.956943 0.290277 0
    outer loop
      vertex -38.637 10.3528 -50
      vertex -37.8772 12.8576 50
      vertex -37.8772 12.8576 -50
    endloop
  endfacet
  facet normal -0.956943 0.290277 0
    outer loop
      vertex -37.8772 12.8576 50
      vertex -38.637 10.3528 -50
      vertex -38.637 10.3528 50
    endloop
  endfacet
  facet normal 0.352249 -0.935906 0
    outer loop
      vertex 12.8576 -37.8772 -50
      vertex 15.3073 -36.9552 50
      vertex 12.8576 -37.8772 50
    endloop
  endfacet
  facet normal 0.352249 -0.935906 0
    outer loop
      vertex 15.3073 -36.9552 50
      vertex 12.8576 -37.8772 -50
      vertex 15.3073 -36.9552 -50
    endloop
  endfacet
  facet normal 0.812845 0.582481 0
    outer loop
      vertex 33.2588 22.2228 50
      vertex 31.7341 24.3505 -50
      vertex 31.7341 24.3505 50
    endloop
  endfacet
  facet normal 0.812845 0.582481 0
    outer loop
      vertex 31.7341 24.3505 -50
      vertex 33.2588 22.2228 50
      vertex 33.2588 22.2228 -50
    endloop
  endfacet
  facet normal -0.999465 0.0327026 0
    outer loop
      vertex -40 0 -50
      vertex -39.9144 2.61613 50
      vertex -39.9144 2.61613 -50
    endloop
  endfacet
  facet normal -0.999465 0.0327026 0
    outer loop
      vertex -39.9144 2.61613 50
      vertex -40 0 -50
      vertex -40 0 50
    endloop
  endfacet
  facet normal 0.0327026 0.999465 -0
    outer loop
      vertex 2.61613 39.9144 -50
      vertex 0 40 50
      vertex 2.61613 39.9144 50
    endloop
  endfacet
  facet normal 0.0327026 0.999465 0
    outer loop
      vertex 0 40 50
      vertex 2.61613 39.9144 -50
      vertex 0 40 -50
    endloop
  endfacet
  facet normal 0.634398 -0.773007 0
    outer loop
      vertex 24.3505 -31.7341 -50
      vertex 26.3738 -30.0736 50
      vertex 24.3505 -31.7341 50
    endloop
  endfacet
  facet normal 0.634398 -0.773007 0
    outer loop
      vertex 26.3738 -30.0736 50
      vertex 24.3505 -31.7341 -50
      vertex 26.3738 -30.0736 -50
    endloop
  endfacet
  facet normal 0.582481 0.812845 -0
    outer loop
      vertex 24.3505 31.7341 -50
      vertex 22.2228 33.2588 50
      vertex 24.3505 31.7341 50
    endloop
  endfacet
  facet normal 0.582481 0.812845 0
    outer loop
      vertex 22.2228 33.2588 50
      vertex 24.3505 31.7341 -50
      vertex 22.2228 33.2588 -50
    endloop
  endfacet
  facet normal 0.986642 -0.162902 0
    outer loop
      vertex 39.2314 -7.80361 50
      vertex 39.6578 -5.22105 18.7376
      vertex 39.6578 -5.22105 50
    endloop
  endfacet
  facet normal 0.986642 -0.162902 0
    outer loop
      vertex 39.6578 -5.22105 18.7376
      vertex 39.2314 -7.80361 50
      vertex 39.2314 -7.80361 18.6444
    endloop
  endfacet
  facet normal 0.986642 -0.162902 0
    outer loop
      vertex 39.2314 -7.80361 -50
      vertex 39.6578 -5.22105 -18.7376
      vertex 39.2314 -7.80361 -18.6444
    endloop
  endfacet
  facet normal 0.986642 -0.162902 0
    outer loop
      vertex 39.6578 -5.22105 -18.7376
      vertex 39.2314 -7.80361 -50
      vertex 39.6578 -5.22105 -50
    endloop
  endfacet
  facet normal 0.986642 -0.162902 0
    outer loop
      vertex 39.2314 -7.80361 10.1212
      vertex 39.6578 -5.22105 -10.1719
      vertex 39.6578 -5.22105 10.1719
    endloop
  endfacet
  facet normal 0.986642 -0.162902 0
    outer loop
      vertex 39.6578 -5.22105 -10.1719
      vertex 39.2314 -7.80361 10.1212
      vertex 39.2314 -7.80361 -10.1212
    endloop
  endfacet
  facet normal 0.412718 -0.910859 0
    outer loop
      vertex 15.3073 -36.9552 -50
      vertex 17.6915 -35.8749 50
      vertex 15.3073 -36.9552 50
    endloop
  endfacet
  facet normal 0.412718 -0.910859 0
    outer loop
      vertex 17.6915 -35.8749 50
      vertex 15.3073 -36.9552 -50
      vertex 17.6915 -35.8749 -50
    endloop
  endfacet
  facet normal -0.227081 -0.973876 0
    outer loop
      vertex -10.3528 -38.637 -50
      vertex -7.80361 -39.2314 50
      vertex -10.3528 -38.637 50
    endloop
  endfacet
  facet normal -0.227081 -0.973876 -0
    outer loop
      vertex -7.80361 -39.2314 50
      vertex -10.3528 -38.637 -50
      vertex -7.80361 -39.2314 -50
    endloop
  endfacet
  facet normal 0.995183 -0.0980314 0
    outer loop
      vertex 39.6578 -5.22105 -50
      vertex 39.9144 -2.61613 -18.7938
      vertex 39.6578 -5.22105 -18.7376
    endloop
  endfacet
  facet normal 0.995183 -0.0980314 0
    outer loop
      vertex 39.9144 -2.61613 -18.7938
      vertex 39.6578 -5.22105 -50
      vertex 39.9144 -2.61613 -50
    endloop
  endfacet
  facet normal 0.995183 -0.0980314 0
    outer loop
      vertex 39.6578 -5.22105 50
      vertex 39.9144 -2.61613 18.7938
      vertex 39.9144 -2.61613 50
    endloop
  endfacet
  facet normal 0.995183 -0.0980314 0
    outer loop
      vertex 39.9144 -2.61613 18.7938
      vertex 39.6578 -5.22105 50
      vertex 39.6578 -5.22105 18.7376
    endloop
  endfacet
  facet normal 0.995183 -0.0980314 0
    outer loop
      vertex 39.6578 -5.22105 10.1719
      vertex 39.9144 -2.61613 -10.2023
      vertex 39.9144 -2.61613 10.2023
    endloop
  endfacet
  facet normal 0.995183 -0.0980314 0
    outer loop
      vertex 39.9144 -2.61613 -10.2023
      vertex 39.6578 -5.22105 10.1719
      vertex 39.6578 -5.22105 -10.1719
    endloop
  endfacet
  facet normal 0.227081 0.973876 -0
    outer loop
      vertex 10.3528 38.637 -50
      vertex 7.80361 39.2314 50
      vertex 10.3528 38.637 50
    endloop
  endfacet
  facet normal 0.227081 0.973876 0
    outer loop
      vertex 7.80361 39.2314 50
      vertex 10.3528 38.637 -50
      vertex 7.80361 39.2314 -50
    endloop
  endfacet
  facet normal 0.412718 0.910859 -0
    outer loop
      vertex 17.6915 35.8749 -50
      vertex 15.3073 36.9552 50
      vertex 17.6915 35.8749 50
    endloop
  endfacet
  facet normal 0.412718 0.910859 0
    outer loop
      vertex 15.3073 36.9552 50
      vertex 17.6915 35.8749 -50
      vertex 15.3073 36.9552 -50
    endloop
  endfacet
  facet normal 0.471391 0.881924 -0
    outer loop
      vertex 20 34.641 -50
      vertex 17.6915 35.8749 50
      vertex 20 34.641 50
    endloop
  endfacet
  facet normal 0.471391 0.881924 0
    outer loop
      vertex 17.6915 35.8749 50
      vertex 20 34.641 -50
      vertex 17.6915 35.8749 -50
    endloop
  endfacet
  facet normal 0.773007 -0.634398 0
    outer loop
      vertex 30.0736 -26.3738 50
      vertex 31.7341 -24.3505 -50
      vertex 31.7341 -24.3505 50
    endloop
  endfacet
  facet normal 0.773007 -0.634398 0
    outer loop
      vertex 31.7341 -24.3505 -50
      vertex 30.0736 -26.3738 50
      vertex 30.0736 -26.3738 -50
    endloop
  endfacet
  facet normal 0.227081 -0.973876 0
    outer loop
      vertex 7.80361 -39.2314 -50
      vertex 10.3528 -38.637 50
      vertex 7.80361 -39.2314 50
    endloop
  endfacet
  facet normal 0.227081 -0.973876 0
    outer loop
      vertex 10.3528 -38.637 50
      vertex 7.80361 -39.2314 -50
      vertex 10.3528 -38.637 -50
    endloop
  endfacet
  facet normal 0.935906 -0.352249 0
    outer loop
      vertex 36.9552 -15.3073 50
      vertex 37.8772 -12.8576 18.3481
      vertex 37.8772 -12.8576 50
    endloop
  endfacet
  facet normal 0.935906 -0.352249 0
    outer loop
      vertex 37.8772 -12.8576 18.3481
      vertex 36.9552 -15.3073 50
      vertex 36.9552 -15.3073 18.1464
    endloop
  endfacet
  facet normal 0.935906 -0.352249 0
    outer loop
      vertex 36.9552 -15.3073 -50
      vertex 37.8772 -12.8576 -18.3481
      vertex 36.9552 -15.3073 -18.1464
    endloop
  endfacet
  facet normal 0.935906 -0.352249 0
    outer loop
      vertex 37.8772 -12.8576 -18.3481
      vertex 36.9552 -15.3073 -50
      vertex 37.8772 -12.8576 -50
    endloop
  endfacet
  facet normal 0.935906 -0.352249 0
    outer loop
      vertex 36.9552 -15.3073 9.85093
      vertex 37.8772 -12.8576 -9.96042
      vertex 37.8772 -12.8576 9.96042
    endloop
  endfacet
  facet normal 0.935906 -0.352249 0
    outer loop
      vertex 37.8772 -12.8576 -9.96042
      vertex 36.9552 -15.3073 9.85093
      vertex 36.9552 -15.3073 -9.85093
    endloop
  endfacet
  facet normal 0.812845 -0.582481 0
    outer loop
      vertex 31.7341 -24.3505 50
      vertex 33.2588 -22.2228 -50
      vertex 33.2588 -22.2228 50
    endloop
  endfacet
  facet normal 0.812845 -0.582481 0
    outer loop
      vertex 33.2588 -22.2228 -50
      vertex 31.7341 -24.3505 50
      vertex 31.7341 -24.3505 -50
    endloop
  endfacet
  facet normal -0.973876 -0.227081 0
    outer loop
      vertex -38.637 -10.3528 -50
      vertex -39.2314 -7.80361 50
      vertex -39.2314 -7.80361 -50
    endloop
  endfacet
  facet normal -0.973876 -0.227081 0
    outer loop
      vertex -39.2314 -7.80361 50
      vertex -38.637 -10.3528 -50
      vertex -38.637 -10.3528 50
    endloop
  endfacet
  facet normal -0.412718 0.910859 0
    outer loop
      vertex -15.3073 36.9552 -50
      vertex -17.6915 35.8749 50
      vertex -15.3073 36.9552 50
    endloop
  endfacet
  facet normal -0.412718 0.910859 0
    outer loop
      vertex -17.6915 35.8749 50
      vertex -15.3073 36.9552 -50
      vertex -17.6915 35.8749 -50
    endloop
  endfacet
  facet normal -0.849207 -0.528061 0
    outer loop
      vertex -33.2588 -22.2228 -50
      vertex -34.641 -20 50
      vertex -34.641 -20 -50
    endloop
  endfacet
  facet normal -0.849207 -0.528061 0
    outer loop
      vertex -34.641 -20 50
      vertex -33.2588 -22.2228 -50
      vertex -33.2588 -22.2228 50
    endloop
  endfacet
  facet normal 0.881924 0.471391 0
    outer loop
      vertex 35.8749 17.6915 -17.9101
      vertex 34.641 20 -50
      vertex 34.641 20 -17.6402
    endloop
  endfacet
  facet normal 0.881924 0.471391 0
    outer loop
      vertex 34.641 20 -50
      vertex 35.8749 17.6915 -17.9101
      vertex 35.8749 17.6915 -50
    endloop
  endfacet
  facet normal 0.881924 0.471391 -0
    outer loop
      vertex 35.8749 17.6915 17.9101
      vertex 34.641 20 50
      vertex 35.8749 17.6915 50
    endloop
  endfacet
  facet normal 0.881924 0.471391 0
    outer loop
      vertex 34.641 20 50
      vertex 35.8749 17.6915 17.9101
      vertex 34.641 20 17.6402
    endloop
  endfacet
  facet normal 0.886303 0.462822 -0.0162122
    outer loop
      vertex 34.6858 19.9161 9.17559
      vertex 34.641 20 9.12158
      vertex 34.6752 19.936 9.1642
    endloop
  endfacet
  facet normal 0.881924 0.471391 0
    outer loop
      vertex 34.641 20 9.12158
      vertex 35.8749 17.6915 9.72265
      vertex 34.641 20 -9.12158
    endloop
  endfacet
  facet normal 0.881662 0.471878 0.00170589
    outer loop
      vertex 34.641 20 9.12158
      vertex 34.6858 19.9161 9.17559
      vertex 35.5265 18.3435 9.68127
    endloop
  endfacet
  facet normal 0.881924 0.471391 -0
    outer loop
      vertex 35.8749 17.6915 -9.72265
      vertex 34.641 20 -9.12158
      vertex 35.8749 17.6915 9.72265
    endloop
  endfacet
  facet normal 0.879833 0.475211 0.00822631
    outer loop
      vertex 34.8017 19.6994 9.29782
      vertex 34.6858 19.9161 9.17559
      vertex 34.7889 19.7233 9.28619
    endloop
  endfacet
  facet normal 0.881995 0.471258 0.000658881
    outer loop
      vertex 35.5265 18.3435 -9.68127
      vertex 34.641 20 -9.12158
      vertex 35.8749 17.6915 -9.72265
    endloop
  endfacet
  facet normal 0.882012 0.471226 -0.000903486
    outer loop
      vertex 34.6858 19.9161 9.17559
      vertex 34.8017 19.6994 9.29782
      vertex 35.5265 18.3435 9.68127
    endloop
  endfacet
  facet normal 0.881662 0.471878 -0.00170589
    outer loop
      vertex 34.6858 19.9161 -9.17559
      vertex 34.641 20 -9.12158
      vertex 35.5265 18.3435 -9.68127
    endloop
  endfacet
  facet normal 0.881789 0.471642 0.00098788
    outer loop
      vertex 35.5265 18.3435 9.68127
      vertex 34.8017 19.6994 9.29782
      vertex 34.906 19.5042 9.39291
    endloop
  endfacet
  facet normal 0.886303 0.462822 0.0162122
    outer loop
      vertex 34.641 20 -9.12158
      vertex 34.6858 19.9161 -9.17559
      vertex 34.6752 19.936 -9.1642
    endloop
  endfacet
  facet normal 0.883226 0.468873 -0.00837292
    outer loop
      vertex 35.0435 19.247 9.49437
      vertex 34.906 19.5042 9.39291
      vertex 35.0262 19.2794 9.48382
    endloop
  endfacet
  facet normal 0.882012 0.471226 0.000903486
    outer loop
      vertex 34.8017 19.6994 -9.29782
      vertex 34.6858 19.9161 -9.17559
      vertex 35.5265 18.3435 -9.68127
    endloop
  endfacet
  facet normal 0.8819 0.471437 -7.38314e-05
    outer loop
      vertex 34.906 19.5042 9.39291
      vertex 35.0435 19.247 9.49437
      vertex 35.5265 18.3435 9.68127
    endloop
  endfacet
  facet normal 0.879833 0.475211 -0.00822631
    outer loop
      vertex 34.6858 19.9161 -9.17559
      vertex 34.8017 19.6994 -9.29782
      vertex 34.7889 19.7233 -9.28619
    endloop
  endfacet
  facet normal 0.880613 0.473744 0.00934816
    outer loop
      vertex 35.1685 19.0132 9.56763
      vertex 35.0435 19.247 9.49437
      vertex 35.1488 19.05 9.55846
    endloop
  endfacet
  facet normal 0.881789 0.471642 -0.00098788
    outer loop
      vertex 34.8017 19.6994 -9.29782
      vertex 35.5265 18.3435 -9.68127
      vertex 34.906 19.5042 -9.39291
    endloop
  endfacet
  facet normal 0.881934 0.471373 -0.000474428
    outer loop
      vertex 35.0435 19.247 9.49437
      vertex 35.1685 19.0132 9.56763
      vertex 35.5265 18.3435 9.68127
    endloop
  endfacet
  facet normal 0.8819 0.471437 7.38314e-05
    outer loop
      vertex 35.0435 19.247 -9.49437
      vertex 34.906 19.5042 -9.39291
      vertex 35.5265 18.3435 -9.68127
    endloop
  endfacet
  facet normal 0.883861 0.467316 -0.0201351
    outer loop
      vertex 35.2954 18.7756 9.62363
      vertex 35.1685 19.0132 9.56763
      vertex 35.2734 18.8169 9.61644
    endloop
  endfacet
  facet normal 0.883226 0.468873 0.00837292
    outer loop
      vertex 34.906 19.5042 -9.39291
      vertex 35.0435 19.247 -9.49437
      vertex 35.0262 19.2794 -9.48382
    endloop
  endfacet
  facet normal 0.881433 0.472266 0.00636757
    outer loop
      vertex 35.5265 18.3435 9.68127
      vertex 35.1685 19.0132 9.56763
      vertex 35.2954 18.7756 9.62363
    endloop
  endfacet
  facet normal 0.881934 0.471373 0.000474428
    outer loop
      vertex 35.1685 19.0132 -9.56763
      vertex 35.0435 19.247 -9.49437
      vertex 35.5265 18.3435 -9.68127
    endloop
  endfacet
  facet normal 0.88268 0.469717 -0.0155756
    outer loop
      vertex 35.4239 18.5354 9.66205
      vertex 35.2954 18.7756 9.62363
      vertex 35.3995 18.5811 9.65747
    endloop
  endfacet
  facet normal 0.882054 0.471124 -0.00468205
    outer loop
      vertex 35.5265 18.3435 9.68127
      vertex 35.2954 18.7756 9.62363
      vertex 35.4239 18.5354 9.66205
    endloop
  endfacet
  facet normal 0.881995 0.471258 -0.000658881
    outer loop
      vertex 34.641 20 9.12158
      vertex 35.5265 18.3435 9.68127
      vertex 35.8749 17.6915 9.72265
    endloop
  endfacet
  facet normal 0.88268 0.469717 0.0155756
    outer loop
      vertex 35.2954 18.7756 -9.62363
      vertex 35.4239 18.5354 -9.66205
      vertex 35.3995 18.5811 -9.65747
    endloop
  endfacet
  facet normal 0.880613 0.473744 -0.00934816
    outer loop
      vertex 35.0435 19.247 -9.49437
      vertex 35.1685 19.0132 -9.56763
      vertex 35.1488 19.05 -9.55846
    endloop
  endfacet
  facet normal 0.882054 0.471124 0.00468205
    outer loop
      vertex 35.2954 18.7756 -9.62363
      vertex 35.5265 18.3435 -9.68127
      vertex 35.4239 18.5354 -9.66205
    endloop
  endfacet
  facet normal 0.883861 0.467316 0.0201351
    outer loop
      vertex 35.1685 19.0132 -9.56763
      vertex 35.2954 18.7756 -9.62363
      vertex 35.2734 18.8169 -9.61644
    endloop
  endfacet
  facet normal 0.881433 0.472266 -0.00636757
    outer loop
      vertex 35.1685 19.0132 -9.56763
      vertex 35.5265 18.3435 -9.68127
      vertex 35.2954 18.7756 -9.62363
    endloop
  endfacet
  facet normal -0.973876 0.227081 0
    outer loop
      vertex -39.2314 7.80361 -50
      vertex -38.637 10.3528 50
      vertex -38.637 10.3528 -50
    endloop
  endfacet
  facet normal -0.973876 0.227081 0
    outer loop
      vertex -38.637 10.3528 50
      vertex -39.2314 7.80361 -50
      vertex -39.2314 7.80361 50
    endloop
  endfacet
  facet normal -0.582481 0.812845 0
    outer loop
      vertex -22.2228 33.2588 -50
      vertex -24.3505 31.7341 50
      vertex -22.2228 33.2588 50
    endloop
  endfacet
  facet normal -0.582481 0.812845 0
    outer loop
      vertex -24.3505 31.7341 50
      vertex -22.2228 33.2588 -50
      vertex -24.3505 31.7341 -50
    endloop
  endfacet
  facet normal -0.773007 -0.634398 0
    outer loop
      vertex -30.0736 -26.3738 -50
      vertex -31.7341 -24.3505 50
      vertex -31.7341 -24.3505 -50
    endloop
  endfacet
  facet normal -0.773007 -0.634398 0
    outer loop
      vertex -31.7341 -24.3505 50
      vertex -30.0736 -26.3738 -50
      vertex -30.0736 -26.3738 50
    endloop
  endfacet
  facet normal -0.0980314 0.995183 0
    outer loop
      vertex -2.61613 39.9144 -50
      vertex -5.22105 39.6578 50
      vertex -2.61613 39.9144 50
    endloop
  endfacet
  facet normal -0.0980314 0.995183 0
    outer loop
      vertex -5.22105 39.6578 50
      vertex -2.61613 39.9144 -50
      vertex -5.22105 39.6578 -50
    endloop
  endfacet
  facet normal -0.352249 -0.935906 0
    outer loop
      vertex -15.3073 -36.9552 -50
      vertex -12.8576 -37.8772 50
      vertex -15.3073 -36.9552 50
    endloop
  endfacet
  facet normal -0.352249 -0.935906 -0
    outer loop
      vertex -12.8576 -37.8772 50
      vertex -15.3073 -36.9552 -50
      vertex -12.8576 -37.8772 -50
    endloop
  endfacet
  facet normal -0.0327026 0.999465 0
    outer loop
      vertex 0 40 -50
      vertex -2.61613 39.9144 50
      vertex 0 40 50
    endloop
  endfacet
  facet normal -0.0327026 0.999465 0
    outer loop
      vertex -2.61613 39.9144 50
      vertex 0 40 -50
      vertex -2.61613 39.9144 -50
    endloop
  endfacet
  facet normal -0.999465 -0.0327026 0
    outer loop
      vertex -39.9144 -2.61613 -50
      vertex -40 0 50
      vertex -40 0 -50
    endloop
  endfacet
  facet normal -0.999465 -0.0327026 0
    outer loop
      vertex -40 0 50
      vertex -39.9144 -2.61613 -50
      vertex -39.9144 -2.61613 50
    endloop
  endfacet
  facet normal 0.683576 -0.729879 0
    outer loop
      vertex 26.3738 -30.0736 -50
      vertex 28.2843 -28.2843 50
      vertex 26.3738 -30.0736 50
    endloop
  endfacet
  facet normal 0.683576 -0.729879 0
    outer loop
      vertex 28.2843 -28.2843 50
      vertex 26.3738 -30.0736 -50
      vertex 28.2843 -28.2843 -50
    endloop
  endfacet
  facet normal -0.910859 0.412718 0
    outer loop
      vertex -36.9552 15.3073 -50
      vertex -35.8749 17.6915 50
      vertex -35.8749 17.6915 -50
    endloop
  endfacet
  facet normal -0.910859 0.412718 0
    outer loop
      vertex -35.8749 17.6915 50
      vertex -36.9552 15.3073 -50
      vertex -36.9552 15.3073 50
    endloop
  endfacet
  facet normal -0.812845 0.582481 0
    outer loop
      vertex -33.2588 22.2228 -50
      vertex -31.7341 24.3505 50
      vertex -31.7341 24.3505 -50
    endloop
  endfacet
  facet normal -0.812845 0.582481 0
    outer loop
      vertex -31.7341 24.3505 50
      vertex -33.2588 22.2228 -50
      vertex -33.2588 22.2228 50
    endloop
  endfacet
  facet normal -0.634398 -0.773007 0
    outer loop
      vertex -26.3738 -30.0736 -50
      vertex -24.3505 -31.7341 50
      vertex -26.3738 -30.0736 50
    endloop
  endfacet
  facet normal -0.634398 -0.773007 -0
    outer loop
      vertex -24.3505 -31.7341 50
      vertex -26.3738 -30.0736 -50
      vertex -24.3505 -31.7341 -50
    endloop
  endfacet
  facet normal 0.999465 -0.0327026 0
    outer loop
      vertex 39.9144 -2.61613 50
      vertex 40 0 18.8125
      vertex 40 0 50
    endloop
  endfacet
  facet normal 0.999465 -0.0327026 0
    outer loop
      vertex 40 0 18.8125
      vertex 39.9144 -2.61613 50
      vertex 39.9144 -2.61613 18.7938
    endloop
  endfacet
  facet normal 0.99946 -0.0328554 0
    outer loop
      vertex 39.9914 -0.261612 -18.9914
      vertex 40 0 -50
      vertex 40 0 -19
    endloop
  endfacet
  facet normal 0.999468 -0.0326137 -5.46309e-06
    outer loop
      vertex 39.9144 -2.61613 -50
      vertex 39.9914 -0.261612 -18.9914
      vertex 39.9829 -0.522104 -18.9658
    endloop
  endfacet
  facet normal 0.999457 -0.0328782 -0.00223874
    outer loop
      vertex 39.9144 -2.61613 -18.7938
      vertex 39.9829 -0.522104 -18.9658
      vertex 39.9745 -0.780361 -18.9231
    endloop
  endfacet
  facet normal 0.999467 -0.0326285 0.00131138
    outer loop
      vertex 39.9144 -2.61613 -18.7938
      vertex 39.9745 -0.780361 -18.9231
      vertex 39.9661 -1.03528 -18.8637
    endloop
  endfacet
  facet normal 0.999466 -0.0326624 0.000543973
    outer loop
      vertex 39.9144 -2.61613 -18.7938
      vertex 39.9661 -1.03528 -18.8637
      vertex 39.9596 -1.23318 -18.8037
    endloop
  endfacet
  facet normal 0.999465 -0.0326946 0
    outer loop
      vertex 39.9829 -0.522104 -18.9658
      vertex 39.9144 -2.61613 -18.7938
      vertex 39.9144 -2.61613 -50
    endloop
  endfacet
  facet normal 0.999465 -0.0327026 1.29033e-06
    outer loop
      vertex 39.9914 -0.261612 -18.9914
      vertex 39.9144 -2.61613 -50
      vertex 40 0 -50
    endloop
  endfacet
  facet normal 0.999465 -0.0327026 0
    outer loop
      vertex 39.9144 -2.61613 10.2023
      vertex 40 0 -10.2125
      vertex 40 0 10.2125
    endloop
  endfacet
  facet normal 0.999465 -0.0327026 0
    outer loop
      vertex 40 0 -10.2125
      vertex 39.9144 -2.61613 10.2023
      vertex 39.9144 -2.61613 -10.2023
    endloop
  endfacet
  facet normal -0.290277 0.956943 0
    outer loop
      vertex -10.3528 38.637 -50
      vertex -12.8576 37.8772 50
      vertex -10.3528 38.637 50
    endloop
  endfacet
  facet normal -0.290277 0.956943 0
    outer loop
      vertex -12.8576 37.8772 50
      vertex -10.3528 38.637 -50
      vertex -12.8576 37.8772 -50
    endloop
  endfacet
  facet normal -0.227081 0.973876 0
    outer loop
      vertex -7.80361 39.2314 -50
      vertex -10.3528 38.637 50
      vertex -7.80361 39.2314 50
    endloop
  endfacet
  facet normal -0.227081 0.973876 0
    outer loop
      vertex -10.3528 38.637 50
      vertex -7.80361 39.2314 -50
      vertex -10.3528 38.637 -50
    endloop
  endfacet
  facet normal 0.849207 -0.528061 0
    outer loop
      vertex 33.2588 -22.2228 50
      vertex 34.641 -20 17.6402
      vertex 34.641 -20 50
    endloop
  endfacet
  facet normal 0.849213 -0.528051 0
    outer loop
      vertex 33.2588 -22.2228 50
      vertex 34 -21.0308 8.10878
      vertex 34 -21.0308 17.5
    endloop
  endfacet
  facet normal 0.849213 -0.528051 0
    outer loop
      vertex 34 -21.0308 8.10878
      vertex 33.2588 -22.2228 50
      vertex 34 -21.0308 -8.10878
    endloop
  endfacet
  facet normal 0.849213 -0.528051 0
    outer loop
      vertex 33.2588 -22.2228 -50
      vertex 34 -21.0308 -8.10878
      vertex 33.2588 -22.2228 50
    endloop
  endfacet
  facet normal 0.8492 -0.528072 -1.08558e-06
    outer loop
      vertex 34.641 -20 17.6402
      vertex 33.2588 -22.2228 50
      vertex 34 -21.0308 17.5
    endloop
  endfacet
  facet normal 0.849318 -0.527881 -0.000269902
    outer loop
      vertex 34 -21.0308 8.10878
      vertex 34.641 -20 9.12158
      vertex 34.5644 -20.1232 9.03692
    endloop
  endfacet
  facet normal 0.849199 -0.528072 0
    outer loop
      vertex 34.641 -20 9.12158
      vertex 34 -21.0308 8.10878
      vertex 34.641 -20 -9.12158
    endloop
  endfacet
  facet normal 0.856559 -0.515592 -0.0216971
    outer loop
      vertex 34.4418 -20.3204 8.88301
      vertex 34.5644 -20.1232 9.03692
      vertex 34.5548 -20.1387 9.02626
    endloop
  endfacet
  facet normal 0.849199 -0.528072 0
    outer loop
      vertex 34 -21.0308 -8.10878
      vertex 34.641 -20 -9.12158
      vertex 34 -21.0308 8.10878
    endloop
  endfacet
  facet normal 0.849445 -0.527676 -0.000547214
    outer loop
      vertex 34.5644 -20.1232 9.03692
      vertex 34.4418 -20.3204 8.88301
      vertex 34 -21.0308 8.10878
    endloop
  endfacet
  facet normal 0.849318 -0.527881 0.000269902
    outer loop
      vertex 34.641 -20 -9.12158
      vertex 34 -21.0308 -8.10878
      vertex 34.5644 -20.1232 -9.03692
    endloop
  endfacet
  facet normal 0.842838 -0.537948 0.0153719
    outer loop
      vertex 34.3248 -20.5085 8.71544
      vertex 34.4418 -20.3204 8.88301
      vertex 34.4345 -20.3321 8.87382
    endloop
  endfacet
  facet normal 0.849445 -0.527676 0.000547214
    outer loop
      vertex 34.4418 -20.3204 -8.88301
      vertex 34.5644 -20.1232 -9.03692
      vertex 34 -21.0308 -8.10878
    endloop
  endfacet
  facet normal 0.848956 -0.528463 0.000453995
    outer loop
      vertex 34.4418 -20.3204 8.88301
      vertex 34.3248 -20.5085 8.71544
      vertex 34 -21.0308 8.10878
    endloop
  endfacet
  facet normal 0.856559 -0.515592 0.0216971
    outer loop
      vertex 34.5644 -20.1232 -9.03692
      vertex 34.4418 -20.3204 -8.88301
      vertex 34.5548 -20.1387 -9.02626
    endloop
  endfacet
  facet normal 0.849665 -0.527321 -0.00125845
    outer loop
      vertex 34.214 -20.6866 8.535
      vertex 34.3248 -20.5085 8.71544
      vertex 34.3197 -20.5167 8.70808
    endloop
  endfacet
  facet normal 0.848956 -0.528463 -0.000453995
    outer loop
      vertex 34.3248 -20.5085 -8.71544
      vertex 34.4418 -20.3204 -8.88301
      vertex 34 -21.0308 -8.10878
    endloop
  endfacet
  facet normal 0.848424 -0.529316 0.00147281
    outer loop
      vertex 34.3248 -20.5085 8.71544
      vertex 34.214 -20.6866 8.535
      vertex 34 -21.0308 8.10878
    endloop
  endfacet
  facet normal 0.842838 -0.537948 -0.0153719
    outer loop
      vertex 34.4418 -20.3204 -8.88301
      vertex 34.3248 -20.5085 -8.71544
      vertex 34.4345 -20.3321 -8.87382
    endloop
  endfacet
  facet normal 0.86704 -0.496897 -0.0365255
    outer loop
      vertex 34.1099 -20.8541 8.34257
      vertex 34.214 -20.6866 8.535
      vertex 34.2108 -20.6918 8.52978
    endloop
  endfacet
  facet normal 0.848424 -0.529316 -0.00147281
    outer loop
      vertex 34.214 -20.6866 -8.535
      vertex 34.3248 -20.5085 -8.71544
      vertex 34 -21.0308 -8.10878
    endloop
  endfacet
  facet normal 0.850501 -0.525969 -0.00227242
    outer loop
      vertex 34.214 -20.6866 8.535
      vertex 34.1099 -20.8541 8.34257
      vertex 34 -21.0308 8.10878
    endloop
  endfacet
  facet normal 0.849665 -0.527321 0.00125845
    outer loop
      vertex 34.3248 -20.5085 -8.71544
      vertex 34.214 -20.6866 -8.535
      vertex 34.3197 -20.5167 -8.70808
    endloop
  endfacet
  facet normal 0.795419 -0.600739 0.0801321
    outer loop
      vertex 34 -21.0308 8.10878
      vertex 34.1099 -20.8541 8.34257
      vertex 34.1083 -20.8566 8.33971
    endloop
  endfacet
  facet normal 0.850501 -0.525969 0.00227242
    outer loop
      vertex 34.1099 -20.8541 -8.34257
      vertex 34.214 -20.6866 -8.535
      vertex 34 -21.0308 -8.10878
    endloop
  endfacet
  facet normal 0.851982 -0.523551 -0.00462072
    outer loop
      vertex 34 -21.0308 8.10878
      vertex 34.1083 -20.8566 8.33971
      vertex 34.0127 -21.0104 8.13902
    endloop
  endfacet
  facet normal 0.86704 -0.496897 0.0365255
    outer loop
      vertex 34.214 -20.6866 -8.535
      vertex 34.1099 -20.8541 -8.34257
      vertex 34.2108 -20.6918 -8.52978
    endloop
  endfacet
  facet normal 0.648163 0.476728 -0.593814
    outer loop
      vertex 34 -21.0308 8.10878
      vertex 34.0127 -21.0104 8.13902
      vertex 34.0126 -21.0107 8.13867
    endloop
  endfacet
  facet normal 0.795419 -0.600739 -0.0801321
    outer loop
      vertex 34.1099 -20.8541 -8.34257
      vertex 34 -21.0308 -8.10878
      vertex 34.1083 -20.8566 -8.33971
    endloop
  endfacet
  facet normal 0.851982 -0.523551 0.00462072
    outer loop
      vertex 34.1083 -20.8566 -8.33971
      vertex 34 -21.0308 -8.10878
      vertex 34.0127 -21.0104 -8.13902
    endloop
  endfacet
  facet normal 0.648163 0.476728 0.593814
    outer loop
      vertex 34.0127 -21.0104 -8.13902
      vertex 34 -21.0308 -8.10878
      vertex 34.0126 -21.0107 -8.13867
    endloop
  endfacet
  facet normal 0.8492 -0.528072 1.08558e-06
    outer loop
      vertex 33.2588 -22.2228 -50
      vertex 34.641 -20 -17.6402
      vertex 34 -21.0308 -17.5
    endloop
  endfacet
  facet normal 0.849207 -0.528061 0
    outer loop
      vertex 34.641 -20 -17.6402
      vertex 33.2588 -22.2228 -50
      vertex 34.641 -20 -50
    endloop
  endfacet
  facet normal 0.849213 -0.528051 0
    outer loop
      vertex 34 -21.0308 -8.10878
      vertex 33.2588 -22.2228 -50
      vertex 34 -21.0308 -17.5
    endloop
  endfacet
  facet normal 0.773007 0.634398 0
    outer loop
      vertex 31.7341 24.3505 50
      vertex 30.0736 26.3738 -50
      vertex 30.0736 26.3738 50
    endloop
  endfacet
  facet normal 0.773007 0.634398 0
    outer loop
      vertex 30.0736 26.3738 -50
      vertex 31.7341 24.3505 50
      vertex 31.7341 24.3505 -50
    endloop
  endfacet
  facet normal -0.910859 -0.412718 0
    outer loop
      vertex -35.8749 -17.6915 -50
      vertex -36.9552 -15.3073 50
      vertex -36.9552 -15.3073 -50
    endloop
  endfacet
  facet normal -0.910859 -0.412718 0
    outer loop
      vertex -36.9552 -15.3073 50
      vertex -35.8749 -17.6915 -50
      vertex -35.8749 -17.6915 50
    endloop
  endfacet
  facet normal -0.683576 -0.729879 0
    outer loop
      vertex -28.2843 -28.2843 -50
      vertex -26.3738 -30.0736 50
      vertex -28.2843 -28.2843 50
    endloop
  endfacet
  facet normal -0.683576 -0.729879 -0
    outer loop
      vertex -26.3738 -30.0736 50
      vertex -28.2843 -28.2843 -50
      vertex -26.3738 -30.0736 -50
    endloop
  endfacet
  facet normal -0.881924 -0.471391 0
    outer loop
      vertex -34.641 -20 -50
      vertex -35.8749 -17.6915 50
      vertex -35.8749 -17.6915 -50
    endloop
  endfacet
  facet normal -0.881924 -0.471391 0
    outer loop
      vertex -35.8749 -17.6915 50
      vertex -34.641 -20 -50
      vertex -34.641 -20 50
    endloop
  endfacet
  facet normal -0.0327026 -0.999465 0
    outer loop
      vertex -2.61613 -39.9144 -50
      vertex 0 -40 50
      vertex -2.61613 -39.9144 50
    endloop
  endfacet
  facet normal -0.0327026 -0.999465 -0
    outer loop
      vertex 0 -40 50
      vertex -2.61613 -39.9144 -50
      vertex 0 -40 -50
    endloop
  endfacet
  facet normal -0.773007 0.634398 0
    outer loop
      vertex -31.7341 24.3505 -50
      vertex -30.0736 26.3738 50
      vertex -30.0736 26.3738 -50
    endloop
  endfacet
  facet normal -0.773007 0.634398 0
    outer loop
      vertex -30.0736 26.3738 50
      vertex -31.7341 24.3505 -50
      vertex -31.7341 24.3505 50
    endloop
  endfacet
  facet normal -0.634398 0.773007 0
    outer loop
      vertex -24.3505 31.7341 -50
      vertex -26.3738 30.0736 50
      vertex -24.3505 31.7341 50
    endloop
  endfacet
  facet normal -0.634398 0.773007 0
    outer loop
      vertex -26.3738 30.0736 50
      vertex -24.3505 31.7341 -50
      vertex -26.3738 30.0736 -50
    endloop
  endfacet
  facet normal -0.881924 0.471391 0
    outer loop
      vertex -35.8749 17.6915 -50
      vertex -34.641 20 50
      vertex -34.641 20 -50
    endloop
  endfacet
  facet normal -0.881924 0.471391 0
    outer loop
      vertex -34.641 20 50
      vertex -35.8749 17.6915 -50
      vertex -35.8749 17.6915 50
    endloop
  endfacet
  facet normal 0 0 1
    outer loop
      vertex 36 0 50
      vertex 40 0 50
      vertex 39.9144 2.61613 50
    endloop
  endfacet
  facet normal 0 0 1
    outer loop
      vertex 35.9229 2.35451 50
      vertex 39.9144 2.61613 50
      vertex 39.6578 5.22105 50
    endloop
  endfacet
  facet normal 0 0 1
    outer loop
      vertex 40 0 50
      vertex 36 0 50
      vertex 39.9144 -2.61613 50
    endloop
  endfacet
  facet normal 0 0 1
    outer loop
      vertex 35.692 4.69894 50
      vertex 39.6578 5.22105 50
      vertex 39.2314 7.80361 50
    endloop
  endfacet
  facet normal -0 0 1
    outer loop
      vertex 35.9229 -2.35451 50
      vertex 39.9144 -2.61613 50
      vertex 36 0 50
    endloop
  endfacet
  facet normal 0 0 1
    outer loop
      vertex 35.3083 7.02325 50
      vertex 39.2314 7.80361 50
      vertex 38.637 10.3528 50
    endloop
  endfacet
  facet normal 0 0 1
    outer loop
      vertex 39.9144 -2.61613 50
      vertex 35.9229 -2.35451 50
      vertex 39.6578 -5.22105 50
    endloop
  endfacet
  facet normal 0 0 1
    outer loop
      vertex 34.7733 9.31748 50
      vertex 38.637 10.3528 50
      vertex 37.8772 12.8576 50
    endloop
  endfacet
  facet normal -0 0 1
    outer loop
      vertex 35.692 -4.69894 50
      vertex 39.6578 -5.22105 50
      vertex 35.9229 -2.35451 50
    endloop
  endfacet
  facet normal 0 0 1
    outer loop
      vertex 34.0895 11.5718 50
      vertex 37.8772 12.8576 50
      vertex 36.9552 15.3073 50
    endloop
  endfacet
  facet normal 0 0 1
    outer loop
      vertex 39.6578 -5.22105 50
      vertex 35.692 -4.69894 50
      vertex 39.2314 -7.80361 50
    endloop
  endfacet
  facet normal -0 0 1
    outer loop
      vertex 35.3083 -7.02325 50
      vertex 39.2314 -7.80361 50
      vertex 35.692 -4.69894 50
    endloop
  endfacet
  facet normal 0 0 1
    outer loop
      vertex 39.9144 2.61613 50
      vertex 35.9229 2.35451 50
      vertex 36 0 50
    endloop
  endfacet
  facet normal 0 0 1
    outer loop
      vertex 33.2597 13.7766 50
      vertex 36.9552 15.3073 50
      vertex 35.8749 17.6915 50
    endloop
  endfacet
  facet normal 0 0 1
    outer loop
      vertex 39.6578 5.22105 50
      vertex 35.692 4.69894 50
      vertex 35.9229 2.35451 50
    endloop
  endfacet
  facet normal 0 0 1
    outer loop
      vertex 39.2314 7.80361 50
      vertex 35.3083 7.02325 50
      vertex 35.692 4.69894 50
    endloop
  endfacet
  facet normal 0 0 1
    outer loop
      vertex 38.637 10.3528 50
      vertex 34.7733 9.31748 50
      vertex 35.3083 7.02325 50
    endloop
  endfacet
  facet normal 0 0 1
    outer loop
      vertex 32.2874 15.9224 50
      vertex 35.8749 17.6915 50
      vertex 34.641 20 50
    endloop
  endfacet
  facet normal 0 0 1
    outer loop
      vertex 37.8772 12.8576 50
      vertex 34.0895 11.5718 50
      vertex 34.7733 9.31748 50
    endloop
  endfacet
  facet normal 0 0 1
    outer loop
      vertex 36.9552 15.3073 50
      vertex 33.2597 13.7766 50
      vertex 34.0895 11.5718 50
    endloop
  endfacet
  facet normal 0 0 1
    outer loop
      vertex 31.1769 18 50
      vertex 34.641 20 50
      vertex 33.2588 22.2228 50
    endloop
  endfacet
  facet normal 0 0 1
    outer loop
      vertex 35.8749 17.6915 50
      vertex 32.2874 15.9224 50
      vertex 33.2597 13.7766 50
    endloop
  endfacet
  facet normal 0 0 1
    outer loop
      vertex 29.9329 20.0005 50
      vertex 33.2588 22.2228 50
      vertex 31.7341 24.3505 50
    endloop
  endfacet
  facet normal 0 0 1
    outer loop
      vertex 34.641 20 50
      vertex 31.1769 18 50
      vertex 32.2874 15.9224 50
    endloop
  endfacet
  facet normal 0 0 1
    outer loop
      vertex 28.5607 21.9154 50
      vertex 31.7341 24.3505 50
      vertex 30.0736 26.3738 50
    endloop
  endfacet
  facet normal 0 0 1
    outer loop
      vertex 33.2588 22.2228 50
      vertex 29.9329 20.0005 50
      vertex 31.1769 18 50
    endloop
  endfacet
  facet normal 0 0 1
    outer loop
      vertex 31.7341 24.3505 50
      vertex 28.5607 21.9154 50
      vertex 29.9329 20.0005 50
    endloop
  endfacet
  facet normal 0 0 1
    outer loop
      vertex 27.0662 23.7365 50
      vertex 30.0736 26.3738 50
      vertex 28.2843 28.2843 50
    endloop
  endfacet
  facet normal 0 0 1
    outer loop
      vertex 30.0736 26.3738 50
      vertex 27.0662 23.7365 50
      vertex 28.5607 21.9154 50
    endloop
  endfacet
  facet normal 0 0 1
    outer loop
      vertex 25.4558 25.4558 50
      vertex 28.2843 28.2843 50
      vertex 26.3738 30.0736 50
    endloop
  endfacet
  facet normal 0 0 1
    outer loop
      vertex 28.2843 28.2843 50
      vertex 25.4558 25.4558 50
      vertex 27.0662 23.7365 50
    endloop
  endfacet
  facet normal 0 0 1
    outer loop
      vertex 23.7365 27.0662 50
      vertex 26.3738 30.0736 50
      vertex 24.3505 31.7341 50
    endloop
  endfacet
  facet normal 0 0 1
    outer loop
      vertex 26.3738 30.0736 50
      vertex 23.7365 27.0662 50
      vertex 25.4558 25.4558 50
    endloop
  endfacet
  facet normal 0 0 1
    outer loop
      vertex 21.9154 28.5607 50
      vertex 24.3505 31.7341 50
      vertex 22.2228 33.2588 50
    endloop
  endfacet
  facet normal 0 0 1
    outer loop
      vertex 24.3505 31.7341 50
      vertex 21.9154 28.5607 50
      vertex 23.7365 27.0662 50
    endloop
  endfacet
  facet normal 0 0 1
    outer loop
      vertex 22.2228 33.2588 50
      vertex 20.0005 29.9329 50
      vertex 21.9154 28.5607 50
    endloop
  endfacet
  facet normal 0 0 1
    outer loop
      vertex 20 34.641 50
      vertex 20.0005 29.9329 50
      vertex 22.2228 33.2588 50
    endloop
  endfacet
  facet normal 0 0 1
    outer loop
      vertex 20 34.641 50
      vertex 18 31.1769 50
      vertex 20.0005 29.9329 50
    endloop
  endfacet
  facet normal 0 0 1
    outer loop
      vertex 17.6915 35.8749 50
      vertex 18 31.1769 50
      vertex 20 34.641 50
    endloop
  endfacet
  facet normal 0 0 1
    outer loop
      vertex 17.6915 35.8749 50
      vertex 15.9224 32.2874 50
      vertex 18 31.1769 50
    endloop
  endfacet
  facet normal 0 0 1
    outer loop
      vertex 15.3073 36.9552 50
      vertex 15.9224 32.2874 50
      vertex 17.6915 35.8749 50
    endloop
  endfacet
  facet normal 0 0 1
    outer loop
      vertex 15.3073 36.9552 50
      vertex 13.7766 33.2597 50
      vertex 15.9224 32.2874 50
    endloop
  endfacet
  facet normal 0 0 1
    outer loop
      vertex 12.8576 37.8772 50
      vertex 13.7766 33.2597 50
      vertex 15.3073 36.9552 50
    endloop
  endfacet
  facet normal 0 0 1
    outer loop
      vertex 12.8576 37.8772 50
      vertex 11.5718 34.0895 50
      vertex 13.7766 33.2597 50
    endloop
  endfacet
  facet normal 0 0 1
    outer loop
      vertex 10.3528 38.637 50
      vertex 11.5718 34.0895 50
      vertex 12.8576 37.8772 50
    endloop
  endfacet
  facet normal 0 0 1
    outer loop
      vertex 10.3528 38.637 50
      vertex 9.31748 34.7733 50
      vertex 11.5718 34.0895 50
    endloop
  endfacet
  facet normal 0 0 1
    outer loop
      vertex 7.80361 39.2314 50
      vertex 9.31748 34.7733 50
      vertex 10.3528 38.637 50
    endloop
  endfacet
  facet normal 0 0 1
    outer loop
      vertex 7.80361 39.2314 50
      vertex 7.02325 35.3083 50
      vertex 9.31748 34.7733 50
    endloop
  endfacet
  facet normal 0 0 1
    outer loop
      vertex 5.22105 39.6578 50
      vertex 7.02325 35.3083 50
      vertex 7.80361 39.2314 50
    endloop
  endfacet
  facet normal 0 0 1
    outer loop
      vertex 5.22105 39.6578 50
      vertex 4.69894 35.692 50
      vertex 7.02325 35.3083 50
    endloop
  endfacet
  facet normal 0 0 1
    outer loop
      vertex 2.61613 39.9144 50
      vertex 4.69894 35.692 50
      vertex 5.22105 39.6578 50
    endloop
  endfacet
  facet normal 0 0 1
    outer loop
      vertex 2.61613 39.9144 50
      vertex 2.35451 35.9229 50
      vertex 4.69894 35.692 50
    endloop
  endfacet
  facet normal 0 0 1
    outer loop
      vertex 0 40 50
      vertex 2.35451 35.9229 50
      vertex 2.61613 39.9144 50
    endloop
  endfacet
  facet normal 0 0 1
    outer loop
      vertex 0 40 50
      vertex 0 36 50
      vertex 2.35451 35.9229 50
    endloop
  endfacet
  facet normal 0 0 1
    outer loop
      vertex 0 40 50
      vertex -2.35451 35.9229 50
      vertex 0 36 50
    endloop
  endfacet
  facet normal -0 0 1
    outer loop
      vertex -2.61613 39.9144 50
      vertex -2.35451 35.9229 50
      vertex 0 40 50
    endloop
  endfacet
  facet normal 0 0 1
    outer loop
      vertex -2.61613 39.9144 50
      vertex -4.69894 35.692 50
      vertex -2.35451 35.9229 50
    endloop
  endfacet
  facet normal -0 0 1
    outer loop
      vertex -5.22105 39.6578 50
      vertex -4.69894 35.692 50
      vertex -2.61613 39.9144 50
    endloop
  endfacet
  facet normal 0 0 1
    outer loop
      vertex -5.22105 39.6578 50
      vertex -7.02325 35.3083 50
      vertex -4.69894 35.692 50
    endloop
  endfacet
  facet normal -0 0 1
    outer loop
      vertex -7.80361 39.2314 50
      vertex -7.02325 35.3083 50
      vertex -5.22105 39.6578 50
    endloop
  endfacet
  facet normal 0 0 1
    outer loop
      vertex -7.80361 39.2314 50
      vertex -9.31748 34.7733 50
      vertex -7.02325 35.3083 50
    endloop
  endfacet
  facet normal -0 0 1
    outer loop
      vertex -10.3528 38.637 50
      vertex -9.31748 34.7733 50
      vertex -7.80361 39.2314 50
    endloop
  endfacet
  facet normal 0 0 1
    outer loop
      vertex -10.3528 38.637 50
      vertex -11.5718 34.0895 50
      vertex -9.31748 34.7733 50
    endloop
  endfacet
  facet normal -0 0 1
    outer loop
      vertex -12.8576 37.8772 50
      vertex -11.5718 34.0895 50
      vertex -10.3528 38.637 50
    endloop
  endfacet
  facet normal 0 0 1
    outer loop
      vertex -12.8576 37.8772 50
      vertex -13.7766 33.2597 50
      vertex -11.5718 34.0895 50
    endloop
  endfacet
  facet normal -0 0 1
    outer loop
      vertex -15.3073 36.9552 50
      vertex -13.7766 33.2597 50
      vertex -12.8576 37.8772 50
    endloop
  endfacet
  facet normal 0 0 1
    outer loop
      vertex -15.3073 36.9552 50
      vertex -15.9224 32.2874 50
      vertex -13.7766 33.2597 50
    endloop
  endfacet
  facet normal -0 0 1
    outer loop
      vertex -17.6915 35.8749 50
      vertex -15.9224 32.2874 50
      vertex -15.3073 36.9552 50
    endloop
  endfacet
  facet normal 0 0 1
    outer loop
      vertex -17.6915 35.8749 50
      vertex -18 31.1769 50
      vertex -15.9224 32.2874 50
    endloop
  endfacet
  facet normal -0 0 1
    outer loop
      vertex -20 34.641 50
      vertex -18 31.1769 50
      vertex -17.6915 35.8749 50
    endloop
  endfacet
  facet normal 0 0 1
    outer loop
      vertex -20 34.641 50
      vertex -20.0005 29.9329 50
      vertex -18 31.1769 50
    endloop
  endfacet
  facet normal -0 0 1
    outer loop
      vertex -22.2228 33.2588 50
      vertex -20.0005 29.9329 50
      vertex -20 34.641 50
    endloop
  endfacet
  facet normal 0 0 1
    outer loop
      vertex -20.0005 29.9329 50
      vertex -22.2228 33.2588 50
      vertex -21.9154 28.5607 50
    endloop
  endfacet
  facet normal -0 0 1
    outer loop
      vertex -24.3505 31.7341 50
      vertex -21.9154 28.5607 50
      vertex -22.2228 33.2588 50
    endloop
  endfacet
  facet normal 0 0 1
    outer loop
      vertex -21.9154 28.5607 50
      vertex -24.3505 31.7341 50
      vertex -23.7365 27.0662 50
    endloop
  endfacet
  facet normal -0 0 1
    outer loop
      vertex -26.3738 30.0736 50
      vertex -23.7365 27.0662 50
      vertex -24.3505 31.7341 50
    endloop
  endfacet
  facet normal 0 0 1
    outer loop
      vertex -23.7365 27.0662 50
      vertex -26.3738 30.0736 50
      vertex -25.4558 25.4558 50
    endloop
  endfacet
  facet normal -0 0 1
    outer loop
      vertex -28.2843 28.2843 50
      vertex -25.4558 25.4558 50
      vertex -26.3738 30.0736 50
    endloop
  endfacet
  facet normal 0 0 1
    outer loop
      vertex -25.4558 25.4558 50
      vertex -28.2843 28.2843 50
      vertex -27.0662 23.7365 50
    endloop
  endfacet
  facet normal -0 0 1
    outer loop
      vertex -30.0736 26.3738 50
      vertex -27.0662 23.7365 50
      vertex -28.2843 28.2843 50
    endloop
  endfacet
  facet normal 0 0 1
    outer loop
      vertex -27.0662 23.7365 50
      vertex -30.0736 26.3738 50
      vertex -28.5607 21.9154 50
    endloop
  endfacet
  facet normal -0 0 1
    outer loop
      vertex -31.7341 24.3505 50
      vertex -28.5607 21.9154 50
      vertex -30.0736 26.3738 50
    endloop
  endfacet
  facet normal 0 0 1
    outer loop
      vertex -28.5607 21.9154 50
      vertex -31.7341 24.3505 50
      vertex -29.9329 20.0005 50
    endloop
  endfacet
  facet normal -0 0 1
    outer loop
      vertex -33.2588 22.2228 50
      vertex -29.9329 20.0005 50
      vertex -31.7341 24.3505 50
    endloop
  endfacet
  facet normal 0 0 1
    outer loop
      vertex -29.9329 20.0005 50
      vertex -33.2588 22.2228 50
      vertex -31.1769 18 50
    endloop
  endfacet
  facet normal -0 0 1
    outer loop
      vertex -34.641 20 50
      vertex -31.1769 18 50
      vertex -33.2588 22.2228 50
    endloop
  endfacet
  facet normal 0 0 1
    outer loop
      vertex -31.1769 18 50
      vertex -34.641 20 50
      vertex -32.2874 15.9224 50
    endloop
  endfacet
  facet normal -0 0 1
    outer loop
      vertex -35.8749 17.6915 50
      vertex -32.2874 15.9224 50
      vertex -34.641 20 50
    endloop
  endfacet
  facet normal 0 0 1
    outer loop
      vertex -32.2874 15.9224 50
      vertex -35.8749 17.6915 50
      vertex -33.2597 13.7766 50
    endloop
  endfacet
  facet normal -0 0 1
    outer loop
      vertex -36.9552 15.3073 50
      vertex -33.2597 13.7766 50
      vertex -35.8749 17.6915 50
    endloop
  endfacet
  facet normal 0 0 1
    outer loop
      vertex -33.2597 13.7766 50
      vertex -36.9552 15.3073 50
      vertex -34.0895 11.5718 50
    endloop
  endfacet
  facet normal -0 0 1
    outer loop
      vertex -37.8772 12.8576 50
      vertex -34.0895 11.5718 50
      vertex -36.9552 15.3073 50
    endloop
  endfacet
  facet normal 0 0 1
    outer loop
      vertex -34.0895 11.5718 50
      vertex -37.8772 12.8576 50
      vertex -34.7733 9.31748 50
    endloop
  endfacet
  facet normal -0 0 1
    outer loop
      vertex -38.637 10.3528 50
      vertex -34.7733 9.31748 50
      vertex -37.8772 12.8576 50
    endloop
  endfacet
  facet normal 0 0 1
    outer loop
      vertex -34.7733 9.31748 50
      vertex -38.637 10.3528 50
      vertex -35.3083 7.02325 50
    endloop
  endfacet
  facet normal -0 0 1
    outer loop
      vertex -39.2314 7.80361 50
      vertex -35.3083 7.02325 50
      vertex -38.637 10.3528 50
    endloop
  endfacet
  facet normal 0 0 1
    outer loop
      vertex 39.2314 -7.80361 50
      vertex 35.3083 -7.02325 50
      vertex 38.637 -10.3528 50
    endloop
  endfacet
  facet normal -0 0 1
    outer loop
      vertex 34.7733 -9.31748 50
      vertex 38.637 -10.3528 50
      vertex 35.3083 -7.02325 50
    endloop
  endfacet
  facet normal 0 0 1
    outer loop
      vertex 38.637 -10.3528 50
      vertex 34.7733 -9.31748 50
      vertex 37.8772 -12.8576 50
    endloop
  endfacet
  facet normal -0 0 1
    outer loop
      vertex 34.0895 -11.5718 50
      vertex 37.8772 -12.8576 50
      vertex 34.7733 -9.31748 50
    endloop
  endfacet
  facet normal 0 0 1
    outer loop
      vertex 37.8772 -12.8576 50
      vertex 34.0895 -11.5718 50
      vertex 36.9552 -15.3073 50
    endloop
  endfacet
  facet normal -0 0 1
    outer loop
      vertex 33.2597 -13.7766 50
      vertex 36.9552 -15.3073 50
      vertex 34.0895 -11.5718 50
    endloop
  endfacet
  facet normal 0 0 1
    outer loop
      vertex 36.9552 -15.3073 50
      vertex 33.2597 -13.7766 50
      vertex 35.8749 -17.6915 50
    endloop
  endfacet
  facet normal -0 0 1
    outer loop
      vertex 32.2874 -15.9224 50
      vertex 35.8749 -17.6915 50
      vertex 33.2597 -13.7766 50
    endloop
  endfacet
  facet normal 0 0 1
    outer loop
      vertex 35.8749 -17.6915 50
      vertex 32.2874 -15.9224 50
      vertex 34.641 -20 50
    endloop
  endfacet
  facet normal -0 0 1
    outer loop
      vertex 31.1769 -18 50
      vertex 34.641 -20 50
      vertex 32.2874 -15.9224 50
    endloop
  endfacet
  facet normal 0 0 1
    outer loop
      vertex 34.641 -20 50
      vertex 31.1769 -18 50
      vertex 33.2588 -22.2228 50
    endloop
  endfacet
  facet normal -0 0 1
    outer loop
      vertex 29.9329 -20.0005 50
      vertex 33.2588 -22.2228 50
      vertex 31.1769 -18 50
    endloop
  endfacet
  facet normal 0 0 1
    outer loop
      vertex 33.2588 -22.2228 50
      vertex 29.9329 -20.0005 50
      vertex 31.7341 -24.3505 50
    endloop
  endfacet
  facet normal -0 0 1
    outer loop
      vertex 28.5607 -21.9154 50
      vertex 31.7341 -24.3505 50
      vertex 29.9329 -20.0005 50
    endloop
  endfacet
  facet normal 0 0 1
    outer loop
      vertex 31.7341 -24.3505 50
      vertex 28.5607 -21.9154 50
      vertex 30.0736 -26.3738 50
    endloop
  endfacet
  facet normal -0 0 1
    outer loop
      vertex 27.0662 -23.7365 50
      vertex 30.0736 -26.3738 50
      vertex 28.5607 -21.9154 50
    endloop
  endfacet
  facet normal 0 0 1
    outer loop
      vertex 30.0736 -26.3738 50
      vertex 27.0662 -23.7365 50
      vertex 28.2843 -28.2843 50
    endloop
  endfacet
  facet normal -0 0 1
    outer loop
      vertex 25.4558 -25.4558 50
      vertex 28.2843 -28.2843 50
      vertex 27.0662 -23.7365 50
    endloop
  endfacet
  facet normal 0 0 1
    outer loop
      vertex 28.2843 -28.2843 50
      vertex 25.4558 -25.4558 50
      vertex 26.3738 -30.0736 50
    endloop
  endfacet
  facet normal -0 0 1
    outer loop
      vertex 23.7365 -27.0662 50
      vertex 26.3738 -30.0736 50
      vertex 25.4558 -25.4558 50
    endloop
  endfacet
  facet normal 0 0 1
    outer loop
      vertex 26.3738 -30.0736 50
      vertex 23.7365 -27.0662 50
      vertex 24.3505 -31.7341 50
    endloop
  endfacet
  facet normal -0 0 1
    outer loop
      vertex 21.9154 -28.5607 50
      vertex 24.3505 -31.7341 50
      vertex 23.7365 -27.0662 50
    endloop
  endfacet
  facet normal 0 0 1
    outer loop
      vertex 24.3505 -31.7341 50
      vertex 21.9154 -28.5607 50
      vertex 22.2228 -33.2588 50
    endloop
  endfacet
  facet normal -0 0 1
    outer loop
      vertex 20.0005 -29.9329 50
      vertex 22.2228 -33.2588 50
      vertex 21.9154 -28.5607 50
    endloop
  endfacet
  facet normal 0 0 1
    outer loop
      vertex 20.0005 -29.9329 50
      vertex 20 -34.641 50
      vertex 22.2228 -33.2588 50
    endloop
  endfacet
  facet normal -0 0 1
    outer loop
      vertex 18 -31.1769 50
      vertex 20 -34.641 50
      vertex 20.0005 -29.9329 50
    endloop
  endfacet
  facet normal 0 0 1
    outer loop
      vertex 18 -31.1769 50
      vertex 17.6915 -35.8749 50
      vertex 20 -34.641 50
    endloop
  endfacet
  facet normal -0 0 1
    outer loop
      vertex 15.9224 -32.2874 50
      vertex 17.6915 -35.8749 50
      vertex 18 -31.1769 50
    endloop
  endfacet
  facet normal 0 0 1
    outer loop
      vertex 15.9224 -32.2874 50
      vertex 15.3073 -36.9552 50
      vertex 17.6915 -35.8749 50
    endloop
  endfacet
  facet normal -0 0 1
    outer loop
      vertex 13.7766 -33.2597 50
      vertex 15.3073 -36.9552 50
      vertex 15.9224 -32.2874 50
    endloop
  endfacet
  facet normal 0 0 1
    outer loop
      vertex 13.7766 -33.2597 50
      vertex 12.8576 -37.8772 50
      vertex 15.3073 -36.9552 50
    endloop
  endfacet
  facet normal -0 0 1
    outer loop
      vertex 11.5718 -34.0895 50
      vertex 12.8576 -37.8772 50
      vertex 13.7766 -33.2597 50
    endloop
  endfacet
  facet normal 0 0 1
    outer loop
      vertex 11.5718 -34.0895 50
      vertex 10.3528 -38.637 50
      vertex 12.8576 -37.8772 50
    endloop
  endfacet
  facet normal -0 0 1
    outer loop
      vertex 9.31748 -34.7733 50
      vertex 10.3528 -38.637 50
      vertex 11.5718 -34.0895 50
    endloop
  endfacet
  facet normal 0 0 1
    outer loop
      vertex 9.31748 -34.7733 50
      vertex 7.80361 -39.2314 50
      vertex 10.3528 -38.637 50
    endloop
  endfacet
  facet normal -0 0 1
    outer loop
      vertex 7.02325 -35.3083 50
      vertex 7.80361 -39.2314 50
      vertex 9.31748 -34.7733 50
    endloop
  endfacet
  facet normal 0 0 1
    outer loop
      vertex 7.02325 -35.3083 50
      vertex 5.22105 -39.6578 50
      vertex 7.80361 -39.2314 50
    endloop
  endfacet
  facet normal -0 0 1
    outer loop
      vertex 4.69894 -35.692 50
      vertex 5.22105 -39.6578 50
      vertex 7.02325 -35.3083 50
    endloop
  endfacet
  facet normal 0 0 1
    outer loop
      vertex 4.69894 -35.692 50
      vertex 2.61613 -39.9144 50
      vertex 5.22105 -39.6578 50
    endloop
  endfacet
  facet normal -0 0 1
    outer loop
      vertex 2.35451 -35.9229 50
      vertex 2.61613 -39.9144 50
      vertex 4.69894 -35.692 50
    endloop
  endfacet
  facet normal -0 0 1
    outer loop
      vertex 0 -36 50
      vertex 2.61613 -39.9144 50
      vertex 2.35451 -35.9229 50
    endloop
  endfacet
  facet normal 0 0 1
    outer loop
      vertex 0 -36 50
      vertex 0 -40 50
      vertex 2.61613 -39.9144 50
    endloop
  endfacet
  facet normal 0 0 1
    outer loop
      vertex -2.35451 -35.9229 50
      vertex 0 -40 50
      vertex 0 -36 50
    endloop
  endfacet
  facet normal 0 0 1
    outer loop
      vertex -2.35451 -35.9229 50
      vertex -2.61613 -39.9144 50
      vertex 0 -40 50
    endloop
  endfacet
  facet normal 0 0 1
    outer loop
      vertex -4.69894 -35.692 50
      vertex -2.61613 -39.9144 50
      vertex -2.35451 -35.9229 50
    endloop
  endfacet
  facet normal 0 0 1
    outer loop
      vertex -4.69894 -35.692 50
      vertex -5.22105 -39.6578 50
      vertex -2.61613 -39.9144 50
    endloop
  endfacet
  facet normal 0 0 1
    outer loop
      vertex -7.02325 -35.3083 50
      vertex -5.22105 -39.6578 50
      vertex -4.69894 -35.692 50
    endloop
  endfacet
  facet normal 0 0 1
    outer loop
      vertex -7.02325 -35.3083 50
      vertex -7.80361 -39.2314 50
      vertex -5.22105 -39.6578 50
    endloop
  endfacet
  facet normal 0 0 1
    outer loop
      vertex -9.31748 -34.7733 50
      vertex -7.80361 -39.2314 50
      vertex -7.02325 -35.3083 50
    endloop
  endfacet
  facet normal 0 0 1
    outer loop
      vertex -9.31748 -34.7733 50
      vertex -10.3528 -38.637 50
      vertex -7.80361 -39.2314 50
    endloop
  endfacet
  facet normal 0 0 1
    outer loop
      vertex -11.5718 -34.0895 50
      vertex -10.3528 -38.637 50
      vertex -9.31748 -34.7733 50
    endloop
  endfacet
  facet normal 0 0 1
    outer loop
      vertex -11.5718 -34.0895 50
      vertex -12.8576 -37.8772 50
      vertex -10.3528 -38.637 50
    endloop
  endfacet
  facet normal 0 0 1
    outer loop
      vertex -13.7766 -33.2597 50
      vertex -12.8576 -37.8772 50
      vertex -11.5718 -34.0895 50
    endloop
  endfacet
  facet normal 0 0 1
    outer loop
      vertex -13.7766 -33.2597 50
      vertex -15.3073 -36.9552 50
      vertex -12.8576 -37.8772 50
    endloop
  endfacet
  facet normal 0 0 1
    outer loop
      vertex -15.9224 -32.2874 50
      vertex -15.3073 -36.9552 50
      vertex -13.7766 -33.2597 50
    endloop
  endfacet
  facet normal 0 0 1
    outer loop
      vertex -15.9224 -32.2874 50
      vertex -17.6915 -35.8749 50
      vertex -15.3073 -36.9552 50
    endloop
  endfacet
  facet normal 0 0 1
    outer loop
      vertex -18 -31.1769 50
      vertex -17.6915 -35.8749 50
      vertex -15.9224 -32.2874 50
    endloop
  endfacet
  facet normal 0 0 1
    outer loop
      vertex -18 -31.1769 50
      vertex -20 -34.641 50
      vertex -17.6915 -35.8749 50
    endloop
  endfacet
  facet normal 0 0 1
    outer loop
      vertex -20.0005 -29.9329 50
      vertex -20 -34.641 50
      vertex -18 -31.1769 50
    endloop
  endfacet
  facet normal 0 0 1
    outer loop
      vertex -22.2228 -33.2588 50
      vertex -20.0005 -29.9329 50
      vertex -21.9154 -28.5607 50
    endloop
  endfacet
  facet normal 0 0 1
    outer loop
      vertex -20.0005 -29.9329 50
      vertex -22.2228 -33.2588 50
      vertex -20 -34.641 50
    endloop
  endfacet
  facet normal 0 0 1
    outer loop
      vertex -24.3505 -31.7341 50
      vertex -21.9154 -28.5607 50
      vertex -23.7365 -27.0662 50
    endloop
  endfacet
  facet normal 0 0 1
    outer loop
      vertex -21.9154 -28.5607 50
      vertex -24.3505 -31.7341 50
      vertex -22.2228 -33.2588 50
    endloop
  endfacet
  facet normal 0 0 1
    outer loop
      vertex -26.3738 -30.0736 50
      vertex -23.7365 -27.0662 50
      vertex -25.4558 -25.4558 50
    endloop
  endfacet
  facet normal 0 0 1
    outer loop
      vertex -23.7365 -27.0662 50
      vertex -26.3738 -30.0736 50
      vertex -24.3505 -31.7341 50
    endloop
  endfacet
  facet normal 0 0 1
    outer loop
      vertex -28.2843 -28.2843 50
      vertex -25.4558 -25.4558 50
      vertex -27.0662 -23.7365 50
    endloop
  endfacet
  facet normal 0 0 1
    outer loop
      vertex -25.4558 -25.4558 50
      vertex -28.2843 -28.2843 50
      vertex -26.3738 -30.0736 50
    endloop
  endfacet
  facet normal 0 0 1
    outer loop
      vertex -30.0736 -26.3738 50
      vertex -27.0662 -23.7365 50
      vertex -28.5607 -21.9154 50
    endloop
  endfacet
  facet normal 0 0 1
    outer loop
      vertex -31.7341 -24.3505 50
      vertex -28.5607 -21.9154 50
      vertex -29.9329 -20.0005 50
    endloop
  endfacet
  facet normal 0 0 1
    outer loop
      vertex -27.0662 -23.7365 50
      vertex -30.0736 -26.3738 50
      vertex -28.2843 -28.2843 50
    endloop
  endfacet
  facet normal 0 0 1
    outer loop
      vertex -33.2588 -22.2228 50
      vertex -29.9329 -20.0005 50
      vertex -31.1769 -18 50
    endloop
  endfacet
  facet normal 0 0 1
    outer loop
      vertex -28.5607 -21.9154 50
      vertex -31.7341 -24.3505 50
      vertex -30.0736 -26.3738 50
    endloop
  endfacet
  facet normal 0 0 1
    outer loop
      vertex -34.641 -20 50
      vertex -31.1769 -18 50
      vertex -32.2874 -15.9224 50
    endloop
  endfacet
  facet normal 0 0 1
    outer loop
      vertex -29.9329 -20.0005 50
      vertex -33.2588 -22.2228 50
      vertex -31.7341 -24.3505 50
    endloop
  endfacet
  facet normal 0 0 1
    outer loop
      vertex -35.8749 -17.6915 50
      vertex -32.2874 -15.9224 50
      vertex -33.2597 -13.7766 50
    endloop
  endfacet
  facet normal 0 0 1
    outer loop
      vertex -36.9552 -15.3073 50
      vertex -33.2597 -13.7766 50
      vertex -34.0895 -11.5718 50
    endloop
  endfacet
  facet normal 0 0 1
    outer loop
      vertex -31.1769 -18 50
      vertex -34.641 -20 50
      vertex -33.2588 -22.2228 50
    endloop
  endfacet
  facet normal 0 0 1
    outer loop
      vertex -37.8772 -12.8576 50
      vertex -34.0895 -11.5718 50
      vertex -34.7733 -9.31748 50
    endloop
  endfacet
  facet normal 0 0 1
    outer loop
      vertex -38.637 -10.3528 50
      vertex -34.7733 -9.31748 50
      vertex -35.3083 -7.02325 50
    endloop
  endfacet
  facet normal 0 0 1
    outer loop
      vertex -39.2314 -7.80361 50
      vertex -35.3083 -7.02325 50
      vertex -35.692 -4.69894 50
    endloop
  endfacet
  facet normal 0 0 1
    outer loop
      vertex -32.2874 -15.9224 50
      vertex -35.8749 -17.6915 50
      vertex -34.641 -20 50
    endloop
  endfacet
  facet normal 0 0 1
    outer loop
      vertex -39.6578 -5.22105 50
      vertex -35.692 -4.69894 50
      vertex -35.9229 -2.35451 50
    endloop
  endfacet
  facet normal 0 0 1
    outer loop
      vertex -39.9144 -2.61613 50
      vertex -35.9229 -2.35451 50
      vertex -36 0 50
    endloop
  endfacet
  facet normal 0 0 1
    outer loop
      vertex -35.3083 7.02325 50
      vertex -39.2314 7.80361 50
      vertex -35.692 4.69894 50
    endloop
  endfacet
  facet normal 0 0 1
    outer loop
      vertex -33.2597 -13.7766 50
      vertex -36.9552 -15.3073 50
      vertex -35.8749 -17.6915 50
    endloop
  endfacet
  facet normal -0 0 1
    outer loop
      vertex -39.6578 5.22105 50
      vertex -35.692 4.69894 50
      vertex -39.2314 7.80361 50
    endloop
  endfacet
  facet normal 0 0 1
    outer loop
      vertex -34.0895 -11.5718 50
      vertex -37.8772 -12.8576 50
      vertex -36.9552 -15.3073 50
    endloop
  endfacet
  facet normal 0 0 1
    outer loop
      vertex -35.692 4.69894 50
      vertex -39.6578 5.22105 50
      vertex -35.9229 2.35451 50
    endloop
  endfacet
  facet normal 0 0 1
    outer loop
      vertex -34.7733 -9.31748 50
      vertex -38.637 -10.3528 50
      vertex -37.8772 -12.8576 50
    endloop
  endfacet
  facet normal -0 0 1
    outer loop
      vertex -39.9144 2.61613 50
      vertex -35.9229 2.35451 50
      vertex -39.6578 5.22105 50
    endloop
  endfacet
  facet normal 0 0 1
    outer loop
      vertex -35.3083 -7.02325 50
      vertex -39.2314 -7.80361 50
      vertex -38.637 -10.3528 50
    endloop
  endfacet
  facet normal 0 0 1
    outer loop
      vertex -35.9229 2.35451 50
      vertex -39.9144 2.61613 50
      vertex -36 0 50
    endloop
  endfacet
  facet normal 0 0 1
    outer loop
      vertex -35.692 -4.69894 50
      vertex -39.6578 -5.22105 50
      vertex -39.2314 -7.80361 50
    endloop
  endfacet
  facet normal 0 0 1
    outer loop
      vertex -40 0 50
      vertex -36 0 50
      vertex -39.9144 2.61613 50
    endloop
  endfacet
  facet normal 0 0 1
    outer loop
      vertex -35.9229 -2.35451 50
      vertex -39.9144 -2.61613 50
      vertex -39.6578 -5.22105 50
    endloop
  endfacet
  facet normal 0 0 1
    outer loop
      vertex -36 0 50
      vertex -40 0 50
      vertex -39.9144 -2.61613 50
    endloop
  endfacet
  facet normal -0.412718 -0.910859 0
    outer loop
      vertex -17.6915 -35.8749 -50
      vertex -15.3073 -36.9552 50
      vertex -17.6915 -35.8749 50
    endloop
  endfacet
  facet normal -0.412718 -0.910859 -0
    outer loop
      vertex -15.3073 -36.9552 50
      vertex -17.6915 -35.8749 -50
      vertex -15.3073 -36.9552 -50
    endloop
  endfacet
  facet normal -0.471391 0.881924 0
    outer loop
      vertex -17.6915 35.8749 -50
      vertex -20 34.641 50
      vertex -17.6915 35.8749 50
    endloop
  endfacet
  facet normal -0.471391 0.881924 0
    outer loop
      vertex -20 34.641 50
      vertex -17.6915 35.8749 -50
      vertex -20 34.641 -50
    endloop
  endfacet
  facet normal -0.582481 -0.812845 0
    outer loop
      vertex -24.3505 -31.7341 -50
      vertex -22.2228 -33.2588 50
      vertex -24.3505 -31.7341 50
    endloop
  endfacet
  facet normal -0.582481 -0.812845 -0
    outer loop
      vertex -22.2228 -33.2588 50
      vertex -24.3505 -31.7341 -50
      vertex -22.2228 -33.2588 -50
    endloop
  endfacet
  facet normal 0.582481 -0.812845 0
    outer loop
      vertex 22.2228 -33.2588 -50
      vertex 24.3505 -31.7341 50
      vertex 22.2228 -33.2588 50
    endloop
  endfacet
  facet normal 0.582481 -0.812845 0
    outer loop
      vertex 24.3505 -31.7341 50
      vertex 22.2228 -33.2588 -50
      vertex 24.3505 -31.7341 -50
    endloop
  endfacet
  facet normal 0 0 -1
    outer loop
      vertex 37.9615 -1.17726 -50
      vertex 40 0 -50
      vertex 39.9144 -2.61613 -50
    endloop
  endfacet
  facet normal 0 0 -1
    outer loop
      vertex 37.7904 -3.78778 -50
      vertex 39.9144 -2.61613 -50
      vertex 39.6578 -5.22105 -50
    endloop
  endfacet
  facet normal -0 0 -1
    outer loop
      vertex 40 0 -50
      vertex 37.9615 -1.17726 -50
      vertex 38 0 -50
    endloop
  endfacet
  facet normal 0 0 -1
    outer loop
      vertex 37.4617 -6.25128 -50
      vertex 39.6578 -5.22105 -50
      vertex 39.2314 -7.80361 -50
    endloop
  endfacet
  facet normal 0 0 -1
    outer loop
      vertex 37.9615 1.17726 -50
      vertex 40 0 -50
      vertex 38 0 -50
    endloop
  endfacet
  facet normal 0 0 -1
    outer loop
      vertex 37.0024 -8.56055 -50
      vertex 39.2314 -7.80361 -50
      vertex 38.637 -10.3528 -50
    endloop
  endfacet
  facet normal 0 0 -1
    outer loop
      vertex 40 0 -50
      vertex 37.9615 1.17726 -50
      vertex 39.9144 2.61613 -50
    endloop
  endfacet
  facet normal 0 0 -1
    outer loop
      vertex 37.7904 3.78778 -50
      vertex 39.9144 2.61613 -50
      vertex 37.9186 2.48532 -50
    endloop
  endfacet
  facet normal 0 0 -1
    outer loop
      vertex 37.9186 2.48532 -50
      vertex 39.9144 2.61613 -50
      vertex 37.9615 1.17726 -50
    endloop
  endfacet
  facet normal 0 0 -1
    outer loop
      vertex 39.9144 -2.61613 -50
      vertex 37.9186 -2.48532 -50
      vertex 37.9615 -1.17726 -50
    endloop
  endfacet
  facet normal 0 0 -1
    outer loop
      vertex 36.3253 -11.0875 -50
      vertex 38.637 -10.3528 -50
      vertex 37.8772 -12.8576 -50
    endloop
  endfacet
  facet normal -0 0 -1
    outer loop
      vertex 39.9144 -2.61613 -50
      vertex 37.7904 -3.78778 -50
      vertex 37.9186 -2.48532 -50
    endloop
  endfacet
  facet normal 0 0 -1
    outer loop
      vertex 39.6578 -5.22105 -50
      vertex 37.6749 -4.95999 -50
      vertex 37.7904 -3.78778 -50
    endloop
  endfacet
  facet normal -0 0 -1
    outer loop
      vertex 39.6578 -5.22105 -50
      vertex 37.4617 -6.25128 -50
      vertex 37.6749 -4.95999 -50
    endloop
  endfacet
  facet normal 0 0 -1
    outer loop
      vertex 39.2314 -7.80361 -50
      vertex 37.2698 -7.41343 -50
      vertex 37.4617 -6.25128 -50
    endloop
  endfacet
  facet normal -0 0 -1
    outer loop
      vertex 39.2314 -7.80361 -50
      vertex 37.0024 -8.56055 -50
      vertex 37.2698 -7.41343 -50
    endloop
  endfacet
  facet normal 0 0 -1
    outer loop
      vertex 35.5223 -13.4396 -50
      vertex 37.8772 -12.8576 -50
      vertex 36.9552 -15.3073 -50
    endloop
  endfacet
  facet normal 0 0 -1
    outer loop
      vertex 38.637 -10.3528 -50
      vertex 36.7052 -9.83512 -50
      vertex 37.0024 -8.56055 -50
    endloop
  endfacet
  facet normal -0 0 -1
    outer loop
      vertex 38.637 -10.3528 -50
      vertex 36.3253 -11.0875 -50
      vertex 36.7052 -9.83512 -50
    endloop
  endfacet
  facet normal 0 0 -1
    outer loop
      vertex 37.8772 -12.8576 -50
      vertex 35.9833 -12.2147 -50
      vertex 36.3253 -11.0875 -50
    endloop
  endfacet
  facet normal 0 0 -1
    outer loop
      vertex 34.6213 -15.6149 -50
      vertex 36.9552 -15.3073 -50
      vertex 35.8749 -17.6915 -50
    endloop
  endfacet
  facet normal -0 0 -1
    outer loop
      vertex 37.8772 -12.8576 -50
      vertex 35.5223 -13.4396 -50
      vertex 35.9833 -12.2147 -50
    endloop
  endfacet
  facet normal 0 0 -1
    outer loop
      vertex 36.9552 -15.3073 -50
      vertex 35.1074 -14.542 -50
      vertex 35.5223 -13.4396 -50
    endloop
  endfacet
  facet normal 0 0 -1
    outer loop
      vertex 33.4642 -17.9612 -50
      vertex 35.8749 -17.6915 -50
      vertex 34.641 -20 -50
    endloop
  endfacet
  facet normal -0 0 -1
    outer loop
      vertex 36.9552 -15.3073 -50
      vertex 34.6213 -15.6149 -50
      vertex 35.1074 -14.542 -50
    endloop
  endfacet
  facet normal 0 0 -1
    outer loop
      vertex 35.8749 -17.6915 -50
      vertex 34.0812 -16.807 -50
      vertex 34.6213 -15.6149 -50
    endloop
  endfacet
  facet normal -0 0 -1
    outer loop
      vertex 35.8749 -17.6915 -50
      vertex 33.4642 -17.9612 -50
      vertex 34.0812 -16.807 -50
    endloop
  endfacet
  facet normal 0 0 -1
    outer loop
      vertex 32.2178 -20.1114 -50
      vertex 34.641 -20 -50
      vertex 33.2588 -22.2228 -50
    endloop
  endfacet
  facet normal 0 0 -1
    outer loop
      vertex 34.641 -20 -50
      vertex 32.909 -19 -50
      vertex 33.4642 -17.9612 -50
    endloop
  endfacet
  facet normal -0 0 -1
    outer loop
      vertex 34.641 -20 -50
      vertex 32.2178 -20.1114 -50
      vertex 32.909 -19 -50
    endloop
  endfacet
  facet normal 0 0 -1
    outer loop
      vertex 30.9098 -22.0691 -50
      vertex 33.2588 -22.2228 -50
      vertex 31.7341 -24.3505 -50
    endloop
  endfacet
  facet normal 0 0 -1
    outer loop
      vertex 33.2588 -22.2228 -50
      vertex 31.5958 -21.1117 -50
      vertex 32.2178 -20.1114 -50
    endloop
  endfacet
  facet normal 0 0 -1
    outer loop
      vertex 33.2588 -22.2228 -50
      vertex 30.9098 -22.0691 -50
      vertex 31.5958 -21.1117 -50
    endloop
  endfacet
  facet normal 0 0 -1
    outer loop
      vertex 31.7341 -24.3505 -50
      vertex 30.1474 -23.1329 -50
      vertex 30.9098 -22.0691 -50
    endloop
  endfacet
  facet normal 0 0 -1
    outer loop
      vertex 29.3172 -24.1446 -50
      vertex 31.7341 -24.3505 -50
      vertex 30.0736 -26.3738 -50
    endloop
  endfacet
  facet normal 0 0 -1
    outer loop
      vertex 31.7341 -24.3505 -50
      vertex 29.3172 -24.1446 -50
      vertex 30.1474 -23.1329 -50
    endloop
  endfacet
  facet normal 0 0 -1
    outer loop
      vertex 30.0736 -26.3738 -50
      vertex 28.5699 -25.0551 -50
      vertex 29.3172 -24.1446 -50
    endloop
  endfacet
  facet normal 0 0 -1
    outer loop
      vertex 27.6753 -26.0104 -50
      vertex 30.0736 -26.3738 -50
      vertex 28.2843 -28.2843 -50
    endloop
  endfacet
  facet normal 0 0 -1
    outer loop
      vertex 30.0736 -26.3738 -50
      vertex 27.6753 -26.0104 -50
      vertex 28.5699 -25.0551 -50
    endloop
  endfacet
  facet normal 0 0 -1
    outer loop
      vertex 28.2843 -28.2843 -50
      vertex 26.8701 -26.8701 -50
      vertex 27.6753 -26.0104 -50
    endloop
  endfacet
  facet normal 0 0 -1
    outer loop
      vertex 26.0104 -27.6753 -50
      vertex 28.2843 -28.2843 -50
      vertex 26.3738 -30.0736 -50
    endloop
  endfacet
  facet normal 0 0 -1
    outer loop
      vertex 28.2843 -28.2843 -50
      vertex 26.0104 -27.6753 -50
      vertex 26.8701 -26.8701 -50
    endloop
  endfacet
  facet normal 0 0 -1
    outer loop
      vertex 26.3738 -30.0736 -50
      vertex 25.0551 -28.5699 -50
      vertex 26.0104 -27.6753 -50
    endloop
  endfacet
  facet normal 0 0 -1
    outer loop
      vertex 24.1446 -29.3172 -50
      vertex 26.3738 -30.0736 -50
      vertex 24.3505 -31.7341 -50
    endloop
  endfacet
  facet normal 0 0 -1
    outer loop
      vertex 26.3738 -30.0736 -50
      vertex 24.1446 -29.3172 -50
      vertex 25.0551 -28.5699 -50
    endloop
  endfacet
  facet normal 0 0 -1
    outer loop
      vertex 24.3505 -31.7341 -50
      vertex 23.1329 -30.1474 -50
      vertex 24.1446 -29.3172 -50
    endloop
  endfacet
  facet normal 0 0 -1
    outer loop
      vertex 22.0691 -30.9098 -50
      vertex 24.3505 -31.7341 -50
      vertex 22.2228 -33.2588 -50
    endloop
  endfacet
  facet normal 0 0 -1
    outer loop
      vertex 24.3505 -31.7341 -50
      vertex 22.0691 -30.9098 -50
      vertex 23.1329 -30.1474 -50
    endloop
  endfacet
  facet normal 0 0 -1
    outer loop
      vertex 22.2228 -33.2588 -50
      vertex 21.1117 -31.5958 -50
      vertex 22.0691 -30.9098 -50
    endloop
  endfacet
  facet normal 0 0 -1
    outer loop
      vertex 22.2228 -33.2588 -50
      vertex 20.1114 -32.2178 -50
      vertex 21.1117 -31.5958 -50
    endloop
  endfacet
  facet normal 0 0 -1
    outer loop
      vertex 20 -34.641 -50
      vertex 20.1114 -32.2178 -50
      vertex 22.2228 -33.2588 -50
    endloop
  endfacet
  facet normal 0 0 -1
    outer loop
      vertex 20 -34.641 -50
      vertex 19 -32.909 -50
      vertex 20.1114 -32.2178 -50
    endloop
  endfacet
  facet normal 0 0 -1
    outer loop
      vertex 20 -34.641 -50
      vertex 17.9612 -33.4642 -50
      vertex 19 -32.909 -50
    endloop
  endfacet
  facet normal 0 0 -1
    outer loop
      vertex 17.6915 -35.8749 -50
      vertex 17.9612 -33.4642 -50
      vertex 20 -34.641 -50
    endloop
  endfacet
  facet normal 0 0 -1
    outer loop
      vertex 17.6915 -35.8749 -50
      vertex 16.807 -34.0812 -50
      vertex 17.9612 -33.4642 -50
    endloop
  endfacet
  facet normal 0 0 -1
    outer loop
      vertex 17.6915 -35.8749 -50
      vertex 15.6149 -34.6213 -50
      vertex 16.807 -34.0812 -50
    endloop
  endfacet
  facet normal 0 0 -1
    outer loop
      vertex 15.3073 -36.9552 -50
      vertex 15.6149 -34.6213 -50
      vertex 17.6915 -35.8749 -50
    endloop
  endfacet
  facet normal 0 0 -1
    outer loop
      vertex 15.3073 -36.9552 -50
      vertex 14.542 -35.1074 -50
      vertex 15.6149 -34.6213 -50
    endloop
  endfacet
  facet normal 0 0 -1
    outer loop
      vertex 15.3073 -36.9552 -50
      vertex 13.4396 -35.5223 -50
      vertex 14.542 -35.1074 -50
    endloop
  endfacet
  facet normal 0 0 -1
    outer loop
      vertex 12.8576 -37.8772 -50
      vertex 13.4396 -35.5223 -50
      vertex 15.3073 -36.9552 -50
    endloop
  endfacet
  facet normal 0 0 -1
    outer loop
      vertex 12.8576 -37.8772 -50
      vertex 12.2147 -35.9833 -50
      vertex 13.4396 -35.5223 -50
    endloop
  endfacet
  facet normal 0 0 -1
    outer loop
      vertex 12.8576 -37.8772 -50
      vertex 11.0875 -36.3253 -50
      vertex 12.2147 -35.9833 -50
    endloop
  endfacet
  facet normal 0 0 -1
    outer loop
      vertex 10.3528 -38.637 -50
      vertex 11.0875 -36.3253 -50
      vertex 12.8576 -37.8772 -50
    endloop
  endfacet
  facet normal 0 0 -1
    outer loop
      vertex 10.3528 -38.637 -50
      vertex 9.83512 -36.7052 -50
      vertex 11.0875 -36.3253 -50
    endloop
  endfacet
  facet normal 0 0 -1
    outer loop
      vertex 10.3528 -38.637 -50
      vertex 8.56055 -37.0024 -50
      vertex 9.83512 -36.7052 -50
    endloop
  endfacet
  facet normal 0 0 -1
    outer loop
      vertex 7.80361 -39.2314 -50
      vertex 8.56055 -37.0024 -50
      vertex 10.3528 -38.637 -50
    endloop
  endfacet
  facet normal 0 0 -1
    outer loop
      vertex 7.80361 -39.2314 -50
      vertex 7.41343 -37.2698 -50
      vertex 8.56055 -37.0024 -50
    endloop
  endfacet
  facet normal 0 0 -1
    outer loop
      vertex 7.80361 -39.2314 -50
      vertex 6.25128 -37.4617 -50
      vertex 7.41343 -37.2698 -50
    endloop
  endfacet
  facet normal 0 0 -1
    outer loop
      vertex 5.22105 -39.6578 -50
      vertex 6.25128 -37.4617 -50
      vertex 7.80361 -39.2314 -50
    endloop
  endfacet
  facet normal 0 0 -1
    outer loop
      vertex 5.22105 -39.6578 -50
      vertex 4.95999 -37.6749 -50
      vertex 6.25128 -37.4617 -50
    endloop
  endfacet
  facet normal 0 0 -1
    outer loop
      vertex 5.22105 -39.6578 -50
      vertex 3.78778 -37.7904 -50
      vertex 4.95999 -37.6749 -50
    endloop
  endfacet
  facet normal 0 0 -1
    outer loop
      vertex 2.61613 -39.9144 -50
      vertex 3.78778 -37.7904 -50
      vertex 5.22105 -39.6578 -50
    endloop
  endfacet
  facet normal 0 0 -1
    outer loop
      vertex 2.61613 -39.9144 -50
      vertex 2.48532 -37.9186 -50
      vertex 3.78778 -37.7904 -50
    endloop
  endfacet
  facet normal 0 0 -1
    outer loop
      vertex 2.61613 -39.9144 -50
      vertex 1.17726 -37.9615 -50
      vertex 2.48532 -37.9186 -50
    endloop
  endfacet
  facet normal 0 0 -1
    outer loop
      vertex 0 -40 -50
      vertex 1.17726 -37.9615 -50
      vertex 2.61613 -39.9144 -50
    endloop
  endfacet
  facet normal 0 0 -1
    outer loop
      vertex 0 -40 -50
      vertex 0 -38 -50
      vertex 1.17726 -37.9615 -50
    endloop
  endfacet
  facet normal 0 0 -1
    outer loop
      vertex 0 -40 -50
      vertex -1.17726 -37.9615 -50
      vertex 0 -38 -50
    endloop
  endfacet
  facet normal 0 0 -1
    outer loop
      vertex -2.61613 -39.9144 -50
      vertex -1.17726 -37.9615 -50
      vertex 0 -40 -50
    endloop
  endfacet
  facet normal -0 0 -1
    outer loop
      vertex -1.17726 -37.9615 -50
      vertex -2.61613 -39.9144 -50
      vertex -2.48532 -37.9186 -50
    endloop
  endfacet
  facet normal 0 0 -1
    outer loop
      vertex -2.61613 -39.9144 -50
      vertex -3.78778 -37.7904 -50
      vertex -2.48532 -37.9186 -50
    endloop
  endfacet
  facet normal 0 0 -1
    outer loop
      vertex -5.22105 -39.6578 -50
      vertex -3.78778 -37.7904 -50
      vertex -2.61613 -39.9144 -50
    endloop
  endfacet
  facet normal -0 0 -1
    outer loop
      vertex -3.78778 -37.7904 -50
      vertex -5.22105 -39.6578 -50
      vertex -4.95999 -37.6749 -50
    endloop
  endfacet
  facet normal 0 0 -1
    outer loop
      vertex -5.22105 -39.6578 -50
      vertex -6.25128 -37.4617 -50
      vertex -4.95999 -37.6749 -50
    endloop
  endfacet
  facet normal 0 0 -1
    outer loop
      vertex -7.80361 -39.2314 -50
      vertex -6.25128 -37.4617 -50
      vertex -5.22105 -39.6578 -50
    endloop
  endfacet
  facet normal -0 0 -1
    outer loop
      vertex -6.25128 -37.4617 -50
      vertex -7.80361 -39.2314 -50
      vertex -7.41343 -37.2698 -50
    endloop
  endfacet
  facet normal 0 0 -1
    outer loop
      vertex -7.80361 -39.2314 -50
      vertex -8.56055 -37.0024 -50
      vertex -7.41343 -37.2698 -50
    endloop
  endfacet
  facet normal 0 0 -1
    outer loop
      vertex -10.3528 -38.637 -50
      vertex -8.56055 -37.0024 -50
      vertex -7.80361 -39.2314 -50
    endloop
  endfacet
  facet normal -0 0 -1
    outer loop
      vertex -8.56055 -37.0024 -50
      vertex -10.3528 -38.637 -50
      vertex -9.83512 -36.7052 -50
    endloop
  endfacet
  facet normal 0 0 -1
    outer loop
      vertex -10.3528 -38.637 -50
      vertex -11.0875 -36.3253 -50
      vertex -9.83512 -36.7052 -50
    endloop
  endfacet
  facet normal 0 0 -1
    outer loop
      vertex -12.8576 -37.8772 -50
      vertex -11.0875 -36.3253 -50
      vertex -10.3528 -38.637 -50
    endloop
  endfacet
  facet normal -0 0 -1
    outer loop
      vertex -11.0875 -36.3253 -50
      vertex -12.8576 -37.8772 -50
      vertex -12.2147 -35.9833 -50
    endloop
  endfacet
  facet normal 0 0 -1
    outer loop
      vertex -12.8576 -37.8772 -50
      vertex -13.4396 -35.5223 -50
      vertex -12.2147 -35.9833 -50
    endloop
  endfacet
  facet normal 0 0 -1
    outer loop
      vertex -15.3073 -36.9552 -50
      vertex -13.4396 -35.5223 -50
      vertex -12.8576 -37.8772 -50
    endloop
  endfacet
  facet normal -0 0 -1
    outer loop
      vertex -13.4396 -35.5223 -50
      vertex -15.3073 -36.9552 -50
      vertex -14.542 -35.1074 -50
    endloop
  endfacet
  facet normal 0 0 -1
    outer loop
      vertex -15.3073 -36.9552 -50
      vertex -15.6149 -34.6213 -50
      vertex -14.542 -35.1074 -50
    endloop
  endfacet
  facet normal 0 0 -1
    outer loop
      vertex -17.6915 -35.8749 -50
      vertex -15.6149 -34.6213 -50
      vertex -15.3073 -36.9552 -50
    endloop
  endfacet
  facet normal -0 0 -1
    outer loop
      vertex -15.6149 -34.6213 -50
      vertex -17.6915 -35.8749 -50
      vertex -16.807 -34.0812 -50
    endloop
  endfacet
  facet normal 0 0 -1
    outer loop
      vertex -17.6915 -35.8749 -50
      vertex -17.9612 -33.4642 -50
      vertex -16.807 -34.0812 -50
    endloop
  endfacet
  facet normal 0 0 -1
    outer loop
      vertex -20 -34.641 -50
      vertex -17.9612 -33.4642 -50
      vertex -17.6915 -35.8749 -50
    endloop
  endfacet
  facet normal -0 0 -1
    outer loop
      vertex -17.9612 -33.4642 -50
      vertex -20 -34.641 -50
      vertex -19 -32.909 -50
    endloop
  endfacet
  facet normal 0 0 -1
    outer loop
      vertex -20 -34.641 -50
      vertex -20.1114 -32.2178 -50
      vertex -19 -32.909 -50
    endloop
  endfacet
  facet normal 0 0 -1
    outer loop
      vertex -22.2228 -33.2588 -50
      vertex -20.1114 -32.2178 -50
      vertex -20 -34.641 -50
    endloop
  endfacet
  facet normal -0 0 -1
    outer loop
      vertex -20.1114 -32.2178 -50
      vertex -22.2228 -33.2588 -50
      vertex -21.1117 -31.5958 -50
    endloop
  endfacet
  facet normal -0 0 -1
    outer loop
      vertex -21.1117 -31.5958 -50
      vertex -22.2228 -33.2588 -50
      vertex -22.0691 -30.9098 -50
    endloop
  endfacet
  facet normal 0 0 -1
    outer loop
      vertex -24.3505 -31.7341 -50
      vertex -22.0691 -30.9098 -50
      vertex -22.2228 -33.2588 -50
    endloop
  endfacet
  facet normal -0 0 -1
    outer loop
      vertex -22.0691 -30.9098 -50
      vertex -24.3505 -31.7341 -50
      vertex -23.1329 -30.1474 -50
    endloop
  endfacet
  facet normal -0 0 -1
    outer loop
      vertex -23.1329 -30.1474 -50
      vertex -24.3505 -31.7341 -50
      vertex -24.1446 -29.3172 -50
    endloop
  endfacet
  facet normal 0 0 -1
    outer loop
      vertex -26.3738 -30.0736 -50
      vertex -24.1446 -29.3172 -50
      vertex -24.3505 -31.7341 -50
    endloop
  endfacet
  facet normal -0 0 -1
    outer loop
      vertex -24.1446 -29.3172 -50
      vertex -26.3738 -30.0736 -50
      vertex -25.0551 -28.5699 -50
    endloop
  endfacet
  facet normal -0 0 -1
    outer loop
      vertex -25.0551 -28.5699 -50
      vertex -26.3738 -30.0736 -50
      vertex -26.0104 -27.6753 -50
    endloop
  endfacet
  facet normal 0 0 -1
    outer loop
      vertex -28.2843 -28.2843 -50
      vertex -26.0104 -27.6753 -50
      vertex -26.3738 -30.0736 -50
    endloop
  endfacet
  facet normal -0 0 -1
    outer loop
      vertex -26.0104 -27.6753 -50
      vertex -28.2843 -28.2843 -50
      vertex -26.8701 -26.8701 -50
    endloop
  endfacet
  facet normal -0 0 -1
    outer loop
      vertex -26.8701 -26.8701 -50
      vertex -28.2843 -28.2843 -50
      vertex -27.6753 -26.0104 -50
    endloop
  endfacet
  facet normal 0 0 -1
    outer loop
      vertex -30.0736 -26.3738 -50
      vertex -27.6753 -26.0104 -50
      vertex -28.2843 -28.2843 -50
    endloop
  endfacet
  facet normal -0 0 -1
    outer loop
      vertex -27.6753 -26.0104 -50
      vertex -30.0736 -26.3738 -50
      vertex -28.5699 -25.0551 -50
    endloop
  endfacet
  facet normal -0 0 -1
    outer loop
      vertex -28.5699 -25.0551 -50
      vertex -30.0736 -26.3738 -50
      vertex -29.3172 -24.1446 -50
    endloop
  endfacet
  facet normal 0 0 -1
    outer loop
      vertex -31.7341 -24.3505 -50
      vertex -29.3172 -24.1446 -50
      vertex -30.0736 -26.3738 -50
    endloop
  endfacet
  facet normal -0 0 -1
    outer loop
      vertex -29.3172 -24.1446 -50
      vertex -31.7341 -24.3505 -50
      vertex -30.1474 -23.1329 -50
    endloop
  endfacet
  facet normal -0 0 -1
    outer loop
      vertex -30.1474 -23.1329 -50
      vertex -31.7341 -24.3505 -50
      vertex -30.9098 -22.0691 -50
    endloop
  endfacet
  facet normal 0 0 -1
    outer loop
      vertex -33.2588 -22.2228 -50
      vertex -30.9098 -22.0691 -50
      vertex -31.7341 -24.3505 -50
    endloop
  endfacet
  facet normal -0 0 -1
    outer loop
      vertex -30.9098 -22.0691 -50
      vertex -33.2588 -22.2228 -50
      vertex -31.5958 -21.1117 -50
    endloop
  endfacet
  facet normal -0 0 -1
    outer loop
      vertex -31.5958 -21.1117 -50
      vertex -33.2588 -22.2228 -50
      vertex -32.2178 -20.1114 -50
    endloop
  endfacet
  facet normal 0 0 -1
    outer loop
      vertex -34.641 -20 -50
      vertex -32.2178 -20.1114 -50
      vertex -33.2588 -22.2228 -50
    endloop
  endfacet
  facet normal 0 0 -1
    outer loop
      vertex -32.2178 -20.1114 -50
      vertex -34.641 -20 -50
      vertex -32.909 -19 -50
    endloop
  endfacet
  facet normal -0 0 -1
    outer loop
      vertex -32.909 -19 -50
      vertex -34.641 -20 -50
      vertex -33.4642 -17.9612 -50
    endloop
  endfacet
  facet normal 0 0 -1
    outer loop
      vertex -35.8749 -17.6915 -50
      vertex -33.4642 -17.9612 -50
      vertex -34.641 -20 -50
    endloop
  endfacet
  facet normal 0 0 -1
    outer loop
      vertex -33.4642 -17.9612 -50
      vertex -35.8749 -17.6915 -50
      vertex -34.0812 -16.807 -50
    endloop
  endfacet
  facet normal -0 0 -1
    outer loop
      vertex -34.0812 -16.807 -50
      vertex -35.8749 -17.6915 -50
      vertex -34.6213 -15.6149 -50
    endloop
  endfacet
  facet normal 0 0 -1
    outer loop
      vertex -36.9552 -15.3073 -50
      vertex -34.6213 -15.6149 -50
      vertex -35.8749 -17.6915 -50
    endloop
  endfacet
  facet normal 0 0 -1
    outer loop
      vertex -34.6213 -15.6149 -50
      vertex -36.9552 -15.3073 -50
      vertex -35.1074 -14.542 -50
    endloop
  endfacet
  facet normal -0 0 -1
    outer loop
      vertex -35.1074 -14.542 -50
      vertex -36.9552 -15.3073 -50
      vertex -35.5223 -13.4396 -50
    endloop
  endfacet
  facet normal 0 0 -1
    outer loop
      vertex -37.8772 -12.8576 -50
      vertex -35.5223 -13.4396 -50
      vertex -36.9552 -15.3073 -50
    endloop
  endfacet
  facet normal 0 0 -1
    outer loop
      vertex -35.5223 -13.4396 -50
      vertex -37.8772 -12.8576 -50
      vertex -35.9833 -12.2147 -50
    endloop
  endfacet
  facet normal -0 0 -1
    outer loop
      vertex -35.9833 -12.2147 -50
      vertex -37.8772 -12.8576 -50
      vertex -36.3253 -11.0875 -50
    endloop
  endfacet
  facet normal 0 0 -1
    outer loop
      vertex -38.637 -10.3528 -50
      vertex -36.3253 -11.0875 -50
      vertex -37.8772 -12.8576 -50
    endloop
  endfacet
  facet normal 0 0 -1
    outer loop
      vertex -36.3253 -11.0875 -50
      vertex -38.637 -10.3528 -50
      vertex -36.7052 -9.83512 -50
    endloop
  endfacet
  facet normal -0 0 -1
    outer loop
      vertex -36.7052 -9.83512 -50
      vertex -38.637 -10.3528 -50
      vertex -37.0024 -8.56055 -50
    endloop
  endfacet
  facet normal 0 0 -1
    outer loop
      vertex -39.2314 -7.80361 -50
      vertex -37.0024 -8.56055 -50
      vertex -38.637 -10.3528 -50
    endloop
  endfacet
  facet normal 0 0 -1
    outer loop
      vertex -37.0024 -8.56055 -50
      vertex -39.2314 -7.80361 -50
      vertex -37.2698 -7.41343 -50
    endloop
  endfacet
  facet normal -0 0 -1
    outer loop
      vertex -37.2698 -7.41343 -50
      vertex -39.2314 -7.80361 -50
      vertex -37.4617 -6.25128 -50
    endloop
  endfacet
  facet normal 0 0 -1
    outer loop
      vertex -39.6578 -5.22105 -50
      vertex -37.4617 -6.25128 -50
      vertex -39.2314 -7.80361 -50
    endloop
  endfacet
  facet normal 0 0 -1
    outer loop
      vertex -37.4617 -6.25128 -50
      vertex -39.6578 -5.22105 -50
      vertex -37.6749 -4.95999 -50
    endloop
  endfacet
  facet normal -0 0 -1
    outer loop
      vertex -37.6749 -4.95999 -50
      vertex -39.6578 -5.22105 -50
      vertex -37.7904 -3.78778 -50
    endloop
  endfacet
  facet normal 0 0 -1
    outer loop
      vertex -39.9144 -2.61613 -50
      vertex -37.7904 -3.78778 -50
      vertex -39.6578 -5.22105 -50
    endloop
  endfacet
  facet normal 0 0 -1
    outer loop
      vertex 39.9144 2.61613 -50
      vertex 37.7904 3.78778 -50
      vertex 39.6578 5.22105 -50
    endloop
  endfacet
  facet normal 0 0 -1
    outer loop
      vertex 37.6749 4.95999 -50
      vertex 39.6578 5.22105 -50
      vertex 37.7904 3.78778 -50
    endloop
  endfacet
  facet normal 0 0 -1
    outer loop
      vertex 37.4617 6.25128 -50
      vertex 39.6578 5.22105 -50
      vertex 37.6749 4.95999 -50
    endloop
  endfacet
  facet normal 0 0 -1
    outer loop
      vertex 39.6578 5.22105 -50
      vertex 37.4617 6.25128 -50
      vertex 39.2314 7.80361 -50
    endloop
  endfacet
  facet normal 0 0 -1
    outer loop
      vertex 37.2698 7.41343 -50
      vertex 39.2314 7.80361 -50
      vertex 37.4617 6.25128 -50
    endloop
  endfacet
  facet normal 0 0 -1
    outer loop
      vertex 37.0024 8.56055 -50
      vertex 39.2314 7.80361 -50
      vertex 37.2698 7.41343 -50
    endloop
  endfacet
  facet normal 0 0 -1
    outer loop
      vertex 39.2314 7.80361 -50
      vertex 37.0024 8.56055 -50
      vertex 38.637 10.3528 -50
    endloop
  endfacet
  facet normal 0 0 -1
    outer loop
      vertex 36.7052 9.83512 -50
      vertex 38.637 10.3528 -50
      vertex 37.0024 8.56055 -50
    endloop
  endfacet
  facet normal 0 0 -1
    outer loop
      vertex 36.3253 11.0875 -50
      vertex 38.637 10.3528 -50
      vertex 36.7052 9.83512 -50
    endloop
  endfacet
  facet normal 0 0 -1
    outer loop
      vertex 38.637 10.3528 -50
      vertex 36.3253 11.0875 -50
      vertex 37.8772 12.8576 -50
    endloop
  endfacet
  facet normal 0 0 -1
    outer loop
      vertex 35.9833 12.2147 -50
      vertex 37.8772 12.8576 -50
      vertex 36.3253 11.0875 -50
    endloop
  endfacet
  facet normal 0 0 -1
    outer loop
      vertex 35.5223 13.4396 -50
      vertex 37.8772 12.8576 -50
      vertex 35.9833 12.2147 -50
    endloop
  endfacet
  facet normal 0 0 -1
    outer loop
      vertex 37.8772 12.8576 -50
      vertex 35.5223 13.4396 -50
      vertex 36.9552 15.3073 -50
    endloop
  endfacet
  facet normal 0 0 -1
    outer loop
      vertex 35.1074 14.542 -50
      vertex 36.9552 15.3073 -50
      vertex 35.5223 13.4396 -50
    endloop
  endfacet
  facet normal 0 0 -1
    outer loop
      vertex 34.6213 15.6149 -50
      vertex 36.9552 15.3073 -50
      vertex 35.1074 14.542 -50
    endloop
  endfacet
  facet normal 0 0 -1
    outer loop
      vertex 36.9552 15.3073 -50
      vertex 34.6213 15.6149 -50
      vertex 35.8749 17.6915 -50
    endloop
  endfacet
  facet normal 0 0 -1
    outer loop
      vertex 34.0812 16.807 -50
      vertex 35.8749 17.6915 -50
      vertex 34.6213 15.6149 -50
    endloop
  endfacet
  facet normal 0 0 -1
    outer loop
      vertex 33.4642 17.9612 -50
      vertex 35.8749 17.6915 -50
      vertex 34.0812 16.807 -50
    endloop
  endfacet
  facet normal 0 0 -1
    outer loop
      vertex 35.8749 17.6915 -50
      vertex 33.4642 17.9612 -50
      vertex 34.641 20 -50
    endloop
  endfacet
  facet normal 0 0 -1
    outer loop
      vertex 32.909 19 -50
      vertex 34.641 20 -50
      vertex 33.4642 17.9612 -50
    endloop
  endfacet
  facet normal 0 0 -1
    outer loop
      vertex 32.2178 20.1114 -50
      vertex 34.641 20 -50
      vertex 32.909 19 -50
    endloop
  endfacet
  facet normal 0 0 -1
    outer loop
      vertex 34.641 20 -50
      vertex 32.2178 20.1114 -50
      vertex 33.2588 22.2228 -50
    endloop
  endfacet
  facet normal 0 0 -1
    outer loop
      vertex 31.5958 21.1117 -50
      vertex 33.2588 22.2228 -50
      vertex 32.2178 20.1114 -50
    endloop
  endfacet
  facet normal 0 0 -1
    outer loop
      vertex 30.9098 22.0691 -50
      vertex 33.2588 22.2228 -50
      vertex 31.5958 21.1117 -50
    endloop
  endfacet
  facet normal -0 0 -1
    outer loop
      vertex 33.2588 22.2228 -50
      vertex 30.9098 22.0691 -50
      vertex 31.7341 24.3505 -50
    endloop
  endfacet
  facet normal 0 0 -1
    outer loop
      vertex 30.1474 23.1329 -50
      vertex 31.7341 24.3505 -50
      vertex 30.9098 22.0691 -50
    endloop
  endfacet
  facet normal 0 0 -1
    outer loop
      vertex 29.3172 24.1446 -50
      vertex 31.7341 24.3505 -50
      vertex 30.1474 23.1329 -50
    endloop
  endfacet
  facet normal -0 0 -1
    outer loop
      vertex 31.7341 24.3505 -50
      vertex 29.3172 24.1446 -50
      vertex 30.0736 26.3738 -50
    endloop
  endfacet
  facet normal 0 0 -1
    outer loop
      vertex 28.5699 25.0551 -50
      vertex 30.0736 26.3738 -50
      vertex 29.3172 24.1446 -50
    endloop
  endfacet
  facet normal 0 0 -1
    outer loop
      vertex 27.6753 26.0104 -50
      vertex 30.0736 26.3738 -50
      vertex 28.5699 25.0551 -50
    endloop
  endfacet
  facet normal -0 0 -1
    outer loop
      vertex 30.0736 26.3738 -50
      vertex 27.6753 26.0104 -50
      vertex 28.2843 28.2843 -50
    endloop
  endfacet
  facet normal 0 0 -1
    outer loop
      vertex 26.8701 26.8701 -50
      vertex 28.2843 28.2843 -50
      vertex 27.6753 26.0104 -50
    endloop
  endfacet
  facet normal 0 0 -1
    outer loop
      vertex 26.0104 27.6753 -50
      vertex 28.2843 28.2843 -50
      vertex 26.8701 26.8701 -50
    endloop
  endfacet
  facet normal -0 0 -1
    outer loop
      vertex 28.2843 28.2843 -50
      vertex 26.0104 27.6753 -50
      vertex 26.3738 30.0736 -50
    endloop
  endfacet
  facet normal 0 0 -1
    outer loop
      vertex 25.0551 28.5699 -50
      vertex 26.3738 30.0736 -50
      vertex 26.0104 27.6753 -50
    endloop
  endfacet
  facet normal 0 0 -1
    outer loop
      vertex 24.1446 29.3172 -50
      vertex 26.3738 30.0736 -50
      vertex 25.0551 28.5699 -50
    endloop
  endfacet
  facet normal -0 0 -1
    outer loop
      vertex 26.3738 30.0736 -50
      vertex 24.1446 29.3172 -50
      vertex 24.3505 31.7341 -50
    endloop
  endfacet
  facet normal 0 0 -1
    outer loop
      vertex 23.1329 30.1474 -50
      vertex 24.3505 31.7341 -50
      vertex 24.1446 29.3172 -50
    endloop
  endfacet
  facet normal 0 0 -1
    outer loop
      vertex 22.0691 30.9098 -50
      vertex 24.3505 31.7341 -50
      vertex 23.1329 30.1474 -50
    endloop
  endfacet
  facet normal -0 0 -1
    outer loop
      vertex 24.3505 31.7341 -50
      vertex 22.0691 30.9098 -50
      vertex 22.2228 33.2588 -50
    endloop
  endfacet
  facet normal 0 0 -1
    outer loop
      vertex 21.1117 31.5958 -50
      vertex 22.2228 33.2588 -50
      vertex 22.0691 30.9098 -50
    endloop
  endfacet
  facet normal 0 0 -1
    outer loop
      vertex 20.1114 32.2178 -50
      vertex 22.2228 33.2588 -50
      vertex 21.1117 31.5958 -50
    endloop
  endfacet
  facet normal 0 0 -1
    outer loop
      vertex 20.1114 32.2178 -50
      vertex 20 34.641 -50
      vertex 22.2228 33.2588 -50
    endloop
  endfacet
  facet normal 0 0 -1
    outer loop
      vertex 19 32.909 -50
      vertex 20 34.641 -50
      vertex 20.1114 32.2178 -50
    endloop
  endfacet
  facet normal 0 0 -1
    outer loop
      vertex 17.9612 33.4642 -50
      vertex 20 34.641 -50
      vertex 19 32.909 -50
    endloop
  endfacet
  facet normal 0 0 -1
    outer loop
      vertex 17.9612 33.4642 -50
      vertex 17.6915 35.8749 -50
      vertex 20 34.641 -50
    endloop
  endfacet
  facet normal 0 0 -1
    outer loop
      vertex 16.807 34.0812 -50
      vertex 17.6915 35.8749 -50
      vertex 17.9612 33.4642 -50
    endloop
  endfacet
  facet normal 0 0 -1
    outer loop
      vertex 15.6149 34.6213 -50
      vertex 17.6915 35.8749 -50
      vertex 16.807 34.0812 -50
    endloop
  endfacet
  facet normal 0 0 -1
    outer loop
      vertex 15.6149 34.6213 -50
      vertex 15.3073 36.9552 -50
      vertex 17.6915 35.8749 -50
    endloop
  endfacet
  facet normal 0 0 -1
    outer loop
      vertex 14.542 35.1074 -50
      vertex 15.3073 36.9552 -50
      vertex 15.6149 34.6213 -50
    endloop
  endfacet
  facet normal 0 0 -1
    outer loop
      vertex 13.4396 35.5223 -50
      vertex 15.3073 36.9552 -50
      vertex 14.542 35.1074 -50
    endloop
  endfacet
  facet normal 0 0 -1
    outer loop
      vertex 13.4396 35.5223 -50
      vertex 12.8576 37.8772 -50
      vertex 15.3073 36.9552 -50
    endloop
  endfacet
  facet normal 0 0 -1
    outer loop
      vertex 12.2147 35.9833 -50
      vertex 12.8576 37.8772 -50
      vertex 13.4396 35.5223 -50
    endloop
  endfacet
  facet normal 0 0 -1
    outer loop
      vertex 11.0875 36.3253 -50
      vertex 12.8576 37.8772 -50
      vertex 12.2147 35.9833 -50
    endloop
  endfacet
  facet normal 0 0 -1
    outer loop
      vertex 11.0875 36.3253 -50
      vertex 10.3528 38.637 -50
      vertex 12.8576 37.8772 -50
    endloop
  endfacet
  facet normal 0 0 -1
    outer loop
      vertex 9.83512 36.7052 -50
      vertex 10.3528 38.637 -50
      vertex 11.0875 36.3253 -50
    endloop
  endfacet
  facet normal 0 0 -1
    outer loop
      vertex 8.56055 37.0024 -50
      vertex 10.3528 38.637 -50
      vertex 9.83512 36.7052 -50
    endloop
  endfacet
  facet normal 0 0 -1
    outer loop
      vertex 8.56055 37.0024 -50
      vertex 7.80361 39.2314 -50
      vertex 10.3528 38.637 -50
    endloop
  endfacet
  facet normal 0 0 -1
    outer loop
      vertex 7.41343 37.2698 -50
      vertex 7.80361 39.2314 -50
      vertex 8.56055 37.0024 -50
    endloop
  endfacet
  facet normal 0 0 -1
    outer loop
      vertex 6.25128 37.4617 -50
      vertex 7.80361 39.2314 -50
      vertex 7.41343 37.2698 -50
    endloop
  endfacet
  facet normal 0 0 -1
    outer loop
      vertex 6.25128 37.4617 -50
      vertex 5.22105 39.6578 -50
      vertex 7.80361 39.2314 -50
    endloop
  endfacet
  facet normal 0 0 -1
    outer loop
      vertex 4.95999 37.6749 -50
      vertex 5.22105 39.6578 -50
      vertex 6.25128 37.4617 -50
    endloop
  endfacet
  facet normal 0 0 -1
    outer loop
      vertex 3.78778 37.7904 -50
      vertex 5.22105 39.6578 -50
      vertex 4.95999 37.6749 -50
    endloop
  endfacet
  facet normal 0 0 -1
    outer loop
      vertex 3.78778 37.7904 -50
      vertex 2.61613 39.9144 -50
      vertex 5.22105 39.6578 -50
    endloop
  endfacet
  facet normal 0 0 -1
    outer loop
      vertex 2.48532 37.9186 -50
      vertex 2.61613 39.9144 -50
      vertex 3.78778 37.7904 -50
    endloop
  endfacet
  facet normal 0 0 -1
    outer loop
      vertex 1.17726 37.9615 -50
      vertex 2.61613 39.9144 -50
      vertex 2.48532 37.9186 -50
    endloop
  endfacet
  facet normal 0 0 -1
    outer loop
      vertex 0 40 -50
      vertex 1.17726 37.9615 -50
      vertex 0 38 -50
    endloop
  endfacet
  facet normal 0 0 -1
    outer loop
      vertex 1.17726 37.9615 -50
      vertex 0 40 -50
      vertex 2.61613 39.9144 -50
    endloop
  endfacet
  facet normal 0 0 -1
    outer loop
      vertex -1.17726 37.9615 -50
      vertex 0 40 -50
      vertex 0 38 -50
    endloop
  endfacet
  facet normal 0 0 -1
    outer loop
      vertex -2.61613 39.9144 -50
      vertex -1.17726 37.9615 -50
      vertex -2.48532 37.9186 -50
    endloop
  endfacet
  facet normal 0 0 -1
    outer loop
      vertex -1.17726 37.9615 -50
      vertex -2.61613 39.9144 -50
      vertex 0 40 -50
    endloop
  endfacet
  facet normal 0 0 -1
    outer loop
      vertex -3.78778 37.7904 -50
      vertex -2.61613 39.9144 -50
      vertex -2.48532 37.9186 -50
    endloop
  endfacet
  facet normal 0 0 -1
    outer loop
      vertex -5.22105 39.6578 -50
      vertex -3.78778 37.7904 -50
      vertex -4.95999 37.6749 -50
    endloop
  endfacet
  facet normal 0 0 -1
    outer loop
      vertex -3.78778 37.7904 -50
      vertex -5.22105 39.6578 -50
      vertex -2.61613 39.9144 -50
    endloop
  endfacet
  facet normal 0 0 -1
    outer loop
      vertex -6.25128 37.4617 -50
      vertex -5.22105 39.6578 -50
      vertex -4.95999 37.6749 -50
    endloop
  endfacet
  facet normal 0 0 -1
    outer loop
      vertex -7.80361 39.2314 -50
      vertex -6.25128 37.4617 -50
      vertex -7.41343 37.2698 -50
    endloop
  endfacet
  facet normal 0 0 -1
    outer loop
      vertex -6.25128 37.4617 -50
      vertex -7.80361 39.2314 -50
      vertex -5.22105 39.6578 -50
    endloop
  endfacet
  facet normal 0 0 -1
    outer loop
      vertex -8.56055 37.0024 -50
      vertex -7.80361 39.2314 -50
      vertex -7.41343 37.2698 -50
    endloop
  endfacet
  facet normal 0 0 -1
    outer loop
      vertex -10.3528 38.637 -50
      vertex -8.56055 37.0024 -50
      vertex -9.83512 36.7052 -50
    endloop
  endfacet
  facet normal 0 0 -1
    outer loop
      vertex -8.56055 37.0024 -50
      vertex -10.3528 38.637 -50
      vertex -7.80361 39.2314 -50
    endloop
  endfacet
  facet normal 0 0 -1
    outer loop
      vertex -11.0875 36.3253 -50
      vertex -10.3528 38.637 -50
      vertex -9.83512 36.7052 -50
    endloop
  endfacet
  facet normal 0 0 -1
    outer loop
      vertex -12.8576 37.8772 -50
      vertex -11.0875 36.3253 -50
      vertex -12.2147 35.9833 -50
    endloop
  endfacet
  facet normal 0 0 -1
    outer loop
      vertex -11.0875 36.3253 -50
      vertex -12.8576 37.8772 -50
      vertex -10.3528 38.637 -50
    endloop
  endfacet
  facet normal 0 0 -1
    outer loop
      vertex -13.4396 35.5223 -50
      vertex -12.8576 37.8772 -50
      vertex -12.2147 35.9833 -50
    endloop
  endfacet
  facet normal 0 0 -1
    outer loop
      vertex -15.3073 36.9552 -50
      vertex -13.4396 35.5223 -50
      vertex -14.542 35.1074 -50
    endloop
  endfacet
  facet normal 0 0 -1
    outer loop
      vertex -13.4396 35.5223 -50
      vertex -15.3073 36.9552 -50
      vertex -12.8576 37.8772 -50
    endloop
  endfacet
  facet normal 0 0 -1
    outer loop
      vertex -15.6149 34.6213 -50
      vertex -15.3073 36.9552 -50
      vertex -14.542 35.1074 -50
    endloop
  endfacet
  facet normal 0 0 -1
    outer loop
      vertex -17.6915 35.8749 -50
      vertex -15.6149 34.6213 -50
      vertex -16.807 34.0812 -50
    endloop
  endfacet
  facet normal 0 0 -1
    outer loop
      vertex -15.6149 34.6213 -50
      vertex -17.6915 35.8749 -50
      vertex -15.3073 36.9552 -50
    endloop
  endfacet
  facet normal 0 0 -1
    outer loop
      vertex -17.9612 33.4642 -50
      vertex -17.6915 35.8749 -50
      vertex -16.807 34.0812 -50
    endloop
  endfacet
  facet normal 0 0 -1
    outer loop
      vertex -20 34.641 -50
      vertex -17.9612 33.4642 -50
      vertex -19 32.909 -50
    endloop
  endfacet
  facet normal 0 0 -1
    outer loop
      vertex -17.9612 33.4642 -50
      vertex -20 34.641 -50
      vertex -17.6915 35.8749 -50
    endloop
  endfacet
  facet normal 0 0 -1
    outer loop
      vertex -20.1114 32.2178 -50
      vertex -20 34.641 -50
      vertex -19 32.909 -50
    endloop
  endfacet
  facet normal 0 0 -1
    outer loop
      vertex -22.2228 33.2588 -50
      vertex -20.1114 32.2178 -50
      vertex -21.1117 31.5958 -50
    endloop
  endfacet
  facet normal 0 0 -1
    outer loop
      vertex -22.2228 33.2588 -50
      vertex -21.1117 31.5958 -50
      vertex -22.0691 30.9098 -50
    endloop
  endfacet
  facet normal 0 0 -1
    outer loop
      vertex -20.1114 32.2178 -50
      vertex -22.2228 33.2588 -50
      vertex -20 34.641 -50
    endloop
  endfacet
  facet normal 0 0 -1
    outer loop
      vertex -24.3505 31.7341 -50
      vertex -22.0691 30.9098 -50
      vertex -23.1329 30.1474 -50
    endloop
  endfacet
  facet normal 0 0 -1
    outer loop
      vertex -24.3505 31.7341 -50
      vertex -23.1329 30.1474 -50
      vertex -24.1446 29.3172 -50
    endloop
  endfacet
  facet normal 0 0 -1
    outer loop
      vertex -22.0691 30.9098 -50
      vertex -24.3505 31.7341 -50
      vertex -22.2228 33.2588 -50
    endloop
  endfacet
  facet normal 0 0 -1
    outer loop
      vertex -26.3738 30.0736 -50
      vertex -24.1446 29.3172 -50
      vertex -25.0551 28.5699 -50
    endloop
  endfacet
  facet normal 0 0 -1
    outer loop
      vertex -26.3738 30.0736 -50
      vertex -25.0551 28.5699 -50
      vertex -26.0104 27.6753 -50
    endloop
  endfacet
  facet normal 0 0 -1
    outer loop
      vertex -24.1446 29.3172 -50
      vertex -26.3738 30.0736 -50
      vertex -24.3505 31.7341 -50
    endloop
  endfacet
  facet normal 0 0 -1
    outer loop
      vertex -28.2843 28.2843 -50
      vertex -26.0104 27.6753 -50
      vertex -26.8701 26.8701 -50
    endloop
  endfacet
  facet normal 0 0 -1
    outer loop
      vertex -28.2843 28.2843 -50
      vertex -26.8701 26.8701 -50
      vertex -27.6753 26.0104 -50
    endloop
  endfacet
  facet normal 0 0 -1
    outer loop
      vertex -26.0104 27.6753 -50
      vertex -28.2843 28.2843 -50
      vertex -26.3738 30.0736 -50
    endloop
  endfacet
  facet normal 0 0 -1
    outer loop
      vertex -30.0736 26.3738 -50
      vertex -27.6753 26.0104 -50
      vertex -28.5699 25.0551 -50
    endloop
  endfacet
  facet normal 0 0 -1
    outer loop
      vertex -30.0736 26.3738 -50
      vertex -28.5699 25.0551 -50
      vertex -29.3172 24.1446 -50
    endloop
  endfacet
  facet normal 0 0 -1
    outer loop
      vertex -27.6753 26.0104 -50
      vertex -30.0736 26.3738 -50
      vertex -28.2843 28.2843 -50
    endloop
  endfacet
  facet normal 0 0 -1
    outer loop
      vertex -31.7341 24.3505 -50
      vertex -29.3172 24.1446 -50
      vertex -30.1474 23.1329 -50
    endloop
  endfacet
  facet normal 0 0 -1
    outer loop
      vertex -31.7341 24.3505 -50
      vertex -30.1474 23.1329 -50
      vertex -30.9098 22.0691 -50
    endloop
  endfacet
  facet normal 0 0 -1
    outer loop
      vertex -33.2588 22.2228 -50
      vertex -30.9098 22.0691 -50
      vertex -31.5958 21.1117 -50
    endloop
  endfacet
  facet normal 0 0 -1
    outer loop
      vertex -29.3172 24.1446 -50
      vertex -31.7341 24.3505 -50
      vertex -30.0736 26.3738 -50
    endloop
  endfacet
  facet normal 0 0 -1
    outer loop
      vertex -33.2588 22.2228 -50
      vertex -31.5958 21.1117 -50
      vertex -32.2178 20.1114 -50
    endloop
  endfacet
  facet normal 0 0 -1
    outer loop
      vertex -34.641 20 -50
      vertex -32.2178 20.1114 -50
      vertex -32.909 19 -50
    endloop
  endfacet
  facet normal 0 0 -1
    outer loop
      vertex -30.9098 22.0691 -50
      vertex -33.2588 22.2228 -50
      vertex -31.7341 24.3505 -50
    endloop
  endfacet
  facet normal 0 0 -1
    outer loop
      vertex -34.641 20 -50
      vertex -32.909 19 -50
      vertex -33.4642 17.9612 -50
    endloop
  endfacet
  facet normal 0 0 -1
    outer loop
      vertex -35.8749 17.6915 -50
      vertex -33.4642 17.9612 -50
      vertex -34.0812 16.807 -50
    endloop
  endfacet
  facet normal 0 0 -1
    outer loop
      vertex -35.8749 17.6915 -50
      vertex -34.0812 16.807 -50
      vertex -34.6213 15.6149 -50
    endloop
  endfacet
  facet normal -0 0 -1
    outer loop
      vertex -32.2178 20.1114 -50
      vertex -34.641 20 -50
      vertex -33.2588 22.2228 -50
    endloop
  endfacet
  facet normal 0 0 -1
    outer loop
      vertex -36.9552 15.3073 -50
      vertex -34.6213 15.6149 -50
      vertex -35.1074 14.542 -50
    endloop
  endfacet
  facet normal 0 0 -1
    outer loop
      vertex -36.9552 15.3073 -50
      vertex -35.1074 14.542 -50
      vertex -35.5223 13.4396 -50
    endloop
  endfacet
  facet normal -0 0 -1
    outer loop
      vertex -33.4642 17.9612 -50
      vertex -35.8749 17.6915 -50
      vertex -34.641 20 -50
    endloop
  endfacet
  facet normal 0 0 -1
    outer loop
      vertex -37.8772 12.8576 -50
      vertex -35.5223 13.4396 -50
      vertex -35.9833 12.2147 -50
    endloop
  endfacet
  facet normal 0 0 -1
    outer loop
      vertex -37.8772 12.8576 -50
      vertex -35.9833 12.2147 -50
      vertex -36.3253 11.0875 -50
    endloop
  endfacet
  facet normal 0 0 -1
    outer loop
      vertex -38.637 10.3528 -50
      vertex -36.3253 11.0875 -50
      vertex -36.7052 9.83512 -50
    endloop
  endfacet
  facet normal -0 0 -1
    outer loop
      vertex -34.6213 15.6149 -50
      vertex -36.9552 15.3073 -50
      vertex -35.8749 17.6915 -50
    endloop
  endfacet
  facet normal 0 0 -1
    outer loop
      vertex -38.637 10.3528 -50
      vertex -36.7052 9.83512 -50
      vertex -37.0024 8.56055 -50
    endloop
  endfacet
  facet normal 0 0 -1
    outer loop
      vertex -39.2314 7.80361 -50
      vertex -37.0024 8.56055 -50
      vertex -37.2698 7.41343 -50
    endloop
  endfacet
  facet normal 0 0 -1
    outer loop
      vertex -39.2314 7.80361 -50
      vertex -37.2698 7.41343 -50
      vertex -37.4617 6.25128 -50
    endloop
  endfacet
  facet normal 0 0 -1
    outer loop
      vertex -39.6578 5.22105 -50
      vertex -37.4617 6.25128 -50
      vertex -37.6749 4.95999 -50
    endloop
  endfacet
  facet normal 0 0 -1
    outer loop
      vertex -39.6578 5.22105 -50
      vertex -37.6749 4.95999 -50
      vertex -37.7904 3.78778 -50
    endloop
  endfacet
  facet normal -0 0 -1
    outer loop
      vertex -35.5223 13.4396 -50
      vertex -37.8772 12.8576 -50
      vertex -36.9552 15.3073 -50
    endloop
  endfacet
  facet normal 0 0 -1
    outer loop
      vertex -39.9144 2.61613 -50
      vertex -37.7904 3.78778 -50
      vertex -37.9186 2.48532 -50
    endloop
  endfacet
  facet normal 0 0 -1
    outer loop
      vertex -39.9144 2.61613 -50
      vertex -37.9186 2.48532 -50
      vertex -37.9615 1.17726 -50
    endloop
  endfacet
  facet normal 0 0 -1
    outer loop
      vertex -40 0 -50
      vertex -37.9615 1.17726 -50
      vertex -38 0 -50
    endloop
  endfacet
  facet normal 0 0 -1
    outer loop
      vertex -37.7904 -3.78778 -50
      vertex -39.9144 -2.61613 -50
      vertex -37.9186 -2.48532 -50
    endloop
  endfacet
  facet normal -0 0 -1
    outer loop
      vertex -36.3253 11.0875 -50
      vertex -38.637 10.3528 -50
      vertex -37.8772 12.8576 -50
    endloop
  endfacet
  facet normal -0 0 -1
    outer loop
      vertex -37.9186 -2.48532 -50
      vertex -39.9144 -2.61613 -50
      vertex -37.9615 -1.17726 -50
    endloop
  endfacet
  facet normal -0 0 -1
    outer loop
      vertex -37.0024 8.56055 -50
      vertex -39.2314 7.80361 -50
      vertex -38.637 10.3528 -50
    endloop
  endfacet
  facet normal 0 0 -1
    outer loop
      vertex -40 0 -50
      vertex -37.9615 -1.17726 -50
      vertex -39.9144 -2.61613 -50
    endloop
  endfacet
  facet normal -0 0 -1
    outer loop
      vertex -37.4617 6.25128 -50
      vertex -39.6578 5.22105 -50
      vertex -39.2314 7.80361 -50
    endloop
  endfacet
  facet normal 0 0 -1
    outer loop
      vertex -37.9615 -1.17726 -50
      vertex -40 0 -50
      vertex -38 0 -50
    endloop
  endfacet
  facet normal -0 0 -1
    outer loop
      vertex -37.7904 3.78778 -50
      vertex -39.9144 2.61613 -50
      vertex -39.6578 5.22105 -50
    endloop
  endfacet
  facet normal -0 0 -1
    outer loop
      vertex -37.9615 1.17726 -50
      vertex -40 0 -50
      vertex -39.9144 2.61613 -50
    endloop
  endfacet
  facet normal -0.471391 -0.881924 0
    outer loop
      vertex -20 -34.641 -50
      vertex -17.6915 -35.8749 50
      vertex -20 -34.641 50
    endloop
  endfacet
  facet normal -0.471391 -0.881924 -0
    outer loop
      vertex -17.6915 -35.8749 50
      vertex -20 -34.641 -50
      vertex -17.6915 -35.8749 -50
    endloop
  endfacet
  facet normal 0 0 -1
    outer loop
      vertex 39.9144 -2.61613 -52
      vertex 39.9144 2.61613 -52
      vertex 40 0 -52
    endloop
  endfacet
  facet normal 0 0 -1
    outer loop
      vertex 39.6578 -5.22105 -52
      vertex 39.9144 2.61613 -52
      vertex 39.9144 -2.61613 -52
    endloop
  endfacet
  facet normal 0 0 -1
    outer loop
      vertex 39.6578 -5.22105 -52
      vertex 39.6578 5.22105 -52
      vertex 39.9144 2.61613 -52
    endloop
  endfacet
  facet normal 0 0 -1
    outer loop
      vertex 39.2314 -7.80361 -52
      vertex 39.6578 5.22105 -52
      vertex 39.6578 -5.22105 -52
    endloop
  endfacet
  facet normal 0 0 -1
    outer loop
      vertex 39.2314 -7.80361 -52
      vertex 39.2314 7.80361 -52
      vertex 39.6578 5.22105 -52
    endloop
  endfacet
  facet normal 0 0 -1
    outer loop
      vertex 38.637 -10.3528 -52
      vertex 39.2314 7.80361 -52
      vertex 39.2314 -7.80361 -52
    endloop
  endfacet
  facet normal 0 0 -1
    outer loop
      vertex 38.637 -10.3528 -52
      vertex 38.637 10.3528 -52
      vertex 39.2314 7.80361 -52
    endloop
  endfacet
  facet normal 0 0 -1
    outer loop
      vertex 37.8772 -12.8576 -52
      vertex 38.637 10.3528 -52
      vertex 38.637 -10.3528 -52
    endloop
  endfacet
  facet normal 0 0 -1
    outer loop
      vertex 37.8772 -12.8576 -52
      vertex 37.8772 12.8576 -52
      vertex 38.637 10.3528 -52
    endloop
  endfacet
  facet normal 0 0 -1
    outer loop
      vertex 36.9552 -15.3073 -52
      vertex 37.8772 12.8576 -52
      vertex 37.8772 -12.8576 -52
    endloop
  endfacet
  facet normal 0 0 -1
    outer loop
      vertex 36.9552 -15.3073 -52
      vertex 36.9552 15.3073 -52
      vertex 37.8772 12.8576 -52
    endloop
  endfacet
  facet normal 0 0 -1
    outer loop
      vertex 35.8749 -17.6915 -52
      vertex 36.9552 15.3073 -52
      vertex 36.9552 -15.3073 -52
    endloop
  endfacet
  facet normal 0 0 -1
    outer loop
      vertex 35.8749 -17.6915 -52
      vertex 35.8749 17.6915 -52
      vertex 36.9552 15.3073 -52
    endloop
  endfacet
  facet normal 0 0 -1
    outer loop
      vertex 34.641 -20 -52
      vertex 35.8749 17.6915 -52
      vertex 35.8749 -17.6915 -52
    endloop
  endfacet
  facet normal 0 0 -1
    outer loop
      vertex 34.641 -20 -52
      vertex 34.641 20 -52
      vertex 35.8749 17.6915 -52
    endloop
  endfacet
  facet normal 0 0 -1
    outer loop
      vertex 33.2588 -22.2228 -52
      vertex 34.641 20 -52
      vertex 34.641 -20 -52
    endloop
  endfacet
  facet normal 0 0 -1
    outer loop
      vertex 33.2588 -22.2228 -52
      vertex 33.2588 22.2228 -52
      vertex 34.641 20 -52
    endloop
  endfacet
  facet normal 0 0 -1
    outer loop
      vertex 31.7341 -24.3505 -52
      vertex 33.2588 22.2228 -52
      vertex 33.2588 -22.2228 -52
    endloop
  endfacet
  facet normal 0 0 -1
    outer loop
      vertex 31.7341 -24.3505 -52
      vertex 31.7341 24.3505 -52
      vertex 33.2588 22.2228 -52
    endloop
  endfacet
  facet normal 0 0 -1
    outer loop
      vertex 30.0736 -26.3738 -52
      vertex 31.7341 24.3505 -52
      vertex 31.7341 -24.3505 -52
    endloop
  endfacet
  facet normal 0 0 -1
    outer loop
      vertex 30.0736 -26.3738 -52
      vertex 30.0736 26.3738 -52
      vertex 31.7341 24.3505 -52
    endloop
  endfacet
  facet normal 0 0 -1
    outer loop
      vertex 28.2843 -28.2843 -52
      vertex 30.0736 26.3738 -52
      vertex 30.0736 -26.3738 -52
    endloop
  endfacet
  facet normal 0 0 -1
    outer loop
      vertex 28.2843 -28.2843 -52
      vertex 28.2843 28.2843 -52
      vertex 30.0736 26.3738 -52
    endloop
  endfacet
  facet normal 0 0 -1
    outer loop
      vertex 26.3738 -30.0736 -52
      vertex 28.2843 28.2843 -52
      vertex 28.2843 -28.2843 -52
    endloop
  endfacet
  facet normal 0 0 -1
    outer loop
      vertex 26.3738 -30.0736 -52
      vertex 26.3738 30.0736 -52
      vertex 28.2843 28.2843 -52
    endloop
  endfacet
  facet normal 0 0 -1
    outer loop
      vertex 24.3505 -31.7341 -52
      vertex 26.3738 30.0736 -52
      vertex 26.3738 -30.0736 -52
    endloop
  endfacet
  facet normal 0 0 -1
    outer loop
      vertex 24.3505 -31.7341 -52
      vertex 24.3505 31.7341 -52
      vertex 26.3738 30.0736 -52
    endloop
  endfacet
  facet normal 0 0 -1
    outer loop
      vertex 22.2228 -33.2588 -52
      vertex 24.3505 31.7341 -52
      vertex 24.3505 -31.7341 -52
    endloop
  endfacet
  facet normal 0 0 -1
    outer loop
      vertex 22.2228 -33.2588 -52
      vertex 22.2228 33.2588 -52
      vertex 24.3505 31.7341 -52
    endloop
  endfacet
  facet normal 0 0 -1
    outer loop
      vertex 20 -34.641 -52
      vertex 22.2228 33.2588 -52
      vertex 22.2228 -33.2588 -52
    endloop
  endfacet
  facet normal 0 0 -1
    outer loop
      vertex 20 -34.641 -52
      vertex 20 34.641 -52
      vertex 22.2228 33.2588 -52
    endloop
  endfacet
  facet normal 0 0 -1
    outer loop
      vertex 17.6915 -35.8749 -52
      vertex 20 34.641 -52
      vertex 20 -34.641 -52
    endloop
  endfacet
  facet normal 0 0 -1
    outer loop
      vertex 17.6915 -35.8749 -52
      vertex 17.6915 35.8749 -52
      vertex 20 34.641 -52
    endloop
  endfacet
  facet normal 0 0 -1
    outer loop
      vertex 15.3073 -36.9552 -52
      vertex 17.6915 35.8749 -52
      vertex 17.6915 -35.8749 -52
    endloop
  endfacet
  facet normal 0 0 -1
    outer loop
      vertex 15.3073 -36.9552 -52
      vertex 15.3073 36.9552 -52
      vertex 17.6915 35.8749 -52
    endloop
  endfacet
  facet normal 0 0 -1
    outer loop
      vertex 12.8576 -37.8772 -52
      vertex 15.3073 36.9552 -52
      vertex 15.3073 -36.9552 -52
    endloop
  endfacet
  facet normal 0 0 -1
    outer loop
      vertex 12.8576 -37.8772 -52
      vertex 12.8576 37.8772 -52
      vertex 15.3073 36.9552 -52
    endloop
  endfacet
  facet normal 0 0 -1
    outer loop
      vertex 10.3528 -38.637 -52
      vertex 12.8576 37.8772 -52
      vertex 12.8576 -37.8772 -52
    endloop
  endfacet
  facet normal 0 0 -1
    outer loop
      vertex 10.3528 -38.637 -52
      vertex 10.3528 38.637 -52
      vertex 12.8576 37.8772 -52
    endloop
  endfacet
  facet normal 0 0 -1
    outer loop
      vertex 7.80361 -39.2314 -52
      vertex 10.3528 38.637 -52
      vertex 10.3528 -38.637 -52
    endloop
  endfacet
  facet normal 0 0 -1
    outer loop
      vertex 7.80361 -39.2314 -52
      vertex 7.80361 39.2314 -52
      vertex 10.3528 38.637 -52
    endloop
  endfacet
  facet normal 0 0 -1
    outer loop
      vertex 5.22105 -39.6578 -52
      vertex 7.80361 39.2314 -52
      vertex 7.80361 -39.2314 -52
    endloop
  endfacet
  facet normal 0 0 -1
    outer loop
      vertex 5.22105 -39.6578 -52
      vertex 5.22105 39.6578 -52
      vertex 7.80361 39.2314 -52
    endloop
  endfacet
  facet normal 0 0 -1
    outer loop
      vertex 2.61613 -39.9144 -52
      vertex 5.22105 39.6578 -52
      vertex 5.22105 -39.6578 -52
    endloop
  endfacet
  facet normal 0 0 -1
    outer loop
      vertex 2.61613 -39.9144 -52
      vertex 2.61613 39.9144 -52
      vertex 5.22105 39.6578 -52
    endloop
  endfacet
  facet normal 0 0 -1
    outer loop
      vertex 0 -40 -52
      vertex 2.61613 39.9144 -52
      vertex 2.61613 -39.9144 -52
    endloop
  endfacet
  facet normal 0 0 -1
    outer loop
      vertex 0 -40 -52
      vertex 0 40 -52
      vertex 2.61613 39.9144 -52
    endloop
  endfacet
  facet normal 0 0 -1
    outer loop
      vertex -2.61613 -39.9144 -52
      vertex 0 40 -52
      vertex 0 -40 -52
    endloop
  endfacet
  facet normal 0 0 -1
    outer loop
      vertex -2.61613 -39.9144 -52
      vertex -2.61613 39.9144 -52
      vertex 0 40 -52
    endloop
  endfacet
  facet normal 0 0 -1
    outer loop
      vertex -5.22105 -39.6578 -52
      vertex -2.61613 39.9144 -52
      vertex -2.61613 -39.9144 -52
    endloop
  endfacet
  facet normal 0 0 -1
    outer loop
      vertex -5.22105 -39.6578 -52
      vertex -5.22105 39.6578 -52
      vertex -2.61613 39.9144 -52
    endloop
  endfacet
  facet normal 0 0 -1
    outer loop
      vertex -7.80361 -39.2314 -52
      vertex -5.22105 39.6578 -52
      vertex -5.22105 -39.6578 -52
    endloop
  endfacet
  facet normal 0 0 -1
    outer loop
      vertex -7.80361 -39.2314 -52
      vertex -7.80361 39.2314 -52
      vertex -5.22105 39.6578 -52
    endloop
  endfacet
  facet normal 0 0 -1
    outer loop
      vertex -10.3528 -38.637 -52
      vertex -7.80361 39.2314 -52
      vertex -7.80361 -39.2314 -52
    endloop
  endfacet
  facet normal 0 0 -1
    outer loop
      vertex -10.3528 -38.637 -52
      vertex -10.3528 38.637 -52
      vertex -7.80361 39.2314 -52
    endloop
  endfacet
  facet normal 0 0 -1
    outer loop
      vertex -12.8576 -37.8772 -52
      vertex -10.3528 38.637 -52
      vertex -10.3528 -38.637 -52
    endloop
  endfacet
  facet normal 0 0 -1
    outer loop
      vertex -12.8576 -37.8772 -52
      vertex -12.8576 37.8772 -52
      vertex -10.3528 38.637 -52
    endloop
  endfacet
  facet normal 0 0 -1
    outer loop
      vertex -15.3073 -36.9552 -52
      vertex -12.8576 37.8772 -52
      vertex -12.8576 -37.8772 -52
    endloop
  endfacet
  facet normal 0 0 -1
    outer loop
      vertex -15.3073 -36.9552 -52
      vertex -15.3073 36.9552 -52
      vertex -12.8576 37.8772 -52
    endloop
  endfacet
  facet normal 0 0 -1
    outer loop
      vertex -17.6915 -35.8749 -52
      vertex -15.3073 36.9552 -52
      vertex -15.3073 -36.9552 -52
    endloop
  endfacet
  facet normal 0 0 -1
    outer loop
      vertex -17.6915 -35.8749 -52
      vertex -17.6915 35.8749 -52
      vertex -15.3073 36.9552 -52
    endloop
  endfacet
  facet normal 0 0 -1
    outer loop
      vertex -20 -34.641 -52
      vertex -17.6915 35.8749 -52
      vertex -17.6915 -35.8749 -52
    endloop
  endfacet
  facet normal 0 0 -1
    outer loop
      vertex -20 -34.641 -52
      vertex -20 34.641 -52
      vertex -17.6915 35.8749 -52
    endloop
  endfacet
  facet normal 0 0 -1
    outer loop
      vertex -22.2228 -33.2588 -52
      vertex -20 34.641 -52
      vertex -20 -34.641 -52
    endloop
  endfacet
  facet normal 0 0 -1
    outer loop
      vertex -22.2228 -33.2588 -52
      vertex -22.2228 33.2588 -52
      vertex -20 34.641 -52
    endloop
  endfacet
  facet normal 0 0 -1
    outer loop
      vertex -24.3505 -31.7341 -52
      vertex -22.2228 33.2588 -52
      vertex -22.2228 -33.2588 -52
    endloop
  endfacet
  facet normal 0 0 -1
    outer loop
      vertex -24.3505 -31.7341 -52
      vertex -24.3505 31.7341 -52
      vertex -22.2228 33.2588 -52
    endloop
  endfacet
  facet normal 0 0 -1
    outer loop
      vertex -26.3738 -30.0736 -52
      vertex -24.3505 31.7341 -52
      vertex -24.3505 -31.7341 -52
    endloop
  endfacet
  facet normal 0 0 -1
    outer loop
      vertex -26.3738 -30.0736 -52
      vertex -26.3738 30.0736 -52
      vertex -24.3505 31.7341 -52
    endloop
  endfacet
  facet normal 0 0 -1
    outer loop
      vertex -28.2843 -28.2843 -52
      vertex -26.3738 30.0736 -52
      vertex -26.3738 -30.0736 -52
    endloop
  endfacet
  facet normal 0 0 -1
    outer loop
      vertex -28.2843 -28.2843 -52
      vertex -28.2843 28.2843 -52
      vertex -26.3738 30.0736 -52
    endloop
  endfacet
  facet normal 0 0 -1
    outer loop
      vertex -30.0736 -26.3738 -52
      vertex -28.2843 28.2843 -52
      vertex -28.2843 -28.2843 -52
    endloop
  endfacet
  facet normal 0 0 -1
    outer loop
      vertex -30.0736 -26.3738 -52
      vertex -30.0736 26.3738 -52
      vertex -28.2843 28.2843 -52
    endloop
  endfacet
  facet normal 0 0 -1
    outer loop
      vertex -31.7341 -24.3505 -52
      vertex -30.0736 26.3738 -52
      vertex -30.0736 -26.3738 -52
    endloop
  endfacet
  facet normal 0 0 -1
    outer loop
      vertex -31.7341 -24.3505 -52
      vertex -31.7341 24.3505 -52
      vertex -30.0736 26.3738 -52
    endloop
  endfacet
  facet normal 0 0 -1
    outer loop
      vertex -33.2588 -22.2228 -52
      vertex -31.7341 24.3505 -52
      vertex -31.7341 -24.3505 -52
    endloop
  endfacet
  facet normal 0 0 -1
    outer loop
      vertex -33.2588 -22.2228 -52
      vertex -33.2588 22.2228 -52
      vertex -31.7341 24.3505 -52
    endloop
  endfacet
  facet normal 0 0 -1
    outer loop
      vertex -34.641 -20 -52
      vertex -33.2588 22.2228 -52
      vertex -33.2588 -22.2228 -52
    endloop
  endfacet
  facet normal 0 0 -1
    outer loop
      vertex -34.641 -20 -52
      vertex -34.641 20 -52
      vertex -33.2588 22.2228 -52
    endloop
  endfacet
  facet normal 0 0 -1
    outer loop
      vertex -35.8749 -17.6915 -52
      vertex -34.641 20 -52
      vertex -34.641 -20 -52
    endloop
  endfacet
  facet normal 0 0 -1
    outer loop
      vertex -35.8749 -17.6915 -52
      vertex -35.8749 17.6915 -52
      vertex -34.641 20 -52
    endloop
  endfacet
  facet normal 0 0 -1
    outer loop
      vertex -36.9552 -15.3073 -52
      vertex -35.8749 17.6915 -52
      vertex -35.8749 -17.6915 -52
    endloop
  endfacet
  facet normal 0 0 -1
    outer loop
      vertex -36.9552 -15.3073 -52
      vertex -36.9552 15.3073 -52
      vertex -35.8749 17.6915 -52
    endloop
  endfacet
  facet normal 0 0 -1
    outer loop
      vertex -37.8772 -12.8576 -52
      vertex -36.9552 15.3073 -52
      vertex -36.9552 -15.3073 -52
    endloop
  endfacet
  facet normal 0 0 -1
    outer loop
      vertex -37.8772 -12.8576 -52
      vertex -37.8772 12.8576 -52
      vertex -36.9552 15.3073 -52
    endloop
  endfacet
  facet normal 0 0 -1
    outer loop
      vertex -38.637 -10.3528 -52
      vertex -37.8772 12.8576 -52
      vertex -37.8772 -12.8576 -52
    endloop
  endfacet
  facet normal 0 0 -1
    outer loop
      vertex -38.637 -10.3528 -52
      vertex -38.637 10.3528 -52
      vertex -37.8772 12.8576 -52
    endloop
  endfacet
  facet normal 0 0 -1
    outer loop
      vertex -39.2314 -7.80361 -52
      vertex -38.637 10.3528 -52
      vertex -38.637 -10.3528 -52
    endloop
  endfacet
  facet normal 0 0 -1
    outer loop
      vertex -39.2314 -7.80361 -52
      vertex -39.2314 7.80361 -52
      vertex -38.637 10.3528 -52
    endloop
  endfacet
  facet normal 0 0 -1
    outer loop
      vertex -39.6578 -5.22105 -52
      vertex -39.2314 7.80361 -52
      vertex -39.2314 -7.80361 -52
    endloop
  endfacet
  facet normal 0 0 -1
    outer loop
      vertex -39.6578 -5.22105 -52
      vertex -39.6578 5.22105 -52
      vertex -39.2314 7.80361 -52
    endloop
  endfacet
  facet normal 0 0 -1
    outer loop
      vertex -39.9144 -2.61613 -52
      vertex -39.6578 5.22105 -52
      vertex -39.6578 -5.22105 -52
    endloop
  endfacet
  facet normal 0 0 -1
    outer loop
      vertex -39.9144 -2.61613 -52
      vertex -39.9144 2.61613 -52
      vertex -39.6578 5.22105 -52
    endloop
  endfacet
  facet normal 0 -0 -1
    outer loop
      vertex -39.9144 2.61613 -52
      vertex -39.9144 -2.61613 -52
      vertex -40 0 -52
    endloop
  endfacet
  facet normal -0.676847 0.205313 0.706912
    outer loop
      vertex -38.637 10.3528 -52
      vertex -36.3253 11.0875 -50
      vertex -37.8772 12.8576 -52
    endloop
  endfacet
  facet normal -0.676847 0.205316 0.706911
    outer loop
      vertex -36.3253 11.0875 -50
      vertex -38.637 10.3528 -52
      vertex -36.7052 9.83512 -50
    endloop
  endfacet
  facet normal 0.706918 0.0231184 0.706918
    outer loop
      vertex 40 0 -52
      vertex 37.9615 1.17726 -50
      vertex 38 0 -50
    endloop
  endfacet
  facet normal 0.706921 0.0231305 0.706914
    outer loop
      vertex 39.9144 2.61613 -52
      vertex 37.9615 1.17726 -50
      vertex 40 0 -52
    endloop
  endfacet
  facet normal 0.706901 0.023184 0.706933
    outer loop
      vertex 37.9615 1.17726 -50
      vertex 39.9144 2.61613 -52
      vertex 37.9186 2.48532 -50
    endloop
  endfacet
  facet normal 0.373491 0.600634 0.706925
    outer loop
      vertex 20 34.641 -52
      vertex 20.1114 32.2178 -50
      vertex 22.2228 33.2588 -52
    endloop
  endfacet
  facet normal 0.373539 0.600623 0.706909
    outer loop
      vertex 20.1114 32.2178 -50
      vertex 20 34.641 -52
      vertex 19 32.909 -50
    endloop
  endfacet
  facet normal -0.249137 -0.661963 0.70692
    outer loop
      vertex -14.542 -35.1074 -50
      vertex -15.3073 -36.9552 -52
      vertex -13.4396 -35.5223 -50
    endloop
  endfacet
  facet normal 0.703885 0.0693551 0.70692
    outer loop
      vertex 39.6578 5.22105 -52
      vertex 37.6749 4.95999 -50
      vertex 37.7904 3.78778 -50
    endloop
  endfacet
  facet normal 0.373486 0.60064 0.706923
    outer loop
      vertex 22.2228 33.2588 -52
      vertex 20.1114 32.2178 -50
      vertex 21.1117 31.5958 -50
    endloop
  endfacet
  facet normal -0.291893 -0.644254 0.706919
    outer loop
      vertex -14.542 -35.1074 -50
      vertex -15.6149 -34.6213 -50
      vertex -15.3073 -36.9552 -52
    endloop
  endfacet
  facet normal -0.661959 -0.249133 0.706925
    outer loop
      vertex -37.8772 -12.8576 -52
      vertex -35.5223 -13.4396 -50
      vertex -35.9833 -12.2147 -50
    endloop
  endfacet
  facet normal -0.661958 -0.249143 0.706922
    outer loop
      vertex -35.5223 -13.4396 -50
      vertex -37.8772 -12.8576 -52
      vertex -36.9552 -15.3073 -52
    endloop
  endfacet
  facet normal -0.0692822 0.703879 0.706933
    outer loop
      vertex -2.61613 39.9144 -52
      vertex -3.78778 37.7904 -50
      vertex -2.48532 37.9186 -50
    endloop
  endfacet
  facet normal -0.0693376 0.703893 0.706914
    outer loop
      vertex -3.78778 37.7904 -50
      vertex -2.61613 39.9144 -52
      vertex -5.22105 39.6578 -52
    endloop
  endfacet
  facet normal -0.448673 -0.546762 0.706926
    outer loop
      vertex -24.1446 -29.3172 -50
      vertex -24.3505 -31.7341 -52
      vertex -23.1329 -30.1474 -50
    endloop
  endfacet
  facet normal -0.44871 -0.546748 0.706913
    outer loop
      vertex -24.3505 -31.7341 -52
      vertex -24.1446 -29.3172 -50
      vertex -26.3738 -30.0736 -52
    endloop
  endfacet
  facet normal -0.160568 0.688823 0.706923
    outer loop
      vertex -7.80361 39.2314 -52
      vertex -8.56055 37.0024 -50
      vertex -7.41343 37.2698 -50
    endloop
  endfacet
  facet normal 0.60064 0.373486 0.706923
    outer loop
      vertex 33.2588 22.2228 -52
      vertex 31.5958 21.1117 -50
      vertex 32.2178 20.1114 -50
    endloop
  endfacet
  facet normal -0.205352 -0.676821 0.706926
    outer loop
      vertex -12.2147 -35.9833 -50
      vertex -12.8576 -37.8772 -52
      vertex -11.0875 -36.3253 -50
    endloop
  endfacet
  facet normal 0.11522 0.697847 0.706919
    outer loop
      vertex 5.22105 39.6578 -52
      vertex 6.25128 37.4617 -50
      vertex 7.80361 39.2314 -52
    endloop
  endfacet
  facet normal 0.115219 0.697846 0.706919
    outer loop
      vertex 6.25128 37.4617 -50
      vertex 5.22105 39.6578 -52
      vertex 4.95999 37.6749 -50
    endloop
  endfacet
  facet normal -0.706901 -0.023184 0.706933
    outer loop
      vertex -37.9615 -1.17726 -50
      vertex -39.9144 -2.61613 -52
      vertex -37.9186 -2.48532 -50
    endloop
  endfacet
  facet normal -0.706921 -0.0231305 0.706914
    outer loop
      vertex -39.9144 -2.61613 -52
      vertex -37.9615 -1.17726 -50
      vertex -40 0 -52
    endloop
  endfacet
  facet normal -0.333452 -0.623777 0.706903
    outer loop
      vertex -17.9612 -33.4642 -50
      vertex -17.6915 -35.8749 -52
      vertex -16.807 -34.0812 -50
    endloop
  endfacet
  facet normal -0.333414 -0.623783 0.706916
    outer loop
      vertex -17.6915 -35.8749 -52
      vertex -17.9612 -33.4642 -50
      vertex -20 -34.641 -52
    endloop
  endfacet
  facet normal -0.333398 0.623799 0.706909
    outer loop
      vertex -17.9612 33.4642 -50
      vertex -20 34.641 -52
      vertex -19 32.909 -50
    endloop
  endfacet
  facet normal 0.516263 -0.48346 0.706922
    outer loop
      vertex 27.6753 -26.0104 -50
      vertex 30.0736 -26.3738 -52
      vertex 28.5699 -25.0551 -50
    endloop
  endfacet
  facet normal 0.516247 -0.483497 0.706909
    outer loop
      vertex 30.0736 -26.3738 -52
      vertex 27.6753 -26.0104 -50
      vertex 28.2843 -28.2843 -52
    endloop
  endfacet
  facet normal 0.688823 0.160568 0.706923
    outer loop
      vertex 39.2314 7.80361 -52
      vertex 37.0024 8.56055 -50
      vertex 37.2698 7.41343 -50
    endloop
  endfacet
  facet normal -0.516247 0.483497 0.706909
    outer loop
      vertex -30.0736 26.3738 -52
      vertex -27.6753 26.0104 -50
      vertex -28.2843 28.2843 -52
    endloop
  endfacet
  facet normal -0.516263 0.48346 0.706922
    outer loop
      vertex -27.6753 26.0104 -50
      vertex -30.0736 26.3738 -52
      vertex -28.5699 25.0551 -50
    endloop
  endfacet
  facet normal 0.483505 0.516232 0.706914
    outer loop
      vertex 28.2843 28.2843 -52
      vertex 26.0104 27.6753 -50
      vertex 26.8701 26.8701 -50
    endloop
  endfacet
  facet normal -0.412012 -0.574894 0.706925
    outer loop
      vertex -24.3505 -31.7341 -52
      vertex -22.0691 -30.9098 -50
      vertex -23.1329 -30.1474 -50
    endloop
  endfacet
  facet normal -0.411989 -0.574926 0.706912
    outer loop
      vertex -22.0691 -30.9098 -50
      vertex -24.3505 -31.7341 -52
      vertex -22.2228 -33.2588 -52
    endloop
  endfacet
  facet normal 0.623799 -0.333398 0.706909
    outer loop
      vertex 33.4642 -17.9612 -50
      vertex 32.909 -19 -50
      vertex 34.641 -20 -52
    endloop
  endfacet
  facet normal -0.411956 -0.574937 0.706922
    outer loop
      vertex -22.0691 -30.9098 -50
      vertex -22.2228 -33.2588 -52
      vertex -21.1117 -31.5958 -50
    endloop
  endfacet
  facet normal -0.291897 -0.644269 0.706904
    outer loop
      vertex -17.6915 -35.8749 -52
      vertex -15.6149 -34.6213 -50
      vertex -16.807 -34.0812 -50
    endloop
  endfacet
  facet normal -0.291915 -0.644251 0.706913
    outer loop
      vertex -15.6149 -34.6213 -50
      vertex -17.6915 -35.8749 -52
      vertex -15.3073 -36.9552 -52
    endloop
  endfacet
  facet normal 0.661963 0.249137 0.70692
    outer loop
      vertex 36.9552 15.3073 -52
      vertex 35.1074 14.542 -50
      vertex 35.5223 13.4396 -50
    endloop
  endfacet
  facet normal -0.291915 0.644251 0.706913
    outer loop
      vertex -17.6915 35.8749 -52
      vertex -15.6149 34.6213 -50
      vertex -15.3073 36.9552 -52
    endloop
  endfacet
  facet normal -0.291897 0.644269 0.706904
    outer loop
      vertex -15.6149 34.6213 -50
      vertex -17.6915 35.8749 -52
      vertex -16.807 34.0812 -50
    endloop
  endfacet
  facet normal 0.574937 0.411956 0.706922
    outer loop
      vertex 33.2588 22.2228 -52
      vertex 30.9098 22.0691 -50
      vertex 31.5958 21.1117 -50
    endloop
  endfacet
  facet normal 0.661963 -0.249137 0.70692
    outer loop
      vertex 35.5223 -13.4396 -50
      vertex 35.1074 -14.542 -50
      vertex 36.9552 -15.3073 -52
    endloop
  endfacet
  facet normal 0.644254 0.291893 0.706919
    outer loop
      vertex 36.9552 15.3073 -52
      vertex 34.6213 15.6149 -50
      vertex 35.1074 14.542 -50
    endloop
  endfacet
  facet normal 0.249137 0.661963 0.70692
    outer loop
      vertex 15.3073 36.9552 -52
      vertex 13.4396 35.5223 -50
      vertex 14.542 35.1074 -50
    endloop
  endfacet
  facet normal 0.574926 -0.411989 0.706912
    outer loop
      vertex 30.9098 -22.0691 -50
      vertex 31.7341 -24.3505 -52
      vertex 33.2588 -22.2228 -52
    endloop
  endfacet
  facet normal 0.574894 -0.412012 0.706925
    outer loop
      vertex 31.7341 -24.3505 -52
      vertex 30.9098 -22.0691 -50
      vertex 30.1474 -23.1329 -50
    endloop
  endfacet
  facet normal 0.0693551 0.703885 0.70692
    outer loop
      vertex 5.22105 39.6578 -52
      vertex 3.78778 37.7904 -50
      vertex 4.95999 37.6749 -50
    endloop
  endfacet
  facet normal -0.291893 0.644254 0.706919
    outer loop
      vertex -15.3073 36.9552 -52
      vertex -15.6149 34.6213 -50
      vertex -14.542 35.1074 -50
    endloop
  endfacet
  facet normal -0.48346 -0.516263 0.706922
    outer loop
      vertex -26.0104 -27.6753 -50
      vertex -26.3738 -30.0736 -52
      vertex -25.0551 -28.5699 -50
    endloop
  endfacet
  facet normal -0.483497 -0.516247 0.706909
    outer loop
      vertex -26.3738 -30.0736 -52
      vertex -26.0104 -27.6753 -50
      vertex -28.2843 -28.2843 -52
    endloop
  endfacet
  facet normal 0.483497 0.516247 0.706909
    outer loop
      vertex 26.3738 30.0736 -52
      vertex 26.0104 27.6753 -50
      vertex 28.2843 28.2843 -52
    endloop
  endfacet
  facet normal 0.48346 0.516263 0.706922
    outer loop
      vertex 26.0104 27.6753 -50
      vertex 26.3738 30.0736 -52
      vertex 25.0551 28.5699 -50
    endloop
  endfacet
  facet normal 0.697841 0.115231 0.706923
    outer loop
      vertex 39.2314 7.80361 -52
      vertex 37.2698 7.41343 -50
      vertex 37.4617 6.25128 -50
    endloop
  endfacet
  facet normal 0.676821 0.205352 0.706926
    outer loop
      vertex 37.8772 12.8576 -52
      vertex 35.9833 12.2147 -50
      vertex 36.3253 11.0875 -50
    endloop
  endfacet
  facet normal -0.706918 -0.0231184 0.706918
    outer loop
      vertex -38 0 -50
      vertex -40 0 -52
      vertex -37.9615 -1.17726 -50
    endloop
  endfacet
  facet normal 0.644251 -0.291915 0.706913
    outer loop
      vertex 34.6213 -15.6149 -50
      vertex 35.8749 -17.6915 -52
      vertex 36.9552 -15.3073 -52
    endloop
  endfacet
  facet normal 0.644269 -0.291897 0.706904
    outer loop
      vertex 35.8749 -17.6915 -52
      vertex 34.6213 -15.6149 -50
      vertex 34.0812 -16.807 -50
    endloop
  endfacet
  facet normal 0.483497 -0.516247 0.706909
    outer loop
      vertex 26.0104 -27.6753 -50
      vertex 26.3738 -30.0736 -52
      vertex 28.2843 -28.2843 -52
    endloop
  endfacet
  facet normal 0.48346 -0.516263 0.706922
    outer loop
      vertex 26.3738 -30.0736 -52
      vertex 26.0104 -27.6753 -50
      vertex 25.0551 -28.5699 -50
    endloop
  endfacet
  facet normal 0.373491 -0.600634 0.706925
    outer loop
      vertex 20.1114 -32.2178 -50
      vertex 20 -34.641 -52
      vertex 22.2228 -33.2588 -52
    endloop
  endfacet
  facet normal 0.373539 -0.600623 0.706909
    outer loop
      vertex 20 -34.641 -52
      vertex 20.1114 -32.2178 -50
      vertex 19 -32.909 -50
    endloop
  endfacet
  facet normal 0.697847 0.11522 0.706919
    outer loop
      vertex 37.4617 6.25128 -50
      vertex 39.6578 5.22105 -52
      vertex 39.2314 7.80361 -52
    endloop
  endfacet
  facet normal 0.697846 0.115219 0.706919
    outer loop
      vertex 39.6578 5.22105 -52
      vertex 37.4617 6.25128 -50
      vertex 37.6749 4.95999 -50
    endloop
  endfacet
  facet normal 0.703893 0.0693376 0.706914
    outer loop
      vertex 37.7904 3.78778 -50
      vertex 39.9144 2.61613 -52
      vertex 39.6578 5.22105 -52
    endloop
  endfacet
  facet normal 0.703879 0.0692822 0.706933
    outer loop
      vertex 39.9144 2.61613 -52
      vertex 37.7904 3.78778 -50
      vertex 37.9186 2.48532 -50
    endloop
  endfacet
  facet normal 0.676847 0.205313 0.706912
    outer loop
      vertex 36.3253 11.0875 -50
      vertex 38.637 10.3528 -52
      vertex 37.8772 12.8576 -52
    endloop
  endfacet
  facet normal 0.676847 0.205316 0.706911
    outer loop
      vertex 38.637 10.3528 -52
      vertex 36.3253 11.0875 -50
      vertex 36.7052 9.83512 -50
    endloop
  endfacet
  facet normal -0.160618 -0.688825 0.70691
    outer loop
      vertex -10.3528 -38.637 -52
      vertex -8.56055 -37.0024 -50
      vertex -9.83512 -36.7052 -50
    endloop
  endfacet
  facet normal -0.160615 -0.688827 0.706909
    outer loop
      vertex -8.56055 -37.0024 -50
      vertex -10.3528 -38.637 -52
      vertex -7.80361 -39.2314 -52
    endloop
  endfacet
  facet normal 0.333398 0.623799 0.706909
    outer loop
      vertex 20 34.641 -52
      vertex 17.9612 33.4642 -50
      vertex 19 32.909 -50
    endloop
  endfacet
  facet normal -0.483505 -0.516232 0.706914
    outer loop
      vertex -26.8701 -26.8701 -50
      vertex -28.2843 -28.2843 -52
      vertex -26.0104 -27.6753 -50
    endloop
  endfacet
  facet normal 0.600634 0.373491 0.706925
    outer loop
      vertex 32.2178 20.1114 -50
      vertex 34.641 20 -52
      vertex 33.2588 22.2228 -52
    endloop
  endfacet
  facet normal 0.600623 0.373539 0.706909
    outer loop
      vertex 34.641 20 -52
      vertex 32.2178 20.1114 -50
      vertex 32.909 19 -50
    endloop
  endfacet
  facet normal -0.661963 -0.249137 0.70692
    outer loop
      vertex -35.5223 -13.4396 -50
      vertex -36.9552 -15.3073 -52
      vertex -35.1074 -14.542 -50
    endloop
  endfacet
  facet normal -0.023184 -0.706901 0.706933
    outer loop
      vertex -2.61613 -39.9144 -52
      vertex -1.17726 -37.9615 -50
      vertex -2.48532 -37.9186 -50
    endloop
  endfacet
  facet normal -0.0231305 -0.706921 0.706914
    outer loop
      vertex -1.17726 -37.9615 -50
      vertex -2.61613 -39.9144 -52
      vertex 0 -40 -52
    endloop
  endfacet
  facet normal 0.023184 -0.706901 0.706933
    outer loop
      vertex 1.17726 -37.9615 -50
      vertex 2.61613 -39.9144 -52
      vertex 2.48532 -37.9186 -50
    endloop
  endfacet
  facet normal 0.0231305 -0.706921 0.706914
    outer loop
      vertex 2.61613 -39.9144 -52
      vertex 1.17726 -37.9615 -50
      vertex 0 -40 -52
    endloop
  endfacet
  facet normal 0.160618 -0.688825 0.70691
    outer loop
      vertex 8.56055 -37.0024 -50
      vertex 10.3528 -38.637 -52
      vertex 9.83512 -36.7052 -50
    endloop
  endfacet
  facet normal 0.160615 -0.688827 0.706909
    outer loop
      vertex 10.3528 -38.637 -52
      vertex 8.56055 -37.0024 -50
      vertex 7.80361 -39.2314 -52
    endloop
  endfacet
  facet normal 0.205352 0.676821 0.706926
    outer loop
      vertex 12.8576 37.8772 -52
      vertex 11.0875 36.3253 -50
      vertex 12.2147 35.9833 -50
    endloop
  endfacet
  facet normal 0.0693376 -0.703893 0.706914
    outer loop
      vertex 3.78778 -37.7904 -50
      vertex 2.61613 -39.9144 -52
      vertex 5.22105 -39.6578 -52
    endloop
  endfacet
  facet normal 0.0692822 -0.703879 0.706933
    outer loop
      vertex 2.61613 -39.9144 -52
      vertex 3.78778 -37.7904 -50
      vertex 2.48532 -37.9186 -50
    endloop
  endfacet
  facet normal -0.0231184 0.706918 0.706918
    outer loop
      vertex 0 40 -52
      vertex -1.17726 37.9615 -50
      vertex 0 38 -50
    endloop
  endfacet
  facet normal 0.688823 -0.160568 0.706923
    outer loop
      vertex 37.2698 -7.41343 -50
      vertex 37.0024 -8.56055 -50
      vertex 39.2314 -7.80361 -52
    endloop
  endfacet
  facet normal -0.706918 0.0231184 0.706918
    outer loop
      vertex -37.9615 1.17726 -50
      vertex -40 0 -52
      vertex -38 0 -50
    endloop
  endfacet
  facet normal 0.448727 -0.546723 0.706922
    outer loop
      vertex 25.0551 -28.5699 -50
      vertex 24.1446 -29.3172 -50
      vertex 26.3738 -30.0736 -52
    endloop
  endfacet
  facet normal -0.0231305 0.706921 0.706914
    outer loop
      vertex -2.61613 39.9144 -52
      vertex -1.17726 37.9615 -50
      vertex 0 40 -52
    endloop
  endfacet
  facet normal -0.023184 0.706901 0.706933
    outer loop
      vertex -1.17726 37.9615 -50
      vertex -2.61613 39.9144 -52
      vertex -2.48532 37.9186 -50
    endloop
  endfacet
  facet normal -0.249133 0.661959 0.706925
    outer loop
      vertex -12.8576 37.8772 -52
      vertex -13.4396 35.5223 -50
      vertex -12.2147 35.9833 -50
    endloop
  endfacet
  facet normal -0.249143 0.661958 0.706922
    outer loop
      vertex -13.4396 35.5223 -50
      vertex -12.8576 37.8772 -52
      vertex -15.3073 36.9552 -52
    endloop
  endfacet
  facet normal 0.205352 -0.676821 0.706926
    outer loop
      vertex 12.2147 -35.9833 -50
      vertex 11.0875 -36.3253 -50
      vertex 12.8576 -37.8772 -52
    endloop
  endfacet
  facet normal -0.697847 0.11522 0.706919
    outer loop
      vertex -39.6578 5.22105 -52
      vertex -37.4617 6.25128 -50
      vertex -39.2314 7.80361 -52
    endloop
  endfacet
  facet normal -0.697846 0.115219 0.706919
    outer loop
      vertex -37.4617 6.25128 -50
      vertex -39.6578 5.22105 -52
      vertex -37.6749 4.95999 -50
    endloop
  endfacet
  facet normal 0.574937 -0.411956 0.706922
    outer loop
      vertex 31.5958 -21.1117 -50
      vertex 30.9098 -22.0691 -50
      vertex 33.2588 -22.2228 -52
    endloop
  endfacet
  facet normal -0.115231 -0.697841 0.706923
    outer loop
      vertex -7.41343 -37.2698 -50
      vertex -7.80361 -39.2314 -52
      vertex -6.25128 -37.4617 -50
    endloop
  endfacet
  facet normal 0.676821 -0.205352 0.706926
    outer loop
      vertex 36.3253 -11.0875 -50
      vertex 35.9833 -12.2147 -50
      vertex 37.8772 -12.8576 -52
    endloop
  endfacet
  facet normal -0.676821 0.205352 0.706926
    outer loop
      vertex -35.9833 12.2147 -50
      vertex -37.8772 12.8576 -52
      vertex -36.3253 11.0875 -50
    endloop
  endfacet
  facet normal 0.644251 0.291915 0.706913
    outer loop
      vertex 35.8749 17.6915 -52
      vertex 34.6213 15.6149 -50
      vertex 36.9552 15.3073 -52
    endloop
  endfacet
  facet normal 0.644269 0.291897 0.706904
    outer loop
      vertex 34.6213 15.6149 -50
      vertex 35.8749 17.6915 -52
      vertex 34.0812 16.807 -50
    endloop
  endfacet
  facet normal 0.661958 0.249143 0.706922
    outer loop
      vertex 35.5223 13.4396 -50
      vertex 37.8772 12.8576 -52
      vertex 36.9552 15.3073 -52
    endloop
  endfacet
  facet normal 0.661959 0.249133 0.706925
    outer loop
      vertex 37.8772 12.8576 -52
      vertex 35.5223 13.4396 -50
      vertex 35.9833 12.2147 -50
    endloop
  endfacet
  facet normal 0.688827 0.160615 0.706909
    outer loop
      vertex 38.637 10.3528 -52
      vertex 37.0024 8.56055 -50
      vertex 39.2314 7.80361 -52
    endloop
  endfacet
  facet normal 0.688825 0.160618 0.70691
    outer loop
      vertex 37.0024 8.56055 -50
      vertex 38.637 10.3528 -52
      vertex 36.7052 9.83512 -50
    endloop
  endfacet
  facet normal -0.411989 0.574926 0.706912
    outer loop
      vertex -24.3505 31.7341 -52
      vertex -22.0691 30.9098 -50
      vertex -22.2228 33.2588 -52
    endloop
  endfacet
  facet normal -0.412012 0.574894 0.706925
    outer loop
      vertex -22.0691 30.9098 -50
      vertex -24.3505 31.7341 -52
      vertex -23.1329 30.1474 -50
    endloop
  endfacet
  facet normal 0.546748 0.44871 0.706913
    outer loop
      vertex 29.3172 24.1446 -50
      vertex 31.7341 24.3505 -52
      vertex 30.0736 26.3738 -52
    endloop
  endfacet
  facet normal 0.546762 0.448673 0.706926
    outer loop
      vertex 31.7341 24.3505 -52
      vertex 29.3172 24.1446 -50
      vertex 30.1474 23.1329 -50
    endloop
  endfacet
  facet normal 0.623799 0.333398 0.706909
    outer loop
      vertex 34.641 20 -52
      vertex 32.909 19 -50
      vertex 33.4642 17.9612 -50
    endloop
  endfacet
  facet normal -0.697846 -0.115219 0.706919
    outer loop
      vertex -39.6578 -5.22105 -52
      vertex -37.4617 -6.25128 -50
      vertex -37.6749 -4.95999 -50
    endloop
  endfacet
  facet normal -0.697847 -0.11522 0.706919
    outer loop
      vertex -37.4617 -6.25128 -50
      vertex -39.6578 -5.22105 -52
      vertex -39.2314 -7.80361 -52
    endloop
  endfacet
  facet normal -0.697841 -0.115231 0.706923
    outer loop
      vertex -37.4617 -6.25128 -50
      vertex -39.2314 -7.80361 -52
      vertex -37.2698 -7.41343 -50
    endloop
  endfacet
  facet normal 0.291897 0.644269 0.706904
    outer loop
      vertex 17.6915 35.8749 -52
      vertex 15.6149 34.6213 -50
      vertex 16.807 34.0812 -50
    endloop
  endfacet
  facet normal 0.291915 0.644251 0.706913
    outer loop
      vertex 15.6149 34.6213 -50
      vertex 17.6915 35.8749 -52
      vertex 15.3073 36.9552 -52
    endloop
  endfacet
  facet normal -0.623799 -0.333398 0.706909
    outer loop
      vertex -33.4642 -17.9612 -50
      vertex -34.641 -20 -52
      vertex -32.909 -19 -50
    endloop
  endfacet
  facet normal 0.516232 0.483505 0.706914
    outer loop
      vertex 28.2843 28.2843 -52
      vertex 26.8701 26.8701 -50
      vertex 27.6753 26.0104 -50
    endloop
  endfacet
  facet normal -0.448727 -0.546723 0.706922
    outer loop
      vertex -25.0551 -28.5699 -50
      vertex -26.3738 -30.0736 -52
      vertex -24.1446 -29.3172 -50
    endloop
  endfacet
  facet normal 0.623783 0.333414 0.706916
    outer loop
      vertex 33.4642 17.9612 -50
      vertex 35.8749 17.6915 -52
      vertex 34.641 20 -52
    endloop
  endfacet
  facet normal 0.623777 0.333452 0.706903
    outer loop
      vertex 35.8749 17.6915 -52
      vertex 33.4642 17.9612 -50
      vertex 34.0812 16.807 -50
    endloop
  endfacet
  facet normal 0.0231184 -0.706918 0.706918
    outer loop
      vertex 0 -38 -50
      vertex 0 -40 -52
      vertex 1.17726 -37.9615 -50
    endloop
  endfacet
  facet normal -0.676821 -0.205352 0.706926
    outer loop
      vertex -36.3253 -11.0875 -50
      vertex -37.8772 -12.8576 -52
      vertex -35.9833 -12.2147 -50
    endloop
  endfacet
  facet normal -0.60064 -0.373486 0.706923
    outer loop
      vertex -32.2178 -20.1114 -50
      vertex -33.2588 -22.2228 -52
      vertex -31.5958 -21.1117 -50
    endloop
  endfacet
  facet normal -0.703885 0.0693551 0.70692
    outer loop
      vertex -37.6749 4.95999 -50
      vertex -39.6578 5.22105 -52
      vertex -37.7904 3.78778 -50
    endloop
  endfacet
  facet normal -0.703885 -0.0693551 0.70692
    outer loop
      vertex -37.7904 -3.78778 -50
      vertex -39.6578 -5.22105 -52
      vertex -37.6749 -4.95999 -50
    endloop
  endfacet
  facet normal 0.703879 -0.0692822 0.706933
    outer loop
      vertex 37.7904 -3.78778 -50
      vertex 39.9144 -2.61613 -52
      vertex 37.9186 -2.48532 -50
    endloop
  endfacet
  facet normal 0.703893 -0.0693376 0.706914
    outer loop
      vertex 39.9144 -2.61613 -52
      vertex 37.7904 -3.78778 -50
      vertex 39.6578 -5.22105 -52
    endloop
  endfacet
  facet normal 0.333414 0.623783 0.706916
    outer loop
      vertex 17.6915 35.8749 -52
      vertex 17.9612 33.4642 -50
      vertex 20 34.641 -52
    endloop
  endfacet
  facet normal 0.333452 0.623777 0.706903
    outer loop
      vertex 17.9612 33.4642 -50
      vertex 17.6915 35.8749 -52
      vertex 16.807 34.0812 -50
    endloop
  endfacet
  facet normal -0.703879 -0.0692822 0.706933
    outer loop
      vertex -39.9144 -2.61613 -52
      vertex -37.7904 -3.78778 -50
      vertex -37.9186 -2.48532 -50
    endloop
  endfacet
  facet normal -0.703893 -0.0693376 0.706914
    outer loop
      vertex -37.7904 -3.78778 -50
      vertex -39.9144 -2.61613 -52
      vertex -39.6578 -5.22105 -52
    endloop
  endfacet
  facet normal 0.291893 0.644254 0.706919
    outer loop
      vertex 15.3073 36.9552 -52
      vertex 14.542 35.1074 -50
      vertex 15.6149 34.6213 -50
    endloop
  endfacet
  facet normal -0.600623 -0.373539 0.706909
    outer loop
      vertex -34.641 -20 -52
      vertex -32.2178 -20.1114 -50
      vertex -32.909 -19 -50
    endloop
  endfacet
  facet normal -0.600634 -0.373491 0.706925
    outer loop
      vertex -32.2178 -20.1114 -50
      vertex -34.641 -20 -52
      vertex -33.2588 -22.2228 -52
    endloop
  endfacet
  facet normal 0.44871 -0.546748 0.706913
    outer loop
      vertex 24.1446 -29.3172 -50
      vertex 24.3505 -31.7341 -52
      vertex 26.3738 -30.0736 -52
    endloop
  endfacet
  facet normal 0.448673 -0.546762 0.706926
    outer loop
      vertex 24.3505 -31.7341 -52
      vertex 24.1446 -29.3172 -50
      vertex 23.1329 -30.1474 -50
    endloop
  endfacet
  facet normal 0.516232 -0.483505 0.706914
    outer loop
      vertex 27.6753 -26.0104 -50
      vertex 26.8701 -26.8701 -50
      vertex 28.2843 -28.2843 -52
    endloop
  endfacet
  facet normal 0.160568 0.688823 0.706923
    outer loop
      vertex 7.80361 39.2314 -52
      vertex 7.41343 37.2698 -50
      vertex 8.56055 37.0024 -50
    endloop
  endfacet
  facet normal -0.249133 -0.661959 0.706925
    outer loop
      vertex -13.4396 -35.5223 -50
      vertex -12.8576 -37.8772 -52
      vertex -12.2147 -35.9833 -50
    endloop
  endfacet
  facet normal -0.249143 -0.661958 0.706922
    outer loop
      vertex -12.8576 -37.8772 -52
      vertex -13.4396 -35.5223 -50
      vertex -15.3073 -36.9552 -52
    endloop
  endfacet
  facet normal 0.249143 -0.661958 0.706922
    outer loop
      vertex 13.4396 -35.5223 -50
      vertex 12.8576 -37.8772 -52
      vertex 15.3073 -36.9552 -52
    endloop
  endfacet
  facet normal 0.249133 -0.661959 0.706925
    outer loop
      vertex 12.8576 -37.8772 -52
      vertex 13.4396 -35.5223 -50
      vertex 12.2147 -35.9833 -50
    endloop
  endfacet
  facet normal 0.11522 -0.697847 0.706919
    outer loop
      vertex 6.25128 -37.4617 -50
      vertex 5.22105 -39.6578 -52
      vertex 7.80361 -39.2314 -52
    endloop
  endfacet
  facet normal 0.115219 -0.697846 0.706919
    outer loop
      vertex 5.22105 -39.6578 -52
      vertex 6.25128 -37.4617 -50
      vertex 4.95999 -37.6749 -50
    endloop
  endfacet
  facet normal 0.023184 0.706901 0.706933
    outer loop
      vertex 2.61613 39.9144 -52
      vertex 1.17726 37.9615 -50
      vertex 2.48532 37.9186 -50
    endloop
  endfacet
  facet normal 0.0231305 0.706921 0.706914
    outer loop
      vertex 1.17726 37.9615 -50
      vertex 2.61613 39.9144 -52
      vertex 0 40 -52
    endloop
  endfacet
  facet normal 0.0693376 0.703893 0.706914
    outer loop
      vertex 2.61613 39.9144 -52
      vertex 3.78778 37.7904 -50
      vertex 5.22105 39.6578 -52
    endloop
  endfacet
  facet normal 0.0692822 0.703879 0.706933
    outer loop
      vertex 3.78778 37.7904 -50
      vertex 2.61613 39.9144 -52
      vertex 2.48532 37.9186 -50
    endloop
  endfacet
  facet normal -0.661963 0.249137 0.70692
    outer loop
      vertex -35.1074 14.542 -50
      vertex -36.9552 15.3073 -52
      vertex -35.5223 13.4396 -50
    endloop
  endfacet
  facet normal -0.574894 0.412012 0.706925
    outer loop
      vertex -31.7341 24.3505 -52
      vertex -30.9098 22.0691 -50
      vertex -30.1474 23.1329 -50
    endloop
  endfacet
  facet normal -0.574926 0.411989 0.706912
    outer loop
      vertex -30.9098 22.0691 -50
      vertex -31.7341 24.3505 -52
      vertex -33.2588 22.2228 -52
    endloop
  endfacet
  facet normal 0.483505 -0.516232 0.706914
    outer loop
      vertex 26.8701 -26.8701 -50
      vertex 26.0104 -27.6753 -50
      vertex 28.2843 -28.2843 -52
    endloop
  endfacet
  facet normal 0.291897 -0.644269 0.706904
    outer loop
      vertex 15.6149 -34.6213 -50
      vertex 17.6915 -35.8749 -52
      vertex 16.807 -34.0812 -50
    endloop
  endfacet
  facet normal 0.291915 -0.644251 0.706913
    outer loop
      vertex 17.6915 -35.8749 -52
      vertex 15.6149 -34.6213 -50
      vertex 15.3073 -36.9552 -52
    endloop
  endfacet
  facet normal -0.411956 0.574937 0.706922
    outer loop
      vertex -21.1117 31.5958 -50
      vertex -22.2228 33.2588 -52
      vertex -22.0691 30.9098 -50
    endloop
  endfacet
  facet normal 0.546762 -0.448673 0.706926
    outer loop
      vertex 29.3172 -24.1446 -50
      vertex 31.7341 -24.3505 -52
      vertex 30.1474 -23.1329 -50
    endloop
  endfacet
  facet normal 0.546748 -0.44871 0.706913
    outer loop
      vertex 31.7341 -24.3505 -52
      vertex 29.3172 -24.1446 -50
      vertex 30.0736 -26.3738 -52
    endloop
  endfacet
  facet normal -0.688825 0.160618 0.70691
    outer loop
      vertex -38.637 10.3528 -52
      vertex -37.0024 8.56055 -50
      vertex -36.7052 9.83512 -50
    endloop
  endfacet
  facet normal -0.688827 0.160615 0.706909
    outer loop
      vertex -37.0024 8.56055 -50
      vertex -38.637 10.3528 -52
      vertex -39.2314 7.80361 -52
    endloop
  endfacet
  facet normal 0.676847 -0.205316 0.706911
    outer loop
      vertex 36.3253 -11.0875 -50
      vertex 38.637 -10.3528 -52
      vertex 36.7052 -9.83512 -50
    endloop
  endfacet
  facet normal 0.676847 -0.205313 0.706912
    outer loop
      vertex 38.637 -10.3528 -52
      vertex 36.3253 -11.0875 -50
      vertex 37.8772 -12.8576 -52
    endloop
  endfacet
  facet normal 0.574926 0.411989 0.706912
    outer loop
      vertex 31.7341 24.3505 -52
      vertex 30.9098 22.0691 -50
      vertex 33.2588 22.2228 -52
    endloop
  endfacet
  facet normal 0.574894 0.412012 0.706925
    outer loop
      vertex 30.9098 22.0691 -50
      vertex 31.7341 24.3505 -52
      vertex 30.1474 23.1329 -50
    endloop
  endfacet
  facet normal 0.160568 -0.688823 0.706923
    outer loop
      vertex 8.56055 -37.0024 -50
      vertex 7.41343 -37.2698 -50
      vertex 7.80361 -39.2314 -52
    endloop
  endfacet
  facet normal 0.0231184 0.706918 0.706918
    outer loop
      vertex 0 40 -52
      vertex 0 38 -50
      vertex 1.17726 37.9615 -50
    endloop
  endfacet
  facet normal 0.697841 -0.115231 0.706923
    outer loop
      vertex 37.4617 -6.25128 -50
      vertex 37.2698 -7.41343 -50
      vertex 39.2314 -7.80361 -52
    endloop
  endfacet
  facet normal -0.516263 -0.48346 0.706922
    outer loop
      vertex -30.0736 -26.3738 -52
      vertex -27.6753 -26.0104 -50
      vertex -28.5699 -25.0551 -50
    endloop
  endfacet
  facet normal -0.516247 -0.483497 0.706909
    outer loop
      vertex -27.6753 -26.0104 -50
      vertex -30.0736 -26.3738 -52
      vertex -28.2843 -28.2843 -52
    endloop
  endfacet
  facet normal -0.644254 0.291893 0.706919
    outer loop
      vertex -34.6213 15.6149 -50
      vertex -36.9552 15.3073 -52
      vertex -35.1074 14.542 -50
    endloop
  endfacet
  facet normal 0.546723 0.448727 0.706922
    outer loop
      vertex 30.0736 26.3738 -52
      vertex 28.5699 25.0551 -50
      vertex 29.3172 24.1446 -50
    endloop
  endfacet
  facet normal -0.644269 -0.291897 0.706904
    outer loop
      vertex -34.6213 -15.6149 -50
      vertex -35.8749 -17.6915 -52
      vertex -34.0812 -16.807 -50
    endloop
  endfacet
  facet normal -0.644251 -0.291915 0.706913
    outer loop
      vertex -35.8749 -17.6915 -52
      vertex -34.6213 -15.6149 -50
      vertex -36.9552 -15.3073 -52
    endloop
  endfacet
  facet normal 0.516247 0.483497 0.706909
    outer loop
      vertex 27.6753 26.0104 -50
      vertex 30.0736 26.3738 -52
      vertex 28.2843 28.2843 -52
    endloop
  endfacet
  facet normal 0.516263 0.48346 0.706922
    outer loop
      vertex 30.0736 26.3738 -52
      vertex 27.6753 26.0104 -50
      vertex 28.5699 25.0551 -50
    endloop
  endfacet
  facet normal 0.373486 -0.60064 0.706923
    outer loop
      vertex 21.1117 -31.5958 -50
      vertex 20.1114 -32.2178 -50
      vertex 22.2228 -33.2588 -52
    endloop
  endfacet
  facet normal -0.688823 -0.160568 0.706923
    outer loop
      vertex -37.2698 -7.41343 -50
      vertex -39.2314 -7.80361 -52
      vertex -37.0024 -8.56055 -50
    endloop
  endfacet
  facet normal 0.706921 -0.0231305 0.706914
    outer loop
      vertex 37.9615 -1.17726 -50
      vertex 39.9144 -2.61613 -52
      vertex 40 0 -52
    endloop
  endfacet
  facet normal 0.706901 -0.023184 0.706933
    outer loop
      vertex 39.9144 -2.61613 -52
      vertex 37.9615 -1.17726 -50
      vertex 37.9186 -2.48532 -50
    endloop
  endfacet
  facet normal 0.706918 -0.0231184 0.706918
    outer loop
      vertex 38 0 -50
      vertex 37.9615 -1.17726 -50
      vertex 40 0 -52
    endloop
  endfacet
  facet normal -0.448727 0.546723 0.706922
    outer loop
      vertex -24.1446 29.3172 -50
      vertex -26.3738 30.0736 -52
      vertex -25.0551 28.5699 -50
    endloop
  endfacet
  facet normal -0.688823 0.160568 0.706923
    outer loop
      vertex -37.0024 8.56055 -50
      vertex -39.2314 7.80361 -52
      vertex -37.2698 7.41343 -50
    endloop
  endfacet
  facet normal -0.48346 0.516263 0.706922
    outer loop
      vertex -26.3738 30.0736 -52
      vertex -26.0104 27.6753 -50
      vertex -25.0551 28.5699 -50
    endloop
  endfacet
  facet normal -0.483497 0.516247 0.706909
    outer loop
      vertex -26.0104 27.6753 -50
      vertex -26.3738 30.0736 -52
      vertex -28.2843 28.2843 -52
    endloop
  endfacet
  facet normal -0.623777 -0.333452 0.706903
    outer loop
      vertex -35.8749 -17.6915 -52
      vertex -33.4642 -17.9612 -50
      vertex -34.0812 -16.807 -50
    endloop
  endfacet
  facet normal -0.623783 -0.333414 0.706916
    outer loop
      vertex -33.4642 -17.9612 -50
      vertex -35.8749 -17.6915 -52
      vertex -34.641 -20 -52
    endloop
  endfacet
  facet normal 0.661959 -0.249133 0.706925
    outer loop
      vertex 35.5223 -13.4396 -50
      vertex 37.8772 -12.8576 -52
      vertex 35.9833 -12.2147 -50
    endloop
  endfacet
  facet normal 0.661958 -0.249143 0.706922
    outer loop
      vertex 37.8772 -12.8576 -52
      vertex 35.5223 -13.4396 -50
      vertex 36.9552 -15.3073 -52
    endloop
  endfacet
  facet normal -0.0693551 0.703885 0.70692
    outer loop
      vertex -3.78778 37.7904 -50
      vertex -5.22105 39.6578 -52
      vertex -4.95999 37.6749 -50
    endloop
  endfacet
  facet normal -0.623799 0.333398 0.706909
    outer loop
      vertex -32.909 19 -50
      vertex -34.641 20 -52
      vertex -33.4642 17.9612 -50
    endloop
  endfacet
  facet normal 0.249143 0.661958 0.706922
    outer loop
      vertex 12.8576 37.8772 -52
      vertex 13.4396 35.5223 -50
      vertex 15.3073 36.9552 -52
    endloop
  endfacet
  facet normal 0.249133 0.661959 0.706925
    outer loop
      vertex 13.4396 35.5223 -50
      vertex 12.8576 37.8772 -52
      vertex 12.2147 35.9833 -50
    endloop
  endfacet
  facet normal 0.546723 -0.448727 0.706922
    outer loop
      vertex 29.3172 -24.1446 -50
      vertex 28.5699 -25.0551 -50
      vertex 30.0736 -26.3738 -52
    endloop
  endfacet
  facet normal 0.115231 -0.697841 0.706923
    outer loop
      vertex 7.41343 -37.2698 -50
      vertex 6.25128 -37.4617 -50
      vertex 7.80361 -39.2314 -52
    endloop
  endfacet
  facet normal -0.644254 -0.291893 0.706919
    outer loop
      vertex -35.1074 -14.542 -50
      vertex -36.9552 -15.3073 -52
      vertex -34.6213 -15.6149 -50
    endloop
  endfacet
  facet normal -0.205316 -0.676847 0.706911
    outer loop
      vertex -11.0875 -36.3253 -50
      vertex -10.3528 -38.637 -52
      vertex -9.83512 -36.7052 -50
    endloop
  endfacet
  facet normal -0.205313 -0.676847 0.706912
    outer loop
      vertex -10.3528 -38.637 -52
      vertex -11.0875 -36.3253 -50
      vertex -12.8576 -37.8772 -52
    endloop
  endfacet
  facet normal -0.205316 0.676847 0.706911
    outer loop
      vertex -10.3528 38.637 -52
      vertex -11.0875 36.3253 -50
      vertex -9.83512 36.7052 -50
    endloop
  endfacet
  facet normal -0.205313 0.676847 0.706912
    outer loop
      vertex -11.0875 36.3253 -50
      vertex -10.3528 38.637 -52
      vertex -12.8576 37.8772 -52
    endloop
  endfacet
  facet normal 0.688827 -0.160615 0.706909
    outer loop
      vertex 37.0024 -8.56055 -50
      vertex 38.637 -10.3528 -52
      vertex 39.2314 -7.80361 -52
    endloop
  endfacet
  facet normal 0.688825 -0.160618 0.70691
    outer loop
      vertex 38.637 -10.3528 -52
      vertex 37.0024 -8.56055 -50
      vertex 36.7052 -9.83512 -50
    endloop
  endfacet
  facet normal -0.688825 -0.160618 0.70691
    outer loop
      vertex -37.0024 -8.56055 -50
      vertex -38.637 -10.3528 -52
      vertex -36.7052 -9.83512 -50
    endloop
  endfacet
  facet normal -0.688827 -0.160615 0.706909
    outer loop
      vertex -38.637 -10.3528 -52
      vertex -37.0024 -8.56055 -50
      vertex -39.2314 -7.80361 -52
    endloop
  endfacet
  facet normal -0.0693551 -0.703885 0.70692
    outer loop
      vertex -4.95999 -37.6749 -50
      vertex -5.22105 -39.6578 -52
      vertex -3.78778 -37.7904 -50
    endloop
  endfacet
  facet normal 0.333414 -0.623783 0.706916
    outer loop
      vertex 17.9612 -33.4642 -50
      vertex 17.6915 -35.8749 -52
      vertex 20 -34.641 -52
    endloop
  endfacet
  facet normal 0.333452 -0.623777 0.706903
    outer loop
      vertex 17.6915 -35.8749 -52
      vertex 17.9612 -33.4642 -50
      vertex 16.807 -34.0812 -50
    endloop
  endfacet
  facet normal -0.644269 0.291897 0.706904
    outer loop
      vertex -35.8749 17.6915 -52
      vertex -34.6213 15.6149 -50
      vertex -34.0812 16.807 -50
    endloop
  endfacet
  facet normal -0.644251 0.291915 0.706913
    outer loop
      vertex -34.6213 15.6149 -50
      vertex -35.8749 17.6915 -52
      vertex -36.9552 15.3073 -52
    endloop
  endfacet
  facet normal -0.0692822 -0.703879 0.706933
    outer loop
      vertex -3.78778 -37.7904 -50
      vertex -2.61613 -39.9144 -52
      vertex -2.48532 -37.9186 -50
    endloop
  endfacet
  facet normal -0.0693376 -0.703893 0.706914
    outer loop
      vertex -2.61613 -39.9144 -52
      vertex -3.78778 -37.7904 -50
      vertex -5.22105 -39.6578 -52
    endloop
  endfacet
  facet normal -0.676847 -0.205316 0.706911
    outer loop
      vertex -38.637 -10.3528 -52
      vertex -36.3253 -11.0875 -50
      vertex -36.7052 -9.83512 -50
    endloop
  endfacet
  facet normal -0.676847 -0.205313 0.706912
    outer loop
      vertex -36.3253 -11.0875 -50
      vertex -38.637 -10.3528 -52
      vertex -37.8772 -12.8576 -52
    endloop
  endfacet
  facet normal 0.291893 -0.644254 0.706919
    outer loop
      vertex 15.6149 -34.6213 -50
      vertex 14.542 -35.1074 -50
      vertex 15.3073 -36.9552 -52
    endloop
  endfacet
  facet normal -0.516232 -0.483505 0.706914
    outer loop
      vertex -27.6753 -26.0104 -50
      vertex -28.2843 -28.2843 -52
      vertex -26.8701 -26.8701 -50
    endloop
  endfacet
  facet normal 0.411956 0.574937 0.706922
    outer loop
      vertex 22.2228 33.2588 -52
      vertex 21.1117 31.5958 -50
      vertex 22.0691 30.9098 -50
    endloop
  endfacet
  facet normal -0.0231184 -0.706918 0.706918
    outer loop
      vertex 0 -38 -50
      vertex -1.17726 -37.9615 -50
      vertex 0 -40 -52
    endloop
  endfacet
  facet normal 0.697846 -0.115219 0.706919
    outer loop
      vertex 37.4617 -6.25128 -50
      vertex 39.6578 -5.22105 -52
      vertex 37.6749 -4.95999 -50
    endloop
  endfacet
  facet normal 0.697847 -0.11522 0.706919
    outer loop
      vertex 39.6578 -5.22105 -52
      vertex 37.4617 -6.25128 -50
      vertex 39.2314 -7.80361 -52
    endloop
  endfacet
  facet normal -0.574894 -0.412012 0.706925
    outer loop
      vertex -30.9098 -22.0691 -50
      vertex -31.7341 -24.3505 -52
      vertex -30.1474 -23.1329 -50
    endloop
  endfacet
  facet normal -0.574926 -0.411989 0.706912
    outer loop
      vertex -31.7341 -24.3505 -52
      vertex -30.9098 -22.0691 -50
      vertex -33.2588 -22.2228 -52
    endloop
  endfacet
  facet normal 0.0693551 -0.703885 0.70692
    outer loop
      vertex 4.95999 -37.6749 -50
      vertex 3.78778 -37.7904 -50
      vertex 5.22105 -39.6578 -52
    endloop
  endfacet
  facet normal 0.249137 -0.661963 0.70692
    outer loop
      vertex 14.542 -35.1074 -50
      vertex 13.4396 -35.5223 -50
      vertex 15.3073 -36.9552 -52
    endloop
  endfacet
  facet normal 0.205313 -0.676847 0.706912
    outer loop
      vertex 11.0875 -36.3253 -50
      vertex 10.3528 -38.637 -52
      vertex 12.8576 -37.8772 -52
    endloop
  endfacet
  facet normal 0.205316 -0.676847 0.706911
    outer loop
      vertex 10.3528 -38.637 -52
      vertex 11.0875 -36.3253 -50
      vertex 9.83512 -36.7052 -50
    endloop
  endfacet
  facet normal -0.373486 0.60064 0.706923
    outer loop
      vertex -20.1114 32.2178 -50
      vertex -22.2228 33.2588 -52
      vertex -21.1117 31.5958 -50
    endloop
  endfacet
  facet normal -0.115219 -0.697846 0.706919
    outer loop
      vertex -6.25128 -37.4617 -50
      vertex -5.22105 -39.6578 -52
      vertex -4.95999 -37.6749 -50
    endloop
  endfacet
  facet normal -0.11522 -0.697847 0.706919
    outer loop
      vertex -5.22105 -39.6578 -52
      vertex -6.25128 -37.4617 -50
      vertex -7.80361 -39.2314 -52
    endloop
  endfacet
  facet normal -0.574937 -0.411956 0.706922
    outer loop
      vertex -31.5958 -21.1117 -50
      vertex -33.2588 -22.2228 -52
      vertex -30.9098 -22.0691 -50
    endloop
  endfacet
  facet normal 0.44871 0.546748 0.706913
    outer loop
      vertex 24.3505 31.7341 -52
      vertex 24.1446 29.3172 -50
      vertex 26.3738 30.0736 -52
    endloop
  endfacet
  facet normal 0.448673 0.546762 0.706926
    outer loop
      vertex 24.1446 29.3172 -50
      vertex 24.3505 31.7341 -52
      vertex 23.1329 30.1474 -50
    endloop
  endfacet
  facet normal 0.411989 0.574926 0.706912
    outer loop
      vertex 22.0691 30.9098 -50
      vertex 24.3505 31.7341 -52
      vertex 22.2228 33.2588 -52
    endloop
  endfacet
  facet normal 0.412012 0.574894 0.706925
    outer loop
      vertex 24.3505 31.7341 -52
      vertex 22.0691 30.9098 -50
      vertex 23.1329 30.1474 -50
    endloop
  endfacet
  facet normal 0.448727 0.546723 0.706922
    outer loop
      vertex 26.3738 30.0736 -52
      vertex 24.1446 29.3172 -50
      vertex 25.0551 28.5699 -50
    endloop
  endfacet
  facet normal -0.160615 0.688827 0.706909
    outer loop
      vertex -10.3528 38.637 -52
      vertex -8.56055 37.0024 -50
      vertex -7.80361 39.2314 -52
    endloop
  endfacet
  facet normal -0.160618 0.688825 0.70691
    outer loop
      vertex -8.56055 37.0024 -50
      vertex -10.3528 38.637 -52
      vertex -9.83512 36.7052 -50
    endloop
  endfacet
  facet normal -0.448673 0.546762 0.706926
    outer loop
      vertex -24.3505 31.7341 -52
      vertex -24.1446 29.3172 -50
      vertex -23.1329 30.1474 -50
    endloop
  endfacet
  facet normal -0.44871 0.546748 0.706913
    outer loop
      vertex -24.1446 29.3172 -50
      vertex -24.3505 31.7341 -52
      vertex -26.3738 30.0736 -52
    endloop
  endfacet
  facet normal -0.333398 -0.623799 0.706909
    outer loop
      vertex -19 -32.909 -50
      vertex -20 -34.641 -52
      vertex -17.9612 -33.4642 -50
    endloop
  endfacet
  facet normal -0.373539 -0.600623 0.706909
    outer loop
      vertex -20.1114 -32.2178 -50
      vertex -20 -34.641 -52
      vertex -19 -32.909 -50
    endloop
  endfacet
  facet normal -0.373491 -0.600634 0.706925
    outer loop
      vertex -20 -34.641 -52
      vertex -20.1114 -32.2178 -50
      vertex -22.2228 -33.2588 -52
    endloop
  endfacet
  facet normal 0.333398 -0.623799 0.706909
    outer loop
      vertex 19 -32.909 -50
      vertex 17.9612 -33.4642 -50
      vertex 20 -34.641 -52
    endloop
  endfacet
  facet normal 0.115231 0.697841 0.706923
    outer loop
      vertex 7.80361 39.2314 -52
      vertex 6.25128 37.4617 -50
      vertex 7.41343 37.2698 -50
    endloop
  endfacet
  facet normal 0.623777 -0.333452 0.706903
    outer loop
      vertex 33.4642 -17.9612 -50
      vertex 35.8749 -17.6915 -52
      vertex 34.0812 -16.807 -50
    endloop
  endfacet
  facet normal 0.623783 -0.333414 0.706916
    outer loop
      vertex 35.8749 -17.6915 -52
      vertex 33.4642 -17.9612 -50
      vertex 34.641 -20 -52
    endloop
  endfacet
  facet normal 0.703885 -0.0693551 0.70692
    outer loop
      vertex 37.7904 -3.78778 -50
      vertex 37.6749 -4.95999 -50
      vertex 39.6578 -5.22105 -52
    endloop
  endfacet
  facet normal -0.373486 -0.60064 0.706923
    outer loop
      vertex -21.1117 -31.5958 -50
      vertex -22.2228 -33.2588 -52
      vertex -20.1114 -32.2178 -50
    endloop
  endfacet
  facet normal -0.205352 0.676821 0.706926
    outer loop
      vertex -11.0875 36.3253 -50
      vertex -12.8576 37.8772 -52
      vertex -12.2147 35.9833 -50
    endloop
  endfacet
  facet normal -0.483505 0.516232 0.706914
    outer loop
      vertex -26.0104 27.6753 -50
      vertex -28.2843 28.2843 -52
      vertex -26.8701 26.8701 -50
    endloop
  endfacet
  facet normal -0.115231 0.697841 0.706923
    outer loop
      vertex -6.25128 37.4617 -50
      vertex -7.80361 39.2314 -52
      vertex -7.41343 37.2698 -50
    endloop
  endfacet
  facet normal -0.115219 0.697846 0.706919
    outer loop
      vertex -5.22105 39.6578 -52
      vertex -6.25128 37.4617 -50
      vertex -4.95999 37.6749 -50
    endloop
  endfacet
  facet normal -0.11522 0.697847 0.706919
    outer loop
      vertex -6.25128 37.4617 -50
      vertex -5.22105 39.6578 -52
      vertex -7.80361 39.2314 -52
    endloop
  endfacet
  facet normal -0.249137 0.661963 0.70692
    outer loop
      vertex -13.4396 35.5223 -50
      vertex -15.3073 36.9552 -52
      vertex -14.542 35.1074 -50
    endloop
  endfacet
  facet normal -0.546762 -0.448673 0.706926
    outer loop
      vertex -31.7341 -24.3505 -52
      vertex -29.3172 -24.1446 -50
      vertex -30.1474 -23.1329 -50
    endloop
  endfacet
  facet normal -0.546748 -0.44871 0.706913
    outer loop
      vertex -29.3172 -24.1446 -50
      vertex -31.7341 -24.3505 -52
      vertex -30.0736 -26.3738 -52
    endloop
  endfacet
  facet normal -0.546723 0.448727 0.706922
    outer loop
      vertex -28.5699 25.0551 -50
      vertex -30.0736 26.3738 -52
      vertex -29.3172 24.1446 -50
    endloop
  endfacet
  facet normal 0.411956 -0.574937 0.706922
    outer loop
      vertex 22.0691 -30.9098 -50
      vertex 21.1117 -31.5958 -50
      vertex 22.2228 -33.2588 -52
    endloop
  endfacet
  facet normal 0.412012 -0.574894 0.706925
    outer loop
      vertex 22.0691 -30.9098 -50
      vertex 24.3505 -31.7341 -52
      vertex 23.1329 -30.1474 -50
    endloop
  endfacet
  facet normal 0.411989 -0.574926 0.706912
    outer loop
      vertex 24.3505 -31.7341 -52
      vertex 22.0691 -30.9098 -50
      vertex 22.2228 -33.2588 -52
    endloop
  endfacet
  facet normal -0.160568 -0.688823 0.706923
    outer loop
      vertex -7.41343 -37.2698 -50
      vertex -8.56055 -37.0024 -50
      vertex -7.80361 -39.2314 -52
    endloop
  endfacet
  facet normal -0.546748 0.44871 0.706913
    outer loop
      vertex -31.7341 24.3505 -52
      vertex -29.3172 24.1446 -50
      vertex -30.0736 26.3738 -52
    endloop
  endfacet
  facet normal -0.546762 0.448673 0.706926
    outer loop
      vertex -29.3172 24.1446 -50
      vertex -31.7341 24.3505 -52
      vertex -30.1474 23.1329 -50
    endloop
  endfacet
  facet normal -0.60064 0.373486 0.706923
    outer loop
      vertex -31.5958 21.1117 -50
      vertex -33.2588 22.2228 -52
      vertex -32.2178 20.1114 -50
    endloop
  endfacet
  facet normal 0.644254 -0.291893 0.706919
    outer loop
      vertex 35.1074 -14.542 -50
      vertex 34.6213 -15.6149 -50
      vertex 36.9552 -15.3073 -52
    endloop
  endfacet
  facet normal -0.661958 0.249143 0.706922
    outer loop
      vertex -37.8772 12.8576 -52
      vertex -35.5223 13.4396 -50
      vertex -36.9552 15.3073 -52
    endloop
  endfacet
  facet normal -0.661959 0.249133 0.706925
    outer loop
      vertex -35.5223 13.4396 -50
      vertex -37.8772 12.8576 -52
      vertex -35.9833 12.2147 -50
    endloop
  endfacet
  facet normal -0.706901 0.023184 0.706933
    outer loop
      vertex -39.9144 2.61613 -52
      vertex -37.9615 1.17726 -50
      vertex -37.9186 2.48532 -50
    endloop
  endfacet
  facet normal -0.706921 0.0231305 0.706914
    outer loop
      vertex -37.9615 1.17726 -50
      vertex -39.9144 2.61613 -52
      vertex -40 0 -52
    endloop
  endfacet
  facet normal -0.703893 0.0693376 0.706914
    outer loop
      vertex -39.9144 2.61613 -52
      vertex -37.7904 3.78778 -50
      vertex -39.6578 5.22105 -52
    endloop
  endfacet
  facet normal -0.703879 0.0692822 0.706933
    outer loop
      vertex -37.7904 3.78778 -50
      vertex -39.9144 2.61613 -52
      vertex -37.9186 2.48532 -50
    endloop
  endfacet
  facet normal 0.160618 0.688825 0.70691
    outer loop
      vertex 10.3528 38.637 -52
      vertex 8.56055 37.0024 -50
      vertex 9.83512 36.7052 -50
    endloop
  endfacet
  facet normal 0.160615 0.688827 0.706909
    outer loop
      vertex 8.56055 37.0024 -50
      vertex 10.3528 38.637 -52
      vertex 7.80361 39.2314 -52
    endloop
  endfacet
  facet normal -0.373539 0.600623 0.706909
    outer loop
      vertex -20 34.641 -52
      vertex -20.1114 32.2178 -50
      vertex -19 32.909 -50
    endloop
  endfacet
  facet normal -0.373491 0.600634 0.706925
    outer loop
      vertex -20.1114 32.2178 -50
      vertex -20 34.641 -52
      vertex -22.2228 33.2588 -52
    endloop
  endfacet
  facet normal -0.697841 0.115231 0.706923
    outer loop
      vertex -37.2698 7.41343 -50
      vertex -39.2314 7.80361 -52
      vertex -37.4617 6.25128 -50
    endloop
  endfacet
  facet normal -0.574937 0.411956 0.706922
    outer loop
      vertex -30.9098 22.0691 -50
      vertex -33.2588 22.2228 -52
      vertex -31.5958 21.1117 -50
    endloop
  endfacet
  facet normal -0.333452 0.623777 0.706903
    outer loop
      vertex -17.6915 35.8749 -52
      vertex -17.9612 33.4642 -50
      vertex -16.807 34.0812 -50
    endloop
  endfacet
  facet normal -0.333414 0.623783 0.706916
    outer loop
      vertex -17.9612 33.4642 -50
      vertex -17.6915 35.8749 -52
      vertex -20 34.641 -52
    endloop
  endfacet
  facet normal 0.205313 0.676847 0.706912
    outer loop
      vertex 10.3528 38.637 -52
      vertex 11.0875 36.3253 -50
      vertex 12.8576 37.8772 -52
    endloop
  endfacet
  facet normal 0.205316 0.676847 0.706911
    outer loop
      vertex 11.0875 36.3253 -50
      vertex 10.3528 38.637 -52
      vertex 9.83512 36.7052 -50
    endloop
  endfacet
  facet normal -0.516232 0.483505 0.706914
    outer loop
      vertex -26.8701 26.8701 -50
      vertex -28.2843 28.2843 -52
      vertex -27.6753 26.0104 -50
    endloop
  endfacet
  facet normal -0.546723 -0.448727 0.706922
    outer loop
      vertex -29.3172 -24.1446 -50
      vertex -30.0736 -26.3738 -52
      vertex -28.5699 -25.0551 -50
    endloop
  endfacet
  facet normal 0.600623 -0.373539 0.706909
    outer loop
      vertex 32.2178 -20.1114 -50
      vertex 34.641 -20 -52
      vertex 32.909 -19 -50
    endloop
  endfacet
  facet normal 0.600634 -0.373491 0.706925
    outer loop
      vertex 34.641 -20 -52
      vertex 32.2178 -20.1114 -50
      vertex 33.2588 -22.2228 -52
    endloop
  endfacet
  facet normal 0.60064 -0.373486 0.706923
    outer loop
      vertex 32.2178 -20.1114 -50
      vertex 31.5958 -21.1117 -50
      vertex 33.2588 -22.2228 -52
    endloop
  endfacet
  facet normal -0.600634 0.373491 0.706925
    outer loop
      vertex -34.641 20 -52
      vertex -32.2178 20.1114 -50
      vertex -33.2588 22.2228 -52
    endloop
  endfacet
  facet normal -0.600623 0.373539 0.706909
    outer loop
      vertex -32.2178 20.1114 -50
      vertex -34.641 20 -52
      vertex -32.909 19 -50
    endloop
  endfacet
  facet normal -0.623783 0.333414 0.706916
    outer loop
      vertex -35.8749 17.6915 -52
      vertex -33.4642 17.9612 -50
      vertex -34.641 20 -52
    endloop
  endfacet
  facet normal -0.623777 0.333452 0.706903
    outer loop
      vertex -33.4642 17.9612 -50
      vertex -35.8749 17.6915 -52
      vertex -34.0812 16.807 -50
    endloop
  endfacet
  facet normal -0.98664 -0.162915 0
    outer loop
      vertex -45.1161 -8.97415 -59
      vertex -45.6065 -6.0042 -53
      vertex -45.6065 -6.0042 -59
    endloop
  endfacet
  facet normal -0.98664 -0.162915 0
    outer loop
      vertex -45.6065 -6.0042 -53
      vertex -45.1161 -8.97415 -59
      vertex -45.1161 -8.97415 -53
    endloop
  endfacet
  facet normal 0.52808 -0.849194 0
    outer loop
      vertex 23 -39.8372 -59
      vertex 25.5562 -38.2476 -53
      vertex 23 -39.8372 -53
    endloop
  endfacet
  facet normal 0.52808 -0.849194 0
    outer loop
      vertex 25.5562 -38.2476 -53
      vertex 23 -39.8372 -59
      vertex 25.5562 -38.2476 -59
    endloop
  endfacet
  facet normal -0.352245 -0.935908 0
    outer loop
      vertex -17.6034 -42.4985 -59
      vertex -14.7862 -43.5588 -53
      vertex -17.6034 -42.4985 -53
    endloop
  endfacet
  facet normal -0.352245 -0.935908 -0
    outer loop
      vertex -14.7862 -43.5588 -53
      vertex -17.6034 -42.4985 -59
      vertex -14.7862 -43.5588 -59
    endloop
  endfacet
  facet normal 0.412724 -0.910856 0
    outer loop
      vertex 17.6034 -42.4985 -59
      vertex 20.3453 -41.2561 -53
      vertex 17.6034 -42.4985 -53
    endloop
  endfacet
  facet normal 0.412724 -0.910856 0
    outer loop
      vertex 20.3453 -41.2561 -53
      vertex 17.6034 -42.4985 -59
      vertex 20.3453 -41.2561 -59
    endloop
  endfacet
  facet normal 0.68359 0.729867 -0
    outer loop
      vertex 32.5269 32.5269 -59
      vertex 30.3299 34.5846 -53
      vertex 32.5269 32.5269 -53
    endloop
  endfacet
  facet normal 0.68359 0.729867 0
    outer loop
      vertex 30.3299 34.5846 -53
      vertex 32.5269 32.5269 -59
      vertex 30.3299 34.5846 -59
    endloop
  endfacet
  facet normal -0.227063 0.97388 0
    outer loop
      vertex -8.97415 45.1161 -59
      vertex -11.9057 44.4326 -53
      vertex -8.97415 45.1161 -53
    endloop
  endfacet
  facet normal -0.227063 0.97388 0
    outer loop
      vertex -11.9057 44.4326 -53
      vertex -8.97415 45.1161 -59
      vertex -11.9057 44.4326 -59
    endloop
  endfacet
  facet normal -0.0980018 0.995186 0
    outer loop
      vertex -3.00854 45.9015 -59
      vertex -6.0042 45.6065 -53
      vertex -3.00854 45.9015 -53
    endloop
  endfacet
  facet normal -0.0980018 0.995186 0
    outer loop
      vertex -6.0042 45.6065 -53
      vertex -3.00854 45.9015 -59
      vertex -6.0042 45.6065 -59
    endloop
  endfacet
  facet normal -0.849194 0.52808 0
    outer loop
      vertex -39.8372 23 -59
      vertex -38.2476 25.5562 -53
      vertex -38.2476 25.5562 -59
    endloop
  endfacet
  facet normal -0.849194 0.52808 0
    outer loop
      vertex -38.2476 25.5562 -53
      vertex -39.8372 23 -59
      vertex -39.8372 23 -53
    endloop
  endfacet
  facet normal -0.68359 -0.729867 0
    outer loop
      vertex -32.5269 -32.5269 -59
      vertex -30.3299 -34.5846 -53
      vertex -32.5269 -32.5269 -53
    endloop
  endfacet
  facet normal -0.68359 -0.729867 -0
    outer loop
      vertex -30.3299 -34.5846 -53
      vertex -32.5269 -32.5269 -59
      vertex -30.3299 -34.5846 -59
    endloop
  endfacet
  facet normal -0.634406 -0.773 0
    outer loop
      vertex -30.3299 -34.5846 -59
      vertex -28.003 -36.4943 -53
      vertex -30.3299 -34.5846 -53
    endloop
  endfacet
  facet normal -0.634406 -0.773 -0
    outer loop
      vertex -28.003 -36.4943 -53
      vertex -30.3299 -34.5846 -59
      vertex -28.003 -36.4943 -59
    endloop
  endfacet
  facet normal 0.995186 0.0980018 0
    outer loop
      vertex 45.9015 3.00854 -53
      vertex 45.6065 6.0042 -59
      vertex 45.6065 6.0042 -53
    endloop
  endfacet
  facet normal 0.995186 0.0980018 0
    outer loop
      vertex 45.6065 6.0042 -59
      vertex 45.9015 3.00854 -53
      vertex 45.9015 3.00854 -59
    endloop
  endfacet
  facet normal 0.582466 0.812855 -0
    outer loop
      vertex 28.003 36.4943 -59
      vertex 25.5562 38.2476 -53
      vertex 28.003 36.4943 -53
    endloop
  endfacet
  facet normal 0.582466 0.812855 0
    outer loop
      vertex 25.5562 38.2476 -53
      vertex 28.003 36.4943 -59
      vertex 25.5562 38.2476 -59
    endloop
  endfacet
  facet normal 0.999464 0.0327226 0
    outer loop
      vertex 46 0 -53
      vertex 45.9015 3.00854 -59
      vertex 45.9015 3.00854 -53
    endloop
  endfacet
  facet normal 0.999464 0.0327226 0
    outer loop
      vertex 45.9015 3.00854 -59
      vertex 46 0 -53
      vertex 46 0 -59
    endloop
  endfacet
  facet normal -0.910856 -0.412724 0
    outer loop
      vertex -41.2561 -20.3453 -59
      vertex -42.4985 -17.6034 -53
      vertex -42.4985 -17.6034 -59
    endloop
  endfacet
  facet normal -0.910856 -0.412724 0
    outer loop
      vertex -42.4985 -17.6034 -53
      vertex -41.2561 -20.3453 -59
      vertex -41.2561 -20.3453 -53
    endloop
  endfacet
  facet normal 0.88193 0.471379 0
    outer loop
      vertex 41.2561 20.3453 -53
      vertex 39.8372 23 -59
      vertex 39.8372 23 -53
    endloop
  endfacet
  facet normal 0.88193 0.471379 0
    outer loop
      vertex 39.8372 23 -59
      vertex 41.2561 20.3453 -53
      vertex 41.2561 20.3453 -59
    endloop
  endfacet
  facet normal 0.0327226 -0.999464 0
    outer loop
      vertex 0 -46 -59
      vertex 3.00854 -45.9015 -53
      vertex 0 -46 -53
    endloop
  endfacet
  facet normal 0.0327226 -0.999464 0
    outer loop
      vertex 3.00854 -45.9015 -53
      vertex 0 -46 -59
      vertex 3.00854 -45.9015 -59
    endloop
  endfacet
  facet normal 0.582466 -0.812855 0
    outer loop
      vertex 25.5562 -38.2476 -59
      vertex 28.003 -36.4943 -53
      vertex 25.5562 -38.2476 -53
    endloop
  endfacet
  facet normal 0.582466 -0.812855 0
    outer loop
      vertex 28.003 -36.4943 -53
      vertex 25.5562 -38.2476 -59
      vertex 28.003 -36.4943 -59
    endloop
  endfacet
  facet normal 0.162915 -0.98664 0
    outer loop
      vertex 6.0042 -45.6065 -59
      vertex 8.97415 -45.1161 -53
      vertex 6.0042 -45.6065 -53
    endloop
  endfacet
  facet normal 0.162915 -0.98664 0
    outer loop
      vertex 8.97415 -45.1161 -53
      vertex 6.0042 -45.6065 -59
      vertex 8.97415 -45.1161 -59
    endloop
  endfacet
  facet normal -0.0327226 0.999464 0
    outer loop
      vertex 0 46 -59
      vertex -3.00854 45.9015 -53
      vertex 0 46 -53
    endloop
  endfacet
  facet normal -0.0327226 0.999464 0
    outer loop
      vertex -3.00854 45.9015 -53
      vertex 0 46 -59
      vertex -3.00854 45.9015 -59
    endloop
  endfacet
  facet normal 0.634406 0.773 -0
    outer loop
      vertex 30.3299 34.5846 -59
      vertex 28.003 36.4943 -53
      vertex 30.3299 34.5846 -53
    endloop
  endfacet
  facet normal 0.634406 0.773 0
    outer loop
      vertex 28.003 36.4943 -53
      vertex 30.3299 34.5846 -59
      vertex 28.003 36.4943 -59
    endloop
  endfacet
  facet normal 0.97388 -0.227063 0
    outer loop
      vertex 44.4326 -11.9057 -53
      vertex 45.1161 -8.97415 -59
      vertex 45.1161 -8.97415 -53
    endloop
  endfacet
  facet normal 0.97388 -0.227063 0
    outer loop
      vertex 45.1161 -8.97415 -59
      vertex 44.4326 -11.9057 -53
      vertex 44.4326 -11.9057 -59
    endloop
  endfacet
  facet normal -0.729867 -0.68359 0
    outer loop
      vertex -32.5269 -32.5269 -59
      vertex -34.5846 -30.3299 -53
      vertex -34.5846 -30.3299 -59
    endloop
  endfacet
  facet normal -0.729867 -0.68359 0
    outer loop
      vertex -34.5846 -30.3299 -53
      vertex -32.5269 -32.5269 -59
      vertex -32.5269 -32.5269 -53
    endloop
  endfacet
  facet normal -0.849194 -0.52808 0
    outer loop
      vertex -38.2476 -25.5562 -59
      vertex -39.8372 -23 -53
      vertex -39.8372 -23 -59
    endloop
  endfacet
  facet normal -0.849194 -0.52808 0
    outer loop
      vertex -39.8372 -23 -53
      vertex -38.2476 -25.5562 -59
      vertex -38.2476 -25.5562 -53
    endloop
  endfacet
  facet normal 0.290288 -0.956939 0
    outer loop
      vertex 11.9057 -44.4326 -59
      vertex 14.7862 -43.5588 -53
      vertex 11.9057 -44.4326 -53
    endloop
  endfacet
  facet normal 0.290288 -0.956939 0
    outer loop
      vertex 14.7862 -43.5588 -53
      vertex 11.9057 -44.4326 -59
      vertex 14.7862 -43.5588 -59
    endloop
  endfacet
  facet normal 0.956939 -0.290288 0
    outer loop
      vertex 43.5588 -14.7862 -53
      vertex 44.4326 -11.9057 -59
      vertex 44.4326 -11.9057 -53
    endloop
  endfacet
  facet normal 0.956939 -0.290288 0
    outer loop
      vertex 44.4326 -11.9057 -59
      vertex 43.5588 -14.7862 -53
      vertex 43.5588 -14.7862 -59
    endloop
  endfacet
  facet normal 0.849194 -0.52808 0
    outer loop
      vertex 38.2476 -25.5562 -53
      vertex 39.8372 -23 -59
      vertex 39.8372 -23 -53
    endloop
  endfacet
  facet normal 0.849194 -0.52808 0
    outer loop
      vertex 39.8372 -23 -59
      vertex 38.2476 -25.5562 -53
      vertex 38.2476 -25.5562 -59
    endloop
  endfacet
  facet normal -0.910856 0.412724 0
    outer loop
      vertex -42.4985 17.6034 -59
      vertex -41.2561 20.3453 -53
      vertex -41.2561 20.3453 -59
    endloop
  endfacet
  facet normal -0.910856 0.412724 0
    outer loop
      vertex -41.2561 20.3453 -53
      vertex -42.4985 17.6034 -59
      vertex -42.4985 17.6034 -53
    endloop
  endfacet
  facet normal -0.52808 0.849194 0
    outer loop
      vertex -23 39.8372 -59
      vertex -25.5562 38.2476 -53
      vertex -23 39.8372 -53
    endloop
  endfacet
  facet normal -0.52808 0.849194 0
    outer loop
      vertex -25.5562 38.2476 -53
      vertex -23 39.8372 -59
      vertex -25.5562 38.2476 -59
    endloop
  endfacet
  facet normal -0.995186 0.0980018 0
    outer loop
      vertex -45.9015 3.00854 -59
      vertex -45.6065 6.0042 -53
      vertex -45.6065 6.0042 -59
    endloop
  endfacet
  facet normal -0.995186 0.0980018 0
    outer loop
      vertex -45.6065 6.0042 -53
      vertex -45.9015 3.00854 -59
      vertex -45.9015 3.00854 -53
    endloop
  endfacet
  facet normal 0.68359 -0.729867 0
    outer loop
      vertex 30.3299 -34.5846 -59
      vertex 32.5269 -32.5269 -53
      vertex 30.3299 -34.5846 -53
    endloop
  endfacet
  facet normal 0.68359 -0.729867 0
    outer loop
      vertex 32.5269 -32.5269 -53
      vertex 30.3299 -34.5846 -59
      vertex 32.5269 -32.5269 -59
    endloop
  endfacet
  facet normal 0.956939 0.290288 0
    outer loop
      vertex 44.4326 11.9057 -53
      vertex 43.5588 14.7862 -59
      vertex 43.5588 14.7862 -53
    endloop
  endfacet
  facet normal 0.956939 0.290288 0
    outer loop
      vertex 43.5588 14.7862 -59
      vertex 44.4326 11.9057 -53
      vertex 44.4326 11.9057 -59
    endloop
  endfacet
  facet normal -0.471379 0.88193 0
    outer loop
      vertex -20.3453 41.2561 -59
      vertex -23 39.8372 -53
      vertex -20.3453 41.2561 -53
    endloop
  endfacet
  facet normal -0.471379 0.88193 0
    outer loop
      vertex -23 39.8372 -53
      vertex -20.3453 41.2561 -59
      vertex -23 39.8372 -59
    endloop
  endfacet
  facet normal 0.0980018 0.995186 -0
    outer loop
      vertex 6.0042 45.6065 -59
      vertex 3.00854 45.9015 -53
      vertex 6.0042 45.6065 -53
    endloop
  endfacet
  facet normal 0.0980018 0.995186 0
    outer loop
      vertex 3.00854 45.9015 -53
      vertex 6.0042 45.6065 -59
      vertex 3.00854 45.9015 -59
    endloop
  endfacet
  facet normal 0.729867 0.68359 0
    outer loop
      vertex 34.5846 30.3299 -53
      vertex 32.5269 32.5269 -59
      vertex 32.5269 32.5269 -53
    endloop
  endfacet
  facet normal 0.729867 0.68359 0
    outer loop
      vertex 32.5269 32.5269 -59
      vertex 34.5846 30.3299 -53
      vertex 34.5846 30.3299 -59
    endloop
  endfacet
  facet normal 0.812855 -0.582466 0
    outer loop
      vertex 36.4943 -28.003 -53
      vertex 38.2476 -25.5562 -59
      vertex 38.2476 -25.5562 -53
    endloop
  endfacet
  facet normal 0.812855 -0.582466 0
    outer loop
      vertex 38.2476 -25.5562 -59
      vertex 36.4943 -28.003 -53
      vertex 36.4943 -28.003 -59
    endloop
  endfacet
  facet normal -0.97388 0.227063 0
    outer loop
      vertex -45.1161 8.97415 -59
      vertex -44.4326 11.9057 -53
      vertex -44.4326 11.9057 -59
    endloop
  endfacet
  facet normal -0.97388 0.227063 0
    outer loop
      vertex -44.4326 11.9057 -53
      vertex -45.1161 8.97415 -59
      vertex -45.1161 8.97415 -53
    endloop
  endfacet
  facet normal 0.227063 0.97388 -0
    outer loop
      vertex 11.9057 44.4326 -59
      vertex 8.97415 45.1161 -53
      vertex 11.9057 44.4326 -53
    endloop
  endfacet
  facet normal 0.227063 0.97388 0
    outer loop
      vertex 8.97415 45.1161 -53
      vertex 11.9057 44.4326 -59
      vertex 8.97415 45.1161 -59
    endloop
  endfacet
  facet normal -0.290288 -0.956939 0
    outer loop
      vertex -14.7862 -43.5588 -59
      vertex -11.9057 -44.4326 -53
      vertex -14.7862 -43.5588 -53
    endloop
  endfacet
  facet normal -0.290288 -0.956939 -0
    outer loop
      vertex -11.9057 -44.4326 -53
      vertex -14.7862 -43.5588 -59
      vertex -11.9057 -44.4326 -59
    endloop
  endfacet
  facet normal -0.97388 -0.227063 0
    outer loop
      vertex -44.4326 -11.9057 -59
      vertex -45.1161 -8.97415 -53
      vertex -45.1161 -8.97415 -59
    endloop
  endfacet
  facet normal -0.97388 -0.227063 0
    outer loop
      vertex -45.1161 -8.97415 -53
      vertex -44.4326 -11.9057 -59
      vertex -44.4326 -11.9057 -53
    endloop
  endfacet
  facet normal 0.52808 0.849194 -0
    outer loop
      vertex 25.5562 38.2476 -59
      vertex 23 39.8372 -53
      vertex 25.5562 38.2476 -53
    endloop
  endfacet
  facet normal 0.52808 0.849194 0
    outer loop
      vertex 23 39.8372 -53
      vertex 25.5562 38.2476 -59
      vertex 23 39.8372 -59
    endloop
  endfacet
  facet normal 0.634406 -0.773 0
    outer loop
      vertex 28.003 -36.4943 -59
      vertex 30.3299 -34.5846 -53
      vertex 28.003 -36.4943 -53
    endloop
  endfacet
  facet normal 0.634406 -0.773 0
    outer loop
      vertex 30.3299 -34.5846 -53
      vertex 28.003 -36.4943 -59
      vertex 30.3299 -34.5846 -59
    endloop
  endfacet
  facet normal -0.0980018 -0.995186 0
    outer loop
      vertex -6.0042 -45.6065 -59
      vertex -3.00854 -45.9015 -53
      vertex -6.0042 -45.6065 -53
    endloop
  endfacet
  facet normal -0.0980018 -0.995186 -0
    outer loop
      vertex -3.00854 -45.9015 -53
      vertex -6.0042 -45.6065 -59
      vertex -3.00854 -45.9015 -59
    endloop
  endfacet
  facet normal -0.582466 0.812855 0
    outer loop
      vertex -25.5562 38.2476 -59
      vertex -28.003 36.4943 -53
      vertex -25.5562 38.2476 -53
    endloop
  endfacet
  facet normal -0.582466 0.812855 0
    outer loop
      vertex -28.003 36.4943 -53
      vertex -25.5562 38.2476 -59
      vertex -28.003 36.4943 -59
    endloop
  endfacet
  facet normal 0.471379 0.88193 -0
    outer loop
      vertex 23 39.8372 -59
      vertex 20.3453 41.2561 -53
      vertex 23 39.8372 -53
    endloop
  endfacet
  facet normal 0.471379 0.88193 0
    outer loop
      vertex 20.3453 41.2561 -53
      vertex 23 39.8372 -59
      vertex 20.3453 41.2561 -59
    endloop
  endfacet
  facet normal -0.729867 0.68359 0
    outer loop
      vertex -34.5846 30.3299 -59
      vertex -32.5269 32.5269 -53
      vertex -32.5269 32.5269 -59
    endloop
  endfacet
  facet normal -0.729867 0.68359 0
    outer loop
      vertex -32.5269 32.5269 -53
      vertex -34.5846 30.3299 -59
      vertex -34.5846 30.3299 -53
    endloop
  endfacet
  facet normal -0.162915 0.98664 0
    outer loop
      vertex -6.0042 45.6065 -59
      vertex -8.97415 45.1161 -53
      vertex -6.0042 45.6065 -53
    endloop
  endfacet
  facet normal -0.162915 0.98664 0
    outer loop
      vertex -8.97415 45.1161 -53
      vertex -6.0042 45.6065 -59
      vertex -8.97415 45.1161 -59
    endloop
  endfacet
  facet normal 0.995186 -0.0980018 0
    outer loop
      vertex 45.6065 -6.0042 -53
      vertex 45.9015 -3.00854 -59
      vertex 45.9015 -3.00854 -53
    endloop
  endfacet
  facet normal 0.995186 -0.0980018 0
    outer loop
      vertex 45.9015 -3.00854 -59
      vertex 45.6065 -6.0042 -53
      vertex 45.6065 -6.0042 -59
    endloop
  endfacet
  facet normal 0.0980018 -0.995186 0
    outer loop
      vertex 3.00854 -45.9015 -59
      vertex 6.0042 -45.6065 -53
      vertex 3.00854 -45.9015 -53
    endloop
  endfacet
  facet normal 0.0980018 -0.995186 0
    outer loop
      vertex 6.0042 -45.6065 -53
      vertex 3.00854 -45.9015 -59
      vertex 6.0042 -45.6065 -59
    endloop
  endfacet
  facet normal 0.910856 -0.412724 0
    outer loop
      vertex 41.2561 -20.3453 -53
      vertex 42.4985 -17.6034 -59
      vertex 42.4985 -17.6034 -53
    endloop
  endfacet
  facet normal 0.910856 -0.412724 0
    outer loop
      vertex 42.4985 -17.6034 -59
      vertex 41.2561 -20.3453 -53
      vertex 41.2561 -20.3453 -59
    endloop
  endfacet
  facet normal 0.98664 0.162915 0
    outer loop
      vertex 45.6065 6.0042 -53
      vertex 45.1161 8.97415 -59
      vertex 45.1161 8.97415 -53
    endloop
  endfacet
  facet normal 0.98664 0.162915 0
    outer loop
      vertex 45.1161 8.97415 -59
      vertex 45.6065 6.0042 -53
      vertex 45.6065 6.0042 -59
    endloop
  endfacet
  facet normal -0.412724 -0.910856 0
    outer loop
      vertex -20.3453 -41.2561 -59
      vertex -17.6034 -42.4985 -53
      vertex -20.3453 -41.2561 -53
    endloop
  endfacet
  facet normal -0.412724 -0.910856 -0
    outer loop
      vertex -17.6034 -42.4985 -53
      vertex -20.3453 -41.2561 -59
      vertex -17.6034 -42.4985 -59
    endloop
  endfacet
  facet normal 0.97388 0.227063 0
    outer loop
      vertex 45.1161 8.97415 -53
      vertex 44.4326 11.9057 -59
      vertex 44.4326 11.9057 -53
    endloop
  endfacet
  facet normal 0.97388 0.227063 0
    outer loop
      vertex 44.4326 11.9057 -59
      vertex 45.1161 8.97415 -53
      vertex 45.1161 8.97415 -59
    endloop
  endfacet
  facet normal 0.910856 0.412724 0
    outer loop
      vertex 42.4985 17.6034 -53
      vertex 41.2561 20.3453 -59
      vertex 41.2561 20.3453 -53
    endloop
  endfacet
  facet normal 0.910856 0.412724 0
    outer loop
      vertex 41.2561 20.3453 -59
      vertex 42.4985 17.6034 -53
      vertex 42.4985 17.6034 -59
    endloop
  endfacet
  facet normal 0.812855 0.582466 0
    outer loop
      vertex 38.2476 25.5562 -53
      vertex 36.4943 28.003 -59
      vertex 36.4943 28.003 -53
    endloop
  endfacet
  facet normal 0.812855 0.582466 0
    outer loop
      vertex 36.4943 28.003 -59
      vertex 38.2476 25.5562 -53
      vertex 38.2476 25.5562 -59
    endloop
  endfacet
  facet normal -0.412724 0.910856 0
    outer loop
      vertex -17.6034 42.4985 -59
      vertex -20.3453 41.2561 -53
      vertex -17.6034 42.4985 -53
    endloop
  endfacet
  facet normal -0.412724 0.910856 0
    outer loop
      vertex -20.3453 41.2561 -53
      vertex -17.6034 42.4985 -59
      vertex -20.3453 41.2561 -59
    endloop
  endfacet
  facet normal 0.471379 -0.88193 0
    outer loop
      vertex 20.3453 -41.2561 -59
      vertex 23 -39.8372 -53
      vertex 20.3453 -41.2561 -53
    endloop
  endfacet
  facet normal 0.471379 -0.88193 0
    outer loop
      vertex 23 -39.8372 -53
      vertex 20.3453 -41.2561 -59
      vertex 23 -39.8372 -59
    endloop
  endfacet
  facet normal 0.290288 0.956939 -0
    outer loop
      vertex 14.7862 43.5588 -59
      vertex 11.9057 44.4326 -53
      vertex 14.7862 43.5588 -53
    endloop
  endfacet
  facet normal 0.290288 0.956939 0
    outer loop
      vertex 11.9057 44.4326 -53
      vertex 14.7862 43.5588 -59
      vertex 11.9057 44.4326 -59
    endloop
  endfacet
  facet normal -0.935908 -0.352245 0
    outer loop
      vertex -42.4985 -17.6034 -59
      vertex -43.5588 -14.7862 -53
      vertex -43.5588 -14.7862 -59
    endloop
  endfacet
  facet normal -0.935908 -0.352245 0
    outer loop
      vertex -43.5588 -14.7862 -53
      vertex -42.4985 -17.6034 -59
      vertex -42.4985 -17.6034 -53
    endloop
  endfacet
  facet normal -0.162915 -0.98664 0
    outer loop
      vertex -8.97415 -45.1161 -59
      vertex -6.0042 -45.6065 -53
      vertex -8.97415 -45.1161 -53
    endloop
  endfacet
  facet normal -0.162915 -0.98664 -0
    outer loop
      vertex -6.0042 -45.6065 -53
      vertex -8.97415 -45.1161 -59
      vertex -6.0042 -45.6065 -59
    endloop
  endfacet
  facet normal -0.68359 0.729867 0
    outer loop
      vertex -30.3299 34.5846 -59
      vertex -32.5269 32.5269 -53
      vertex -30.3299 34.5846 -53
    endloop
  endfacet
  facet normal -0.68359 0.729867 0
    outer loop
      vertex -32.5269 32.5269 -53
      vertex -30.3299 34.5846 -59
      vertex -32.5269 32.5269 -59
    endloop
  endfacet
  facet normal -0.956939 0.290288 0
    outer loop
      vertex -44.4326 11.9057 -59
      vertex -43.5588 14.7862 -53
      vertex -43.5588 14.7862 -59
    endloop
  endfacet
  facet normal -0.956939 0.290288 0
    outer loop
      vertex -43.5588 14.7862 -53
      vertex -44.4326 11.9057 -59
      vertex -44.4326 11.9057 -53
    endloop
  endfacet
  facet normal -0.227063 -0.97388 0
    outer loop
      vertex -11.9057 -44.4326 -59
      vertex -8.97415 -45.1161 -53
      vertex -11.9057 -44.4326 -53
    endloop
  endfacet
  facet normal -0.227063 -0.97388 -0
    outer loop
      vertex -8.97415 -45.1161 -53
      vertex -11.9057 -44.4326 -59
      vertex -8.97415 -45.1161 -59
    endloop
  endfacet
  facet normal 0.0327226 0.999464 -0
    outer loop
      vertex 3.00854 45.9015 -59
      vertex 0 46 -53
      vertex 3.00854 45.9015 -53
    endloop
  endfacet
  facet normal 0.0327226 0.999464 0
    outer loop
      vertex 0 46 -53
      vertex 3.00854 45.9015 -59
      vertex 0 46 -59
    endloop
  endfacet
  facet normal -0.352245 0.935908 0
    outer loop
      vertex -14.7862 43.5588 -59
      vertex -17.6034 42.4985 -53
      vertex -14.7862 43.5588 -53
    endloop
  endfacet
  facet normal -0.352245 0.935908 0
    outer loop
      vertex -17.6034 42.4985 -53
      vertex -14.7862 43.5588 -59
      vertex -17.6034 42.4985 -59
    endloop
  endfacet
  facet normal 0.412724 0.910856 -0
    outer loop
      vertex 20.3453 41.2561 -59
      vertex 17.6034 42.4985 -53
      vertex 20.3453 41.2561 -53
    endloop
  endfacet
  facet normal 0.412724 0.910856 0
    outer loop
      vertex 17.6034 42.4985 -53
      vertex 20.3453 41.2561 -59
      vertex 17.6034 42.4985 -59
    endloop
  endfacet
  facet normal 0.352245 0.935908 -0
    outer loop
      vertex 17.6034 42.4985 -59
      vertex 14.7862 43.5588 -53
      vertex 17.6034 42.4985 -53
    endloop
  endfacet
  facet normal 0.352245 0.935908 0
    outer loop
      vertex 14.7862 43.5588 -53
      vertex 17.6034 42.4985 -59
      vertex 14.7862 43.5588 -59
    endloop
  endfacet
  facet normal 0.999464 -0.0327226 0
    outer loop
      vertex 45.9015 -3.00854 -53
      vertex 46 0 -59
      vertex 46 0 -53
    endloop
  endfacet
  facet normal 0.999464 -0.0327226 0
    outer loop
      vertex 46 0 -59
      vertex 45.9015 -3.00854 -53
      vertex 45.9015 -3.00854 -59
    endloop
  endfacet
  facet normal 0.935908 -0.352245 0
    outer loop
      vertex 42.4985 -17.6034 -53
      vertex 43.5588 -14.7862 -59
      vertex 43.5588 -14.7862 -53
    endloop
  endfacet
  facet normal 0.935908 -0.352245 0
    outer loop
      vertex 43.5588 -14.7862 -59
      vertex 42.4985 -17.6034 -53
      vertex 42.4985 -17.6034 -59
    endloop
  endfacet
  facet normal -0.471379 -0.88193 0
    outer loop
      vertex -23 -39.8372 -59
      vertex -20.3453 -41.2561 -53
      vertex -23 -39.8372 -53
    endloop
  endfacet
  facet normal -0.471379 -0.88193 -0
    outer loop
      vertex -20.3453 -41.2561 -53
      vertex -23 -39.8372 -59
      vertex -20.3453 -41.2561 -59
    endloop
  endfacet
  facet normal -0.812855 -0.582466 0
    outer loop
      vertex -36.4943 -28.003 -59
      vertex -38.2476 -25.5562 -53
      vertex -38.2476 -25.5562 -59
    endloop
  endfacet
  facet normal -0.812855 -0.582466 0
    outer loop
      vertex -38.2476 -25.5562 -53
      vertex -36.4943 -28.003 -59
      vertex -36.4943 -28.003 -53
    endloop
  endfacet
  facet normal 0.773 0.634406 0
    outer loop
      vertex 36.4943 28.003 -53
      vertex 34.5846 30.3299 -59
      vertex 34.5846 30.3299 -53
    endloop
  endfacet
  facet normal 0.773 0.634406 0
    outer loop
      vertex 34.5846 30.3299 -59
      vertex 36.4943 28.003 -53
      vertex 36.4943 28.003 -59
    endloop
  endfacet
  facet normal -0.290288 0.956939 0
    outer loop
      vertex -11.9057 44.4326 -59
      vertex -14.7862 43.5588 -53
      vertex -11.9057 44.4326 -53
    endloop
  endfacet
  facet normal -0.290288 0.956939 0
    outer loop
      vertex -14.7862 43.5588 -53
      vertex -11.9057 44.4326 -59
      vertex -14.7862 43.5588 -59
    endloop
  endfacet
  facet normal 0.88193 -0.471379 0
    outer loop
      vertex 39.8372 -23 -53
      vertex 41.2561 -20.3453 -59
      vertex 41.2561 -20.3453 -53
    endloop
  endfacet
  facet normal 0.88193 -0.471379 0
    outer loop
      vertex 41.2561 -20.3453 -59
      vertex 39.8372 -23 -53
      vertex 39.8372 -23 -59
    endloop
  endfacet
  facet normal 0.935908 0.352245 0
    outer loop
      vertex 43.5588 14.7862 -53
      vertex 42.4985 17.6034 -59
      vertex 42.4985 17.6034 -53
    endloop
  endfacet
  facet normal 0.935908 0.352245 0
    outer loop
      vertex 42.4985 17.6034 -59
      vertex 43.5588 14.7862 -53
      vertex 43.5588 14.7862 -59
    endloop
  endfacet
  facet normal 0.849194 0.52808 0
    outer loop
      vertex 39.8372 23 -53
      vertex 38.2476 25.5562 -59
      vertex 38.2476 25.5562 -53
    endloop
  endfacet
  facet normal 0.849194 0.52808 0
    outer loop
      vertex 38.2476 25.5562 -59
      vertex 39.8372 23 -53
      vertex 39.8372 23 -59
    endloop
  endfacet
  facet normal -0.773 -0.634406 0
    outer loop
      vertex -34.5846 -30.3299 -59
      vertex -36.4943 -28.003 -53
      vertex -36.4943 -28.003 -59
    endloop
  endfacet
  facet normal -0.773 -0.634406 0
    outer loop
      vertex -36.4943 -28.003 -53
      vertex -34.5846 -30.3299 -59
      vertex -34.5846 -30.3299 -53
    endloop
  endfacet
  facet normal -0.98664 0.162915 0
    outer loop
      vertex -45.6065 6.0042 -59
      vertex -45.1161 8.97415 -53
      vertex -45.1161 8.97415 -59
    endloop
  endfacet
  facet normal -0.98664 0.162915 0
    outer loop
      vertex -45.1161 8.97415 -53
      vertex -45.6065 6.0042 -59
      vertex -45.6065 6.0042 -53
    endloop
  endfacet
  facet normal 0.352245 -0.935908 0
    outer loop
      vertex 14.7862 -43.5588 -59
      vertex 17.6034 -42.4985 -53
      vertex 14.7862 -43.5588 -53
    endloop
  endfacet
  facet normal 0.352245 -0.935908 0
    outer loop
      vertex 17.6034 -42.4985 -53
      vertex 14.7862 -43.5588 -59
      vertex 17.6034 -42.4985 -59
    endloop
  endfacet
  facet normal -0.88193 -0.471379 0
    outer loop
      vertex -39.8372 -23 -59
      vertex -41.2561 -20.3453 -53
      vertex -41.2561 -20.3453 -59
    endloop
  endfacet
  facet normal -0.88193 -0.471379 0
    outer loop
      vertex -41.2561 -20.3453 -53
      vertex -39.8372 -23 -59
      vertex -39.8372 -23 -53
    endloop
  endfacet
  facet normal -0.0327226 -0.999464 0
    outer loop
      vertex -3.00854 -45.9015 -59
      vertex 0 -46 -53
      vertex -3.00854 -45.9015 -53
    endloop
  endfacet
  facet normal -0.0327226 -0.999464 -0
    outer loop
      vertex 0 -46 -53
      vertex -3.00854 -45.9015 -59
      vertex 0 -46 -59
    endloop
  endfacet
  facet normal 0.773 -0.634406 0
    outer loop
      vertex 34.5846 -30.3299 -53
      vertex 36.4943 -28.003 -59
      vertex 36.4943 -28.003 -53
    endloop
  endfacet
  facet normal 0.773 -0.634406 0
    outer loop
      vertex 36.4943 -28.003 -59
      vertex 34.5846 -30.3299 -53
      vertex 34.5846 -30.3299 -59
    endloop
  endfacet
  facet normal -0.812855 0.582466 0
    outer loop
      vertex -38.2476 25.5562 -59
      vertex -36.4943 28.003 -53
      vertex -36.4943 28.003 -59
    endloop
  endfacet
  facet normal -0.812855 0.582466 0
    outer loop
      vertex -36.4943 28.003 -53
      vertex -38.2476 25.5562 -59
      vertex -38.2476 25.5562 -53
    endloop
  endfacet
  facet normal -0.634406 0.773 0
    outer loop
      vertex -28.003 36.4943 -59
      vertex -30.3299 34.5846 -53
      vertex -28.003 36.4943 -53
    endloop
  endfacet
  facet normal -0.634406 0.773 0
    outer loop
      vertex -30.3299 34.5846 -53
      vertex -28.003 36.4943 -59
      vertex -30.3299 34.5846 -59
    endloop
  endfacet
  facet normal -0.995186 -0.0980018 0
    outer loop
      vertex -45.6065 -6.0042 -59
      vertex -45.9015 -3.00854 -53
      vertex -45.9015 -3.00854 -59
    endloop
  endfacet
  facet normal -0.995186 -0.0980018 0
    outer loop
      vertex -45.9015 -3.00854 -53
      vertex -45.6065 -6.0042 -59
      vertex -45.6065 -6.0042 -53
    endloop
  endfacet
  facet normal -0.999464 -0.0327226 0
    outer loop
      vertex -45.9015 -3.00854 -59
      vertex -46 0 -53
      vertex -46 0 -59
    endloop
  endfacet
  facet normal -0.999464 -0.0327226 0
    outer loop
      vertex -46 0 -53
      vertex -45.9015 -3.00854 -59
      vertex -45.9015 -3.00854 -53
    endloop
  endfacet
  facet normal -0.956939 -0.290288 0
    outer loop
      vertex -43.5588 -14.7862 -59
      vertex -44.4326 -11.9057 -53
      vertex -44.4326 -11.9057 -59
    endloop
  endfacet
  facet normal -0.956939 -0.290288 0
    outer loop
      vertex -44.4326 -11.9057 -53
      vertex -43.5588 -14.7862 -59
      vertex -43.5588 -14.7862 -53
    endloop
  endfacet
  facet normal -0.999464 0.0327226 0
    outer loop
      vertex -46 0 -59
      vertex -45.9015 3.00854 -53
      vertex -45.9015 3.00854 -59
    endloop
  endfacet
  facet normal -0.999464 0.0327226 0
    outer loop
      vertex -45.9015 3.00854 -53
      vertex -46 0 -59
      vertex -46 0 -53
    endloop
  endfacet
  facet normal 0.162915 0.98664 -0
    outer loop
      vertex 8.97415 45.1161 -59
      vertex 6.0042 45.6065 -53
      vertex 8.97415 45.1161 -53
    endloop
  endfacet
  facet normal 0.162915 0.98664 0
    outer loop
      vertex 6.0042 45.6065 -53
      vertex 8.97415 45.1161 -59
      vertex 6.0042 45.6065 -59
    endloop
  endfacet
  facet normal -0.52808 -0.849194 0
    outer loop
      vertex -25.5562 -38.2476 -59
      vertex -23 -39.8372 -53
      vertex -25.5562 -38.2476 -53
    endloop
  endfacet
  facet normal -0.52808 -0.849194 -0
    outer loop
      vertex -23 -39.8372 -53
      vertex -25.5562 -38.2476 -59
      vertex -23 -39.8372 -59
    endloop
  endfacet
  facet normal 0.98664 -0.162915 0
    outer loop
      vertex 45.1161 -8.97415 -53
      vertex 45.6065 -6.0042 -59
      vertex 45.6065 -6.0042 -53
    endloop
  endfacet
  facet normal 0.98664 -0.162915 0
    outer loop
      vertex 45.6065 -6.0042 -59
      vertex 45.1161 -8.97415 -53
      vertex 45.1161 -8.97415 -59
    endloop
  endfacet
  facet normal -0.582466 -0.812855 0
    outer loop
      vertex -28.003 -36.4943 -59
      vertex -25.5562 -38.2476 -53
      vertex -28.003 -36.4943 -53
    endloop
  endfacet
  facet normal -0.582466 -0.812855 -0
    outer loop
      vertex -25.5562 -38.2476 -53
      vertex -28.003 -36.4943 -59
      vertex -25.5562 -38.2476 -59
    endloop
  endfacet
  facet normal -0.88193 0.471379 0
    outer loop
      vertex -41.2561 20.3453 -59
      vertex -39.8372 23 -53
      vertex -39.8372 23 -59
    endloop
  endfacet
  facet normal -0.88193 0.471379 0
    outer loop
      vertex -39.8372 23 -53
      vertex -41.2561 20.3453 -59
      vertex -41.2561 20.3453 -53
    endloop
  endfacet
  facet normal 0.227063 -0.97388 0
    outer loop
      vertex 8.97415 -45.1161 -59
      vertex 11.9057 -44.4326 -53
      vertex 8.97415 -45.1161 -53
    endloop
  endfacet
  facet normal 0.227063 -0.97388 0
    outer loop
      vertex 11.9057 -44.4326 -53
      vertex 8.97415 -45.1161 -59
      vertex 11.9057 -44.4326 -59
    endloop
  endfacet
  facet normal -0.773 0.634406 0
    outer loop
      vertex -36.4943 28.003 -59
      vertex -34.5846 30.3299 -53
      vertex -34.5846 30.3299 -59
    endloop
  endfacet
  facet normal -0.773 0.634406 0
    outer loop
      vertex -34.5846 30.3299 -53
      vertex -36.4943 28.003 -59
      vertex -36.4943 28.003 -53
    endloop
  endfacet
  facet normal -0.935908 0.352245 0
    outer loop
      vertex -43.5588 14.7862 -59
      vertex -42.4985 17.6034 -53
      vertex -42.4985 17.6034 -59
    endloop
  endfacet
  facet normal -0.935908 0.352245 0
    outer loop
      vertex -42.4985 17.6034 -53
      vertex -43.5588 14.7862 -59
      vertex -43.5588 14.7862 -53
    endloop
  endfacet
  facet normal 0.729867 -0.68359 0
    outer loop
      vertex 32.5269 -32.5269 -53
      vertex 34.5846 -30.3299 -59
      vertex 34.5846 -30.3299 -53
    endloop
  endfacet
  facet normal 0.729867 -0.68359 0
    outer loop
      vertex 34.5846 -30.3299 -59
      vertex 32.5269 -32.5269 -53
      vertex 32.5269 -32.5269 -59
    endloop
  endfacet
  facet normal 0 0 -1
    outer loop
      vertex 45.9015 -3.00854 -59
      vertex 45.9015 3.00854 -59
      vertex 46 0 -59
    endloop
  endfacet
  facet normal 0 0 -1
    outer loop
      vertex 45.6065 -6.0042 -59
      vertex 45.9015 3.00854 -59
      vertex 45.9015 -3.00854 -59
    endloop
  endfacet
  facet normal 0 0 -1
    outer loop
      vertex 45.6065 -6.0042 -59
      vertex 45.6065 6.0042 -59
      vertex 45.9015 3.00854 -59
    endloop
  endfacet
  facet normal 0 0 -1
    outer loop
      vertex 45.1161 -8.97415 -59
      vertex 45.6065 6.0042 -59
      vertex 45.6065 -6.0042 -59
    endloop
  endfacet
  facet normal 0 0 -1
    outer loop
      vertex 45.1161 -8.97415 -59
      vertex 45.1161 8.97415 -59
      vertex 45.6065 6.0042 -59
    endloop
  endfacet
  facet normal 0 0 -1
    outer loop
      vertex 44.4326 -11.9057 -59
      vertex 45.1161 8.97415 -59
      vertex 45.1161 -8.97415 -59
    endloop
  endfacet
  facet normal 0 0 -1
    outer loop
      vertex 44.4326 -11.9057 -59
      vertex 44.4326 11.9057 -59
      vertex 45.1161 8.97415 -59
    endloop
  endfacet
  facet normal 0 0 -1
    outer loop
      vertex 43.5588 -14.7862 -59
      vertex 44.4326 11.9057 -59
      vertex 44.4326 -11.9057 -59
    endloop
  endfacet
  facet normal 0 0 -1
    outer loop
      vertex 43.5588 -14.7862 -59
      vertex 43.5588 14.7862 -59
      vertex 44.4326 11.9057 -59
    endloop
  endfacet
  facet normal 0 0 -1
    outer loop
      vertex 42.4985 -17.6034 -59
      vertex 43.5588 14.7862 -59
      vertex 43.5588 -14.7862 -59
    endloop
  endfacet
  facet normal 0 0 -1
    outer loop
      vertex 42.4985 -17.6034 -59
      vertex 42.4985 17.6034 -59
      vertex 43.5588 14.7862 -59
    endloop
  endfacet
  facet normal 0 0 -1
    outer loop
      vertex 41.2561 -20.3453 -59
      vertex 42.4985 17.6034 -59
      vertex 42.4985 -17.6034 -59
    endloop
  endfacet
  facet normal 0 0 -1
    outer loop
      vertex 41.2561 -20.3453 -59
      vertex 41.2561 20.3453 -59
      vertex 42.4985 17.6034 -59
    endloop
  endfacet
  facet normal 0 0 -1
    outer loop
      vertex 39.8372 -23 -59
      vertex 41.2561 20.3453 -59
      vertex 41.2561 -20.3453 -59
    endloop
  endfacet
  facet normal 0 0 -1
    outer loop
      vertex 39.8372 -23 -59
      vertex 39.8372 23 -59
      vertex 41.2561 20.3453 -59
    endloop
  endfacet
  facet normal 0 0 -1
    outer loop
      vertex 38.2476 -25.5562 -59
      vertex 39.8372 23 -59
      vertex 39.8372 -23 -59
    endloop
  endfacet
  facet normal 0 0 -1
    outer loop
      vertex 38.2476 -25.5562 -59
      vertex 38.2476 25.5562 -59
      vertex 39.8372 23 -59
    endloop
  endfacet
  facet normal 0 0 -1
    outer loop
      vertex 36.4943 -28.003 -59
      vertex 38.2476 25.5562 -59
      vertex 38.2476 -25.5562 -59
    endloop
  endfacet
  facet normal 0 0 -1
    outer loop
      vertex 36.4943 -28.003 -59
      vertex 36.4943 28.003 -59
      vertex 38.2476 25.5562 -59
    endloop
  endfacet
  facet normal 0 0 -1
    outer loop
      vertex 34.5846 -30.3299 -59
      vertex 36.4943 28.003 -59
      vertex 36.4943 -28.003 -59
    endloop
  endfacet
  facet normal 0 0 -1
    outer loop
      vertex 34.5846 -30.3299 -59
      vertex 34.5846 30.3299 -59
      vertex 36.4943 28.003 -59
    endloop
  endfacet
  facet normal 0 0 -1
    outer loop
      vertex 32.5269 -32.5269 -59
      vertex 34.5846 30.3299 -59
      vertex 34.5846 -30.3299 -59
    endloop
  endfacet
  facet normal 0 0 -1
    outer loop
      vertex 32.5269 -32.5269 -59
      vertex 32.5269 32.5269 -59
      vertex 34.5846 30.3299 -59
    endloop
  endfacet
  facet normal 0 0 -1
    outer loop
      vertex 30.3299 -34.5846 -59
      vertex 32.5269 32.5269 -59
      vertex 32.5269 -32.5269 -59
    endloop
  endfacet
  facet normal 0 0 -1
    outer loop
      vertex 30.3299 -34.5846 -59
      vertex 30.3299 34.5846 -59
      vertex 32.5269 32.5269 -59
    endloop
  endfacet
  facet normal 0 0 -1
    outer loop
      vertex 28.003 -36.4943 -59
      vertex 30.3299 34.5846 -59
      vertex 30.3299 -34.5846 -59
    endloop
  endfacet
  facet normal 0 0 -1
    outer loop
      vertex 28.003 -36.4943 -59
      vertex 28.003 36.4943 -59
      vertex 30.3299 34.5846 -59
    endloop
  endfacet
  facet normal 0 0 -1
    outer loop
      vertex 25.5562 -38.2476 -59
      vertex 28.003 36.4943 -59
      vertex 28.003 -36.4943 -59
    endloop
  endfacet
  facet normal 0 0 -1
    outer loop
      vertex 25.5562 -38.2476 -59
      vertex 25.5562 38.2476 -59
      vertex 28.003 36.4943 -59
    endloop
  endfacet
  facet normal 0 0 -1
    outer loop
      vertex 23 -39.8372 -59
      vertex 25.5562 38.2476 -59
      vertex 25.5562 -38.2476 -59
    endloop
  endfacet
  facet normal 0 0 -1
    outer loop
      vertex 23 -39.8372 -59
      vertex 23 39.8372 -59
      vertex 25.5562 38.2476 -59
    endloop
  endfacet
  facet normal 0 0 -1
    outer loop
      vertex 20.3453 -41.2561 -59
      vertex 23 39.8372 -59
      vertex 23 -39.8372 -59
    endloop
  endfacet
  facet normal 0 0 -1
    outer loop
      vertex 20.3453 -41.2561 -59
      vertex 20.3453 41.2561 -59
      vertex 23 39.8372 -59
    endloop
  endfacet
  facet normal 0 0 -1
    outer loop
      vertex 17.6034 -42.4985 -59
      vertex 20.3453 41.2561 -59
      vertex 20.3453 -41.2561 -59
    endloop
  endfacet
  facet normal 0 0 -1
    outer loop
      vertex 17.6034 -42.4985 -59
      vertex 17.6034 42.4985 -59
      vertex 20.3453 41.2561 -59
    endloop
  endfacet
  facet normal 0 0 -1
    outer loop
      vertex 14.7862 -43.5588 -59
      vertex 17.6034 42.4985 -59
      vertex 17.6034 -42.4985 -59
    endloop
  endfacet
  facet normal 0 0 -1
    outer loop
      vertex 14.7862 -43.5588 -59
      vertex 14.7862 43.5588 -59
      vertex 17.6034 42.4985 -59
    endloop
  endfacet
  facet normal 0 0 -1
    outer loop
      vertex 11.9057 -44.4326 -59
      vertex 14.7862 43.5588 -59
      vertex 14.7862 -43.5588 -59
    endloop
  endfacet
  facet normal 0 0 -1
    outer loop
      vertex 11.9057 -44.4326 -59
      vertex 11.9057 44.4326 -59
      vertex 14.7862 43.5588 -59
    endloop
  endfacet
  facet normal 0 0 -1
    outer loop
      vertex 8.97415 -45.1161 -59
      vertex 11.9057 44.4326 -59
      vertex 11.9057 -44.4326 -59
    endloop
  endfacet
  facet normal 0 0 -1
    outer loop
      vertex 8.97415 -45.1161 -59
      vertex 8.97415 45.1161 -59
      vertex 11.9057 44.4326 -59
    endloop
  endfacet
  facet normal 0 0 -1
    outer loop
      vertex 6.0042 -45.6065 -59
      vertex 8.97415 45.1161 -59
      vertex 8.97415 -45.1161 -59
    endloop
  endfacet
  facet normal 0 0 -1
    outer loop
      vertex 6.0042 -45.6065 -59
      vertex 6.0042 45.6065 -59
      vertex 8.97415 45.1161 -59
    endloop
  endfacet
  facet normal 0 0 -1
    outer loop
      vertex 3.00854 -45.9015 -59
      vertex 6.0042 45.6065 -59
      vertex 6.0042 -45.6065 -59
    endloop
  endfacet
  facet normal 0 0 -1
    outer loop
      vertex 3.00854 -45.9015 -59
      vertex 3.00854 45.9015 -59
      vertex 6.0042 45.6065 -59
    endloop
  endfacet
  facet normal 0 0 -1
    outer loop
      vertex 0 -46 -59
      vertex 3.00854 45.9015 -59
      vertex 3.00854 -45.9015 -59
    endloop
  endfacet
  facet normal 0 0 -1
    outer loop
      vertex 0 -46 -59
      vertex 0 46 -59
      vertex 3.00854 45.9015 -59
    endloop
  endfacet
  facet normal 0 0 -1
    outer loop
      vertex -3.00854 -45.9015 -59
      vertex 0 46 -59
      vertex 0 -46 -59
    endloop
  endfacet
  facet normal 0 0 -1
    outer loop
      vertex -3.00854 -45.9015 -59
      vertex -3.00854 45.9015 -59
      vertex 0 46 -59
    endloop
  endfacet
  facet normal 0 0 -1
    outer loop
      vertex -6.0042 -45.6065 -59
      vertex -3.00854 45.9015 -59
      vertex -3.00854 -45.9015 -59
    endloop
  endfacet
  facet normal 0 0 -1
    outer loop
      vertex -6.0042 -45.6065 -59
      vertex -6.0042 45.6065 -59
      vertex -3.00854 45.9015 -59
    endloop
  endfacet
  facet normal 0 0 -1
    outer loop
      vertex -8.97415 -45.1161 -59
      vertex -6.0042 45.6065 -59
      vertex -6.0042 -45.6065 -59
    endloop
  endfacet
  facet normal 0 0 -1
    outer loop
      vertex -8.97415 -45.1161 -59
      vertex -8.97415 45.1161 -59
      vertex -6.0042 45.6065 -59
    endloop
  endfacet
  facet normal 0 0 -1
    outer loop
      vertex -11.9057 -44.4326 -59
      vertex -8.97415 45.1161 -59
      vertex -8.97415 -45.1161 -59
    endloop
  endfacet
  facet normal 0 0 -1
    outer loop
      vertex -11.9057 -44.4326 -59
      vertex -11.9057 44.4326 -59
      vertex -8.97415 45.1161 -59
    endloop
  endfacet
  facet normal 0 0 -1
    outer loop
      vertex -14.7862 -43.5588 -59
      vertex -11.9057 44.4326 -59
      vertex -11.9057 -44.4326 -59
    endloop
  endfacet
  facet normal 0 0 -1
    outer loop
      vertex -14.7862 -43.5588 -59
      vertex -14.7862 43.5588 -59
      vertex -11.9057 44.4326 -59
    endloop
  endfacet
  facet normal 0 0 -1
    outer loop
      vertex -17.6034 -42.4985 -59
      vertex -14.7862 43.5588 -59
      vertex -14.7862 -43.5588 -59
    endloop
  endfacet
  facet normal 0 0 -1
    outer loop
      vertex -17.6034 -42.4985 -59
      vertex -17.6034 42.4985 -59
      vertex -14.7862 43.5588 -59
    endloop
  endfacet
  facet normal 0 0 -1
    outer loop
      vertex -20.3453 -41.2561 -59
      vertex -17.6034 42.4985 -59
      vertex -17.6034 -42.4985 -59
    endloop
  endfacet
  facet normal 0 0 -1
    outer loop
      vertex -20.3453 -41.2561 -59
      vertex -20.3453 41.2561 -59
      vertex -17.6034 42.4985 -59
    endloop
  endfacet
  facet normal 0 0 -1
    outer loop
      vertex -23 -39.8372 -59
      vertex -20.3453 41.2561 -59
      vertex -20.3453 -41.2561 -59
    endloop
  endfacet
  facet normal 0 0 -1
    outer loop
      vertex -23 -39.8372 -59
      vertex -23 39.8372 -59
      vertex -20.3453 41.2561 -59
    endloop
  endfacet
  facet normal 0 0 -1
    outer loop
      vertex -25.5562 -38.2476 -59
      vertex -23 39.8372 -59
      vertex -23 -39.8372 -59
    endloop
  endfacet
  facet normal 0 0 -1
    outer loop
      vertex -25.5562 -38.2476 -59
      vertex -25.5562 38.2476 -59
      vertex -23 39.8372 -59
    endloop
  endfacet
  facet normal 0 0 -1
    outer loop
      vertex -28.003 -36.4943 -59
      vertex -25.5562 38.2476 -59
      vertex -25.5562 -38.2476 -59
    endloop
  endfacet
  facet normal 0 0 -1
    outer loop
      vertex -28.003 -36.4943 -59
      vertex -28.003 36.4943 -59
      vertex -25.5562 38.2476 -59
    endloop
  endfacet
  facet normal 0 0 -1
    outer loop
      vertex -30.3299 -34.5846 -59
      vertex -28.003 36.4943 -59
      vertex -28.003 -36.4943 -59
    endloop
  endfacet
  facet normal 0 0 -1
    outer loop
      vertex -30.3299 -34.5846 -59
      vertex -30.3299 34.5846 -59
      vertex -28.003 36.4943 -59
    endloop
  endfacet
  facet normal 0 0 -1
    outer loop
      vertex -32.5269 -32.5269 -59
      vertex -30.3299 34.5846 -59
      vertex -30.3299 -34.5846 -59
    endloop
  endfacet
  facet normal 0 0 -1
    outer loop
      vertex -32.5269 -32.5269 -59
      vertex -32.5269 32.5269 -59
      vertex -30.3299 34.5846 -59
    endloop
  endfacet
  facet normal 0 0 -1
    outer loop
      vertex -34.5846 -30.3299 -59
      vertex -32.5269 32.5269 -59
      vertex -32.5269 -32.5269 -59
    endloop
  endfacet
  facet normal 0 0 -1
    outer loop
      vertex -34.5846 -30.3299 -59
      vertex -34.5846 30.3299 -59
      vertex -32.5269 32.5269 -59
    endloop
  endfacet
  facet normal 0 0 -1
    outer loop
      vertex -36.4943 -28.003 -59
      vertex -34.5846 30.3299 -59
      vertex -34.5846 -30.3299 -59
    endloop
  endfacet
  facet normal 0 0 -1
    outer loop
      vertex -36.4943 -28.003 -59
      vertex -36.4943 28.003 -59
      vertex -34.5846 30.3299 -59
    endloop
  endfacet
  facet normal 0 0 -1
    outer loop
      vertex -38.2476 -25.5562 -59
      vertex -36.4943 28.003 -59
      vertex -36.4943 -28.003 -59
    endloop
  endfacet
  facet normal 0 0 -1
    outer loop
      vertex -38.2476 -25.5562 -59
      vertex -38.2476 25.5562 -59
      vertex -36.4943 28.003 -59
    endloop
  endfacet
  facet normal 0 0 -1
    outer loop
      vertex -39.8372 -23 -59
      vertex -38.2476 25.5562 -59
      vertex -38.2476 -25.5562 -59
    endloop
  endfacet
  facet normal 0 0 -1
    outer loop
      vertex -39.8372 -23 -59
      vertex -39.8372 23 -59
      vertex -38.2476 25.5562 -59
    endloop
  endfacet
  facet normal 0 0 -1
    outer loop
      vertex -41.2561 -20.3453 -59
      vertex -39.8372 23 -59
      vertex -39.8372 -23 -59
    endloop
  endfacet
  facet normal 0 0 -1
    outer loop
      vertex -41.2561 -20.3453 -59
      vertex -41.2561 20.3453 -59
      vertex -39.8372 23 -59
    endloop
  endfacet
  facet normal 0 0 -1
    outer loop
      vertex -42.4985 -17.6034 -59
      vertex -41.2561 20.3453 -59
      vertex -41.2561 -20.3453 -59
    endloop
  endfacet
  facet normal 0 0 -1
    outer loop
      vertex -42.4985 -17.6034 -59
      vertex -42.4985 17.6034 -59
      vertex -41.2561 20.3453 -59
    endloop
  endfacet
  facet normal 0 0 -1
    outer loop
      vertex -43.5588 -14.7862 -59
      vertex -42.4985 17.6034 -59
      vertex -42.4985 -17.6034 -59
    endloop
  endfacet
  facet normal 0 0 -1
    outer loop
      vertex -43.5588 -14.7862 -59
      vertex -43.5588 14.7862 -59
      vertex -42.4985 17.6034 -59
    endloop
  endfacet
  facet normal 0 0 -1
    outer loop
      vertex -44.4326 -11.9057 -59
      vertex -43.5588 14.7862 -59
      vertex -43.5588 -14.7862 -59
    endloop
  endfacet
  facet normal 0 0 -1
    outer loop
      vertex -44.4326 -11.9057 -59
      vertex -44.4326 11.9057 -59
      vertex -43.5588 14.7862 -59
    endloop
  endfacet
  facet normal 0 0 -1
    outer loop
      vertex -45.1161 -8.97415 -59
      vertex -44.4326 11.9057 -59
      vertex -44.4326 -11.9057 -59
    endloop
  endfacet
  facet normal 0 0 -1
    outer loop
      vertex -45.1161 -8.97415 -59
      vertex -45.1161 8.97415 -59
      vertex -44.4326 11.9057 -59
    endloop
  endfacet
  facet normal 0 0 -1
    outer loop
      vertex -45.6065 -6.0042 -59
      vertex -45.1161 8.97415 -59
      vertex -45.1161 -8.97415 -59
    endloop
  endfacet
  facet normal 0 0 -1
    outer loop
      vertex -45.6065 -6.0042 -59
      vertex -45.6065 6.0042 -59
      vertex -45.1161 8.97415 -59
    endloop
  endfacet
  facet normal 0 0 -1
    outer loop
      vertex -45.9015 -3.00854 -59
      vertex -45.6065 6.0042 -59
      vertex -45.6065 -6.0042 -59
    endloop
  endfacet
  facet normal 0 0 -1
    outer loop
      vertex -45.9015 -3.00854 -59
      vertex -45.9015 3.00854 -59
      vertex -45.6065 6.0042 -59
    endloop
  endfacet
  facet normal 0 -0 -1
    outer loop
      vertex -45.9015 3.00854 -59
      vertex -45.9015 -3.00854 -59
      vertex -46 0 -59
    endloop
  endfacet
  facet normal 0 0 1
    outer loop
      vertex 45.9015 3.00854 -53
      vertex 45.9015 -3.00854 -53
      vertex 46 0 -53
    endloop
  endfacet
  facet normal 0 0 1
    outer loop
      vertex 45.6065 6.0042 -53
      vertex 45.9015 -3.00854 -53
      vertex 45.9015 3.00854 -53
    endloop
  endfacet
  facet normal 0 0 1
    outer loop
      vertex 45.6065 6.0042 -53
      vertex 45.6065 -6.0042 -53
      vertex 45.9015 -3.00854 -53
    endloop
  endfacet
  facet normal 0 0 1
    outer loop
      vertex 45.1161 8.97415 -53
      vertex 45.6065 -6.0042 -53
      vertex 45.6065 6.0042 -53
    endloop
  endfacet
  facet normal 0 0 1
    outer loop
      vertex 45.1161 8.97415 -53
      vertex 45.1161 -8.97415 -53
      vertex 45.6065 -6.0042 -53
    endloop
  endfacet
  facet normal 0 0 1
    outer loop
      vertex 44.4326 11.9057 -53
      vertex 45.1161 -8.97415 -53
      vertex 45.1161 8.97415 -53
    endloop
  endfacet
  facet normal 0 0 1
    outer loop
      vertex 44.4326 11.9057 -53
      vertex 44.4326 -11.9057 -53
      vertex 45.1161 -8.97415 -53
    endloop
  endfacet
  facet normal 0 0 1
    outer loop
      vertex 43.5588 14.7862 -53
      vertex 44.4326 -11.9057 -53
      vertex 44.4326 11.9057 -53
    endloop
  endfacet
  facet normal 0 0 1
    outer loop
      vertex 43.5588 14.7862 -53
      vertex 43.5588 -14.7862 -53
      vertex 44.4326 -11.9057 -53
    endloop
  endfacet
  facet normal 0 0 1
    outer loop
      vertex 42.4985 17.6034 -53
      vertex 43.5588 -14.7862 -53
      vertex 43.5588 14.7862 -53
    endloop
  endfacet
  facet normal 0 0 1
    outer loop
      vertex 42.4985 17.6034 -53
      vertex 42.4985 -17.6034 -53
      vertex 43.5588 -14.7862 -53
    endloop
  endfacet
  facet normal 0 0 1
    outer loop
      vertex 41.2561 20.3453 -53
      vertex 42.4985 -17.6034 -53
      vertex 42.4985 17.6034 -53
    endloop
  endfacet
  facet normal 0 0 1
    outer loop
      vertex 41.2561 20.3453 -53
      vertex 41.2561 -20.3453 -53
      vertex 42.4985 -17.6034 -53
    endloop
  endfacet
  facet normal 0 0 1
    outer loop
      vertex 39.8372 23 -53
      vertex 41.2561 -20.3453 -53
      vertex 41.2561 20.3453 -53
    endloop
  endfacet
  facet normal 0 0 1
    outer loop
      vertex 39.8372 23 -53
      vertex 39.8372 -23 -53
      vertex 41.2561 -20.3453 -53
    endloop
  endfacet
  facet normal 0 0 1
    outer loop
      vertex 38.2476 25.5562 -53
      vertex 39.8372 -23 -53
      vertex 39.8372 23 -53
    endloop
  endfacet
  facet normal 0 0 1
    outer loop
      vertex 38.2476 25.5562 -53
      vertex 38.2476 -25.5562 -53
      vertex 39.8372 -23 -53
    endloop
  endfacet
  facet normal 0 0 1
    outer loop
      vertex 36.4943 28.003 -53
      vertex 38.2476 -25.5562 -53
      vertex 38.2476 25.5562 -53
    endloop
  endfacet
  facet normal 0 0 1
    outer loop
      vertex 36.4943 28.003 -53
      vertex 36.4943 -28.003 -53
      vertex 38.2476 -25.5562 -53
    endloop
  endfacet
  facet normal 0 0 1
    outer loop
      vertex 34.5846 30.3299 -53
      vertex 36.4943 -28.003 -53
      vertex 36.4943 28.003 -53
    endloop
  endfacet
  facet normal 0 0 1
    outer loop
      vertex 34.5846 30.3299 -53
      vertex 34.5846 -30.3299 -53
      vertex 36.4943 -28.003 -53
    endloop
  endfacet
  facet normal 0 0 1
    outer loop
      vertex 32.5269 32.5269 -53
      vertex 34.5846 -30.3299 -53
      vertex 34.5846 30.3299 -53
    endloop
  endfacet
  facet normal 0 0 1
    outer loop
      vertex 32.5269 32.5269 -53
      vertex 32.5269 -32.5269 -53
      vertex 34.5846 -30.3299 -53
    endloop
  endfacet
  facet normal 0 0 1
    outer loop
      vertex 30.3299 34.5846 -53
      vertex 32.5269 -32.5269 -53
      vertex 32.5269 32.5269 -53
    endloop
  endfacet
  facet normal 0 0 1
    outer loop
      vertex 30.3299 34.5846 -53
      vertex 30.3299 -34.5846 -53
      vertex 32.5269 -32.5269 -53
    endloop
  endfacet
  facet normal 0 0 1
    outer loop
      vertex 28.003 36.4943 -53
      vertex 30.3299 -34.5846 -53
      vertex 30.3299 34.5846 -53
    endloop
  endfacet
  facet normal 0 0 1
    outer loop
      vertex 28.003 36.4943 -53
      vertex 28.003 -36.4943 -53
      vertex 30.3299 -34.5846 -53
    endloop
  endfacet
  facet normal 0 0 1
    outer loop
      vertex 25.5562 38.2476 -53
      vertex 28.003 -36.4943 -53
      vertex 28.003 36.4943 -53
    endloop
  endfacet
  facet normal 0 0 1
    outer loop
      vertex 25.5562 38.2476 -53
      vertex 25.5562 -38.2476 -53
      vertex 28.003 -36.4943 -53
    endloop
  endfacet
  facet normal 0 0 1
    outer loop
      vertex 23 39.8372 -53
      vertex 25.5562 -38.2476 -53
      vertex 25.5562 38.2476 -53
    endloop
  endfacet
  facet normal 0 0 1
    outer loop
      vertex 23 39.8372 -53
      vertex 23 -39.8372 -53
      vertex 25.5562 -38.2476 -53
    endloop
  endfacet
  facet normal 0 0 1
    outer loop
      vertex 20.3453 41.2561 -53
      vertex 23 -39.8372 -53
      vertex 23 39.8372 -53
    endloop
  endfacet
  facet normal 0 0 1
    outer loop
      vertex 20.3453 41.2561 -53
      vertex 20.3453 -41.2561 -53
      vertex 23 -39.8372 -53
    endloop
  endfacet
  facet normal 0 0 1
    outer loop
      vertex 17.6034 42.4985 -53
      vertex 20.3453 -41.2561 -53
      vertex 20.3453 41.2561 -53
    endloop
  endfacet
  facet normal 0 0 1
    outer loop
      vertex 17.6034 42.4985 -53
      vertex 17.6034 -42.4985 -53
      vertex 20.3453 -41.2561 -53
    endloop
  endfacet
  facet normal 0 0 1
    outer loop
      vertex 14.7862 43.5588 -53
      vertex 17.6034 -42.4985 -53
      vertex 17.6034 42.4985 -53
    endloop
  endfacet
  facet normal 0 0 1
    outer loop
      vertex 14.7862 43.5588 -53
      vertex 14.7862 -43.5588 -53
      vertex 17.6034 -42.4985 -53
    endloop
  endfacet
  facet normal 0 0 1
    outer loop
      vertex 11.9057 44.4326 -53
      vertex 14.7862 -43.5588 -53
      vertex 14.7862 43.5588 -53
    endloop
  endfacet
  facet normal 0 0 1
    outer loop
      vertex 11.9057 44.4326 -53
      vertex 11.9057 -44.4326 -53
      vertex 14.7862 -43.5588 -53
    endloop
  endfacet
  facet normal 0 0 1
    outer loop
      vertex 8.97415 45.1161 -53
      vertex 11.9057 -44.4326 -53
      vertex 11.9057 44.4326 -53
    endloop
  endfacet
  facet normal 0 0 1
    outer loop
      vertex 8.97415 45.1161 -53
      vertex 8.97415 -45.1161 -53
      vertex 11.9057 -44.4326 -53
    endloop
  endfacet
  facet normal 0 0 1
    outer loop
      vertex 6.0042 45.6065 -53
      vertex 8.97415 -45.1161 -53
      vertex 8.97415 45.1161 -53
    endloop
  endfacet
  facet normal 0 0 1
    outer loop
      vertex 6.0042 45.6065 -53
      vertex 6.0042 -45.6065 -53
      vertex 8.97415 -45.1161 -53
    endloop
  endfacet
  facet normal 0 0 1
    outer loop
      vertex 3.00854 45.9015 -53
      vertex 6.0042 -45.6065 -53
      vertex 6.0042 45.6065 -53
    endloop
  endfacet
  facet normal 0 0 1
    outer loop
      vertex 3.00854 45.9015 -53
      vertex 3.00854 -45.9015 -53
      vertex 6.0042 -45.6065 -53
    endloop
  endfacet
  facet normal 0 0 1
    outer loop
      vertex 0 46 -53
      vertex 3.00854 -45.9015 -53
      vertex 3.00854 45.9015 -53
    endloop
  endfacet
  facet normal 0 0 1
    outer loop
      vertex 0 46 -53
      vertex 0 -46 -53
      vertex 3.00854 -45.9015 -53
    endloop
  endfacet
  facet normal -0 0 1
    outer loop
      vertex -3.00854 45.9015 -53
      vertex 0 -46 -53
      vertex 0 46 -53
    endloop
  endfacet
  facet normal 0 0 1
    outer loop
      vertex -3.00854 45.9015 -53
      vertex -3.00854 -45.9015 -53
      vertex 0 -46 -53
    endloop
  endfacet
  facet normal -0 0 1
    outer loop
      vertex -6.0042 45.6065 -53
      vertex -3.00854 -45.9015 -53
      vertex -3.00854 45.9015 -53
    endloop
  endfacet
  facet normal 0 0 1
    outer loop
      vertex -6.0042 45.6065 -53
      vertex -6.0042 -45.6065 -53
      vertex -3.00854 -45.9015 -53
    endloop
  endfacet
  facet normal -0 0 1
    outer loop
      vertex -8.97415 45.1161 -53
      vertex -6.0042 -45.6065 -53
      vertex -6.0042 45.6065 -53
    endloop
  endfacet
  facet normal 0 0 1
    outer loop
      vertex -8.97415 45.1161 -53
      vertex -8.97415 -45.1161 -53
      vertex -6.0042 -45.6065 -53
    endloop
  endfacet
  facet normal -0 0 1
    outer loop
      vertex -11.9057 44.4326 -53
      vertex -8.97415 -45.1161 -53
      vertex -8.97415 45.1161 -53
    endloop
  endfacet
  facet normal 0 0 1
    outer loop
      vertex -11.9057 44.4326 -53
      vertex -11.9057 -44.4326 -53
      vertex -8.97415 -45.1161 -53
    endloop
  endfacet
  facet normal -0 0 1
    outer loop
      vertex -14.7862 43.5588 -53
      vertex -11.9057 -44.4326 -53
      vertex -11.9057 44.4326 -53
    endloop
  endfacet
  facet normal 0 0 1
    outer loop
      vertex -14.7862 43.5588 -53
      vertex -14.7862 -43.5588 -53
      vertex -11.9057 -44.4326 -53
    endloop
  endfacet
  facet normal -0 0 1
    outer loop
      vertex -17.6034 42.4985 -53
      vertex -14.7862 -43.5588 -53
      vertex -14.7862 43.5588 -53
    endloop
  endfacet
  facet normal 0 0 1
    outer loop
      vertex -17.6034 42.4985 -53
      vertex -17.6034 -42.4985 -53
      vertex -14.7862 -43.5588 -53
    endloop
  endfacet
  facet normal -0 0 1
    outer loop
      vertex -20.3453 41.2561 -53
      vertex -17.6034 -42.4985 -53
      vertex -17.6034 42.4985 -53
    endloop
  endfacet
  facet normal 0 0 1
    outer loop
      vertex -20.3453 41.2561 -53
      vertex -20.3453 -41.2561 -53
      vertex -17.6034 -42.4985 -53
    endloop
  endfacet
  facet normal -0 0 1
    outer loop
      vertex -23 39.8372 -53
      vertex -20.3453 -41.2561 -53
      vertex -20.3453 41.2561 -53
    endloop
  endfacet
  facet normal 0 0 1
    outer loop
      vertex -23 39.8372 -53
      vertex -23 -39.8372 -53
      vertex -20.3453 -41.2561 -53
    endloop
  endfacet
  facet normal -0 0 1
    outer loop
      vertex -25.5562 38.2476 -53
      vertex -23 -39.8372 -53
      vertex -23 39.8372 -53
    endloop
  endfacet
  facet normal 0 0 1
    outer loop
      vertex -25.5562 38.2476 -53
      vertex -25.5562 -38.2476 -53
      vertex -23 -39.8372 -53
    endloop
  endfacet
  facet normal -0 0 1
    outer loop
      vertex -28.003 36.4943 -53
      vertex -25.5562 -38.2476 -53
      vertex -25.5562 38.2476 -53
    endloop
  endfacet
  facet normal 0 0 1
    outer loop
      vertex -28.003 36.4943 -53
      vertex -28.003 -36.4943 -53
      vertex -25.5562 -38.2476 -53
    endloop
  endfacet
  facet normal -0 0 1
    outer loop
      vertex -30.3299 34.5846 -53
      vertex -28.003 -36.4943 -53
      vertex -28.003 36.4943 -53
    endloop
  endfacet
  facet normal 0 0 1
    outer loop
      vertex -30.3299 34.5846 -53
      vertex -30.3299 -34.5846 -53
      vertex -28.003 -36.4943 -53
    endloop
  endfacet
  facet normal -0 0 1
    outer loop
      vertex -32.5269 32.5269 -53
      vertex -30.3299 -34.5846 -53
      vertex -30.3299 34.5846 -53
    endloop
  endfacet
  facet normal 0 0 1
    outer loop
      vertex -32.5269 32.5269 -53
      vertex -32.5269 -32.5269 -53
      vertex -30.3299 -34.5846 -53
    endloop
  endfacet
  facet normal -0 0 1
    outer loop
      vertex -34.5846 30.3299 -53
      vertex -32.5269 -32.5269 -53
      vertex -32.5269 32.5269 -53
    endloop
  endfacet
  facet normal 0 0 1
    outer loop
      vertex -34.5846 30.3299 -53
      vertex -34.5846 -30.3299 -53
      vertex -32.5269 -32.5269 -53
    endloop
  endfacet
  facet normal -0 0 1
    outer loop
      vertex -36.4943 28.003 -53
      vertex -34.5846 -30.3299 -53
      vertex -34.5846 30.3299 -53
    endloop
  endfacet
  facet normal 0 0 1
    outer loop
      vertex -36.4943 28.003 -53
      vertex -36.4943 -28.003 -53
      vertex -34.5846 -30.3299 -53
    endloop
  endfacet
  facet normal -0 0 1
    outer loop
      vertex -38.2476 25.5562 -53
      vertex -36.4943 -28.003 -53
      vertex -36.4943 28.003 -53
    endloop
  endfacet
  facet normal 0 0 1
    outer loop
      vertex -38.2476 25.5562 -53
      vertex -38.2476 -25.5562 -53
      vertex -36.4943 -28.003 -53
    endloop
  endfacet
  facet normal -0 0 1
    outer loop
      vertex -39.8372 23 -53
      vertex -38.2476 -25.5562 -53
      vertex -38.2476 25.5562 -53
    endloop
  endfacet
  facet normal 0 0 1
    outer loop
      vertex -39.8372 23 -53
      vertex -39.8372 -23 -53
      vertex -38.2476 -25.5562 -53
    endloop
  endfacet
  facet normal -0 0 1
    outer loop
      vertex -41.2561 20.3453 -53
      vertex -39.8372 -23 -53
      vertex -39.8372 23 -53
    endloop
  endfacet
  facet normal 0 0 1
    outer loop
      vertex -41.2561 20.3453 -53
      vertex -41.2561 -20.3453 -53
      vertex -39.8372 -23 -53
    endloop
  endfacet
  facet normal -0 0 1
    outer loop
      vertex -42.4985 17.6034 -53
      vertex -41.2561 -20.3453 -53
      vertex -41.2561 20.3453 -53
    endloop
  endfacet
  facet normal 0 0 1
    outer loop
      vertex -42.4985 17.6034 -53
      vertex -42.4985 -17.6034 -53
      vertex -41.2561 -20.3453 -53
    endloop
  endfacet
  facet normal -0 0 1
    outer loop
      vertex -43.5588 14.7862 -53
      vertex -42.4985 -17.6034 -53
      vertex -42.4985 17.6034 -53
    endloop
  endfacet
  facet normal 0 0 1
    outer loop
      vertex -43.5588 14.7862 -53
      vertex -43.5588 -14.7862 -53
      vertex -42.4985 -17.6034 -53
    endloop
  endfacet
  facet normal -0 0 1
    outer loop
      vertex -44.4326 11.9057 -53
      vertex -43.5588 -14.7862 -53
      vertex -43.5588 14.7862 -53
    endloop
  endfacet
  facet normal 0 0 1
    outer loop
      vertex -44.4326 11.9057 -53
      vertex -44.4326 -11.9057 -53
      vertex -43.5588 -14.7862 -53
    endloop
  endfacet
  facet normal -0 0 1
    outer loop
      vertex -45.1161 8.97415 -53
      vertex -44.4326 -11.9057 -53
      vertex -44.4326 11.9057 -53
    endloop
  endfacet
  facet normal 0 0 1
    outer loop
      vertex -45.1161 8.97415 -53
      vertex -45.1161 -8.97415 -53
      vertex -44.4326 -11.9057 -53
    endloop
  endfacet
  facet normal -0 0 1
    outer loop
      vertex -45.6065 6.0042 -53
      vertex -45.1161 -8.97415 -53
      vertex -45.1161 8.97415 -53
    endloop
  endfacet
  facet normal 0 0 1
    outer loop
      vertex -45.6065 6.0042 -53
      vertex -45.6065 -6.0042 -53
      vertex -45.1161 -8.97415 -53
    endloop
  endfacet
  facet normal -0 0 1
    outer loop
      vertex -45.9015 3.00854 -53
      vertex -45.6065 -6.0042 -53
      vertex -45.6065 6.0042 -53
    endloop
  endfacet
  facet normal 0 0 1
    outer loop
      vertex -45.9015 3.00854 -53
      vertex -45.9015 -3.00854 -53
      vertex -45.6065 -6.0042 -53
    endloop
  endfacet
  facet normal 0 -0 1
    outer loop
      vertex -45.9015 -3.00854 -53
      vertex -45.9015 3.00854 -53
      vertex -46 0 -53
    endloop
  endfacet
  facet normal -0.995185 -0.0980145 -0
    outer loop
      vertex 35.9229 2.35451 -17.9206
      vertex 35.692 4.69894 -45
      vertex 35.9229 2.35451 -45
    endloop
  endfacet
  facet normal -0.995185 -0.0980145 0
    outer loop
      vertex 35.692 4.69894 -45
      vertex 35.9229 2.35451 -17.9206
      vertex 35.692 4.69894 -17.8701
    endloop
  endfacet
  facet normal -0.995185 -0.0980145 0
    outer loop
      vertex 35.9229 2.35451 17.9206
      vertex 35.692 4.69894 50
      vertex 35.692 4.69894 17.8701
    endloop
  endfacet
  facet normal -0.995185 -0.0980145 0
    outer loop
      vertex 35.692 4.69894 50
      vertex 35.9229 2.35451 17.9206
      vertex 35.9229 2.35451 50
    endloop
  endfacet
  facet normal -0.995185 -0.0980145 0
    outer loop
      vertex 35.9229 2.35451 -9.72835
      vertex 35.692 4.69894 9.70093
      vertex 35.692 4.69894 -9.70093
    endloop
  endfacet
  facet normal -0.995185 -0.0980145 0
    outer loop
      vertex 35.692 4.69894 9.70093
      vertex 35.9229 2.35451 -9.72835
      vertex 35.9229 2.35451 9.72835
    endloop
  endfacet
  facet normal -0.999464 -0.0327281 0
    outer loop
      vertex 36 0 -45
      vertex 35.9229 2.35451 -17.9206
      vertex 35.9229 2.35451 -45
    endloop
  endfacet
  facet normal -0.999464 -0.0327281 0
    outer loop
      vertex 35.9229 2.35451 -17.9206
      vertex 36 0 -45
      vertex 36 0 -17.9375
    endloop
  endfacet
  facet normal -0.999464 -0.0327281 0
    outer loop
      vertex 36 0 17.9375
      vertex 35.9229 2.35451 50
      vertex 35.9229 2.35451 17.9206
    endloop
  endfacet
  facet normal -0.999464 -0.0327281 0
    outer loop
      vertex 35.9229 2.35451 50
      vertex 36 0 17.9375
      vertex 36 0 50
    endloop
  endfacet
  facet normal -0.999464 -0.0327281 0
    outer loop
      vertex 36 0 -9.7375
      vertex 35.9229 2.35451 9.72835
      vertex 35.9229 2.35451 -9.72835
    endloop
  endfacet
  facet normal -0.999464 -0.0327281 0
    outer loop
      vertex 35.9229 2.35451 9.72835
      vertex 36 0 -9.7375
      vertex 36 0 9.7375
    endloop
  endfacet
  facet normal 0.93591 0.35224 0
    outer loop
      vertex -33.2597 -13.7766 50
      vertex -34.0895 -11.5718 -45
      vertex -34.0895 -11.5718 50
    endloop
  endfacet
  facet normal 0.93591 0.35224 0
    outer loop
      vertex -34.0895 -11.5718 -45
      vertex -33.2597 -13.7766 50
      vertex -33.2597 -13.7766 -45
    endloop
  endfacet
  facet normal 0.973871 0.227101 0
    outer loop
      vertex -34.7733 -9.31748 50
      vertex -35.3083 -7.02325 -45
      vertex -35.3083 -7.02325 50
    endloop
  endfacet
  facet normal 0.973871 0.227101 0
    outer loop
      vertex -35.3083 -7.02325 -45
      vertex -34.7733 -9.31748 50
      vertex -34.7733 -9.31748 -45
    endloop
  endfacet
  facet normal -0.634384 0.773018 0
    outer loop
      vertex 23.7365 -27.0662 -45
      vertex 21.9154 -28.5607 50
      vertex 23.7365 -27.0662 50
    endloop
  endfacet
  facet normal -0.634384 0.773018 0
    outer loop
      vertex 21.9154 -28.5607 50
      vertex 23.7365 -27.0662 -45
      vertex 21.9154 -28.5607 -45
    endloop
  endfacet
  facet normal -0.0327281 -0.999464 0
    outer loop
      vertex 0 36 -45
      vertex 2.35451 35.9229 50
      vertex 0 36 50
    endloop
  endfacet
  facet normal -0.0327281 -0.999464 -0
    outer loop
      vertex 2.35451 35.9229 50
      vertex 0 36 -45
      vertex 2.35451 35.9229 -45
    endloop
  endfacet
  facet normal 0.93591 -0.35224 0
    outer loop
      vertex -34.0895 11.5718 50
      vertex -33.2597 13.7766 -45
      vertex -33.2597 13.7766 50
    endloop
  endfacet
  facet normal 0.93591 -0.35224 0
    outer loop
      vertex -33.2597 13.7766 -45
      vertex -34.0895 11.5718 50
      vertex -34.0895 11.5718 -45
    endloop
  endfacet
  facet normal -0.227101 0.973871 0
    outer loop
      vertex 9.31748 -34.7733 -45
      vertex 7.02325 -35.3083 50
      vertex 9.31748 -34.7733 50
    endloop
  endfacet
  facet normal -0.227101 0.973871 0
    outer loop
      vertex 7.02325 -35.3083 50
      vertex 9.31748 -34.7733 -45
      vertex 7.02325 -35.3083 -45
    endloop
  endfacet
  facet normal 0.683615 -0.729843 0
    outer loop
      vertex -25.4558 25.4558 -45
      vertex -23.7365 27.0662 50
      vertex -25.4558 25.4558 50
    endloop
  endfacet
  facet normal 0.683615 -0.729843 0
    outer loop
      vertex -23.7365 27.0662 50
      vertex -25.4558 25.4558 -45
      vertex -23.7365 27.0662 -45
    endloop
  endfacet
  facet normal -0.986646 0.162877 0
    outer loop
      vertex 35.3083 -7.02325 -45
      vertex 35.692 -4.69894 -17.8701
      vertex 35.692 -4.69894 -45
    endloop
  endfacet
  facet normal -0.986646 0.162877 0
    outer loop
      vertex 35.692 -4.69894 -17.8701
      vertex 35.3083 -7.02325 -45
      vertex 35.3083 -7.02325 -17.7862
    endloop
  endfacet
  facet normal -0.986646 0.162877 0
    outer loop
      vertex 35.3083 -7.02325 50
      vertex 35.692 -4.69894 17.8701
      vertex 35.3083 -7.02325 17.7862
    endloop
  endfacet
  facet normal -0.986646 0.162877 0
    outer loop
      vertex 35.692 -4.69894 17.8701
      vertex 35.3083 -7.02325 50
      vertex 35.692 -4.69894 50
    endloop
  endfacet
  facet normal -0.986646 0.162877 0
    outer loop
      vertex 35.3083 -7.02325 -9.65536
      vertex 35.692 -4.69894 9.70093
      vertex 35.692 -4.69894 -9.70093
    endloop
  endfacet
  facet normal -0.986646 0.162877 0
    outer loop
      vertex 35.692 -4.69894 9.70093
      vertex 35.3083 -7.02325 -9.65536
      vertex 35.3083 -7.02325 9.65536
    endloop
  endfacet
  facet normal 0.162877 0.986646 -0
    outer loop
      vertex -4.69894 -35.692 -45
      vertex -7.02325 -35.3083 50
      vertex -4.69894 -35.692 50
    endloop
  endfacet
  facet normal 0.162877 0.986646 0
    outer loop
      vertex -7.02325 -35.3083 50
      vertex -4.69894 -35.692 -45
      vertex -7.02325 -35.3083 -45
    endloop
  endfacet
  facet normal 0.412725 -0.910856 0
    outer loop
      vertex -15.9224 32.2874 -45
      vertex -13.7766 33.2597 50
      vertex -15.9224 32.2874 50
    endloop
  endfacet
  facet normal 0.412725 -0.910856 0
    outer loop
      vertex -13.7766 33.2597 50
      vertex -15.9224 32.2874 -45
      vertex -13.7766 33.2597 -45
    endloop
  endfacet
  facet normal 0.0980145 0.995185 -0
    outer loop
      vertex -2.35451 -35.9229 -45
      vertex -4.69894 -35.692 50
      vertex -2.35451 -35.9229 50
    endloop
  endfacet
  facet normal 0.0980145 0.995185 0
    outer loop
      vertex -4.69894 -35.692 50
      vertex -2.35451 -35.9229 -45
      vertex -4.69894 -35.692 -45
    endloop
  endfacet
  facet normal -0.999464 0.0327281 0
    outer loop
      vertex 35.9229 -2.35451 -45
      vertex 36 0 -17.9375
      vertex 36 0 -45
    endloop
  endfacet
  facet normal -0.999464 0.0327281 0
    outer loop
      vertex 36 0 -17.9375
      vertex 35.9229 -2.35451 -45
      vertex 35.9229 -2.35451 -17.9206
    endloop
  endfacet
  facet normal -0.999464 0.0327281 0
    outer loop
      vertex 35.9229 -2.35451 17.9206
      vertex 36 0 50
      vertex 36 0 17.9375
    endloop
  endfacet
  facet normal -0.999464 0.0327281 0
    outer loop
      vertex 36 0 50
      vertex 35.9229 -2.35451 17.9206
      vertex 35.9229 -2.35451 50
    endloop
  endfacet
  facet normal -0.999464 0.0327281 0
    outer loop
      vertex 35.9229 -2.35451 -9.72835
      vertex 36 0 9.7375
      vertex 36 0 -9.7375
    endloop
  endfacet
  facet normal -0.999464 0.0327281 0
    outer loop
      vertex 36 0 9.7375
      vertex 35.9229 -2.35451 -9.72835
      vertex 35.9229 -2.35451 9.72835
    endloop
  endfacet
  facet normal -0.412725 0.910856 0
    outer loop
      vertex 15.9224 -32.2874 -45
      vertex 13.7766 -33.2597 50
      vertex 15.9224 -32.2874 50
    endloop
  endfacet
  facet normal -0.412725 0.910856 0
    outer loop
      vertex 13.7766 -33.2597 50
      vertex 15.9224 -32.2874 -45
      vertex 13.7766 -33.2597 -45
    endloop
  endfacet
  facet normal -0.8492 -0.528071 0
    outer loop
      vertex 31.1769 18 -45
      vertex 29.9329 20.0005 50
      vertex 29.9329 20.0005 -45
    endloop
  endfacet
  facet normal -0.8492 -0.528071 0
    outer loop
      vertex 29.9329 20.0005 50
      vertex 31.1769 18 -45
      vertex 31.1769 18 50
    endloop
  endfacet
  facet normal 0.8492 -0.528071 0
    outer loop
      vertex -31.1769 18 50
      vertex -29.9329 20.0005 -45
      vertex -29.9329 20.0005 50
    endloop
  endfacet
  facet normal 0.8492 -0.528071 0
    outer loop
      vertex -29.9329 20.0005 -45
      vertex -31.1769 18 50
      vertex -31.1769 18 -45
    endloop
  endfacet
  facet normal 0.773018 0.634384 0
    outer loop
      vertex -27.0662 -23.7365 50
      vertex -28.5607 -21.9154 -45
      vertex -28.5607 -21.9154 50
    endloop
  endfacet
  facet normal 0.773018 0.634384 0
    outer loop
      vertex -28.5607 -21.9154 -45
      vertex -27.0662 -23.7365 50
      vertex -27.0662 -23.7365 -45
    endloop
  endfacet
  facet normal 0.881921 0.471397 0
    outer loop
      vertex -31.1769 -18 50
      vertex -32.2874 -15.9224 -45
      vertex -32.2874 -15.9224 50
    endloop
  endfacet
  facet normal 0.881921 0.471397 0
    outer loop
      vertex -32.2874 -15.9224 -45
      vertex -31.1769 -18 50
      vertex -31.1769 -18 -45
    endloop
  endfacet
  facet normal 0.986646 -0.162877 0
    outer loop
      vertex -35.692 4.69894 50
      vertex -35.3083 7.02325 -45
      vertex -35.3083 7.02325 50
    endloop
  endfacet
  facet normal 0.986646 -0.162877 0
    outer loop
      vertex -35.3083 7.02325 -45
      vertex -35.692 4.69894 50
      vertex -35.692 4.69894 -45
    endloop
  endfacet
  facet normal 0.999464 -0.0327281 0
    outer loop
      vertex -36 0 50
      vertex -35.9229 2.35451 -45
      vertex -35.9229 2.35451 50
    endloop
  endfacet
  facet normal 0.999464 -0.0327281 0
    outer loop
      vertex -35.9229 2.35451 -45
      vertex -36 0 50
      vertex -36 0 -45
    endloop
  endfacet
  facet normal 0.773018 -0.634384 0
    outer loop
      vertex -28.5607 21.9154 50
      vertex -27.0662 23.7365 -45
      vertex -27.0662 23.7365 50
    endloop
  endfacet
  facet normal 0.773018 -0.634384 0
    outer loop
      vertex -27.0662 23.7365 -45
      vertex -28.5607 21.9154 50
      vertex -28.5607 21.9154 -45
    endloop
  endfacet
  facet normal -0.634384 -0.773018 0
    outer loop
      vertex 21.9154 28.5607 -45
      vertex 23.7365 27.0662 50
      vertex 21.9154 28.5607 50
    endloop
  endfacet
  facet normal -0.634384 -0.773018 -0
    outer loop
      vertex 23.7365 27.0662 50
      vertex 21.9154 28.5607 -45
      vertex 23.7365 27.0662 -45
    endloop
  endfacet
  facet normal -0.683615 -0.729843 0
    outer loop
      vertex 23.7365 27.0662 -45
      vertex 25.4558 25.4558 50
      vertex 23.7365 27.0662 50
    endloop
  endfacet
  facet normal -0.683615 -0.729843 -0
    outer loop
      vertex 25.4558 25.4558 50
      vertex 23.7365 27.0662 -45
      vertex 25.4558 25.4558 -45
    endloop
  endfacet
  facet normal 0.35224 -0.93591 0
    outer loop
      vertex -13.7766 33.2597 -45
      vertex -11.5718 34.0895 50
      vertex -13.7766 33.2597 50
    endloop
  endfacet
  facet normal 0.35224 -0.93591 0
    outer loop
      vertex -11.5718 34.0895 50
      vertex -13.7766 33.2597 -45
      vertex -11.5718 34.0895 -45
    endloop
  endfacet
  facet normal 0.290269 -0.956945 0
    outer loop
      vertex -11.5718 34.0895 -45
      vertex -9.31748 34.7733 50
      vertex -11.5718 34.0895 50
    endloop
  endfacet
  facet normal 0.290269 -0.956945 0
    outer loop
      vertex -9.31748 34.7733 50
      vertex -11.5718 34.0895 -45
      vertex -9.31748 34.7733 -45
    endloop
  endfacet
  facet normal 0.471397 0.881921 -0
    outer loop
      vertex -15.9224 -32.2874 -45
      vertex -18 -31.1769 50
      vertex -15.9224 -32.2874 50
    endloop
  endfacet
  facet normal 0.471397 0.881921 0
    outer loop
      vertex -18 -31.1769 50
      vertex -15.9224 -32.2874 -45
      vertex -18 -31.1769 -45
    endloop
  endfacet
  facet normal -0.412725 -0.910856 0
    outer loop
      vertex 13.7766 33.2597 -45
      vertex 15.9224 32.2874 50
      vertex 13.7766 33.2597 50
    endloop
  endfacet
  facet normal -0.412725 -0.910856 -0
    outer loop
      vertex 15.9224 32.2874 50
      vertex 13.7766 33.2597 -45
      vertex 15.9224 32.2874 -45
    endloop
  endfacet
  facet normal -0.973871 -0.227101 0
    outer loop
      vertex 35.3083 7.02325 17.7862
      vertex 34.7733 9.31748 50
      vertex 34.7733 9.31748 17.6692
    endloop
  endfacet
  facet normal -0.973871 -0.227101 0
    outer loop
      vertex 34.7733 9.31748 50
      vertex 35.3083 7.02325 17.7862
      vertex 35.3083 7.02325 50
    endloop
  endfacet
  facet normal -0.973871 -0.227101 -0
    outer loop
      vertex 35.3083 7.02325 -17.7862
      vertex 34.7733 9.31748 -45
      vertex 35.3083 7.02325 -45
    endloop
  endfacet
  facet normal -0.973871 -0.227101 0
    outer loop
      vertex 34.7733 9.31748 -45
      vertex 35.3083 7.02325 -17.7862
      vertex 34.7733 9.31748 -17.6692
    endloop
  endfacet
  facet normal -0.973871 -0.227101 0
    outer loop
      vertex 35.3083 7.02325 -9.65536
      vertex 34.7733 9.31748 9.59183
      vertex 34.7733 9.31748 -9.59183
    endloop
  endfacet
  facet normal -0.973871 -0.227101 0
    outer loop
      vertex 34.7733 9.31748 9.59183
      vertex 35.3083 7.02325 -9.65536
      vertex 35.3083 7.02325 9.65536
    endloop
  endfacet
  facet normal 0.162877 -0.986646 0
    outer loop
      vertex -7.02325 35.3083 -45
      vertex -4.69894 35.692 50
      vertex -7.02325 35.3083 50
    endloop
  endfacet
  facet normal 0.162877 -0.986646 0
    outer loop
      vertex -4.69894 35.692 50
      vertex -7.02325 35.3083 -45
      vertex -4.69894 35.692 -45
    endloop
  endfacet
  facet normal 0.995185 -0.0980145 0
    outer loop
      vertex -35.9229 2.35451 50
      vertex -35.692 4.69894 -45
      vertex -35.692 4.69894 50
    endloop
  endfacet
  facet normal 0.995185 -0.0980145 0
    outer loop
      vertex -35.692 4.69894 -45
      vertex -35.9229 2.35451 50
      vertex -35.9229 2.35451 -45
    endloop
  endfacet
  facet normal 0.729843 0.683615 0
    outer loop
      vertex -25.4558 -25.4558 50
      vertex -27.0662 -23.7365 -45
      vertex -27.0662 -23.7365 50
    endloop
  endfacet
  facet normal 0.729843 0.683615 0
    outer loop
      vertex -27.0662 -23.7365 -45
      vertex -25.4558 -25.4558 50
      vertex -25.4558 -25.4558 -45
    endloop
  endfacet
  facet normal -0.729843 -0.683615 0
    outer loop
      vertex 27.0662 23.7365 -45
      vertex 25.4558 25.4558 50
      vertex 25.4558 25.4558 -45
    endloop
  endfacet
  facet normal -0.729843 -0.683615 0
    outer loop
      vertex 25.4558 25.4558 50
      vertex 27.0662 23.7365 -45
      vertex 27.0662 23.7365 50
    endloop
  endfacet
  facet normal -0.956945 0.290269 0
    outer loop
      vertex 34.0895 -11.5718 -45
      vertex 34.7733 -9.31748 -17.6692
      vertex 34.7733 -9.31748 -45
    endloop
  endfacet
  facet normal -0.956945 0.290269 0
    outer loop
      vertex 34.7733 -9.31748 -17.6692
      vertex 34.0895 -11.5718 -45
      vertex 34.0895 -11.5718 -17.5196
    endloop
  endfacet
  facet normal -0.956945 0.290269 0
    outer loop
      vertex 34.0895 -11.5718 50
      vertex 34.7733 -9.31748 17.6692
      vertex 34.0895 -11.5718 17.5196
    endloop
  endfacet
  facet normal -0.956945 0.290269 0
    outer loop
      vertex 34.7733 -9.31748 17.6692
      vertex 34.0895 -11.5718 50
      vertex 34.7733 -9.31748 50
    endloop
  endfacet
  facet normal -0.956945 0.290269 0
    outer loop
      vertex 34.0895 -11.5718 -9.51063
      vertex 34.7733 -9.31748 9.59183
      vertex 34.7733 -9.31748 -9.59183
    endloop
  endfacet
  facet normal -0.956945 0.290269 0
    outer loop
      vertex 34.7733 -9.31748 9.59183
      vertex 34.0895 -11.5718 -9.51063
      vertex 34.0895 -11.5718 9.51063
    endloop
  endfacet
  facet normal 0.227101 0.973871 -0
    outer loop
      vertex -7.02325 -35.3083 -45
      vertex -9.31748 -34.7733 50
      vertex -7.02325 -35.3083 50
    endloop
  endfacet
  facet normal 0.227101 0.973871 0
    outer loop
      vertex -9.31748 -34.7733 50
      vertex -7.02325 -35.3083 -45
      vertex -9.31748 -34.7733 -45
    endloop
  endfacet
  facet normal -0.773018 0.634384 0
    outer loop
      vertex 27.0662 -23.7365 -45
      vertex 28.5607 -21.9154 50
      vertex 28.5607 -21.9154 -45
    endloop
  endfacet
  facet normal -0.773018 0.634384 0
    outer loop
      vertex 28.5607 -21.9154 50
      vertex 27.0662 -23.7365 -45
      vertex 27.0662 -23.7365 50
    endloop
  endfacet
  facet normal 0.528071 -0.8492 0
    outer loop
      vertex -20.0005 29.9329 -45
      vertex -18 31.1769 50
      vertex -20.0005 29.9329 50
    endloop
  endfacet
  facet normal 0.528071 -0.8492 0
    outer loop
      vertex -18 31.1769 50
      vertex -20.0005 29.9329 -45
      vertex -18 31.1769 -45
    endloop
  endfacet
  facet normal -0.0327281 0.999464 0
    outer loop
      vertex 2.35451 -35.9229 -45
      vertex 0 -36 50
      vertex 2.35451 -35.9229 50
    endloop
  endfacet
  facet normal -0.0327281 0.999464 0
    outer loop
      vertex 0 -36 50
      vertex 2.35451 -35.9229 -45
      vertex 0 -36 -45
    endloop
  endfacet
  facet normal 0.956945 0.290269 0
    outer loop
      vertex -34.0895 -11.5718 50
      vertex -34.7733 -9.31748 -45
      vertex -34.7733 -9.31748 50
    endloop
  endfacet
  facet normal 0.956945 0.290269 0
    outer loop
      vertex -34.7733 -9.31748 -45
      vertex -34.0895 -11.5718 50
      vertex -34.0895 -11.5718 -45
    endloop
  endfacet
  facet normal 0.812846 0.582478 0
    outer loop
      vertex -28.5607 -21.9154 50
      vertex -29.9329 -20.0005 -45
      vertex -29.9329 -20.0005 50
    endloop
  endfacet
  facet normal 0.812846 0.582478 0
    outer loop
      vertex -29.9329 -20.0005 -45
      vertex -28.5607 -21.9154 50
      vertex -28.5607 -21.9154 -45
    endloop
  endfacet
  facet normal 0.227101 -0.973871 0
    outer loop
      vertex -9.31748 34.7733 -45
      vertex -7.02325 35.3083 50
      vertex -9.31748 34.7733 50
    endloop
  endfacet
  facet normal 0.227101 -0.973871 0
    outer loop
      vertex -7.02325 35.3083 50
      vertex -9.31748 34.7733 -45
      vertex -7.02325 35.3083 -45
    endloop
  endfacet
  facet normal -0.995185 0.0980145 0
    outer loop
      vertex 35.692 -4.69894 -45
      vertex 35.9229 -2.35451 -17.9206
      vertex 35.9229 -2.35451 -45
    endloop
  endfacet
  facet normal -0.995185 0.0980145 0
    outer loop
      vertex 35.9229 -2.35451 -17.9206
      vertex 35.692 -4.69894 -45
      vertex 35.692 -4.69894 -17.8701
    endloop
  endfacet
  facet normal -0.995185 0.0980145 0
    outer loop
      vertex 35.692 -4.69894 50
      vertex 35.9229 -2.35451 17.9206
      vertex 35.692 -4.69894 17.8701
    endloop
  endfacet
  facet normal -0.995185 0.0980145 0
    outer loop
      vertex 35.9229 -2.35451 17.9206
      vertex 35.692 -4.69894 50
      vertex 35.9229 -2.35451 50
    endloop
  endfacet
  facet normal -0.995185 0.0980145 0
    outer loop
      vertex 35.692 -4.69894 -9.70093
      vertex 35.9229 -2.35451 9.72835
      vertex 35.9229 -2.35451 -9.72835
    endloop
  endfacet
  facet normal -0.995185 0.0980145 0
    outer loop
      vertex 35.9229 -2.35451 9.72835
      vertex 35.692 -4.69894 -9.70093
      vertex 35.692 -4.69894 9.70093
    endloop
  endfacet
  facet normal 0.412725 0.910856 -0
    outer loop
      vertex -13.7766 -33.2597 -45
      vertex -15.9224 -32.2874 50
      vertex -13.7766 -33.2597 50
    endloop
  endfacet
  facet normal 0.412725 0.910856 0
    outer loop
      vertex -15.9224 -32.2874 50
      vertex -13.7766 -33.2597 -45
      vertex -15.9224 -32.2874 -45
    endloop
  endfacet
  facet normal -0.956945 -0.290269 -0
    outer loop
      vertex 34.7733 9.31748 -17.6692
      vertex 34.0895 11.5718 -45
      vertex 34.7733 9.31748 -45
    endloop
  endfacet
  facet normal -0.956945 -0.290269 0
    outer loop
      vertex 34.0895 11.5718 -45
      vertex 34.7733 9.31748 -17.6692
      vertex 34.0895 11.5718 -17.5196
    endloop
  endfacet
  facet normal -0.956945 -0.290269 0
    outer loop
      vertex 34.7733 9.31748 17.6692
      vertex 34.0895 11.5718 50
      vertex 34.0895 11.5718 17.5196
    endloop
  endfacet
  facet normal -0.956945 -0.290269 0
    outer loop
      vertex 34.0895 11.5718 50
      vertex 34.7733 9.31748 17.6692
      vertex 34.7733 9.31748 50
    endloop
  endfacet
  facet normal -0.956945 -0.290269 0
    outer loop
      vertex 34.7733 9.31748 -9.59183
      vertex 34.0895 11.5718 9.51063
      vertex 34.0895 11.5718 -9.51063
    endloop
  endfacet
  facet normal -0.956945 -0.290269 0
    outer loop
      vertex 34.0895 11.5718 9.51063
      vertex 34.7733 9.31748 -9.59183
      vertex 34.7733 9.31748 9.59183
    endloop
  endfacet
  facet normal -0.881921 -0.471397 0
    outer loop
      vertex 32.2874 15.9224 -45
      vertex 31.1769 18 50
      vertex 31.1769 18 -45
    endloop
  endfacet
  facet normal -0.881921 -0.471397 0
    outer loop
      vertex 31.1769 18 50
      vertex 32.2874 15.9224 -45
      vertex 32.2874 15.9224 50
    endloop
  endfacet
  facet normal 0.582478 -0.812846 0
    outer loop
      vertex -21.9154 28.5607 -45
      vertex -20.0005 29.9329 50
      vertex -21.9154 28.5607 50
    endloop
  endfacet
  facet normal 0.582478 -0.812846 0
    outer loop
      vertex -20.0005 29.9329 50
      vertex -21.9154 28.5607 -45
      vertex -20.0005 29.9329 -45
    endloop
  endfacet
  facet normal 0.634384 0.773018 -0
    outer loop
      vertex -21.9154 -28.5607 -45
      vertex -23.7365 -27.0662 50
      vertex -21.9154 -28.5607 50
    endloop
  endfacet
  facet normal 0.634384 0.773018 0
    outer loop
      vertex -23.7365 -27.0662 50
      vertex -21.9154 -28.5607 -45
      vertex -23.7365 -27.0662 -45
    endloop
  endfacet
  facet normal 0.910856 -0.412725 0
    outer loop
      vertex -33.2597 13.7766 50
      vertex -32.2874 15.9224 -45
      vertex -32.2874 15.9224 50
    endloop
  endfacet
  facet normal 0.910856 -0.412725 0
    outer loop
      vertex -32.2874 15.9224 -45
      vertex -33.2597 13.7766 50
      vertex -33.2597 13.7766 -45
    endloop
  endfacet
  facet normal -0.935908 -0.352245 0
    outer loop
      vertex 34.0895 11.5718 -9.51063
      vertex 34 11.8096 9.5
      vertex 34 11.8096 -9.5
    endloop
  endfacet
  facet normal -0.935908 -0.352245 0
    outer loop
      vertex 34 11.8096 9.5
      vertex 34.0895 11.5718 -9.51063
      vertex 34.0895 11.5718 9.51063
    endloop
  endfacet
  facet normal -0.93591 -0.352239 -0
    outer loop
      vertex 34 11.8096 -9.5
      vertex 33.2597 13.7766 -45
      vertex 34 11.8096 -17.5
    endloop
  endfacet
  facet normal -0.93591 -0.35224 -0
    outer loop
      vertex 34.0895 11.5718 -17.5196
      vertex 33.2597 13.7766 -45
      vertex 34.0895 11.5718 -45
    endloop
  endfacet
  facet normal -0.935908 -0.352245 -4.49596e-07
    outer loop
      vertex 33.2597 13.7766 -45
      vertex 34.0895 11.5718 -17.5196
      vertex 34 11.8096 -17.5
    endloop
  endfacet
  facet normal -0.93591 -0.352239 0
    outer loop
      vertex 33.2597 13.7766 -45
      vertex 34 11.8096 -9.5
      vertex 33.2597 13.7766 50
    endloop
  endfacet
  facet normal -0.93591 -0.352239 -0
    outer loop
      vertex 34 11.8096 9.5
      vertex 33.2597 13.7766 50
      vertex 34 11.8096 -9.5
    endloop
  endfacet
  facet normal -0.93591 -0.352239 -0
    outer loop
      vertex 34 11.8096 17.5
      vertex 33.2597 13.7766 50
      vertex 34 11.8096 9.5
    endloop
  endfacet
  facet normal -0.935908 -0.352245 3.80771e-07
    outer loop
      vertex 34.0895 11.5718 17.5196
      vertex 33.2597 13.7766 50
      vertex 34 11.8096 17.5
    endloop
  endfacet
  facet normal -0.93591 -0.35224 0
    outer loop
      vertex 33.2597 13.7766 50
      vertex 34.0895 11.5718 17.5196
      vertex 34.0895 11.5718 50
    endloop
  endfacet
  facet normal -0.773018 -0.634384 0
    outer loop
      vertex 28.5607 21.9154 -45
      vertex 27.0662 23.7365 50
      vertex 27.0662 23.7365 -45
    endloop
  endfacet
  facet normal -0.773018 -0.634384 0
    outer loop
      vertex 27.0662 23.7365 50
      vertex 28.5607 21.9154 -45
      vertex 28.5607 21.9154 50
    endloop
  endfacet
  facet normal 0.0327281 -0.999464 0
    outer loop
      vertex -2.35451 35.9229 -45
      vertex 0 36 50
      vertex -2.35451 35.9229 50
    endloop
  endfacet
  facet normal 0.0327281 -0.999464 0
    outer loop
      vertex 0 36 50
      vertex -2.35451 35.9229 -45
      vertex 0 36 -45
    endloop
  endfacet
  facet normal 0.910856 0.412725 0
    outer loop
      vertex -32.2874 -15.9224 50
      vertex -33.2597 -13.7766 -45
      vertex -33.2597 -13.7766 50
    endloop
  endfacet
  facet normal 0.910856 0.412725 0
    outer loop
      vertex -33.2597 -13.7766 -45
      vertex -32.2874 -15.9224 50
      vertex -32.2874 -15.9224 -45
    endloop
  endfacet
  facet normal 0.973871 -0.227101 0
    outer loop
      vertex -35.3083 7.02325 50
      vertex -34.7733 9.31748 -45
      vertex -34.7733 9.31748 50
    endloop
  endfacet
  facet normal 0.973871 -0.227101 0
    outer loop
      vertex -34.7733 9.31748 -45
      vertex -35.3083 7.02325 50
      vertex -35.3083 7.02325 -45
    endloop
  endfacet
  facet normal -0.582478 -0.812846 0
    outer loop
      vertex 20.0005 29.9329 -45
      vertex 21.9154 28.5607 50
      vertex 20.0005 29.9329 50
    endloop
  endfacet
  facet normal -0.582478 -0.812846 -0
    outer loop
      vertex 21.9154 28.5607 50
      vertex 20.0005 29.9329 -45
      vertex 21.9154 28.5607 -45
    endloop
  endfacet
  facet normal 0.999464 0.0327281 0
    outer loop
      vertex -35.9229 -2.35451 50
      vertex -36 0 -45
      vertex -36 0 50
    endloop
  endfacet
  facet normal 0.999464 0.0327281 0
    outer loop
      vertex -36 0 -45
      vertex -35.9229 -2.35451 50
      vertex -35.9229 -2.35451 -45
    endloop
  endfacet
  facet normal 0.956945 -0.290269 0
    outer loop
      vertex -34.7733 9.31748 50
      vertex -34.0895 11.5718 -45
      vertex -34.0895 11.5718 50
    endloop
  endfacet
  facet normal 0.956945 -0.290269 0
    outer loop
      vertex -34.0895 11.5718 -45
      vertex -34.7733 9.31748 50
      vertex -34.7733 9.31748 -45
    endloop
  endfacet
  facet normal -0.8492 0.528071 0
    outer loop
      vertex 29.9329 -20.0005 -45
      vertex 31.1769 -18 50
      vertex 31.1769 -18 -45
    endloop
  endfacet
  facet normal -0.8492 0.528071 0
    outer loop
      vertex 31.1769 -18 50
      vertex 29.9329 -20.0005 -45
      vertex 29.9329 -20.0005 50
    endloop
  endfacet
  facet normal -0.528071 0.8492 0
    outer loop
      vertex 20.0005 -29.9329 -45
      vertex 18 -31.1769 50
      vertex 20.0005 -29.9329 50
    endloop
  endfacet
  facet normal -0.528071 0.8492 0
    outer loop
      vertex 18 -31.1769 50
      vertex 20.0005 -29.9329 -45
      vertex 18 -31.1769 -45
    endloop
  endfacet
  facet normal 0.729843 -0.683615 0
    outer loop
      vertex -27.0662 23.7365 50
      vertex -25.4558 25.4558 -45
      vertex -25.4558 25.4558 50
    endloop
  endfacet
  facet normal 0.729843 -0.683615 0
    outer loop
      vertex -25.4558 25.4558 -45
      vertex -27.0662 23.7365 50
      vertex -27.0662 23.7365 -45
    endloop
  endfacet
  facet normal -0.910856 -0.412725 0
    outer loop
      vertex 33.2597 13.7766 -45
      vertex 32.2874 15.9224 50
      vertex 32.2874 15.9224 -45
    endloop
  endfacet
  facet normal -0.910856 -0.412725 0
    outer loop
      vertex 32.2874 15.9224 50
      vertex 33.2597 13.7766 -45
      vertex 33.2597 13.7766 50
    endloop
  endfacet
  facet normal -0.471397 0.881921 0
    outer loop
      vertex 18 -31.1769 -45
      vertex 15.9224 -32.2874 50
      vertex 18 -31.1769 50
    endloop
  endfacet
  facet normal -0.471397 0.881921 0
    outer loop
      vertex 15.9224 -32.2874 50
      vertex 18 -31.1769 -45
      vertex 15.9224 -32.2874 -45
    endloop
  endfacet
  facet normal -0.0980145 0.995185 0
    outer loop
      vertex 4.69894 -35.692 -45
      vertex 2.35451 -35.9229 50
      vertex 4.69894 -35.692 50
    endloop
  endfacet
  facet normal -0.0980145 0.995185 0
    outer loop
      vertex 2.35451 -35.9229 50
      vertex 4.69894 -35.692 -45
      vertex 2.35451 -35.9229 -45
    endloop
  endfacet
  facet normal -0.0980145 -0.995185 0
    outer loop
      vertex 2.35451 35.9229 -45
      vertex 4.69894 35.692 50
      vertex 2.35451 35.9229 50
    endloop
  endfacet
  facet normal -0.0980145 -0.995185 -0
    outer loop
      vertex 4.69894 35.692 50
      vertex 2.35451 35.9229 -45
      vertex 4.69894 35.692 -45
    endloop
  endfacet
  facet normal 0.471397 -0.881921 0
    outer loop
      vertex -18 31.1769 -45
      vertex -15.9224 32.2874 50
      vertex -18 31.1769 50
    endloop
  endfacet
  facet normal 0.471397 -0.881921 0
    outer loop
      vertex -15.9224 32.2874 50
      vertex -18 31.1769 -45
      vertex -15.9224 32.2874 -45
    endloop
  endfacet
  facet normal -0.812846 -0.582478 0
    outer loop
      vertex 29.9329 20.0005 -45
      vertex 28.5607 21.9154 50
      vertex 28.5607 21.9154 -45
    endloop
  endfacet
  facet normal -0.812846 -0.582478 0
    outer loop
      vertex 28.5607 21.9154 50
      vertex 29.9329 20.0005 -45
      vertex 29.9329 20.0005 50
    endloop
  endfacet
  facet normal -0.729843 0.683615 0
    outer loop
      vertex 25.4558 -25.4558 -45
      vertex 27.0662 -23.7365 50
      vertex 27.0662 -23.7365 -45
    endloop
  endfacet
  facet normal -0.729843 0.683615 0
    outer loop
      vertex 27.0662 -23.7365 50
      vertex 25.4558 -25.4558 -45
      vertex 25.4558 -25.4558 50
    endloop
  endfacet
  facet normal -0.973871 0.227101 0
    outer loop
      vertex 34.7733 -9.31748 -45
      vertex 35.3083 -7.02325 -17.7862
      vertex 35.3083 -7.02325 -45
    endloop
  endfacet
  facet normal -0.973871 0.227101 0
    outer loop
      vertex 35.3083 -7.02325 -17.7862
      vertex 34.7733 -9.31748 -45
      vertex 34.7733 -9.31748 -17.6692
    endloop
  endfacet
  facet normal -0.973871 0.227101 0
    outer loop
      vertex 34.7733 -9.31748 50
      vertex 35.3083 -7.02325 17.7862
      vertex 34.7733 -9.31748 17.6692
    endloop
  endfacet
  facet normal -0.973871 0.227101 0
    outer loop
      vertex 35.3083 -7.02325 17.7862
      vertex 34.7733 -9.31748 50
      vertex 35.3083 -7.02325 50
    endloop
  endfacet
  facet normal -0.973871 0.227101 0
    outer loop
      vertex 34.7733 -9.31748 -9.59183
      vertex 35.3083 -7.02325 9.65536
      vertex 35.3083 -7.02325 -9.65536
    endloop
  endfacet
  facet normal -0.973871 0.227101 0
    outer loop
      vertex 35.3083 -7.02325 9.65536
      vertex 34.7733 -9.31748 -9.59183
      vertex 34.7733 -9.31748 9.59183
    endloop
  endfacet
  facet normal -0.881921 0.471397 0
    outer loop
      vertex 31.1769 -18 -45
      vertex 32.2874 -15.9224 50
      vertex 32.2874 -15.9224 -45
    endloop
  endfacet
  facet normal -0.881921 0.471397 0
    outer loop
      vertex 32.2874 -15.9224 50
      vertex 31.1769 -18 -45
      vertex 31.1769 -18 50
    endloop
  endfacet
  facet normal 0.0980145 -0.995185 0
    outer loop
      vertex -4.69894 35.692 -45
      vertex -2.35451 35.9229 50
      vertex -4.69894 35.692 50
    endloop
  endfacet
  facet normal 0.0980145 -0.995185 0
    outer loop
      vertex -2.35451 35.9229 50
      vertex -4.69894 35.692 -45
      vertex -2.35451 35.9229 -45
    endloop
  endfacet
  facet normal -0.582478 0.812846 0
    outer loop
      vertex 21.9154 -28.5607 -45
      vertex 20.0005 -29.9329 50
      vertex 21.9154 -28.5607 50
    endloop
  endfacet
  facet normal -0.582478 0.812846 0
    outer loop
      vertex 20.0005 -29.9329 50
      vertex 21.9154 -28.5607 -45
      vertex 20.0005 -29.9329 -45
    endloop
  endfacet
  facet normal -0.471397 -0.881921 0
    outer loop
      vertex 15.9224 32.2874 -45
      vertex 18 31.1769 50
      vertex 15.9224 32.2874 50
    endloop
  endfacet
  facet normal -0.471397 -0.881921 -0
    outer loop
      vertex 18 31.1769 50
      vertex 15.9224 32.2874 -45
      vertex 18 31.1769 -45
    endloop
  endfacet
  facet normal -0.35224 -0.93591 0
    outer loop
      vertex 11.5718 34.0895 -45
      vertex 13.7766 33.2597 50
      vertex 11.5718 34.0895 50
    endloop
  endfacet
  facet normal -0.35224 -0.93591 -0
    outer loop
      vertex 13.7766 33.2597 50
      vertex 11.5718 34.0895 -45
      vertex 13.7766 33.2597 -45
    endloop
  endfacet
  facet normal 0.812846 -0.582478 0
    outer loop
      vertex -29.9329 20.0005 50
      vertex -28.5607 21.9154 -45
      vertex -28.5607 21.9154 50
    endloop
  endfacet
  facet normal 0.812846 -0.582478 0
    outer loop
      vertex -28.5607 21.9154 -45
      vertex -29.9329 20.0005 50
      vertex -29.9329 20.0005 -45
    endloop
  endfacet
  facet normal -0.35224 0.93591 0
    outer loop
      vertex 13.7766 -33.2597 -45
      vertex 11.5718 -34.0895 50
      vertex 13.7766 -33.2597 50
    endloop
  endfacet
  facet normal -0.35224 0.93591 0
    outer loop
      vertex 11.5718 -34.0895 50
      vertex 13.7766 -33.2597 -45
      vertex 11.5718 -34.0895 -45
    endloop
  endfacet
  facet normal -0.986646 -0.162877 -0
    outer loop
      vertex 35.692 4.69894 -17.8701
      vertex 35.3083 7.02325 -45
      vertex 35.692 4.69894 -45
    endloop
  endfacet
  facet normal -0.986646 -0.162877 0
    outer loop
      vertex 35.3083 7.02325 -45
      vertex 35.692 4.69894 -17.8701
      vertex 35.3083 7.02325 -17.7862
    endloop
  endfacet
  facet normal -0.986646 -0.162877 0
    outer loop
      vertex 35.692 4.69894 17.8701
      vertex 35.3083 7.02325 50
      vertex 35.3083 7.02325 17.7862
    endloop
  endfacet
  facet normal -0.986646 -0.162877 0
    outer loop
      vertex 35.3083 7.02325 50
      vertex 35.692 4.69894 17.8701
      vertex 35.692 4.69894 50
    endloop
  endfacet
  facet normal -0.986646 -0.162877 0
    outer loop
      vertex 35.692 4.69894 -9.70093
      vertex 35.3083 7.02325 9.65536
      vertex 35.3083 7.02325 -9.65536
    endloop
  endfacet
  facet normal -0.986646 -0.162877 0
    outer loop
      vertex 35.3083 7.02325 9.65536
      vertex 35.692 4.69894 -9.70093
      vertex 35.692 4.69894 9.70093
    endloop
  endfacet
  facet normal -0.812846 0.582478 0
    outer loop
      vertex 28.5607 -21.9154 -45
      vertex 29.9329 -20.0005 50
      vertex 29.9329 -20.0005 -45
    endloop
  endfacet
  facet normal -0.812846 0.582478 0
    outer loop
      vertex 29.9329 -20.0005 50
      vertex 28.5607 -21.9154 -45
      vertex 28.5607 -21.9154 50
    endloop
  endfacet
  facet normal -0.162877 -0.986646 0
    outer loop
      vertex 4.69894 35.692 -45
      vertex 7.02325 35.3083 50
      vertex 4.69894 35.692 50
    endloop
  endfacet
  facet normal -0.162877 -0.986646 -0
    outer loop
      vertex 7.02325 35.3083 50
      vertex 4.69894 35.692 -45
      vertex 7.02325 35.3083 -45
    endloop
  endfacet
  facet normal -0.528071 -0.8492 0
    outer loop
      vertex 18 31.1769 -45
      vertex 20.0005 29.9329 50
      vertex 18 31.1769 50
    endloop
  endfacet
  facet normal -0.528071 -0.8492 -0
    outer loop
      vertex 20.0005 29.9329 50
      vertex 18 31.1769 -45
      vertex 20.0005 29.9329 -45
    endloop
  endfacet
  facet normal -0.162877 0.986646 0
    outer loop
      vertex 7.02325 -35.3083 -45
      vertex 4.69894 -35.692 50
      vertex 7.02325 -35.3083 50
    endloop
  endfacet
  facet normal -0.162877 0.986646 0
    outer loop
      vertex 4.69894 -35.692 50
      vertex 7.02325 -35.3083 -45
      vertex 4.69894 -35.692 -45
    endloop
  endfacet
  facet normal 0.8492 0.528071 0
    outer loop
      vertex -29.9329 -20.0005 50
      vertex -31.1769 -18 -45
      vertex -31.1769 -18 50
    endloop
  endfacet
  facet normal 0.8492 0.528071 0
    outer loop
      vertex -31.1769 -18 -45
      vertex -29.9329 -20.0005 50
      vertex -29.9329 -20.0005 -45
    endloop
  endfacet
  facet normal 0.986646 0.162877 0
    outer loop
      vertex -35.3083 -7.02325 50
      vertex -35.692 -4.69894 -45
      vertex -35.692 -4.69894 50
    endloop
  endfacet
  facet normal 0.986646 0.162877 0
    outer loop
      vertex -35.692 -4.69894 -45
      vertex -35.3083 -7.02325 50
      vertex -35.3083 -7.02325 -45
    endloop
  endfacet
  facet normal -0.683615 0.729843 0
    outer loop
      vertex 25.4558 -25.4558 -45
      vertex 23.7365 -27.0662 50
      vertex 25.4558 -25.4558 50
    endloop
  endfacet
  facet normal -0.683615 0.729843 0
    outer loop
      vertex 23.7365 -27.0662 50
      vertex 25.4558 -25.4558 -45
      vertex 23.7365 -27.0662 -45
    endloop
  endfacet
  facet normal 0.0327281 0.999464 -0
    outer loop
      vertex 0 -36 -45
      vertex -2.35451 -35.9229 50
      vertex 0 -36 50
    endloop
  endfacet
  facet normal 0.0327281 0.999464 0
    outer loop
      vertex -2.35451 -35.9229 50
      vertex 0 -36 -45
      vertex -2.35451 -35.9229 -45
    endloop
  endfacet
  facet normal 0.995185 0.0980145 0
    outer loop
      vertex -35.692 -4.69894 50
      vertex -35.9229 -2.35451 -45
      vertex -35.9229 -2.35451 50
    endloop
  endfacet
  facet normal 0.995185 0.0980145 0
    outer loop
      vertex -35.9229 -2.35451 -45
      vertex -35.692 -4.69894 50
      vertex -35.692 -4.69894 -45
    endloop
  endfacet
  facet normal 0.582478 0.812846 -0
    outer loop
      vertex -20.0005 -29.9329 -45
      vertex -21.9154 -28.5607 50
      vertex -20.0005 -29.9329 50
    endloop
  endfacet
  facet normal 0.582478 0.812846 0
    outer loop
      vertex -21.9154 -28.5607 50
      vertex -20.0005 -29.9329 -45
      vertex -21.9154 -28.5607 -45
    endloop
  endfacet
  facet normal -0.290269 -0.956945 0
    outer loop
      vertex 9.31748 34.7733 -45
      vertex 11.5718 34.0895 50
      vertex 9.31748 34.7733 50
    endloop
  endfacet
  facet normal -0.290269 -0.956945 -0
    outer loop
      vertex 11.5718 34.0895 50
      vertex 9.31748 34.7733 -45
      vertex 11.5718 34.0895 -45
    endloop
  endfacet
  facet normal -0.227101 -0.973871 0
    outer loop
      vertex 7.02325 35.3083 -45
      vertex 9.31748 34.7733 50
      vertex 7.02325 35.3083 50
    endloop
  endfacet
  facet normal -0.227101 -0.973871 -0
    outer loop
      vertex 9.31748 34.7733 50
      vertex 7.02325 35.3083 -45
      vertex 9.31748 34.7733 -45
    endloop
  endfacet
  facet normal 0.881921 -0.471397 0
    outer loop
      vertex -32.2874 15.9224 50
      vertex -31.1769 18 -45
      vertex -31.1769 18 50
    endloop
  endfacet
  facet normal 0.881921 -0.471397 0
    outer loop
      vertex -31.1769 18 -45
      vertex -32.2874 15.9224 50
      vertex -32.2874 15.9224 -45
    endloop
  endfacet
  facet normal 0.528071 0.8492 -0
    outer loop
      vertex -18 -31.1769 -45
      vertex -20.0005 -29.9329 50
      vertex -18 -31.1769 50
    endloop
  endfacet
  facet normal 0.528071 0.8492 0
    outer loop
      vertex -20.0005 -29.9329 50
      vertex -18 -31.1769 -45
      vertex -20.0005 -29.9329 -45
    endloop
  endfacet
  facet normal 0.683615 0.729843 -0
    outer loop
      vertex -23.7365 -27.0662 -45
      vertex -25.4558 -25.4558 50
      vertex -23.7365 -27.0662 50
    endloop
  endfacet
  facet normal 0.683615 0.729843 0
    outer loop
      vertex -25.4558 -25.4558 50
      vertex -23.7365 -27.0662 -45
      vertex -25.4558 -25.4558 -45
    endloop
  endfacet
  facet normal 0.35224 0.93591 -0
    outer loop
      vertex -11.5718 -34.0895 -45
      vertex -13.7766 -33.2597 50
      vertex -11.5718 -34.0895 50
    endloop
  endfacet
  facet normal 0.35224 0.93591 0
    outer loop
      vertex -13.7766 -33.2597 50
      vertex -11.5718 -34.0895 -45
      vertex -13.7766 -33.2597 -45
    endloop
  endfacet
  facet normal 0.290269 0.956945 -0
    outer loop
      vertex -9.31748 -34.7733 -45
      vertex -11.5718 -34.0895 50
      vertex -9.31748 -34.7733 50
    endloop
  endfacet
  facet normal 0.290269 0.956945 0
    outer loop
      vertex -11.5718 -34.0895 50
      vertex -9.31748 -34.7733 -45
      vertex -11.5718 -34.0895 -45
    endloop
  endfacet
  facet normal -0.290269 0.956945 0
    outer loop
      vertex 11.5718 -34.0895 -45
      vertex 9.31748 -34.7733 50
      vertex 11.5718 -34.0895 50
    endloop
  endfacet
  facet normal -0.290269 0.956945 0
    outer loop
      vertex 9.31748 -34.7733 50
      vertex 11.5718 -34.0895 -45
      vertex 9.31748 -34.7733 -45
    endloop
  endfacet
  facet normal -0.910856 0.412725 0
    outer loop
      vertex 32.2874 -15.9224 -45
      vertex 33.2597 -13.7766 50
      vertex 33.2597 -13.7766 -45
    endloop
  endfacet
  facet normal -0.910856 0.412725 0
    outer loop
      vertex 33.2597 -13.7766 50
      vertex 32.2874 -15.9224 -45
      vertex 32.2874 -15.9224 50
    endloop
  endfacet
  facet normal 0.634384 -0.773018 0
    outer loop
      vertex -23.7365 27.0662 -45
      vertex -21.9154 28.5607 50
      vertex -23.7365 27.0662 50
    endloop
  endfacet
  facet normal 0.634384 -0.773018 0
    outer loop
      vertex -21.9154 28.5607 50
      vertex -23.7365 27.0662 -45
      vertex -21.9154 28.5607 -45
    endloop
  endfacet
  facet normal -0.93591 0.35224 0
    outer loop
      vertex 33.2597 -13.7766 -45
      vertex 34.0895 -11.5718 -17.5196
      vertex 34.0895 -11.5718 -45
    endloop
  endfacet
  facet normal -0.93591 0.352239 0
    outer loop
      vertex 33.2597 -13.7766 -45
      vertex 34 -11.8096 -9.5
      vertex 34 -11.8096 -17.5
    endloop
  endfacet
  facet normal -0.93591 0.352239 0
    outer loop
      vertex 34 -11.8096 -9.5
      vertex 33.2597 -13.7766 -45
      vertex 34 -11.8096 9.5
    endloop
  endfacet
  facet normal -0.93591 0.352239 0
    outer loop
      vertex 33.2597 -13.7766 50
      vertex 34 -11.8096 9.5
      vertex 33.2597 -13.7766 -45
    endloop
  endfacet
  facet normal -0.935908 0.352245 -4.49596e-07
    outer loop
      vertex 34.0895 -11.5718 -17.5196
      vertex 33.2597 -13.7766 -45
      vertex 34 -11.8096 -17.5
    endloop
  endfacet
  facet normal -0.935908 0.352245 0
    outer loop
      vertex 34 -11.8096 -9.5
      vertex 34.0895 -11.5718 9.51063
      vertex 34.0895 -11.5718 -9.51063
    endloop
  endfacet
  facet normal -0.935908 0.352245 0
    outer loop
      vertex 34.0895 -11.5718 9.51063
      vertex 34 -11.8096 -9.5
      vertex 34 -11.8096 9.5
    endloop
  endfacet
  facet normal -0.935908 0.352245 3.80771e-07
    outer loop
      vertex 33.2597 -13.7766 50
      vertex 34.0895 -11.5718 17.5196
      vertex 34 -11.8096 17.5
    endloop
  endfacet
  facet normal -0.93591 0.352239 0
    outer loop
      vertex 34 -11.8096 9.5
      vertex 33.2597 -13.7766 50
      vertex 34 -11.8096 17.5
    endloop
  endfacet
  facet normal -0.93591 0.35224 0
    outer loop
      vertex 34.0895 -11.5718 17.5196
      vertex 33.2597 -13.7766 50
      vertex 34.0895 -11.5718 50
    endloop
  endfacet
  facet normal 0 0 1
    outer loop
      vertex 35.9229 2.35451 -45
      vertex 35.9229 -2.35451 -45
      vertex 36 0 -45
    endloop
  endfacet
  facet normal 0 0 1
    outer loop
      vertex 35.692 4.69894 -45
      vertex 35.9229 -2.35451 -45
      vertex 35.9229 2.35451 -45
    endloop
  endfacet
  facet normal 0 0 1
    outer loop
      vertex 35.692 4.69894 -45
      vertex 35.692 -4.69894 -45
      vertex 35.9229 -2.35451 -45
    endloop
  endfacet
  facet normal 0 0 1
    outer loop
      vertex 35.3083 7.02325 -45
      vertex 35.692 -4.69894 -45
      vertex 35.692 4.69894 -45
    endloop
  endfacet
  facet normal 0 0 1
    outer loop
      vertex 35.3083 7.02325 -45
      vertex 35.3083 -7.02325 -45
      vertex 35.692 -4.69894 -45
    endloop
  endfacet
  facet normal 0 0 1
    outer loop
      vertex 34.7733 9.31748 -45
      vertex 35.3083 -7.02325 -45
      vertex 35.3083 7.02325 -45
    endloop
  endfacet
  facet normal 0 0 1
    outer loop
      vertex 34.7733 9.31748 -45
      vertex 34.7733 -9.31748 -45
      vertex 35.3083 -7.02325 -45
    endloop
  endfacet
  facet normal 0 0 1
    outer loop
      vertex 34.0895 11.5718 -45
      vertex 34.7733 -9.31748 -45
      vertex 34.7733 9.31748 -45
    endloop
  endfacet
  facet normal 0 0 1
    outer loop
      vertex 34.0895 11.5718 -45
      vertex 34.0895 -11.5718 -45
      vertex 34.7733 -9.31748 -45
    endloop
  endfacet
  facet normal 0 0 1
    outer loop
      vertex 33.2597 13.7766 -45
      vertex 34.0895 -11.5718 -45
      vertex 34.0895 11.5718 -45
    endloop
  endfacet
  facet normal 0 0 1
    outer loop
      vertex 33.2597 13.7766 -45
      vertex 33.2597 -13.7766 -45
      vertex 34.0895 -11.5718 -45
    endloop
  endfacet
  facet normal 0 0 1
    outer loop
      vertex 32.2874 15.9224 -45
      vertex 33.2597 -13.7766 -45
      vertex 33.2597 13.7766 -45
    endloop
  endfacet
  facet normal 0 0 1
    outer loop
      vertex 32.2874 15.9224 -45
      vertex 32.2874 -15.9224 -45
      vertex 33.2597 -13.7766 -45
    endloop
  endfacet
  facet normal 0 0 1
    outer loop
      vertex 31.1769 18 -45
      vertex 32.2874 -15.9224 -45
      vertex 32.2874 15.9224 -45
    endloop
  endfacet
  facet normal 0 0 1
    outer loop
      vertex 31.1769 18 -45
      vertex 31.1769 -18 -45
      vertex 32.2874 -15.9224 -45
    endloop
  endfacet
  facet normal 0 0 1
    outer loop
      vertex 29.9329 20.0005 -45
      vertex 31.1769 -18 -45
      vertex 31.1769 18 -45
    endloop
  endfacet
  facet normal 0 0 1
    outer loop
      vertex 29.9329 20.0005 -45
      vertex 29.9329 -20.0005 -45
      vertex 31.1769 -18 -45
    endloop
  endfacet
  facet normal 0 0 1
    outer loop
      vertex 28.5607 21.9154 -45
      vertex 29.9329 -20.0005 -45
      vertex 29.9329 20.0005 -45
    endloop
  endfacet
  facet normal 0 0 1
    outer loop
      vertex 28.5607 21.9154 -45
      vertex 28.5607 -21.9154 -45
      vertex 29.9329 -20.0005 -45
    endloop
  endfacet
  facet normal 0 0 1
    outer loop
      vertex 27.0662 23.7365 -45
      vertex 28.5607 -21.9154 -45
      vertex 28.5607 21.9154 -45
    endloop
  endfacet
  facet normal 0 0 1
    outer loop
      vertex 27.0662 23.7365 -45
      vertex 27.0662 -23.7365 -45
      vertex 28.5607 -21.9154 -45
    endloop
  endfacet
  facet normal 0 0 1
    outer loop
      vertex 25.4558 25.4558 -45
      vertex 27.0662 -23.7365 -45
      vertex 27.0662 23.7365 -45
    endloop
  endfacet
  facet normal 0 0 1
    outer loop
      vertex 25.4558 25.4558 -45
      vertex 25.4558 -25.4558 -45
      vertex 27.0662 -23.7365 -45
    endloop
  endfacet
  facet normal 0 0 1
    outer loop
      vertex 23.7365 27.0662 -45
      vertex 25.4558 -25.4558 -45
      vertex 25.4558 25.4558 -45
    endloop
  endfacet
  facet normal 0 0 1
    outer loop
      vertex 23.7365 27.0662 -45
      vertex 23.7365 -27.0662 -45
      vertex 25.4558 -25.4558 -45
    endloop
  endfacet
  facet normal 0 0 1
    outer loop
      vertex 21.9154 28.5607 -45
      vertex 23.7365 -27.0662 -45
      vertex 23.7365 27.0662 -45
    endloop
  endfacet
  facet normal 0 0 1
    outer loop
      vertex 21.9154 28.5607 -45
      vertex 21.9154 -28.5607 -45
      vertex 23.7365 -27.0662 -45
    endloop
  endfacet
  facet normal 0 0 1
    outer loop
      vertex 20.0005 29.9329 -45
      vertex 21.9154 -28.5607 -45
      vertex 21.9154 28.5607 -45
    endloop
  endfacet
  facet normal 0 0 1
    outer loop
      vertex 20.0005 29.9329 -45
      vertex 20.0005 -29.9329 -45
      vertex 21.9154 -28.5607 -45
    endloop
  endfacet
  facet normal 0 0 1
    outer loop
      vertex 18 31.1769 -45
      vertex 20.0005 -29.9329 -45
      vertex 20.0005 29.9329 -45
    endloop
  endfacet
  facet normal 0 0 1
    outer loop
      vertex 18 31.1769 -45
      vertex 18 -31.1769 -45
      vertex 20.0005 -29.9329 -45
    endloop
  endfacet
  facet normal 0 0 1
    outer loop
      vertex 15.9224 32.2874 -45
      vertex 18 -31.1769 -45
      vertex 18 31.1769 -45
    endloop
  endfacet
  facet normal 0 0 1
    outer loop
      vertex 15.9224 32.2874 -45
      vertex 15.9224 -32.2874 -45
      vertex 18 -31.1769 -45
    endloop
  endfacet
  facet normal 0 0 1
    outer loop
      vertex 13.7766 33.2597 -45
      vertex 15.9224 -32.2874 -45
      vertex 15.9224 32.2874 -45
    endloop
  endfacet
  facet normal 0 0 1
    outer loop
      vertex 13.7766 33.2597 -45
      vertex 13.7766 -33.2597 -45
      vertex 15.9224 -32.2874 -45
    endloop
  endfacet
  facet normal 0 0 1
    outer loop
      vertex 11.5718 34.0895 -45
      vertex 13.7766 -33.2597 -45
      vertex 13.7766 33.2597 -45
    endloop
  endfacet
  facet normal 0 0 1
    outer loop
      vertex 11.5718 34.0895 -45
      vertex 11.5718 -34.0895 -45
      vertex 13.7766 -33.2597 -45
    endloop
  endfacet
  facet normal 0 0 1
    outer loop
      vertex 9.31748 34.7733 -45
      vertex 11.5718 -34.0895 -45
      vertex 11.5718 34.0895 -45
    endloop
  endfacet
  facet normal 0 0 1
    outer loop
      vertex 9.31748 34.7733 -45
      vertex 9.31748 -34.7733 -45
      vertex 11.5718 -34.0895 -45
    endloop
  endfacet
  facet normal 0 0 1
    outer loop
      vertex 7.02325 35.3083 -45
      vertex 9.31748 -34.7733 -45
      vertex 9.31748 34.7733 -45
    endloop
  endfacet
  facet normal 0 0 1
    outer loop
      vertex 7.02325 35.3083 -45
      vertex 7.02325 -35.3083 -45
      vertex 9.31748 -34.7733 -45
    endloop
  endfacet
  facet normal 0 0 1
    outer loop
      vertex 4.69894 35.692 -45
      vertex 7.02325 -35.3083 -45
      vertex 7.02325 35.3083 -45
    endloop
  endfacet
  facet normal 0 0 1
    outer loop
      vertex 4.69894 35.692 -45
      vertex 4.69894 -35.692 -45
      vertex 7.02325 -35.3083 -45
    endloop
  endfacet
  facet normal 0 0 1
    outer loop
      vertex 2.35451 35.9229 -45
      vertex 4.69894 -35.692 -45
      vertex 4.69894 35.692 -45
    endloop
  endfacet
  facet normal 0 0 1
    outer loop
      vertex 2.35451 35.9229 -45
      vertex 2.35451 -35.9229 -45
      vertex 4.69894 -35.692 -45
    endloop
  endfacet
  facet normal 0 0 1
    outer loop
      vertex 0 36 -45
      vertex 2.35451 -35.9229 -45
      vertex 2.35451 35.9229 -45
    endloop
  endfacet
  facet normal 0 0 1
    outer loop
      vertex 0 36 -45
      vertex 0 -36 -45
      vertex 2.35451 -35.9229 -45
    endloop
  endfacet
  facet normal -0 0 1
    outer loop
      vertex -2.35451 35.9229 -45
      vertex 0 -36 -45
      vertex 0 36 -45
    endloop
  endfacet
  facet normal 0 0 1
    outer loop
      vertex -2.35451 35.9229 -45
      vertex -2.35451 -35.9229 -45
      vertex 0 -36 -45
    endloop
  endfacet
  facet normal -0 0 1
    outer loop
      vertex -4.69894 35.692 -45
      vertex -2.35451 -35.9229 -45
      vertex -2.35451 35.9229 -45
    endloop
  endfacet
  facet normal 0 0 1
    outer loop
      vertex -4.69894 35.692 -45
      vertex -4.69894 -35.692 -45
      vertex -2.35451 -35.9229 -45
    endloop
  endfacet
  facet normal -0 0 1
    outer loop
      vertex -7.02325 35.3083 -45
      vertex -4.69894 -35.692 -45
      vertex -4.69894 35.692 -45
    endloop
  endfacet
  facet normal 0 0 1
    outer loop
      vertex -7.02325 35.3083 -45
      vertex -7.02325 -35.3083 -45
      vertex -4.69894 -35.692 -45
    endloop
  endfacet
  facet normal -0 0 1
    outer loop
      vertex -9.31748 34.7733 -45
      vertex -7.02325 -35.3083 -45
      vertex -7.02325 35.3083 -45
    endloop
  endfacet
  facet normal 0 0 1
    outer loop
      vertex -9.31748 34.7733 -45
      vertex -9.31748 -34.7733 -45
      vertex -7.02325 -35.3083 -45
    endloop
  endfacet
  facet normal -0 0 1
    outer loop
      vertex -11.5718 34.0895 -45
      vertex -9.31748 -34.7733 -45
      vertex -9.31748 34.7733 -45
    endloop
  endfacet
  facet normal 0 0 1
    outer loop
      vertex -11.5718 34.0895 -45
      vertex -11.5718 -34.0895 -45
      vertex -9.31748 -34.7733 -45
    endloop
  endfacet
  facet normal -0 0 1
    outer loop
      vertex -13.7766 33.2597 -45
      vertex -11.5718 -34.0895 -45
      vertex -11.5718 34.0895 -45
    endloop
  endfacet
  facet normal 0 0 1
    outer loop
      vertex -13.7766 33.2597 -45
      vertex -13.7766 -33.2597 -45
      vertex -11.5718 -34.0895 -45
    endloop
  endfacet
  facet normal -0 0 1
    outer loop
      vertex -15.9224 32.2874 -45
      vertex -13.7766 -33.2597 -45
      vertex -13.7766 33.2597 -45
    endloop
  endfacet
  facet normal 0 0 1
    outer loop
      vertex -15.9224 32.2874 -45
      vertex -15.9224 -32.2874 -45
      vertex -13.7766 -33.2597 -45
    endloop
  endfacet
  facet normal -0 0 1
    outer loop
      vertex -18 31.1769 -45
      vertex -15.9224 -32.2874 -45
      vertex -15.9224 32.2874 -45
    endloop
  endfacet
  facet normal 0 0 1
    outer loop
      vertex -18 31.1769 -45
      vertex -18 -31.1769 -45
      vertex -15.9224 -32.2874 -45
    endloop
  endfacet
  facet normal -0 0 1
    outer loop
      vertex -20.0005 29.9329 -45
      vertex -18 -31.1769 -45
      vertex -18 31.1769 -45
    endloop
  endfacet
  facet normal 0 0 1
    outer loop
      vertex -20.0005 29.9329 -45
      vertex -20.0005 -29.9329 -45
      vertex -18 -31.1769 -45
    endloop
  endfacet
  facet normal -0 0 1
    outer loop
      vertex -21.9154 28.5607 -45
      vertex -20.0005 -29.9329 -45
      vertex -20.0005 29.9329 -45
    endloop
  endfacet
  facet normal 0 0 1
    outer loop
      vertex -21.9154 28.5607 -45
      vertex -21.9154 -28.5607 -45
      vertex -20.0005 -29.9329 -45
    endloop
  endfacet
  facet normal -0 0 1
    outer loop
      vertex -23.7365 27.0662 -45
      vertex -21.9154 -28.5607 -45
      vertex -21.9154 28.5607 -45
    endloop
  endfacet
  facet normal 0 0 1
    outer loop
      vertex -23.7365 27.0662 -45
      vertex -23.7365 -27.0662 -45
      vertex -21.9154 -28.5607 -45
    endloop
  endfacet
  facet normal -0 0 1
    outer loop
      vertex -25.4558 25.4558 -45
      vertex -23.7365 -27.0662 -45
      vertex -23.7365 27.0662 -45
    endloop
  endfacet
  facet normal 0 0 1
    outer loop
      vertex -25.4558 25.4558 -45
      vertex -25.4558 -25.4558 -45
      vertex -23.7365 -27.0662 -45
    endloop
  endfacet
  facet normal -0 0 1
    outer loop
      vertex -27.0662 23.7365 -45
      vertex -25.4558 -25.4558 -45
      vertex -25.4558 25.4558 -45
    endloop
  endfacet
  facet normal 0 0 1
    outer loop
      vertex -27.0662 23.7365 -45
      vertex -27.0662 -23.7365 -45
      vertex -25.4558 -25.4558 -45
    endloop
  endfacet
  facet normal -0 0 1
    outer loop
      vertex -28.5607 21.9154 -45
      vertex -27.0662 -23.7365 -45
      vertex -27.0662 23.7365 -45
    endloop
  endfacet
  facet normal 0 0 1
    outer loop
      vertex -28.5607 21.9154 -45
      vertex -28.5607 -21.9154 -45
      vertex -27.0662 -23.7365 -45
    endloop
  endfacet
  facet normal -0 0 1
    outer loop
      vertex -29.9329 20.0005 -45
      vertex -28.5607 -21.9154 -45
      vertex -28.5607 21.9154 -45
    endloop
  endfacet
  facet normal 0 0 1
    outer loop
      vertex -29.9329 20.0005 -45
      vertex -29.9329 -20.0005 -45
      vertex -28.5607 -21.9154 -45
    endloop
  endfacet
  facet normal -0 0 1
    outer loop
      vertex -31.1769 18 -45
      vertex -29.9329 -20.0005 -45
      vertex -29.9329 20.0005 -45
    endloop
  endfacet
  facet normal 0 0 1
    outer loop
      vertex -31.1769 18 -45
      vertex -31.1769 -18 -45
      vertex -29.9329 -20.0005 -45
    endloop
  endfacet
  facet normal -0 0 1
    outer loop
      vertex -32.2874 15.9224 -45
      vertex -31.1769 -18 -45
      vertex -31.1769 18 -45
    endloop
  endfacet
  facet normal 0 0 1
    outer loop
      vertex -32.2874 15.9224 -45
      vertex -32.2874 -15.9224 -45
      vertex -31.1769 -18 -45
    endloop
  endfacet
  facet normal -0 0 1
    outer loop
      vertex -33.2597 13.7766 -45
      vertex -32.2874 -15.9224 -45
      vertex -32.2874 15.9224 -45
    endloop
  endfacet
  facet normal 0 0 1
    outer loop
      vertex -33.2597 13.7766 -45
      vertex -33.2597 -13.7766 -45
      vertex -32.2874 -15.9224 -45
    endloop
  endfacet
  facet normal -0 0 1
    outer loop
      vertex -34.0895 11.5718 -45
      vertex -33.2597 -13.7766 -45
      vertex -33.2597 13.7766 -45
    endloop
  endfacet
  facet normal 0 0 1
    outer loop
      vertex -34.0895 11.5718 -45
      vertex -34.0895 -11.5718 -45
      vertex -33.2597 -13.7766 -45
    endloop
  endfacet
  facet normal -0 0 1
    outer loop
      vertex -34.7733 9.31748 -45
      vertex -34.0895 -11.5718 -45
      vertex -34.0895 11.5718 -45
    endloop
  endfacet
  facet normal 0 0 1
    outer loop
      vertex -34.7733 9.31748 -45
      vertex -34.7733 -9.31748 -45
      vertex -34.0895 -11.5718 -45
    endloop
  endfacet
  facet normal -0 0 1
    outer loop
      vertex -35.3083 7.02325 -45
      vertex -34.7733 -9.31748 -45
      vertex -34.7733 9.31748 -45
    endloop
  endfacet
  facet normal 0 0 1
    outer loop
      vertex -35.3083 7.02325 -45
      vertex -35.3083 -7.02325 -45
      vertex -34.7733 -9.31748 -45
    endloop
  endfacet
  facet normal -0 0 1
    outer loop
      vertex -35.692 4.69894 -45
      vertex -35.3083 -7.02325 -45
      vertex -35.3083 7.02325 -45
    endloop
  endfacet
  facet normal 0 0 1
    outer loop
      vertex -35.692 4.69894 -45
      vertex -35.692 -4.69894 -45
      vertex -35.3083 -7.02325 -45
    endloop
  endfacet
  facet normal -0 0 1
    outer loop
      vertex -35.9229 2.35451 -45
      vertex -35.692 -4.69894 -45
      vertex -35.692 4.69894 -45
    endloop
  endfacet
  facet normal 0 0 1
    outer loop
      vertex -35.9229 2.35451 -45
      vertex -35.9229 -2.35451 -45
      vertex -35.692 -4.69894 -45
    endloop
  endfacet
  facet normal 0 -0 1
    outer loop
      vertex -35.9229 -2.35451 -45
      vertex -35.9229 2.35451 -45
      vertex -36 0 -45
    endloop
  endfacet
  facet normal 0 0.849228 0.528026
    outer loop
      vertex 49 3.4641 -13
      vertex 42 3.32588 -12.7777
      vertex 49 3.32588 -12.7777
    endloop
  endfacet
  facet normal 0 0.849228 0.528026
    outer loop
      vertex 42 3.32588 -12.7777
      vertex 49 3.4641 -13
      vertex 42 3.4641 -13
    endloop
  endfacet
  facet normal 0 0.352249 -0.935906
    outer loop
      vertex 42 1.28576 -18.7877
      vertex 49 1.53073 -18.6955
      vertex 49 1.28576 -18.7877
    endloop
  endfacet
  facet normal 0 0.352249 -0.935906
    outer loop
      vertex 49 1.53073 -18.6955
      vertex 42 1.28576 -18.7877
      vertex 42 1.53073 -18.6955
    endloop
  endfacet
  facet normal 0 -0.683719 -0.729746
    outer loop
      vertex 42 -2.82843 -17.8284
      vertex 49 -2.63738 -18.0074
      vertex 49 -2.82843 -17.8284
    endloop
  endfacet
  facet normal -0 -0.683719 -0.729746
    outer loop
      vertex 49 -2.63738 -18.0074
      vertex 42 -2.82843 -17.8284
      vertex 42 -2.63738 -18.0074
    endloop
  endfacet
  facet normal 0 -0.163125 0.986605
    outer loop
      vertex 42 -0.522104 -11.0342
      vertex 49 -0.780361 -11.0769
      vertex 49 -0.522104 -11.0342
    endloop
  endfacet
  facet normal 0 -0.163125 0.986605
    outer loop
      vertex 49 -0.780361 -11.0769
      vertex 42 -0.522104 -11.0342
      vertex 42 -0.780361 -11.0769
    endloop
  endfacet
  facet normal 0 -0.226936 0.97391
    outer loop
      vertex 42 -0.780361 -11.0769
      vertex 49 -1.03528 -11.1363
      vertex 49 -0.780361 -11.0769
    endloop
  endfacet
  facet normal 0 -0.226936 0.97391
    outer loop
      vertex 49 -1.03528 -11.1363
      vertex 42 -0.780361 -11.0769
      vertex 42 -1.03528 -11.1363
    endloop
  endfacet
  facet normal 0 0.0328554 -0.99946
    outer loop
      vertex 42 0 -19
      vertex 49 0.261612 -18.9914
      vertex 49 0 -19
    endloop
  endfacet
  facet normal 0 0.0328554 -0.99946
    outer loop
      vertex 49 0.261612 -18.9914
      vertex 42 0 -19
      vertex 42 0.261612 -18.9914
    endloop
  endfacet
  facet normal 0 0.0328554 -0.99946
    outer loop
      vertex 40 0 -19
      vertex 40.818 0.261612 -18.9914
      vertex 40.8571 0 -19
    endloop
  endfacet
  facet normal 0 0.0328554 -0.99946
    outer loop
      vertex 40.818 0.261612 -18.9914
      vertex 40 0 -19
      vertex 39.9914 0.261612 -18.9914
    endloop
  endfacet
  facet normal 0 -0.582556 0.81279
    outer loop
      vertex 42 -2.22228 -11.6741
      vertex 49 -2.43505 -11.8266
      vertex 49 -2.22228 -11.6741
    endloop
  endfacet
  facet normal 0 -0.582556 0.81279
    outer loop
      vertex 49 -2.43505 -11.8266
      vertex 42 -2.22228 -11.6741
      vertex 42 -2.43505 -11.8266
    endloop
  endfacet
  facet normal 0 -0.634284 0.7731
    outer loop
      vertex 42 -2.43505 -11.8266
      vertex 49 -2.63738 -11.9926
      vertex 49 -2.43505 -11.8266
    endloop
  endfacet
  facet normal 0 -0.634284 0.7731
    outer loop
      vertex 49 -2.63738 -11.9926
      vertex 42 -2.43505 -11.8266
      vertex 42 -2.63738 -11.9926
    endloop
  endfacet
  facet normal 0 -0.528006 0.849241
    outer loop
      vertex 42 -2 -11.5359
      vertex 49 -2.22228 -11.6741
      vertex 49 -2 -11.5359
    endloop
  endfacet
  facet normal 0 -0.528006 0.849241
    outer loop
      vertex 49 -2.22228 -11.6741
      vertex 42 -2 -11.5359
      vertex 42 -2.22228 -11.6741
    endloop
  endfacet
  facet normal 0 0.582556 -0.81279
    outer loop
      vertex 42 2.22228 -18.3259
      vertex 49 2.43505 -18.1734
      vertex 49 2.22228 -18.3259
    endloop
  endfacet
  facet normal 0 0.582556 -0.81279
    outer loop
      vertex 49 2.43505 -18.1734
      vertex 42 2.22228 -18.3259
      vertex 42 2.43505 -18.1734
    endloop
  endfacet
  facet normal -0 0.290347 0.956922
    outer loop
      vertex 42 1.28576 -11.2123
      vertex 49 1.03528 -11.1363
      vertex 49 1.28576 -11.2123
    endloop
  endfacet
  facet normal 0 0.290347 0.956922
    outer loop
      vertex 49 1.03528 -11.1363
      vertex 42 1.28576 -11.2123
      vertex 42 1.03528 -11.1363
    endloop
  endfacet
  facet normal 0 -0.999465 -0.0327042
    outer loop
      vertex 42 -3.99144 -15.2616
      vertex 49 -4 -15
      vertex 42 -4 -15
    endloop
  endfacet
  facet normal 0 -0.999465 -0.0327042
    outer loop
      vertex 49 -4 -15
      vertex 42 -3.99144 -15.2616
      vertex 49 -3.99144 -15.2616
    endloop
  endfacet
  facet normal 0 0.528006 -0.849241
    outer loop
      vertex 42 2 -18.4641
      vertex 49 2.22228 -18.3259
      vertex 49 2 -18.4641
    endloop
  endfacet
  facet normal 0 0.528006 -0.849241
    outer loop
      vertex 49 2.22228 -18.3259
      vertex 42 2 -18.4641
      vertex 42 2.22228 -18.3259
    endloop
  endfacet
  facet normal 0 0.910911 -0.412603
    outer loop
      vertex 49 3.58749 -16.7692
      vertex 42 3.69552 -16.5307
      vertex 49 3.69552 -16.5307
    endloop
  endfacet
  facet normal 0 0.910911 -0.412603
    outer loop
      vertex 42 3.69552 -16.5307
      vertex 49 3.58749 -16.7692
      vertex 42 3.58749 -16.7692
    endloop
  endfacet
  facet normal 0 0.226936 -0.97391
    outer loop
      vertex 42 0.780361 -18.9231
      vertex 49 1.03528 -18.8637
      vertex 49 0.780361 -18.9231
    endloop
  endfacet
  facet normal 0 0.226936 -0.97391
    outer loop
      vertex 49 1.03528 -18.8637
      vertex 42 0.780361 -18.9231
      vertex 42 1.03528 -18.8637
    endloop
  endfacet
  facet normal 0 0.226936 -0.97391
    outer loop
      vertex 39.9745 0.780361 -18.9231
      vertex 40.2341 1.03528 -18.8637
      vertex 40.5058 0.780361 -18.9231
    endloop
  endfacet
  facet normal 0 0.226936 -0.97391
    outer loop
      vertex 40.2341 1.03528 -18.8637
      vertex 39.9745 0.780361 -18.9231
      vertex 39.9661 1.03528 -18.8637
    endloop
  endfacet
  facet normal 0 -0.935873 -0.352338
    outer loop
      vertex 42 -3.69552 -16.5307
      vertex 49 -3.78772 -16.2858
      vertex 42 -3.78772 -16.2858
    endloop
  endfacet
  facet normal 0 -0.935873 -0.352338
    outer loop
      vertex 49 -3.78772 -16.2858
      vertex 42 -3.69552 -16.5307
      vertex 49 -3.69552 -16.5307
    endloop
  endfacet
  facet normal 0 -0.471421 0.881908
    outer loop
      vertex 42 -1.76915 -11.4125
      vertex 49 -2 -11.5359
      vertex 49 -1.76915 -11.4125
    endloop
  endfacet
  facet normal 0 -0.471421 0.881908
    outer loop
      vertex 49 -2 -11.5359
      vertex 42 -1.76915 -11.4125
      vertex 42 -2 -11.5359
    endloop
  endfacet
  facet normal 0 -0.973872 -0.227097
    outer loop
      vertex 42 -3.8637 -16.0353
      vertex 49 -3.92314 -15.7804
      vertex 42 -3.92314 -15.7804
    endloop
  endfacet
  facet normal 0 -0.973872 -0.227097
    outer loop
      vertex 49 -3.92314 -15.7804
      vertex 42 -3.8637 -16.0353
      vertex 49 -3.8637 -16.0353
    endloop
  endfacet
  facet normal 0 0.412622 -0.910902
    outer loop
      vertex 42 1.53073 -18.6955
      vertex 49 1.76915 -18.5875
      vertex 49 1.53073 -18.6955
    endloop
  endfacet
  facet normal 0 0.412622 -0.910902
    outer loop
      vertex 49 1.76915 -18.5875
      vertex 42 1.53073 -18.6955
      vertex 42 1.76915 -18.5875
    endloop
  endfacet
  facet normal 0 -0.773114 -0.634267
    outer loop
      vertex 42 -3.00736 -17.6374
      vertex 49 -3.17341 -17.435
      vertex 42 -3.17341 -17.435
    endloop
  endfacet
  facet normal 0 -0.773114 -0.634267
    outer loop
      vertex 49 -3.17341 -17.435
      vertex 42 -3.00736 -17.6374
      vertex 49 -3.00736 -17.6374
    endloop
  endfacet
  facet normal 0 0.290347 -0.956922
    outer loop
      vertex 42 1.03528 -18.8637
      vertex 49 1.28576 -18.7877
      vertex 49 1.03528 -18.8637
    endloop
  endfacet
  facet normal 0 0.290347 -0.956922
    outer loop
      vertex 49 1.28576 -18.7877
      vertex 42 1.03528 -18.8637
      vertex 42 1.28576 -18.7877
    endloop
  endfacet
  facet normal 0 0.290142 -0.956984
    outer loop
      vertex 39.9661 1.03528 -18.8637
      vertex 39.9596 1.23318 -18.8037
      vertex 40.2341 1.03528 -18.8637
    endloop
  endfacet
  facet normal 0 -0.163125 -0.986605
    outer loop
      vertex 42 -0.780361 -18.9231
      vertex 49 -0.522104 -18.9658
      vertex 49 -0.780361 -18.9231
    endloop
  endfacet
  facet normal -0 -0.163125 -0.986605
    outer loop
      vertex 49 -0.522104 -18.9658
      vertex 42 -0.780361 -18.9231
      vertex 42 -0.522104 -18.9658
    endloop
  endfacet
  facet normal 0 -0.163125 -0.986605
    outer loop
      vertex 40.5058 -0.780361 -18.9231
      vertex 39.9829 -0.522104 -18.9658
      vertex 40.7007 -0.522104 -18.9658
    endloop
  endfacet
  facet normal 0 -0.163125 -0.986605
    outer loop
      vertex 39.9829 -0.522104 -18.9658
      vertex 40.5058 -0.780361 -18.9231
      vertex 39.9745 -0.780361 -18.9231
    endloop
  endfacet
  facet normal 0 0.973872 -0.227097
    outer loop
      vertex 49 3.8637 -16.0353
      vertex 42 3.92314 -15.7804
      vertex 49 3.92314 -15.7804
    endloop
  endfacet
  facet normal 0 0.973872 -0.227097
    outer loop
      vertex 42 3.92314 -15.7804
      vertex 49 3.8637 -16.0353
      vertex 42 3.8637 -16.0353
    endloop
  endfacet
  facet normal 0 -0.910911 -0.412603
    outer loop
      vertex 42 -3.58749 -16.7692
      vertex 49 -3.69552 -16.5307
      vertex 42 -3.69552 -16.5307
    endloop
  endfacet
  facet normal 0 -0.910911 -0.412603
    outer loop
      vertex 49 -3.69552 -16.5307
      vertex 42 -3.58749 -16.7692
      vertex 49 -3.58749 -16.7692
    endloop
  endfacet
  facet normal 0 -0.72979 0.683672
    outer loop
      vertex 42 -3.00736 -12.3626
      vertex 49 -2.82843 -12.1716
      vertex 42 -2.82843 -12.1716
    endloop
  endfacet
  facet normal 0 -0.72979 0.683672
    outer loop
      vertex 49 -2.82843 -12.1716
      vertex 42 -3.00736 -12.3626
      vertex 49 -3.00736 -12.3626
    endloop
  endfacet
  facet normal 0 -0.995184 -0.0980285
    outer loop
      vertex 42 -3.96578 -15.5221
      vertex 49 -3.99144 -15.2616
      vertex 42 -3.99144 -15.2616
    endloop
  endfacet
  facet normal 0 -0.995184 -0.0980285
    outer loop
      vertex 49 -3.99144 -15.2616
      vertex 42 -3.96578 -15.5221
      vertex 49 -3.96578 -15.5221
    endloop
  endfacet
  facet normal 0 -0.773114 0.634267
    outer loop
      vertex 42 -3.17341 -12.565
      vertex 49 -3.00736 -12.3626
      vertex 42 -3.00736 -12.3626
    endloop
  endfacet
  facet normal 0 -0.773114 0.634267
    outer loop
      vertex 49 -3.00736 -12.3626
      vertex 42 -3.17341 -12.565
      vertex 49 -3.17341 -12.565
    endloop
  endfacet
  facet normal 0 -0.471421 -0.881908
    outer loop
      vertex 42 -2 -18.4641
      vertex 49 -1.76915 -18.5875
      vertex 49 -2 -18.4641
    endloop
  endfacet
  facet normal -0 -0.471421 -0.881908
    outer loop
      vertex 49 -1.76915 -18.5875
      vertex 42 -2 -18.4641
      vertex 42 -1.76915 -18.5875
    endloop
  endfacet
  facet normal 0 0.999465 -0.0327042
    outer loop
      vertex 49 3.99144 -15.2616
      vertex 42 4 -15
      vertex 49 4 -15
    endloop
  endfacet
  facet normal 0 0.999465 -0.0327042
    outer loop
      vertex 42 4 -15
      vertex 49 3.99144 -15.2616
      vertex 42 3.99144 -15.2616
    endloop
  endfacet
  facet normal 0 0.773114 0.634267
    outer loop
      vertex 49 3.17341 -12.565
      vertex 42 3.00736 -12.3626
      vertex 49 3.00736 -12.3626
    endloop
  endfacet
  facet normal 0 0.773114 0.634267
    outer loop
      vertex 42 3.00736 -12.3626
      vertex 49 3.17341 -12.565
      vertex 42 3.17341 -12.565
    endloop
  endfacet
  facet normal 0 -0.995184 0.0980285
    outer loop
      vertex 42 -3.99144 -14.7384
      vertex 49 -3.96578 -14.4779
      vertex 42 -3.96578 -14.4779
    endloop
  endfacet
  facet normal 0 -0.995184 0.0980285
    outer loop
      vertex 49 -3.96578 -14.4779
      vertex 42 -3.99144 -14.7384
      vertex 49 -3.99144 -14.7384
    endloop
  endfacet
  facet normal 0 0.0978044 -0.995206
    outer loop
      vertex 42 0.261612 -18.9914
      vertex 49 0.522104 -18.9658
      vertex 49 0.261612 -18.9914
    endloop
  endfacet
  facet normal 0 0.0978044 -0.995206
    outer loop
      vertex 49 0.522104 -18.9658
      vertex 42 0.261612 -18.9914
      vertex 42 0.522104 -18.9658
    endloop
  endfacet
  facet normal 0 0.0978044 -0.995206
    outer loop
      vertex 39.9914 0.261612 -18.9914
      vertex 40.7007 0.522104 -18.9658
      vertex 40.818 0.261612 -18.9914
    endloop
  endfacet
  facet normal 0 0.0978044 -0.995206
    outer loop
      vertex 40.7007 0.522104 -18.9658
      vertex 39.9914 0.261612 -18.9914
      vertex 39.9829 0.522104 -18.9658
    endloop
  endfacet
  facet normal -0 0.226936 0.97391
    outer loop
      vertex 42 1.03528 -11.1363
      vertex 49 0.780361 -11.0769
      vertex 49 1.03528 -11.1363
    endloop
  endfacet
  facet normal 0 0.226936 0.97391
    outer loop
      vertex 49 0.780361 -11.0769
      vertex 42 1.03528 -11.1363
      vertex 42 0.780361 -11.0769
    endloop
  endfacet
  facet normal -0 0.528006 0.849241
    outer loop
      vertex 42 2.22228 -11.6741
      vertex 49 2 -11.5359
      vertex 49 2.22228 -11.6741
    endloop
  endfacet
  facet normal 0 0.528006 0.849241
    outer loop
      vertex 49 2 -11.5359
      vertex 42 2.22228 -11.6741
      vertex 42 2 -11.5359
    endloop
  endfacet
  facet normal 0 -0.290347 -0.956922
    outer loop
      vertex 42 -1.28576 -18.7877
      vertex 49 -1.03528 -18.8637
      vertex 49 -1.28576 -18.7877
    endloop
  endfacet
  facet normal -0 -0.290347 -0.956922
    outer loop
      vertex 49 -1.03528 -18.8637
      vertex 42 -1.28576 -18.7877
      vertex 42 -1.03528 -18.8637
    endloop
  endfacet
  facet normal -0 -0.290142 -0.956984
    outer loop
      vertex 40.2341 -1.03528 -18.8637
      vertex 39.9596 -1.23318 -18.8037
      vertex 39.9661 -1.03528 -18.8637
    endloop
  endfacet
  facet normal -0 0.683719 0.729746
    outer loop
      vertex 42 2.82843 -12.1716
      vertex 49 2.63738 -11.9926
      vertex 49 2.82843 -12.1716
    endloop
  endfacet
  facet normal 0 0.683719 0.729746
    outer loop
      vertex 49 2.63738 -11.9926
      vertex 42 2.82843 -12.1716
      vertex 42 2.63738 -11.9926
    endloop
  endfacet
  facet normal 0 0.773114 -0.634267
    outer loop
      vertex 49 3.00736 -17.6374
      vertex 42 3.17341 -17.435
      vertex 49 3.17341 -17.435
    endloop
  endfacet
  facet normal 0 0.773114 -0.634267
    outer loop
      vertex 42 3.17341 -17.435
      vertex 49 3.00736 -17.6374
      vertex 42 3.00736 -17.6374
    endloop
  endfacet
  facet normal 1 0 0
    outer loop
      vertex 49 3.99144 -14.7384
      vertex 49 3.99144 -15.2616
      vertex 49 4 -15
    endloop
  endfacet
  facet normal 1 0 0
    outer loop
      vertex 49 3.96578 -14.4779
      vertex 49 3.99144 -15.2616
      vertex 49 3.99144 -14.7384
    endloop
  endfacet
  facet normal 1 0 0
    outer loop
      vertex 49 3.96578 -14.4779
      vertex 49 3.96578 -15.5221
      vertex 49 3.99144 -15.2616
    endloop
  endfacet
  facet normal 1 0 0
    outer loop
      vertex 49 3.92314 -14.2196
      vertex 49 3.96578 -15.5221
      vertex 49 3.96578 -14.4779
    endloop
  endfacet
  facet normal 1 0 0
    outer loop
      vertex 49 3.92314 -14.2196
      vertex 49 3.92314 -15.7804
      vertex 49 3.96578 -15.5221
    endloop
  endfacet
  facet normal 1 0 0
    outer loop
      vertex 49 3.8637 -13.9647
      vertex 49 3.92314 -15.7804
      vertex 49 3.92314 -14.2196
    endloop
  endfacet
  facet normal 1 0 0
    outer loop
      vertex 49 3.8637 -13.9647
      vertex 49 3.8637 -16.0353
      vertex 49 3.92314 -15.7804
    endloop
  endfacet
  facet normal 1 0 0
    outer loop
      vertex 49 3.78772 -13.7142
      vertex 49 3.8637 -16.0353
      vertex 49 3.8637 -13.9647
    endloop
  endfacet
  facet normal 1 0 0
    outer loop
      vertex 49 3.78772 -13.7142
      vertex 49 3.78772 -16.2858
      vertex 49 3.8637 -16.0353
    endloop
  endfacet
  facet normal 1 0 0
    outer loop
      vertex 49 3.69552 -13.4693
      vertex 49 3.78772 -16.2858
      vertex 49 3.78772 -13.7142
    endloop
  endfacet
  facet normal 1 0 0
    outer loop
      vertex 49 3.69552 -13.4693
      vertex 49 3.69552 -16.5307
      vertex 49 3.78772 -16.2858
    endloop
  endfacet
  facet normal 1 0 0
    outer loop
      vertex 49 3.58749 -13.2308
      vertex 49 3.69552 -16.5307
      vertex 49 3.69552 -13.4693
    endloop
  endfacet
  facet normal 1 0 0
    outer loop
      vertex 49 3.58749 -13.2308
      vertex 49 3.58749 -16.7692
      vertex 49 3.69552 -16.5307
    endloop
  endfacet
  facet normal 1 0 0
    outer loop
      vertex 49 3.4641 -13
      vertex 49 3.58749 -16.7692
      vertex 49 3.58749 -13.2308
    endloop
  endfacet
  facet normal 1 0 0
    outer loop
      vertex 49 3.4641 -13
      vertex 49 3.4641 -17
      vertex 49 3.58749 -16.7692
    endloop
  endfacet
  facet normal 1 0 0
    outer loop
      vertex 49 3.32588 -12.7777
      vertex 49 3.4641 -17
      vertex 49 3.4641 -13
    endloop
  endfacet
  facet normal 1 0 0
    outer loop
      vertex 49 3.32588 -12.7777
      vertex 49 3.32588 -17.2223
      vertex 49 3.4641 -17
    endloop
  endfacet
  facet normal 1 0 0
    outer loop
      vertex 49 3.17341 -12.565
      vertex 49 3.32588 -17.2223
      vertex 49 3.32588 -12.7777
    endloop
  endfacet
  facet normal 1 0 0
    outer loop
      vertex 49 3.17341 -12.565
      vertex 49 3.17341 -17.435
      vertex 49 3.32588 -17.2223
    endloop
  endfacet
  facet normal 1 0 0
    outer loop
      vertex 49 3.00736 -12.3626
      vertex 49 3.17341 -17.435
      vertex 49 3.17341 -12.565
    endloop
  endfacet
  facet normal 1 0 0
    outer loop
      vertex 49 3.00736 -12.3626
      vertex 49 3.00736 -17.6374
      vertex 49 3.17341 -17.435
    endloop
  endfacet
  facet normal 1 0 0
    outer loop
      vertex 49 2.82843 -12.1716
      vertex 49 3.00736 -17.6374
      vertex 49 3.00736 -12.3626
    endloop
  endfacet
  facet normal 1 0 0
    outer loop
      vertex 49 2.82843 -12.1716
      vertex 49 2.82843 -17.8284
      vertex 49 3.00736 -17.6374
    endloop
  endfacet
  facet normal 1 0 0
    outer loop
      vertex 49 2.63738 -11.9926
      vertex 49 2.82843 -17.8284
      vertex 49 2.82843 -12.1716
    endloop
  endfacet
  facet normal 1 0 0
    outer loop
      vertex 49 2.63738 -11.9926
      vertex 49 2.63738 -18.0074
      vertex 49 2.82843 -17.8284
    endloop
  endfacet
  facet normal 1 0 0
    outer loop
      vertex 49 2.43505 -11.8266
      vertex 49 2.63738 -18.0074
      vertex 49 2.63738 -11.9926
    endloop
  endfacet
  facet normal 1 0 0
    outer loop
      vertex 49 2.43505 -11.8266
      vertex 49 2.43505 -18.1734
      vertex 49 2.63738 -18.0074
    endloop
  endfacet
  facet normal 1 0 0
    outer loop
      vertex 49 2.22228 -11.6741
      vertex 49 2.43505 -18.1734
      vertex 49 2.43505 -11.8266
    endloop
  endfacet
  facet normal 1 0 0
    outer loop
      vertex 49 2.22228 -11.6741
      vertex 49 2.22228 -18.3259
      vertex 49 2.43505 -18.1734
    endloop
  endfacet
  facet normal 1 0 0
    outer loop
      vertex 49 2 -11.5359
      vertex 49 2.22228 -18.3259
      vertex 49 2.22228 -11.6741
    endloop
  endfacet
  facet normal 1 0 0
    outer loop
      vertex 49 2 -11.5359
      vertex 49 2 -18.4641
      vertex 49 2.22228 -18.3259
    endloop
  endfacet
  facet normal 1 0 0
    outer loop
      vertex 49 1.76915 -11.4125
      vertex 49 2 -18.4641
      vertex 49 2 -11.5359
    endloop
  endfacet
  facet normal 1 0 0
    outer loop
      vertex 49 1.76915 -11.4125
      vertex 49 1.76915 -18.5875
      vertex 49 2 -18.4641
    endloop
  endfacet
  facet normal 1 0 0
    outer loop
      vertex 49 1.53073 -11.3045
      vertex 49 1.76915 -18.5875
      vertex 49 1.76915 -11.4125
    endloop
  endfacet
  facet normal 1 0 0
    outer loop
      vertex 49 1.53073 -11.3045
      vertex 49 1.53073 -18.6955
      vertex 49 1.76915 -18.5875
    endloop
  endfacet
  facet normal 1 0 0
    outer loop
      vertex 49 1.28576 -11.2123
      vertex 49 1.53073 -18.6955
      vertex 49 1.53073 -11.3045
    endloop
  endfacet
  facet normal 1 0 0
    outer loop
      vertex 49 1.28576 -11.2123
      vertex 49 1.28576 -18.7877
      vertex 49 1.53073 -18.6955
    endloop
  endfacet
  facet normal 1 0 0
    outer loop
      vertex 49 1.03528 -11.1363
      vertex 49 1.28576 -18.7877
      vertex 49 1.28576 -11.2123
    endloop
  endfacet
  facet normal 1 0 0
    outer loop
      vertex 49 1.03528 -11.1363
      vertex 49 1.03528 -18.8637
      vertex 49 1.28576 -18.7877
    endloop
  endfacet
  facet normal 1 0 0
    outer loop
      vertex 49 0.780361 -11.0769
      vertex 49 1.03528 -18.8637
      vertex 49 1.03528 -11.1363
    endloop
  endfacet
  facet normal 1 0 0
    outer loop
      vertex 49 0.780361 -11.0769
      vertex 49 0.780361 -18.9231
      vertex 49 1.03528 -18.8637
    endloop
  endfacet
  facet normal 1 0 0
    outer loop
      vertex 49 0.522104 -11.0342
      vertex 49 0.780361 -18.9231
      vertex 49 0.780361 -11.0769
    endloop
  endfacet
  facet normal 1 0 0
    outer loop
      vertex 49 0.522104 -11.0342
      vertex 49 0.522104 -18.9658
      vertex 49 0.780361 -18.9231
    endloop
  endfacet
  facet normal 1 0 0
    outer loop
      vertex 49 0.261612 -11.0086
      vertex 49 0.522104 -18.9658
      vertex 49 0.522104 -11.0342
    endloop
  endfacet
  facet normal 1 0 0
    outer loop
      vertex 49 0.261612 -11.0086
      vertex 49 0.261612 -18.9914
      vertex 49 0.522104 -18.9658
    endloop
  endfacet
  facet normal 1 0 0
    outer loop
      vertex 49 0 -11
      vertex 49 0.261612 -18.9914
      vertex 49 0.261612 -11.0086
    endloop
  endfacet
  facet normal 1 0 0
    outer loop
      vertex 49 0 -11
      vertex 49 0 -19
      vertex 49 0.261612 -18.9914
    endloop
  endfacet
  facet normal 1 -0 0
    outer loop
      vertex 49 -0.261612 -11.0086
      vertex 49 0 -19
      vertex 49 0 -11
    endloop
  endfacet
  facet normal 1 0 0
    outer loop
      vertex 49 -0.261612 -11.0086
      vertex 49 -0.261612 -18.9914
      vertex 49 0 -19
    endloop
  endfacet
  facet normal 1 -0 0
    outer loop
      vertex 49 -0.522104 -11.0342
      vertex 49 -0.261612 -18.9914
      vertex 49 -0.261612 -11.0086
    endloop
  endfacet
  facet normal 1 0 0
    outer loop
      vertex 49 -0.522104 -11.0342
      vertex 49 -0.522104 -18.9658
      vertex 49 -0.261612 -18.9914
    endloop
  endfacet
  facet normal 1 -0 0
    outer loop
      vertex 49 -0.780361 -11.0769
      vertex 49 -0.522104 -18.9658
      vertex 49 -0.522104 -11.0342
    endloop
  endfacet
  facet normal 1 0 0
    outer loop
      vertex 49 -0.780361 -11.0769
      vertex 49 -0.780361 -18.9231
      vertex 49 -0.522104 -18.9658
    endloop
  endfacet
  facet normal 1 -0 0
    outer loop
      vertex 49 -1.03528 -11.1363
      vertex 49 -0.780361 -18.9231
      vertex 49 -0.780361 -11.0769
    endloop
  endfacet
  facet normal 1 0 0
    outer loop
      vertex 49 -1.03528 -11.1363
      vertex 49 -1.03528 -18.8637
      vertex 49 -0.780361 -18.9231
    endloop
  endfacet
  facet normal 1 -0 0
    outer loop
      vertex 49 -1.28576 -11.2123
      vertex 49 -1.03528 -18.8637
      vertex 49 -1.03528 -11.1363
    endloop
  endfacet
  facet normal 1 0 0
    outer loop
      vertex 49 -1.28576 -11.2123
      vertex 49 -1.28576 -18.7877
      vertex 49 -1.03528 -18.8637
    endloop
  endfacet
  facet normal 1 -0 0
    outer loop
      vertex 49 -1.53073 -11.3045
      vertex 49 -1.28576 -18.7877
      vertex 49 -1.28576 -11.2123
    endloop
  endfacet
  facet normal 1 0 0
    outer loop
      vertex 49 -1.53073 -11.3045
      vertex 49 -1.53073 -18.6955
      vertex 49 -1.28576 -18.7877
    endloop
  endfacet
  facet normal 1 -0 0
    outer loop
      vertex 49 -1.76915 -11.4125
      vertex 49 -1.53073 -18.6955
      vertex 49 -1.53073 -11.3045
    endloop
  endfacet
  facet normal 1 0 0
    outer loop
      vertex 49 -1.76915 -11.4125
      vertex 49 -1.76915 -18.5875
      vertex 49 -1.53073 -18.6955
    endloop
  endfacet
  facet normal 1 -0 0
    outer loop
      vertex 49 -2 -11.5359
      vertex 49 -1.76915 -18.5875
      vertex 49 -1.76915 -11.4125
    endloop
  endfacet
  facet normal 1 0 0
    outer loop
      vertex 49 -2 -11.5359
      vertex 49 -2 -18.4641
      vertex 49 -1.76915 -18.5875
    endloop
  endfacet
  facet normal 1 -0 0
    outer loop
      vertex 49 -2.22228 -11.6741
      vertex 49 -2 -18.4641
      vertex 49 -2 -11.5359
    endloop
  endfacet
  facet normal 1 0 0
    outer loop
      vertex 49 -2.22228 -11.6741
      vertex 49 -2.22228 -18.3259
      vertex 49 -2 -18.4641
    endloop
  endfacet
  facet normal 1 -0 0
    outer loop
      vertex 49 -2.43505 -11.8266
      vertex 49 -2.22228 -18.3259
      vertex 49 -2.22228 -11.6741
    endloop
  endfacet
  facet normal 1 0 0
    outer loop
      vertex 49 -2.43505 -11.8266
      vertex 49 -2.43505 -18.1734
      vertex 49 -2.22228 -18.3259
    endloop
  endfacet
  facet normal 1 -0 0
    outer loop
      vertex 49 -2.63738 -11.9926
      vertex 49 -2.43505 -18.1734
      vertex 49 -2.43505 -11.8266
    endloop
  endfacet
  facet normal 1 0 0
    outer loop
      vertex 49 -2.63738 -11.9926
      vertex 49 -2.63738 -18.0074
      vertex 49 -2.43505 -18.1734
    endloop
  endfacet
  facet normal 1 -0 0
    outer loop
      vertex 49 -2.82843 -12.1716
      vertex 49 -2.63738 -18.0074
      vertex 49 -2.63738 -11.9926
    endloop
  endfacet
  facet normal 1 0 0
    outer loop
      vertex 49 -2.82843 -12.1716
      vertex 49 -2.82843 -17.8284
      vertex 49 -2.63738 -18.0074
    endloop
  endfacet
  facet normal 1 -0 0
    outer loop
      vertex 49 -3.00736 -12.3626
      vertex 49 -2.82843 -17.8284
      vertex 49 -2.82843 -12.1716
    endloop
  endfacet
  facet normal 1 0 0
    outer loop
      vertex 49 -3.00736 -12.3626
      vertex 49 -3.00736 -17.6374
      vertex 49 -2.82843 -17.8284
    endloop
  endfacet
  facet normal 1 -0 0
    outer loop
      vertex 49 -3.17341 -12.565
      vertex 49 -3.00736 -17.6374
      vertex 49 -3.00736 -12.3626
    endloop
  endfacet
  facet normal 1 0 0
    outer loop
      vertex 49 -3.17341 -12.565
      vertex 49 -3.17341 -17.435
      vertex 49 -3.00736 -17.6374
    endloop
  endfacet
  facet normal 1 -0 0
    outer loop
      vertex 49 -3.32588 -12.7777
      vertex 49 -3.17341 -17.435
      vertex 49 -3.17341 -12.565
    endloop
  endfacet
  facet normal 1 0 0
    outer loop
      vertex 49 -3.32588 -12.7777
      vertex 49 -3.32588 -17.2223
      vertex 49 -3.17341 -17.435
    endloop
  endfacet
  facet normal 1 -0 0
    outer loop
      vertex 49 -3.4641 -13
      vertex 49 -3.32588 -17.2223
      vertex 49 -3.32588 -12.7777
    endloop
  endfacet
  facet normal 1 0 0
    outer loop
      vertex 49 -3.4641 -13
      vertex 49 -3.4641 -17
      vertex 49 -3.32588 -17.2223
    endloop
  endfacet
  facet normal 1 -0 0
    outer loop
      vertex 49 -3.58749 -13.2308
      vertex 49 -3.4641 -17
      vertex 49 -3.4641 -13
    endloop
  endfacet
  facet normal 1 0 0
    outer loop
      vertex 49 -3.58749 -13.2308
      vertex 49 -3.58749 -16.7692
      vertex 49 -3.4641 -17
    endloop
  endfacet
  facet normal 1 -0 0
    outer loop
      vertex 49 -3.69552 -13.4693
      vertex 49 -3.58749 -16.7692
      vertex 49 -3.58749 -13.2308
    endloop
  endfacet
  facet normal 1 0 0
    outer loop
      vertex 49 -3.69552 -13.4693
      vertex 49 -3.69552 -16.5307
      vertex 49 -3.58749 -16.7692
    endloop
  endfacet
  facet normal 1 -0 0
    outer loop
      vertex 49 -3.78772 -13.7142
      vertex 49 -3.69552 -16.5307
      vertex 49 -3.69552 -13.4693
    endloop
  endfacet
  facet normal 1 0 0
    outer loop
      vertex 49 -3.78772 -13.7142
      vertex 49 -3.78772 -16.2858
      vertex 49 -3.69552 -16.5307
    endloop
  endfacet
  facet normal 1 -0 0
    outer loop
      vertex 49 -3.8637 -13.9647
      vertex 49 -3.78772 -16.2858
      vertex 49 -3.78772 -13.7142
    endloop
  endfacet
  facet normal 1 0 0
    outer loop
      vertex 49 -3.8637 -13.9647
      vertex 49 -3.8637 -16.0353
      vertex 49 -3.78772 -16.2858
    endloop
  endfacet
  facet normal 1 -0 0
    outer loop
      vertex 49 -3.92314 -14.2196
      vertex 49 -3.8637 -16.0353
      vertex 49 -3.8637 -13.9647
    endloop
  endfacet
  facet normal 1 0 0
    outer loop
      vertex 49 -3.92314 -14.2196
      vertex 49 -3.92314 -15.7804
      vertex 49 -3.8637 -16.0353
    endloop
  endfacet
  facet normal 1 -0 0
    outer loop
      vertex 49 -3.96578 -14.4779
      vertex 49 -3.92314 -15.7804
      vertex 49 -3.92314 -14.2196
    endloop
  endfacet
  facet normal 1 0 0
    outer loop
      vertex 49 -3.96578 -14.4779
      vertex 49 -3.96578 -15.5221
      vertex 49 -3.92314 -15.7804
    endloop
  endfacet
  facet normal 1 -0 0
    outer loop
      vertex 49 -3.99144 -14.7384
      vertex 49 -3.96578 -15.5221
      vertex 49 -3.96578 -14.4779
    endloop
  endfacet
  facet normal 1 0 0
    outer loop
      vertex 49 -3.99144 -14.7384
      vertex 49 -3.99144 -15.2616
      vertex 49 -3.96578 -15.5221
    endloop
  endfacet
  facet normal 1 0 -0
    outer loop
      vertex 49 -3.99144 -15.2616
      vertex 49 -3.99144 -14.7384
      vertex 49 -4 -15
    endloop
  endfacet
  facet normal -0 0.582556 0.81279
    outer loop
      vertex 42 2.43505 -11.8266
      vertex 49 2.22228 -11.6741
      vertex 49 2.43505 -11.8266
    endloop
  endfacet
  facet normal 0 0.582556 0.81279
    outer loop
      vertex 49 2.22228 -11.6741
      vertex 42 2.43505 -11.8266
      vertex 42 2.22228 -11.6741
    endloop
  endfacet
  facet normal 0 0.973872 0.227097
    outer loop
      vertex 49 3.92314 -14.2196
      vertex 42 3.8637 -13.9647
      vertex 49 3.8637 -13.9647
    endloop
  endfacet
  facet normal 0 0.973872 0.227097
    outer loop
      vertex 42 3.8637 -13.9647
      vertex 49 3.92314 -14.2196
      vertex 42 3.92314 -14.2196
    endloop
  endfacet
  facet normal 0 0.999465 0.0327042
    outer loop
      vertex 49 4 -15
      vertex 42 3.99144 -14.7384
      vertex 49 3.99144 -14.7384
    endloop
  endfacet
  facet normal 0 0.999465 0.0327042
    outer loop
      vertex 42 3.99144 -14.7384
      vertex 49 4 -15
      vertex 42 4 -15
    endloop
  endfacet
  facet normal 0 -0.352249 -0.935906
    outer loop
      vertex 42 -1.53073 -18.6955
      vertex 49 -1.28576 -18.7877
      vertex 49 -1.53073 -18.6955
    endloop
  endfacet
  facet normal -0 -0.352249 -0.935906
    outer loop
      vertex 49 -1.28576 -18.7877
      vertex 42 -1.53073 -18.6955
      vertex 42 -1.28576 -18.7877
    endloop
  endfacet
  facet normal 0 0.935873 -0.352338
    outer loop
      vertex 49 3.69552 -16.5307
      vertex 42 3.78772 -16.2858
      vertex 49 3.78772 -16.2858
    endloop
  endfacet
  facet normal 0 0.935873 -0.352338
    outer loop
      vertex 42 3.78772 -16.2858
      vertex 49 3.69552 -16.5307
      vertex 42 3.69552 -16.5307
    endloop
  endfacet
  facet normal 0 -0.226936 -0.97391
    outer loop
      vertex 42 -1.03528 -18.8637
      vertex 49 -0.780361 -18.9231
      vertex 49 -1.03528 -18.8637
    endloop
  endfacet
  facet normal -0 -0.226936 -0.97391
    outer loop
      vertex 49 -0.780361 -18.9231
      vertex 42 -1.03528 -18.8637
      vertex 42 -0.780361 -18.9231
    endloop
  endfacet
  facet normal 0 -0.226936 -0.97391
    outer loop
      vertex 40.2341 -1.03528 -18.8637
      vertex 39.9745 -0.780361 -18.9231
      vertex 40.5058 -0.780361 -18.9231
    endloop
  endfacet
  facet normal 0 -0.226936 -0.97391
    outer loop
      vertex 39.9745 -0.780361 -18.9231
      vertex 40.2341 -1.03528 -18.8637
      vertex 39.9661 -1.03528 -18.8637
    endloop
  endfacet
  facet normal 0 -0.986647 -0.162875
    outer loop
      vertex 42 -3.92314 -15.7804
      vertex 49 -3.96578 -15.5221
      vertex 42 -3.96578 -15.5221
    endloop
  endfacet
  facet normal 0 -0.986647 -0.162875
    outer loop
      vertex 49 -3.96578 -15.5221
      vertex 42 -3.92314 -15.7804
      vertex 49 -3.92314 -15.7804
    endloop
  endfacet
  facet normal 0 0.910911 0.412603
    outer loop
      vertex 49 3.69552 -13.4693
      vertex 42 3.58749 -13.2308
      vertex 49 3.58749 -13.2308
    endloop
  endfacet
  facet normal 0 0.910911 0.412603
    outer loop
      vertex 42 3.58749 -13.2308
      vertex 49 3.69552 -13.4693
      vertex 42 3.69552 -13.4693
    endloop
  endfacet
  facet normal 0 0.471421 -0.881908
    outer loop
      vertex 42 1.76915 -18.5875
      vertex 49 2 -18.4641
      vertex 49 1.76915 -18.5875
    endloop
  endfacet
  facet normal 0 0.471421 -0.881908
    outer loop
      vertex 49 2 -18.4641
      vertex 42 1.76915 -18.5875
      vertex 42 2 -18.4641
    endloop
  endfacet
  facet normal 0 0.72979 -0.683672
    outer loop
      vertex 49 2.82843 -17.8284
      vertex 42 3.00736 -17.6374
      vertex 49 3.00736 -17.6374
    endloop
  endfacet
  facet normal 0 0.72979 -0.683672
    outer loop
      vertex 42 3.00736 -17.6374
      vertex 49 2.82843 -17.8284
      vertex 42 2.82843 -17.8284
    endloop
  endfacet
  facet normal 0 0.812754 0.582607
    outer loop
      vertex 49 3.32588 -12.7777
      vertex 42 3.17341 -12.565
      vertex 49 3.17341 -12.565
    endloop
  endfacet
  facet normal 0 0.812754 0.582607
    outer loop
      vertex 42 3.17341 -12.565
      vertex 49 3.32588 -12.7777
      vertex 42 3.32588 -12.7777
    endloop
  endfacet
  facet normal 0 0.683719 -0.729746
    outer loop
      vertex 42 2.63738 -18.0074
      vertex 49 2.82843 -17.8284
      vertex 49 2.63738 -18.0074
    endloop
  endfacet
  facet normal 0 0.683719 -0.729746
    outer loop
      vertex 49 2.82843 -17.8284
      vertex 42 2.63738 -18.0074
      vertex 42 2.82843 -17.8284
    endloop
  endfacet
  facet normal 0 -0.634284 -0.7731
    outer loop
      vertex 42 -2.63738 -18.0074
      vertex 49 -2.43505 -18.1734
      vertex 49 -2.63738 -18.0074
    endloop
  endfacet
  facet normal -0 -0.634284 -0.7731
    outer loop
      vertex 49 -2.43505 -18.1734
      vertex 42 -2.63738 -18.0074
      vertex 42 -2.43505 -18.1734
    endloop
  endfacet
  facet normal 0 0.995184 0.0980285
    outer loop
      vertex 49 3.99144 -14.7384
      vertex 42 3.96578 -14.4779
      vertex 49 3.96578 -14.4779
    endloop
  endfacet
  facet normal 0 0.995184 0.0980285
    outer loop
      vertex 42 3.96578 -14.4779
      vertex 49 3.99144 -14.7384
      vertex 42 3.99144 -14.7384
    endloop
  endfacet
  facet normal 0 -0.683719 0.729746
    outer loop
      vertex 42 -2.63738 -11.9926
      vertex 49 -2.82843 -12.1716
      vertex 49 -2.63738 -11.9926
    endloop
  endfacet
  facet normal 0 -0.683719 0.729746
    outer loop
      vertex 49 -2.82843 -12.1716
      vertex 42 -2.63738 -11.9926
      vertex 42 -2.82843 -12.1716
    endloop
  endfacet
  facet normal 0 -0.986647 0.162875
    outer loop
      vertex 42 -3.96578 -14.4779
      vertex 49 -3.92314 -14.2196
      vertex 42 -3.92314 -14.2196
    endloop
  endfacet
  facet normal 0 -0.986647 0.162875
    outer loop
      vertex 49 -3.92314 -14.2196
      vertex 42 -3.96578 -14.4779
      vertex 49 -3.96578 -14.4779
    endloop
  endfacet
  facet normal 0 -0.0978044 -0.995206
    outer loop
      vertex 42 -0.522104 -18.9658
      vertex 49 -0.261612 -18.9914
      vertex 49 -0.522104 -18.9658
    endloop
  endfacet
  facet normal -0 -0.0978044 -0.995206
    outer loop
      vertex 49 -0.261612 -18.9914
      vertex 42 -0.522104 -18.9658
      vertex 42 -0.261612 -18.9914
    endloop
  endfacet
  facet normal 0 -0.0978044 -0.995206
    outer loop
      vertex 40.7007 -0.522104 -18.9658
      vertex 39.9914 -0.261612 -18.9914
      vertex 40.818 -0.261612 -18.9914
    endloop
  endfacet
  facet normal 0 -0.0978044 -0.995206
    outer loop
      vertex 39.9914 -0.261612 -18.9914
      vertex 40.7007 -0.522104 -18.9658
      vertex 39.9829 -0.522104 -18.9658
    endloop
  endfacet
  facet normal 0 -0.0328554 -0.99946
    outer loop
      vertex 42 -0.261612 -18.9914
      vertex 49 0 -19
      vertex 49 -0.261612 -18.9914
    endloop
  endfacet
  facet normal -0 -0.0328554 -0.99946
    outer loop
      vertex 49 0 -19
      vertex 42 -0.261612 -18.9914
      vertex 42 0 -19
    endloop
  endfacet
  facet normal 0 -0.0328554 -0.99946
    outer loop
      vertex 40.818 -0.261612 -18.9914
      vertex 40 0 -19
      vertex 40.8571 0 -19
    endloop
  endfacet
  facet normal 0 -0.0328554 -0.99946
    outer loop
      vertex 40 0 -19
      vertex 40.818 -0.261612 -18.9914
      vertex 39.9914 -0.261612 -18.9914
    endloop
  endfacet
  facet normal 0 -0.412622 0.910902
    outer loop
      vertex 42 -1.53073 -11.3045
      vertex 49 -1.76915 -11.4125
      vertex 49 -1.53073 -11.3045
    endloop
  endfacet
  facet normal 0 -0.412622 0.910902
    outer loop
      vertex 49 -1.76915 -11.4125
      vertex 42 -1.53073 -11.3045
      vertex 42 -1.76915 -11.4125
    endloop
  endfacet
  facet normal 0 0.634284 -0.7731
    outer loop
      vertex 42 2.43505 -18.1734
      vertex 49 2.63738 -18.0074
      vertex 49 2.43505 -18.1734
    endloop
  endfacet
  facet normal 0 0.634284 -0.7731
    outer loop
      vertex 49 2.63738 -18.0074
      vertex 42 2.43505 -18.1734
      vertex 42 2.63738 -18.0074
    endloop
  endfacet
  facet normal 0 0.986647 0.162875
    outer loop
      vertex 49 3.96578 -14.4779
      vertex 42 3.92314 -14.2196
      vertex 49 3.92314 -14.2196
    endloop
  endfacet
  facet normal 0 0.986647 0.162875
    outer loop
      vertex 42 3.92314 -14.2196
      vertex 49 3.96578 -14.4779
      vertex 42 3.96578 -14.4779
    endloop
  endfacet
  facet normal 0 -0.0978044 0.995206
    outer loop
      vertex 42 -0.261612 -11.0086
      vertex 49 -0.522104 -11.0342
      vertex 49 -0.261612 -11.0086
    endloop
  endfacet
  facet normal 0 -0.0978044 0.995206
    outer loop
      vertex 49 -0.522104 -11.0342
      vertex 42 -0.261612 -11.0086
      vertex 42 -0.522104 -11.0342
    endloop
  endfacet
  facet normal 0 -0.956949 0.290255
    outer loop
      vertex 42 -3.8637 -13.9647
      vertex 49 -3.78772 -13.7142
      vertex 42 -3.78772 -13.7142
    endloop
  endfacet
  facet normal 0 -0.956949 0.290255
    outer loop
      vertex 49 -3.78772 -13.7142
      vertex 42 -3.8637 -13.9647
      vertex 49 -3.8637 -13.9647
    endloop
  endfacet
  facet normal 0 -0.973872 0.227097
    outer loop
      vertex 42 -3.92314 -14.2196
      vertex 49 -3.8637 -13.9647
      vertex 42 -3.8637 -13.9647
    endloop
  endfacet
  facet normal 0 -0.973872 0.227097
    outer loop
      vertex 49 -3.8637 -13.9647
      vertex 42 -3.92314 -14.2196
      vertex 49 -3.92314 -14.2196
    endloop
  endfacet
  facet normal 0 0.956949 0.290255
    outer loop
      vertex 49 3.8637 -13.9647
      vertex 42 3.78772 -13.7142
      vertex 49 3.78772 -13.7142
    endloop
  endfacet
  facet normal 0 0.956949 0.290255
    outer loop
      vertex 42 3.78772 -13.7142
      vertex 49 3.8637 -13.9647
      vertex 42 3.8637 -13.9647
    endloop
  endfacet
  facet normal -0 0.0328554 0.99946
    outer loop
      vertex 42 0.261612 -11.0086
      vertex 49 0 -11
      vertex 49 0.261612 -11.0086
    endloop
  endfacet
  facet normal 0 0.0328554 0.99946
    outer loop
      vertex 49 0 -11
      vertex 42 0.261612 -11.0086
      vertex 42 0 -11
    endloop
  endfacet
  facet normal 0 0.72979 0.683672
    outer loop
      vertex 49 3.00736 -12.3626
      vertex 42 2.82843 -12.1716
      vertex 49 2.82843 -12.1716
    endloop
  endfacet
  facet normal 0 0.72979 0.683672
    outer loop
      vertex 42 2.82843 -12.1716
      vertex 49 3.00736 -12.3626
      vertex 42 3.00736 -12.3626
    endloop
  endfacet
  facet normal 0 0.986647 -0.162875
    outer loop
      vertex 49 3.92314 -15.7804
      vertex 42 3.96578 -15.5221
      vertex 49 3.96578 -15.5221
    endloop
  endfacet
  facet normal 0 0.986647 -0.162875
    outer loop
      vertex 42 3.96578 -15.5221
      vertex 49 3.92314 -15.7804
      vertex 42 3.92314 -15.7804
    endloop
  endfacet
  facet normal -0 0.634284 0.7731
    outer loop
      vertex 42 2.63738 -11.9926
      vertex 49 2.43505 -11.8266
      vertex 49 2.63738 -11.9926
    endloop
  endfacet
  facet normal 0 0.634284 0.7731
    outer loop
      vertex 49 2.43505 -11.8266
      vertex 42 2.63738 -11.9926
      vertex 42 2.43505 -11.8266
    endloop
  endfacet
  facet normal 0 -0.412622 -0.910902
    outer loop
      vertex 42 -1.76915 -18.5875
      vertex 49 -1.53073 -18.6955
      vertex 49 -1.76915 -18.5875
    endloop
  endfacet
  facet normal -0 -0.412622 -0.910902
    outer loop
      vertex 49 -1.53073 -18.6955
      vertex 42 -1.76915 -18.5875
      vertex 42 -1.53073 -18.6955
    endloop
  endfacet
  facet normal 0 0.849228 -0.528026
    outer loop
      vertex 49 3.32588 -17.2223
      vertex 42 3.4641 -17
      vertex 49 3.4641 -17
    endloop
  endfacet
  facet normal 0 0.849228 -0.528026
    outer loop
      vertex 42 3.4641 -17
      vertex 49 3.32588 -17.2223
      vertex 42 3.32588 -17.2223
    endloop
  endfacet
  facet normal 0 -0.956949 -0.290255
    outer loop
      vertex 42 -3.78772 -16.2858
      vertex 49 -3.8637 -16.0353
      vertex 42 -3.8637 -16.0353
    endloop
  endfacet
  facet normal 0 -0.956949 -0.290255
    outer loop
      vertex 49 -3.8637 -16.0353
      vertex 42 -3.78772 -16.2858
      vertex 49 -3.78772 -16.2858
    endloop
  endfacet
  facet normal 0 0.812754 -0.582607
    outer loop
      vertex 49 3.17341 -17.435
      vertex 42 3.32588 -17.2223
      vertex 49 3.32588 -17.2223
    endloop
  endfacet
  facet normal 0 0.812754 -0.582607
    outer loop
      vertex 42 3.32588 -17.2223
      vertex 49 3.17341 -17.435
      vertex 42 3.17341 -17.435
    endloop
  endfacet
  facet normal 0 0.163125 -0.986605
    outer loop
      vertex 42 0.522104 -18.9658
      vertex 49 0.780361 -18.9231
      vertex 49 0.522104 -18.9658
    endloop
  endfacet
  facet normal 0 0.163125 -0.986605
    outer loop
      vertex 49 0.780361 -18.9231
      vertex 42 0.522104 -18.9658
      vertex 42 0.780361 -18.9231
    endloop
  endfacet
  facet normal 0 0.163125 -0.986605
    outer loop
      vertex 39.9829 0.522104 -18.9658
      vertex 40.5058 0.780361 -18.9231
      vertex 40.7007 0.522104 -18.9658
    endloop
  endfacet
  facet normal 0 0.163125 -0.986605
    outer loop
      vertex 40.5058 0.780361 -18.9231
      vertex 39.9829 0.522104 -18.9658
      vertex 39.9745 0.780361 -18.9231
    endloop
  endfacet
  facet normal 0 0.956949 -0.290255
    outer loop
      vertex 49 3.78772 -16.2858
      vertex 42 3.8637 -16.0353
      vertex 49 3.8637 -16.0353
    endloop
  endfacet
  facet normal 0 0.956949 -0.290255
    outer loop
      vertex 42 3.8637 -16.0353
      vertex 49 3.78772 -16.2858
      vertex 42 3.78772 -16.2858
    endloop
  endfacet
  facet normal 0 -0.290347 0.956922
    outer loop
      vertex 42 -1.03528 -11.1363
      vertex 49 -1.28576 -11.2123
      vertex 49 -1.03528 -11.1363
    endloop
  endfacet
  facet normal 0 -0.290347 0.956922
    outer loop
      vertex 49 -1.28576 -11.2123
      vertex 42 -1.03528 -11.1363
      vertex 42 -1.28576 -11.2123
    endloop
  endfacet
  facet normal 0 -0.352249 0.935906
    outer loop
      vertex 42 -1.28576 -11.2123
      vertex 49 -1.53073 -11.3045
      vertex 49 -1.28576 -11.2123
    endloop
  endfacet
  facet normal 0 -0.352249 0.935906
    outer loop
      vertex 49 -1.53073 -11.3045
      vertex 42 -1.28576 -11.2123
      vertex 42 -1.53073 -11.3045
    endloop
  endfacet
  facet normal 0 -0.528006 -0.849241
    outer loop
      vertex 42 -2.22228 -18.3259
      vertex 49 -2 -18.4641
      vertex 49 -2.22228 -18.3259
    endloop
  endfacet
  facet normal -0 -0.528006 -0.849241
    outer loop
      vertex 49 -2 -18.4641
      vertex 42 -2.22228 -18.3259
      vertex 42 -2 -18.4641
    endloop
  endfacet
  facet normal 0 0.881882 0.471471
    outer loop
      vertex 49 3.58749 -13.2308
      vertex 42 3.4641 -13
      vertex 49 3.4641 -13
    endloop
  endfacet
  facet normal 0 0.881882 0.471471
    outer loop
      vertex 42 3.4641 -13
      vertex 49 3.58749 -13.2308
      vertex 42 3.58749 -13.2308
    endloop
  endfacet
  facet normal 0 -0.812754 -0.582607
    outer loop
      vertex 42 -3.17341 -17.435
      vertex 49 -3.32588 -17.2223
      vertex 42 -3.32588 -17.2223
    endloop
  endfacet
  facet normal 0 -0.812754 -0.582607
    outer loop
      vertex 49 -3.32588 -17.2223
      vertex 42 -3.17341 -17.435
      vertex 49 -3.17341 -17.435
    endloop
  endfacet
  facet normal 0 -0.72979 -0.683672
    outer loop
      vertex 42 -2.82843 -17.8284
      vertex 49 -3.00736 -17.6374
      vertex 42 -3.00736 -17.6374
    endloop
  endfacet
  facet normal 0 -0.72979 -0.683672
    outer loop
      vertex 49 -3.00736 -17.6374
      vertex 42 -2.82843 -17.8284
      vertex 49 -2.82843 -17.8284
    endloop
  endfacet
  facet normal -0 0.0978044 0.995206
    outer loop
      vertex 42 0.522104 -11.0342
      vertex 49 0.261612 -11.0086
      vertex 49 0.522104 -11.0342
    endloop
  endfacet
  facet normal 0 0.0978044 0.995206
    outer loop
      vertex 49 0.261612 -11.0086
      vertex 42 0.522104 -11.0342
      vertex 42 0.261612 -11.0086
    endloop
  endfacet
  facet normal -0 0.163125 0.986605
    outer loop
      vertex 42 0.780361 -11.0769
      vertex 49 0.522104 -11.0342
      vertex 49 0.780361 -11.0769
    endloop
  endfacet
  facet normal 0 0.163125 0.986605
    outer loop
      vertex 49 0.522104 -11.0342
      vertex 42 0.780361 -11.0769
      vertex 42 0.522104 -11.0342
    endloop
  endfacet
  facet normal 0 -0.881882 -0.471471
    outer loop
      vertex 42 -3.4641 -17
      vertex 49 -3.58749 -16.7692
      vertex 42 -3.58749 -16.7692
    endloop
  endfacet
  facet normal 0 -0.881882 -0.471471
    outer loop
      vertex 49 -3.58749 -16.7692
      vertex 42 -3.4641 -17
      vertex 49 -3.4641 -17
    endloop
  endfacet
  facet normal 0 0.881882 -0.471471
    outer loop
      vertex 49 3.4641 -17
      vertex 42 3.58749 -16.7692
      vertex 49 3.58749 -16.7692
    endloop
  endfacet
  facet normal 0 0.881882 -0.471471
    outer loop
      vertex 42 3.58749 -16.7692
      vertex 49 3.4641 -17
      vertex 42 3.4641 -17
    endloop
  endfacet
  facet normal 0 -0.582556 -0.81279
    outer loop
      vertex 42 -2.43505 -18.1734
      vertex 49 -2.22228 -18.3259
      vertex 49 -2.43505 -18.1734
    endloop
  endfacet
  facet normal -0 -0.582556 -0.81279
    outer loop
      vertex 49 -2.22228 -18.3259
      vertex 42 -2.43505 -18.1734
      vertex 42 -2.22228 -18.3259
    endloop
  endfacet
  facet normal 0 0.995184 -0.0980285
    outer loop
      vertex 49 3.96578 -15.5221
      vertex 42 3.99144 -15.2616
      vertex 49 3.99144 -15.2616
    endloop
  endfacet
  facet normal 0 0.995184 -0.0980285
    outer loop
      vertex 42 3.99144 -15.2616
      vertex 49 3.96578 -15.5221
      vertex 42 3.96578 -15.5221
    endloop
  endfacet
  facet normal 0 -0.910911 0.412603
    outer loop
      vertex 42 -3.69552 -13.4693
      vertex 49 -3.58749 -13.2308
      vertex 42 -3.58749 -13.2308
    endloop
  endfacet
  facet normal 0 -0.910911 0.412603
    outer loop
      vertex 49 -3.58749 -13.2308
      vertex 42 -3.69552 -13.4693
      vertex 49 -3.69552 -13.4693
    endloop
  endfacet
  facet normal 0 -0.935873 0.352338
    outer loop
      vertex 42 -3.78772 -13.7142
      vertex 49 -3.69552 -13.4693
      vertex 42 -3.69552 -13.4693
    endloop
  endfacet
  facet normal 0 -0.935873 0.352338
    outer loop
      vertex 49 -3.69552 -13.4693
      vertex 42 -3.78772 -13.7142
      vertex 49 -3.78772 -13.7142
    endloop
  endfacet
  facet normal 0 -0.849228 -0.528026
    outer loop
      vertex 42 -3.32588 -17.2223
      vertex 49 -3.4641 -17
      vertex 42 -3.4641 -17
    endloop
  endfacet
  facet normal 0 -0.849228 -0.528026
    outer loop
      vertex 49 -3.4641 -17
      vertex 42 -3.32588 -17.2223
      vertex 49 -3.32588 -17.2223
    endloop
  endfacet
  facet normal -0 0.471421 0.881908
    outer loop
      vertex 42 2 -11.5359
      vertex 49 1.76915 -11.4125
      vertex 49 2 -11.5359
    endloop
  endfacet
  facet normal 0 0.471421 0.881908
    outer loop
      vertex 49 1.76915 -11.4125
      vertex 42 2 -11.5359
      vertex 42 1.76915 -11.4125
    endloop
  endfacet
  facet normal 0 -0.999465 0.0327042
    outer loop
      vertex 42 -4 -15
      vertex 49 -3.99144 -14.7384
      vertex 42 -3.99144 -14.7384
    endloop
  endfacet
  facet normal 0 -0.999465 0.0327042
    outer loop
      vertex 49 -3.99144 -14.7384
      vertex 42 -4 -15
      vertex 49 -4 -15
    endloop
  endfacet
  facet normal 0 0.935873 0.352338
    outer loop
      vertex 49 3.78772 -13.7142
      vertex 42 3.69552 -13.4693
      vertex 49 3.69552 -13.4693
    endloop
  endfacet
  facet normal 0 0.935873 0.352338
    outer loop
      vertex 42 3.69552 -13.4693
      vertex 49 3.78772 -13.7142
      vertex 42 3.78772 -13.7142
    endloop
  endfacet
  facet normal -0 0.412622 0.910902
    outer loop
      vertex 42 1.76915 -11.4125
      vertex 49 1.53073 -11.3045
      vertex 49 1.76915 -11.4125
    endloop
  endfacet
  facet normal 0 0.412622 0.910902
    outer loop
      vertex 49 1.53073 -11.3045
      vertex 42 1.76915 -11.4125
      vertex 42 1.53073 -11.3045
    endloop
  endfacet
  facet normal 0 -0.0328554 0.99946
    outer loop
      vertex 42 0 -11
      vertex 49 -0.261612 -11.0086
      vertex 49 0 -11
    endloop
  endfacet
  facet normal 0 -0.0328554 0.99946
    outer loop
      vertex 49 -0.261612 -11.0086
      vertex 42 0 -11
      vertex 42 -0.261612 -11.0086
    endloop
  endfacet
  facet normal -0 0.352249 0.935906
    outer loop
      vertex 42 1.53073 -11.3045
      vertex 49 1.28576 -11.2123
      vertex 49 1.53073 -11.3045
    endloop
  endfacet
  facet normal 0 0.352249 0.935906
    outer loop
      vertex 49 1.28576 -11.2123
      vertex 42 1.53073 -11.3045
      vertex 42 1.28576 -11.2123
    endloop
  endfacet
  facet normal 0 -0.849228 0.528026
    outer loop
      vertex 42 -3.4641 -13
      vertex 49 -3.32588 -12.7777
      vertex 42 -3.32588 -12.7777
    endloop
  endfacet
  facet normal 0 -0.849228 0.528026
    outer loop
      vertex 49 -3.32588 -12.7777
      vertex 42 -3.4641 -13
      vertex 49 -3.4641 -13
    endloop
  endfacet
  facet normal 0 -0.881882 0.471471
    outer loop
      vertex 42 -3.58749 -13.2308
      vertex 49 -3.4641 -13
      vertex 42 -3.4641 -13
    endloop
  endfacet
  facet normal 0 -0.881882 0.471471
    outer loop
      vertex 49 -3.4641 -13
      vertex 42 -3.58749 -13.2308
      vertex 49 -3.58749 -13.2308
    endloop
  endfacet
  facet normal 0 -0.812754 0.582607
    outer loop
      vertex 42 -3.32588 -12.7777
      vertex 49 -3.17341 -12.565
      vertex 42 -3.17341 -12.565
    endloop
  endfacet
  facet normal 0 -0.812754 0.582607
    outer loop
      vertex 49 -3.17341 -12.565
      vertex 42 -3.32588 -12.7777
      vertex 49 -3.32588 -12.7777
    endloop
  endfacet
  facet normal -1 0 0
    outer loop
      vertex 34 -26 -17.5
      vertex 34 -21.0308 -8.10878
      vertex 34 -21.0308 -17.5
    endloop
  endfacet
  facet normal -1 0 0
    outer loop
      vertex 34 -30 -13.5
      vertex 34 -21.0308 -8.10878
      vertex 34 -26 -17.5
    endloop
  endfacet
  facet normal -1 -0 0
    outer loop
      vertex 34 -21.0308 -8.10878
      vertex 34 -30 -13.5
      vertex 34 -21.1734 -7.93504
    endloop
  endfacet
  facet normal -1 -0 0
    outer loop
      vertex 34 -21.1734 -7.93504
      vertex 34 -30 -13.5
      vertex 34 -21.3259 -7.72227
    endloop
  endfacet
  facet normal -1 -0 0
    outer loop
      vertex 34 -21.3259 -7.72227
      vertex 34 -30 -13.5
      vertex 34 -21.4641 -7.5
    endloop
  endfacet
  facet normal -1 -0 0
    outer loop
      vertex 34 -21.4641 -7.5
      vertex 34 -30 -13.5
      vertex 34 -21.5875 -7.26915
    endloop
  endfacet
  facet normal -1 -0 0
    outer loop
      vertex 34 -21.5875 -7.26915
      vertex 34 -30 -13.5
      vertex 34 -21.6955 -7.03073
    endloop
  endfacet
  facet normal -1 -0 0
    outer loop
      vertex 34 -21.6955 -7.03073
      vertex 34 -30 -13.5
      vertex 34 -21.7877 -6.78575
    endloop
  endfacet
  facet normal -1 -0 0
    outer loop
      vertex 34 -21.7877 -6.78575
      vertex 34 -30 -13.5
      vertex 34 -21.8637 -6.53528
    endloop
  endfacet
  facet normal -1 -0 0
    outer loop
      vertex 34 -21.8637 -6.53528
      vertex 34 -30 -13.5
      vertex 34 -21.9231 -6.28036
    endloop
  endfacet
  facet normal -1 -0 0
    outer loop
      vertex 34 -21.9914 -5.76161
      vertex 34 -30 -13.5
      vertex 34 -22 -5.5
    endloop
  endfacet
  facet normal -1 -0 0
    outer loop
      vertex 34 -21.9658 -6.02211
      vertex 34 -30 -13.5
      vertex 34 -21.9914 -5.76161
    endloop
  endfacet
  facet normal -1 -0 0
    outer loop
      vertex 34 -21.9231 -6.28036
      vertex 34 -30 -13.5
      vertex 34 -21.9658 -6.02211
    endloop
  endfacet
  facet normal -1 0 0
    outer loop
      vertex 34 -30 13.5
      vertex 34 -21.0308 8.10878
      vertex 34 -21.1734 7.93504
    endloop
  endfacet
  facet normal -1 0 0
    outer loop
      vertex 34 -30 13.5
      vertex 34 -21.1734 7.93504
      vertex 34 -21.3259 7.72227
    endloop
  endfacet
  facet normal -1 0 0
    outer loop
      vertex 34 -30 13.5
      vertex 34 -21.3259 7.72227
      vertex 34 -21.4641 7.5
    endloop
  endfacet
  facet normal -1 0 0
    outer loop
      vertex 34 -30 13.5
      vertex 34 -21.4641 7.5
      vertex 34 -21.5875 7.26915
    endloop
  endfacet
  facet normal -1 0 0
    outer loop
      vertex 34 -30 13.5
      vertex 34 -21.5875 7.26915
      vertex 34 -21.6955 7.03073
    endloop
  endfacet
  facet normal -1 0 0
    outer loop
      vertex 34 -30 13.5
      vertex 34 -21.6955 7.03073
      vertex 34 -21.7877 6.78575
    endloop
  endfacet
  facet normal -1 0 0
    outer loop
      vertex 34 -30 13.5
      vertex 34 -21.7877 6.78575
      vertex 34 -21.8637 6.53528
    endloop
  endfacet
  facet normal -1 0 0
    outer loop
      vertex 34 -30 13.5
      vertex 34 -21.8637 6.53528
      vertex 34 -21.9231 6.28036
    endloop
  endfacet
  facet normal -1 0 0
    outer loop
      vertex 34 -30 13.5
      vertex 34 -21.9231 6.28036
      vertex 34 -21.9658 6.02211
    endloop
  endfacet
  facet normal -1 0 0
    outer loop
      vertex 34 -30 13.5
      vertex 34 -21.9658 6.02211
      vertex 34 -21.9914 5.76161
    endloop
  endfacet
  facet normal -1 -0 0
    outer loop
      vertex 34 -22 -5.5
      vertex 34 -30 -13.5
      vertex 34 -22 5.5
    endloop
  endfacet
  facet normal -1 0 0
    outer loop
      vertex 34 -30 13.5
      vertex 34 -22 5.5
      vertex 34 -30 -13.5
    endloop
  endfacet
  facet normal -1 0 0
    outer loop
      vertex 34 -22 5.5
      vertex 34 -30 13.5
      vertex 34 -21.9914 5.76161
    endloop
  endfacet
  facet normal -1 0 0
    outer loop
      vertex 34 -30 -13.5
      vertex 34 -26 -17.5
      vertex 34 -26.2616 -17.4914
    endloop
  endfacet
  facet normal -1 0 0
    outer loop
      vertex 34 -21.0308 8.10878
      vertex 34 -30 13.5
      vertex 34 -26 17.5
    endloop
  endfacet
  facet normal -1 0 0
    outer loop
      vertex 34 -30 -13.5
      vertex 34 -26.2616 -17.4914
      vertex 34 -26.5221 -17.4658
    endloop
  endfacet
  facet normal -1 0 0
    outer loop
      vertex 34 -21.0308 8.10878
      vertex 34 -26 17.5
      vertex 34 -21.0308 17.5
    endloop
  endfacet
  facet normal -1 0 0
    outer loop
      vertex 34 -30 -13.5
      vertex 34 -26.5221 -17.4658
      vertex 34 -26.7804 -17.4231
    endloop
  endfacet
  facet normal -1 0 0
    outer loop
      vertex 34 -26 17.5
      vertex 34 -30 13.5
      vertex 34 -26.2616 17.4914
    endloop
  endfacet
  facet normal -1 0 0
    outer loop
      vertex 34 -30 -13.5
      vertex 34 -26.7804 -17.4231
      vertex 34 -27.0353 -17.3637
    endloop
  endfacet
  facet normal -1 0 0
    outer loop
      vertex 34 -26.2616 17.4914
      vertex 34 -30 13.5
      vertex 34 -26.5221 17.4658
    endloop
  endfacet
  facet normal -1 0 0
    outer loop
      vertex 34 -30 -13.5
      vertex 34 -27.0353 -17.3637
      vertex 34 -27.2858 -17.2877
    endloop
  endfacet
  facet normal -1 0 0
    outer loop
      vertex 34 -26.5221 17.4658
      vertex 34 -30 13.5
      vertex 34 -26.7804 17.4231
    endloop
  endfacet
  facet normal -1 0 0
    outer loop
      vertex 34 -30 -13.5
      vertex 34 -27.2858 -17.2877
      vertex 34 -27.5307 -17.1955
    endloop
  endfacet
  facet normal -1 0 0
    outer loop
      vertex 34 -26.7804 17.4231
      vertex 34 -30 13.5
      vertex 34 -27.0353 17.3637
    endloop
  endfacet
  facet normal -1 0 0
    outer loop
      vertex 34 -30 -13.5
      vertex 34 -27.5307 -17.1955
      vertex 34 -27.7691 -17.0875
    endloop
  endfacet
  facet normal -1 0 0
    outer loop
      vertex 34 -27.0353 17.3637
      vertex 34 -30 13.5
      vertex 34 -27.2858 17.2877
    endloop
  endfacet
  facet normal -1 0 0
    outer loop
      vertex 34 -30 -13.5
      vertex 34 -27.7691 -17.0875
      vertex 34 -28 -16.9641
    endloop
  endfacet
  facet normal -1 0 0
    outer loop
      vertex 34 -27.2858 17.2877
      vertex 34 -30 13.5
      vertex 34 -27.5307 17.1955
    endloop
  endfacet
  facet normal -1 0 0
    outer loop
      vertex 34 -30 -13.5
      vertex 34 -28 -16.9641
      vertex 34 -28.2223 -16.8259
    endloop
  endfacet
  facet normal -1 0 0
    outer loop
      vertex 34 -27.5307 17.1955
      vertex 34 -30 13.5
      vertex 34 -27.7691 17.0875
    endloop
  endfacet
  facet normal -1 0 0
    outer loop
      vertex 34 -30 -13.5
      vertex 34 -28.2223 -16.8259
      vertex 34 -28.435 -16.6734
    endloop
  endfacet
  facet normal -1 0 0
    outer loop
      vertex 34 -27.7691 17.0875
      vertex 34 -30 13.5
      vertex 34 -28 16.9641
    endloop
  endfacet
  facet normal -1 0 0
    outer loop
      vertex 34 -30 -13.5
      vertex 34 -28.435 -16.6734
      vertex 34 -28.6374 -16.5074
    endloop
  endfacet
  facet normal -1 0 0
    outer loop
      vertex 34 -28 16.9641
      vertex 34 -30 13.5
      vertex 34 -28.2223 16.8259
    endloop
  endfacet
  facet normal -1 0 0
    outer loop
      vertex 34 -30 -13.5
      vertex 34 -28.6374 -16.5074
      vertex 34 -28.8284 -16.3284
    endloop
  endfacet
  facet normal -1 0 0
    outer loop
      vertex 34 -28.2223 16.8259
      vertex 34 -30 13.5
      vertex 34 -28.435 16.6734
    endloop
  endfacet
  facet normal -1 0 0
    outer loop
      vertex 34 -30 -13.5
      vertex 34 -28.8284 -16.3284
      vertex 34 -29.0074 -16.1374
    endloop
  endfacet
  facet normal -1 0 0
    outer loop
      vertex 34 -28.435 16.6734
      vertex 34 -30 13.5
      vertex 34 -28.6374 16.5074
    endloop
  endfacet
  facet normal -1 0 0
    outer loop
      vertex 34 -30 -13.5
      vertex 34 -29.0074 -16.1374
      vertex 34 -29.1734 -15.935
    endloop
  endfacet
  facet normal -1 0 0
    outer loop
      vertex 34 -28.6374 16.5074
      vertex 34 -30 13.5
      vertex 34 -28.8284 16.3284
    endloop
  endfacet
  facet normal -1 0 0
    outer loop
      vertex 34 -30 -13.5
      vertex 34 -29.1734 -15.935
      vertex 34 -29.3259 -15.7223
    endloop
  endfacet
  facet normal -1 0 0
    outer loop
      vertex 34 -28.8284 16.3284
      vertex 34 -30 13.5
      vertex 34 -29.0074 16.1374
    endloop
  endfacet
  facet normal -1 0 0
    outer loop
      vertex 34 -30 -13.5
      vertex 34 -29.3259 -15.7223
      vertex 34 -29.4641 -15.5
    endloop
  endfacet
  facet normal -1 0 0
    outer loop
      vertex 34 -29.0074 16.1374
      vertex 34 -30 13.5
      vertex 34 -29.1734 15.935
    endloop
  endfacet
  facet normal -1 0 0
    outer loop
      vertex 34 -30 -13.5
      vertex 34 -29.4641 -15.5
      vertex 34 -29.5875 -15.2691
    endloop
  endfacet
  facet normal -1 0 0
    outer loop
      vertex 34 -29.1734 15.935
      vertex 34 -30 13.5
      vertex 34 -29.3259 15.7223
    endloop
  endfacet
  facet normal -1 0 0
    outer loop
      vertex 34 -30 -13.5
      vertex 34 -29.5875 -15.2691
      vertex 34 -29.6955 -15.0307
    endloop
  endfacet
  facet normal -1 0 0
    outer loop
      vertex 34 -29.3259 15.7223
      vertex 34 -30 13.5
      vertex 34 -29.4641 15.5
    endloop
  endfacet
  facet normal -1 0 0
    outer loop
      vertex 34 -30 -13.5
      vertex 34 -29.6955 -15.0307
      vertex 34 -29.7877 -14.7858
    endloop
  endfacet
  facet normal -1 0 0
    outer loop
      vertex 34 -29.4641 15.5
      vertex 34 -30 13.5
      vertex 34 -29.5875 15.2691
    endloop
  endfacet
  facet normal -1 0 0
    outer loop
      vertex 34 -30 -13.5
      vertex 34 -29.7877 -14.7858
      vertex 34 -29.8637 -14.5353
    endloop
  endfacet
  facet normal -1 0 0
    outer loop
      vertex 34 -29.5875 15.2691
      vertex 34 -30 13.5
      vertex 34 -29.6955 15.0307
    endloop
  endfacet
  facet normal -1 0 0
    outer loop
      vertex 34 -30 -13.5
      vertex 34 -29.8637 -14.5353
      vertex 34 -29.9231 -14.2804
    endloop
  endfacet
  facet normal -1 0 0
    outer loop
      vertex 34 -29.6955 15.0307
      vertex 34 -30 13.5
      vertex 34 -29.7877 14.7858
    endloop
  endfacet
  facet normal -1 0 0
    outer loop
      vertex 34 -30 -13.5
      vertex 34 -29.9231 -14.2804
      vertex 34 -29.9658 -14.0221
    endloop
  endfacet
  facet normal -1 0 0
    outer loop
      vertex 34 -29.7877 14.7858
      vertex 34 -30 13.5
      vertex 34 -29.8637 14.5353
    endloop
  endfacet
  facet normal -1 0 0
    outer loop
      vertex 34 -30 -13.5
      vertex 34 -29.9658 -14.0221
      vertex 34 -29.9914 -13.7616
    endloop
  endfacet
  facet normal -1 0 0
    outer loop
      vertex 34 -29.8637 14.5353
      vertex 34 -30 13.5
      vertex 34 -29.9231 14.2804
    endloop
  endfacet
  facet normal -1 0 0
    outer loop
      vertex 34 -29.9231 14.2804
      vertex 34 -30 13.5
      vertex 34 -29.9658 14.0221
    endloop
  endfacet
  facet normal -1 0 0
    outer loop
      vertex 34 -29.9658 14.0221
      vertex 34 -30 13.5
      vertex 34 -29.9914 13.7616
    endloop
  endfacet
  facet normal -1 0 0
    outer loop
      vertex 34 26 -17.5
      vertex 34 30 -13.5
      vertex 34 29.9914 -13.7616
    endloop
  endfacet
  facet normal -1 0 0
    outer loop
      vertex 34 30 -13.5
      vertex 34 22 -5.5
      vertex 34 30 13.5
    endloop
  endfacet
  facet normal -1 0 0
    outer loop
      vertex 34 26 -17.5
      vertex 34 29.9914 -13.7616
      vertex 34 29.9658 -14.0221
    endloop
  endfacet
  facet normal -1 0 0
    outer loop
      vertex 34 22 5.5
      vertex 34 30 13.5
      vertex 34 22 -5.5
    endloop
  endfacet
  facet normal -1 0 0
    outer loop
      vertex 34 26 -17.5
      vertex 34 29.9658 -14.0221
      vertex 34 29.9231 -14.2804
    endloop
  endfacet
  facet normal -1 0 0
    outer loop
      vertex 34 21.9914 5.76161
      vertex 34 30 13.5
      vertex 34 22 5.5
    endloop
  endfacet
  facet normal -1 0 0
    outer loop
      vertex 34 26 -17.5
      vertex 34 29.9231 -14.2804
      vertex 34 29.8637 -14.5353
    endloop
  endfacet
  facet normal -1 0 0
    outer loop
      vertex 34 21.9658 6.02211
      vertex 34 30 13.5
      vertex 34 21.9914 5.76161
    endloop
  endfacet
  facet normal -1 0 0
    outer loop
      vertex 34 26 -17.5
      vertex 34 29.8637 -14.5353
      vertex 34 29.7877 -14.7858
    endloop
  endfacet
  facet normal -1 0 0
    outer loop
      vertex 34 21.9231 6.28036
      vertex 34 30 13.5
      vertex 34 21.9658 6.02211
    endloop
  endfacet
  facet normal -1 0 0
    outer loop
      vertex 34 26 -17.5
      vertex 34 29.7877 -14.7858
      vertex 34 29.6955 -15.0307
    endloop
  endfacet
  facet normal -1 0 0
    outer loop
      vertex 34 21.8637 6.53528
      vertex 34 30 13.5
      vertex 34 21.9231 6.28036
    endloop
  endfacet
  facet normal -1 0 0
    outer loop
      vertex 34 26 -17.5
      vertex 34 29.6955 -15.0307
      vertex 34 29.5875 -15.2691
    endloop
  endfacet
  facet normal -1 0 0
    outer loop
      vertex 34 21.7877 6.78575
      vertex 34 30 13.5
      vertex 34 21.8637 6.53528
    endloop
  endfacet
  facet normal -1 0 0
    outer loop
      vertex 34 26 -17.5
      vertex 34 29.5875 -15.2691
      vertex 34 29.4641 -15.5
    endloop
  endfacet
  facet normal -1 0 0
    outer loop
      vertex 34 21.6955 7.03073
      vertex 34 30 13.5
      vertex 34 21.7877 6.78575
    endloop
  endfacet
  facet normal -1 0 0
    outer loop
      vertex 34 26 -17.5
      vertex 34 29.4641 -15.5
      vertex 34 29.3259 -15.7223
    endloop
  endfacet
  facet normal -1 0 0
    outer loop
      vertex 34 21.5875 7.26915
      vertex 34 30 13.5
      vertex 34 21.6955 7.03073
    endloop
  endfacet
  facet normal -1 0 0
    outer loop
      vertex 34 26 -17.5
      vertex 34 29.3259 -15.7223
      vertex 34 29.1734 -15.935
    endloop
  endfacet
  facet normal -1 0 0
    outer loop
      vertex 34 21.4641 7.5
      vertex 34 30 13.5
      vertex 34 21.5875 7.26915
    endloop
  endfacet
  facet normal -1 0 0
    outer loop
      vertex 34 26 -17.5
      vertex 34 29.1734 -15.935
      vertex 34 29.0074 -16.1374
    endloop
  endfacet
  facet normal -1 0 0
    outer loop
      vertex 34 21.3259 7.72227
      vertex 34 30 13.5
      vertex 34 21.4641 7.5
    endloop
  endfacet
  facet normal -1 0 0
    outer loop
      vertex 34 26 -17.5
      vertex 34 29.0074 -16.1374
      vertex 34 28.8284 -16.3284
    endloop
  endfacet
  facet normal -1 0 0
    outer loop
      vertex 34 21.1734 7.93504
      vertex 34 30 13.5
      vertex 34 21.3259 7.72227
    endloop
  endfacet
  facet normal -1 0 0
    outer loop
      vertex 34 26 -17.5
      vertex 34 28.8284 -16.3284
      vertex 34 28.6374 -16.5074
    endloop
  endfacet
  facet normal -1 0 0
    outer loop
      vertex 34 21.0308 8.10878
      vertex 34 30 13.5
      vertex 34 21.1734 7.93504
    endloop
  endfacet
  facet normal -1 0 0
    outer loop
      vertex 34 26 -17.5
      vertex 34 28.6374 -16.5074
      vertex 34 28.435 -16.6734
    endloop
  endfacet
  facet normal -1 0 -0
    outer loop
      vertex 34 26 17.5
      vertex 34 30 13.5
      vertex 34 21.0308 8.10878
    endloop
  endfacet
  facet normal -1 0 0
    outer loop
      vertex 34 26 -17.5
      vertex 34 28.435 -16.6734
      vertex 34 28.2223 -16.8259
    endloop
  endfacet
  facet normal -1 0 0
    outer loop
      vertex 34 30 13.5
      vertex 34 26 17.5
      vertex 34 29.9914 13.7616
    endloop
  endfacet
  facet normal -1 0 0
    outer loop
      vertex 34 26 -17.5
      vertex 34 28.2223 -16.8259
      vertex 34 28 -16.9641
    endloop
  endfacet
  facet normal -1 0 0
    outer loop
      vertex 34 29.9914 13.7616
      vertex 34 26 17.5
      vertex 34 29.9658 14.0221
    endloop
  endfacet
  facet normal -1 0 0
    outer loop
      vertex 34 26 -17.5
      vertex 34 28 -16.9641
      vertex 34 27.7691 -17.0875
    endloop
  endfacet
  facet normal -1 0 0
    outer loop
      vertex 34 29.9658 14.0221
      vertex 34 26 17.5
      vertex 34 29.9231 14.2804
    endloop
  endfacet
  facet normal -1 0 0
    outer loop
      vertex 34 26 -17.5
      vertex 34 27.7691 -17.0875
      vertex 34 27.5307 -17.1955
    endloop
  endfacet
  facet normal -1 0 0
    outer loop
      vertex 34 29.9231 14.2804
      vertex 34 26 17.5
      vertex 34 29.8637 14.5353
    endloop
  endfacet
  facet normal -1 0 0
    outer loop
      vertex 34 26 -17.5
      vertex 34 27.5307 -17.1955
      vertex 34 27.2858 -17.2877
    endloop
  endfacet
  facet normal -1 0 0
    outer loop
      vertex 34 29.8637 14.5353
      vertex 34 26 17.5
      vertex 34 29.7877 14.7858
    endloop
  endfacet
  facet normal -1 0 0
    outer loop
      vertex 34 26 -17.5
      vertex 34 27.2858 -17.2877
      vertex 34 27.0353 -17.3637
    endloop
  endfacet
  facet normal -1 0 0
    outer loop
      vertex 34 29.7877 14.7858
      vertex 34 26 17.5
      vertex 34 29.6955 15.0307
    endloop
  endfacet
  facet normal -1 0 0
    outer loop
      vertex 34 26 -17.5
      vertex 34 27.0353 -17.3637
      vertex 34 26.7804 -17.4231
    endloop
  endfacet
  facet normal -1 0 0
    outer loop
      vertex 34 29.6955 15.0307
      vertex 34 26 17.5
      vertex 34 29.5875 15.2691
    endloop
  endfacet
  facet normal -1 0 0
    outer loop
      vertex 34 26 -17.5
      vertex 34 26.7804 -17.4231
      vertex 34 26.5221 -17.4658
    endloop
  endfacet
  facet normal -1 0 0
    outer loop
      vertex 34 29.5875 15.2691
      vertex 34 26 17.5
      vertex 34 29.4641 15.5
    endloop
  endfacet
  facet normal -1 0 0
    outer loop
      vertex 34 26 -17.5
      vertex 34 26.5221 -17.4658
      vertex 34 26.2616 -17.4914
    endloop
  endfacet
  facet normal -1 0 0
    outer loop
      vertex 34 29.4641 15.5
      vertex 34 26 17.5
      vertex 34 29.3259 15.7223
    endloop
  endfacet
  facet normal -1 -0 0
    outer loop
      vertex 34 30 -13.5
      vertex 34 26 -17.5
      vertex 34 21.0308 -8.10878
    endloop
  endfacet
  facet normal -1 0 0
    outer loop
      vertex 34 29.3259 15.7223
      vertex 34 26 17.5
      vertex 34 29.1734 15.935
    endloop
  endfacet
  facet normal -1 0 0
    outer loop
      vertex 34 29.1734 15.935
      vertex 34 26 17.5
      vertex 34 29.0074 16.1374
    endloop
  endfacet
  facet normal -1 0 0
    outer loop
      vertex 34 30 -13.5
      vertex 34 21.9914 -5.76161
      vertex 34 22 -5.5
    endloop
  endfacet
  facet normal -1 0 0
    outer loop
      vertex 34 30 -13.5
      vertex 34 21.9658 -6.02211
      vertex 34 21.9914 -5.76161
    endloop
  endfacet
  facet normal -1 0 0
    outer loop
      vertex 34 30 -13.5
      vertex 34 21.9231 -6.28036
      vertex 34 21.9658 -6.02211
    endloop
  endfacet
  facet normal -1 0 0
    outer loop
      vertex 34 30 -13.5
      vertex 34 21.8637 -6.53528
      vertex 34 21.9231 -6.28036
    endloop
  endfacet
  facet normal -1 0 0
    outer loop
      vertex 34 30 -13.5
      vertex 34 21.7877 -6.78575
      vertex 34 21.8637 -6.53528
    endloop
  endfacet
  facet normal -1 0 0
    outer loop
      vertex 34 30 -13.5
      vertex 34 21.6955 -7.03073
      vertex 34 21.7877 -6.78575
    endloop
  endfacet
  facet normal -1 0 0
    outer loop
      vertex 34 30 -13.5
      vertex 34 21.5875 -7.26915
      vertex 34 21.6955 -7.03073
    endloop
  endfacet
  facet normal -1 0 0
    outer loop
      vertex 34 30 -13.5
      vertex 34 21.4641 -7.5
      vertex 34 21.5875 -7.26915
    endloop
  endfacet
  facet normal -1 0 0
    outer loop
      vertex 34 30 -13.5
      vertex 34 21.3259 -7.72227
      vertex 34 21.4641 -7.5
    endloop
  endfacet
  facet normal -1 0 0
    outer loop
      vertex 34 30 -13.5
      vertex 34 21.1734 -7.93504
      vertex 34 21.3259 -7.72227
    endloop
  endfacet
  facet normal -1 0 0
    outer loop
      vertex 34 21.0308 -8.10878
      vertex 34 26 -17.5
      vertex 34 21.0308 -17.5
    endloop
  endfacet
  facet normal -1 0 0
    outer loop
      vertex 34 30 -13.5
      vertex 34 21.0308 -8.10878
      vertex 34 21.1734 -7.93504
    endloop
  endfacet
  facet normal -1 0 0
    outer loop
      vertex 34 29.0074 16.1374
      vertex 34 26 17.5
      vertex 34 28.8284 16.3284
    endloop
  endfacet
  facet normal -1 0 0
    outer loop
      vertex 34 28.8284 16.3284
      vertex 34 26 17.5
      vertex 34 28.6374 16.5074
    endloop
  endfacet
  facet normal -1 0 0
    outer loop
      vertex 34 28.6374 16.5074
      vertex 34 26 17.5
      vertex 34 28.435 16.6734
    endloop
  endfacet
  facet normal -1 0 0
    outer loop
      vertex 34 28.435 16.6734
      vertex 34 26 17.5
      vertex 34 28.2223 16.8259
    endloop
  endfacet
  facet normal -1 0 0
    outer loop
      vertex 34 28 16.9641
      vertex 34 26 17.5
      vertex 34 27.7691 17.0875
    endloop
  endfacet
  facet normal -1 0 0
    outer loop
      vertex 34 27.7691 17.0875
      vertex 34 26 17.5
      vertex 34 27.5307 17.1955
    endloop
  endfacet
  facet normal -1 0 0
    outer loop
      vertex 34 27.5307 17.1955
      vertex 34 26 17.5
      vertex 34 27.2858 17.2877
    endloop
  endfacet
  facet normal -1 0 0
    outer loop
      vertex 34 27.2858 17.2877
      vertex 34 26 17.5
      vertex 34 27.0353 17.3637
    endloop
  endfacet
  facet normal -1 0 0
    outer loop
      vertex 34 27.0353 17.3637
      vertex 34 26 17.5
      vertex 34 26.7804 17.4231
    endloop
  endfacet
  facet normal -1 0 0
    outer loop
      vertex 34 26.7804 17.4231
      vertex 34 26 17.5
      vertex 34 26.5221 17.4658
    endloop
  endfacet
  facet normal -1 0 0
    outer loop
      vertex 34 26.5221 17.4658
      vertex 34 26 17.5
      vertex 34 26.2616 17.4914
    endloop
  endfacet
  facet normal -1 0 0
    outer loop
      vertex 34 28.2223 16.8259
      vertex 34 26 17.5
      vertex 34 28 16.9641
    endloop
  endfacet
  facet normal -1 -0 0
    outer loop
      vertex 34 26 17.5
      vertex 34 21.0308 8.10878
      vertex 34 21.0308 17.5
    endloop
  endfacet
  facet normal -1 0 0
    outer loop
      vertex 34 -11.8096 -17.5
      vertex 34 11.8096 -9.5
      vertex 34 11.8096 -17.5
    endloop
  endfacet
  facet normal -1 -0 0
    outer loop
      vertex 34 11.8096 -9.5
      vertex 34 -11.8096 -17.5
      vertex 34 -11.8096 -9.5
    endloop
  endfacet
  facet normal -1 0 0
    outer loop
      vertex 34 -11.8096 9.5
      vertex 34 11.8096 17.5
      vertex 34 11.8096 9.5
    endloop
  endfacet
  facet normal -1 -0 0
    outer loop
      vertex 34 11.8096 17.5
      vertex 34 -11.8096 9.5
      vertex 34 -11.8096 17.5
    endloop
  endfacet
  facet normal 1 0 0
    outer loop
      vertex 42 19.8 -10.45
      vertex 42 3.99144 -14.7384
      vertex 42 4 -15
    endloop
  endfacet
  facet normal 1 0 0
    outer loop
      vertex 42 19.8 -10.45
      vertex 42 3.96578 -14.4779
      vertex 42 3.99144 -14.7384
    endloop
  endfacet
  facet normal 1 0 0
    outer loop
      vertex 42 19.8 -10.45
      vertex 42 3.92314 -14.2196
      vertex 42 3.96578 -14.4779
    endloop
  endfacet
  facet normal 1 0 0
    outer loop
      vertex 42 19.8 -10.45
      vertex 42 3.8637 -13.9647
      vertex 42 3.92314 -14.2196
    endloop
  endfacet
  facet normal 1 0 0
    outer loop
      vertex 42 19.8 -10.45
      vertex 42 3.78772 -13.7142
      vertex 42 3.8637 -13.9647
    endloop
  endfacet
  facet normal 1 0 0
    outer loop
      vertex 42 19.8 -10.45
      vertex 42 3.69552 -13.4693
      vertex 42 3.78772 -13.7142
    endloop
  endfacet
  facet normal 1 0 0
    outer loop
      vertex 42 19.8 -10.45
      vertex 42 3.58749 -13.2308
      vertex 42 3.69552 -13.4693
    endloop
  endfacet
  facet normal 1 0 0
    outer loop
      vertex 42 19.8 -10.45
      vertex 42 3.4641 -13
      vertex 42 3.58749 -13.2308
    endloop
  endfacet
  facet normal 1 0 0
    outer loop
      vertex 42 19.8 -10.45
      vertex 42 3.32588 -12.7777
      vertex 42 3.4641 -13
    endloop
  endfacet
  facet normal 1 0 0
    outer loop
      vertex 42 19.8 -10.45
      vertex 42 3.17341 -12.565
      vertex 42 3.32588 -12.7777
    endloop
  endfacet
  facet normal 1 0 0
    outer loop
      vertex 42 19.8 -10.45
      vertex 42 3.00736 -12.3626
      vertex 42 3.17341 -12.565
    endloop
  endfacet
  facet normal 1 0 0
    outer loop
      vertex 42 19.8 -10.45
      vertex 42 2.82843 -12.1716
      vertex 42 3.00736 -12.3626
    endloop
  endfacet
  facet normal 1 0 0
    outer loop
      vertex 42 19.8 -10.45
      vertex 42 2.63738 -11.9926
      vertex 42 2.82843 -12.1716
    endloop
  endfacet
  facet normal 1 0 0
    outer loop
      vertex 42 19.8 -10.45
      vertex 42 2.43505 -11.8266
      vertex 42 2.63738 -11.9926
    endloop
  endfacet
  facet normal 1 0 0
    outer loop
      vertex 42 19.8 -10.45
      vertex 42 2.22228 -11.6741
      vertex 42 2.43505 -11.8266
    endloop
  endfacet
  facet normal 1 0 0
    outer loop
      vertex 42 19.8 -10.45
      vertex 42 2 -11.5359
      vertex 42 2.22228 -11.6741
    endloop
  endfacet
  facet normal 1 0 0
    outer loop
      vertex 42 19.8 -10.45
      vertex 42 1.76915 -11.4125
      vertex 42 2 -11.5359
    endloop
  endfacet
  facet normal 1 0 0
    outer loop
      vertex 42 19.8 -10.45
      vertex 42 1.53073 -11.3045
      vertex 42 1.76915 -11.4125
    endloop
  endfacet
  facet normal 1 0 0
    outer loop
      vertex 42 19.8 -10.45
      vertex 42 1.28576 -11.2123
      vertex 42 1.53073 -11.3045
    endloop
  endfacet
  facet normal 1 0 0
    outer loop
      vertex 42 19.8 -10.45
      vertex 42 1.03528 -11.1363
      vertex 42 1.28576 -11.2123
    endloop
  endfacet
  facet normal 1 0 0
    outer loop
      vertex 42 19.8 -10.45
      vertex 42 0.780361 -11.0769
      vertex 42 1.03528 -11.1363
    endloop
  endfacet
  facet normal 1 0 0
    outer loop
      vertex 42 19.8 -10.45
      vertex 42 0.522104 -11.0342
      vertex 42 0.780361 -11.0769
    endloop
  endfacet
  facet normal 1 0 0
    outer loop
      vertex 42 19.8 -10.45
      vertex 42 0.261612 -11.0086
      vertex 42 0.522104 -11.0342
    endloop
  endfacet
  facet normal 1 0 0
    outer loop
      vertex 42 19.8 -10.45
      vertex 42 0 -11
      vertex 42 0.261612 -11.0086
    endloop
  endfacet
  facet normal 1 0 0
    outer loop
      vertex 42 -3.99144 -14.7384
      vertex 42 -19.8 -10.45
      vertex 42 -4 -15
    endloop
  endfacet
  facet normal 1 0 0
    outer loop
      vertex 42 -3.96578 -14.4779
      vertex 42 -19.8 -10.45
      vertex 42 -3.99144 -14.7384
    endloop
  endfacet
  facet normal 1 0 0
    outer loop
      vertex 42 -3.92314 -14.2196
      vertex 42 -19.8 -10.45
      vertex 42 -3.96578 -14.4779
    endloop
  endfacet
  facet normal 1 0 0
    outer loop
      vertex 42 -3.8637 -13.9647
      vertex 42 -19.8 -10.45
      vertex 42 -3.92314 -14.2196
    endloop
  endfacet
  facet normal 1 0 0
    outer loop
      vertex 42 -3.78772 -13.7142
      vertex 42 -19.8 -10.45
      vertex 42 -3.8637 -13.9647
    endloop
  endfacet
  facet normal 1 0 0
    outer loop
      vertex 42 -3.69552 -13.4693
      vertex 42 -19.8 -10.45
      vertex 42 -3.78772 -13.7142
    endloop
  endfacet
  facet normal 1 0 0
    outer loop
      vertex 42 -3.58749 -13.2308
      vertex 42 -19.8 -10.45
      vertex 42 -3.69552 -13.4693
    endloop
  endfacet
  facet normal 1 0 0
    outer loop
      vertex 42 -3.4641 -13
      vertex 42 -19.8 -10.45
      vertex 42 -3.58749 -13.2308
    endloop
  endfacet
  facet normal 1 0 0
    outer loop
      vertex 42 -3.32588 -12.7777
      vertex 42 -19.8 -10.45
      vertex 42 -3.4641 -13
    endloop
  endfacet
  facet normal 1 0 0
    outer loop
      vertex 42 -3.17341 -12.565
      vertex 42 -19.8 -10.45
      vertex 42 -3.32588 -12.7777
    endloop
  endfacet
  facet normal 1 0 0
    outer loop
      vertex 42 -3.00736 -12.3626
      vertex 42 -19.8 -10.45
      vertex 42 -3.17341 -12.565
    endloop
  endfacet
  facet normal 1 0 0
    outer loop
      vertex 42 -2.82843 -12.1716
      vertex 42 -19.8 -10.45
      vertex 42 -3.00736 -12.3626
    endloop
  endfacet
  facet normal 1 0 0
    outer loop
      vertex 42 -2.63738 -11.9926
      vertex 42 -19.8 -10.45
      vertex 42 -2.82843 -12.1716
    endloop
  endfacet
  facet normal 1 0 0
    outer loop
      vertex 42 -2.43505 -11.8266
      vertex 42 -19.8 -10.45
      vertex 42 -2.63738 -11.9926
    endloop
  endfacet
  facet normal 1 0 0
    outer loop
      vertex 42 -2.22228 -11.6741
      vertex 42 -19.8 -10.45
      vertex 42 -2.43505 -11.8266
    endloop
  endfacet
  facet normal 1 0 0
    outer loop
      vertex 42 -2 -11.5359
      vertex 42 -19.8 -10.45
      vertex 42 -2.22228 -11.6741
    endloop
  endfacet
  facet normal 1 0 0
    outer loop
      vertex 42 -1.76915 -11.4125
      vertex 42 -19.8 -10.45
      vertex 42 -2 -11.5359
    endloop
  endfacet
  facet normal 1 0 0
    outer loop
      vertex 42 -1.53073 -11.3045
      vertex 42 -19.8 -10.45
      vertex 42 -1.76915 -11.4125
    endloop
  endfacet
  facet normal 1 0 0
    outer loop
      vertex 42 -1.28576 -11.2123
      vertex 42 -19.8 -10.45
      vertex 42 -1.53073 -11.3045
    endloop
  endfacet
  facet normal 1 0 0
    outer loop
      vertex 42 -1.03528 -11.1363
      vertex 42 -19.8 -10.45
      vertex 42 -1.28576 -11.2123
    endloop
  endfacet
  facet normal 1 0 0
    outer loop
      vertex 42 -0.780361 -11.0769
      vertex 42 -19.8 -10.45
      vertex 42 -1.03528 -11.1363
    endloop
  endfacet
  facet normal 1 0 0
    outer loop
      vertex 42 -0.522104 -11.0342
      vertex 42 -19.8 -10.45
      vertex 42 -0.780361 -11.0769
    endloop
  endfacet
  facet normal 1 0 0
    outer loop
      vertex 42 -0.261612 -11.0086
      vertex 42 -19.8 -10.45
      vertex 42 -0.522104 -11.0342
    endloop
  endfacet
  facet normal 1 0 0
    outer loop
      vertex 42 0 -11
      vertex 42 -19.8 -10.45
      vertex 42 -0.261612 -11.0086
    endloop
  endfacet
  facet normal 1 -0 0
    outer loop
      vertex 42 -19.8 -10.45
      vertex 42 0 -11
      vertex 42 19.8 -10.45
    endloop
  endfacet
  facet normal 1 0 0
    outer loop
      vertex 42 28.6 19.25
      vertex 42 33 14.85
      vertex 42 32.9906 15.1378
    endloop
  endfacet
  facet normal 1 0 0
    outer loop
      vertex 42 33 14.85
      vertex 42 24.2 6.05
      vertex 42 33 -14.85
    endloop
  endfacet
  facet normal 1 0 0
    outer loop
      vertex 42 28.6 19.25
      vertex 42 32.9906 15.1378
      vertex 42 32.9624 15.4243
    endloop
  endfacet
  facet normal 1 -0 0
    outer loop
      vertex 42 24.2 -6.05
      vertex 42 33 -14.85
      vertex 42 24.2 6.05
    endloop
  endfacet
  facet normal 1 0 0
    outer loop
      vertex 42 28.6 19.25
      vertex 42 32.9624 15.4243
      vertex 42 32.9155 15.7084
    endloop
  endfacet
  facet normal 1 -0 0
    outer loop
      vertex 42 24.1906 -6.33777
      vertex 42 33 -14.85
      vertex 42 24.2 -6.05
    endloop
  endfacet
  facet normal 1 0 0
    outer loop
      vertex 42 28.6 19.25
      vertex 42 32.9155 15.7084
      vertex 42 32.8501 15.9888
    endloop
  endfacet
  facet normal 1 -0 0
    outer loop
      vertex 42 24.1624 -6.62432
      vertex 42 33 -14.85
      vertex 42 24.1906 -6.33777
    endloop
  endfacet
  facet normal 1 0 0
    outer loop
      vertex 42 28.6 19.25
      vertex 42 32.8501 15.9888
      vertex 42 32.7665 16.2643
    endloop
  endfacet
  facet normal 1 -0 0
    outer loop
      vertex 42 24.1155 -6.9084
      vertex 42 33 -14.85
      vertex 42 24.1624 -6.62432
    endloop
  endfacet
  facet normal 1 0 0
    outer loop
      vertex 42 28.6 19.25
      vertex 42 32.7665 16.2643
      vertex 42 32.6651 16.5338
    endloop
  endfacet
  facet normal 1 -0 0
    outer loop
      vertex 42 24.0501 -7.18881
      vertex 42 33 -14.85
      vertex 42 24.1155 -6.9084
    endloop
  endfacet
  facet normal 1 0 0
    outer loop
      vertex 42 28.6 19.25
      vertex 42 32.6651 16.5338
      vertex 42 32.5462 16.7961
    endloop
  endfacet
  facet normal 1 -0 0
    outer loop
      vertex 42 23.9665 -7.46433
      vertex 42 33 -14.85
      vertex 42 24.0501 -7.18881
    endloop
  endfacet
  facet normal 1 0 0
    outer loop
      vertex 42 28.6 19.25
      vertex 42 32.5462 16.7961
      vertex 42 32.4105 17.05
    endloop
  endfacet
  facet normal 1 -0 0
    outer loop
      vertex 42 23.8651 -7.7338
      vertex 42 33 -14.85
      vertex 42 23.9665 -7.46433
    endloop
  endfacet
  facet normal 1 0 0
    outer loop
      vertex 42 28.6 19.25
      vertex 42 32.4105 17.05
      vertex 42 32.2585 17.2945
    endloop
  endfacet
  facet normal 1 -0 0
    outer loop
      vertex 42 23.7462 -7.99606
      vertex 42 33 -14.85
      vertex 42 23.8651 -7.7338
    endloop
  endfacet
  facet normal 1 0 0
    outer loop
      vertex 42 28.6 19.25
      vertex 42 32.2585 17.2945
      vertex 42 32.0908 17.5285
    endloop
  endfacet
  facet normal 1 -0 0
    outer loop
      vertex 42 23.6105 -8.25
      vertex 42 33 -14.85
      vertex 42 23.7462 -7.99606
    endloop
  endfacet
  facet normal 1 0 0
    outer loop
      vertex 42 28.6 19.25
      vertex 42 32.0908 17.5285
      vertex 42 31.9081 17.7511
    endloop
  endfacet
  facet normal 1 -0 0
    outer loop
      vertex 42 23.4585 -8.4945
      vertex 42 33 -14.85
      vertex 42 23.6105 -8.25
    endloop
  endfacet
  facet normal 1 0 0
    outer loop
      vertex 42 28.6 19.25
      vertex 42 31.9081 17.7511
      vertex 42 31.7113 17.9613
    endloop
  endfacet
  facet normal 1 -0 0
    outer loop
      vertex 42 23.2908 -8.72855
      vertex 42 33 -14.85
      vertex 42 23.4585 -8.4945
    endloop
  endfacet
  facet normal 1 0 0
    outer loop
      vertex 42 28.6 19.25
      vertex 42 31.7113 17.9613
      vertex 42 31.5011 18.1581
    endloop
  endfacet
  facet normal 1 -0 0
    outer loop
      vertex 42 23.1081 -8.95113
      vertex 42 33 -14.85
      vertex 42 23.2908 -8.72855
    endloop
  endfacet
  facet normal 1 0 0
    outer loop
      vertex 42 28.6 19.25
      vertex 42 31.5011 18.1581
      vertex 42 31.2785 18.3408
    endloop
  endfacet
  facet normal 1 -0 0
    outer loop
      vertex 42 22.9113 -9.16127
      vertex 42 33 -14.85
      vertex 42 23.1081 -8.95113
    endloop
  endfacet
  facet normal 1 0 0
    outer loop
      vertex 42 28.6 19.25
      vertex 42 31.2785 18.3408
      vertex 42 31.0445 18.5085
    endloop
  endfacet
  facet normal 1 0 -0
    outer loop
      vertex 42 28.6 -19.25
      vertex 42 33 -14.85
      vertex 42 22.9113 -9.16127
    endloop
  endfacet
  facet normal 1 0 0
    outer loop
      vertex 42 28.6 19.25
      vertex 42 31.0445 18.5085
      vertex 42 30.8 18.6605
    endloop
  endfacet
  facet normal 1 0 0
    outer loop
      vertex 42 33 -14.85
      vertex 42 28.6 -19.25
      vertex 42 32.9906 -15.1378
    endloop
  endfacet
  facet normal 1 0 0
    outer loop
      vertex 42 28.6 19.25
      vertex 42 30.8 18.6605
      vertex 42 30.5461 18.7962
    endloop
  endfacet
  facet normal 1 0 0
    outer loop
      vertex 42 32.9906 -15.1378
      vertex 42 28.6 -19.25
      vertex 42 32.9624 -15.4243
    endloop
  endfacet
  facet normal 1 0 0
    outer loop
      vertex 42 28.6 19.25
      vertex 42 30.5461 18.7962
      vertex 42 30.2838 18.9151
    endloop
  endfacet
  facet normal 1 0 0
    outer loop
      vertex 42 32.9624 -15.4243
      vertex 42 28.6 -19.25
      vertex 42 32.9155 -15.7084
    endloop
  endfacet
  facet normal 1 0 0
    outer loop
      vertex 42 28.6 19.25
      vertex 42 30.2838 18.9151
      vertex 42 30.0143 19.0165
    endloop
  endfacet
  facet normal 1 0 0
    outer loop
      vertex 42 32.8501 -15.9888
      vertex 42 28.6 -19.25
      vertex 42 32.7665 -16.2643
    endloop
  endfacet
  facet normal 1 0 0
    outer loop
      vertex 42 28.6 19.25
      vertex 42 30.0143 19.0165
      vertex 42 29.7388 19.1001
    endloop
  endfacet
  facet normal 1 0 0
    outer loop
      vertex 42 32.7665 -16.2643
      vertex 42 28.6 -19.25
      vertex 42 32.6651 -16.5338
    endloop
  endfacet
  facet normal 1 0 0
    outer loop
      vertex 42 28.6 19.25
      vertex 42 29.7388 19.1001
      vertex 42 29.4584 19.1655
    endloop
  endfacet
  facet normal 1 0 0
    outer loop
      vertex 42 32.6651 -16.5338
      vertex 42 28.6 -19.25
      vertex 42 32.5462 -16.7961
    endloop
  endfacet
  facet normal 1 0 0
    outer loop
      vertex 42 28.6 19.25
      vertex 42 29.4584 19.1655
      vertex 42 29.1743 19.2124
    endloop
  endfacet
  facet normal 1 0 0
    outer loop
      vertex 42 32.5462 -16.7961
      vertex 42 28.6 -19.25
      vertex 42 32.4105 -17.05
    endloop
  endfacet
  facet normal 1 0 0
    outer loop
      vertex 42 28.6 19.25
      vertex 42 29.1743 19.2124
      vertex 42 28.8878 19.2406
    endloop
  endfacet
  facet normal 1 0 0
    outer loop
      vertex 42 32.4105 -17.05
      vertex 42 28.6 -19.25
      vertex 42 32.2585 -17.2945
    endloop
  endfacet
  facet normal 1 0 0
    outer loop
      vertex 42 33 14.85
      vertex 42 28.6 19.25
      vertex 42 22.9113 9.16127
    endloop
  endfacet
  facet normal 1 0 0
    outer loop
      vertex 42 32.2585 -17.2945
      vertex 42 28.6 -19.25
      vertex 42 32.0908 -17.5285
    endloop
  endfacet
  facet normal 1 0 0
    outer loop
      vertex 42 32.0908 -17.5285
      vertex 42 28.6 -19.25
      vertex 42 31.9081 -17.7511
    endloop
  endfacet
  facet normal 1 0 0
    outer loop
      vertex 42 33 14.85
      vertex 42 24.1906 6.33777
      vertex 42 24.2 6.05
    endloop
  endfacet
  facet normal 1 0 0
    outer loop
      vertex 42 33 14.85
      vertex 42 24.1624 6.62432
      vertex 42 24.1906 6.33777
    endloop
  endfacet
  facet normal 1 0 0
    outer loop
      vertex 42 33 14.85
      vertex 42 24.1155 6.9084
      vertex 42 24.1624 6.62432
    endloop
  endfacet
  facet normal 1 0 0
    outer loop
      vertex 42 33 14.85
      vertex 42 24.0501 7.18881
      vertex 42 24.1155 6.9084
    endloop
  endfacet
  facet normal 1 0 0
    outer loop
      vertex 42 33 14.85
      vertex 42 23.9665 7.46433
      vertex 42 24.0501 7.18881
    endloop
  endfacet
  facet normal 1 0 0
    outer loop
      vertex 42 33 14.85
      vertex 42 23.8651 7.7338
      vertex 42 23.9665 7.46433
    endloop
  endfacet
  facet normal 1 0 0
    outer loop
      vertex 42 33 14.85
      vertex 42 23.7462 7.99606
      vertex 42 23.8651 7.7338
    endloop
  endfacet
  facet normal 1 0 0
    outer loop
      vertex 42 33 14.85
      vertex 42 23.6105 8.25
      vertex 42 23.7462 7.99606
    endloop
  endfacet
  facet normal 1 0 0
    outer loop
      vertex 42 33 14.85
      vertex 42 23.4585 8.4945
      vertex 42 23.6105 8.25
    endloop
  endfacet
  facet normal 1 0 0
    outer loop
      vertex 42 33 14.85
      vertex 42 23.2908 8.72855
      vertex 42 23.4585 8.4945
    endloop
  endfacet
  facet normal 1 0 0
    outer loop
      vertex 42 33 14.85
      vertex 42 23.1081 8.95113
      vertex 42 23.2908 8.72855
    endloop
  endfacet
  facet normal 1 0 0
    outer loop
      vertex 42 33 14.85
      vertex 42 22.9113 9.16127
      vertex 42 23.1081 8.95113
    endloop
  endfacet
  facet normal 1 0 0
    outer loop
      vertex 42 28.6 19.25
      vertex 42 22.7011 9.35809
      vertex 42 22.9113 9.16127
    endloop
  endfacet
  facet normal 1 0 0
    outer loop
      vertex 42 28.6 19.25
      vertex 42 22.4785 9.54076
      vertex 42 22.7011 9.35809
    endloop
  endfacet
  facet normal 1 0 0
    outer loop
      vertex 42 28.6 19.25
      vertex 42 22.2445 9.70847
      vertex 42 22.4785 9.54076
    endloop
  endfacet
  facet normal 1 0 0
    outer loop
      vertex 42 28.6 19.25
      vertex 42 22 9.86051
      vertex 42 22.2445 9.70847
    endloop
  endfacet
  facet normal 1 0 0
    outer loop
      vertex 42 28.6 19.25
      vertex 42 21.7461 9.99624
      vertex 42 22 9.86051
    endloop
  endfacet
  facet normal 1 0 0
    outer loop
      vertex 42 28.6 19.25
      vertex 42 21.4838 10.1151
      vertex 42 21.7461 9.99624
    endloop
  endfacet
  facet normal 1 0 0
    outer loop
      vertex 42 28.6 19.25
      vertex 42 21.2143 10.2165
      vertex 42 21.4838 10.1151
    endloop
  endfacet
  facet normal 1 0 0
    outer loop
      vertex 42 28.6 19.25
      vertex 42 20.9388 10.3001
      vertex 42 21.2143 10.2165
    endloop
  endfacet
  facet normal 1 0 0
    outer loop
      vertex 42 28.6 19.25
      vertex 42 20.6584 10.3655
      vertex 42 20.9388 10.3001
    endloop
  endfacet
  facet normal 1 0 0
    outer loop
      vertex 42 28.6 19.25
      vertex 42 20.3743 10.4124
      vertex 42 20.6584 10.3655
    endloop
  endfacet
  facet normal 1 0 0
    outer loop
      vertex 42 28.6 19.25
      vertex 42 20.0878 10.4406
      vertex 42 20.3743 10.4124
    endloop
  endfacet
  facet normal 1 0 0
    outer loop
      vertex 42 28.6 19.25
      vertex 42 19.8 10.45
      vertex 42 20.0878 10.4406
    endloop
  endfacet
  facet normal 1 0 0
    outer loop
      vertex 42 28.6 19.25
      vertex 42 -19.8 10.45
      vertex 42 19.8 10.45
    endloop
  endfacet
  facet normal 1 -0 0
    outer loop
      vertex 42 -28.6 19.25
      vertex 42 -19.8 10.45
      vertex 42 28.6 19.25
    endloop
  endfacet
  facet normal 1 0 0
    outer loop
      vertex 42 -19.8 10.45
      vertex 42 -28.6 19.25
      vertex 42 -20.0878 10.4406
    endloop
  endfacet
  facet normal 1 0 0
    outer loop
      vertex 42 -20.0878 10.4406
      vertex 42 -28.6 19.25
      vertex 42 -20.3743 10.4124
    endloop
  endfacet
  facet normal 1 0 0
    outer loop
      vertex 42 -24.1906 6.33777
      vertex 42 -33 14.85
      vertex 42 -24.2 6.05
    endloop
  endfacet
  facet normal 1 0 0
    outer loop
      vertex 42 -24.1624 6.62432
      vertex 42 -33 14.85
      vertex 42 -24.1906 6.33777
    endloop
  endfacet
  facet normal 1 0 0
    outer loop
      vertex 42 -24.1155 6.9084
      vertex 42 -33 14.85
      vertex 42 -24.1624 6.62432
    endloop
  endfacet
  facet normal 1 0 0
    outer loop
      vertex 42 -24.0501 7.18881
      vertex 42 -33 14.85
      vertex 42 -24.1155 6.9084
    endloop
  endfacet
  facet normal 1 0 0
    outer loop
      vertex 42 -23.9665 7.46433
      vertex 42 -33 14.85
      vertex 42 -24.0501 7.18881
    endloop
  endfacet
  facet normal 1 0 0
    outer loop
      vertex 42 -23.8651 7.7338
      vertex 42 -33 14.85
      vertex 42 -23.9665 7.46433
    endloop
  endfacet
  facet normal 1 0 0
    outer loop
      vertex 42 -23.7462 7.99606
      vertex 42 -33 14.85
      vertex 42 -23.8651 7.7338
    endloop
  endfacet
  facet normal 1 0 0
    outer loop
      vertex 42 -23.6105 8.25
      vertex 42 -33 14.85
      vertex 42 -23.7462 7.99606
    endloop
  endfacet
  facet normal 1 0 0
    outer loop
      vertex 42 -23.4585 8.4945
      vertex 42 -33 14.85
      vertex 42 -23.6105 8.25
    endloop
  endfacet
  facet normal 1 0 0
    outer loop
      vertex 42 -23.2908 8.72855
      vertex 42 -33 14.85
      vertex 42 -23.4585 8.4945
    endloop
  endfacet
  facet normal 1 0 0
    outer loop
      vertex 42 -23.1081 8.95113
      vertex 42 -33 14.85
      vertex 42 -23.2908 8.72855
    endloop
  endfacet
  facet normal 1 0 0
    outer loop
      vertex 42 -22.9113 9.16127
      vertex 42 -33 14.85
      vertex 42 -23.1081 8.95113
    endloop
  endfacet
  facet normal 1 -0 0
    outer loop
      vertex 42 -33 14.85
      vertex 42 -22.9113 9.16127
      vertex 42 -28.6 19.25
    endloop
  endfacet
  facet normal 1 0 0
    outer loop
      vertex 42 -22.7011 9.35809
      vertex 42 -28.6 19.25
      vertex 42 -22.9113 9.16127
    endloop
  endfacet
  facet normal 1 0 0
    outer loop
      vertex 42 -22.4785 9.54076
      vertex 42 -28.6 19.25
      vertex 42 -22.7011 9.35809
    endloop
  endfacet
  facet normal 1 0 0
    outer loop
      vertex 42 -22.2445 9.70847
      vertex 42 -28.6 19.25
      vertex 42 -22.4785 9.54076
    endloop
  endfacet
  facet normal 1 0 0
    outer loop
      vertex 42 -22 9.86051
      vertex 42 -28.6 19.25
      vertex 42 -22.2445 9.70847
    endloop
  endfacet
  facet normal 1 0 0
    outer loop
      vertex 42 -21.7461 9.99624
      vertex 42 -28.6 19.25
      vertex 42 -22 9.86051
    endloop
  endfacet
  facet normal 1 0 0
    outer loop
      vertex 42 -21.4838 10.1151
      vertex 42 -28.6 19.25
      vertex 42 -21.7461 9.99624
    endloop
  endfacet
  facet normal 1 0 0
    outer loop
      vertex 42 -21.2143 10.2165
      vertex 42 -28.6 19.25
      vertex 42 -21.4838 10.1151
    endloop
  endfacet
  facet normal 1 0 0
    outer loop
      vertex 42 -20.9388 10.3001
      vertex 42 -28.6 19.25
      vertex 42 -21.2143 10.2165
    endloop
  endfacet
  facet normal 1 0 0
    outer loop
      vertex 42 -20.6584 10.3655
      vertex 42 -28.6 19.25
      vertex 42 -20.9388 10.3001
    endloop
  endfacet
  facet normal 1 0 0
    outer loop
      vertex 42 -20.3743 10.4124
      vertex 42 -28.6 19.25
      vertex 42 -20.6584 10.3655
    endloop
  endfacet
  facet normal 1 0 0
    outer loop
      vertex 42 31.9081 -17.7511
      vertex 42 28.6 -19.25
      vertex 42 31.7113 -17.9613
    endloop
  endfacet
  facet normal 1 0 0
    outer loop
      vertex 42 31.7113 -17.9613
      vertex 42 28.6 -19.25
      vertex 42 31.5011 -18.1581
    endloop
  endfacet
  facet normal 1 0 0
    outer loop
      vertex 42 31.5011 -18.1581
      vertex 42 28.6 -19.25
      vertex 42 31.2785 -18.3408
    endloop
  endfacet
  facet normal 1 0 0
    outer loop
      vertex 42 31.0445 -18.5085
      vertex 42 28.6 -19.25
      vertex 42 30.8 -18.6605
    endloop
  endfacet
  facet normal 1 0 0
    outer loop
      vertex 42 30.8 -18.6605
      vertex 42 28.6 -19.25
      vertex 42 30.5461 -18.7962
    endloop
  endfacet
  facet normal 1 0 0
    outer loop
      vertex 42 30.5461 -18.7962
      vertex 42 28.6 -19.25
      vertex 42 30.2838 -18.9151
    endloop
  endfacet
  facet normal 1 0 0
    outer loop
      vertex 42 30.2838 -18.9151
      vertex 42 28.6 -19.25
      vertex 42 30.0143 -19.0165
    endloop
  endfacet
  facet normal 1 0 0
    outer loop
      vertex 42 30.0143 -19.0165
      vertex 42 28.6 -19.25
      vertex 42 29.7388 -19.1001
    endloop
  endfacet
  facet normal 1 0 0
    outer loop
      vertex 42 29.7388 -19.1001
      vertex 42 28.6 -19.25
      vertex 42 29.4584 -19.1655
    endloop
  endfacet
  facet normal 1 0 0
    outer loop
      vertex 42 29.4584 -19.1655
      vertex 42 28.6 -19.25
      vertex 42 29.1743 -19.2124
    endloop
  endfacet
  facet normal 1 0 0
    outer loop
      vertex 42 29.1743 -19.2124
      vertex 42 28.6 -19.25
      vertex 42 28.8878 -19.2406
    endloop
  endfacet
  facet normal 1 0 0
    outer loop
      vertex 42 31.2785 -18.3408
      vertex 42 28.6 -19.25
      vertex 42 31.0445 -18.5085
    endloop
  endfacet
  facet normal 1 0 0
    outer loop
      vertex 42 32.9155 -15.7084
      vertex 42 28.6 -19.25
      vertex 42 32.8501 -15.9888
    endloop
  endfacet
  facet normal 1 -0 0
    outer loop
      vertex 42 22.7011 -9.35809
      vertex 42 28.6 -19.25
      vertex 42 22.9113 -9.16127
    endloop
  endfacet
  facet normal 1 -0 0
    outer loop
      vertex 42 22.4785 -9.54076
      vertex 42 28.6 -19.25
      vertex 42 22.7011 -9.35809
    endloop
  endfacet
  facet normal 1 -0 0
    outer loop
      vertex 42 22.2445 -9.70847
      vertex 42 28.6 -19.25
      vertex 42 22.4785 -9.54076
    endloop
  endfacet
  facet normal 1 -0 0
    outer loop
      vertex 42 22 -9.86051
      vertex 42 28.6 -19.25
      vertex 42 22.2445 -9.70847
    endloop
  endfacet
  facet normal 1 -0 0
    outer loop
      vertex 42 21.7461 -9.99624
      vertex 42 28.6 -19.25
      vertex 42 22 -9.86051
    endloop
  endfacet
  facet normal 1 -0 0
    outer loop
      vertex 42 21.4838 -10.1151
      vertex 42 28.6 -19.25
      vertex 42 21.7461 -9.99624
    endloop
  endfacet
  facet normal 1 -0 0
    outer loop
      vertex 42 21.2143 -10.2165
      vertex 42 28.6 -19.25
      vertex 42 21.4838 -10.1151
    endloop
  endfacet
  facet normal 1 -0 0
    outer loop
      vertex 42 20.9388 -10.3001
      vertex 42 28.6 -19.25
      vertex 42 21.2143 -10.2165
    endloop
  endfacet
  facet normal 1 -0 0
    outer loop
      vertex 42 20.6584 -10.3655
      vertex 42 28.6 -19.25
      vertex 42 20.9388 -10.3001
    endloop
  endfacet
  facet normal 1 -0 0
    outer loop
      vertex 42 20.3743 -10.4124
      vertex 42 28.6 -19.25
      vertex 42 20.6584 -10.3655
    endloop
  endfacet
  facet normal 1 -0 0
    outer loop
      vertex 42 20.0878 -10.4406
      vertex 42 28.6 -19.25
      vertex 42 20.3743 -10.4124
    endloop
  endfacet
  facet normal 1 -0 0
    outer loop
      vertex 42 19.8 -10.45
      vertex 42 28.6 -19.25
      vertex 42 20.0878 -10.4406
    endloop
  endfacet
  facet normal 1 0 0
    outer loop
      vertex 42 3.99144 -15.2616
      vertex 42 19.8 -10.45
      vertex 42 4 -15
    endloop
  endfacet
  facet normal 1 0 0
    outer loop
      vertex 42 3.96578 -15.5221
      vertex 42 19.8 -10.45
      vertex 42 3.99144 -15.2616
    endloop
  endfacet
  facet normal 1 0 0
    outer loop
      vertex 42 3.92314 -15.7804
      vertex 42 19.8 -10.45
      vertex 42 3.96578 -15.5221
    endloop
  endfacet
  facet normal 1 0 0
    outer loop
      vertex 42 3.8637 -16.0353
      vertex 42 19.8 -10.45
      vertex 42 3.92314 -15.7804
    endloop
  endfacet
  facet normal 1 0 0
    outer loop
      vertex 42 3.78772 -16.2858
      vertex 42 19.8 -10.45
      vertex 42 3.8637 -16.0353
    endloop
  endfacet
  facet normal 1 0 0
    outer loop
      vertex 42 3.69552 -16.5307
      vertex 42 19.8 -10.45
      vertex 42 3.78772 -16.2858
    endloop
  endfacet
  facet normal 1 0 0
    outer loop
      vertex 42 3.58749 -16.7692
      vertex 42 19.8 -10.45
      vertex 42 3.69552 -16.5307
    endloop
  endfacet
  facet normal 1 0 0
    outer loop
      vertex 42 3.4641 -17
      vertex 42 19.8 -10.45
      vertex 42 3.58749 -16.7692
    endloop
  endfacet
  facet normal 1 0 0
    outer loop
      vertex 42 19.8 -10.45
      vertex 42 3.4641 -17
      vertex 42 28.6 -19.25
    endloop
  endfacet
  facet normal 1 -0 0
    outer loop
      vertex 42 3.32588 -17.2223
      vertex 42 28.6 -19.25
      vertex 42 3.4641 -17
    endloop
  endfacet
  facet normal 1 -0 0
    outer loop
      vertex 42 3.17341 -17.435
      vertex 42 28.6 -19.25
      vertex 42 3.32588 -17.2223
    endloop
  endfacet
  facet normal 1 -0 0
    outer loop
      vertex 42 3.00736 -17.6374
      vertex 42 28.6 -19.25
      vertex 42 3.17341 -17.435
    endloop
  endfacet
  facet normal 1 -0 0
    outer loop
      vertex 42 2.82843 -17.8284
      vertex 42 28.6 -19.25
      vertex 42 3.00736 -17.6374
    endloop
  endfacet
  facet normal 1 -0 0
    outer loop
      vertex 42 2.63738 -18.0074
      vertex 42 28.6 -19.25
      vertex 42 2.82843 -17.8284
    endloop
  endfacet
  facet normal 1 -0 0
    outer loop
      vertex 42 2.43505 -18.1734
      vertex 42 28.6 -19.25
      vertex 42 2.63738 -18.0074
    endloop
  endfacet
  facet normal 1 -0 0
    outer loop
      vertex 42 2.22228 -18.3259
      vertex 42 28.6 -19.25
      vertex 42 2.43505 -18.1734
    endloop
  endfacet
  facet normal 1 -0 0
    outer loop
      vertex 42 2 -18.4641
      vertex 42 28.6 -19.25
      vertex 42 2.22228 -18.3259
    endloop
  endfacet
  facet normal 1 -0 0
    outer loop
      vertex 42 1.76915 -18.5875
      vertex 42 28.6 -19.25
      vertex 42 2 -18.4641
    endloop
  endfacet
  facet normal 1 -0 0
    outer loop
      vertex 42 1.53073 -18.6955
      vertex 42 28.6 -19.25
      vertex 42 1.76915 -18.5875
    endloop
  endfacet
  facet normal 1 -0 0
    outer loop
      vertex 42 1.28576 -18.7877
      vertex 42 28.6 -19.25
      vertex 42 1.53073 -18.6955
    endloop
  endfacet
  facet normal 1 -0 0
    outer loop
      vertex 42 1.03528 -18.8637
      vertex 42 28.6 -19.25
      vertex 42 1.28576 -18.7877
    endloop
  endfacet
  facet normal 1 -0 0
    outer loop
      vertex 42 0.780361 -18.9231
      vertex 42 28.6 -19.25
      vertex 42 1.03528 -18.8637
    endloop
  endfacet
  facet normal 1 -0 0
    outer loop
      vertex 42 0.522104 -18.9658
      vertex 42 28.6 -19.25
      vertex 42 0.780361 -18.9231
    endloop
  endfacet
  facet normal 1 -0 0
    outer loop
      vertex 42 0.261612 -18.9914
      vertex 42 28.6 -19.25
      vertex 42 0.522104 -18.9658
    endloop
  endfacet
  facet normal 1 -0 0
    outer loop
      vertex 42 0 -19
      vertex 42 28.6 -19.25
      vertex 42 0.261612 -18.9914
    endloop
  endfacet
  facet normal 1 0 0
    outer loop
      vertex 42 -19.8 -10.45
      vertex 42 -3.99144 -15.2616
      vertex 42 -4 -15
    endloop
  endfacet
  facet normal 1 0 0
    outer loop
      vertex 42 -19.8 -10.45
      vertex 42 -3.96578 -15.5221
      vertex 42 -3.99144 -15.2616
    endloop
  endfacet
  facet normal 1 0 0
    outer loop
      vertex 42 -19.8 -10.45
      vertex 42 -3.92314 -15.7804
      vertex 42 -3.96578 -15.5221
    endloop
  endfacet
  facet normal 1 0 0
    outer loop
      vertex 42 -19.8 -10.45
      vertex 42 -3.8637 -16.0353
      vertex 42 -3.92314 -15.7804
    endloop
  endfacet
  facet normal 1 0 0
    outer loop
      vertex 42 -19.8 -10.45
      vertex 42 -3.78772 -16.2858
      vertex 42 -3.8637 -16.0353
    endloop
  endfacet
  facet normal 1 0 0
    outer loop
      vertex 42 -19.8 -10.45
      vertex 42 -3.69552 -16.5307
      vertex 42 -3.78772 -16.2858
    endloop
  endfacet
  facet normal 1 0 0
    outer loop
      vertex 42 -19.8 -10.45
      vertex 42 -3.58749 -16.7692
      vertex 42 -3.69552 -16.5307
    endloop
  endfacet
  facet normal 1 0 0
    outer loop
      vertex 42 -19.8 -10.45
      vertex 42 -3.4641 -17
      vertex 42 -3.58749 -16.7692
    endloop
  endfacet
  facet normal 1 0 0
    outer loop
      vertex 42 -28.6 -19.25
      vertex 42 -3.4641 -17
      vertex 42 -19.8 -10.45
    endloop
  endfacet
  facet normal 1 0 0
    outer loop
      vertex 42 -3.4641 -17
      vertex 42 -28.6 -19.25
      vertex 42 -3.32588 -17.2223
    endloop
  endfacet
  facet normal 1 0 0
    outer loop
      vertex 42 -3.32588 -17.2223
      vertex 42 -28.6 -19.25
      vertex 42 -3.17341 -17.435
    endloop
  endfacet
  facet normal 1 0 0
    outer loop
      vertex 42 -3.17341 -17.435
      vertex 42 -28.6 -19.25
      vertex 42 -3.00736 -17.6374
    endloop
  endfacet
  facet normal 1 0 0
    outer loop
      vertex 42 -3.00736 -17.6374
      vertex 42 -28.6 -19.25
      vertex 42 -2.82843 -17.8284
    endloop
  endfacet
  facet normal 1 0 0
    outer loop
      vertex 42 -2.82843 -17.8284
      vertex 42 -28.6 -19.25
      vertex 42 -2.63738 -18.0074
    endloop
  endfacet
  facet normal 1 0 0
    outer loop
      vertex 42 -2.63738 -18.0074
      vertex 42 -28.6 -19.25
      vertex 42 -2.43505 -18.1734
    endloop
  endfacet
  facet normal 1 0 0
    outer loop
      vertex 42 -2.43505 -18.1734
      vertex 42 -28.6 -19.25
      vertex 42 -2.22228 -18.3259
    endloop
  endfacet
  facet normal 1 0 0
    outer loop
      vertex 42 -2.22228 -18.3259
      vertex 42 -28.6 -19.25
      vertex 42 -2 -18.4641
    endloop
  endfacet
  facet normal 1 0 0
    outer loop
      vertex 42 -2 -18.4641
      vertex 42 -28.6 -19.25
      vertex 42 -1.76915 -18.5875
    endloop
  endfacet
  facet normal 1 0 0
    outer loop
      vertex 42 -28.6 -19.25
      vertex 42 -19.8 -10.45
      vertex 42 -20.0878 -10.4406
    endloop
  endfacet
  facet normal 1 0 0
    outer loop
      vertex 42 -28.6 -19.25
      vertex 42 -20.0878 -10.4406
      vertex 42 -20.3743 -10.4124
    endloop
  endfacet
  facet normal 1 0 0
    outer loop
      vertex 42 -28.6 -19.25
      vertex 42 -20.3743 -10.4124
      vertex 42 -20.6584 -10.3655
    endloop
  endfacet
  facet normal 1 0 0
    outer loop
      vertex 42 -28.6 -19.25
      vertex 42 -20.6584 -10.3655
      vertex 42 -20.9388 -10.3001
    endloop
  endfacet
  facet normal 1 0 0
    outer loop
      vertex 42 -28.6 -19.25
      vertex 42 -20.9388 -10.3001
      vertex 42 -21.2143 -10.2165
    endloop
  endfacet
  facet normal 1 0 0
    outer loop
      vertex 42 -28.6 -19.25
      vertex 42 -21.2143 -10.2165
      vertex 42 -21.4838 -10.1151
    endloop
  endfacet
  facet normal 1 0 0
    outer loop
      vertex 42 -24.2 6.05
      vertex 42 -33 14.85
      vertex 42 -24.2 -6.05
    endloop
  endfacet
  facet normal 1 0 0
    outer loop
      vertex 42 -33 -14.85
      vertex 42 -24.2 -6.05
      vertex 42 -33 14.85
    endloop
  endfacet
  facet normal 1 0 0
    outer loop
      vertex 42 -24.2 -6.05
      vertex 42 -33 -14.85
      vertex 42 -24.1906 -6.33777
    endloop
  endfacet
  facet normal 1 0 0
    outer loop
      vertex 42 0 -19
      vertex 42 -28.6 -19.25
      vertex 42 28.6 -19.25
    endloop
  endfacet
  facet normal 1 0 0
    outer loop
      vertex 42 -0.261612 -18.9914
      vertex 42 -28.6 -19.25
      vertex 42 0 -19
    endloop
  endfacet
  facet normal 1 0 0
    outer loop
      vertex 42 -0.522104 -18.9658
      vertex 42 -28.6 -19.25
      vertex 42 -0.261612 -18.9914
    endloop
  endfacet
  facet normal 1 0 0
    outer loop
      vertex 42 -0.780361 -18.9231
      vertex 42 -28.6 -19.25
      vertex 42 -0.522104 -18.9658
    endloop
  endfacet
  facet normal 1 0 0
    outer loop
      vertex 42 -1.03528 -18.8637
      vertex 42 -28.6 -19.25
      vertex 42 -0.780361 -18.9231
    endloop
  endfacet
  facet normal 1 0 0
    outer loop
      vertex 42 -1.28576 -18.7877
      vertex 42 -28.6 -19.25
      vertex 42 -1.03528 -18.8637
    endloop
  endfacet
  facet normal 1 0 0
    outer loop
      vertex 42 -1.53073 -18.6955
      vertex 42 -28.6 -19.25
      vertex 42 -1.28576 -18.7877
    endloop
  endfacet
  facet normal 1 0 0
    outer loop
      vertex 42 -1.76915 -18.5875
      vertex 42 -28.6 -19.25
      vertex 42 -1.53073 -18.6955
    endloop
  endfacet
  facet normal 1 0 0
    outer loop
      vertex 42 -21.7461 -9.99624
      vertex 42 -28.6 -19.25
      vertex 42 -21.4838 -10.1151
    endloop
  endfacet
  facet normal 1 0 0
    outer loop
      vertex 42 -22 -9.86051
      vertex 42 -28.6 -19.25
      vertex 42 -21.7461 -9.99624
    endloop
  endfacet
  facet normal 1 0 0
    outer loop
      vertex 42 -22.2445 -9.70847
      vertex 42 -28.6 -19.25
      vertex 42 -22 -9.86051
    endloop
  endfacet
  facet normal 1 0 0
    outer loop
      vertex 42 -22.4785 -9.54076
      vertex 42 -28.6 -19.25
      vertex 42 -22.2445 -9.70847
    endloop
  endfacet
  facet normal 1 0 0
    outer loop
      vertex 42 -22.7011 -9.35809
      vertex 42 -28.6 -19.25
      vertex 42 -22.4785 -9.54076
    endloop
  endfacet
  facet normal 1 0 0
    outer loop
      vertex 42 -22.9113 -9.16127
      vertex 42 -28.6 -19.25
      vertex 42 -22.7011 -9.35809
    endloop
  endfacet
  facet normal 1 0 0
    outer loop
      vertex 42 -33 -14.85
      vertex 42 -22.9113 -9.16127
      vertex 42 -23.1081 -8.95113
    endloop
  endfacet
  facet normal 1 0 0
    outer loop
      vertex 42 -33 -14.85
      vertex 42 -23.1081 -8.95113
      vertex 42 -23.2908 -8.72855
    endloop
  endfacet
  facet normal 1 0 0
    outer loop
      vertex 42 -33 -14.85
      vertex 42 -23.2908 -8.72855
      vertex 42 -23.4585 -8.4945
    endloop
  endfacet
  facet normal 1 0 0
    outer loop
      vertex 42 -33 -14.85
      vertex 42 -23.4585 -8.4945
      vertex 42 -23.6105 -8.25
    endloop
  endfacet
  facet normal 1 0 0
    outer loop
      vertex 42 -33 -14.85
      vertex 42 -23.6105 -8.25
      vertex 42 -23.7462 -7.99606
    endloop
  endfacet
  facet normal 1 0 0
    outer loop
      vertex 42 -33 -14.85
      vertex 42 -23.7462 -7.99606
      vertex 42 -23.8651 -7.7338
    endloop
  endfacet
  facet normal 1 0 0
    outer loop
      vertex 42 -33 -14.85
      vertex 42 -23.8651 -7.7338
      vertex 42 -23.9665 -7.46433
    endloop
  endfacet
  facet normal 1 0 0
    outer loop
      vertex 42 -33 -14.85
      vertex 42 -23.9665 -7.46433
      vertex 42 -24.0501 -7.18881
    endloop
  endfacet
  facet normal 1 0 0
    outer loop
      vertex 42 -33 -14.85
      vertex 42 -24.0501 -7.18881
      vertex 42 -24.1155 -6.9084
    endloop
  endfacet
  facet normal 1 0 0
    outer loop
      vertex 42 -24.1906 -6.33777
      vertex 42 -33 -14.85
      vertex 42 -24.1624 -6.62432
    endloop
  endfacet
  facet normal 1 0 0
    outer loop
      vertex 42 -33 14.85
      vertex 42 -28.6 19.25
      vertex 42 -28.8878 19.2406
    endloop
  endfacet
  facet normal 1 0 0
    outer loop
      vertex 42 -24.1624 -6.62432
      vertex 42 -33 -14.85
      vertex 42 -24.1155 -6.9084
    endloop
  endfacet
  facet normal 1 0 0
    outer loop
      vertex 42 -33 14.85
      vertex 42 -28.8878 19.2406
      vertex 42 -29.1743 19.2124
    endloop
  endfacet
  facet normal 1 0 0
    outer loop
      vertex 42 -22.9113 -9.16127
      vertex 42 -33 -14.85
      vertex 42 -28.6 -19.25
    endloop
  endfacet
  facet normal 1 0 0
    outer loop
      vertex 42 -33 14.85
      vertex 42 -29.1743 19.2124
      vertex 42 -29.4584 19.1655
    endloop
  endfacet
  facet normal 1 0 0
    outer loop
      vertex 42 -28.6 -19.25
      vertex 42 -33 -14.85
      vertex 42 -28.8878 -19.2406
    endloop
  endfacet
  facet normal 1 0 0
    outer loop
      vertex 42 -33 14.85
      vertex 42 -29.4584 19.1655
      vertex 42 -29.7388 19.1001
    endloop
  endfacet
  facet normal 1 0 0
    outer loop
      vertex 42 -28.8878 -19.2406
      vertex 42 -33 -14.85
      vertex 42 -29.1743 -19.2124
    endloop
  endfacet
  facet normal 1 0 0
    outer loop
      vertex 42 -33 14.85
      vertex 42 -29.7388 19.1001
      vertex 42 -30.0143 19.0165
    endloop
  endfacet
  facet normal 1 0 0
    outer loop
      vertex 42 -29.1743 -19.2124
      vertex 42 -33 -14.85
      vertex 42 -29.4584 -19.1655
    endloop
  endfacet
  facet normal 1 0 0
    outer loop
      vertex 42 -33 14.85
      vertex 42 -30.0143 19.0165
      vertex 42 -30.2838 18.9151
    endloop
  endfacet
  facet normal 1 0 0
    outer loop
      vertex 42 -29.4584 -19.1655
      vertex 42 -33 -14.85
      vertex 42 -29.7388 -19.1001
    endloop
  endfacet
  facet normal 1 0 0
    outer loop
      vertex 42 -33 14.85
      vertex 42 -30.2838 18.9151
      vertex 42 -30.5461 18.7962
    endloop
  endfacet
  facet normal 1 0 0
    outer loop
      vertex 42 -29.7388 -19.1001
      vertex 42 -33 -14.85
      vertex 42 -30.0143 -19.0165
    endloop
  endfacet
  facet normal 1 0 0
    outer loop
      vertex 42 -33 14.85
      vertex 42 -30.5461 18.7962
      vertex 42 -30.8 18.6605
    endloop
  endfacet
  facet normal 1 0 0
    outer loop
      vertex 42 -30.0143 -19.0165
      vertex 42 -33 -14.85
      vertex 42 -30.2838 -18.9151
    endloop
  endfacet
  facet normal 1 0 0
    outer loop
      vertex 42 -33 14.85
      vertex 42 -30.8 18.6605
      vertex 42 -31.0445 18.5085
    endloop
  endfacet
  facet normal 1 0 0
    outer loop
      vertex 42 -30.2838 -18.9151
      vertex 42 -33 -14.85
      vertex 42 -30.5461 -18.7962
    endloop
  endfacet
  facet normal 1 0 0
    outer loop
      vertex 42 -33 14.85
      vertex 42 -31.0445 18.5085
      vertex 42 -31.2785 18.3408
    endloop
  endfacet
  facet normal 1 0 0
    outer loop
      vertex 42 -30.5461 -18.7962
      vertex 42 -33 -14.85
      vertex 42 -30.8 -18.6605
    endloop
  endfacet
  facet normal 1 0 0
    outer loop
      vertex 42 -33 14.85
      vertex 42 -31.2785 18.3408
      vertex 42 -31.5011 18.1581
    endloop
  endfacet
  facet normal 1 0 0
    outer loop
      vertex 42 -30.8 -18.6605
      vertex 42 -33 -14.85
      vertex 42 -31.0445 -18.5085
    endloop
  endfacet
  facet normal 1 0 0
    outer loop
      vertex 42 -33 14.85
      vertex 42 -31.5011 18.1581
      vertex 42 -31.7113 17.9613
    endloop
  endfacet
  facet normal 1 0 0
    outer loop
      vertex 42 -31.0445 -18.5085
      vertex 42 -33 -14.85
      vertex 42 -31.2785 -18.3408
    endloop
  endfacet
  facet normal 1 0 0
    outer loop
      vertex 42 -33 14.85
      vertex 42 -31.7113 17.9613
      vertex 42 -31.9081 17.7511
    endloop
  endfacet
  facet normal 1 0 0
    outer loop
      vertex 42 -31.2785 -18.3408
      vertex 42 -33 -14.85
      vertex 42 -31.5011 -18.1581
    endloop
  endfacet
  facet normal 1 0 0
    outer loop
      vertex 42 -33 14.85
      vertex 42 -31.9081 17.7511
      vertex 42 -32.0908 17.5285
    endloop
  endfacet
  facet normal 1 0 0
    outer loop
      vertex 42 -31.5011 -18.1581
      vertex 42 -33 -14.85
      vertex 42 -31.7113 -17.9613
    endloop
  endfacet
  facet normal 1 0 0
    outer loop
      vertex 42 -33 14.85
      vertex 42 -32.0908 17.5285
      vertex 42 -32.2585 17.2945
    endloop
  endfacet
  facet normal 1 0 0
    outer loop
      vertex 42 -31.7113 -17.9613
      vertex 42 -33 -14.85
      vertex 42 -31.9081 -17.7511
    endloop
  endfacet
  facet normal 1 0 0
    outer loop
      vertex 42 -33 14.85
      vertex 42 -32.2585 17.2945
      vertex 42 -32.4105 17.05
    endloop
  endfacet
  facet normal 1 0 0
    outer loop
      vertex 42 -31.9081 -17.7511
      vertex 42 -33 -14.85
      vertex 42 -32.0908 -17.5285
    endloop
  endfacet
  facet normal 1 0 0
    outer loop
      vertex 42 -33 14.85
      vertex 42 -32.4105 17.05
      vertex 42 -32.5462 16.7961
    endloop
  endfacet
  facet normal 1 0 0
    outer loop
      vertex 42 -32.0908 -17.5285
      vertex 42 -33 -14.85
      vertex 42 -32.2585 -17.2945
    endloop
  endfacet
  facet normal 1 0 0
    outer loop
      vertex 42 -33 14.85
      vertex 42 -32.5462 16.7961
      vertex 42 -32.6651 16.5338
    endloop
  endfacet
  facet normal 1 0 0
    outer loop
      vertex 42 -32.2585 -17.2945
      vertex 42 -33 -14.85
      vertex 42 -32.4105 -17.05
    endloop
  endfacet
  facet normal 1 0 0
    outer loop
      vertex 42 -33 14.85
      vertex 42 -32.6651 16.5338
      vertex 42 -32.7665 16.2643
    endloop
  endfacet
  facet normal 1 0 0
    outer loop
      vertex 42 -32.4105 -17.05
      vertex 42 -33 -14.85
      vertex 42 -32.5462 -16.7961
    endloop
  endfacet
  facet normal 1 0 0
    outer loop
      vertex 42 -33 14.85
      vertex 42 -32.7665 16.2643
      vertex 42 -32.8501 15.9888
    endloop
  endfacet
  facet normal 1 0 0
    outer loop
      vertex 42 -32.5462 -16.7961
      vertex 42 -33 -14.85
      vertex 42 -32.6651 -16.5338
    endloop
  endfacet
  facet normal 1 0 0
    outer loop
      vertex 42 -33 14.85
      vertex 42 -32.8501 15.9888
      vertex 42 -32.9155 15.7084
    endloop
  endfacet
  facet normal 1 0 0
    outer loop
      vertex 42 -32.6651 -16.5338
      vertex 42 -33 -14.85
      vertex 42 -32.7665 -16.2643
    endloop
  endfacet
  facet normal 1 0 0
    outer loop
      vertex 42 -33 14.85
      vertex 42 -32.9155 15.7084
      vertex 42 -32.9624 15.4243
    endloop
  endfacet
  facet normal 1 0 0
    outer loop
      vertex 42 -32.7665 -16.2643
      vertex 42 -33 -14.85
      vertex 42 -32.8501 -15.9888
    endloop
  endfacet
  facet normal 1 0 0
    outer loop
      vertex 42 -33 14.85
      vertex 42 -32.9624 15.4243
      vertex 42 -32.9906 15.1378
    endloop
  endfacet
  facet normal 1 0 0
    outer loop
      vertex 42 -32.8501 -15.9888
      vertex 42 -33 -14.85
      vertex 42 -32.9155 -15.7084
    endloop
  endfacet
  facet normal 1 0 0
    outer loop
      vertex 42 -32.9155 -15.7084
      vertex 42 -33 -14.85
      vertex 42 -32.9624 -15.4243
    endloop
  endfacet
  facet normal 1 0 0
    outer loop
      vertex 42 -32.9624 -15.4243
      vertex 42 -33 -14.85
      vertex 42 -32.9906 -15.1378
    endloop
  endfacet
  facet normal -0.363286 -0.927211 -0.0911194
    outer loop
      vertex 34 -29.9658 -14.0221
      vertex 42 -32.9906 -15.1378
      vertex 34 -29.9914 -13.7616
    endloop
  endfacet
  facet normal -0.363299 -0.927192 -0.0912629
    outer loop
      vertex 42 -32.9624 -15.4243
      vertex 42 -32.9906 -15.1378
      vertex 34 -29.9658 -14.0221
    endloop
  endfacet
  facet normal -0.369906 -0.916629 -0.151529
    outer loop
      vertex 34 -29.9231 -14.2804
      vertex 42 -32.9624 -15.4243
      vertex 34 -29.9658 -14.0221
    endloop
  endfacet
  facet normal -0.369891 -0.916668 -0.151326
    outer loop
      vertex 42 -32.9155 -15.7084
      vertex 42 -32.9624 -15.4243
      vertex 34 -29.9231 -14.2804
    endloop
  endfacet
  facet normal -0.375223 -0.902747 -0.210369
    outer loop
      vertex 34 -29.8637 -14.5353
      vertex 42 -32.9155 -15.7084
      vertex 34 -29.9231 -14.2804
    endloop
  endfacet
  facet normal -0.375232 -0.902702 -0.210545
    outer loop
      vertex 42 -32.8501 -15.9888
      vertex 42 -32.9155 -15.7084
      vertex 34 -29.8637 -14.5353
    endloop
  endfacet
  facet normal -0.379329 -0.885409 -0.268627
    outer loop
      vertex 34 -29.7877 -14.7858
      vertex 42 -32.8501 -15.9888
      vertex 34 -29.8637 -14.5353
    endloop
  endfacet
  facet normal -0.379331 -0.885395 -0.268672
    outer loop
      vertex 42 -32.8501 -15.9888
      vertex 34 -29.7877 -14.7858
      vertex 42 -32.7665 -16.2643
    endloop
  endfacet
  facet normal -0.382191 -0.864825 -0.325589
    outer loop
      vertex 34 -29.6955 -15.0307
      vertex 42 -32.7665 -16.2643
      vertex 34 -29.7877 -14.7858
    endloop
  endfacet
  facet normal -0.382189 -0.86489 -0.325417
    outer loop
      vertex 42 -32.6651 -16.5338
      vertex 42 -32.7665 -16.2643
      vertex 34 -29.6955 -15.0307
    endloop
  endfacet
  facet normal -0.383818 -0.841123 -0.381046
    outer loop
      vertex 34 -29.5875 -15.2691
      vertex 42 -32.6651 -16.5338
      vertex 34 -29.6955 -15.0307
    endloop
  endfacet
  facet normal -0.383816 -0.841036 -0.38124
    outer loop
      vertex 42 -32.5462 -16.7961
      vertex 42 -32.6651 -16.5338
      vertex 34 -29.5875 -15.2691
    endloop
  endfacet
  facet normal -0.384205 -0.814259 -0.435165
    outer loop
      vertex 34 -29.4641 -15.5
      vertex 42 -32.4105 -17.05
      vertex 34 -29.5875 -15.2691
    endloop
  endfacet
  facet normal -0.384205 -0.814248 -0.435185
    outer loop
      vertex 42 -32.4105 -17.05
      vertex 42 -32.5462 -16.7961
      vertex 34 -29.5875 -15.2691
    endloop
  endfacet
  facet normal -0.383365 -0.784376 -0.487633
    outer loop
      vertex 34 -29.3259 -15.7223
      vertex 42 -32.2585 -17.2945
      vertex 34 -29.4641 -15.5
    endloop
  endfacet
  facet normal -0.383365 -0.784378 -0.48763
    outer loop
      vertex 42 -32.2585 -17.2945
      vertex 42 -32.4105 -17.05
      vertex 34 -29.4641 -15.5
    endloop
  endfacet
  facet normal -0.381279 -0.751308 -0.538667
    outer loop
      vertex 34 -29.1734 -15.935
      vertex 42 -32.0908 -17.5285
      vertex 34 -29.3259 -15.7223
    endloop
  endfacet
  facet normal -0.381282 -0.751416 -0.538515
    outer loop
      vertex 42 -32.0908 -17.5285
      vertex 42 -32.2585 -17.2945
      vertex 34 -29.3259 -15.7223
    endloop
  endfacet
  facet normal -0.377983 -0.715845 -0.587106
    outer loop
      vertex 34 -29.0074 -16.1374
      vertex 42 -31.9081 -17.7511
      vertex 34 -29.1734 -15.935
    endloop
  endfacet
  facet normal -0.377972 -0.71564 -0.587365
    outer loop
      vertex 42 -31.9081 -17.7511
      vertex 42 -32.0908 -17.5285
      vertex 34 -29.1734 -15.935
    endloop
  endfacet
  facet normal -0.373402 -0.67688 -0.634354
    outer loop
      vertex 34 -28.8284 -16.3284
      vertex 42 -31.7113 -17.9613
      vertex 34 -29.0074 -16.1374
    endloop
  endfacet
  facet normal -0.373427 -0.677184 -0.634014
    outer loop
      vertex 42 -31.7113 -17.9613
      vertex 42 -31.9081 -17.7511
      vertex 34 -29.0074 -16.1374
    endloop
  endfacet
  facet normal -0.367648 -0.635923 -0.678555
    outer loop
      vertex 34 -28.6374 -16.5074
      vertex 42 -31.5011 -18.1581
      vertex 34 -28.8284 -16.3284
    endloop
  endfacet
  facet normal -0.367613 -0.635599 -0.678877
    outer loop
      vertex 42 -31.5011 -18.1581
      vertex 42 -31.7113 -17.9613
      vertex 34 -28.8284 -16.3284
    endloop
  endfacet
  facet normal -0.360557 -0.591498 -0.7212
    outer loop
      vertex 34 -28.435 -16.6734
      vertex 42 -31.2785 -18.3408
      vertex 34 -28.6374 -16.5074
    endloop
  endfacet
  facet normal -0.360588 -0.591747 -0.720979
    outer loop
      vertex 42 -31.2785 -18.3408
      vertex 42 -31.5011 -18.1581
      vertex 34 -28.6374 -16.5074
    endloop
  endfacet
  facet normal -0.352343 -0.545316 -0.760582
    outer loop
      vertex 34 -28.2223 -16.8259
      vertex 42 -31.0445 -18.5085
      vertex 34 -28.435 -16.6734
    endloop
  endfacet
  facet normal -0.352321 -0.545167 -0.760699
    outer loop
      vertex 42 -31.0445 -18.5085
      vertex 42 -31.2785 -18.3408
      vertex 34 -28.435 -16.6734
    endloop
  endfacet
  facet normal -0.342771 -0.495986 -0.797813
    outer loop
      vertex 34 -28 -16.9641
      vertex 42 -30.8 -18.6605
      vertex 34 -28.2223 -16.8259
    endloop
  endfacet
  facet normal -0.342771 -0.495983 -0.797815
    outer loop
      vertex 42 -30.8 -18.6605
      vertex 42 -31.0445 -18.5085
      vertex 34 -28.2223 -16.8259
    endloop
  endfacet
  facet normal -0.332021 -0.444603 -0.83192
    outer loop
      vertex 34 -27.7691 -17.0875
      vertex 42 -30.5461 -18.7962
      vertex 34 -28 -16.9641
    endloop
  endfacet
  facet normal -0.332024 -0.444623 -0.831908
    outer loop
      vertex 42 -30.5461 -18.7962
      vertex 42 -30.8 -18.6605
      vertex 34 -28 -16.9641
    endloop
  endfacet
  facet normal -0.320037 -0.390948 -0.862981
    outer loop
      vertex 34 -27.5307 -17.1955
      vertex 42 -30.2838 -18.9151
      vertex 34 -27.7691 -17.0875
    endloop
  endfacet
  facet normal -0.320075 -0.391141 -0.862879
    outer loop
      vertex 42 -30.2838 -18.9151
      vertex 42 -30.5461 -18.7962
      vertex 34 -27.7691 -17.0875
    endloop
  endfacet
  facet normal -0.306857 -0.335339 -0.890722
    outer loop
      vertex 34 -27.2858 -17.2877
      vertex 42 -30.0143 -19.0165
      vertex 34 -27.5307 -17.1955
    endloop
  endfacet
  facet normal -0.306821 -0.335166 -0.8908
    outer loop
      vertex 42 -30.0143 -19.0165
      vertex 42 -30.2838 -18.9151
      vertex 34 -27.5307 -17.1955
    endloop
  endfacet
  facet normal -0.292454 -0.277678 -0.915077
    outer loop
      vertex 34 -27.2858 -17.2877
      vertex 42 -29.7388 -19.1001
      vertex 42 -30.0143 -19.0165
    endloop
  endfacet
  facet normal -0.292444 -0.277633 -0.915094
    outer loop
      vertex 42 -29.7388 -19.1001
      vertex 34 -27.2858 -17.2877
      vertex 34 -27.0353 -17.3637
    endloop
  endfacet
  facet normal -0.27683 -0.218082 -0.935845
    outer loop
      vertex 34 -26.7804 -17.4231
      vertex 42 -29.4584 -19.1655
      vertex 34 -27.0353 -17.3637
    endloop
  endfacet
  facet normal -0.276872 -0.218262 -0.93579
    outer loop
      vertex 42 -29.4584 -19.1655
      vertex 42 -29.7388 -19.1001
      vertex 34 -27.0353 -17.3637
    endloop
  endfacet
  facet normal -0.260191 -0.157481 -0.952628
    outer loop
      vertex 34 -26.5221 -17.4658
      vertex 42 -29.1743 -19.2124
      vertex 34 -26.7804 -17.4231
    endloop
  endfacet
  facet normal -0.260139 -0.157271 -0.952677
    outer loop
      vertex 42 -29.1743 -19.2124
      vertex 42 -29.4584 -19.1655
      vertex 34 -26.7804 -17.4231
    endloop
  endfacet
  facet normal -0.242269 -0.0948878 -0.965558
    outer loop
      vertex 34 -26.2616 -17.4914
      vertex 42 -28.8878 -19.2406
      vertex 34 -26.5221 -17.4658
    endloop
  endfacet
  facet normal -0.242307 -0.0950368 -0.965534
    outer loop
      vertex 42 -28.8878 -19.2406
      vertex 42 -29.1743 -19.2124
      vertex 34 -26.5221 -17.4658
    endloop
  endfacet
  facet normal -0.223509 -0.0320256 -0.974176
    outer loop
      vertex 34 -26 -17.5
      vertex 42 -28.6 -19.25
      vertex 34 -26.2616 -17.4914
    endloop
  endfacet
  facet normal -0.223453 -0.0318187 -0.974195
    outer loop
      vertex 42 -28.6 -19.25
      vertex 42 -28.8878 -19.2406
      vertex 34 -26.2616 -17.4914
    endloop
  endfacet
  facet normal -0.213689 0 -0.976902
    outer loop
      vertex 42 -28.6 -19.25
      vertex 40.8571 0 -19
      vertex 42 28.6 -19.25
    endloop
  endfacet
  facet normal -0.214577 -3.71729e-05 -0.976707
    outer loop
      vertex 42 -28.6 -19.25
      vertex 40.818 -0.261612 -18.9914
      vertex 40.8571 0 -19
    endloop
  endfacet
  facet normal -0.213706 9.10824e-07 -0.976898
    outer loop
      vertex 39.6578 -5.22105 -18.7376
      vertex 40.818 -0.261612 -18.9914
      vertex 42 -28.6 -19.25
    endloop
  endfacet
  facet normal -0.212709 -0.000243371 -0.977116
    outer loop
      vertex 40.818 -0.261612 -18.9914
      vertex 39.6578 -5.22105 -18.7376
      vertex 40.7007 -0.522104 -18.9658
    endloop
  endfacet
  facet normal -0.213603 -3.5471e-05 -0.976921
    outer loop
      vertex 39.9144 -2.61613 -18.7938
      vertex 40.7007 -0.522104 -18.9658
      vertex 39.6578 -5.22105 -18.7376
    endloop
  endfacet
  facet normal -0.214325 0.000248694 -0.976762
    outer loop
      vertex 40.7007 -0.522104 -18.9658
      vertex 39.9144 -2.61613 -18.7938
      vertex 40.5058 -0.780361 -18.9231
    endloop
  endfacet
  facet normal -0.213528 -1.46274e-05 -0.976937
    outer loop
      vertex 40.2341 -1.03528 -18.8637
      vertex 39.9144 -2.61613 -18.7938
      vertex 39.9596 -1.23318 -18.8037
    endloop
  endfacet
  facet normal -0.213575 -4.63172e-06 -0.976927
    outer loop
      vertex 40.5058 -0.780361 -18.9231
      vertex 39.9144 -2.61613 -18.7938
      vertex 40.2341 -1.03528 -18.8637
    endloop
  endfacet
  facet normal -0.213601 1.18516e-05 -0.976921
    outer loop
      vertex 42 -28.6 -19.25
      vertex 39.2314 -7.80361 -18.6444
      vertex 39.6578 -5.22105 -18.7376
    endloop
  endfacet
  facet normal -0.213668 2.54752e-06 -0.976906
    outer loop
      vertex 42 -28.6 -19.25
      vertex 38.637 -10.3528 -18.5144
      vertex 39.2314 -7.80361 -18.6444
    endloop
  endfacet
  facet normal -0.213763 -1.56922e-05 -0.976886
    outer loop
      vertex 42 -28.6 -19.25
      vertex 37.8772 -12.8576 -18.3481
      vertex 38.637 -10.3528 -18.5144
    endloop
  endfacet
  facet normal -0.213708 -6.73117e-07 -0.976898
    outer loop
      vertex 42 -28.6 -19.25
      vertex 36.9552 -15.3073 -18.1464
      vertex 37.8772 -12.8576 -18.3481
    endloop
  endfacet
  facet normal -0.213694 4.91784e-06 -0.976901
    outer loop
      vertex 42 -28.6 -19.25
      vertex 35.8749 -17.6915 -17.9101
      vertex 36.9552 -15.3073 -18.1464
    endloop
  endfacet
  facet normal -0.213694 4.88879e-06 -0.976901
    outer loop
      vertex 42 -28.6 -19.25
      vertex 34.641 -20 -17.6402
      vertex 35.8749 -17.6915 -17.9101
    endloop
  endfacet
  facet normal -0.213696 2.95037e-06 -0.9769
    outer loop
      vertex 34 -26 -17.5
      vertex 34.641 -20 -17.6402
      vertex 42 -28.6 -19.25
    endloop
  endfacet
  facet normal -0.21367 0 -0.976906
    outer loop
      vertex 34.641 -20 -17.6402
      vertex 34 -26 -17.5
      vertex 34 -21.0308 -17.5
    endloop
  endfacet
  facet normal -0.214577 3.71729e-05 -0.976707
    outer loop
      vertex 40.818 0.261612 -18.9914
      vertex 42 28.6 -19.25
      vertex 40.8571 0 -19
    endloop
  endfacet
  facet normal -0.212709 0.000243371 -0.977116
    outer loop
      vertex 39.6578 5.22105 -18.7376
      vertex 40.818 0.261612 -18.9914
      vertex 40.7007 0.522104 -18.9658
    endloop
  endfacet
  facet normal -0.214325 -0.000248694 -0.976762
    outer loop
      vertex 39.9144 2.61613 -18.7938
      vertex 40.7007 0.522104 -18.9658
      vertex 40.5058 0.780361 -18.9231
    endloop
  endfacet
  facet normal -0.213575 4.63172e-06 -0.976927
    outer loop
      vertex 39.9144 2.61613 -18.7938
      vertex 40.5058 0.780361 -18.9231
      vertex 40.2341 1.03528 -18.8637
    endloop
  endfacet
  facet normal -0.213528 1.46274e-05 -0.976937
    outer loop
      vertex 39.9144 2.61613 -18.7938
      vertex 40.2341 1.03528 -18.8637
      vertex 39.9596 1.23318 -18.8037
    endloop
  endfacet
  facet normal -0.213603 3.5471e-05 -0.976921
    outer loop
      vertex 40.7007 0.522104 -18.9658
      vertex 39.9144 2.61613 -18.7938
      vertex 39.6578 5.22105 -18.7376
    endloop
  endfacet
  facet normal -0.213706 -9.10824e-07 -0.976898
    outer loop
      vertex 40.818 0.261612 -18.9914
      vertex 39.6578 5.22105 -18.7376
      vertex 42 28.6 -19.25
    endloop
  endfacet
  facet normal -0.213601 -1.18516e-05 -0.976921
    outer loop
      vertex 39.2314 7.80361 -18.6444
      vertex 42 28.6 -19.25
      vertex 39.6578 5.22105 -18.7376
    endloop
  endfacet
  facet normal -0.213668 -2.54752e-06 -0.976906
    outer loop
      vertex 38.637 10.3528 -18.5144
      vertex 42 28.6 -19.25
      vertex 39.2314 7.80361 -18.6444
    endloop
  endfacet
  facet normal -0.213763 1.56922e-05 -0.976886
    outer loop
      vertex 37.8772 12.8576 -18.3481
      vertex 42 28.6 -19.25
      vertex 38.637 10.3528 -18.5144
    endloop
  endfacet
  facet normal -0.213708 6.73117e-07 -0.976898
    outer loop
      vertex 36.9552 15.3073 -18.1464
      vertex 42 28.6 -19.25
      vertex 37.8772 12.8576 -18.3481
    endloop
  endfacet
  facet normal -0.213694 -4.91784e-06 -0.976901
    outer loop
      vertex 35.8749 17.6915 -17.9101
      vertex 42 28.6 -19.25
      vertex 36.9552 15.3073 -18.1464
    endloop
  endfacet
  facet normal -0.213694 -4.88879e-06 -0.976901
    outer loop
      vertex 34.641 20 -17.6402
      vertex 42 28.6 -19.25
      vertex 35.8749 17.6915 -17.9101
    endloop
  endfacet
  facet normal -0.213687 -1.11874e-05 -0.976902
    outer loop
      vertex 34 21.0308 -17.5
      vertex 42 28.6 -19.25
      vertex 34.641 20 -17.6402
    endloop
  endfacet
  facet normal -0.213697 0 -0.9769
    outer loop
      vertex 42 28.6 -19.25
      vertex 34 21.0308 -17.5
      vertex 34 26 -17.5
    endloop
  endfacet
  facet normal -0.214112 0 -0.976809
    outer loop
      vertex 35.9229 -2.35451 -17.9206
      vertex 35.9229 2.35451 -17.9206
      vertex 36 0 -17.9375
    endloop
  endfacet
  facet normal -0.213659 0 -0.976908
    outer loop
      vertex 35.692 -4.69894 -17.8701
      vertex 35.9229 2.35451 -17.9206
      vertex 35.9229 -2.35451 -17.9206
    endloop
  endfacet
  facet normal -0.213659 0 -0.976908
    outer loop
      vertex 35.692 -4.69894 -17.8701
      vertex 35.692 4.69894 -17.8701
      vertex 35.9229 2.35451 -17.9206
    endloop
  endfacet
  facet normal -0.213613 0 -0.976918
    outer loop
      vertex 35.3083 -7.02325 -17.7862
      vertex 35.692 4.69894 -17.8701
      vertex 35.692 -4.69894 -17.8701
    endloop
  endfacet
  facet normal -0.213613 0 -0.976918
    outer loop
      vertex 35.3083 -7.02325 -17.7862
      vertex 35.3083 7.02325 -17.7862
      vertex 35.692 4.69894 -17.8701
    endloop
  endfacet
  facet normal -0.213642 0 -0.976912
    outer loop
      vertex 34.7733 -9.31748 -17.6692
      vertex 35.3083 7.02325 -17.7862
      vertex 35.3083 -7.02325 -17.7862
    endloop
  endfacet
  facet normal -0.213642 0 -0.976912
    outer loop
      vertex 34.7733 -9.31748 -17.6692
      vertex 34.7733 9.31748 -17.6692
      vertex 35.3083 7.02325 -17.7862
    endloop
  endfacet
  facet normal -0.214765 0.000331259 -0.976666
    outer loop
      vertex 34 -11.8096 -17.5
      vertex 34.7733 -9.31748 -17.6692
      vertex 34.0895 -11.5718 -17.5196
    endloop
  endfacet
  facet normal -0.213746 0 -0.976889
    outer loop
      vertex 34.7733 -9.31748 -17.6692
      vertex 34 -11.8096 -17.5
      vertex 34.7733 9.31748 -17.6692
    endloop
  endfacet
  facet normal -0.213746 -0 -0.976889
    outer loop
      vertex 34 11.8096 -17.5
      vertex 34.7733 9.31748 -17.6692
      vertex 34 -11.8096 -17.5
    endloop
  endfacet
  facet normal -0.214765 -0.000331259 -0.976666
    outer loop
      vertex 34.7733 9.31748 -17.6692
      vertex 34 11.8096 -17.5
      vertex 34.0895 11.5718 -17.5196
    endloop
  endfacet
  facet normal -0.223509 0.0320256 -0.974176
    outer loop
      vertex 34 26.2616 -17.4914
      vertex 42 28.6 -19.25
      vertex 34 26 -17.5
    endloop
  endfacet
  facet normal -0.223453 0.0318187 -0.974195
    outer loop
      vertex 42 28.8878 -19.2406
      vertex 42 28.6 -19.25
      vertex 34 26.2616 -17.4914
    endloop
  endfacet
  facet normal -0.242269 0.0948878 -0.965558
    outer loop
      vertex 34 26.5221 -17.4658
      vertex 42 28.8878 -19.2406
      vertex 34 26.2616 -17.4914
    endloop
  endfacet
  facet normal -0.242307 0.0950368 -0.965534
    outer loop
      vertex 42 29.1743 -19.2124
      vertex 42 28.8878 -19.2406
      vertex 34 26.5221 -17.4658
    endloop
  endfacet
  facet normal -0.260191 0.157481 -0.952628
    outer loop
      vertex 34 26.7804 -17.4231
      vertex 42 29.1743 -19.2124
      vertex 34 26.5221 -17.4658
    endloop
  endfacet
  facet normal -0.260139 0.157271 -0.952677
    outer loop
      vertex 42 29.4584 -19.1655
      vertex 42 29.1743 -19.2124
      vertex 34 26.7804 -17.4231
    endloop
  endfacet
  facet normal -0.27683 0.218082 -0.935845
    outer loop
      vertex 34 27.0353 -17.3637
      vertex 42 29.4584 -19.1655
      vertex 34 26.7804 -17.4231
    endloop
  endfacet
  facet normal -0.276872 0.218262 -0.93579
    outer loop
      vertex 42 29.7388 -19.1001
      vertex 42 29.4584 -19.1655
      vertex 34 27.0353 -17.3637
    endloop
  endfacet
  facet normal -0.292444 0.277633 -0.915094
    outer loop
      vertex 34 27.2858 -17.2877
      vertex 42 29.7388 -19.1001
      vertex 34 27.0353 -17.3637
    endloop
  endfacet
  facet normal -0.292454 0.277678 -0.915077
    outer loop
      vertex 42 29.7388 -19.1001
      vertex 34 27.2858 -17.2877
      vertex 42 30.0143 -19.0165
    endloop
  endfacet
  facet normal -0.306857 0.335339 -0.890722
    outer loop
      vertex 34 27.5307 -17.1955
      vertex 42 30.0143 -19.0165
      vertex 34 27.2858 -17.2877
    endloop
  endfacet
  facet normal -0.306821 0.335166 -0.8908
    outer loop
      vertex 42 30.2838 -18.9151
      vertex 42 30.0143 -19.0165
      vertex 34 27.5307 -17.1955
    endloop
  endfacet
  facet normal -0.320037 0.390948 -0.862981
    outer loop
      vertex 34 27.7691 -17.0875
      vertex 42 30.2838 -18.9151
      vertex 34 27.5307 -17.1955
    endloop
  endfacet
  facet normal -0.320075 0.391141 -0.862879
    outer loop
      vertex 42 30.5461 -18.7962
      vertex 42 30.2838 -18.9151
      vertex 34 27.7691 -17.0875
    endloop
  endfacet
  facet normal -0.332021 0.444603 -0.83192
    outer loop
      vertex 34 28 -16.9641
      vertex 42 30.5461 -18.7962
      vertex 34 27.7691 -17.0875
    endloop
  endfacet
  facet normal -0.332024 0.444623 -0.831908
    outer loop
      vertex 42 30.8 -18.6605
      vertex 42 30.5461 -18.7962
      vertex 34 28 -16.9641
    endloop
  endfacet
  facet normal -0.342771 0.495986 -0.797813
    outer loop
      vertex 34 28.2223 -16.8259
      vertex 42 30.8 -18.6605
      vertex 34 28 -16.9641
    endloop
  endfacet
  facet normal -0.342771 0.495983 -0.797815
    outer loop
      vertex 42 31.0445 -18.5085
      vertex 42 30.8 -18.6605
      vertex 34 28.2223 -16.8259
    endloop
  endfacet
  facet normal -0.352343 0.545316 -0.760582
    outer loop
      vertex 34 28.435 -16.6734
      vertex 42 31.0445 -18.5085
      vertex 34 28.2223 -16.8259
    endloop
  endfacet
  facet normal -0.352321 0.545167 -0.760699
    outer loop
      vertex 42 31.2785 -18.3408
      vertex 42 31.0445 -18.5085
      vertex 34 28.435 -16.6734
    endloop
  endfacet
  facet normal -0.360557 0.591498 -0.7212
    outer loop
      vertex 34 28.6374 -16.5074
      vertex 42 31.2785 -18.3408
      vertex 34 28.435 -16.6734
    endloop
  endfacet
  facet normal -0.360588 0.591747 -0.720979
    outer loop
      vertex 42 31.5011 -18.1581
      vertex 42 31.2785 -18.3408
      vertex 34 28.6374 -16.5074
    endloop
  endfacet
  facet normal -0.367648 0.635923 -0.678555
    outer loop
      vertex 34 28.8284 -16.3284
      vertex 42 31.5011 -18.1581
      vertex 34 28.6374 -16.5074
    endloop
  endfacet
  facet normal -0.367613 0.635599 -0.678877
    outer loop
      vertex 42 31.7113 -17.9613
      vertex 42 31.5011 -18.1581
      vertex 34 28.8284 -16.3284
    endloop
  endfacet
  facet normal -0.373402 0.67688 -0.634354
    outer loop
      vertex 34 29.0074 -16.1374
      vertex 42 31.7113 -17.9613
      vertex 34 28.8284 -16.3284
    endloop
  endfacet
  facet normal -0.373427 0.677184 -0.634014
    outer loop
      vertex 42 31.9081 -17.7511
      vertex 42 31.7113 -17.9613
      vertex 34 29.0074 -16.1374
    endloop
  endfacet
  facet normal -0.377983 0.715845 -0.587106
    outer loop
      vertex 34 29.1734 -15.935
      vertex 42 31.9081 -17.7511
      vertex 34 29.0074 -16.1374
    endloop
  endfacet
  facet normal -0.377972 0.71564 -0.587365
    outer loop
      vertex 42 32.0908 -17.5285
      vertex 42 31.9081 -17.7511
      vertex 34 29.1734 -15.935
    endloop
  endfacet
  facet normal -0.381279 0.751308 -0.538667
    outer loop
      vertex 34 29.3259 -15.7223
      vertex 42 32.0908 -17.5285
      vertex 34 29.1734 -15.935
    endloop
  endfacet
  facet normal -0.381282 0.751416 -0.538515
    outer loop
      vertex 42 32.2585 -17.2945
      vertex 42 32.0908 -17.5285
      vertex 34 29.3259 -15.7223
    endloop
  endfacet
  facet normal -0.383365 0.784376 -0.487633
    outer loop
      vertex 34 29.4641 -15.5
      vertex 42 32.2585 -17.2945
      vertex 34 29.3259 -15.7223
    endloop
  endfacet
  facet normal -0.383365 0.784378 -0.48763
    outer loop
      vertex 42 32.4105 -17.05
      vertex 42 32.2585 -17.2945
      vertex 34 29.4641 -15.5
    endloop
  endfacet
  facet normal -0.384205 0.814259 -0.435165
    outer loop
      vertex 34 29.5875 -15.2691
      vertex 42 32.4105 -17.05
      vertex 34 29.4641 -15.5
    endloop
  endfacet
  facet normal -0.384205 0.814248 -0.435185
    outer loop
      vertex 42 32.5462 -16.7961
      vertex 42 32.4105 -17.05
      vertex 34 29.5875 -15.2691
    endloop
  endfacet
  facet normal -0.383818 0.841123 -0.381046
    outer loop
      vertex 34 29.6955 -15.0307
      vertex 42 32.6651 -16.5338
      vertex 34 29.5875 -15.2691
    endloop
  endfacet
  facet normal -0.383816 0.841036 -0.38124
    outer loop
      vertex 42 32.6651 -16.5338
      vertex 42 32.5462 -16.7961
      vertex 34 29.5875 -15.2691
    endloop
  endfacet
  facet normal -0.382191 0.864825 -0.325589
    outer loop
      vertex 34 29.7877 -14.7858
      vertex 42 32.7665 -16.2643
      vertex 34 29.6955 -15.0307
    endloop
  endfacet
  facet normal -0.382189 0.86489 -0.325417
    outer loop
      vertex 42 32.7665 -16.2643
      vertex 42 32.6651 -16.5338
      vertex 34 29.6955 -15.0307
    endloop
  endfacet
  facet normal -0.379329 0.885409 -0.268627
    outer loop
      vertex 42 32.8501 -15.9888
      vertex 34 29.7877 -14.7858
      vertex 34 29.8637 -14.5353
    endloop
  endfacet
  facet normal -0.379331 0.885395 -0.268672
    outer loop
      vertex 34 29.7877 -14.7858
      vertex 42 32.8501 -15.9888
      vertex 42 32.7665 -16.2643
    endloop
  endfacet
  facet normal -0.375223 0.902747 -0.210369
    outer loop
      vertex 34 29.9231 -14.2804
      vertex 42 32.9155 -15.7084
      vertex 34 29.8637 -14.5353
    endloop
  endfacet
  facet normal -0.375232 0.902702 -0.210545
    outer loop
      vertex 42 32.9155 -15.7084
      vertex 42 32.8501 -15.9888
      vertex 34 29.8637 -14.5353
    endloop
  endfacet
  facet normal -0.369906 0.916629 -0.151529
    outer loop
      vertex 34 29.9658 -14.0221
      vertex 42 32.9624 -15.4243
      vertex 34 29.9231 -14.2804
    endloop
  endfacet
  facet normal -0.369891 0.916668 -0.151326
    outer loop
      vertex 42 32.9624 -15.4243
      vertex 42 32.9155 -15.7084
      vertex 34 29.9231 -14.2804
    endloop
  endfacet
  facet normal -0.363286 0.927211 -0.0911194
    outer loop
      vertex 34 29.9914 -13.7616
      vertex 42 32.9906 -15.1378
      vertex 34 29.9658 -14.0221
    endloop
  endfacet
  facet normal -0.363299 0.927192 -0.0912629
    outer loop
      vertex 42 32.9906 -15.1378
      vertex 42 32.9624 -15.4243
      vertex 34 29.9658 -14.0221
    endloop
  endfacet
  facet normal -0.355497 0.934173 -0.0307106
    outer loop
      vertex 34 30 -13.5
      vertex 42 33 -14.85
      vertex 34 29.9914 -13.7616
    endloop
  endfacet
  facet normal -0.355476 0.934187 -0.030512
    outer loop
      vertex 42 33 -14.85
      vertex 42 32.9906 -15.1378
      vertex 34 29.9914 -13.7616
    endloop
  endfacet
  facet normal -0.351123 0.936329 0
    outer loop
      vertex 42 33 14.85
      vertex 34 30 -13.5
      vertex 34 30 13.5
    endloop
  endfacet
  facet normal -0.351123 0.936329 0
    outer loop
      vertex 34 30 -13.5
      vertex 42 33 14.85
      vertex 42 33 -14.85
    endloop
  endfacet
  facet normal -0.355497 0.934173 0.0307106
    outer loop
      vertex 42 33 14.85
      vertex 34 30 13.5
      vertex 34 29.9914 13.7616
    endloop
  endfacet
  facet normal -0.355476 0.934187 0.030512
    outer loop
      vertex 42 32.9906 15.1378
      vertex 42 33 14.85
      vertex 34 29.9914 13.7616
    endloop
  endfacet
  facet normal -0.363286 0.927211 0.0911194
    outer loop
      vertex 42 32.9906 15.1378
      vertex 34 29.9914 13.7616
      vertex 34 29.9658 14.0221
    endloop
  endfacet
  facet normal -0.363299 0.927192 0.0912629
    outer loop
      vertex 42 32.9624 15.4243
      vertex 42 32.9906 15.1378
      vertex 34 29.9658 14.0221
    endloop
  endfacet
  facet normal -0.369906 0.916629 0.151529
    outer loop
      vertex 42 32.9624 15.4243
      vertex 34 29.9658 14.0221
      vertex 34 29.9231 14.2804
    endloop
  endfacet
  facet normal -0.369891 0.916668 0.151326
    outer loop
      vertex 42 32.9155 15.7084
      vertex 42 32.9624 15.4243
      vertex 34 29.9231 14.2804
    endloop
  endfacet
  facet normal -0.375223 0.902747 0.210369
    outer loop
      vertex 42 32.9155 15.7084
      vertex 34 29.9231 14.2804
      vertex 34 29.8637 14.5353
    endloop
  endfacet
  facet normal -0.375232 0.902702 0.210545
    outer loop
      vertex 42 32.8501 15.9888
      vertex 42 32.9155 15.7084
      vertex 34 29.8637 14.5353
    endloop
  endfacet
  facet normal -0.379331 0.885395 0.268672
    outer loop
      vertex 42 32.8501 15.9888
      vertex 34 29.7877 14.7858
      vertex 42 32.7665 16.2643
    endloop
  endfacet
  facet normal -0.379329 0.885409 0.268627
    outer loop
      vertex 34 29.7877 14.7858
      vertex 42 32.8501 15.9888
      vertex 34 29.8637 14.5353
    endloop
  endfacet
  facet normal -0.382191 0.864825 0.325589
    outer loop
      vertex 42 32.7665 16.2643
      vertex 34 29.7877 14.7858
      vertex 34 29.6955 15.0307
    endloop
  endfacet
  facet normal -0.382189 0.86489 0.325417
    outer loop
      vertex 42 32.6651 16.5338
      vertex 42 32.7665 16.2643
      vertex 34 29.6955 15.0307
    endloop
  endfacet
  facet normal -0.383818 0.841123 0.381046
    outer loop
      vertex 42 32.6651 16.5338
      vertex 34 29.6955 15.0307
      vertex 34 29.5875 15.2691
    endloop
  endfacet
  facet normal -0.383816 0.841036 0.38124
    outer loop
      vertex 42 32.5462 16.7961
      vertex 42 32.6651 16.5338
      vertex 34 29.5875 15.2691
    endloop
  endfacet
  facet normal -0.384205 0.814259 0.435165
    outer loop
      vertex 42 32.4105 17.05
      vertex 34 29.5875 15.2691
      vertex 34 29.4641 15.5
    endloop
  endfacet
  facet normal -0.384205 0.814248 0.435185
    outer loop
      vertex 42 32.4105 17.05
      vertex 42 32.5462 16.7961
      vertex 34 29.5875 15.2691
    endloop
  endfacet
  facet normal -0.383365 0.784376 0.487633
    outer loop
      vertex 42 32.2585 17.2945
      vertex 34 29.4641 15.5
      vertex 34 29.3259 15.7223
    endloop
  endfacet
  facet normal -0.383365 0.784378 0.48763
    outer loop
      vertex 42 32.2585 17.2945
      vertex 42 32.4105 17.05
      vertex 34 29.4641 15.5
    endloop
  endfacet
  facet normal -0.381279 0.751308 0.538667
    outer loop
      vertex 42 32.0908 17.5285
      vertex 34 29.3259 15.7223
      vertex 34 29.1734 15.935
    endloop
  endfacet
  facet normal -0.381282 0.751416 0.538515
    outer loop
      vertex 42 32.0908 17.5285
      vertex 42 32.2585 17.2945
      vertex 34 29.3259 15.7223
    endloop
  endfacet
  facet normal -0.377983 0.715845 0.587106
    outer loop
      vertex 42 31.9081 17.7511
      vertex 34 29.1734 15.935
      vertex 34 29.0074 16.1374
    endloop
  endfacet
  facet normal -0.377972 0.71564 0.587365
    outer loop
      vertex 42 31.9081 17.7511
      vertex 42 32.0908 17.5285
      vertex 34 29.1734 15.935
    endloop
  endfacet
  facet normal -0.373402 0.67688 0.634354
    outer loop
      vertex 42 31.7113 17.9613
      vertex 34 29.0074 16.1374
      vertex 34 28.8284 16.3284
    endloop
  endfacet
  facet normal -0.373427 0.677184 0.634014
    outer loop
      vertex 42 31.7113 17.9613
      vertex 42 31.9081 17.7511
      vertex 34 29.0074 16.1374
    endloop
  endfacet
  facet normal -0.367648 0.635923 0.678555
    outer loop
      vertex 42 31.5011 18.1581
      vertex 34 28.8284 16.3284
      vertex 34 28.6374 16.5074
    endloop
  endfacet
  facet normal -0.367613 0.635599 0.678877
    outer loop
      vertex 42 31.5011 18.1581
      vertex 42 31.7113 17.9613
      vertex 34 28.8284 16.3284
    endloop
  endfacet
  facet normal -0.360557 0.591498 0.7212
    outer loop
      vertex 42 31.2785 18.3408
      vertex 34 28.6374 16.5074
      vertex 34 28.435 16.6734
    endloop
  endfacet
  facet normal -0.360588 0.591747 0.720979
    outer loop
      vertex 42 31.2785 18.3408
      vertex 42 31.5011 18.1581
      vertex 34 28.6374 16.5074
    endloop
  endfacet
  facet normal -0.352343 0.545316 0.760582
    outer loop
      vertex 42 31.0445 18.5085
      vertex 34 28.435 16.6734
      vertex 34 28.2223 16.8259
    endloop
  endfacet
  facet normal -0.352321 0.545167 0.760699
    outer loop
      vertex 42 31.0445 18.5085
      vertex 42 31.2785 18.3408
      vertex 34 28.435 16.6734
    endloop
  endfacet
  facet normal -0.342771 0.495986 0.797813
    outer loop
      vertex 42 30.8 18.6605
      vertex 34 28.2223 16.8259
      vertex 34 28 16.9641
    endloop
  endfacet
  facet normal -0.342771 0.495983 0.797815
    outer loop
      vertex 42 30.8 18.6605
      vertex 42 31.0445 18.5085
      vertex 34 28.2223 16.8259
    endloop
  endfacet
  facet normal -0.332021 0.444603 0.83192
    outer loop
      vertex 42 30.5461 18.7962
      vertex 34 28 16.9641
      vertex 34 27.7691 17.0875
    endloop
  endfacet
  facet normal -0.332024 0.444623 0.831908
    outer loop
      vertex 42 30.5461 18.7962
      vertex 42 30.8 18.6605
      vertex 34 28 16.9641
    endloop
  endfacet
  facet normal -0.320037 0.390948 0.862981
    outer loop
      vertex 42 30.2838 18.9151
      vertex 34 27.7691 17.0875
      vertex 34 27.5307 17.1955
    endloop
  endfacet
  facet normal -0.320075 0.391141 0.862879
    outer loop
      vertex 42 30.2838 18.9151
      vertex 42 30.5461 18.7962
      vertex 34 27.7691 17.0875
    endloop
  endfacet
  facet normal -0.306857 0.335339 0.890722
    outer loop
      vertex 42 30.0143 19.0165
      vertex 34 27.5307 17.1955
      vertex 34 27.2858 17.2877
    endloop
  endfacet
  facet normal -0.306821 0.335166 0.8908
    outer loop
      vertex 42 30.0143 19.0165
      vertex 42 30.2838 18.9151
      vertex 34 27.5307 17.1955
    endloop
  endfacet
  facet normal -0.292454 0.277678 0.915077
    outer loop
      vertex 34 27.2858 17.2877
      vertex 42 29.7388 19.1001
      vertex 42 30.0143 19.0165
    endloop
  endfacet
  facet normal -0.292444 0.277633 0.915094
    outer loop
      vertex 42 29.7388 19.1001
      vertex 34 27.2858 17.2877
      vertex 34 27.0353 17.3637
    endloop
  endfacet
  facet normal -0.27683 0.218082 0.935845
    outer loop
      vertex 42 29.4584 19.1655
      vertex 34 27.0353 17.3637
      vertex 34 26.7804 17.4231
    endloop
  endfacet
  facet normal -0.276872 0.218262 0.93579
    outer loop
      vertex 42 29.4584 19.1655
      vertex 42 29.7388 19.1001
      vertex 34 27.0353 17.3637
    endloop
  endfacet
  facet normal -0.260191 0.157481 0.952628
    outer loop
      vertex 42 29.1743 19.2124
      vertex 34 26.7804 17.4231
      vertex 34 26.5221 17.4658
    endloop
  endfacet
  facet normal -0.260139 0.157271 0.952677
    outer loop
      vertex 42 29.1743 19.2124
      vertex 42 29.4584 19.1655
      vertex 34 26.7804 17.4231
    endloop
  endfacet
  facet normal -0.242269 0.0948878 0.965558
    outer loop
      vertex 42 28.8878 19.2406
      vertex 34 26.5221 17.4658
      vertex 34 26.2616 17.4914
    endloop
  endfacet
  facet normal -0.242307 0.0950368 0.965534
    outer loop
      vertex 42 28.8878 19.2406
      vertex 42 29.1743 19.2124
      vertex 34 26.5221 17.4658
    endloop
  endfacet
  facet normal -0.223509 0.0320256 0.974176
    outer loop
      vertex 42 28.6 19.25
      vertex 34 26.2616 17.4914
      vertex 34 26 17.5
    endloop
  endfacet
  facet normal -0.223453 0.0318187 0.974195
    outer loop
      vertex 42 28.6 19.25
      vertex 42 28.8878 19.2406
      vertex 34 26.2616 17.4914
    endloop
  endfacet
  facet normal -0.213697 0 0.9769
    outer loop
      vertex 42 28.6 19.25
      vertex 40 0 18.8125
      vertex 42 -28.6 19.25
    endloop
  endfacet
  facet normal -0.21361 -6.3598e-06 0.976919
    outer loop
      vertex 42 28.6 19.25
      vertex 39.9144 2.61613 18.7938
      vertex 40 0 18.8125
    endloop
  endfacet
  facet normal -0.213829 1.20935e-05 0.976871
    outer loop
      vertex 42 28.6 19.25
      vertex 39.6578 5.22105 18.7376
      vertex 39.9144 2.61613 18.7938
    endloop
  endfacet
  facet normal -0.213601 -1.18516e-05 0.976921
    outer loop
      vertex 42 28.6 19.25
      vertex 39.2314 7.80361 18.6444
      vertex 39.6578 5.22105 18.7376
    endloop
  endfacet
  facet normal -0.213668 -2.54752e-06 0.976906
    outer loop
      vertex 42 28.6 19.25
      vertex 38.637 10.3528 18.5144
      vertex 39.2314 7.80361 18.6444
    endloop
  endfacet
  facet normal -0.213763 1.56922e-05 0.976886
    outer loop
      vertex 42 28.6 19.25
      vertex 37.8772 12.8576 18.3481
      vertex 38.637 10.3528 18.5144
    endloop
  endfacet
  facet normal -0.213708 6.73117e-07 0.976898
    outer loop
      vertex 42 28.6 19.25
      vertex 36.9552 15.3073 18.1464
      vertex 37.8772 12.8576 18.3481
    endloop
  endfacet
  facet normal -0.213694 -4.91784e-06 0.976901
    outer loop
      vertex 42 28.6 19.25
      vertex 35.8749 17.6915 17.9101
      vertex 36.9552 15.3073 18.1464
    endloop
  endfacet
  facet normal -0.213694 -4.88879e-06 0.976901
    outer loop
      vertex 42 28.6 19.25
      vertex 34.641 20 17.6402
      vertex 35.8749 17.6915 17.9101
    endloop
  endfacet
  facet normal -0.213696 -2.95037e-06 0.9769
    outer loop
      vertex 34 26 17.5
      vertex 34.641 20 17.6402
      vertex 42 28.6 19.25
    endloop
  endfacet
  facet normal -0.21367 0 0.976906
    outer loop
      vertex 34.641 20 17.6402
      vertex 34 26 17.5
      vertex 34 21.0308 17.5
    endloop
  endfacet
  facet normal -0.21361 6.3598e-06 0.976919
    outer loop
      vertex 39.9144 -2.61613 18.7938
      vertex 42 -28.6 19.25
      vertex 40 0 18.8125
    endloop
  endfacet
  facet normal -0.213829 -1.20935e-05 0.976871
    outer loop
      vertex 39.6578 -5.22105 18.7376
      vertex 42 -28.6 19.25
      vertex 39.9144 -2.61613 18.7938
    endloop
  endfacet
  facet normal -0.213601 1.18516e-05 0.976921
    outer loop
      vertex 39.2314 -7.80361 18.6444
      vertex 42 -28.6 19.25
      vertex 39.6578 -5.22105 18.7376
    endloop
  endfacet
  facet normal -0.213668 2.54752e-06 0.976906
    outer loop
      vertex 38.637 -10.3528 18.5144
      vertex 42 -28.6 19.25
      vertex 39.2314 -7.80361 18.6444
    endloop
  endfacet
  facet normal -0.213763 -1.56922e-05 0.976886
    outer loop
      vertex 37.8772 -12.8576 18.3481
      vertex 42 -28.6 19.25
      vertex 38.637 -10.3528 18.5144
    endloop
  endfacet
  facet normal -0.213708 -6.73117e-07 0.976898
    outer loop
      vertex 36.9552 -15.3073 18.1464
      vertex 42 -28.6 19.25
      vertex 37.8772 -12.8576 18.3481
    endloop
  endfacet
  facet normal -0.213694 4.91784e-06 0.976901
    outer loop
      vertex 35.8749 -17.6915 17.9101
      vertex 42 -28.6 19.25
      vertex 36.9552 -15.3073 18.1464
    endloop
  endfacet
  facet normal -0.213694 4.88879e-06 0.976901
    outer loop
      vertex 34.641 -20 17.6402
      vertex 42 -28.6 19.25
      vertex 35.8749 -17.6915 17.9101
    endloop
  endfacet
  facet normal -0.213687 1.11874e-05 0.976902
    outer loop
      vertex 34 -21.0308 17.5
      vertex 42 -28.6 19.25
      vertex 34.641 -20 17.6402
    endloop
  endfacet
  facet normal -0.213697 0 0.9769
    outer loop
      vertex 42 -28.6 19.25
      vertex 34 -21.0308 17.5
      vertex 34 -26 17.5
    endloop
  endfacet
  facet normal -0.214112 0 0.976809
    outer loop
      vertex 35.9229 2.35451 17.9206
      vertex 35.9229 -2.35451 17.9206
      vertex 36 0 17.9375
    endloop
  endfacet
  facet normal -0.213659 0 0.976908
    outer loop
      vertex 35.692 4.69894 17.8701
      vertex 35.9229 -2.35451 17.9206
      vertex 35.9229 2.35451 17.9206
    endloop
  endfacet
  facet normal -0.213659 0 0.976908
    outer loop
      vertex 35.692 4.69894 17.8701
      vertex 35.692 -4.69894 17.8701
      vertex 35.9229 -2.35451 17.9206
    endloop
  endfacet
  facet normal -0.213613 0 0.976918
    outer loop
      vertex 35.3083 7.02325 17.7862
      vertex 35.692 -4.69894 17.8701
      vertex 35.692 4.69894 17.8701
    endloop
  endfacet
  facet normal -0.213613 0 0.976918
    outer loop
      vertex 35.3083 7.02325 17.7862
      vertex 35.3083 -7.02325 17.7862
      vertex 35.692 -4.69894 17.8701
    endloop
  endfacet
  facet normal -0.213642 0 0.976912
    outer loop
      vertex 34.7733 9.31748 17.6692
      vertex 35.3083 -7.02325 17.7862
      vertex 35.3083 7.02325 17.7862
    endloop
  endfacet
  facet normal -0.213642 0 0.976912
    outer loop
      vertex 34.7733 9.31748 17.6692
      vertex 34.7733 -9.31748 17.6692
      vertex 35.3083 -7.02325 17.7862
    endloop
  endfacet
  facet normal -0.214765 -0.000331259 0.976666
    outer loop
      vertex 34 11.8096 17.5
      vertex 34.7733 9.31748 17.6692
      vertex 34.0895 11.5718 17.5196
    endloop
  endfacet
  facet normal -0.213746 0 0.976889
    outer loop
      vertex 34.7733 9.31748 17.6692
      vertex 34 11.8096 17.5
      vertex 34.7733 -9.31748 17.6692
    endloop
  endfacet
  facet normal -0.213746 0 0.976889
    outer loop
      vertex 34 -11.8096 17.5
      vertex 34.7733 -9.31748 17.6692
      vertex 34 11.8096 17.5
    endloop
  endfacet
  facet normal -0.214765 0.000331259 0.976666
    outer loop
      vertex 34.7733 -9.31748 17.6692
      vertex 34 -11.8096 17.5
      vertex 34.0895 -11.5718 17.5196
    endloop
  endfacet
  facet normal -0.223509 -0.0320256 0.974176
    outer loop
      vertex 42 -28.6 19.25
      vertex 34 -26 17.5
      vertex 34 -26.2616 17.4914
    endloop
  endfacet
  facet normal -0.223453 -0.0318187 0.974195
    outer loop
      vertex 42 -28.8878 19.2406
      vertex 42 -28.6 19.25
      vertex 34 -26.2616 17.4914
    endloop
  endfacet
  facet normal -0.242269 -0.0948878 0.965558
    outer loop
      vertex 42 -28.8878 19.2406
      vertex 34 -26.2616 17.4914
      vertex 34 -26.5221 17.4658
    endloop
  endfacet
  facet normal -0.242307 -0.0950368 0.965534
    outer loop
      vertex 42 -29.1743 19.2124
      vertex 42 -28.8878 19.2406
      vertex 34 -26.5221 17.4658
    endloop
  endfacet
  facet normal -0.260191 -0.157481 0.952628
    outer loop
      vertex 42 -29.1743 19.2124
      vertex 34 -26.5221 17.4658
      vertex 34 -26.7804 17.4231
    endloop
  endfacet
  facet normal -0.260139 -0.157271 0.952677
    outer loop
      vertex 42 -29.4584 19.1655
      vertex 42 -29.1743 19.2124
      vertex 34 -26.7804 17.4231
    endloop
  endfacet
  facet normal -0.27683 -0.218082 0.935845
    outer loop
      vertex 42 -29.4584 19.1655
      vertex 34 -26.7804 17.4231
      vertex 34 -27.0353 17.3637
    endloop
  endfacet
  facet normal -0.276872 -0.218262 0.93579
    outer loop
      vertex 42 -29.7388 19.1001
      vertex 42 -29.4584 19.1655
      vertex 34 -27.0353 17.3637
    endloop
  endfacet
  facet normal -0.292444 -0.277633 0.915094
    outer loop
      vertex 34 -27.2858 17.2877
      vertex 42 -29.7388 19.1001
      vertex 34 -27.0353 17.3637
    endloop
  endfacet
  facet normal -0.292454 -0.277678 0.915077
    outer loop
      vertex 42 -29.7388 19.1001
      vertex 34 -27.2858 17.2877
      vertex 42 -30.0143 19.0165
    endloop
  endfacet
  facet normal -0.306857 -0.335339 0.890722
    outer loop
      vertex 42 -30.0143 19.0165
      vertex 34 -27.2858 17.2877
      vertex 34 -27.5307 17.1955
    endloop
  endfacet
  facet normal -0.306821 -0.335166 0.8908
    outer loop
      vertex 42 -30.2838 18.9151
      vertex 42 -30.0143 19.0165
      vertex 34 -27.5307 17.1955
    endloop
  endfacet
  facet normal -0.320037 -0.390948 0.862981
    outer loop
      vertex 42 -30.2838 18.9151
      vertex 34 -27.5307 17.1955
      vertex 34 -27.7691 17.0875
    endloop
  endfacet
  facet normal -0.320075 -0.391141 0.862879
    outer loop
      vertex 42 -30.5461 18.7962
      vertex 42 -30.2838 18.9151
      vertex 34 -27.7691 17.0875
    endloop
  endfacet
  facet normal -0.332021 -0.444603 0.83192
    outer loop
      vertex 42 -30.5461 18.7962
      vertex 34 -27.7691 17.0875
      vertex 34 -28 16.9641
    endloop
  endfacet
  facet normal -0.332024 -0.444623 0.831908
    outer loop
      vertex 42 -30.8 18.6605
      vertex 42 -30.5461 18.7962
      vertex 34 -28 16.9641
    endloop
  endfacet
  facet normal -0.342771 -0.495986 0.797813
    outer loop
      vertex 42 -30.8 18.6605
      vertex 34 -28 16.9641
      vertex 34 -28.2223 16.8259
    endloop
  endfacet
  facet normal -0.342771 -0.495983 0.797815
    outer loop
      vertex 42 -31.0445 18.5085
      vertex 42 -30.8 18.6605
      vertex 34 -28.2223 16.8259
    endloop
  endfacet
  facet normal -0.352343 -0.545316 0.760582
    outer loop
      vertex 42 -31.0445 18.5085
      vertex 34 -28.2223 16.8259
      vertex 34 -28.435 16.6734
    endloop
  endfacet
  facet normal -0.352321 -0.545167 0.760699
    outer loop
      vertex 42 -31.2785 18.3408
      vertex 42 -31.0445 18.5085
      vertex 34 -28.435 16.6734
    endloop
  endfacet
  facet normal -0.360557 -0.591498 0.7212
    outer loop
      vertex 42 -31.2785 18.3408
      vertex 34 -28.435 16.6734
      vertex 34 -28.6374 16.5074
    endloop
  endfacet
  facet normal -0.360588 -0.591747 0.720979
    outer loop
      vertex 42 -31.5011 18.1581
      vertex 42 -31.2785 18.3408
      vertex 34 -28.6374 16.5074
    endloop
  endfacet
  facet normal -0.367648 -0.635923 0.678555
    outer loop
      vertex 42 -31.5011 18.1581
      vertex 34 -28.6374 16.5074
      vertex 34 -28.8284 16.3284
    endloop
  endfacet
  facet normal -0.367613 -0.635599 0.678877
    outer loop
      vertex 42 -31.7113 17.9613
      vertex 42 -31.5011 18.1581
      vertex 34 -28.8284 16.3284
    endloop
  endfacet
  facet normal -0.373402 -0.67688 0.634354
    outer loop
      vertex 42 -31.7113 17.9613
      vertex 34 -28.8284 16.3284
      vertex 34 -29.0074 16.1374
    endloop
  endfacet
  facet normal -0.373427 -0.677184 0.634014
    outer loop
      vertex 42 -31.9081 17.7511
      vertex 42 -31.7113 17.9613
      vertex 34 -29.0074 16.1374
    endloop
  endfacet
  facet normal -0.377983 -0.715845 0.587106
    outer loop
      vertex 42 -31.9081 17.7511
      vertex 34 -29.0074 16.1374
      vertex 34 -29.1734 15.935
    endloop
  endfacet
  facet normal -0.377972 -0.71564 0.587365
    outer loop
      vertex 42 -32.0908 17.5285
      vertex 42 -31.9081 17.7511
      vertex 34 -29.1734 15.935
    endloop
  endfacet
  facet normal -0.381279 -0.751308 0.538667
    outer loop
      vertex 42 -32.0908 17.5285
      vertex 34 -29.1734 15.935
      vertex 34 -29.3259 15.7223
    endloop
  endfacet
  facet normal -0.381282 -0.751416 0.538515
    outer loop
      vertex 42 -32.2585 17.2945
      vertex 42 -32.0908 17.5285
      vertex 34 -29.3259 15.7223
    endloop
  endfacet
  facet normal -0.383365 -0.784376 0.487633
    outer loop
      vertex 42 -32.2585 17.2945
      vertex 34 -29.3259 15.7223
      vertex 34 -29.4641 15.5
    endloop
  endfacet
  facet normal -0.383365 -0.784378 0.48763
    outer loop
      vertex 42 -32.4105 17.05
      vertex 42 -32.2585 17.2945
      vertex 34 -29.4641 15.5
    endloop
  endfacet
  facet normal -0.384205 -0.814259 0.435165
    outer loop
      vertex 42 -32.4105 17.05
      vertex 34 -29.4641 15.5
      vertex 34 -29.5875 15.2691
    endloop
  endfacet
  facet normal -0.384205 -0.814248 0.435185
    outer loop
      vertex 42 -32.5462 16.7961
      vertex 42 -32.4105 17.05
      vertex 34 -29.5875 15.2691
    endloop
  endfacet
  facet normal -0.383818 -0.841123 0.381046
    outer loop
      vertex 42 -32.6651 16.5338
      vertex 34 -29.5875 15.2691
      vertex 34 -29.6955 15.0307
    endloop
  endfacet
  facet normal -0.383816 -0.841036 0.38124
    outer loop
      vertex 42 -32.6651 16.5338
      vertex 42 -32.5462 16.7961
      vertex 34 -29.5875 15.2691
    endloop
  endfacet
  facet normal -0.382191 -0.864825 0.325589
    outer loop
      vertex 42 -32.7665 16.2643
      vertex 34 -29.6955 15.0307
      vertex 34 -29.7877 14.7858
    endloop
  endfacet
  facet normal -0.382189 -0.86489 0.325417
    outer loop
      vertex 42 -32.7665 16.2643
      vertex 42 -32.6651 16.5338
      vertex 34 -29.6955 15.0307
    endloop
  endfacet
  facet normal -0.379331 -0.885395 0.268672
    outer loop
      vertex 34 -29.7877 14.7858
      vertex 42 -32.8501 15.9888
      vertex 42 -32.7665 16.2643
    endloop
  endfacet
  facet normal -0.379329 -0.885409 0.268627
    outer loop
      vertex 42 -32.8501 15.9888
      vertex 34 -29.7877 14.7858
      vertex 34 -29.8637 14.5353
    endloop
  endfacet
  facet normal -0.375223 -0.902747 0.210369
    outer loop
      vertex 42 -32.9155 15.7084
      vertex 34 -29.8637 14.5353
      vertex 34 -29.9231 14.2804
    endloop
  endfacet
  facet normal -0.375232 -0.902702 0.210545
    outer loop
      vertex 42 -32.9155 15.7084
      vertex 42 -32.8501 15.9888
      vertex 34 -29.8637 14.5353
    endloop
  endfacet
  facet normal -0.369906 -0.916629 0.151529
    outer loop
      vertex 42 -32.9624 15.4243
      vertex 34 -29.9231 14.2804
      vertex 34 -29.9658 14.0221
    endloop
  endfacet
  facet normal -0.369891 -0.916668 0.151326
    outer loop
      vertex 42 -32.9624 15.4243
      vertex 42 -32.9155 15.7084
      vertex 34 -29.9231 14.2804
    endloop
  endfacet
  facet normal -0.363286 -0.927211 0.0911194
    outer loop
      vertex 42 -32.9906 15.1378
      vertex 34 -29.9658 14.0221
      vertex 34 -29.9914 13.7616
    endloop
  endfacet
  facet normal -0.363299 -0.927192 0.0912629
    outer loop
      vertex 42 -32.9906 15.1378
      vertex 42 -32.9624 15.4243
      vertex 34 -29.9658 14.0221
    endloop
  endfacet
  facet normal -0.355497 -0.934173 0.0307106
    outer loop
      vertex 42 -33 14.85
      vertex 34 -29.9914 13.7616
      vertex 34 -30 13.5
    endloop
  endfacet
  facet normal -0.355476 -0.934187 0.030512
    outer loop
      vertex 42 -33 14.85
      vertex 42 -32.9906 15.1378
      vertex 34 -29.9914 13.7616
    endloop
  endfacet
  facet normal -0.351123 -0.936329 0
    outer loop
      vertex 34 -30 -13.5
      vertex 42 -33 14.85
      vertex 34 -30 13.5
    endloop
  endfacet
  facet normal -0.351123 -0.936329 -0
    outer loop
      vertex 42 -33 14.85
      vertex 34 -30 -13.5
      vertex 42 -33 -14.85
    endloop
  endfacet
  facet normal -0.355497 -0.934173 -0.0307106
    outer loop
      vertex 34 -29.9914 -13.7616
      vertex 42 -33 -14.85
      vertex 34 -30 -13.5
    endloop
  endfacet
  facet normal -0.355476 -0.934187 -0.030512
    outer loop
      vertex 42 -32.9906 -15.1378
      vertex 42 -33 -14.85
      vertex 34 -29.9914 -13.7616
    endloop
  endfacet
  facet normal 0.267047 0.963163 -0.0316624
    outer loop
      vertex 34 -21.9914 5.76161
      vertex 42 -24.2 6.05
      vertex 34 -22 5.5
    endloop
  endfacet
  facet normal 0.267042 0.963171 -0.031462
    outer loop
      vertex 42 -24.1906 6.33777
      vertex 42 -24.2 6.05
      vertex 34 -21.9914 5.76161
    endloop
  endfacet
  facet normal 0.270189 0.958192 -0.0941639
    outer loop
      vertex 34 -21.9658 6.02211
      vertex 42 -24.1906 6.33777
      vertex 34 -21.9914 5.76161
    endloop
  endfacet
  facet normal 0.27019 0.958178 -0.0942964
    outer loop
      vertex 42 -24.1624 6.62432
      vertex 42 -24.1906 6.33777
      vertex 34 -21.9658 6.02211
    endloop
  endfacet
  facet normal 0.272463 0.949278 -0.156957
    outer loop
      vertex 34 -21.9231 6.28036
      vertex 42 -24.1624 6.62432
      vertex 34 -21.9658 6.02211
    endloop
  endfacet
  facet normal 0.272464 0.949316 -0.156727
    outer loop
      vertex 42 -24.1155 6.9084
      vertex 42 -24.1624 6.62432
      vertex 34 -21.9231 6.28036
    endloop
  endfacet
  facet normal 0.273833 0.936684 -0.218261
    outer loop
      vertex 34 -21.8637 6.53528
      vertex 42 -24.1155 6.9084
      vertex 34 -21.9231 6.28036
    endloop
  endfacet
  facet normal 0.27383 0.936641 -0.218453
    outer loop
      vertex 42 -24.0501 7.18881
      vertex 42 -24.1155 6.9084
      vertex 34 -21.8637 6.53528
    endloop
  endfacet
  facet normal 0.274304 0.920215 -0.279217
    outer loop
      vertex 42 -24.0501 7.18881
      vertex 34 -21.7877 6.78575
      vertex 42 -23.9665 7.46433
    endloop
  endfacet
  facet normal 0.274304 0.920214 -0.27922
    outer loop
      vertex 34 -21.7877 6.78575
      vertex 42 -24.0501 7.18881
      vertex 34 -21.8637 6.53528
    endloop
  endfacet
  facet normal 0.273886 0.900124 -0.338768
    outer loop
      vertex 34 -21.6955 7.03073
      vertex 42 -23.8651 7.7338
      vertex 34 -21.7877 6.78575
    endloop
  endfacet
  facet normal 0.273885 0.900143 -0.338718
    outer loop
      vertex 42 -23.8651 7.7338
      vertex 42 -23.9665 7.46433
      vertex 34 -21.7877 6.78575
    endloop
  endfacet
  facet normal 0.272562 0.876414 -0.397
    outer loop
      vertex 34 -21.5875 7.26915
      vertex 42 -23.7462 7.99606
      vertex 34 -21.6955 7.03073
    endloop
  endfacet
  facet normal 0.272563 0.876287 -0.397279
    outer loop
      vertex 42 -23.7462 7.99606
      vertex 42 -23.8651 7.7338
      vertex 34 -21.6955 7.03073
    endloop
  endfacet
  facet normal 0.270355 0.849067 -0.453866
    outer loop
      vertex 34 -21.4641 7.5
      vertex 42 -23.6105 8.25
      vertex 34 -21.5875 7.26915
    endloop
  endfacet
  facet normal 0.270356 0.849126 -0.453754
    outer loop
      vertex 42 -23.6105 8.25
      vertex 42 -23.7462 7.99606
      vertex 34 -21.5875 7.26915
    endloop
  endfacet
  facet normal 0.267264 0.818338 -0.508815
    outer loop
      vertex 34 -21.3259 7.72227
      vertex 42 -23.4585 8.4945
      vertex 34 -21.4641 7.5
    endloop
  endfacet
  facet normal 0.267265 0.818371 -0.508762
    outer loop
      vertex 42 -23.4585 8.4945
      vertex 42 -23.6105 8.25
      vertex 34 -21.4641 7.5
    endloop
  endfacet
  facet normal 0.26328 0.784115 -0.562003
    outer loop
      vertex 34 -21.1734 7.93504
      vertex 42 -23.2908 8.72855
      vertex 34 -21.3259 7.72227
    endloop
  endfacet
  facet normal 0.263285 0.784196 -0.561887
    outer loop
      vertex 42 -23.2908 8.72855
      vertex 42 -23.4585 8.4945
      vertex 34 -21.3259 7.72227
    endloop
  endfacet
  facet normal 0.258438 0.746848 -0.612722
    outer loop
      vertex 34 -21.1734 7.93504
      vertex 34.0126 -21.0107 8.13867
      vertex 42 -23.1081 8.95113
    endloop
  endfacet
  facet normal 0.262406 0.74589 -0.612202
    outer loop
      vertex 34.0126 -21.0107 8.13867
      vertex 34 -21.1734 7.93504
      vertex 34 -21.0308 8.10878
    endloop
  endfacet
  facet normal 0.258426 0.746697 -0.61291
    outer loop
      vertex 42 -23.1081 8.95113
      vertex 42 -23.2908 8.72855
      vertex 34 -21.1734 7.93504
    endloop
  endfacet
  facet normal 0.252704 0.706092 -0.661495
    outer loop
      vertex 34.1083 -20.8566 8.33971
      vertex 42 -22.9113 9.16127
      vertex 34.0127 -21.0104 8.13902
    endloop
  endfacet
  facet normal 0.252715 0.706203 -0.661372
    outer loop
      vertex 42 -23.1081 8.95113
      vertex 34.0127 -21.0104 8.13902
      vertex 42 -22.9113 9.16127
    endloop
  endfacet
  facet normal 0.251513 0.698173 -0.670295
    outer loop
      vertex 34.0127 -21.0104 8.13902
      vertex 42 -23.1081 8.95113
      vertex 34.0126 -21.0107 8.13867
    endloop
  endfacet
  facet normal 0.246168 0.66274 -0.707232
    outer loop
      vertex 34.2108 -20.6918 8.52978
      vertex 42 -22.7011 9.35809
      vertex 34.1099 -20.8541 8.34257
    endloop
  endfacet
  facet normal 0.246138 0.662465 -0.7075
    outer loop
      vertex 42 -22.9113 9.16127
      vertex 34.1099 -20.8541 8.34257
      vertex 42 -22.7011 9.35809
    endloop
  endfacet
  facet normal 0.245383 0.657702 -0.712191
    outer loop
      vertex 34.1099 -20.8541 8.34257
      vertex 42 -22.9113 9.16127
      vertex 34.1083 -20.8566 8.33971
    endloop
  endfacet
  facet normal 0.238754 0.616113 -0.7506
    outer loop
      vertex 34.3197 -20.5167 8.70808
      vertex 42 -22.4785 9.54076
      vertex 34.214 -20.6866 8.535
    endloop
  endfacet
  facet normal 0.238743 0.616022 -0.750679
    outer loop
      vertex 42 -22.7011 9.35809
      vertex 34.214 -20.6866 8.535
      vertex 42 -22.4785 9.54076
    endloop
  endfacet
  facet normal 0.23795 0.611273 -0.754801
    outer loop
      vertex 34.214 -20.6866 8.535
      vertex 42 -22.7011 9.35809
      vertex 34.2108 -20.6918 8.52978
    endloop
  endfacet
  facet normal 0.230533 0.566789 -0.790952
    outer loop
      vertex 34.4345 -20.3321 8.87382
      vertex 42 -22.2445 9.70847
      vertex 34.3248 -20.5085 8.71544
    endloop
  endfacet
  facet normal 0.230541 0.56685 -0.790906
    outer loop
      vertex 42 -22.4785 9.54076
      vertex 34.3248 -20.5085 8.71544
      vertex 42 -22.2445 9.70847
    endloop
  endfacet
  facet normal 0.230507 0.566656 -0.791055
    outer loop
      vertex 34.3248 -20.5085 8.71544
      vertex 42 -22.4785 9.54076
      vertex 34.3197 -20.5167 8.70808
    endloop
  endfacet
  facet normal 0.221544 0.515039 -0.828042
    outer loop
      vertex 34.5548 -20.1387 9.02626
      vertex 42 -22 9.86051
      vertex 34.4418 -20.3204 8.88301
    endloop
  endfacet
  facet normal 0.221531 0.514947 -0.828102
    outer loop
      vertex 42 -22.2445 9.70847
      vertex 34.4418 -20.3204 8.88301
      vertex 42 -22 9.86051
    endloop
  endfacet
  facet normal 0.22123 0.513289 -0.829212
    outer loop
      vertex 34.4418 -20.3204 8.88301
      vertex 42 -22.2445 9.70847
      vertex 34.4345 -20.3321 8.87382
    endloop
  endfacet
  facet normal 0.211772 0.460789 -0.861874
    outer loop
      vertex 42 -21.7461 9.99624
      vertex 34.641 -20 9.12158
      vertex 34.6752 -19.936 9.1642
    endloop
  endfacet
  facet normal 0.211749 0.460655 -0.861951
    outer loop
      vertex 34.641 -20 9.12158
      vertex 42 -21.7461 9.99624
      vertex 34.5644 -20.1232 9.03692
    endloop
  endfacet
  facet normal 0.211763 0.460752 -0.861895
    outer loop
      vertex 42 -22 9.86051
      vertex 34.5644 -20.1232 9.03692
      vertex 42 -21.7461 9.99624
    endloop
  endfacet
  facet normal 0.211869 0.461315 -0.861569
    outer loop
      vertex 34.5644 -20.1232 9.03692
      vertex 42 -22 9.86051
      vertex 34.5548 -20.1387 9.02626
    endloop
  endfacet
  facet normal 0.201249 0.404221 -0.892247
    outer loop
      vertex 34.7889 -19.7233 9.28619
      vertex 42 -21.4838 10.1151
      vertex 34.6858 -19.9161 9.17559
    endloop
  endfacet
  facet normal 0.201261 0.4043 -0.892208
    outer loop
      vertex 42 -21.7461 9.99624
      vertex 34.6858 -19.9161 9.17559
      vertex 42 -21.4838 10.1151
    endloop
  endfacet
  facet normal 0.201143 0.403696 -0.892508
    outer loop
      vertex 34.6858 -19.9161 9.17559
      vertex 42 -21.7461 9.99624
      vertex 34.6752 -19.936 9.1642
    endloop
  endfacet
  facet normal 0.190077 0.346011 -0.918775
    outer loop
      vertex 34.906 -19.5042 9.39291
      vertex 42 -21.2143 10.2165
      vertex 34.8017 -19.6994 9.29782
    endloop
  endfacet
  facet normal 0.190033 0.345734 -0.918888
    outer loop
      vertex 42 -21.4838 10.1151
      vertex 34.8017 -19.6994 9.29782
      vertex 42 -21.2143 10.2165
    endloop
  endfacet
  facet normal 0.189977 0.345453 -0.919005
    outer loop
      vertex 34.8017 -19.6994 9.29782
      vertex 42 -21.4838 10.1151
      vertex 34.7889 -19.7233 9.28619
    endloop
  endfacet
  facet normal 0.178201 0.285726 -0.941597
    outer loop
      vertex 42 -21.2143 10.2165
      vertex 35.0262 -19.2794 9.48382
      vertex 42 -20.9388 10.3001
    endloop
  endfacet
  facet normal 0.178159 0.285549 -0.941659
    outer loop
      vertex 35.0262 -19.2794 9.48382
      vertex 42 -21.2143 10.2165
      vertex 34.906 -19.5042 9.39291
    endloop
  endfacet
  facet normal 0.165694 0.223889 -0.960427
    outer loop
      vertex 35.1488 -19.05 9.55846
      vertex 42 -20.6584 10.3655
      vertex 35.0435 -19.247 9.49437
    endloop
  endfacet
  facet normal 0.165714 0.224001 -0.960397
    outer loop
      vertex 42 -20.9388 10.3001
      vertex 35.0435 -19.247 9.49437
      vertex 42 -20.6584 10.3655
    endloop
  endfacet
  facet normal 0.165755 0.224199 -0.960344
    outer loop
      vertex 35.0435 -19.247 9.49437
      vertex 42 -20.9388 10.3001
      vertex 35.0262 -19.2794 9.48382
    endloop
  endfacet
  facet normal 0.152635 0.160892 -0.975098
    outer loop
      vertex 35.2734 -18.8169 9.61644
      vertex 42 -20.3743 10.4124
      vertex 35.1685 -19.0132 9.56763
    endloop
  endfacet
  facet normal 0.152648 0.160969 -0.975083
    outer loop
      vertex 42 -20.6584 10.3655
      vertex 35.1685 -19.0132 9.56763
      vertex 42 -20.3743 10.4124
    endloop
  endfacet
  facet normal 0.152702 0.161218 -0.975034
    outer loop
      vertex 35.1685 -19.0132 9.56763
      vertex 42 -20.6584 10.3655
      vertex 35.1488 -19.05 9.55846
    endloop
  endfacet
  facet normal 0.139077 0.097028 -0.985517
    outer loop
      vertex 35.3995 -18.5811 9.65747
      vertex 42 -20.0878 10.4406
      vertex 35.2954 -18.7756 9.62363
    endloop
  endfacet
  facet normal 0.139073 0.097004 -0.98552
    outer loop
      vertex 42 -20.3743 10.4124
      vertex 35.2954 -18.7756 9.62363
      vertex 42 -20.0878 10.4406
    endloop
  endfacet
  facet normal 0.139168 0.0974286 -0.985464
    outer loop
      vertex 35.2954 -18.7756 9.62363
      vertex 42 -20.3743 10.4124
      vertex 35.2734 -18.8169 9.61644
    endloop
  endfacet
  facet normal 0.125057 0.0324547 -0.991619
    outer loop
      vertex 35.5265 -18.3435 9.68127
      vertex 42 -19.8 10.45
      vertex 35.4239 -18.5354 9.66205
    endloop
  endfacet
  facet normal 0.125045 0.0323879 -0.991622
    outer loop
      vertex 42 -20.0878 10.4406
      vertex 35.4239 -18.5354 9.66205
      vertex 42 -19.8 10.45
    endloop
  endfacet
  facet normal 0.125091 0.0325898 -0.99161
    outer loop
      vertex 35.4239 -18.5354 9.66205
      vertex 42 -20.0878 10.4406
      vertex 35.3995 -18.5811 9.65747
    endloop
  endfacet
  facet normal 0.117921 0 -0.993023
    outer loop
      vertex 42 -19.8 10.45
      vertex 40 0 10.2125
      vertex 42 19.8 10.45
    endloop
  endfacet
  facet normal 0.118019 1.00346e-05 -0.993011
    outer loop
      vertex 42 -19.8 10.45
      vertex 39.9144 -2.61613 10.2023
      vertex 40 0 10.2125
    endloop
  endfacet
  facet normal 0.117809 -1.58992e-05 -0.993036
    outer loop
      vertex 42 -19.8 10.45
      vertex 39.6578 -5.22105 10.1719
      vertex 39.9144 -2.61613 10.2023
    endloop
  endfacet
  facet normal 0.11799 1.35772e-05 -0.993015
    outer loop
      vertex 42 -19.8 10.45
      vertex 39.2314 -7.80361 10.1212
      vertex 39.6578 -5.22105 10.1719
    endloop
  endfacet
  facet normal 0.117939 1.71052e-06 -0.993021
    outer loop
      vertex 42 -19.8 10.45
      vertex 38.637 -10.3528 10.0506
      vertex 39.2314 -7.80361 10.1212
    endloop
  endfacet
  facet normal 0.117901 -1.20156e-05 -0.993025
    outer loop
      vertex 42 -19.8 10.45
      vertex 37.8772 -12.8576 9.96042
      vertex 38.637 -10.3528 10.0506
    endloop
  endfacet
  facet normal 0.117922 7.59007e-07 -0.993023
    outer loop
      vertex 42 -19.8 10.45
      vertex 36.9552 -15.3073 9.85093
      vertex 37.8772 -12.8576 9.96042
    endloop
  endfacet
  facet normal 0.11792 -1.66925e-06 -0.993023
    outer loop
      vertex 42 -19.8 10.45
      vertex 35.8749 -17.6915 9.72265
      vertex 36.9552 -15.3073 9.85093
    endloop
  endfacet
  facet normal 0.117924 1.00597e-05 -0.993023
    outer loop
      vertex 35.8749 -17.6915 9.72265
      vertex 42 -19.8 10.45
      vertex 35.5265 -18.3435 9.68127
    endloop
  endfacet
  facet normal 0.118019 -1.00346e-05 -0.993011
    outer loop
      vertex 39.9144 2.61613 10.2023
      vertex 42 19.8 10.45
      vertex 40 0 10.2125
    endloop
  endfacet
  facet normal 0.117809 1.58992e-05 -0.993036
    outer loop
      vertex 39.6578 5.22105 10.1719
      vertex 42 19.8 10.45
      vertex 39.9144 2.61613 10.2023
    endloop
  endfacet
  facet normal 0.11799 -1.35772e-05 -0.993015
    outer loop
      vertex 39.2314 7.80361 10.1212
      vertex 42 19.8 10.45
      vertex 39.6578 5.22105 10.1719
    endloop
  endfacet
  facet normal 0.117939 -1.71052e-06 -0.993021
    outer loop
      vertex 38.637 10.3528 10.0506
      vertex 42 19.8 10.45
      vertex 39.2314 7.80361 10.1212
    endloop
  endfacet
  facet normal 0.117901 1.20156e-05 -0.993025
    outer loop
      vertex 37.8772 12.8576 9.96042
      vertex 42 19.8 10.45
      vertex 38.637 10.3528 10.0506
    endloop
  endfacet
  facet normal 0.117922 -7.59007e-07 -0.993023
    outer loop
      vertex 36.9552 15.3073 9.85093
      vertex 42 19.8 10.45
      vertex 37.8772 12.8576 9.96042
    endloop
  endfacet
  facet normal 0.11792 1.66925e-06 -0.993023
    outer loop
      vertex 35.8749 17.6915 9.72265
      vertex 42 19.8 10.45
      vertex 36.9552 15.3073 9.85093
    endloop
  endfacet
  facet normal 0.117924 -1.00597e-05 -0.993023
    outer loop
      vertex 42 19.8 10.45
      vertex 35.8749 17.6915 9.72265
      vertex 35.5265 18.3435 9.68127
    endloop
  endfacet
  facet normal 0.11785 0 -0.993031
    outer loop
      vertex 35.9229 -2.35451 9.72835
      vertex 35.9229 2.35451 9.72835
      vertex 36 0 9.7375
    endloop
  endfacet
  facet normal 0.117924 0 -0.993023
    outer loop
      vertex 35.692 -4.69894 9.70093
      vertex 35.9229 2.35451 9.72835
      vertex 35.9229 -2.35451 9.72835
    endloop
  endfacet
  facet normal 0.117924 0 -0.993023
    outer loop
      vertex 35.692 -4.69894 9.70093
      vertex 35.692 4.69894 9.70093
      vertex 35.9229 2.35451 9.72835
    endloop
  endfacet
  facet normal 0.117936 0 -0.993021
    outer loop
      vertex 35.3083 -7.02325 9.65536
      vertex 35.692 4.69894 9.70093
      vertex 35.692 -4.69894 9.70093
    endloop
  endfacet
  facet normal 0.117936 0 -0.993021
    outer loop
      vertex 35.3083 -7.02325 9.65536
      vertex 35.3083 7.02325 9.65536
      vertex 35.692 4.69894 9.70093
    endloop
  endfacet
  facet normal 0.117919 0 -0.993023
    outer loop
      vertex 34.7733 -9.31748 9.59183
      vertex 35.3083 7.02325 9.65536
      vertex 35.3083 -7.02325 9.65536
    endloop
  endfacet
  facet normal 0.117919 0 -0.993023
    outer loop
      vertex 34.7733 -9.31748 9.59183
      vertex 34.7733 9.31748 9.59183
      vertex 35.3083 7.02325 9.65536
    endloop
  endfacet
  facet normal 0.118035 -3.53541e-05 -0.993009
    outer loop
      vertex 34 -11.8096 9.5
      vertex 34.7733 -9.31748 9.59183
      vertex 34.0895 -11.5718 9.51063
    endloop
  endfacet
  facet normal 0.117922 0 -0.993023
    outer loop
      vertex 34.7733 -9.31748 9.59183
      vertex 34 -11.8096 9.5
      vertex 34.7733 9.31748 9.59183
    endloop
  endfacet
  facet normal 0.117922 0 -0.993023
    outer loop
      vertex 34 11.8096 9.5
      vertex 34.7733 9.31748 9.59183
      vertex 34 -11.8096 9.5
    endloop
  endfacet
  facet normal 0.118035 3.53541e-05 -0.993009
    outer loop
      vertex 34.7733 9.31748 9.59183
      vertex 34 11.8096 9.5
      vertex 34.0895 11.5718 9.51063
    endloop
  endfacet
  facet normal 0.125057 -0.0324547 -0.991619
    outer loop
      vertex 42 19.8 10.45
      vertex 35.5265 18.3435 9.68127
      vertex 35.4239 18.5354 9.66205
    endloop
  endfacet
  facet normal 0.125045 -0.0323879 -0.991622
    outer loop
      vertex 35.4239 18.5354 9.66205
      vertex 42 20.0878 10.4406
      vertex 42 19.8 10.45
    endloop
  endfacet
  facet normal 0.125091 -0.0325898 -0.99161
    outer loop
      vertex 42 20.0878 10.4406
      vertex 35.4239 18.5354 9.66205
      vertex 35.3995 18.5811 9.65747
    endloop
  endfacet
  facet normal 0.139077 -0.097028 -0.985517
    outer loop
      vertex 42 20.0878 10.4406
      vertex 35.3995 18.5811 9.65747
      vertex 35.2954 18.7756 9.62363
    endloop
  endfacet
  facet normal 0.139073 -0.097004 -0.98552
    outer loop
      vertex 35.2954 18.7756 9.62363
      vertex 42 20.3743 10.4124
      vertex 42 20.0878 10.4406
    endloop
  endfacet
  facet normal 0.139168 -0.0974286 -0.985464
    outer loop
      vertex 42 20.3743 10.4124
      vertex 35.2954 18.7756 9.62363
      vertex 35.2734 18.8169 9.61644
    endloop
  endfacet
  facet normal 0.152635 -0.160892 -0.975098
    outer loop
      vertex 42 20.3743 10.4124
      vertex 35.2734 18.8169 9.61644
      vertex 35.1685 19.0132 9.56763
    endloop
  endfacet
  facet normal 0.152648 -0.160969 -0.975083
    outer loop
      vertex 35.1685 19.0132 9.56763
      vertex 42 20.6584 10.3655
      vertex 42 20.3743 10.4124
    endloop
  endfacet
  facet normal 0.152702 -0.161218 -0.975034
    outer loop
      vertex 42 20.6584 10.3655
      vertex 35.1685 19.0132 9.56763
      vertex 35.1488 19.05 9.55846
    endloop
  endfacet
  facet normal 0.165694 -0.223889 -0.960427
    outer loop
      vertex 42 20.6584 10.3655
      vertex 35.1488 19.05 9.55846
      vertex 35.0435 19.247 9.49437
    endloop
  endfacet
  facet normal 0.165714 -0.224001 -0.960397
    outer loop
      vertex 35.0435 19.247 9.49437
      vertex 42 20.9388 10.3001
      vertex 42 20.6584 10.3655
    endloop
  endfacet
  facet normal 0.165755 -0.224199 -0.960344
    outer loop
      vertex 42 20.9388 10.3001
      vertex 35.0435 19.247 9.49437
      vertex 35.0262 19.2794 9.48382
    endloop
  endfacet
  facet normal 0.178201 -0.285726 -0.941597
    outer loop
      vertex 35.0262 19.2794 9.48382
      vertex 42 21.2143 10.2165
      vertex 42 20.9388 10.3001
    endloop
  endfacet
  facet normal 0.178159 -0.285549 -0.941659
    outer loop
      vertex 42 21.2143 10.2165
      vertex 35.0262 19.2794 9.48382
      vertex 34.906 19.5042 9.39291
    endloop
  endfacet
  facet normal 0.190077 -0.346011 -0.918775
    outer loop
      vertex 42 21.2143 10.2165
      vertex 34.906 19.5042 9.39291
      vertex 34.8017 19.6994 9.29782
    endloop
  endfacet
  facet normal 0.190033 -0.345734 -0.918888
    outer loop
      vertex 34.8017 19.6994 9.29782
      vertex 42 21.4838 10.1151
      vertex 42 21.2143 10.2165
    endloop
  endfacet
  facet normal 0.189977 -0.345453 -0.919005
    outer loop
      vertex 42 21.4838 10.1151
      vertex 34.8017 19.6994 9.29782
      vertex 34.7889 19.7233 9.28619
    endloop
  endfacet
  facet normal 0.201249 -0.404221 -0.892247
    outer loop
      vertex 42 21.4838 10.1151
      vertex 34.7889 19.7233 9.28619
      vertex 34.6858 19.9161 9.17559
    endloop
  endfacet
  facet normal 0.201261 -0.4043 -0.892208
    outer loop
      vertex 34.6858 19.9161 9.17559
      vertex 42 21.7461 9.99624
      vertex 42 21.4838 10.1151
    endloop
  endfacet
  facet normal 0.201143 -0.403696 -0.892508
    outer loop
      vertex 42 21.7461 9.99624
      vertex 34.6858 19.9161 9.17559
      vertex 34.6752 19.936 9.1642
    endloop
  endfacet
  facet normal 0.211772 -0.460789 -0.861874
    outer loop
      vertex 34.641 20 9.12158
      vertex 42 21.7461 9.99624
      vertex 34.6752 19.936 9.1642
    endloop
  endfacet
  facet normal 0.211749 -0.460655 -0.861951
    outer loop
      vertex 42 21.7461 9.99624
      vertex 34.641 20 9.12158
      vertex 34.5644 20.1232 9.03692
    endloop
  endfacet
  facet normal 0.211763 -0.460752 -0.861895
    outer loop
      vertex 34.5644 20.1232 9.03692
      vertex 42 22 9.86051
      vertex 42 21.7461 9.99624
    endloop
  endfacet
  facet normal 0.211869 -0.461315 -0.861569
    outer loop
      vertex 42 22 9.86051
      vertex 34.5644 20.1232 9.03692
      vertex 34.5548 20.1387 9.02626
    endloop
  endfacet
  facet normal 0.221544 -0.515039 -0.828042
    outer loop
      vertex 42 22 9.86051
      vertex 34.5548 20.1387 9.02626
      vertex 34.4418 20.3204 8.88301
    endloop
  endfacet
  facet normal 0.221531 -0.514947 -0.828102
    outer loop
      vertex 34.4418 20.3204 8.88301
      vertex 42 22.2445 9.70847
      vertex 42 22 9.86051
    endloop
  endfacet
  facet normal 0.22123 -0.513289 -0.829212
    outer loop
      vertex 42 22.2445 9.70847
      vertex 34.4418 20.3204 8.88301
      vertex 34.4345 20.3321 8.87382
    endloop
  endfacet
  facet normal 0.230533 -0.566789 -0.790952
    outer loop
      vertex 42 22.2445 9.70847
      vertex 34.4345 20.3321 8.87382
      vertex 34.3248 20.5085 8.71544
    endloop
  endfacet
  facet normal 0.230541 -0.56685 -0.790906
    outer loop
      vertex 34.3248 20.5085 8.71544
      vertex 42 22.4785 9.54076
      vertex 42 22.2445 9.70847
    endloop
  endfacet
  facet normal 0.230507 -0.566656 -0.791055
    outer loop
      vertex 42 22.4785 9.54076
      vertex 34.3248 20.5085 8.71544
      vertex 34.3197 20.5167 8.70808
    endloop
  endfacet
  facet normal 0.238754 -0.616113 -0.7506
    outer loop
      vertex 42 22.4785 9.54076
      vertex 34.3197 20.5167 8.70808
      vertex 34.214 20.6866 8.535
    endloop
  endfacet
  facet normal 0.238743 -0.616022 -0.750679
    outer loop
      vertex 34.214 20.6866 8.535
      vertex 42 22.7011 9.35809
      vertex 42 22.4785 9.54076
    endloop
  endfacet
  facet normal 0.23795 -0.611273 -0.754801
    outer loop
      vertex 42 22.7011 9.35809
      vertex 34.214 20.6866 8.535
      vertex 34.2108 20.6918 8.52978
    endloop
  endfacet
  facet normal 0.246168 -0.66274 -0.707232
    outer loop
      vertex 42 22.7011 9.35809
      vertex 34.2108 20.6918 8.52978
      vertex 34.1099 20.8541 8.34257
    endloop
  endfacet
  facet normal 0.246138 -0.662465 -0.7075
    outer loop
      vertex 34.1099 20.8541 8.34257
      vertex 42 22.9113 9.16127
      vertex 42 22.7011 9.35809
    endloop
  endfacet
  facet normal 0.245383 -0.657702 -0.712191
    outer loop
      vertex 42 22.9113 9.16127
      vertex 34.1099 20.8541 8.34257
      vertex 34.1083 20.8566 8.33971
    endloop
  endfacet
  facet normal 0.252704 -0.706092 -0.661495
    outer loop
      vertex 42 22.9113 9.16127
      vertex 34.1083 20.8566 8.33971
      vertex 34.0127 21.0104 8.13902
    endloop
  endfacet
  facet normal 0.252715 -0.706203 -0.661372
    outer loop
      vertex 34.0127 21.0104 8.13902
      vertex 42 23.1081 8.95113
      vertex 42 22.9113 9.16127
    endloop
  endfacet
  facet normal 0.251513 -0.698173 -0.670295
    outer loop
      vertex 42 23.1081 8.95113
      vertex 34.0127 21.0104 8.13902
      vertex 34.0126 21.0107 8.13867
    endloop
  endfacet
  facet normal 0.262406 -0.74589 -0.612202
    outer loop
      vertex 34 21.1734 7.93504
      vertex 34.0126 21.0107 8.13867
      vertex 34 21.0308 8.10878
    endloop
  endfacet
  facet normal 0.258438 -0.746848 -0.612722
    outer loop
      vertex 34.0126 21.0107 8.13867
      vertex 34 21.1734 7.93504
      vertex 42 23.1081 8.95113
    endloop
  endfacet
  facet normal 0.258426 -0.746697 -0.61291
    outer loop
      vertex 42 23.2908 8.72855
      vertex 42 23.1081 8.95113
      vertex 34 21.1734 7.93504
    endloop
  endfacet
  facet normal 0.26328 -0.784115 -0.562003
    outer loop
      vertex 34 21.3259 7.72227
      vertex 42 23.2908 8.72855
      vertex 34 21.1734 7.93504
    endloop
  endfacet
  facet normal 0.263285 -0.784196 -0.561887
    outer loop
      vertex 42 23.4585 8.4945
      vertex 42 23.2908 8.72855
      vertex 34 21.3259 7.72227
    endloop
  endfacet
  facet normal 0.267264 -0.818338 -0.508815
    outer loop
      vertex 34 21.4641 7.5
      vertex 42 23.4585 8.4945
      vertex 34 21.3259 7.72227
    endloop
  endfacet
  facet normal 0.267265 -0.818371 -0.508762
    outer loop
      vertex 42 23.6105 8.25
      vertex 42 23.4585 8.4945
      vertex 34 21.4641 7.5
    endloop
  endfacet
  facet normal 0.270355 -0.849067 -0.453866
    outer loop
      vertex 34 21.5875 7.26915
      vertex 42 23.6105 8.25
      vertex 34 21.4641 7.5
    endloop
  endfacet
  facet normal 0.270356 -0.849126 -0.453754
    outer loop
      vertex 42 23.7462 7.99606
      vertex 42 23.6105 8.25
      vertex 34 21.5875 7.26915
    endloop
  endfacet
  facet normal 0.272562 -0.876414 -0.397
    outer loop
      vertex 34 21.6955 7.03073
      vertex 42 23.7462 7.99606
      vertex 34 21.5875 7.26915
    endloop
  endfacet
  facet normal 0.272563 -0.876287 -0.397279
    outer loop
      vertex 42 23.8651 7.7338
      vertex 42 23.7462 7.99606
      vertex 34 21.6955 7.03073
    endloop
  endfacet
  facet normal 0.273886 -0.900124 -0.338768
    outer loop
      vertex 34 21.7877 6.78575
      vertex 42 23.8651 7.7338
      vertex 34 21.6955 7.03073
    endloop
  endfacet
  facet normal 0.273885 -0.900143 -0.338718
    outer loop
      vertex 42 23.9665 7.46433
      vertex 42 23.8651 7.7338
      vertex 34 21.7877 6.78575
    endloop
  endfacet
  facet normal 0.274304 -0.920215 -0.279217
    outer loop
      vertex 34 21.7877 6.78575
      vertex 42 24.0501 7.18881
      vertex 42 23.9665 7.46433
    endloop
  endfacet
  facet normal 0.274304 -0.920214 -0.27922
    outer loop
      vertex 42 24.0501 7.18881
      vertex 34 21.7877 6.78575
      vertex 34 21.8637 6.53528
    endloop
  endfacet
  facet normal 0.273833 -0.936684 -0.218261
    outer loop
      vertex 34 21.9231 6.28036
      vertex 42 24.1155 6.9084
      vertex 34 21.8637 6.53528
    endloop
  endfacet
  facet normal 0.27383 -0.936641 -0.218453
    outer loop
      vertex 42 24.1155 6.9084
      vertex 42 24.0501 7.18881
      vertex 34 21.8637 6.53528
    endloop
  endfacet
  facet normal 0.272463 -0.949278 -0.156957
    outer loop
      vertex 34 21.9658 6.02211
      vertex 42 24.1624 6.62432
      vertex 34 21.9231 6.28036
    endloop
  endfacet
  facet normal 0.272464 -0.949316 -0.156727
    outer loop
      vertex 42 24.1624 6.62432
      vertex 42 24.1155 6.9084
      vertex 34 21.9231 6.28036
    endloop
  endfacet
  facet normal 0.270189 -0.958192 -0.0941639
    outer loop
      vertex 34 21.9914 5.76161
      vertex 42 24.1906 6.33777
      vertex 34 21.9658 6.02211
    endloop
  endfacet
  facet normal 0.27019 -0.958178 -0.0942964
    outer loop
      vertex 42 24.1906 6.33777
      vertex 42 24.1624 6.62432
      vertex 34 21.9658 6.02211
    endloop
  endfacet
  facet normal 0.267047 -0.963163 -0.0316624
    outer loop
      vertex 34 22 5.5
      vertex 42 24.2 6.05
      vertex 34 21.9914 5.76161
    endloop
  endfacet
  facet normal 0.267042 -0.963171 -0.031462
    outer loop
      vertex 42 24.2 6.05
      vertex 42 24.1906 6.33777
      vertex 34 21.9914 5.76161
    endloop
  endfacet
  facet normal 0.265156 -0.964205 0
    outer loop
      vertex 34 22 -5.5
      vertex 42 24.2 6.05
      vertex 34 22 5.5
    endloop
  endfacet
  facet normal 0.265156 -0.964205 0
    outer loop
      vertex 42 24.2 6.05
      vertex 34 22 -5.5
      vertex 42 24.2 -6.05
    endloop
  endfacet
  facet normal 0.267047 -0.963163 0.0316624
    outer loop
      vertex 42 24.2 -6.05
      vertex 34 22 -5.5
      vertex 34 21.9914 -5.76161
    endloop
  endfacet
  facet normal 0.267042 -0.963171 0.031462
    outer loop
      vertex 42 24.1906 -6.33777
      vertex 42 24.2 -6.05
      vertex 34 21.9914 -5.76161
    endloop
  endfacet
  facet normal 0.270189 -0.958192 0.0941639
    outer loop
      vertex 42 24.1906 -6.33777
      vertex 34 21.9914 -5.76161
      vertex 34 21.9658 -6.02211
    endloop
  endfacet
  facet normal 0.27019 -0.958178 0.0942964
    outer loop
      vertex 42 24.1624 -6.62432
      vertex 42 24.1906 -6.33777
      vertex 34 21.9658 -6.02211
    endloop
  endfacet
  facet normal 0.272463 -0.949278 0.156957
    outer loop
      vertex 42 24.1624 -6.62432
      vertex 34 21.9658 -6.02211
      vertex 34 21.9231 -6.28036
    endloop
  endfacet
  facet normal 0.272464 -0.949316 0.156727
    outer loop
      vertex 42 24.1155 -6.9084
      vertex 42 24.1624 -6.62432
      vertex 34 21.9231 -6.28036
    endloop
  endfacet
  facet normal 0.273833 -0.936684 0.218261
    outer loop
      vertex 42 24.1155 -6.9084
      vertex 34 21.9231 -6.28036
      vertex 34 21.8637 -6.53528
    endloop
  endfacet
  facet normal 0.27383 -0.936641 0.218453
    outer loop
      vertex 42 24.0501 -7.18881
      vertex 42 24.1155 -6.9084
      vertex 34 21.8637 -6.53528
    endloop
  endfacet
  facet normal 0.274304 -0.920214 0.27922
    outer loop
      vertex 34 21.7877 -6.78575
      vertex 42 24.0501 -7.18881
      vertex 34 21.8637 -6.53528
    endloop
  endfacet
  facet normal 0.274304 -0.920215 0.279217
    outer loop
      vertex 42 24.0501 -7.18881
      vertex 34 21.7877 -6.78575
      vertex 42 23.9665 -7.46433
    endloop
  endfacet
  facet normal 0.273886 -0.900124 0.338768
    outer loop
      vertex 42 23.8651 -7.7338
      vertex 34 21.7877 -6.78575
      vertex 34 21.6955 -7.03073
    endloop
  endfacet
  facet normal 0.273885 -0.900143 0.338718
    outer loop
      vertex 42 23.8651 -7.7338
      vertex 42 23.9665 -7.46433
      vertex 34 21.7877 -6.78575
    endloop
  endfacet
  facet normal 0.272562 -0.876414 0.397
    outer loop
      vertex 42 23.7462 -7.99606
      vertex 34 21.6955 -7.03073
      vertex 34 21.5875 -7.26915
    endloop
  endfacet
  facet normal 0.272563 -0.876287 0.397279
    outer loop
      vertex 42 23.7462 -7.99606
      vertex 42 23.8651 -7.7338
      vertex 34 21.6955 -7.03073
    endloop
  endfacet
  facet normal 0.270355 -0.849067 0.453866
    outer loop
      vertex 42 23.6105 -8.25
      vertex 34 21.5875 -7.26915
      vertex 34 21.4641 -7.5
    endloop
  endfacet
  facet normal 0.270356 -0.849126 0.453754
    outer loop
      vertex 42 23.6105 -8.25
      vertex 42 23.7462 -7.99606
      vertex 34 21.5875 -7.26915
    endloop
  endfacet
  facet normal 0.267264 -0.818338 0.508815
    outer loop
      vertex 42 23.4585 -8.4945
      vertex 34 21.4641 -7.5
      vertex 34 21.3259 -7.72227
    endloop
  endfacet
  facet normal 0.267265 -0.818371 0.508762
    outer loop
      vertex 42 23.4585 -8.4945
      vertex 42 23.6105 -8.25
      vertex 34 21.4641 -7.5
    endloop
  endfacet
  facet normal 0.26328 -0.784115 0.562003
    outer loop
      vertex 42 23.2908 -8.72855
      vertex 34 21.3259 -7.72227
      vertex 34 21.1734 -7.93504
    endloop
  endfacet
  facet normal 0.263285 -0.784196 0.561887
    outer loop
      vertex 42 23.2908 -8.72855
      vertex 42 23.4585 -8.4945
      vertex 34 21.3259 -7.72227
    endloop
  endfacet
  facet normal 0.262406 -0.74589 0.612202
    outer loop
      vertex 34.0126 21.0107 -8.13867
      vertex 34 21.1734 -7.93504
      vertex 34 21.0308 -8.10878
    endloop
  endfacet
  facet normal 0.258438 -0.746848 0.612722
    outer loop
      vertex 34 21.1734 -7.93504
      vertex 34.0126 21.0107 -8.13867
      vertex 42 23.1081 -8.95113
    endloop
  endfacet
  facet normal 0.258426 -0.746697 0.61291
    outer loop
      vertex 42 23.1081 -8.95113
      vertex 42 23.2908 -8.72855
      vertex 34 21.1734 -7.93504
    endloop
  endfacet
  facet normal 0.252704 -0.706092 0.661495
    outer loop
      vertex 34.1083 20.8566 -8.33971
      vertex 42 22.9113 -9.16127
      vertex 34.0127 21.0104 -8.13902
    endloop
  endfacet
  facet normal 0.251513 -0.698173 0.670295
    outer loop
      vertex 34.0127 21.0104 -8.13902
      vertex 42 23.1081 -8.95113
      vertex 34.0126 21.0107 -8.13867
    endloop
  endfacet
  facet normal 0.252715 -0.706203 0.661372
    outer loop
      vertex 42 23.1081 -8.95113
      vertex 34.0127 21.0104 -8.13902
      vertex 42 22.9113 -9.16127
    endloop
  endfacet
  facet normal 0.246168 -0.66274 0.707232
    outer loop
      vertex 34.2108 20.6918 -8.52978
      vertex 42 22.7011 -9.35809
      vertex 34.1099 20.8541 -8.34257
    endloop
  endfacet
  facet normal 0.246138 -0.662465 0.7075
    outer loop
      vertex 42 22.9113 -9.16127
      vertex 34.1099 20.8541 -8.34257
      vertex 42 22.7011 -9.35809
    endloop
  endfacet
  facet normal 0.245383 -0.657702 0.712191
    outer loop
      vertex 34.1099 20.8541 -8.34257
      vertex 42 22.9113 -9.16127
      vertex 34.1083 20.8566 -8.33971
    endloop
  endfacet
  facet normal 0.238754 -0.616113 0.7506
    outer loop
      vertex 34.3197 20.5167 -8.70808
      vertex 42 22.4785 -9.54076
      vertex 34.214 20.6866 -8.535
    endloop
  endfacet
  facet normal 0.238743 -0.616022 0.750679
    outer loop
      vertex 42 22.7011 -9.35809
      vertex 34.214 20.6866 -8.535
      vertex 42 22.4785 -9.54076
    endloop
  endfacet
  facet normal 0.23795 -0.611273 0.754801
    outer loop
      vertex 34.214 20.6866 -8.535
      vertex 42 22.7011 -9.35809
      vertex 34.2108 20.6918 -8.52978
    endloop
  endfacet
  facet normal 0.230533 -0.566789 0.790952
    outer loop
      vertex 34.4345 20.3321 -8.87382
      vertex 42 22.2445 -9.70847
      vertex 34.3248 20.5085 -8.71544
    endloop
  endfacet
  facet normal 0.230541 -0.56685 0.790906
    outer loop
      vertex 42 22.4785 -9.54076
      vertex 34.3248 20.5085 -8.71544
      vertex 42 22.2445 -9.70847
    endloop
  endfacet
  facet normal 0.230507 -0.566656 0.791055
    outer loop
      vertex 34.3248 20.5085 -8.71544
      vertex 42 22.4785 -9.54076
      vertex 34.3197 20.5167 -8.70808
    endloop
  endfacet
  facet normal 0.221544 -0.515039 0.828042
    outer loop
      vertex 34.5548 20.1387 -9.02626
      vertex 42 22 -9.86051
      vertex 34.4418 20.3204 -8.88301
    endloop
  endfacet
  facet normal 0.221531 -0.514947 0.828102
    outer loop
      vertex 42 22.2445 -9.70847
      vertex 34.4418 20.3204 -8.88301
      vertex 42 22 -9.86051
    endloop
  endfacet
  facet normal 0.22123 -0.513289 0.829212
    outer loop
      vertex 34.4418 20.3204 -8.88301
      vertex 42 22.2445 -9.70847
      vertex 34.4345 20.3321 -8.87382
    endloop
  endfacet
  facet normal 0.211772 -0.460789 0.861874
    outer loop
      vertex 42 21.7461 -9.99624
      vertex 34.641 20 -9.12158
      vertex 34.6752 19.936 -9.1642
    endloop
  endfacet
  facet normal 0.211749 -0.460655 0.861951
    outer loop
      vertex 34.641 20 -9.12158
      vertex 42 21.7461 -9.99624
      vertex 34.5644 20.1232 -9.03692
    endloop
  endfacet
  facet normal 0.211763 -0.460752 0.861895
    outer loop
      vertex 42 22 -9.86051
      vertex 34.5644 20.1232 -9.03692
      vertex 42 21.7461 -9.99624
    endloop
  endfacet
  facet normal 0.211869 -0.461315 0.861569
    outer loop
      vertex 34.5644 20.1232 -9.03692
      vertex 42 22 -9.86051
      vertex 34.5548 20.1387 -9.02626
    endloop
  endfacet
  facet normal 0.201249 -0.404221 0.892247
    outer loop
      vertex 34.7889 19.7233 -9.28619
      vertex 42 21.4838 -10.1151
      vertex 34.6858 19.9161 -9.17559
    endloop
  endfacet
  facet normal 0.201261 -0.4043 0.892208
    outer loop
      vertex 42 21.7461 -9.99624
      vertex 34.6858 19.9161 -9.17559
      vertex 42 21.4838 -10.1151
    endloop
  endfacet
  facet normal 0.201143 -0.403696 0.892508
    outer loop
      vertex 34.6858 19.9161 -9.17559
      vertex 42 21.7461 -9.99624
      vertex 34.6752 19.936 -9.1642
    endloop
  endfacet
  facet normal 0.190077 -0.346011 0.918775
    outer loop
      vertex 34.906 19.5042 -9.39291
      vertex 42 21.2143 -10.2165
      vertex 34.8017 19.6994 -9.29782
    endloop
  endfacet
  facet normal 0.190033 -0.345734 0.918888
    outer loop
      vertex 42 21.4838 -10.1151
      vertex 34.8017 19.6994 -9.29782
      vertex 42 21.2143 -10.2165
    endloop
  endfacet
  facet normal 0.189977 -0.345453 0.919005
    outer loop
      vertex 34.8017 19.6994 -9.29782
      vertex 42 21.4838 -10.1151
      vertex 34.7889 19.7233 -9.28619
    endloop
  endfacet
  facet normal 0.178201 -0.285726 0.941597
    outer loop
      vertex 42 21.2143 -10.2165
      vertex 35.0262 19.2794 -9.48382
      vertex 42 20.9388 -10.3001
    endloop
  endfacet
  facet normal 0.178159 -0.285549 0.941659
    outer loop
      vertex 35.0262 19.2794 -9.48382
      vertex 42 21.2143 -10.2165
      vertex 34.906 19.5042 -9.39291
    endloop
  endfacet
  facet normal 0.165694 -0.223889 0.960427
    outer loop
      vertex 35.1488 19.05 -9.55846
      vertex 42 20.6584 -10.3655
      vertex 35.0435 19.247 -9.49437
    endloop
  endfacet
  facet normal 0.165714 -0.224001 0.960397
    outer loop
      vertex 42 20.9388 -10.3001
      vertex 35.0435 19.247 -9.49437
      vertex 42 20.6584 -10.3655
    endloop
  endfacet
  facet normal 0.165755 -0.224199 0.960344
    outer loop
      vertex 35.0435 19.247 -9.49437
      vertex 42 20.9388 -10.3001
      vertex 35.0262 19.2794 -9.48382
    endloop
  endfacet
  facet normal 0.152635 -0.160892 0.975098
    outer loop
      vertex 35.2734 18.8169 -9.61644
      vertex 42 20.3743 -10.4124
      vertex 35.1685 19.0132 -9.56763
    endloop
  endfacet
  facet normal 0.152648 -0.160969 0.975083
    outer loop
      vertex 42 20.6584 -10.3655
      vertex 35.1685 19.0132 -9.56763
      vertex 42 20.3743 -10.4124
    endloop
  endfacet
  facet normal 0.152702 -0.161218 0.975034
    outer loop
      vertex 35.1685 19.0132 -9.56763
      vertex 42 20.6584 -10.3655
      vertex 35.1488 19.05 -9.55846
    endloop
  endfacet
  facet normal 0.139077 -0.097028 0.985517
    outer loop
      vertex 35.3995 18.5811 -9.65747
      vertex 42 20.0878 -10.4406
      vertex 35.2954 18.7756 -9.62363
    endloop
  endfacet
  facet normal 0.139073 -0.097004 0.98552
    outer loop
      vertex 42 20.3743 -10.4124
      vertex 35.2954 18.7756 -9.62363
      vertex 42 20.0878 -10.4406
    endloop
  endfacet
  facet normal 0.139168 -0.0974286 0.985464
    outer loop
      vertex 35.2954 18.7756 -9.62363
      vertex 42 20.3743 -10.4124
      vertex 35.2734 18.8169 -9.61644
    endloop
  endfacet
  facet normal 0.125057 -0.0324547 0.991619
    outer loop
      vertex 35.5265 18.3435 -9.68127
      vertex 42 19.8 -10.45
      vertex 35.4239 18.5354 -9.66205
    endloop
  endfacet
  facet normal 0.125045 -0.0323879 0.991622
    outer loop
      vertex 42 20.0878 -10.4406
      vertex 35.4239 18.5354 -9.66205
      vertex 42 19.8 -10.45
    endloop
  endfacet
  facet normal 0.125091 -0.0325898 0.99161
    outer loop
      vertex 35.4239 18.5354 -9.66205
      vertex 42 20.0878 -10.4406
      vertex 35.3995 18.5811 -9.65747
    endloop
  endfacet
  facet normal 0.117921 0 0.993023
    outer loop
      vertex 42 19.8 -10.45
      vertex 40 0 -10.2125
      vertex 42 -19.8 -10.45
    endloop
  endfacet
  facet normal 0.118019 -1.00346e-05 0.993011
    outer loop
      vertex 42 19.8 -10.45
      vertex 39.9144 2.61613 -10.2023
      vertex 40 0 -10.2125
    endloop
  endfacet
  facet normal 0.117809 1.58992e-05 0.993036
    outer loop
      vertex 42 19.8 -10.45
      vertex 39.6578 5.22105 -10.1719
      vertex 39.9144 2.61613 -10.2023
    endloop
  endfacet
  facet normal 0.11799 -1.35772e-05 0.993015
    outer loop
      vertex 42 19.8 -10.45
      vertex 39.2314 7.80361 -10.1212
      vertex 39.6578 5.22105 -10.1719
    endloop
  endfacet
  facet normal 0.117939 -1.71052e-06 0.993021
    outer loop
      vertex 42 19.8 -10.45
      vertex 38.637 10.3528 -10.0506
      vertex 39.2314 7.80361 -10.1212
    endloop
  endfacet
  facet normal 0.117901 1.20156e-05 0.993025
    outer loop
      vertex 42 19.8 -10.45
      vertex 37.8772 12.8576 -9.96042
      vertex 38.637 10.3528 -10.0506
    endloop
  endfacet
  facet normal 0.117922 -7.59007e-07 0.993023
    outer loop
      vertex 42 19.8 -10.45
      vertex 36.9552 15.3073 -9.85093
      vertex 37.8772 12.8576 -9.96042
    endloop
  endfacet
  facet normal 0.11792 1.66925e-06 0.993023
    outer loop
      vertex 42 19.8 -10.45
      vertex 35.8749 17.6915 -9.72265
      vertex 36.9552 15.3073 -9.85093
    endloop
  endfacet
  facet normal 0.117924 -1.00597e-05 0.993023
    outer loop
      vertex 35.8749 17.6915 -9.72265
      vertex 42 19.8 -10.45
      vertex 35.5265 18.3435 -9.68127
    endloop
  endfacet
  facet normal 0.118019 1.00346e-05 0.993011
    outer loop
      vertex 39.9144 -2.61613 -10.2023
      vertex 42 -19.8 -10.45
      vertex 40 0 -10.2125
    endloop
  endfacet
  facet normal 0.117809 -1.58992e-05 0.993036
    outer loop
      vertex 39.6578 -5.22105 -10.1719
      vertex 42 -19.8 -10.45
      vertex 39.9144 -2.61613 -10.2023
    endloop
  endfacet
  facet normal 0.11799 1.35772e-05 0.993015
    outer loop
      vertex 39.2314 -7.80361 -10.1212
      vertex 42 -19.8 -10.45
      vertex 39.6578 -5.22105 -10.1719
    endloop
  endfacet
  facet normal 0.117939 1.71052e-06 0.993021
    outer loop
      vertex 38.637 -10.3528 -10.0506
      vertex 42 -19.8 -10.45
      vertex 39.2314 -7.80361 -10.1212
    endloop
  endfacet
  facet normal 0.117901 -1.20156e-05 0.993025
    outer loop
      vertex 37.8772 -12.8576 -9.96042
      vertex 42 -19.8 -10.45
      vertex 38.637 -10.3528 -10.0506
    endloop
  endfacet
  facet normal 0.117922 7.59007e-07 0.993023
    outer loop
      vertex 36.9552 -15.3073 -9.85093
      vertex 42 -19.8 -10.45
      vertex 37.8772 -12.8576 -9.96042
    endloop
  endfacet
  facet normal 0.11792 -1.66925e-06 0.993023
    outer loop
      vertex 35.8749 -17.6915 -9.72265
      vertex 42 -19.8 -10.45
      vertex 36.9552 -15.3073 -9.85093
    endloop
  endfacet
  facet normal 0.117924 1.00597e-05 0.993023
    outer loop
      vertex 42 -19.8 -10.45
      vertex 35.8749 -17.6915 -9.72265
      vertex 35.5265 -18.3435 -9.68127
    endloop
  endfacet
  facet normal 0.11785 0 0.993031
    outer loop
      vertex 35.9229 2.35451 -9.72835
      vertex 35.9229 -2.35451 -9.72835
      vertex 36 0 -9.7375
    endloop
  endfacet
  facet normal 0.117924 0 0.993023
    outer loop
      vertex 35.692 4.69894 -9.70093
      vertex 35.9229 -2.35451 -9.72835
      vertex 35.9229 2.35451 -9.72835
    endloop
  endfacet
  facet normal 0.117924 0 0.993023
    outer loop
      vertex 35.692 4.69894 -9.70093
      vertex 35.692 -4.69894 -9.70093
      vertex 35.9229 -2.35451 -9.72835
    endloop
  endfacet
  facet normal 0.117936 0 0.993021
    outer loop
      vertex 35.3083 7.02325 -9.65536
      vertex 35.692 -4.69894 -9.70093
      vertex 35.692 4.69894 -9.70093
    endloop
  endfacet
  facet normal 0.117936 0 0.993021
    outer loop
      vertex 35.3083 7.02325 -9.65536
      vertex 35.3083 -7.02325 -9.65536
      vertex 35.692 -4.69894 -9.70093
    endloop
  endfacet
  facet normal 0.117919 0 0.993023
    outer loop
      vertex 34.7733 9.31748 -9.59183
      vertex 35.3083 -7.02325 -9.65536
      vertex 35.3083 7.02325 -9.65536
    endloop
  endfacet
  facet normal 0.117919 0 0.993023
    outer loop
      vertex 34.7733 9.31748 -9.59183
      vertex 34.7733 -9.31748 -9.59183
      vertex 35.3083 -7.02325 -9.65536
    endloop
  endfacet
  facet normal 0.118035 3.53541e-05 0.993009
    outer loop
      vertex 34 11.8096 -9.5
      vertex 34.7733 9.31748 -9.59183
      vertex 34.0895 11.5718 -9.51063
    endloop
  endfacet
  facet normal 0.117922 0 0.993023
    outer loop
      vertex 34.7733 9.31748 -9.59183
      vertex 34 11.8096 -9.5
      vertex 34.7733 -9.31748 -9.59183
    endloop
  endfacet
  facet normal 0.117922 -0 0.993023
    outer loop
      vertex 34 -11.8096 -9.5
      vertex 34.7733 -9.31748 -9.59183
      vertex 34 11.8096 -9.5
    endloop
  endfacet
  facet normal 0.118035 -3.53541e-05 0.993009
    outer loop
      vertex 34.7733 -9.31748 -9.59183
      vertex 34 -11.8096 -9.5
      vertex 34.0895 -11.5718 -9.51063
    endloop
  endfacet
  facet normal 0.125057 0.0324547 0.991619
    outer loop
      vertex 42 -19.8 -10.45
      vertex 35.5265 -18.3435 -9.68127
      vertex 35.4239 -18.5354 -9.66205
    endloop
  endfacet
  facet normal 0.125045 0.0323879 0.991622
    outer loop
      vertex 35.4239 -18.5354 -9.66205
      vertex 42 -20.0878 -10.4406
      vertex 42 -19.8 -10.45
    endloop
  endfacet
  facet normal 0.125091 0.0325898 0.99161
    outer loop
      vertex 42 -20.0878 -10.4406
      vertex 35.4239 -18.5354 -9.66205
      vertex 35.3995 -18.5811 -9.65747
    endloop
  endfacet
  facet normal 0.139077 0.097028 0.985517
    outer loop
      vertex 42 -20.0878 -10.4406
      vertex 35.3995 -18.5811 -9.65747
      vertex 35.2954 -18.7756 -9.62363
    endloop
  endfacet
  facet normal 0.139073 0.097004 0.98552
    outer loop
      vertex 35.2954 -18.7756 -9.62363
      vertex 42 -20.3743 -10.4124
      vertex 42 -20.0878 -10.4406
    endloop
  endfacet
  facet normal 0.139168 0.0974286 0.985464
    outer loop
      vertex 42 -20.3743 -10.4124
      vertex 35.2954 -18.7756 -9.62363
      vertex 35.2734 -18.8169 -9.61644
    endloop
  endfacet
  facet normal 0.152635 0.160892 0.975098
    outer loop
      vertex 42 -20.3743 -10.4124
      vertex 35.2734 -18.8169 -9.61644
      vertex 35.1685 -19.0132 -9.56763
    endloop
  endfacet
  facet normal 0.152648 0.160969 0.975083
    outer loop
      vertex 35.1685 -19.0132 -9.56763
      vertex 42 -20.6584 -10.3655
      vertex 42 -20.3743 -10.4124
    endloop
  endfacet
  facet normal 0.152702 0.161218 0.975034
    outer loop
      vertex 42 -20.6584 -10.3655
      vertex 35.1685 -19.0132 -9.56763
      vertex 35.1488 -19.05 -9.55846
    endloop
  endfacet
  facet normal 0.165694 0.223889 0.960427
    outer loop
      vertex 42 -20.6584 -10.3655
      vertex 35.1488 -19.05 -9.55846
      vertex 35.0435 -19.247 -9.49437
    endloop
  endfacet
  facet normal 0.165714 0.224001 0.960397
    outer loop
      vertex 35.0435 -19.247 -9.49437
      vertex 42 -20.9388 -10.3001
      vertex 42 -20.6584 -10.3655
    endloop
  endfacet
  facet normal 0.165755 0.224199 0.960344
    outer loop
      vertex 42 -20.9388 -10.3001
      vertex 35.0435 -19.247 -9.49437
      vertex 35.0262 -19.2794 -9.48382
    endloop
  endfacet
  facet normal 0.178201 0.285726 0.941597
    outer loop
      vertex 35.0262 -19.2794 -9.48382
      vertex 42 -21.2143 -10.2165
      vertex 42 -20.9388 -10.3001
    endloop
  endfacet
  facet normal 0.178159 0.285549 0.941659
    outer loop
      vertex 42 -21.2143 -10.2165
      vertex 35.0262 -19.2794 -9.48382
      vertex 34.906 -19.5042 -9.39291
    endloop
  endfacet
  facet normal 0.190077 0.346011 0.918775
    outer loop
      vertex 42 -21.2143 -10.2165
      vertex 34.906 -19.5042 -9.39291
      vertex 34.8017 -19.6994 -9.29782
    endloop
  endfacet
  facet normal 0.190033 0.345734 0.918888
    outer loop
      vertex 34.8017 -19.6994 -9.29782
      vertex 42 -21.4838 -10.1151
      vertex 42 -21.2143 -10.2165
    endloop
  endfacet
  facet normal 0.189977 0.345453 0.919005
    outer loop
      vertex 42 -21.4838 -10.1151
      vertex 34.8017 -19.6994 -9.29782
      vertex 34.7889 -19.7233 -9.28619
    endloop
  endfacet
  facet normal 0.201249 0.404221 0.892247
    outer loop
      vertex 42 -21.4838 -10.1151
      vertex 34.7889 -19.7233 -9.28619
      vertex 34.6858 -19.9161 -9.17559
    endloop
  endfacet
  facet normal 0.201261 0.4043 0.892208
    outer loop
      vertex 34.6858 -19.9161 -9.17559
      vertex 42 -21.7461 -9.99624
      vertex 42 -21.4838 -10.1151
    endloop
  endfacet
  facet normal 0.201143 0.403696 0.892508
    outer loop
      vertex 42 -21.7461 -9.99624
      vertex 34.6858 -19.9161 -9.17559
      vertex 34.6752 -19.936 -9.1642
    endloop
  endfacet
  facet normal 0.211772 0.460789 0.861874
    outer loop
      vertex 34.641 -20 -9.12158
      vertex 42 -21.7461 -9.99624
      vertex 34.6752 -19.936 -9.1642
    endloop
  endfacet
  facet normal 0.211749 0.460655 0.861951
    outer loop
      vertex 42 -21.7461 -9.99624
      vertex 34.641 -20 -9.12158
      vertex 34.5644 -20.1232 -9.03692
    endloop
  endfacet
  facet normal 0.211763 0.460752 0.861895
    outer loop
      vertex 34.5644 -20.1232 -9.03692
      vertex 42 -22 -9.86051
      vertex 42 -21.7461 -9.99624
    endloop
  endfacet
  facet normal 0.211869 0.461315 0.861569
    outer loop
      vertex 42 -22 -9.86051
      vertex 34.5644 -20.1232 -9.03692
      vertex 34.5548 -20.1387 -9.02626
    endloop
  endfacet
  facet normal 0.221544 0.515039 0.828042
    outer loop
      vertex 42 -22 -9.86051
      vertex 34.5548 -20.1387 -9.02626
      vertex 34.4418 -20.3204 -8.88301
    endloop
  endfacet
  facet normal 0.221531 0.514947 0.828102
    outer loop
      vertex 34.4418 -20.3204 -8.88301
      vertex 42 -22.2445 -9.70847
      vertex 42 -22 -9.86051
    endloop
  endfacet
  facet normal 0.22123 0.513289 0.829212
    outer loop
      vertex 42 -22.2445 -9.70847
      vertex 34.4418 -20.3204 -8.88301
      vertex 34.4345 -20.3321 -8.87382
    endloop
  endfacet
  facet normal 0.230533 0.566789 0.790952
    outer loop
      vertex 42 -22.2445 -9.70847
      vertex 34.4345 -20.3321 -8.87382
      vertex 34.3248 -20.5085 -8.71544
    endloop
  endfacet
  facet normal 0.230541 0.56685 0.790906
    outer loop
      vertex 34.3248 -20.5085 -8.71544
      vertex 42 -22.4785 -9.54076
      vertex 42 -22.2445 -9.70847
    endloop
  endfacet
  facet normal 0.230507 0.566656 0.791055
    outer loop
      vertex 42 -22.4785 -9.54076
      vertex 34.3248 -20.5085 -8.71544
      vertex 34.3197 -20.5167 -8.70808
    endloop
  endfacet
  facet normal 0.238754 0.616113 0.7506
    outer loop
      vertex 42 -22.4785 -9.54076
      vertex 34.3197 -20.5167 -8.70808
      vertex 34.214 -20.6866 -8.535
    endloop
  endfacet
  facet normal 0.238743 0.616022 0.750679
    outer loop
      vertex 34.214 -20.6866 -8.535
      vertex 42 -22.7011 -9.35809
      vertex 42 -22.4785 -9.54076
    endloop
  endfacet
  facet normal 0.23795 0.611273 0.754801
    outer loop
      vertex 42 -22.7011 -9.35809
      vertex 34.214 -20.6866 -8.535
      vertex 34.2108 -20.6918 -8.52978
    endloop
  endfacet
  facet normal 0.246168 0.66274 0.707232
    outer loop
      vertex 42 -22.7011 -9.35809
      vertex 34.2108 -20.6918 -8.52978
      vertex 34.1099 -20.8541 -8.34257
    endloop
  endfacet
  facet normal 0.246138 0.662465 0.7075
    outer loop
      vertex 34.1099 -20.8541 -8.34257
      vertex 42 -22.9113 -9.16127
      vertex 42 -22.7011 -9.35809
    endloop
  endfacet
  facet normal 0.245383 0.657702 0.712191
    outer loop
      vertex 42 -22.9113 -9.16127
      vertex 34.1099 -20.8541 -8.34257
      vertex 34.1083 -20.8566 -8.33971
    endloop
  endfacet
  facet normal 0.252704 0.706092 0.661495
    outer loop
      vertex 42 -22.9113 -9.16127
      vertex 34.1083 -20.8566 -8.33971
      vertex 34.0127 -21.0104 -8.13902
    endloop
  endfacet
  facet normal 0.251513 0.698173 0.670295
    outer loop
      vertex 42 -23.1081 -8.95113
      vertex 34.0127 -21.0104 -8.13902
      vertex 34.0126 -21.0107 -8.13867
    endloop
  endfacet
  facet normal 0.252715 0.706203 0.661372
    outer loop
      vertex 34.0127 -21.0104 -8.13902
      vertex 42 -23.1081 -8.95113
      vertex 42 -22.9113 -9.16127
    endloop
  endfacet
  facet normal 0.262406 0.74589 0.612202
    outer loop
      vertex 34 -21.1734 -7.93504
      vertex 34.0126 -21.0107 -8.13867
      vertex 34 -21.0308 -8.10878
    endloop
  endfacet
  facet normal 0.258438 0.746848 0.612722
    outer loop
      vertex 34.0126 -21.0107 -8.13867
      vertex 34 -21.1734 -7.93504
      vertex 42 -23.1081 -8.95113
    endloop
  endfacet
  facet normal 0.258426 0.746697 0.61291
    outer loop
      vertex 42 -23.2908 -8.72855
      vertex 42 -23.1081 -8.95113
      vertex 34 -21.1734 -7.93504
    endloop
  endfacet
  facet normal 0.26328 0.784115 0.562003
    outer loop
      vertex 42 -23.2908 -8.72855
      vertex 34 -21.1734 -7.93504
      vertex 34 -21.3259 -7.72227
    endloop
  endfacet
  facet normal 0.263285 0.784196 0.561887
    outer loop
      vertex 42 -23.4585 -8.4945
      vertex 42 -23.2908 -8.72855
      vertex 34 -21.3259 -7.72227
    endloop
  endfacet
  facet normal 0.267264 0.818338 0.508815
    outer loop
      vertex 42 -23.4585 -8.4945
      vertex 34 -21.3259 -7.72227
      vertex 34 -21.4641 -7.5
    endloop
  endfacet
  facet normal 0.267265 0.818371 0.508762
    outer loop
      vertex 42 -23.6105 -8.25
      vertex 42 -23.4585 -8.4945
      vertex 34 -21.4641 -7.5
    endloop
  endfacet
  facet normal 0.270355 0.849067 0.453866
    outer loop
      vertex 42 -23.6105 -8.25
      vertex 34 -21.4641 -7.5
      vertex 34 -21.5875 -7.26915
    endloop
  endfacet
  facet normal 0.270356 0.849126 0.453754
    outer loop
      vertex 42 -23.7462 -7.99606
      vertex 42 -23.6105 -8.25
      vertex 34 -21.5875 -7.26915
    endloop
  endfacet
  facet normal 0.272562 0.876414 0.397
    outer loop
      vertex 42 -23.7462 -7.99606
      vertex 34 -21.5875 -7.26915
      vertex 34 -21.6955 -7.03073
    endloop
  endfacet
  facet normal 0.272563 0.876287 0.397279
    outer loop
      vertex 42 -23.8651 -7.7338
      vertex 42 -23.7462 -7.99606
      vertex 34 -21.6955 -7.03073
    endloop
  endfacet
  facet normal 0.273886 0.900124 0.338768
    outer loop
      vertex 42 -23.8651 -7.7338
      vertex 34 -21.6955 -7.03073
      vertex 34 -21.7877 -6.78575
    endloop
  endfacet
  facet normal 0.273885 0.900143 0.338718
    outer loop
      vertex 42 -23.9665 -7.46433
      vertex 42 -23.8651 -7.7338
      vertex 34 -21.7877 -6.78575
    endloop
  endfacet
  facet normal 0.274304 0.920214 0.27922
    outer loop
      vertex 42 -24.0501 -7.18881
      vertex 34 -21.7877 -6.78575
      vertex 34 -21.8637 -6.53528
    endloop
  endfacet
  facet normal 0.274304 0.920215 0.279217
    outer loop
      vertex 34 -21.7877 -6.78575
      vertex 42 -24.0501 -7.18881
      vertex 42 -23.9665 -7.46433
    endloop
  endfacet
  facet normal 0.273833 0.936684 0.218261
    outer loop
      vertex 42 -24.1155 -6.9084
      vertex 34 -21.8637 -6.53528
      vertex 34 -21.9231 -6.28036
    endloop
  endfacet
  facet normal 0.27383 0.936641 0.218453
    outer loop
      vertex 42 -24.1155 -6.9084
      vertex 42 -24.0501 -7.18881
      vertex 34 -21.8637 -6.53528
    endloop
  endfacet
  facet normal 0.272463 0.949278 0.156957
    outer loop
      vertex 42 -24.1624 -6.62432
      vertex 34 -21.9231 -6.28036
      vertex 34 -21.9658 -6.02211
    endloop
  endfacet
  facet normal 0.272464 0.949316 0.156727
    outer loop
      vertex 42 -24.1624 -6.62432
      vertex 42 -24.1155 -6.9084
      vertex 34 -21.9231 -6.28036
    endloop
  endfacet
  facet normal 0.270189 0.958192 0.0941639
    outer loop
      vertex 42 -24.1906 -6.33777
      vertex 34 -21.9658 -6.02211
      vertex 34 -21.9914 -5.76161
    endloop
  endfacet
  facet normal 0.27019 0.958178 0.0942964
    outer loop
      vertex 42 -24.1906 -6.33777
      vertex 42 -24.1624 -6.62432
      vertex 34 -21.9658 -6.02211
    endloop
  endfacet
  facet normal 0.267047 0.963163 0.0316624
    outer loop
      vertex 42 -24.2 -6.05
      vertex 34 -21.9914 -5.76161
      vertex 34 -22 -5.5
    endloop
  endfacet
  facet normal 0.267042 0.963171 0.031462
    outer loop
      vertex 42 -24.2 -6.05
      vertex 42 -24.1906 -6.33777
      vertex 34 -21.9914 -5.76161
    endloop
  endfacet
  facet normal 0.265156 0.964205 0
    outer loop
      vertex 42 -24.2 6.05
      vertex 34 -22 -5.5
      vertex 34 -22 5.5
    endloop
  endfacet
  facet normal 0.265156 0.964205 0
    outer loop
      vertex 34 -22 -5.5
      vertex 42 -24.2 6.05
      vertex 42 -24.2 -6.05
    endloop
  endfacet
endsolid OpenSCAD_Model
