solid OpenSCAD_Model
  facet normal -0.812856 0.582465 0
    outer loop
      vertex -12.9709 8.66689 -13.1
      vertex -12.3763 9.49668 -11.9
      vertex -12.3763 9.49668 -13.1
    endloop
  endfacet
  facet normal -0.812856 0.582465 0
    outer loop
      vertex -12.3763 9.49668 -11.9
      vertex -12.9709 8.66689 -13.1
      vertex -12.9709 8.66689 -11.9
    endloop
  endfacet
  facet normal 0.995181 0.0980565 0
    outer loop
      vertex 15.5666 1.02029 -11.9
      vertex 15.4665 2.03621 -13.1
      vertex 15.4665 2.03621 -11.9
    endloop
  endfacet
  facet normal 0.995181 0.0980565 0
    outer loop
      vertex 15.4665 2.03621 -13.1
      vertex 15.5666 1.02029 -11.9
      vertex 15.5666 1.02029 -13.1
    endloop
  endfacet
  facet normal 0.999465 0.0327183 0
    outer loop
      vertex 15.6 0 -11.9
      vertex 15.5666 1.02029 -13.1
      vertex 15.5666 1.02029 -11.9
    endloop
  endfacet
  facet normal 0.999465 0.0327183 0
    outer loop
      vertex 15.5666 1.02029 -13.1
      vertex 15.6 0 -11.9
      vertex 15.6 0 -13.1
    endloop
  endfacet
  facet normal 0.986657 0.16281 0
    outer loop
      vertex 15.4665 2.03621 -11.9
      vertex 15.3003 3.04341 -13.1
      vertex 15.3003 3.04341 -11.9
    endloop
  endfacet
  facet normal 0.986657 0.16281 0
    outer loop
      vertex 15.3003 3.04341 -13.1
      vertex 15.4665 2.03621 -11.9
      vertex 15.4665 2.03621 -13.1
    endloop
  endfacet
  facet normal 0.973857 0.227162 0
    outer loop
      vertex 15.3003 3.04341 -11.9
      vertex 15.0684 4.03758 -13.1
      vertex 15.0684 4.03758 -11.9
    endloop
  endfacet
  facet normal 0.973857 0.227162 0
    outer loop
      vertex 15.0684 4.03758 -13.1
      vertex 15.3003 3.04341 -11.9
      vertex 15.3003 3.04341 -13.1
    endloop
  endfacet
  facet normal -0.528091 -0.849188 0
    outer loop
      vertex -8.66689 -12.9709 -13.1
      vertex -7.8 -13.51 -11.9
      vertex -8.66689 -12.9709 -11.9
    endloop
  endfacet
  facet normal -0.528091 -0.849188 -0
    outer loop
      vertex -7.8 -13.51 -11.9
      vertex -8.66689 -12.9709 -13.1
      vertex -7.8 -13.51 -13.1
    endloop
  endfacet
  facet normal 0.352258 -0.935903 0
    outer loop
      vertex 5.01445 -14.7721 -13.1
      vertex 5.96986 -14.4125 -11.9
      vertex 5.01445 -14.7721 -11.9
    endloop
  endfacet
  facet normal 0.352258 -0.935903 0
    outer loop
      vertex 5.96986 -14.4125 -11.9
      vertex 5.01445 -14.7721 -13.1
      vertex 5.96986 -14.4125 -13.1
    endloop
  endfacet
  facet normal 0.849188 -0.528091 0
    outer loop
      vertex 12.9709 -8.66689 -11.9
      vertex 13.51 -7.8 -13.1
      vertex 13.51 -7.8 -11.9
    endloop
  endfacet
  facet normal 0.849188 -0.528091 0
    outer loop
      vertex 13.51 -7.8 -13.1
      vertex 12.9709 -8.66689 -11.9
      vertex 12.9709 -8.66689 -13.1
    endloop
  endfacet
  facet normal 0.910866 0.412703 0
    outer loop
      vertex 14.4125 5.96986 -11.9
      vertex 13.9912 6.8997 -13.1
      vertex 13.9912 6.8997 -11.9
    endloop
  endfacet
  facet normal 0.910866 0.412703 0
    outer loop
      vertex 13.9912 6.8997 -13.1
      vertex 14.4125 5.96986 -11.9
      vertex 14.4125 5.96986 -13.1
    endloop
  endfacet
  facet normal 0.582465 -0.812856 0
    outer loop
      vertex 8.66689 -12.9709 -13.1
      vertex 9.49668 -12.3763 -11.9
      vertex 8.66689 -12.9709 -11.9
    endloop
  endfacet
  facet normal 0.582465 -0.812856 0
    outer loop
      vertex 9.49668 -12.3763 -11.9
      vertex 8.66689 -12.9709 -13.1
      vertex 9.49668 -12.3763 -13.1
    endloop
  endfacet
  facet normal 0.16281 -0.986657 0
    outer loop
      vertex 2.03621 -15.4665 -13.1
      vertex 3.04341 -15.3003 -11.9
      vertex 2.03621 -15.4665 -11.9
    endloop
  endfacet
  facet normal 0.16281 -0.986657 0
    outer loop
      vertex 3.04341 -15.3003 -11.9
      vertex 2.03621 -15.4665 -13.1
      vertex 3.04341 -15.3003 -13.1
    endloop
  endfacet
  facet normal -0.729895 -0.68356 0
    outer loop
      vertex -11.0309 -11.0309 -13.1
      vertex -11.7287 -10.2858 -11.9
      vertex -11.7287 -10.2858 -13.1
    endloop
  endfacet
  facet normal -0.729895 -0.68356 0
    outer loop
      vertex -11.7287 -10.2858 -11.9
      vertex -11.0309 -11.0309 -13.1
      vertex -11.0309 -11.0309 -11.9
    endloop
  endfacet
  facet normal -0.582465 -0.812856 0
    outer loop
      vertex -9.49668 -12.3763 -13.1
      vertex -8.66689 -12.9709 -11.9
      vertex -9.49668 -12.3763 -11.9
    endloop
  endfacet
  facet normal -0.582465 -0.812856 -0
    outer loop
      vertex -8.66689 -12.9709 -11.9
      vertex -9.49668 -12.3763 -13.1
      vertex -8.66689 -12.9709 -13.1
    endloop
  endfacet
  facet normal 0.582465 0.812856 -0
    outer loop
      vertex 9.49668 12.3763 -13.1
      vertex 8.66689 12.9709 -11.9
      vertex 9.49668 12.3763 -11.9
    endloop
  endfacet
  facet normal 0.582465 0.812856 0
    outer loop
      vertex 8.66689 12.9709 -11.9
      vertex 9.49668 12.3763 -13.1
      vertex 8.66689 12.9709 -13.1
    endloop
  endfacet
  facet normal -0.16281 0.986657 0
    outer loop
      vertex -2.03621 15.4665 -13.1
      vertex -3.04341 15.3003 -11.9
      vertex -2.03621 15.4665 -11.9
    endloop
  endfacet
  facet normal -0.16281 0.986657 0
    outer loop
      vertex -3.04341 15.3003 -11.9
      vertex -2.03621 15.4665 -13.1
      vertex -3.04341 15.3003 -13.1
    endloop
  endfacet
  facet normal -0.412703 -0.910866 0
    outer loop
      vertex -6.8997 -13.9912 -13.1
      vertex -5.96986 -14.4125 -11.9
      vertex -6.8997 -13.9912 -11.9
    endloop
  endfacet
  facet normal -0.412703 -0.910866 -0
    outer loop
      vertex -5.96986 -14.4125 -11.9
      vertex -6.8997 -13.9912 -13.1
      vertex -5.96986 -14.4125 -13.1
    endloop
  endfacet
  facet normal 0.812856 0.582465 0
    outer loop
      vertex 12.9709 8.66689 -11.9
      vertex 12.3763 9.49668 -13.1
      vertex 12.3763 9.49668 -11.9
    endloop
  endfacet
  facet normal 0.812856 0.582465 0
    outer loop
      vertex 12.3763 9.49668 -13.1
      vertex 12.9709 8.66689 -11.9
      vertex 12.9709 8.66689 -13.1
    endloop
  endfacet
  facet normal -0.812856 -0.582465 0
    outer loop
      vertex -12.3763 -9.49668 -13.1
      vertex -12.9709 -8.66689 -11.9
      vertex -12.9709 -8.66689 -13.1
    endloop
  endfacet
  facet normal -0.812856 -0.582465 0
    outer loop
      vertex -12.9709 -8.66689 -11.9
      vertex -12.3763 -9.49668 -13.1
      vertex -12.3763 -9.49668 -11.9
    endloop
  endfacet
  facet normal 0.729895 -0.68356 0
    outer loop
      vertex 11.0309 -11.0309 -11.9
      vertex 11.7287 -10.2858 -13.1
      vertex 11.7287 -10.2858 -11.9
    endloop
  endfacet
  facet normal 0.729895 -0.68356 0
    outer loop
      vertex 11.7287 -10.2858 -13.1
      vertex 11.0309 -11.0309 -11.9
      vertex 11.0309 -11.0309 -13.1
    endloop
  endfacet
  facet normal 0.471381 0.88193 -0
    outer loop
      vertex 7.8 13.51 -13.1
      vertex 6.8997 13.9912 -11.9
      vertex 7.8 13.51 -11.9
    endloop
  endfacet
  facet normal 0.471381 0.88193 0
    outer loop
      vertex 6.8997 13.9912 -11.9
      vertex 7.8 13.51 -13.1
      vertex 6.8997 13.9912 -13.1
    endloop
  endfacet
  facet normal 0.995181 -0.0980565 0
    outer loop
      vertex 15.4665 -2.03621 -11.9
      vertex 15.5666 -1.02029 -13.1
      vertex 15.5666 -1.02029 -11.9
    endloop
  endfacet
  facet normal 0.995181 -0.0980565 0
    outer loop
      vertex 15.5666 -1.02029 -13.1
      vertex 15.4665 -2.03621 -11.9
      vertex 15.4665 -2.03621 -13.1
    endloop
  endfacet
  facet normal -0.849188 0.528091 0
    outer loop
      vertex -13.51 7.8 -13.1
      vertex -12.9709 8.66689 -11.9
      vertex -12.9709 8.66689 -13.1
    endloop
  endfacet
  facet normal -0.849188 0.528091 0
    outer loop
      vertex -12.9709 8.66689 -11.9
      vertex -13.51 7.8 -13.1
      vertex -13.51 7.8 -11.9
    endloop
  endfacet
  facet normal -0.849188 -0.528091 0
    outer loop
      vertex -12.9709 -8.66689 -13.1
      vertex -13.51 -7.8 -11.9
      vertex -13.51 -7.8 -13.1
    endloop
  endfacet
  facet normal -0.849188 -0.528091 0
    outer loop
      vertex -13.51 -7.8 -11.9
      vertex -12.9709 -8.66689 -13.1
      vertex -12.9709 -8.66689 -11.9
    endloop
  endfacet
  facet normal 0.471381 -0.88193 0
    outer loop
      vertex 6.8997 -13.9912 -13.1
      vertex 7.8 -13.51 -11.9
      vertex 6.8997 -13.9912 -11.9
    endloop
  endfacet
  facet normal 0.471381 -0.88193 0
    outer loop
      vertex 7.8 -13.51 -11.9
      vertex 6.8997 -13.9912 -13.1
      vertex 7.8 -13.51 -13.1
    endloop
  endfacet
  facet normal -0.973857 -0.227162 0
    outer loop
      vertex -15.0684 -4.03758 -13.1
      vertex -15.3003 -3.04341 -11.9
      vertex -15.3003 -3.04341 -13.1
    endloop
  endfacet
  facet normal -0.973857 -0.227162 0
    outer loop
      vertex -15.3003 -3.04341 -11.9
      vertex -15.0684 -4.03758 -13.1
      vertex -15.0684 -4.03758 -11.9
    endloop
  endfacet
  facet normal 0.999465 -0.0327183 0
    outer loop
      vertex 15.5666 -1.02029 -11.9
      vertex 15.6 0 -13.1
      vertex 15.6 0 -11.9
    endloop
  endfacet
  facet normal 0.999465 -0.0327183 0
    outer loop
      vertex 15.6 0 -13.1
      vertex 15.5666 -1.02029 -11.9
      vertex 15.5666 -1.02029 -13.1
    endloop
  endfacet
  facet normal 0.0327183 0.999465 -0
    outer loop
      vertex 1.02029 15.5666 -13.1
      vertex 0 15.6 -11.9
      vertex 1.02029 15.5666 -11.9
    endloop
  endfacet
  facet normal 0.0327183 0.999465 0
    outer loop
      vertex 0 15.6 -11.9
      vertex 1.02029 15.5666 -13.1
      vertex 0 15.6 -13.1
    endloop
  endfacet
  facet normal 0.956949 0.290258 0
    outer loop
      vertex 15.0684 4.03758 -11.9
      vertex 14.7721 5.01445 -13.1
      vertex 14.7721 5.01445 -11.9
    endloop
  endfacet
  facet normal 0.956949 0.290258 0
    outer loop
      vertex 14.7721 5.01445 -13.1
      vertex 15.0684 4.03758 -11.9
      vertex 15.0684 4.03758 -13.1
    endloop
  endfacet
  facet normal 0.352258 0.935903 -0
    outer loop
      vertex 5.96986 14.4125 -13.1
      vertex 5.01445 14.7721 -11.9
      vertex 5.96986 14.4125 -11.9
    endloop
  endfacet
  facet normal 0.352258 0.935903 0
    outer loop
      vertex 5.01445 14.7721 -11.9
      vertex 5.96986 14.4125 -13.1
      vertex 5.01445 14.7721 -13.1
    endloop
  endfacet
  facet normal -0.973857 0.227162 0
    outer loop
      vertex -15.3003 3.04341 -13.1
      vertex -15.0684 4.03758 -11.9
      vertex -15.0684 4.03758 -13.1
    endloop
  endfacet
  facet normal -0.973857 0.227162 0
    outer loop
      vertex -15.0684 4.03758 -11.9
      vertex -15.3003 3.04341 -13.1
      vertex -15.3003 3.04341 -11.9
    endloop
  endfacet
  facet normal 0.88193 0.471381 0
    outer loop
      vertex 13.9912 6.8997 -11.9
      vertex 13.51 7.8 -13.1
      vertex 13.51 7.8 -11.9
    endloop
  endfacet
  facet normal 0.88193 0.471381 0
    outer loop
      vertex 13.51 7.8 -13.1
      vertex 13.9912 6.8997 -11.9
      vertex 13.9912 6.8997 -13.1
    endloop
  endfacet
  facet normal -0.999465 0.0327183 0
    outer loop
      vertex -15.6 0 -13.1
      vertex -15.5666 1.02029 -11.9
      vertex -15.5666 1.02029 -13.1
    endloop
  endfacet
  facet normal -0.999465 0.0327183 0
    outer loop
      vertex -15.5666 1.02029 -11.9
      vertex -15.6 0 -13.1
      vertex -15.6 0 -11.9
    endloop
  endfacet
  facet normal -0.68356 0.729895 0
    outer loop
      vertex -10.2858 11.7287 -13.1
      vertex -11.0309 11.0309 -11.9
      vertex -10.2858 11.7287 -11.9
    endloop
  endfacet
  facet normal -0.68356 0.729895 0
    outer loop
      vertex -11.0309 11.0309 -11.9
      vertex -10.2858 11.7287 -13.1
      vertex -11.0309 11.0309 -13.1
    endloop
  endfacet
  facet normal -0.986657 -0.16281 0
    outer loop
      vertex -15.3003 -3.04341 -13.1
      vertex -15.4665 -2.03621 -11.9
      vertex -15.4665 -2.03621 -13.1
    endloop
  endfacet
  facet normal -0.986657 -0.16281 0
    outer loop
      vertex -15.4665 -2.03621 -11.9
      vertex -15.3003 -3.04341 -13.1
      vertex -15.3003 -3.04341 -11.9
    endloop
  endfacet
  facet normal 0.986657 -0.16281 0
    outer loop
      vertex 15.3003 -3.04341 -11.9
      vertex 15.4665 -2.03621 -13.1
      vertex 15.4665 -2.03621 -11.9
    endloop
  endfacet
  facet normal 0.986657 -0.16281 0
    outer loop
      vertex 15.4665 -2.03621 -13.1
      vertex 15.3003 -3.04341 -11.9
      vertex 15.3003 -3.04341 -13.1
    endloop
  endfacet
  facet normal -0.0980565 0.995181 0
    outer loop
      vertex -1.02029 15.5666 -13.1
      vertex -2.03621 15.4665 -11.9
      vertex -1.02029 15.5666 -11.9
    endloop
  endfacet
  facet normal -0.0980565 0.995181 0
    outer loop
      vertex -2.03621 15.4665 -11.9
      vertex -1.02029 15.5666 -13.1
      vertex -2.03621 15.4665 -13.1
    endloop
  endfacet
  facet normal 0.88193 -0.471381 0
    outer loop
      vertex 13.51 -7.8 -11.9
      vertex 13.9912 -6.8997 -13.1
      vertex 13.9912 -6.8997 -11.9
    endloop
  endfacet
  facet normal 0.88193 -0.471381 0
    outer loop
      vertex 13.9912 -6.8997 -13.1
      vertex 13.51 -7.8 -11.9
      vertex 13.51 -7.8 -13.1
    endloop
  endfacet
  facet normal 0.849188 0.528091 0
    outer loop
      vertex 13.51 7.8 -11.9
      vertex 12.9709 8.66689 -13.1
      vertex 12.9709 8.66689 -11.9
    endloop
  endfacet
  facet normal 0.849188 0.528091 0
    outer loop
      vertex 12.9709 8.66689 -13.1
      vertex 13.51 7.8 -11.9
      vertex 13.51 7.8 -13.1
    endloop
  endfacet
  facet normal -0.910866 -0.412703 0
    outer loop
      vertex -13.9912 -6.8997 -13.1
      vertex -14.4125 -5.96986 -11.9
      vertex -14.4125 -5.96986 -13.1
    endloop
  endfacet
  facet normal -0.910866 -0.412703 0
    outer loop
      vertex -14.4125 -5.96986 -11.9
      vertex -13.9912 -6.8997 -13.1
      vertex -13.9912 -6.8997 -11.9
    endloop
  endfacet
  facet normal -0.582465 0.812856 0
    outer loop
      vertex -8.66689 12.9709 -13.1
      vertex -9.49668 12.3763 -11.9
      vertex -8.66689 12.9709 -11.9
    endloop
  endfacet
  facet normal -0.582465 0.812856 0
    outer loop
      vertex -9.49668 12.3763 -11.9
      vertex -8.66689 12.9709 -13.1
      vertex -9.49668 12.3763 -13.1
    endloop
  endfacet
  facet normal -0.68356 -0.729895 0
    outer loop
      vertex -11.0309 -11.0309 -13.1
      vertex -10.2858 -11.7287 -11.9
      vertex -11.0309 -11.0309 -11.9
    endloop
  endfacet
  facet normal -0.68356 -0.729895 -0
    outer loop
      vertex -10.2858 -11.7287 -11.9
      vertex -11.0309 -11.0309 -13.1
      vertex -10.2858 -11.7287 -13.1
    endloop
  endfacet
  facet normal 0.528091 -0.849188 0
    outer loop
      vertex 7.8 -13.51 -13.1
      vertex 8.66689 -12.9709 -11.9
      vertex 7.8 -13.51 -11.9
    endloop
  endfacet
  facet normal 0.528091 -0.849188 0
    outer loop
      vertex 8.66689 -12.9709 -11.9
      vertex 7.8 -13.51 -13.1
      vertex 8.66689 -12.9709 -13.1
    endloop
  endfacet
  facet normal 0.773017 -0.634385 0
    outer loop
      vertex 11.7287 -10.2858 -11.9
      vertex 12.3763 -9.49668 -13.1
      vertex 12.3763 -9.49668 -11.9
    endloop
  endfacet
  facet normal 0.773017 -0.634385 0
    outer loop
      vertex 12.3763 -9.49668 -13.1
      vertex 11.7287 -10.2858 -11.9
      vertex 11.7287 -10.2858 -13.1
    endloop
  endfacet
  facet normal 0.528091 0.849188 -0
    outer loop
      vertex 8.66689 12.9709 -13.1
      vertex 7.8 13.51 -11.9
      vertex 8.66689 12.9709 -11.9
    endloop
  endfacet
  facet normal 0.528091 0.849188 0
    outer loop
      vertex 7.8 13.51 -11.9
      vertex 8.66689 12.9709 -13.1
      vertex 7.8 13.51 -13.1
    endloop
  endfacet
  facet normal -0.227162 0.973857 0
    outer loop
      vertex -3.04341 15.3003 -13.1
      vertex -4.03758 15.0684 -11.9
      vertex -3.04341 15.3003 -11.9
    endloop
  endfacet
  facet normal -0.227162 0.973857 0
    outer loop
      vertex -4.03758 15.0684 -11.9
      vertex -3.04341 15.3003 -13.1
      vertex -4.03758 15.0684 -13.1
    endloop
  endfacet
  facet normal -0.528091 0.849188 0
    outer loop
      vertex -7.8 13.51 -13.1
      vertex -8.66689 12.9709 -11.9
      vertex -7.8 13.51 -11.9
    endloop
  endfacet
  facet normal -0.528091 0.849188 0
    outer loop
      vertex -8.66689 12.9709 -11.9
      vertex -7.8 13.51 -13.1
      vertex -8.66689 12.9709 -13.1
    endloop
  endfacet
  facet normal 0.973857 -0.227162 0
    outer loop
      vertex 15.0684 -4.03758 -11.9
      vertex 15.3003 -3.04341 -13.1
      vertex 15.3003 -3.04341 -11.9
    endloop
  endfacet
  facet normal 0.973857 -0.227162 0
    outer loop
      vertex 15.3003 -3.04341 -13.1
      vertex 15.0684 -4.03758 -11.9
      vertex 15.0684 -4.03758 -13.1
    endloop
  endfacet
  facet normal -0.471381 0.88193 0
    outer loop
      vertex -6.8997 13.9912 -13.1
      vertex -7.8 13.51 -11.9
      vertex -6.8997 13.9912 -11.9
    endloop
  endfacet
  facet normal -0.471381 0.88193 0
    outer loop
      vertex -7.8 13.51 -11.9
      vertex -6.8997 13.9912 -13.1
      vertex -7.8 13.51 -13.1
    endloop
  endfacet
  facet normal -0.729895 0.68356 0
    outer loop
      vertex -11.7287 10.2858 -13.1
      vertex -11.0309 11.0309 -11.9
      vertex -11.0309 11.0309 -13.1
    endloop
  endfacet
  facet normal -0.729895 0.68356 0
    outer loop
      vertex -11.0309 11.0309 -11.9
      vertex -11.7287 10.2858 -13.1
      vertex -11.7287 10.2858 -11.9
    endloop
  endfacet
  facet normal -0.773017 -0.634385 0
    outer loop
      vertex -11.7287 -10.2858 -13.1
      vertex -12.3763 -9.49668 -11.9
      vertex -12.3763 -9.49668 -13.1
    endloop
  endfacet
  facet normal -0.773017 -0.634385 0
    outer loop
      vertex -12.3763 -9.49668 -11.9
      vertex -11.7287 -10.2858 -13.1
      vertex -11.7287 -10.2858 -11.9
    endloop
  endfacet
  facet normal -0.290258 0.956949 0
    outer loop
      vertex -4.03758 15.0684 -13.1
      vertex -5.01445 14.7721 -11.9
      vertex -4.03758 15.0684 -11.9
    endloop
  endfacet
  facet normal -0.290258 0.956949 0
    outer loop
      vertex -5.01445 14.7721 -11.9
      vertex -4.03758 15.0684 -13.1
      vertex -5.01445 14.7721 -13.1
    endloop
  endfacet
  facet normal 0.0980565 -0.995181 0
    outer loop
      vertex 1.02029 -15.5666 -13.1
      vertex 2.03621 -15.4665 -11.9
      vertex 1.02029 -15.5666 -11.9
    endloop
  endfacet
  facet normal 0.0980565 -0.995181 0
    outer loop
      vertex 2.03621 -15.4665 -11.9
      vertex 1.02029 -15.5666 -13.1
      vertex 2.03621 -15.4665 -13.1
    endloop
  endfacet
  facet normal 0 0 -1
    outer loop
      vertex 15 0 -13.1
      vertex 15.6 0 -13.1
      vertex 15.5666 -1.02029 -13.1
    endloop
  endfacet
  facet normal 0 0 -1
    outer loop
      vertex 14.9679 -0.981047 -13.1
      vertex 15.5666 -1.02029 -13.1
      vertex 15.4665 -2.03621 -13.1
    endloop
  endfacet
  facet normal 0 0 -1
    outer loop
      vertex 15.6 0 -13.1
      vertex 15 0 -13.1
      vertex 15.5666 1.02029 -13.1
    endloop
  endfacet
  facet normal 0 0 -1
    outer loop
      vertex 14.8717 -1.95789 -13.1
      vertex 15.4665 -2.03621 -13.1
      vertex 15.3003 -3.04341 -13.1
    endloop
  endfacet
  facet normal 0 0 -1
    outer loop
      vertex 14.9679 0.981047 -13.1
      vertex 15.5666 1.02029 -13.1
      vertex 15 0 -13.1
    endloop
  endfacet
  facet normal 0 0 -1
    outer loop
      vertex 14.7118 -2.92635 -13.1
      vertex 15.3003 -3.04341 -13.1
      vertex 15.0684 -4.03758 -13.1
    endloop
  endfacet
  facet normal -0 0 -1
    outer loop
      vertex 15.5666 1.02029 -13.1
      vertex 14.9679 0.981047 -13.1
      vertex 15.4665 2.03621 -13.1
    endloop
  endfacet
  facet normal 0 0 -1
    outer loop
      vertex 14.8717 1.95789 -13.1
      vertex 15.4665 2.03621 -13.1
      vertex 14.9679 0.981047 -13.1
    endloop
  endfacet
  facet normal 0 0 -1
    outer loop
      vertex 15.5666 -1.02029 -13.1
      vertex 14.9679 -0.981047 -13.1
      vertex 15 0 -13.1
    endloop
  endfacet
  facet normal 0 0 -1
    outer loop
      vertex 15.4665 -2.03621 -13.1
      vertex 14.8717 -1.95789 -13.1
      vertex 14.9679 -0.981047 -13.1
    endloop
  endfacet
  facet normal 0 0 -1
    outer loop
      vertex 14.4889 -3.88229 -13.1
      vertex 15.0684 -4.03758 -13.1
      vertex 14.7721 -5.01445 -13.1
    endloop
  endfacet
  facet normal 0 0 -1
    outer loop
      vertex 15.3003 -3.04341 -13.1
      vertex 14.7118 -2.92635 -13.1
      vertex 14.8717 -1.95789 -13.1
    endloop
  endfacet
  facet normal 0 0 -1
    outer loop
      vertex 15.0684 -4.03758 -13.1
      vertex 14.4889 -3.88229 -13.1
      vertex 14.7118 -2.92635 -13.1
    endloop
  endfacet
  facet normal 0 0 -1
    outer loop
      vertex 14.204 -4.82159 -13.1
      vertex 14.7721 -5.01445 -13.1
      vertex 14.4125 -5.96986 -13.1
    endloop
  endfacet
  facet normal 0 0 -1
    outer loop
      vertex 14.7721 -5.01445 -13.1
      vertex 14.204 -4.82159 -13.1
      vertex 14.4889 -3.88229 -13.1
    endloop
  endfacet
  facet normal 0 0 -1
    outer loop
      vertex 13.8582 -5.74025 -13.1
      vertex 14.4125 -5.96986 -13.1
      vertex 13.9912 -6.8997 -13.1
    endloop
  endfacet
  facet normal 0 0 -1
    outer loop
      vertex 14.4125 -5.96986 -13.1
      vertex 13.8582 -5.74025 -13.1
      vertex 14.204 -4.82159 -13.1
    endloop
  endfacet
  facet normal 0 0 -1
    outer loop
      vertex 13.4531 -6.63433 -13.1
      vertex 13.9912 -6.8997 -13.1
      vertex 13.51 -7.8 -13.1
    endloop
  endfacet
  facet normal 0 0 -1
    outer loop
      vertex 13.9912 -6.8997 -13.1
      vertex 13.4531 -6.63433 -13.1
      vertex 13.8582 -5.74025 -13.1
    endloop
  endfacet
  facet normal 0 0 -1
    outer loop
      vertex 13.51 -7.8 -13.1
      vertex 12.9904 -7.5 -13.1
      vertex 13.4531 -6.63433 -13.1
    endloop
  endfacet
  facet normal 0 0 -1
    outer loop
      vertex 12.9709 -8.66689 -13.1
      vertex 12.9904 -7.5 -13.1
      vertex 13.51 -7.8 -13.1
    endloop
  endfacet
  facet normal 0 0 -1
    outer loop
      vertex 12.9709 -8.66689 -13.1
      vertex 12.472 -8.33355 -13.1
      vertex 12.9904 -7.5 -13.1
    endloop
  endfacet
  facet normal 0 0 -1
    outer loop
      vertex 12.3763 -9.49668 -13.1
      vertex 12.472 -8.33355 -13.1
      vertex 12.9709 -8.66689 -13.1
    endloop
  endfacet
  facet normal 0 0 -1
    outer loop
      vertex 12.3763 -9.49668 -13.1
      vertex 11.9003 -9.13142 -13.1
      vertex 12.472 -8.33355 -13.1
    endloop
  endfacet
  facet normal 0 0 -1
    outer loop
      vertex 11.7287 -10.2858 -13.1
      vertex 11.9003 -9.13142 -13.1
      vertex 12.3763 -9.49668 -13.1
    endloop
  endfacet
  facet normal 0 0 -1
    outer loop
      vertex 11.7287 -10.2858 -13.1
      vertex 11.2776 -9.89019 -13.1
      vertex 11.9003 -9.13142 -13.1
    endloop
  endfacet
  facet normal 0 0 -1
    outer loop
      vertex 11.0309 -11.0309 -13.1
      vertex 11.2776 -9.89019 -13.1
      vertex 11.7287 -10.2858 -13.1
    endloop
  endfacet
  facet normal 0 0 -1
    outer loop
      vertex 11.0309 -11.0309 -13.1
      vertex 10.6066 -10.6066 -13.1
      vertex 11.2776 -9.89019 -13.1
    endloop
  endfacet
  facet normal 0 0 -1
    outer loop
      vertex 10.2858 -11.7287 -13.1
      vertex 10.6066 -10.6066 -13.1
      vertex 11.0309 -11.0309 -13.1
    endloop
  endfacet
  facet normal 0 0 -1
    outer loop
      vertex 10.2858 -11.7287 -13.1
      vertex 9.89019 -11.2776 -13.1
      vertex 10.6066 -10.6066 -13.1
    endloop
  endfacet
  facet normal 0 0 -1
    outer loop
      vertex 9.49668 -12.3763 -13.1
      vertex 9.89019 -11.2776 -13.1
      vertex 10.2858 -11.7287 -13.1
    endloop
  endfacet
  facet normal 0 0 -1
    outer loop
      vertex 9.49668 -12.3763 -13.1
      vertex 9.13142 -11.9003 -13.1
      vertex 9.89019 -11.2776 -13.1
    endloop
  endfacet
  facet normal 0 0 -1
    outer loop
      vertex 8.66689 -12.9709 -13.1
      vertex 9.13142 -11.9003 -13.1
      vertex 9.49668 -12.3763 -13.1
    endloop
  endfacet
  facet normal 0 0 -1
    outer loop
      vertex 8.66689 -12.9709 -13.1
      vertex 8.33355 -12.472 -13.1
      vertex 9.13142 -11.9003 -13.1
    endloop
  endfacet
  facet normal 0 0 -1
    outer loop
      vertex 7.8 -13.51 -13.1
      vertex 8.33355 -12.472 -13.1
      vertex 8.66689 -12.9709 -13.1
    endloop
  endfacet
  facet normal 0 0 -1
    outer loop
      vertex 7.8 -13.51 -13.1
      vertex 7.5 -12.9904 -13.1
      vertex 8.33355 -12.472 -13.1
    endloop
  endfacet
  facet normal 0 0 -1
    outer loop
      vertex 6.8997 -13.9912 -13.1
      vertex 7.5 -12.9904 -13.1
      vertex 7.8 -13.51 -13.1
    endloop
  endfacet
  facet normal 0 0 -1
    outer loop
      vertex 6.8997 -13.9912 -13.1
      vertex 6.63433 -13.4531 -13.1
      vertex 7.5 -12.9904 -13.1
    endloop
  endfacet
  facet normal 0 0 -1
    outer loop
      vertex 5.96986 -14.4125 -13.1
      vertex 6.63433 -13.4531 -13.1
      vertex 6.8997 -13.9912 -13.1
    endloop
  endfacet
  facet normal 0 0 -1
    outer loop
      vertex 5.96986 -14.4125 -13.1
      vertex 5.74025 -13.8582 -13.1
      vertex 6.63433 -13.4531 -13.1
    endloop
  endfacet
  facet normal 0 0 -1
    outer loop
      vertex 5.01445 -14.7721 -13.1
      vertex 5.74025 -13.8582 -13.1
      vertex 5.96986 -14.4125 -13.1
    endloop
  endfacet
  facet normal 0 0 -1
    outer loop
      vertex 5.01445 -14.7721 -13.1
      vertex 4.82159 -14.204 -13.1
      vertex 5.74025 -13.8582 -13.1
    endloop
  endfacet
  facet normal 0 0 -1
    outer loop
      vertex 4.03758 -15.0684 -13.1
      vertex 4.82159 -14.204 -13.1
      vertex 5.01445 -14.7721 -13.1
    endloop
  endfacet
  facet normal 0 0 -1
    outer loop
      vertex 4.03758 -15.0684 -13.1
      vertex 3.88229 -14.4889 -13.1
      vertex 4.82159 -14.204 -13.1
    endloop
  endfacet
  facet normal 0 0 -1
    outer loop
      vertex 3.04341 -15.3003 -13.1
      vertex 3.88229 -14.4889 -13.1
      vertex 4.03758 -15.0684 -13.1
    endloop
  endfacet
  facet normal 0 0 -1
    outer loop
      vertex 3.04341 -15.3003 -13.1
      vertex 2.92635 -14.7118 -13.1
      vertex 3.88229 -14.4889 -13.1
    endloop
  endfacet
  facet normal 0 0 -1
    outer loop
      vertex 2.03621 -15.4665 -13.1
      vertex 2.92635 -14.7118 -13.1
      vertex 3.04341 -15.3003 -13.1
    endloop
  endfacet
  facet normal 0 0 -1
    outer loop
      vertex 2.03621 -15.4665 -13.1
      vertex 1.95789 -14.8717 -13.1
      vertex 2.92635 -14.7118 -13.1
    endloop
  endfacet
  facet normal 0 0 -1
    outer loop
      vertex 1.02029 -15.5666 -13.1
      vertex 1.95789 -14.8717 -13.1
      vertex 2.03621 -15.4665 -13.1
    endloop
  endfacet
  facet normal 0 0 -1
    outer loop
      vertex 1.02029 -15.5666 -13.1
      vertex 0.981047 -14.9679 -13.1
      vertex 1.95789 -14.8717 -13.1
    endloop
  endfacet
  facet normal 0 0 -1
    outer loop
      vertex 0 -15.6 -13.1
      vertex 0.981047 -14.9679 -13.1
      vertex 1.02029 -15.5666 -13.1
    endloop
  endfacet
  facet normal 0 0 -1
    outer loop
      vertex 0 -15.6 -13.1
      vertex 0 -15 -13.1
      vertex 0.981047 -14.9679 -13.1
    endloop
  endfacet
  facet normal 0 0 -1
    outer loop
      vertex 0 -15.6 -13.1
      vertex -0.981047 -14.9679 -13.1
      vertex 0 -15 -13.1
    endloop
  endfacet
  facet normal 0 0 -1
    outer loop
      vertex -1.02029 -15.5666 -13.1
      vertex -0.981047 -14.9679 -13.1
      vertex 0 -15.6 -13.1
    endloop
  endfacet
  facet normal 0 0 -1
    outer loop
      vertex -1.02029 -15.5666 -13.1
      vertex -1.95789 -14.8717 -13.1
      vertex -0.981047 -14.9679 -13.1
    endloop
  endfacet
  facet normal 0 0 -1
    outer loop
      vertex -2.03621 -15.4665 -13.1
      vertex -1.95789 -14.8717 -13.1
      vertex -1.02029 -15.5666 -13.1
    endloop
  endfacet
  facet normal 0 0 -1
    outer loop
      vertex -2.03621 -15.4665 -13.1
      vertex -2.92635 -14.7118 -13.1
      vertex -1.95789 -14.8717 -13.1
    endloop
  endfacet
  facet normal 0 0 -1
    outer loop
      vertex -3.04341 -15.3003 -13.1
      vertex -2.92635 -14.7118 -13.1
      vertex -2.03621 -15.4665 -13.1
    endloop
  endfacet
  facet normal 0 0 -1
    outer loop
      vertex -3.04341 -15.3003 -13.1
      vertex -3.88229 -14.4889 -13.1
      vertex -2.92635 -14.7118 -13.1
    endloop
  endfacet
  facet normal 0 0 -1
    outer loop
      vertex -4.03758 -15.0684 -13.1
      vertex -3.88229 -14.4889 -13.1
      vertex -3.04341 -15.3003 -13.1
    endloop
  endfacet
  facet normal 0 0 -1
    outer loop
      vertex -4.03758 -15.0684 -13.1
      vertex -4.82159 -14.204 -13.1
      vertex -3.88229 -14.4889 -13.1
    endloop
  endfacet
  facet normal 0 0 -1
    outer loop
      vertex -5.01445 -14.7721 -13.1
      vertex -4.82159 -14.204 -13.1
      vertex -4.03758 -15.0684 -13.1
    endloop
  endfacet
  facet normal 0 0 -1
    outer loop
      vertex -5.01445 -14.7721 -13.1
      vertex -5.74025 -13.8582 -13.1
      vertex -4.82159 -14.204 -13.1
    endloop
  endfacet
  facet normal 0 0 -1
    outer loop
      vertex -5.96986 -14.4125 -13.1
      vertex -5.74025 -13.8582 -13.1
      vertex -5.01445 -14.7721 -13.1
    endloop
  endfacet
  facet normal 0 0 -1
    outer loop
      vertex -5.96986 -14.4125 -13.1
      vertex -6.63433 -13.4531 -13.1
      vertex -5.74025 -13.8582 -13.1
    endloop
  endfacet
  facet normal 0 0 -1
    outer loop
      vertex -6.8997 -13.9912 -13.1
      vertex -6.63433 -13.4531 -13.1
      vertex -5.96986 -14.4125 -13.1
    endloop
  endfacet
  facet normal 0 0 -1
    outer loop
      vertex -6.8997 -13.9912 -13.1
      vertex -7.5 -12.9904 -13.1
      vertex -6.63433 -13.4531 -13.1
    endloop
  endfacet
  facet normal 0 0 -1
    outer loop
      vertex -7.8 -13.51 -13.1
      vertex -7.5 -12.9904 -13.1
      vertex -6.8997 -13.9912 -13.1
    endloop
  endfacet
  facet normal 0 0 -1
    outer loop
      vertex -7.8 -13.51 -13.1
      vertex -8.33355 -12.472 -13.1
      vertex -7.5 -12.9904 -13.1
    endloop
  endfacet
  facet normal 0 0 -1
    outer loop
      vertex -8.66689 -12.9709 -13.1
      vertex -8.33355 -12.472 -13.1
      vertex -7.8 -13.51 -13.1
    endloop
  endfacet
  facet normal 0 0 -1
    outer loop
      vertex -8.66689 -12.9709 -13.1
      vertex -9.13142 -11.9003 -13.1
      vertex -8.33355 -12.472 -13.1
    endloop
  endfacet
  facet normal 0 0 -1
    outer loop
      vertex -9.49668 -12.3763 -13.1
      vertex -9.13142 -11.9003 -13.1
      vertex -8.66689 -12.9709 -13.1
    endloop
  endfacet
  facet normal 0 0 -1
    outer loop
      vertex -9.49668 -12.3763 -13.1
      vertex -9.89019 -11.2776 -13.1
      vertex -9.13142 -11.9003 -13.1
    endloop
  endfacet
  facet normal 0 0 -1
    outer loop
      vertex -10.2858 -11.7287 -13.1
      vertex -9.89019 -11.2776 -13.1
      vertex -9.49668 -12.3763 -13.1
    endloop
  endfacet
  facet normal 0 0 -1
    outer loop
      vertex -10.2858 -11.7287 -13.1
      vertex -10.6066 -10.6066 -13.1
      vertex -9.89019 -11.2776 -13.1
    endloop
  endfacet
  facet normal 0 0 -1
    outer loop
      vertex -11.0309 -11.0309 -13.1
      vertex -10.6066 -10.6066 -13.1
      vertex -10.2858 -11.7287 -13.1
    endloop
  endfacet
  facet normal 0 0 -1
    outer loop
      vertex -11.0309 -11.0309 -13.1
      vertex -11.2776 -9.89019 -13.1
      vertex -10.6066 -10.6066 -13.1
    endloop
  endfacet
  facet normal 0 0 -1
    outer loop
      vertex -11.7287 -10.2858 -13.1
      vertex -11.2776 -9.89019 -13.1
      vertex -11.0309 -11.0309 -13.1
    endloop
  endfacet
  facet normal 0 0 -1
    outer loop
      vertex -11.7287 -10.2858 -13.1
      vertex -11.9003 -9.13142 -13.1
      vertex -11.2776 -9.89019 -13.1
    endloop
  endfacet
  facet normal 0 0 -1
    outer loop
      vertex -12.3763 -9.49668 -13.1
      vertex -11.9003 -9.13142 -13.1
      vertex -11.7287 -10.2858 -13.1
    endloop
  endfacet
  facet normal 0 0 -1
    outer loop
      vertex -12.3763 -9.49668 -13.1
      vertex -12.472 -8.33355 -13.1
      vertex -11.9003 -9.13142 -13.1
    endloop
  endfacet
  facet normal 0 0 -1
    outer loop
      vertex -12.9709 -8.66689 -13.1
      vertex -12.472 -8.33355 -13.1
      vertex -12.3763 -9.49668 -13.1
    endloop
  endfacet
  facet normal 0 0 -1
    outer loop
      vertex -12.9709 -8.66689 -13.1
      vertex -12.9904 -7.5 -13.1
      vertex -12.472 -8.33355 -13.1
    endloop
  endfacet
  facet normal 0 0 -1
    outer loop
      vertex -13.51 -7.8 -13.1
      vertex -12.9904 -7.5 -13.1
      vertex -12.9709 -8.66689 -13.1
    endloop
  endfacet
  facet normal -0 0 -1
    outer loop
      vertex -12.9904 -7.5 -13.1
      vertex -13.51 -7.8 -13.1
      vertex -13.4531 -6.63433 -13.1
    endloop
  endfacet
  facet normal 0 0 -1
    outer loop
      vertex -13.9912 -6.8997 -13.1
      vertex -13.4531 -6.63433 -13.1
      vertex -13.51 -7.8 -13.1
    endloop
  endfacet
  facet normal -0 0 -1
    outer loop
      vertex -13.4531 -6.63433 -13.1
      vertex -13.9912 -6.8997 -13.1
      vertex -13.8582 -5.74025 -13.1
    endloop
  endfacet
  facet normal 0 0 -1
    outer loop
      vertex -14.4125 -5.96986 -13.1
      vertex -13.8582 -5.74025 -13.1
      vertex -13.9912 -6.8997 -13.1
    endloop
  endfacet
  facet normal -0 0 -1
    outer loop
      vertex -13.8582 -5.74025 -13.1
      vertex -14.4125 -5.96986 -13.1
      vertex -14.204 -4.82159 -13.1
    endloop
  endfacet
  facet normal 0 0 -1
    outer loop
      vertex -14.7721 -5.01445 -13.1
      vertex -14.204 -4.82159 -13.1
      vertex -14.4125 -5.96986 -13.1
    endloop
  endfacet
  facet normal -0 0 -1
    outer loop
      vertex -14.204 -4.82159 -13.1
      vertex -14.7721 -5.01445 -13.1
      vertex -14.4889 -3.88229 -13.1
    endloop
  endfacet
  facet normal 0 0 -1
    outer loop
      vertex -15.0684 -4.03758 -13.1
      vertex -14.4889 -3.88229 -13.1
      vertex -14.7721 -5.01445 -13.1
    endloop
  endfacet
  facet normal -0 0 -1
    outer loop
      vertex -14.4889 -3.88229 -13.1
      vertex -15.0684 -4.03758 -13.1
      vertex -14.7118 -2.92635 -13.1
    endloop
  endfacet
  facet normal 0 0 -1
    outer loop
      vertex -15.3003 -3.04341 -13.1
      vertex -14.7118 -2.92635 -13.1
      vertex -15.0684 -4.03758 -13.1
    endloop
  endfacet
  facet normal 0 0 -1
    outer loop
      vertex -15.4665 -2.03621 -13.1
      vertex -14.8717 -1.95789 -13.1
      vertex -15.3003 -3.04341 -13.1
    endloop
  endfacet
  facet normal -0 0 -1
    outer loop
      vertex -14.7118 -2.92635 -13.1
      vertex -15.3003 -3.04341 -13.1
      vertex -14.8717 -1.95789 -13.1
    endloop
  endfacet
  facet normal -0 0 -1
    outer loop
      vertex 15.4665 2.03621 -13.1
      vertex 14.8717 1.95789 -13.1
      vertex 15.3003 3.04341 -13.1
    endloop
  endfacet
  facet normal 0 0 -1
    outer loop
      vertex 14.7118 2.92635 -13.1
      vertex 15.3003 3.04341 -13.1
      vertex 14.8717 1.95789 -13.1
    endloop
  endfacet
  facet normal -0 0 -1
    outer loop
      vertex 15.3003 3.04341 -13.1
      vertex 14.7118 2.92635 -13.1
      vertex 15.0684 4.03758 -13.1
    endloop
  endfacet
  facet normal 0 0 -1
    outer loop
      vertex 14.4889 3.88229 -13.1
      vertex 15.0684 4.03758 -13.1
      vertex 14.7118 2.92635 -13.1
    endloop
  endfacet
  facet normal -0 0 -1
    outer loop
      vertex 15.0684 4.03758 -13.1
      vertex 14.4889 3.88229 -13.1
      vertex 14.7721 5.01445 -13.1
    endloop
  endfacet
  facet normal 0 0 -1
    outer loop
      vertex 14.204 4.82159 -13.1
      vertex 14.7721 5.01445 -13.1
      vertex 14.4889 3.88229 -13.1
    endloop
  endfacet
  facet normal -0 0 -1
    outer loop
      vertex 14.7721 5.01445 -13.1
      vertex 14.204 4.82159 -13.1
      vertex 14.4125 5.96986 -13.1
    endloop
  endfacet
  facet normal 0 0 -1
    outer loop
      vertex 13.8582 5.74025 -13.1
      vertex 14.4125 5.96986 -13.1
      vertex 14.204 4.82159 -13.1
    endloop
  endfacet
  facet normal -0 0 -1
    outer loop
      vertex 14.4125 5.96986 -13.1
      vertex 13.8582 5.74025 -13.1
      vertex 13.9912 6.8997 -13.1
    endloop
  endfacet
  facet normal 0 0 -1
    outer loop
      vertex 13.4531 6.63433 -13.1
      vertex 13.9912 6.8997 -13.1
      vertex 13.8582 5.74025 -13.1
    endloop
  endfacet
  facet normal -0 0 -1
    outer loop
      vertex 13.9912 6.8997 -13.1
      vertex 13.4531 6.63433 -13.1
      vertex 13.51 7.8 -13.1
    endloop
  endfacet
  facet normal 0 0 -1
    outer loop
      vertex 12.9904 7.5 -13.1
      vertex 13.51 7.8 -13.1
      vertex 13.4531 6.63433 -13.1
    endloop
  endfacet
  facet normal 0 0 -1
    outer loop
      vertex 12.9904 7.5 -13.1
      vertex 12.9709 8.66689 -13.1
      vertex 13.51 7.8 -13.1
    endloop
  endfacet
  facet normal 0 0 -1
    outer loop
      vertex 12.472 8.33355 -13.1
      vertex 12.9709 8.66689 -13.1
      vertex 12.9904 7.5 -13.1
    endloop
  endfacet
  facet normal 0 0 -1
    outer loop
      vertex 12.472 8.33355 -13.1
      vertex 12.3763 9.49668 -13.1
      vertex 12.9709 8.66689 -13.1
    endloop
  endfacet
  facet normal 0 0 -1
    outer loop
      vertex 11.9003 9.13142 -13.1
      vertex 12.3763 9.49668 -13.1
      vertex 12.472 8.33355 -13.1
    endloop
  endfacet
  facet normal 0 0 -1
    outer loop
      vertex 11.9003 9.13142 -13.1
      vertex 11.7287 10.2858 -13.1
      vertex 12.3763 9.49668 -13.1
    endloop
  endfacet
  facet normal 0 0 -1
    outer loop
      vertex 11.2776 9.89019 -13.1
      vertex 11.7287 10.2858 -13.1
      vertex 11.9003 9.13142 -13.1
    endloop
  endfacet
  facet normal 0 0 -1
    outer loop
      vertex 11.2776 9.89019 -13.1
      vertex 11.0309 11.0309 -13.1
      vertex 11.7287 10.2858 -13.1
    endloop
  endfacet
  facet normal 0 0 -1
    outer loop
      vertex 10.6066 10.6066 -13.1
      vertex 11.0309 11.0309 -13.1
      vertex 11.2776 9.89019 -13.1
    endloop
  endfacet
  facet normal 0 0 -1
    outer loop
      vertex 10.6066 10.6066 -13.1
      vertex 10.2858 11.7287 -13.1
      vertex 11.0309 11.0309 -13.1
    endloop
  endfacet
  facet normal 0 0 -1
    outer loop
      vertex 9.89019 11.2776 -13.1
      vertex 10.2858 11.7287 -13.1
      vertex 10.6066 10.6066 -13.1
    endloop
  endfacet
  facet normal 0 0 -1
    outer loop
      vertex 9.89019 11.2776 -13.1
      vertex 9.49668 12.3763 -13.1
      vertex 10.2858 11.7287 -13.1
    endloop
  endfacet
  facet normal 0 0 -1
    outer loop
      vertex 9.13142 11.9003 -13.1
      vertex 9.49668 12.3763 -13.1
      vertex 9.89019 11.2776 -13.1
    endloop
  endfacet
  facet normal 0 0 -1
    outer loop
      vertex 9.13142 11.9003 -13.1
      vertex 8.66689 12.9709 -13.1
      vertex 9.49668 12.3763 -13.1
    endloop
  endfacet
  facet normal 0 0 -1
    outer loop
      vertex 8.33355 12.472 -13.1
      vertex 8.66689 12.9709 -13.1
      vertex 9.13142 11.9003 -13.1
    endloop
  endfacet
  facet normal 0 0 -1
    outer loop
      vertex 8.33355 12.472 -13.1
      vertex 7.8 13.51 -13.1
      vertex 8.66689 12.9709 -13.1
    endloop
  endfacet
  facet normal 0 0 -1
    outer loop
      vertex 7.5 12.9904 -13.1
      vertex 7.8 13.51 -13.1
      vertex 8.33355 12.472 -13.1
    endloop
  endfacet
  facet normal 0 0 -1
    outer loop
      vertex 7.5 12.9904 -13.1
      vertex 6.8997 13.9912 -13.1
      vertex 7.8 13.51 -13.1
    endloop
  endfacet
  facet normal 0 0 -1
    outer loop
      vertex 6.63433 13.4531 -13.1
      vertex 6.8997 13.9912 -13.1
      vertex 7.5 12.9904 -13.1
    endloop
  endfacet
  facet normal 0 0 -1
    outer loop
      vertex 6.63433 13.4531 -13.1
      vertex 5.96986 14.4125 -13.1
      vertex 6.8997 13.9912 -13.1
    endloop
  endfacet
  facet normal 0 0 -1
    outer loop
      vertex 5.74025 13.8582 -13.1
      vertex 5.96986 14.4125 -13.1
      vertex 6.63433 13.4531 -13.1
    endloop
  endfacet
  facet normal 0 0 -1
    outer loop
      vertex 5.74025 13.8582 -13.1
      vertex 5.01445 14.7721 -13.1
      vertex 5.96986 14.4125 -13.1
    endloop
  endfacet
  facet normal 0 0 -1
    outer loop
      vertex 4.82159 14.204 -13.1
      vertex 5.01445 14.7721 -13.1
      vertex 5.74025 13.8582 -13.1
    endloop
  endfacet
  facet normal 0 0 -1
    outer loop
      vertex 4.82159 14.204 -13.1
      vertex 4.03758 15.0684 -13.1
      vertex 5.01445 14.7721 -13.1
    endloop
  endfacet
  facet normal 0 0 -1
    outer loop
      vertex 3.88229 14.4889 -13.1
      vertex 4.03758 15.0684 -13.1
      vertex 4.82159 14.204 -13.1
    endloop
  endfacet
  facet normal 0 0 -1
    outer loop
      vertex 3.88229 14.4889 -13.1
      vertex 3.04341 15.3003 -13.1
      vertex 4.03758 15.0684 -13.1
    endloop
  endfacet
  facet normal 0 0 -1
    outer loop
      vertex 2.92635 14.7118 -13.1
      vertex 3.04341 15.3003 -13.1
      vertex 3.88229 14.4889 -13.1
    endloop
  endfacet
  facet normal 0 0 -1
    outer loop
      vertex 2.92635 14.7118 -13.1
      vertex 2.03621 15.4665 -13.1
      vertex 3.04341 15.3003 -13.1
    endloop
  endfacet
  facet normal 0 0 -1
    outer loop
      vertex 1.95789 14.8717 -13.1
      vertex 2.03621 15.4665 -13.1
      vertex 2.92635 14.7118 -13.1
    endloop
  endfacet
  facet normal 0 0 -1
    outer loop
      vertex 1.95789 14.8717 -13.1
      vertex 1.02029 15.5666 -13.1
      vertex 2.03621 15.4665 -13.1
    endloop
  endfacet
  facet normal 0 0 -1
    outer loop
      vertex 0.981047 14.9679 -13.1
      vertex 1.02029 15.5666 -13.1
      vertex 1.95789 14.8717 -13.1
    endloop
  endfacet
  facet normal 0 0 -1
    outer loop
      vertex 0 15 -13.1
      vertex 1.02029 15.5666 -13.1
      vertex 0.981047 14.9679 -13.1
    endloop
  endfacet
  facet normal 0 0 -1
    outer loop
      vertex 0 15 -13.1
      vertex 0 15.6 -13.1
      vertex 1.02029 15.5666 -13.1
    endloop
  endfacet
  facet normal 0 0 -1
    outer loop
      vertex -0.981047 14.9679 -13.1
      vertex 0 15.6 -13.1
      vertex 0 15 -13.1
    endloop
  endfacet
  facet normal 0 0 -1
    outer loop
      vertex -0.981047 14.9679 -13.1
      vertex -1.02029 15.5666 -13.1
      vertex 0 15.6 -13.1
    endloop
  endfacet
  facet normal 0 0 -1
    outer loop
      vertex -1.95789 14.8717 -13.1
      vertex -1.02029 15.5666 -13.1
      vertex -0.981047 14.9679 -13.1
    endloop
  endfacet
  facet normal 0 0 -1
    outer loop
      vertex -1.95789 14.8717 -13.1
      vertex -2.03621 15.4665 -13.1
      vertex -1.02029 15.5666 -13.1
    endloop
  endfacet
  facet normal 0 0 -1
    outer loop
      vertex -2.92635 14.7118 -13.1
      vertex -2.03621 15.4665 -13.1
      vertex -1.95789 14.8717 -13.1
    endloop
  endfacet
  facet normal 0 0 -1
    outer loop
      vertex -2.92635 14.7118 -13.1
      vertex -3.04341 15.3003 -13.1
      vertex -2.03621 15.4665 -13.1
    endloop
  endfacet
  facet normal 0 0 -1
    outer loop
      vertex -3.88229 14.4889 -13.1
      vertex -3.04341 15.3003 -13.1
      vertex -2.92635 14.7118 -13.1
    endloop
  endfacet
  facet normal 0 0 -1
    outer loop
      vertex -3.88229 14.4889 -13.1
      vertex -4.03758 15.0684 -13.1
      vertex -3.04341 15.3003 -13.1
    endloop
  endfacet
  facet normal 0 0 -1
    outer loop
      vertex -4.82159 14.204 -13.1
      vertex -4.03758 15.0684 -13.1
      vertex -3.88229 14.4889 -13.1
    endloop
  endfacet
  facet normal 0 0 -1
    outer loop
      vertex -4.82159 14.204 -13.1
      vertex -5.01445 14.7721 -13.1
      vertex -4.03758 15.0684 -13.1
    endloop
  endfacet
  facet normal 0 0 -1
    outer loop
      vertex -5.74025 13.8582 -13.1
      vertex -5.01445 14.7721 -13.1
      vertex -4.82159 14.204 -13.1
    endloop
  endfacet
  facet normal 0 0 -1
    outer loop
      vertex -5.74025 13.8582 -13.1
      vertex -5.96986 14.4125 -13.1
      vertex -5.01445 14.7721 -13.1
    endloop
  endfacet
  facet normal 0 0 -1
    outer loop
      vertex -6.63433 13.4531 -13.1
      vertex -5.96986 14.4125 -13.1
      vertex -5.74025 13.8582 -13.1
    endloop
  endfacet
  facet normal 0 0 -1
    outer loop
      vertex -6.63433 13.4531 -13.1
      vertex -6.8997 13.9912 -13.1
      vertex -5.96986 14.4125 -13.1
    endloop
  endfacet
  facet normal 0 0 -1
    outer loop
      vertex -7.5 12.9904 -13.1
      vertex -6.8997 13.9912 -13.1
      vertex -6.63433 13.4531 -13.1
    endloop
  endfacet
  facet normal 0 0 -1
    outer loop
      vertex -7.5 12.9904 -13.1
      vertex -7.8 13.51 -13.1
      vertex -6.8997 13.9912 -13.1
    endloop
  endfacet
  facet normal 0 0 -1
    outer loop
      vertex -8.33355 12.472 -13.1
      vertex -7.8 13.51 -13.1
      vertex -7.5 12.9904 -13.1
    endloop
  endfacet
  facet normal 0 0 -1
    outer loop
      vertex -8.33355 12.472 -13.1
      vertex -8.66689 12.9709 -13.1
      vertex -7.8 13.51 -13.1
    endloop
  endfacet
  facet normal 0 0 -1
    outer loop
      vertex -9.13142 11.9003 -13.1
      vertex -8.66689 12.9709 -13.1
      vertex -8.33355 12.472 -13.1
    endloop
  endfacet
  facet normal 0 0 -1
    outer loop
      vertex -9.13142 11.9003 -13.1
      vertex -9.49668 12.3763 -13.1
      vertex -8.66689 12.9709 -13.1
    endloop
  endfacet
  facet normal 0 0 -1
    outer loop
      vertex -9.89019 11.2776 -13.1
      vertex -9.49668 12.3763 -13.1
      vertex -9.13142 11.9003 -13.1
    endloop
  endfacet
  facet normal 0 0 -1
    outer loop
      vertex -9.89019 11.2776 -13.1
      vertex -10.2858 11.7287 -13.1
      vertex -9.49668 12.3763 -13.1
    endloop
  endfacet
  facet normal 0 0 -1
    outer loop
      vertex -10.6066 10.6066 -13.1
      vertex -10.2858 11.7287 -13.1
      vertex -9.89019 11.2776 -13.1
    endloop
  endfacet
  facet normal 0 0 -1
    outer loop
      vertex -10.6066 10.6066 -13.1
      vertex -11.0309 11.0309 -13.1
      vertex -10.2858 11.7287 -13.1
    endloop
  endfacet
  facet normal 0 0 -1
    outer loop
      vertex -11.2776 9.89019 -13.1
      vertex -11.0309 11.0309 -13.1
      vertex -10.6066 10.6066 -13.1
    endloop
  endfacet
  facet normal 0 0 -1
    outer loop
      vertex -11.2776 9.89019 -13.1
      vertex -11.7287 10.2858 -13.1
      vertex -11.0309 11.0309 -13.1
    endloop
  endfacet
  facet normal 0 0 -1
    outer loop
      vertex -11.9003 9.13142 -13.1
      vertex -11.7287 10.2858 -13.1
      vertex -11.2776 9.89019 -13.1
    endloop
  endfacet
  facet normal 0 0 -1
    outer loop
      vertex -11.9003 9.13142 -13.1
      vertex -12.3763 9.49668 -13.1
      vertex -11.7287 10.2858 -13.1
    endloop
  endfacet
  facet normal 0 0 -1
    outer loop
      vertex -12.472 8.33355 -13.1
      vertex -12.3763 9.49668 -13.1
      vertex -11.9003 9.13142 -13.1
    endloop
  endfacet
  facet normal 0 0 -1
    outer loop
      vertex -12.472 8.33355 -13.1
      vertex -12.9709 8.66689 -13.1
      vertex -12.3763 9.49668 -13.1
    endloop
  endfacet
  facet normal 0 0 -1
    outer loop
      vertex -12.9904 7.5 -13.1
      vertex -12.9709 8.66689 -13.1
      vertex -12.472 8.33355 -13.1
    endloop
  endfacet
  facet normal 0 0 -1
    outer loop
      vertex -13.51 7.8 -13.1
      vertex -12.9904 7.5 -13.1
      vertex -13.4531 6.63433 -13.1
    endloop
  endfacet
  facet normal 0 0 -1
    outer loop
      vertex -12.9904 7.5 -13.1
      vertex -13.51 7.8 -13.1
      vertex -12.9709 8.66689 -13.1
    endloop
  endfacet
  facet normal 0 0 -1
    outer loop
      vertex -13.9912 6.8997 -13.1
      vertex -13.4531 6.63433 -13.1
      vertex -13.8582 5.74025 -13.1
    endloop
  endfacet
  facet normal 0 0 -1
    outer loop
      vertex -13.4531 6.63433 -13.1
      vertex -13.9912 6.8997 -13.1
      vertex -13.51 7.8 -13.1
    endloop
  endfacet
  facet normal 0 0 -1
    outer loop
      vertex -14.4125 5.96986 -13.1
      vertex -13.8582 5.74025 -13.1
      vertex -14.204 4.82159 -13.1
    endloop
  endfacet
  facet normal 0 0 -1
    outer loop
      vertex -13.8582 5.74025 -13.1
      vertex -14.4125 5.96986 -13.1
      vertex -13.9912 6.8997 -13.1
    endloop
  endfacet
  facet normal 0 0 -1
    outer loop
      vertex -14.7721 5.01445 -13.1
      vertex -14.204 4.82159 -13.1
      vertex -14.4889 3.88229 -13.1
    endloop
  endfacet
  facet normal 0 0 -1
    outer loop
      vertex -15.0684 4.03758 -13.1
      vertex -14.4889 3.88229 -13.1
      vertex -14.7118 2.92635 -13.1
    endloop
  endfacet
  facet normal 0 0 -1
    outer loop
      vertex -14.204 4.82159 -13.1
      vertex -14.7721 5.01445 -13.1
      vertex -14.4125 5.96986 -13.1
    endloop
  endfacet
  facet normal 0 0 -1
    outer loop
      vertex -15.3003 3.04341 -13.1
      vertex -14.7118 2.92635 -13.1
      vertex -14.8717 1.95789 -13.1
    endloop
  endfacet
  facet normal 0 0 -1
    outer loop
      vertex -15.4665 2.03621 -13.1
      vertex -14.8717 1.95789 -13.1
      vertex -14.9679 0.981047 -13.1
    endloop
  endfacet
  facet normal 0 0 -1
    outer loop
      vertex -14.4889 3.88229 -13.1
      vertex -15.0684 4.03758 -13.1
      vertex -14.7721 5.01445 -13.1
    endloop
  endfacet
  facet normal 0 0 -1
    outer loop
      vertex -15.5666 1.02029 -13.1
      vertex -14.9679 0.981047 -13.1
      vertex -15 0 -13.1
    endloop
  endfacet
  facet normal -0 0 -1
    outer loop
      vertex -14.8717 -1.95789 -13.1
      vertex -15.4665 -2.03621 -13.1
      vertex -14.9679 -0.981047 -13.1
    endloop
  endfacet
  facet normal 0 0 -1
    outer loop
      vertex -15.5666 -1.02029 -13.1
      vertex -14.9679 -0.981047 -13.1
      vertex -15.4665 -2.03621 -13.1
    endloop
  endfacet
  facet normal 0 0 -1
    outer loop
      vertex -14.7118 2.92635 -13.1
      vertex -15.3003 3.04341 -13.1
      vertex -15.0684 4.03758 -13.1
    endloop
  endfacet
  facet normal -0 0 -1
    outer loop
      vertex -14.9679 -0.981047 -13.1
      vertex -15.5666 -1.02029 -13.1
      vertex -15 0 -13.1
    endloop
  endfacet
  facet normal 0 0 -1
    outer loop
      vertex -14.8717 1.95789 -13.1
      vertex -15.4665 2.03621 -13.1
      vertex -15.3003 3.04341 -13.1
    endloop
  endfacet
  facet normal 0 0 -1
    outer loop
      vertex -15.6 0 -13.1
      vertex -15 0 -13.1
      vertex -15.5666 -1.02029 -13.1
    endloop
  endfacet
  facet normal 0 0 -1
    outer loop
      vertex -14.9679 0.981047 -13.1
      vertex -15.5666 1.02029 -13.1
      vertex -15.4665 2.03621 -13.1
    endloop
  endfacet
  facet normal 0 0 -1
    outer loop
      vertex -15 0 -13.1
      vertex -15.6 0 -13.1
      vertex -15.5666 1.02029 -13.1
    endloop
  endfacet
  facet normal -0.910866 0.412703 0
    outer loop
      vertex -14.4125 5.96986 -13.1
      vertex -13.9912 6.8997 -11.9
      vertex -13.9912 6.8997 -13.1
    endloop
  endfacet
  facet normal -0.910866 0.412703 0
    outer loop
      vertex -13.9912 6.8997 -11.9
      vertex -14.4125 5.96986 -13.1
      vertex -14.4125 5.96986 -11.9
    endloop
  endfacet
  facet normal 0.68356 0.729895 -0
    outer loop
      vertex 11.0309 11.0309 -13.1
      vertex 10.2858 11.7287 -11.9
      vertex 11.0309 11.0309 -11.9
    endloop
  endfacet
  facet normal 0.68356 0.729895 0
    outer loop
      vertex 10.2858 11.7287 -11.9
      vertex 11.0309 11.0309 -13.1
      vertex 10.2858 11.7287 -13.1
    endloop
  endfacet
  facet normal -0.995181 -0.0980565 0
    outer loop
      vertex -15.4665 -2.03621 -13.1
      vertex -15.5666 -1.02029 -11.9
      vertex -15.5666 -1.02029 -13.1
    endloop
  endfacet
  facet normal -0.995181 -0.0980565 0
    outer loop
      vertex -15.5666 -1.02029 -11.9
      vertex -15.4665 -2.03621 -13.1
      vertex -15.4665 -2.03621 -11.9
    endloop
  endfacet
  facet normal 0.0980565 0.995181 -0
    outer loop
      vertex 2.03621 15.4665 -13.1
      vertex 1.02029 15.5666 -11.9
      vertex 2.03621 15.4665 -11.9
    endloop
  endfacet
  facet normal 0.0980565 0.995181 0
    outer loop
      vertex 1.02029 15.5666 -11.9
      vertex 2.03621 15.4665 -13.1
      vertex 1.02029 15.5666 -13.1
    endloop
  endfacet
  facet normal 0.812856 -0.582465 0
    outer loop
      vertex 12.3763 -9.49668 -11.9
      vertex 12.9709 -8.66689 -13.1
      vertex 12.9709 -8.66689 -11.9
    endloop
  endfacet
  facet normal 0.812856 -0.582465 0
    outer loop
      vertex 12.9709 -8.66689 -13.1
      vertex 12.3763 -9.49668 -11.9
      vertex 12.3763 -9.49668 -13.1
    endloop
  endfacet
  facet normal -0.935903 -0.352258 0
    outer loop
      vertex -14.4125 -5.96986 -13.1
      vertex -14.7721 -5.01445 -11.9
      vertex -14.7721 -5.01445 -13.1
    endloop
  endfacet
  facet normal -0.935903 -0.352258 0
    outer loop
      vertex -14.7721 -5.01445 -11.9
      vertex -14.4125 -5.96986 -13.1
      vertex -14.4125 -5.96986 -11.9
    endloop
  endfacet
  facet normal -0.352258 0.935903 0
    outer loop
      vertex -5.01445 14.7721 -13.1
      vertex -5.96986 14.4125 -11.9
      vertex -5.01445 14.7721 -11.9
    endloop
  endfacet
  facet normal -0.352258 0.935903 0
    outer loop
      vertex -5.96986 14.4125 -11.9
      vertex -5.01445 14.7721 -13.1
      vertex -5.96986 14.4125 -13.1
    endloop
  endfacet
  facet normal -0.999465 -0.0327183 0
    outer loop
      vertex -15.5666 -1.02029 -13.1
      vertex -15.6 0 -11.9
      vertex -15.6 0 -13.1
    endloop
  endfacet
  facet normal -0.999465 -0.0327183 0
    outer loop
      vertex -15.6 0 -11.9
      vertex -15.5666 -1.02029 -13.1
      vertex -15.5666 -1.02029 -11.9
    endloop
  endfacet
  facet normal -0.290258 -0.956949 0
    outer loop
      vertex -5.01445 -14.7721 -13.1
      vertex -4.03758 -15.0684 -11.9
      vertex -5.01445 -14.7721 -11.9
    endloop
  endfacet
  facet normal -0.290258 -0.956949 -0
    outer loop
      vertex -4.03758 -15.0684 -11.9
      vertex -5.01445 -14.7721 -13.1
      vertex -4.03758 -15.0684 -13.1
    endloop
  endfacet
  facet normal 0.68356 -0.729895 0
    outer loop
      vertex 10.2858 -11.7287 -13.1
      vertex 11.0309 -11.0309 -11.9
      vertex 10.2858 -11.7287 -11.9
    endloop
  endfacet
  facet normal 0.68356 -0.729895 0
    outer loop
      vertex 11.0309 -11.0309 -11.9
      vertex 10.2858 -11.7287 -13.1
      vertex 11.0309 -11.0309 -13.1
    endloop
  endfacet
  facet normal 0.412703 -0.910866 0
    outer loop
      vertex 5.96986 -14.4125 -13.1
      vertex 6.8997 -13.9912 -11.9
      vertex 5.96986 -14.4125 -11.9
    endloop
  endfacet
  facet normal 0.412703 -0.910866 0
    outer loop
      vertex 6.8997 -13.9912 -11.9
      vertex 5.96986 -14.4125 -13.1
      vertex 6.8997 -13.9912 -13.1
    endloop
  endfacet
  facet normal 0.935903 -0.352258 0
    outer loop
      vertex 14.4125 -5.96986 -11.9
      vertex 14.7721 -5.01445 -13.1
      vertex 14.7721 -5.01445 -11.9
    endloop
  endfacet
  facet normal 0.935903 -0.352258 0
    outer loop
      vertex 14.7721 -5.01445 -13.1
      vertex 14.4125 -5.96986 -11.9
      vertex 14.4125 -5.96986 -13.1
    endloop
  endfacet
  facet normal -0.634385 0.773017 0
    outer loop
      vertex -9.49668 12.3763 -13.1
      vertex -10.2858 11.7287 -11.9
      vertex -9.49668 12.3763 -11.9
    endloop
  endfacet
  facet normal -0.634385 0.773017 0
    outer loop
      vertex -10.2858 11.7287 -11.9
      vertex -9.49668 12.3763 -13.1
      vertex -10.2858 11.7287 -13.1
    endloop
  endfacet
  facet normal -0.956949 -0.290258 0
    outer loop
      vertex -14.7721 -5.01445 -13.1
      vertex -15.0684 -4.03758 -11.9
      vertex -15.0684 -4.03758 -13.1
    endloop
  endfacet
  facet normal -0.956949 -0.290258 0
    outer loop
      vertex -15.0684 -4.03758 -11.9
      vertex -14.7721 -5.01445 -13.1
      vertex -14.7721 -5.01445 -11.9
    endloop
  endfacet
  facet normal 0.634385 0.773017 -0
    outer loop
      vertex 10.2858 11.7287 -13.1
      vertex 9.49668 12.3763 -11.9
      vertex 10.2858 11.7287 -11.9
    endloop
  endfacet
  facet normal 0.634385 0.773017 0
    outer loop
      vertex 9.49668 12.3763 -11.9
      vertex 10.2858 11.7287 -13.1
      vertex 9.49668 12.3763 -13.1
    endloop
  endfacet
  facet normal 0.412703 0.910866 -0
    outer loop
      vertex 6.8997 13.9912 -13.1
      vertex 5.96986 14.4125 -11.9
      vertex 6.8997 13.9912 -11.9
    endloop
  endfacet
  facet normal 0.412703 0.910866 0
    outer loop
      vertex 5.96986 14.4125 -11.9
      vertex 6.8997 13.9912 -13.1
      vertex 5.96986 14.4125 -13.1
    endloop
  endfacet
  facet normal -0.935903 0.352258 0
    outer loop
      vertex -14.7721 5.01445 -13.1
      vertex -14.4125 5.96986 -11.9
      vertex -14.4125 5.96986 -13.1
    endloop
  endfacet
  facet normal -0.935903 0.352258 0
    outer loop
      vertex -14.4125 5.96986 -11.9
      vertex -14.7721 5.01445 -13.1
      vertex -14.7721 5.01445 -11.9
    endloop
  endfacet
  facet normal 0.634385 -0.773017 0
    outer loop
      vertex 9.49668 -12.3763 -13.1
      vertex 10.2858 -11.7287 -11.9
      vertex 9.49668 -12.3763 -11.9
    endloop
  endfacet
  facet normal 0.634385 -0.773017 0
    outer loop
      vertex 10.2858 -11.7287 -11.9
      vertex 9.49668 -12.3763 -13.1
      vertex 10.2858 -11.7287 -13.1
    endloop
  endfacet
  facet normal 0.290258 0.956949 -0
    outer loop
      vertex 5.01445 14.7721 -13.1
      vertex 4.03758 15.0684 -11.9
      vertex 5.01445 14.7721 -11.9
    endloop
  endfacet
  facet normal 0.290258 0.956949 0
    outer loop
      vertex 4.03758 15.0684 -11.9
      vertex 5.01445 14.7721 -13.1
      vertex 4.03758 15.0684 -13.1
    endloop
  endfacet
  facet normal -0.412703 0.910866 0
    outer loop
      vertex -5.96986 14.4125 -13.1
      vertex -6.8997 13.9912 -11.9
      vertex -5.96986 14.4125 -11.9
    endloop
  endfacet
  facet normal -0.412703 0.910866 0
    outer loop
      vertex -6.8997 13.9912 -11.9
      vertex -5.96986 14.4125 -13.1
      vertex -6.8997 13.9912 -13.1
    endloop
  endfacet
  facet normal 0.773017 0.634385 0
    outer loop
      vertex 12.3763 9.49668 -11.9
      vertex 11.7287 10.2858 -13.1
      vertex 11.7287 10.2858 -11.9
    endloop
  endfacet
  facet normal 0.773017 0.634385 0
    outer loop
      vertex 11.7287 10.2858 -13.1
      vertex 12.3763 9.49668 -11.9
      vertex 12.3763 9.49668 -13.1
    endloop
  endfacet
  facet normal 0.935903 0.352258 0
    outer loop
      vertex 14.7721 5.01445 -11.9
      vertex 14.4125 5.96986 -13.1
      vertex 14.4125 5.96986 -11.9
    endloop
  endfacet
  facet normal 0.935903 0.352258 0
    outer loop
      vertex 14.4125 5.96986 -13.1
      vertex 14.7721 5.01445 -11.9
      vertex 14.7721 5.01445 -13.1
    endloop
  endfacet
  facet normal -0.88193 -0.471381 0
    outer loop
      vertex -13.51 -7.8 -13.1
      vertex -13.9912 -6.8997 -11.9
      vertex -13.9912 -6.8997 -13.1
    endloop
  endfacet
  facet normal -0.88193 -0.471381 0
    outer loop
      vertex -13.9912 -6.8997 -11.9
      vertex -13.51 -7.8 -13.1
      vertex -13.51 -7.8 -11.9
    endloop
  endfacet
  facet normal -0.634385 -0.773017 0
    outer loop
      vertex -10.2858 -11.7287 -13.1
      vertex -9.49668 -12.3763 -11.9
      vertex -10.2858 -11.7287 -11.9
    endloop
  endfacet
  facet normal -0.634385 -0.773017 -0
    outer loop
      vertex -9.49668 -12.3763 -11.9
      vertex -10.2858 -11.7287 -13.1
      vertex -9.49668 -12.3763 -13.1
    endloop
  endfacet
  facet normal 0.956949 -0.290258 0
    outer loop
      vertex 14.7721 -5.01445 -11.9
      vertex 15.0684 -4.03758 -13.1
      vertex 15.0684 -4.03758 -11.9
    endloop
  endfacet
  facet normal 0.956949 -0.290258 0
    outer loop
      vertex 15.0684 -4.03758 -13.1
      vertex 14.7721 -5.01445 -11.9
      vertex 14.7721 -5.01445 -13.1
    endloop
  endfacet
  facet normal 0.227162 0.973857 -0
    outer loop
      vertex 4.03758 15.0684 -13.1
      vertex 3.04341 15.3003 -11.9
      vertex 4.03758 15.0684 -11.9
    endloop
  endfacet
  facet normal 0.227162 0.973857 0
    outer loop
      vertex 3.04341 15.3003 -11.9
      vertex 4.03758 15.0684 -13.1
      vertex 3.04341 15.3003 -13.1
    endloop
  endfacet
  facet normal -0.88193 0.471381 0
    outer loop
      vertex -13.9912 6.8997 -13.1
      vertex -13.51 7.8 -11.9
      vertex -13.51 7.8 -13.1
    endloop
  endfacet
  facet normal -0.88193 0.471381 0
    outer loop
      vertex -13.51 7.8 -11.9
      vertex -13.9912 6.8997 -13.1
      vertex -13.9912 6.8997 -11.9
    endloop
  endfacet
  facet normal 0.16281 0.986657 -0
    outer loop
      vertex 3.04341 15.3003 -13.1
      vertex 2.03621 15.4665 -11.9
      vertex 3.04341 15.3003 -11.9
    endloop
  endfacet
  facet normal 0.16281 0.986657 0
    outer loop
      vertex 2.03621 15.4665 -11.9
      vertex 3.04341 15.3003 -13.1
      vertex 2.03621 15.4665 -13.1
    endloop
  endfacet
  facet normal 0.0327183 -0.999465 0
    outer loop
      vertex 0 -15.6 -13.1
      vertex 1.02029 -15.5666 -11.9
      vertex 0 -15.6 -11.9
    endloop
  endfacet
  facet normal 0.0327183 -0.999465 0
    outer loop
      vertex 1.02029 -15.5666 -11.9
      vertex 0 -15.6 -13.1
      vertex 1.02029 -15.5666 -13.1
    endloop
  endfacet
  facet normal 0.227162 -0.973857 0
    outer loop
      vertex 3.04341 -15.3003 -13.1
      vertex 4.03758 -15.0684 -11.9
      vertex 3.04341 -15.3003 -11.9
    endloop
  endfacet
  facet normal 0.227162 -0.973857 0
    outer loop
      vertex 4.03758 -15.0684 -11.9
      vertex 3.04341 -15.3003 -13.1
      vertex 4.03758 -15.0684 -13.1
    endloop
  endfacet
  facet normal 0.290258 -0.956949 0
    outer loop
      vertex 4.03758 -15.0684 -13.1
      vertex 5.01445 -14.7721 -11.9
      vertex 4.03758 -15.0684 -11.9
    endloop
  endfacet
  facet normal 0.290258 -0.956949 0
    outer loop
      vertex 5.01445 -14.7721 -11.9
      vertex 4.03758 -15.0684 -13.1
      vertex 5.01445 -14.7721 -13.1
    endloop
  endfacet
  facet normal -0.0327183 0.999465 0
    outer loop
      vertex 0 15.6 -13.1
      vertex -1.02029 15.5666 -11.9
      vertex 0 15.6 -11.9
    endloop
  endfacet
  facet normal -0.0327183 0.999465 0
    outer loop
      vertex -1.02029 15.5666 -11.9
      vertex 0 15.6 -13.1
      vertex -1.02029 15.5666 -13.1
    endloop
  endfacet
  facet normal -0.16281 -0.986657 0
    outer loop
      vertex -3.04341 -15.3003 -13.1
      vertex -2.03621 -15.4665 -11.9
      vertex -3.04341 -15.3003 -11.9
    endloop
  endfacet
  facet normal -0.16281 -0.986657 -0
    outer loop
      vertex -2.03621 -15.4665 -11.9
      vertex -3.04341 -15.3003 -13.1
      vertex -2.03621 -15.4665 -13.1
    endloop
  endfacet
  facet normal 0.729895 0.68356 0
    outer loop
      vertex 11.7287 10.2858 -11.9
      vertex 11.0309 11.0309 -13.1
      vertex 11.0309 11.0309 -11.9
    endloop
  endfacet
  facet normal 0.729895 0.68356 0
    outer loop
      vertex 11.0309 11.0309 -13.1
      vertex 11.7287 10.2858 -11.9
      vertex 11.7287 10.2858 -13.1
    endloop
  endfacet
  facet normal -0.0980565 -0.995181 0
    outer loop
      vertex -2.03621 -15.4665 -13.1
      vertex -1.02029 -15.5666 -11.9
      vertex -2.03621 -15.4665 -11.9
    endloop
  endfacet
  facet normal -0.0980565 -0.995181 -0
    outer loop
      vertex -1.02029 -15.5666 -11.9
      vertex -2.03621 -15.4665 -13.1
      vertex -1.02029 -15.5666 -13.1
    endloop
  endfacet
  facet normal -0.471381 -0.88193 0
    outer loop
      vertex -7.8 -13.51 -13.1
      vertex -6.8997 -13.9912 -11.9
      vertex -7.8 -13.51 -11.9
    endloop
  endfacet
  facet normal -0.471381 -0.88193 -0
    outer loop
      vertex -6.8997 -13.9912 -11.9
      vertex -7.8 -13.51 -13.1
      vertex -6.8997 -13.9912 -13.1
    endloop
  endfacet
  facet normal 0.910866 -0.412703 0
    outer loop
      vertex 13.9912 -6.8997 -11.9
      vertex 14.4125 -5.96986 -13.1
      vertex 14.4125 -5.96986 -11.9
    endloop
  endfacet
  facet normal 0.910866 -0.412703 0
    outer loop
      vertex 14.4125 -5.96986 -13.1
      vertex 13.9912 -6.8997 -11.9
      vertex 13.9912 -6.8997 -13.1
    endloop
  endfacet
  facet normal -0.0327183 -0.999465 0
    outer loop
      vertex -1.02029 -15.5666 -13.1
      vertex 0 -15.6 -11.9
      vertex -1.02029 -15.5666 -11.9
    endloop
  endfacet
  facet normal -0.0327183 -0.999465 -0
    outer loop
      vertex 0 -15.6 -11.9
      vertex -1.02029 -15.5666 -13.1
      vertex 0 -15.6 -13.1
    endloop
  endfacet
  facet normal -0.956949 0.290258 0
    outer loop
      vertex -15.0684 4.03758 -13.1
      vertex -14.7721 5.01445 -11.9
      vertex -14.7721 5.01445 -13.1
    endloop
  endfacet
  facet normal -0.956949 0.290258 0
    outer loop
      vertex -14.7721 5.01445 -11.9
      vertex -15.0684 4.03758 -13.1
      vertex -15.0684 4.03758 -11.9
    endloop
  endfacet
  facet normal -0.352258 -0.935903 0
    outer loop
      vertex -5.96986 -14.4125 -13.1
      vertex -5.01445 -14.7721 -11.9
      vertex -5.96986 -14.4125 -11.9
    endloop
  endfacet
  facet normal -0.352258 -0.935903 -0
    outer loop
      vertex -5.01445 -14.7721 -11.9
      vertex -5.96986 -14.4125 -13.1
      vertex -5.01445 -14.7721 -13.1
    endloop
  endfacet
  facet normal -0.986657 0.16281 0
    outer loop
      vertex -15.4665 2.03621 -13.1
      vertex -15.3003 3.04341 -11.9
      vertex -15.3003 3.04341 -13.1
    endloop
  endfacet
  facet normal -0.986657 0.16281 0
    outer loop
      vertex -15.3003 3.04341 -11.9
      vertex -15.4665 2.03621 -13.1
      vertex -15.4665 2.03621 -11.9
    endloop
  endfacet
  facet normal -0.995181 0.0980565 0
    outer loop
      vertex -15.5666 1.02029 -13.1
      vertex -15.4665 2.03621 -11.9
      vertex -15.4665 2.03621 -13.1
    endloop
  endfacet
  facet normal -0.995181 0.0980565 0
    outer loop
      vertex -15.4665 2.03621 -11.9
      vertex -15.5666 1.02029 -13.1
      vertex -15.5666 1.02029 -11.9
    endloop
  endfacet
  facet normal -0.773017 0.634385 0
    outer loop
      vertex -12.3763 9.49668 -13.1
      vertex -11.7287 10.2858 -11.9
      vertex -11.7287 10.2858 -13.1
    endloop
  endfacet
  facet normal -0.773017 0.634385 0
    outer loop
      vertex -11.7287 10.2858 -11.9
      vertex -12.3763 9.49668 -13.1
      vertex -12.3763 9.49668 -11.9
    endloop
  endfacet
  facet normal -0.227162 -0.973857 0
    outer loop
      vertex -4.03758 -15.0684 -13.1
      vertex -3.04341 -15.3003 -11.9
      vertex -4.03758 -15.0684 -11.9
    endloop
  endfacet
  facet normal -0.227162 -0.973857 -0
    outer loop
      vertex -3.04341 -15.3003 -11.9
      vertex -4.03758 -15.0684 -13.1
      vertex -3.04341 -15.3003 -13.1
    endloop
  endfacet
  facet normal 0 0 1
    outer loop
      vertex 15 0 -11.9
      vertex 15.6 0 -11.9
      vertex 15.5666 1.02029 -11.9
    endloop
  endfacet
  facet normal 0 0 1
    outer loop
      vertex 14.9679 0.981047 -11.9
      vertex 15.5666 1.02029 -11.9
      vertex 15.4665 2.03621 -11.9
    endloop
  endfacet
  facet normal 0 0 1
    outer loop
      vertex 15.6 0 -11.9
      vertex 15 0 -11.9
      vertex 15.5666 -1.02029 -11.9
    endloop
  endfacet
  facet normal 0 0 1
    outer loop
      vertex 14.8717 1.95789 -11.9
      vertex 15.4665 2.03621 -11.9
      vertex 15.3003 3.04341 -11.9
    endloop
  endfacet
  facet normal -0 0 1
    outer loop
      vertex 14.9679 -0.981047 -11.9
      vertex 15.5666 -1.02029 -11.9
      vertex 15 0 -11.9
    endloop
  endfacet
  facet normal 0 0 1
    outer loop
      vertex 14.7118 2.92635 -11.9
      vertex 15.3003 3.04341 -11.9
      vertex 15.0684 4.03758 -11.9
    endloop
  endfacet
  facet normal 0 0 1
    outer loop
      vertex 15.5666 -1.02029 -11.9
      vertex 14.9679 -0.981047 -11.9
      vertex 15.4665 -2.03621 -11.9
    endloop
  endfacet
  facet normal -0 0 1
    outer loop
      vertex 14.8717 -1.95789 -11.9
      vertex 15.4665 -2.03621 -11.9
      vertex 14.9679 -0.981047 -11.9
    endloop
  endfacet
  facet normal 0 0 1
    outer loop
      vertex 15.5666 1.02029 -11.9
      vertex 14.9679 0.981047 -11.9
      vertex 15 0 -11.9
    endloop
  endfacet
  facet normal 0 0 1
    outer loop
      vertex 15.4665 2.03621 -11.9
      vertex 14.8717 1.95789 -11.9
      vertex 14.9679 0.981047 -11.9
    endloop
  endfacet
  facet normal 0 0 1
    outer loop
      vertex 14.4889 3.88229 -11.9
      vertex 15.0684 4.03758 -11.9
      vertex 14.7721 5.01445 -11.9
    endloop
  endfacet
  facet normal 0 0 1
    outer loop
      vertex 15.3003 3.04341 -11.9
      vertex 14.7118 2.92635 -11.9
      vertex 14.8717 1.95789 -11.9
    endloop
  endfacet
  facet normal 0 0 1
    outer loop
      vertex 15.0684 4.03758 -11.9
      vertex 14.4889 3.88229 -11.9
      vertex 14.7118 2.92635 -11.9
    endloop
  endfacet
  facet normal 0 0 1
    outer loop
      vertex 14.204 4.82159 -11.9
      vertex 14.7721 5.01445 -11.9
      vertex 14.4125 5.96986 -11.9
    endloop
  endfacet
  facet normal 0 0 1
    outer loop
      vertex 14.7721 5.01445 -11.9
      vertex 14.204 4.82159 -11.9
      vertex 14.4889 3.88229 -11.9
    endloop
  endfacet
  facet normal 0 0 1
    outer loop
      vertex 13.8582 5.74025 -11.9
      vertex 14.4125 5.96986 -11.9
      vertex 13.9912 6.8997 -11.9
    endloop
  endfacet
  facet normal 0 0 1
    outer loop
      vertex 14.4125 5.96986 -11.9
      vertex 13.8582 5.74025 -11.9
      vertex 14.204 4.82159 -11.9
    endloop
  endfacet
  facet normal 0 0 1
    outer loop
      vertex 13.4531 6.63433 -11.9
      vertex 13.9912 6.8997 -11.9
      vertex 13.51 7.8 -11.9
    endloop
  endfacet
  facet normal 0 0 1
    outer loop
      vertex 13.9912 6.8997 -11.9
      vertex 13.4531 6.63433 -11.9
      vertex 13.8582 5.74025 -11.9
    endloop
  endfacet
  facet normal 0 0 1
    outer loop
      vertex 13.51 7.8 -11.9
      vertex 12.9904 7.5 -11.9
      vertex 13.4531 6.63433 -11.9
    endloop
  endfacet
  facet normal 0 0 1
    outer loop
      vertex 12.9709 8.66689 -11.9
      vertex 12.9904 7.5 -11.9
      vertex 13.51 7.8 -11.9
    endloop
  endfacet
  facet normal 0 0 1
    outer loop
      vertex 12.9709 8.66689 -11.9
      vertex 12.472 8.33355 -11.9
      vertex 12.9904 7.5 -11.9
    endloop
  endfacet
  facet normal 0 0 1
    outer loop
      vertex 12.3763 9.49668 -11.9
      vertex 12.472 8.33355 -11.9
      vertex 12.9709 8.66689 -11.9
    endloop
  endfacet
  facet normal 0 0 1
    outer loop
      vertex 12.3763 9.49668 -11.9
      vertex 11.9003 9.13142 -11.9
      vertex 12.472 8.33355 -11.9
    endloop
  endfacet
  facet normal 0 0 1
    outer loop
      vertex 11.7287 10.2858 -11.9
      vertex 11.9003 9.13142 -11.9
      vertex 12.3763 9.49668 -11.9
    endloop
  endfacet
  facet normal 0 0 1
    outer loop
      vertex 11.7287 10.2858 -11.9
      vertex 11.2776 9.89019 -11.9
      vertex 11.9003 9.13142 -11.9
    endloop
  endfacet
  facet normal 0 0 1
    outer loop
      vertex 11.0309 11.0309 -11.9
      vertex 11.2776 9.89019 -11.9
      vertex 11.7287 10.2858 -11.9
    endloop
  endfacet
  facet normal 0 0 1
    outer loop
      vertex 11.0309 11.0309 -11.9
      vertex 10.6066 10.6066 -11.9
      vertex 11.2776 9.89019 -11.9
    endloop
  endfacet
  facet normal 0 0 1
    outer loop
      vertex 10.2858 11.7287 -11.9
      vertex 10.6066 10.6066 -11.9
      vertex 11.0309 11.0309 -11.9
    endloop
  endfacet
  facet normal 0 0 1
    outer loop
      vertex 10.2858 11.7287 -11.9
      vertex 9.89019 11.2776 -11.9
      vertex 10.6066 10.6066 -11.9
    endloop
  endfacet
  facet normal 0 0 1
    outer loop
      vertex 9.49668 12.3763 -11.9
      vertex 9.89019 11.2776 -11.9
      vertex 10.2858 11.7287 -11.9
    endloop
  endfacet
  facet normal 0 0 1
    outer loop
      vertex 9.49668 12.3763 -11.9
      vertex 9.13142 11.9003 -11.9
      vertex 9.89019 11.2776 -11.9
    endloop
  endfacet
  facet normal 0 0 1
    outer loop
      vertex 8.66689 12.9709 -11.9
      vertex 9.13142 11.9003 -11.9
      vertex 9.49668 12.3763 -11.9
    endloop
  endfacet
  facet normal 0 0 1
    outer loop
      vertex 8.66689 12.9709 -11.9
      vertex 8.33355 12.472 -11.9
      vertex 9.13142 11.9003 -11.9
    endloop
  endfacet
  facet normal 0 0 1
    outer loop
      vertex 7.8 13.51 -11.9
      vertex 8.33355 12.472 -11.9
      vertex 8.66689 12.9709 -11.9
    endloop
  endfacet
  facet normal 0 0 1
    outer loop
      vertex 7.8 13.51 -11.9
      vertex 7.5 12.9904 -11.9
      vertex 8.33355 12.472 -11.9
    endloop
  endfacet
  facet normal 0 0 1
    outer loop
      vertex 6.8997 13.9912 -11.9
      vertex 7.5 12.9904 -11.9
      vertex 7.8 13.51 -11.9
    endloop
  endfacet
  facet normal 0 0 1
    outer loop
      vertex 6.8997 13.9912 -11.9
      vertex 6.63433 13.4531 -11.9
      vertex 7.5 12.9904 -11.9
    endloop
  endfacet
  facet normal 0 0 1
    outer loop
      vertex 5.96986 14.4125 -11.9
      vertex 6.63433 13.4531 -11.9
      vertex 6.8997 13.9912 -11.9
    endloop
  endfacet
  facet normal 0 0 1
    outer loop
      vertex 5.96986 14.4125 -11.9
      vertex 5.74025 13.8582 -11.9
      vertex 6.63433 13.4531 -11.9
    endloop
  endfacet
  facet normal 0 0 1
    outer loop
      vertex 5.01445 14.7721 -11.9
      vertex 5.74025 13.8582 -11.9
      vertex 5.96986 14.4125 -11.9
    endloop
  endfacet
  facet normal 0 0 1
    outer loop
      vertex 5.01445 14.7721 -11.9
      vertex 4.82159 14.204 -11.9
      vertex 5.74025 13.8582 -11.9
    endloop
  endfacet
  facet normal 0 0 1
    outer loop
      vertex 4.03758 15.0684 -11.9
      vertex 4.82159 14.204 -11.9
      vertex 5.01445 14.7721 -11.9
    endloop
  endfacet
  facet normal 0 0 1
    outer loop
      vertex 4.03758 15.0684 -11.9
      vertex 3.88229 14.4889 -11.9
      vertex 4.82159 14.204 -11.9
    endloop
  endfacet
  facet normal 0 0 1
    outer loop
      vertex 3.04341 15.3003 -11.9
      vertex 3.88229 14.4889 -11.9
      vertex 4.03758 15.0684 -11.9
    endloop
  endfacet
  facet normal 0 0 1
    outer loop
      vertex 3.04341 15.3003 -11.9
      vertex 2.92635 14.7118 -11.9
      vertex 3.88229 14.4889 -11.9
    endloop
  endfacet
  facet normal 0 0 1
    outer loop
      vertex 2.03621 15.4665 -11.9
      vertex 2.92635 14.7118 -11.9
      vertex 3.04341 15.3003 -11.9
    endloop
  endfacet
  facet normal 0 0 1
    outer loop
      vertex 2.03621 15.4665 -11.9
      vertex 1.95789 14.8717 -11.9
      vertex 2.92635 14.7118 -11.9
    endloop
  endfacet
  facet normal 0 0 1
    outer loop
      vertex 1.02029 15.5666 -11.9
      vertex 1.95789 14.8717 -11.9
      vertex 2.03621 15.4665 -11.9
    endloop
  endfacet
  facet normal 0 0 1
    outer loop
      vertex 1.02029 15.5666 -11.9
      vertex 0.981047 14.9679 -11.9
      vertex 1.95789 14.8717 -11.9
    endloop
  endfacet
  facet normal 0 0 1
    outer loop
      vertex 0 15.6 -11.9
      vertex 0.981047 14.9679 -11.9
      vertex 1.02029 15.5666 -11.9
    endloop
  endfacet
  facet normal 0 0 1
    outer loop
      vertex 0 15.6 -11.9
      vertex 0 15 -11.9
      vertex 0.981047 14.9679 -11.9
    endloop
  endfacet
  facet normal 0 0 1
    outer loop
      vertex 0 15.6 -11.9
      vertex -0.981047 14.9679 -11.9
      vertex 0 15 -11.9
    endloop
  endfacet
  facet normal -0 0 1
    outer loop
      vertex -1.02029 15.5666 -11.9
      vertex -0.981047 14.9679 -11.9
      vertex 0 15.6 -11.9
    endloop
  endfacet
  facet normal 0 0 1
    outer loop
      vertex -1.02029 15.5666 -11.9
      vertex -1.95789 14.8717 -11.9
      vertex -0.981047 14.9679 -11.9
    endloop
  endfacet
  facet normal -0 0 1
    outer loop
      vertex -2.03621 15.4665 -11.9
      vertex -1.95789 14.8717 -11.9
      vertex -1.02029 15.5666 -11.9
    endloop
  endfacet
  facet normal 0 0 1
    outer loop
      vertex -2.03621 15.4665 -11.9
      vertex -2.92635 14.7118 -11.9
      vertex -1.95789 14.8717 -11.9
    endloop
  endfacet
  facet normal -0 0 1
    outer loop
      vertex -3.04341 15.3003 -11.9
      vertex -2.92635 14.7118 -11.9
      vertex -2.03621 15.4665 -11.9
    endloop
  endfacet
  facet normal 0 0 1
    outer loop
      vertex -3.04341 15.3003 -11.9
      vertex -3.88229 14.4889 -11.9
      vertex -2.92635 14.7118 -11.9
    endloop
  endfacet
  facet normal -0 0 1
    outer loop
      vertex -4.03758 15.0684 -11.9
      vertex -3.88229 14.4889 -11.9
      vertex -3.04341 15.3003 -11.9
    endloop
  endfacet
  facet normal 0 0 1
    outer loop
      vertex -4.03758 15.0684 -11.9
      vertex -4.82159 14.204 -11.9
      vertex -3.88229 14.4889 -11.9
    endloop
  endfacet
  facet normal -0 0 1
    outer loop
      vertex -5.01445 14.7721 -11.9
      vertex -4.82159 14.204 -11.9
      vertex -4.03758 15.0684 -11.9
    endloop
  endfacet
  facet normal 0 0 1
    outer loop
      vertex -5.01445 14.7721 -11.9
      vertex -5.74025 13.8582 -11.9
      vertex -4.82159 14.204 -11.9
    endloop
  endfacet
  facet normal -0 0 1
    outer loop
      vertex -5.96986 14.4125 -11.9
      vertex -5.74025 13.8582 -11.9
      vertex -5.01445 14.7721 -11.9
    endloop
  endfacet
  facet normal 0 0 1
    outer loop
      vertex -5.96986 14.4125 -11.9
      vertex -6.63433 13.4531 -11.9
      vertex -5.74025 13.8582 -11.9
    endloop
  endfacet
  facet normal -0 0 1
    outer loop
      vertex -6.8997 13.9912 -11.9
      vertex -6.63433 13.4531 -11.9
      vertex -5.96986 14.4125 -11.9
    endloop
  endfacet
  facet normal 0 0 1
    outer loop
      vertex -6.8997 13.9912 -11.9
      vertex -7.5 12.9904 -11.9
      vertex -6.63433 13.4531 -11.9
    endloop
  endfacet
  facet normal -0 0 1
    outer loop
      vertex -7.8 13.51 -11.9
      vertex -7.5 12.9904 -11.9
      vertex -6.8997 13.9912 -11.9
    endloop
  endfacet
  facet normal 0 0 1
    outer loop
      vertex -7.8 13.51 -11.9
      vertex -8.33355 12.472 -11.9
      vertex -7.5 12.9904 -11.9
    endloop
  endfacet
  facet normal -0 0 1
    outer loop
      vertex -8.66689 12.9709 -11.9
      vertex -8.33355 12.472 -11.9
      vertex -7.8 13.51 -11.9
    endloop
  endfacet
  facet normal 0 0 1
    outer loop
      vertex -8.66689 12.9709 -11.9
      vertex -9.13142 11.9003 -11.9
      vertex -8.33355 12.472 -11.9
    endloop
  endfacet
  facet normal -0 0 1
    outer loop
      vertex -9.49668 12.3763 -11.9
      vertex -9.13142 11.9003 -11.9
      vertex -8.66689 12.9709 -11.9
    endloop
  endfacet
  facet normal 0 0 1
    outer loop
      vertex -9.49668 12.3763 -11.9
      vertex -9.89019 11.2776 -11.9
      vertex -9.13142 11.9003 -11.9
    endloop
  endfacet
  facet normal -0 0 1
    outer loop
      vertex -10.2858 11.7287 -11.9
      vertex -9.89019 11.2776 -11.9
      vertex -9.49668 12.3763 -11.9
    endloop
  endfacet
  facet normal 0 0 1
    outer loop
      vertex -10.2858 11.7287 -11.9
      vertex -10.6066 10.6066 -11.9
      vertex -9.89019 11.2776 -11.9
    endloop
  endfacet
  facet normal -0 0 1
    outer loop
      vertex -11.0309 11.0309 -11.9
      vertex -10.6066 10.6066 -11.9
      vertex -10.2858 11.7287 -11.9
    endloop
  endfacet
  facet normal 0 0 1
    outer loop
      vertex -11.0309 11.0309 -11.9
      vertex -11.2776 9.89019 -11.9
      vertex -10.6066 10.6066 -11.9
    endloop
  endfacet
  facet normal -0 0 1
    outer loop
      vertex -11.7287 10.2858 -11.9
      vertex -11.2776 9.89019 -11.9
      vertex -11.0309 11.0309 -11.9
    endloop
  endfacet
  facet normal 0 0 1
    outer loop
      vertex -11.7287 10.2858 -11.9
      vertex -11.9003 9.13142 -11.9
      vertex -11.2776 9.89019 -11.9
    endloop
  endfacet
  facet normal -0 0 1
    outer loop
      vertex -12.3763 9.49668 -11.9
      vertex -11.9003 9.13142 -11.9
      vertex -11.7287 10.2858 -11.9
    endloop
  endfacet
  facet normal 0 0 1
    outer loop
      vertex -12.3763 9.49668 -11.9
      vertex -12.472 8.33355 -11.9
      vertex -11.9003 9.13142 -11.9
    endloop
  endfacet
  facet normal -0 0 1
    outer loop
      vertex -12.9709 8.66689 -11.9
      vertex -12.472 8.33355 -11.9
      vertex -12.3763 9.49668 -11.9
    endloop
  endfacet
  facet normal 0 0 1
    outer loop
      vertex -12.9709 8.66689 -11.9
      vertex -12.9904 7.5 -11.9
      vertex -12.472 8.33355 -11.9
    endloop
  endfacet
  facet normal -0 0 1
    outer loop
      vertex -13.51 7.8 -11.9
      vertex -12.9904 7.5 -11.9
      vertex -12.9709 8.66689 -11.9
    endloop
  endfacet
  facet normal 0 0 1
    outer loop
      vertex -12.9904 7.5 -11.9
      vertex -13.51 7.8 -11.9
      vertex -13.4531 6.63433 -11.9
    endloop
  endfacet
  facet normal -0 0 1
    outer loop
      vertex -13.9912 6.8997 -11.9
      vertex -13.4531 6.63433 -11.9
      vertex -13.51 7.8 -11.9
    endloop
  endfacet
  facet normal 0 0 1
    outer loop
      vertex -13.4531 6.63433 -11.9
      vertex -13.9912 6.8997 -11.9
      vertex -13.8582 5.74025 -11.9
    endloop
  endfacet
  facet normal -0 0 1
    outer loop
      vertex -14.4125 5.96986 -11.9
      vertex -13.8582 5.74025 -11.9
      vertex -13.9912 6.8997 -11.9
    endloop
  endfacet
  facet normal 0 0 1
    outer loop
      vertex -13.8582 5.74025 -11.9
      vertex -14.4125 5.96986 -11.9
      vertex -14.204 4.82159 -11.9
    endloop
  endfacet
  facet normal -0 0 1
    outer loop
      vertex -14.7721 5.01445 -11.9
      vertex -14.204 4.82159 -11.9
      vertex -14.4125 5.96986 -11.9
    endloop
  endfacet
  facet normal 0 0 1
    outer loop
      vertex -14.204 4.82159 -11.9
      vertex -14.7721 5.01445 -11.9
      vertex -14.4889 3.88229 -11.9
    endloop
  endfacet
  facet normal -0 0 1
    outer loop
      vertex -15.0684 4.03758 -11.9
      vertex -14.4889 3.88229 -11.9
      vertex -14.7721 5.01445 -11.9
    endloop
  endfacet
  facet normal 0 0 1
    outer loop
      vertex -14.4889 3.88229 -11.9
      vertex -15.0684 4.03758 -11.9
      vertex -14.7118 2.92635 -11.9
    endloop
  endfacet
  facet normal -0 0 1
    outer loop
      vertex -15.3003 3.04341 -11.9
      vertex -14.7118 2.92635 -11.9
      vertex -15.0684 4.03758 -11.9
    endloop
  endfacet
  facet normal -0 0 1
    outer loop
      vertex -15.4665 2.03621 -11.9
      vertex -14.8717 1.95789 -11.9
      vertex -15.3003 3.04341 -11.9
    endloop
  endfacet
  facet normal 0 0 1
    outer loop
      vertex -14.7118 2.92635 -11.9
      vertex -15.3003 3.04341 -11.9
      vertex -14.8717 1.95789 -11.9
    endloop
  endfacet
  facet normal 0 0 1
    outer loop
      vertex 15.4665 -2.03621 -11.9
      vertex 14.8717 -1.95789 -11.9
      vertex 15.3003 -3.04341 -11.9
    endloop
  endfacet
  facet normal -0 0 1
    outer loop
      vertex 14.7118 -2.92635 -11.9
      vertex 15.3003 -3.04341 -11.9
      vertex 14.8717 -1.95789 -11.9
    endloop
  endfacet
  facet normal 0 0 1
    outer loop
      vertex 15.3003 -3.04341 -11.9
      vertex 14.7118 -2.92635 -11.9
      vertex 15.0684 -4.03758 -11.9
    endloop
  endfacet
  facet normal -0 0 1
    outer loop
      vertex 14.4889 -3.88229 -11.9
      vertex 15.0684 -4.03758 -11.9
      vertex 14.7118 -2.92635 -11.9
    endloop
  endfacet
  facet normal 0 0 1
    outer loop
      vertex 15.0684 -4.03758 -11.9
      vertex 14.4889 -3.88229 -11.9
      vertex 14.7721 -5.01445 -11.9
    endloop
  endfacet
  facet normal -0 0 1
    outer loop
      vertex 14.204 -4.82159 -11.9
      vertex 14.7721 -5.01445 -11.9
      vertex 14.4889 -3.88229 -11.9
    endloop
  endfacet
  facet normal 0 0 1
    outer loop
      vertex 14.7721 -5.01445 -11.9
      vertex 14.204 -4.82159 -11.9
      vertex 14.4125 -5.96986 -11.9
    endloop
  endfacet
  facet normal -0 0 1
    outer loop
      vertex 13.8582 -5.74025 -11.9
      vertex 14.4125 -5.96986 -11.9
      vertex 14.204 -4.82159 -11.9
    endloop
  endfacet
  facet normal 0 0 1
    outer loop
      vertex 14.4125 -5.96986 -11.9
      vertex 13.8582 -5.74025 -11.9
      vertex 13.9912 -6.8997 -11.9
    endloop
  endfacet
  facet normal -0 0 1
    outer loop
      vertex 13.4531 -6.63433 -11.9
      vertex 13.9912 -6.8997 -11.9
      vertex 13.8582 -5.74025 -11.9
    endloop
  endfacet
  facet normal 0 0 1
    outer loop
      vertex 13.9912 -6.8997 -11.9
      vertex 13.4531 -6.63433 -11.9
      vertex 13.51 -7.8 -11.9
    endloop
  endfacet
  facet normal -0 0 1
    outer loop
      vertex 12.9904 -7.5 -11.9
      vertex 13.51 -7.8 -11.9
      vertex 13.4531 -6.63433 -11.9
    endloop
  endfacet
  facet normal 0 0 1
    outer loop
      vertex 12.9904 -7.5 -11.9
      vertex 12.9709 -8.66689 -11.9
      vertex 13.51 -7.8 -11.9
    endloop
  endfacet
  facet normal -0 0 1
    outer loop
      vertex 12.472 -8.33355 -11.9
      vertex 12.9709 -8.66689 -11.9
      vertex 12.9904 -7.5 -11.9
    endloop
  endfacet
  facet normal 0 0 1
    outer loop
      vertex 12.472 -8.33355 -11.9
      vertex 12.3763 -9.49668 -11.9
      vertex 12.9709 -8.66689 -11.9
    endloop
  endfacet
  facet normal -0 0 1
    outer loop
      vertex 11.9003 -9.13142 -11.9
      vertex 12.3763 -9.49668 -11.9
      vertex 12.472 -8.33355 -11.9
    endloop
  endfacet
  facet normal 0 0 1
    outer loop
      vertex 11.9003 -9.13142 -11.9
      vertex 11.7287 -10.2858 -11.9
      vertex 12.3763 -9.49668 -11.9
    endloop
  endfacet
  facet normal -0 0 1
    outer loop
      vertex 11.2776 -9.89019 -11.9
      vertex 11.7287 -10.2858 -11.9
      vertex 11.9003 -9.13142 -11.9
    endloop
  endfacet
  facet normal 0 0 1
    outer loop
      vertex 11.2776 -9.89019 -11.9
      vertex 11.0309 -11.0309 -11.9
      vertex 11.7287 -10.2858 -11.9
    endloop
  endfacet
  facet normal -0 0 1
    outer loop
      vertex 10.6066 -10.6066 -11.9
      vertex 11.0309 -11.0309 -11.9
      vertex 11.2776 -9.89019 -11.9
    endloop
  endfacet
  facet normal 0 0 1
    outer loop
      vertex 10.6066 -10.6066 -11.9
      vertex 10.2858 -11.7287 -11.9
      vertex 11.0309 -11.0309 -11.9
    endloop
  endfacet
  facet normal -0 0 1
    outer loop
      vertex 9.89019 -11.2776 -11.9
      vertex 10.2858 -11.7287 -11.9
      vertex 10.6066 -10.6066 -11.9
    endloop
  endfacet
  facet normal 0 0 1
    outer loop
      vertex 9.89019 -11.2776 -11.9
      vertex 9.49668 -12.3763 -11.9
      vertex 10.2858 -11.7287 -11.9
    endloop
  endfacet
  facet normal -0 0 1
    outer loop
      vertex 9.13142 -11.9003 -11.9
      vertex 9.49668 -12.3763 -11.9
      vertex 9.89019 -11.2776 -11.9
    endloop
  endfacet
  facet normal 0 0 1
    outer loop
      vertex 9.13142 -11.9003 -11.9
      vertex 8.66689 -12.9709 -11.9
      vertex 9.49668 -12.3763 -11.9
    endloop
  endfacet
  facet normal -0 0 1
    outer loop
      vertex 8.33355 -12.472 -11.9
      vertex 8.66689 -12.9709 -11.9
      vertex 9.13142 -11.9003 -11.9
    endloop
  endfacet
  facet normal 0 0 1
    outer loop
      vertex 8.33355 -12.472 -11.9
      vertex 7.8 -13.51 -11.9
      vertex 8.66689 -12.9709 -11.9
    endloop
  endfacet
  facet normal -0 0 1
    outer loop
      vertex 7.5 -12.9904 -11.9
      vertex 7.8 -13.51 -11.9
      vertex 8.33355 -12.472 -11.9
    endloop
  endfacet
  facet normal 0 0 1
    outer loop
      vertex 7.5 -12.9904 -11.9
      vertex 6.8997 -13.9912 -11.9
      vertex 7.8 -13.51 -11.9
    endloop
  endfacet
  facet normal -0 0 1
    outer loop
      vertex 6.63433 -13.4531 -11.9
      vertex 6.8997 -13.9912 -11.9
      vertex 7.5 -12.9904 -11.9
    endloop
  endfacet
  facet normal 0 0 1
    outer loop
      vertex 6.63433 -13.4531 -11.9
      vertex 5.96986 -14.4125 -11.9
      vertex 6.8997 -13.9912 -11.9
    endloop
  endfacet
  facet normal -0 0 1
    outer loop
      vertex 5.74025 -13.8582 -11.9
      vertex 5.96986 -14.4125 -11.9
      vertex 6.63433 -13.4531 -11.9
    endloop
  endfacet
  facet normal 0 0 1
    outer loop
      vertex 5.74025 -13.8582 -11.9
      vertex 5.01445 -14.7721 -11.9
      vertex 5.96986 -14.4125 -11.9
    endloop
  endfacet
  facet normal -0 0 1
    outer loop
      vertex 4.82159 -14.204 -11.9
      vertex 5.01445 -14.7721 -11.9
      vertex 5.74025 -13.8582 -11.9
    endloop
  endfacet
  facet normal 0 0 1
    outer loop
      vertex 4.82159 -14.204 -11.9
      vertex 4.03758 -15.0684 -11.9
      vertex 5.01445 -14.7721 -11.9
    endloop
  endfacet
  facet normal -0 0 1
    outer loop
      vertex 3.88229 -14.4889 -11.9
      vertex 4.03758 -15.0684 -11.9
      vertex 4.82159 -14.204 -11.9
    endloop
  endfacet
  facet normal 0 0 1
    outer loop
      vertex 3.88229 -14.4889 -11.9
      vertex 3.04341 -15.3003 -11.9
      vertex 4.03758 -15.0684 -11.9
    endloop
  endfacet
  facet normal -0 0 1
    outer loop
      vertex 2.92635 -14.7118 -11.9
      vertex 3.04341 -15.3003 -11.9
      vertex 3.88229 -14.4889 -11.9
    endloop
  endfacet
  facet normal 0 0 1
    outer loop
      vertex 2.92635 -14.7118 -11.9
      vertex 2.03621 -15.4665 -11.9
      vertex 3.04341 -15.3003 -11.9
    endloop
  endfacet
  facet normal -0 0 1
    outer loop
      vertex 1.95789 -14.8717 -11.9
      vertex 2.03621 -15.4665 -11.9
      vertex 2.92635 -14.7118 -11.9
    endloop
  endfacet
  facet normal 0 0 1
    outer loop
      vertex 1.95789 -14.8717 -11.9
      vertex 1.02029 -15.5666 -11.9
      vertex 2.03621 -15.4665 -11.9
    endloop
  endfacet
  facet normal -0 0 1
    outer loop
      vertex 0.981047 -14.9679 -11.9
      vertex 1.02029 -15.5666 -11.9
      vertex 1.95789 -14.8717 -11.9
    endloop
  endfacet
  facet normal -0 0 1
    outer loop
      vertex 0 -15 -11.9
      vertex 1.02029 -15.5666 -11.9
      vertex 0.981047 -14.9679 -11.9
    endloop
  endfacet
  facet normal 0 0 1
    outer loop
      vertex 0 -15 -11.9
      vertex 0 -15.6 -11.9
      vertex 1.02029 -15.5666 -11.9
    endloop
  endfacet
  facet normal 0 0 1
    outer loop
      vertex -0.981047 -14.9679 -11.9
      vertex 0 -15.6 -11.9
      vertex 0 -15 -11.9
    endloop
  endfacet
  facet normal 0 0 1
    outer loop
      vertex -0.981047 -14.9679 -11.9
      vertex -1.02029 -15.5666 -11.9
      vertex 0 -15.6 -11.9
    endloop
  endfacet
  facet normal 0 0 1
    outer loop
      vertex -1.95789 -14.8717 -11.9
      vertex -1.02029 -15.5666 -11.9
      vertex -0.981047 -14.9679 -11.9
    endloop
  endfacet
  facet normal 0 0 1
    outer loop
      vertex -1.95789 -14.8717 -11.9
      vertex -2.03621 -15.4665 -11.9
      vertex -1.02029 -15.5666 -11.9
    endloop
  endfacet
  facet normal 0 0 1
    outer loop
      vertex -2.92635 -14.7118 -11.9
      vertex -2.03621 -15.4665 -11.9
      vertex -1.95789 -14.8717 -11.9
    endloop
  endfacet
  facet normal 0 0 1
    outer loop
      vertex -2.92635 -14.7118 -11.9
      vertex -3.04341 -15.3003 -11.9
      vertex -2.03621 -15.4665 -11.9
    endloop
  endfacet
  facet normal 0 0 1
    outer loop
      vertex -3.88229 -14.4889 -11.9
      vertex -3.04341 -15.3003 -11.9
      vertex -2.92635 -14.7118 -11.9
    endloop
  endfacet
  facet normal 0 0 1
    outer loop
      vertex -3.88229 -14.4889 -11.9
      vertex -4.03758 -15.0684 -11.9
      vertex -3.04341 -15.3003 -11.9
    endloop
  endfacet
  facet normal 0 0 1
    outer loop
      vertex -4.82159 -14.204 -11.9
      vertex -4.03758 -15.0684 -11.9
      vertex -3.88229 -14.4889 -11.9
    endloop
  endfacet
  facet normal 0 0 1
    outer loop
      vertex -4.82159 -14.204 -11.9
      vertex -5.01445 -14.7721 -11.9
      vertex -4.03758 -15.0684 -11.9
    endloop
  endfacet
  facet normal 0 0 1
    outer loop
      vertex -5.74025 -13.8582 -11.9
      vertex -5.01445 -14.7721 -11.9
      vertex -4.82159 -14.204 -11.9
    endloop
  endfacet
  facet normal 0 0 1
    outer loop
      vertex -5.74025 -13.8582 -11.9
      vertex -5.96986 -14.4125 -11.9
      vertex -5.01445 -14.7721 -11.9
    endloop
  endfacet
  facet normal 0 0 1
    outer loop
      vertex -6.63433 -13.4531 -11.9
      vertex -5.96986 -14.4125 -11.9
      vertex -5.74025 -13.8582 -11.9
    endloop
  endfacet
  facet normal 0 0 1
    outer loop
      vertex -6.63433 -13.4531 -11.9
      vertex -6.8997 -13.9912 -11.9
      vertex -5.96986 -14.4125 -11.9
    endloop
  endfacet
  facet normal 0 0 1
    outer loop
      vertex -7.5 -12.9904 -11.9
      vertex -6.8997 -13.9912 -11.9
      vertex -6.63433 -13.4531 -11.9
    endloop
  endfacet
  facet normal 0 0 1
    outer loop
      vertex -7.5 -12.9904 -11.9
      vertex -7.8 -13.51 -11.9
      vertex -6.8997 -13.9912 -11.9
    endloop
  endfacet
  facet normal 0 0 1
    outer loop
      vertex -8.33355 -12.472 -11.9
      vertex -7.8 -13.51 -11.9
      vertex -7.5 -12.9904 -11.9
    endloop
  endfacet
  facet normal 0 0 1
    outer loop
      vertex -8.33355 -12.472 -11.9
      vertex -8.66689 -12.9709 -11.9
      vertex -7.8 -13.51 -11.9
    endloop
  endfacet
  facet normal 0 0 1
    outer loop
      vertex -9.13142 -11.9003 -11.9
      vertex -8.66689 -12.9709 -11.9
      vertex -8.33355 -12.472 -11.9
    endloop
  endfacet
  facet normal 0 0 1
    outer loop
      vertex -9.13142 -11.9003 -11.9
      vertex -9.49668 -12.3763 -11.9
      vertex -8.66689 -12.9709 -11.9
    endloop
  endfacet
  facet normal 0 0 1
    outer loop
      vertex -9.89019 -11.2776 -11.9
      vertex -9.49668 -12.3763 -11.9
      vertex -9.13142 -11.9003 -11.9
    endloop
  endfacet
  facet normal 0 0 1
    outer loop
      vertex -9.89019 -11.2776 -11.9
      vertex -10.2858 -11.7287 -11.9
      vertex -9.49668 -12.3763 -11.9
    endloop
  endfacet
  facet normal 0 0 1
    outer loop
      vertex -10.6066 -10.6066 -11.9
      vertex -10.2858 -11.7287 -11.9
      vertex -9.89019 -11.2776 -11.9
    endloop
  endfacet
  facet normal 0 0 1
    outer loop
      vertex -10.6066 -10.6066 -11.9
      vertex -11.0309 -11.0309 -11.9
      vertex -10.2858 -11.7287 -11.9
    endloop
  endfacet
  facet normal 0 0 1
    outer loop
      vertex -11.2776 -9.89019 -11.9
      vertex -11.0309 -11.0309 -11.9
      vertex -10.6066 -10.6066 -11.9
    endloop
  endfacet
  facet normal 0 0 1
    outer loop
      vertex -11.2776 -9.89019 -11.9
      vertex -11.7287 -10.2858 -11.9
      vertex -11.0309 -11.0309 -11.9
    endloop
  endfacet
  facet normal 0 0 1
    outer loop
      vertex -11.9003 -9.13142 -11.9
      vertex -11.7287 -10.2858 -11.9
      vertex -11.2776 -9.89019 -11.9
    endloop
  endfacet
  facet normal 0 0 1
    outer loop
      vertex -11.9003 -9.13142 -11.9
      vertex -12.3763 -9.49668 -11.9
      vertex -11.7287 -10.2858 -11.9
    endloop
  endfacet
  facet normal 0 0 1
    outer loop
      vertex -12.472 -8.33355 -11.9
      vertex -12.3763 -9.49668 -11.9
      vertex -11.9003 -9.13142 -11.9
    endloop
  endfacet
  facet normal 0 0 1
    outer loop
      vertex -12.472 -8.33355 -11.9
      vertex -12.9709 -8.66689 -11.9
      vertex -12.3763 -9.49668 -11.9
    endloop
  endfacet
  facet normal 0 0 1
    outer loop
      vertex -12.9904 -7.5 -11.9
      vertex -12.9709 -8.66689 -11.9
      vertex -12.472 -8.33355 -11.9
    endloop
  endfacet
  facet normal 0 0 1
    outer loop
      vertex -13.51 -7.8 -11.9
      vertex -12.9904 -7.5 -11.9
      vertex -13.4531 -6.63433 -11.9
    endloop
  endfacet
  facet normal 0 0 1
    outer loop
      vertex -12.9904 -7.5 -11.9
      vertex -13.51 -7.8 -11.9
      vertex -12.9709 -8.66689 -11.9
    endloop
  endfacet
  facet normal 0 0 1
    outer loop
      vertex -13.9912 -6.8997 -11.9
      vertex -13.4531 -6.63433 -11.9
      vertex -13.8582 -5.74025 -11.9
    endloop
  endfacet
  facet normal 0 0 1
    outer loop
      vertex -13.4531 -6.63433 -11.9
      vertex -13.9912 -6.8997 -11.9
      vertex -13.51 -7.8 -11.9
    endloop
  endfacet
  facet normal 0 0 1
    outer loop
      vertex -14.4125 -5.96986 -11.9
      vertex -13.8582 -5.74025 -11.9
      vertex -14.204 -4.82159 -11.9
    endloop
  endfacet
  facet normal 0 0 1
    outer loop
      vertex -13.8582 -5.74025 -11.9
      vertex -14.4125 -5.96986 -11.9
      vertex -13.9912 -6.8997 -11.9
    endloop
  endfacet
  facet normal 0 0 1
    outer loop
      vertex -14.7721 -5.01445 -11.9
      vertex -14.204 -4.82159 -11.9
      vertex -14.4889 -3.88229 -11.9
    endloop
  endfacet
  facet normal 0 0 1
    outer loop
      vertex -15.0684 -4.03758 -11.9
      vertex -14.4889 -3.88229 -11.9
      vertex -14.7118 -2.92635 -11.9
    endloop
  endfacet
  facet normal 0 0 1
    outer loop
      vertex -14.204 -4.82159 -11.9
      vertex -14.7721 -5.01445 -11.9
      vertex -14.4125 -5.96986 -11.9
    endloop
  endfacet
  facet normal 0 0 1
    outer loop
      vertex -15.3003 -3.04341 -11.9
      vertex -14.7118 -2.92635 -11.9
      vertex -14.8717 -1.95789 -11.9
    endloop
  endfacet
  facet normal 0 0 1
    outer loop
      vertex -15.4665 -2.03621 -11.9
      vertex -14.8717 -1.95789 -11.9
      vertex -14.9679 -0.981047 -11.9
    endloop
  endfacet
  facet normal 0 0 1
    outer loop
      vertex -14.4889 -3.88229 -11.9
      vertex -15.0684 -4.03758 -11.9
      vertex -14.7721 -5.01445 -11.9
    endloop
  endfacet
  facet normal 0 0 1
    outer loop
      vertex -15.5666 -1.02029 -11.9
      vertex -14.9679 -0.981047 -11.9
      vertex -15 0 -11.9
    endloop
  endfacet
  facet normal 0 0 1
    outer loop
      vertex -14.8717 1.95789 -11.9
      vertex -15.4665 2.03621 -11.9
      vertex -14.9679 0.981047 -11.9
    endloop
  endfacet
  facet normal -0 0 1
    outer loop
      vertex -15.5666 1.02029 -11.9
      vertex -14.9679 0.981047 -11.9
      vertex -15.4665 2.03621 -11.9
    endloop
  endfacet
  facet normal 0 0 1
    outer loop
      vertex -14.7118 -2.92635 -11.9
      vertex -15.3003 -3.04341 -11.9
      vertex -15.0684 -4.03758 -11.9
    endloop
  endfacet
  facet normal 0 0 1
    outer loop
      vertex -14.9679 0.981047 -11.9
      vertex -15.5666 1.02029 -11.9
      vertex -15 0 -11.9
    endloop
  endfacet
  facet normal 0 0 1
    outer loop
      vertex -14.8717 -1.95789 -11.9
      vertex -15.4665 -2.03621 -11.9
      vertex -15.3003 -3.04341 -11.9
    endloop
  endfacet
  facet normal 0 0 1
    outer loop
      vertex -15.6 0 -11.9
      vertex -15 0 -11.9
      vertex -15.5666 1.02029 -11.9
    endloop
  endfacet
  facet normal 0 0 1
    outer loop
      vertex -14.9679 -0.981047 -11.9
      vertex -15.5666 -1.02029 -11.9
      vertex -15.4665 -2.03621 -11.9
    endloop
  endfacet
  facet normal 0 0 1
    outer loop
      vertex -15 0 -11.9
      vertex -15.6 0 -11.9
      vertex -15.5666 -1.02029 -11.9
    endloop
  endfacet
  facet normal 0.935892 -0.352287 0
    outer loop
      vertex 13.8582 -5.74025 -13.1
      vertex 14.204 -4.82159 -25
      vertex 14.204 -4.82159 -13.1
    endloop
  endfacet
  facet normal 0.935892 -0.352287 0
    outer loop
      vertex 14.204 -4.82159 -25
      vertex 13.8582 -5.74025 -13.1
      vertex 13.8582 -5.74025 -25
    endloop
  endfacet
  facet normal 0.935892 -0.352287 0
    outer loop
      vertex 13.8582 -5.74025 25
      vertex 14.204 -4.82159 -11.9
      vertex 14.204 -4.82159 25
    endloop
  endfacet
  facet normal 0.935892 -0.352287 0
    outer loop
      vertex 14.204 -4.82159 -11.9
      vertex 13.8582 -5.74025 25
      vertex 13.8582 -5.74025 -11.9
    endloop
  endfacet
  facet normal 0.995184 0.098021 0
    outer loop
      vertex 14.8717 1.95789 25
      vertex 14.9168 1.5 5
      vertex 14.8717 1.95789 -11.9
    endloop
  endfacet
  facet normal 0.995186 0.0980064 3.36263e-07
    outer loop
      vertex 14.9679 0.981047 25
      vertex 14.9168 1.5 5
      vertex 14.8717 1.95789 25
    endloop
  endfacet
  facet normal 0.995187 0.0979936 0
    outer loop
      vertex 14.9168 1.5 5
      vertex 14.9679 0.981047 25
      vertex 14.9679 0.981047 5
    endloop
  endfacet
  facet normal 0.995184 0.098021 -0
    outer loop
      vertex 14.9168 1.5 -5
      vertex 14.8717 1.95789 -11.9
      vertex 14.9168 1.5 5
    endloop
  endfacet
  facet normal 0.995187 0.0979936 -0
    outer loop
      vertex 14.9679 0.981047 -11.9
      vertex 14.9168 1.5 -5
      vertex 14.9679 0.981047 -5
    endloop
  endfacet
  facet normal 0.995186 0.0980064 -9.74675e-07
    outer loop
      vertex 14.9168 1.5 -5
      vertex 14.9679 0.981047 -11.9
      vertex 14.8717 1.95789 -11.9
    endloop
  endfacet
  facet normal 0.995186 0.0980064 0
    outer loop
      vertex 14.9679 0.981047 -13.1
      vertex 14.8717 1.95789 -25
      vertex 14.8717 1.95789 -13.1
    endloop
  endfacet
  facet normal 0.995186 0.0980064 0
    outer loop
      vertex 14.8717 1.95789 -25
      vertex 14.9679 0.981047 -13.1
      vertex 14.9679 0.981047 -25
    endloop
  endfacet
  facet normal 0.634389 0.773014 -0
    outer loop
      vertex 9.89019 11.2776 -25
      vertex 9.13142 11.9003 -13.1
      vertex 9.89019 11.2776 -13.1
    endloop
  endfacet
  facet normal 0.634389 0.773014 0
    outer loop
      vertex 9.13142 11.9003 -13.1
      vertex 9.89019 11.2776 -25
      vertex 9.13142 11.9003 -25
    endloop
  endfacet
  facet normal 0.634375 0.773025 0
    outer loop
      vertex 9.89019 11.2776 -5
      vertex 9.89019 11.2776 -11.9
      vertex 9.48709 11.6084 -5
    endloop
  endfacet
  facet normal 0.634375 0.773025 0
    outer loop
      vertex 9.48709 11.6084 5
      vertex 9.89019 11.2776 25
      vertex 9.89019 11.2776 5
    endloop
  endfacet
  facet normal 0.634389 0.773014 -4.71386e-07
    outer loop
      vertex 9.89019 11.2776 25
      vertex 9.48709 11.6084 5
      vertex 9.13142 11.9003 25
    endloop
  endfacet
  facet normal 0.634405 0.773001 0
    outer loop
      vertex 9.13142 11.9003 -11.9
      vertex 9.48709 11.6084 5
      vertex 9.48709 11.6084 -5
    endloop
  endfacet
  facet normal 0.634405 0.773001 0
    outer loop
      vertex 9.48709 11.6084 5
      vertex 9.13142 11.9003 -11.9
      vertex 9.13142 11.9003 25
    endloop
  endfacet
  facet normal 0.634389 0.773014 1.36634e-06
    outer loop
      vertex 9.13142 11.9003 -11.9
      vertex 9.48709 11.6084 -5
      vertex 9.89019 11.2776 -11.9
    endloop
  endfacet
  facet normal -0.812869 0.582447 0
    outer loop
      vertex -12.472 8.33355 -11.9
      vertex -11.9003 9.13142 25
      vertex -11.9003 9.13142 -11.9
    endloop
  endfacet
  facet normal -0.812869 0.582447 0
    outer loop
      vertex -11.9003 9.13142 25
      vertex -12.472 8.33355 -11.9
      vertex -12.472 8.33355 25
    endloop
  endfacet
  facet normal -0.812869 0.582447 0
    outer loop
      vertex -12.472 8.33355 -25
      vertex -11.9003 9.13142 -13.1
      vertex -11.9003 9.13142 -25
    endloop
  endfacet
  facet normal -0.812869 0.582447 0
    outer loop
      vertex -11.9003 9.13142 -13.1
      vertex -12.472 8.33355 -25
      vertex -12.472 8.33355 -13.1
    endloop
  endfacet
  facet normal 0.995187 -0.0979936 0
    outer loop
      vertex 14.9679 -0.981047 25
      vertex 14.9168 -1.5 5
      vertex 14.9679 -0.981047 5
    endloop
  endfacet
  facet normal 0.995184 -0.098021 0
    outer loop
      vertex 14.8717 -1.95789 -11.9
      vertex 14.9168 -1.5 5
      vertex 14.8717 -1.95789 25
    endloop
  endfacet
  facet normal 0.995186 -0.0980064 3.36263e-07
    outer loop
      vertex 14.8717 -1.95789 25
      vertex 14.9168 -1.5 5
      vertex 14.9679 -0.981047 25
    endloop
  endfacet
  facet normal 0.995187 -0.0979936 0
    outer loop
      vertex 14.9168 -1.5 -5
      vertex 14.9679 -0.981047 -11.9
      vertex 14.9679 -0.981047 -5
    endloop
  endfacet
  facet normal 0.995186 -0.0980064 -9.74675e-07
    outer loop
      vertex 14.9168 -1.5 -5
      vertex 14.8717 -1.95789 -11.9
      vertex 14.9679 -0.981047 -11.9
    endloop
  endfacet
  facet normal 0.995184 -0.098021 0
    outer loop
      vertex 14.9168 -1.5 5
      vertex 14.8717 -1.95789 -11.9
      vertex 14.9168 -1.5 -5
    endloop
  endfacet
  facet normal 0.995186 -0.0980064 0
    outer loop
      vertex 14.8717 -1.95789 -13.1
      vertex 14.9679 -0.981047 -25
      vertex 14.9679 -0.981047 -13.1
    endloop
  endfacet
  facet normal 0.995186 -0.0980064 0
    outer loop
      vertex 14.9679 -0.981047 -25
      vertex 14.8717 -1.95789 -13.1
      vertex 14.8717 -1.95789 -25
    endloop
  endfacet
  facet normal -0.412705 0.910865 0
    outer loop
      vertex -5.74025 13.8582 -25
      vertex -6.63433 13.4531 -13.1
      vertex -5.74025 13.8582 -13.1
    endloop
  endfacet
  facet normal -0.412705 0.910865 0
    outer loop
      vertex -6.63433 13.4531 -13.1
      vertex -5.74025 13.8582 -25
      vertex -6.63433 13.4531 -25
    endloop
  endfacet
  facet normal -0.412705 0.910865 0
    outer loop
      vertex -5.74025 13.8582 -11.9
      vertex -6.63433 13.4531 25
      vertex -5.74025 13.8582 25
    endloop
  endfacet
  facet normal -0.412705 0.910865 0
    outer loop
      vertex -6.63433 13.4531 25
      vertex -5.74025 13.8582 -11.9
      vertex -6.63433 13.4531 -11.9
    endloop
  endfacet
  facet normal 0.162902 -0.986642 0
    outer loop
      vertex 1.95789 -14.8717 -25
      vertex 2.92635 -14.7118 -13.1
      vertex 1.95789 -14.8717 -13.1
    endloop
  endfacet
  facet normal 0.162902 -0.986642 0
    outer loop
      vertex 2.92635 -14.7118 -13.1
      vertex 1.95789 -14.8717 -25
      vertex 2.92635 -14.7118 -25
    endloop
  endfacet
  facet normal 0.162902 -0.986642 0
    outer loop
      vertex 1.95789 -14.8717 -11.9
      vertex 2.92635 -14.7118 25
      vertex 1.95789 -14.8717 25
    endloop
  endfacet
  facet normal 0.162902 -0.986642 0
    outer loop
      vertex 2.92635 -14.7118 25
      vertex 1.95789 -14.8717 -11.9
      vertex 2.92635 -14.7118 -11.9
    endloop
  endfacet
  facet normal 0.582447 0.812869 -0
    outer loop
      vertex 9.13142 11.9003 -25
      vertex 8.33355 12.472 -13.1
      vertex 9.13142 11.9003 -13.1
    endloop
  endfacet
  facet normal 0.582447 0.812869 0
    outer loop
      vertex 8.33355 12.472 -13.1
      vertex 9.13142 11.9003 -25
      vertex 8.33355 12.472 -25
    endloop
  endfacet
  facet normal 0.582447 0.812869 -0
    outer loop
      vertex 9.13142 11.9003 -11.9
      vertex 8.33355 12.472 25
      vertex 9.13142 11.9003 25
    endloop
  endfacet
  facet normal 0.582447 0.812869 0
    outer loop
      vertex 8.33355 12.472 25
      vertex 9.13142 11.9003 -11.9
      vertex 8.33355 12.472 -11.9
    endloop
  endfacet
  facet normal -0.471389 -0.881926 0
    outer loop
      vertex -7.5 -12.9904 -25
      vertex -6.63433 -13.4531 -13.1
      vertex -7.5 -12.9904 -13.1
    endloop
  endfacet
  facet normal -0.471389 -0.881926 -0
    outer loop
      vertex -6.63433 -13.4531 -13.1
      vertex -7.5 -12.9904 -25
      vertex -6.63433 -13.4531 -25
    endloop
  endfacet
  facet normal -0.471389 -0.881926 0
    outer loop
      vertex -7.5 -12.9904 -11.9
      vertex -6.63433 -13.4531 25
      vertex -7.5 -12.9904 25
    endloop
  endfacet
  facet normal -0.471389 -0.881926 -0
    outer loop
      vertex -6.63433 -13.4531 25
      vertex -7.5 -12.9904 -11.9
      vertex -6.63433 -13.4531 -11.9
    endloop
  endfacet
  facet normal -0.986642 0.162902 0
    outer loop
      vertex -14.8717 1.95789 -25
      vertex -14.7118 2.92635 -13.1
      vertex -14.7118 2.92635 -25
    endloop
  endfacet
  facet normal -0.986642 0.162902 0
    outer loop
      vertex -14.7118 2.92635 -13.1
      vertex -14.8717 1.95789 -25
      vertex -14.8717 1.95789 -13.1
    endloop
  endfacet
  facet normal -0.986642 0.162902 0
    outer loop
      vertex -14.8717 1.95789 -11.9
      vertex -14.7118 2.92635 25
      vertex -14.7118 2.92635 -11.9
    endloop
  endfacet
  facet normal -0.986642 0.162902 0
    outer loop
      vertex -14.7118 2.92635 25
      vertex -14.8717 1.95789 -11.9
      vertex -14.8717 1.95789 25
    endloop
  endfacet
  facet normal -0.72986 -0.683597 0
    outer loop
      vertex -10.6066 -10.6066 5
      vertex -11.2776 -9.89019 25
      vertex -11.2776 -9.89019 5
    endloop
  endfacet
  facet normal -0.72986 -0.683597 0
    outer loop
      vertex -11.2776 -9.89019 25
      vertex -10.6066 -10.6066 5
      vertex -10.6066 -10.6066 25
    endloop
  endfacet
  facet normal -0.72986 -0.683597 0
    outer loop
      vertex -10.6066 -10.6066 -25
      vertex -11.2776 -9.89019 -13.1
      vertex -11.2776 -9.89019 -25
    endloop
  endfacet
  facet normal -0.72986 -0.683597 0
    outer loop
      vertex -11.2776 -9.89019 -13.1
      vertex -10.6066 -10.6066 -25
      vertex -10.6066 -10.6066 -13.1
    endloop
  endfacet
  facet normal -0.72986 -0.683597 0
    outer loop
      vertex -10.6066 -10.6066 -11.9
      vertex -11.2776 -9.89019 -5
      vertex -11.2776 -9.89019 -11.9
    endloop
  endfacet
  facet normal -0.72986 -0.683597 0
    outer loop
      vertex -11.2776 -9.89019 -5
      vertex -10.6066 -10.6066 -11.9
      vertex -10.6066 -10.6066 -5
    endloop
  endfacet
  facet normal -0.412705 -0.910865 0
    outer loop
      vertex -6.63433 -13.4531 -25
      vertex -5.74025 -13.8582 -13.1
      vertex -6.63433 -13.4531 -13.1
    endloop
  endfacet
  facet normal -0.412705 -0.910865 -0
    outer loop
      vertex -5.74025 -13.8582 -13.1
      vertex -6.63433 -13.4531 -25
      vertex -5.74025 -13.8582 -25
    endloop
  endfacet
  facet normal -0.412705 -0.910865 0
    outer loop
      vertex -6.63433 -13.4531 -11.9
      vertex -5.74025 -13.8582 25
      vertex -6.63433 -13.4531 25
    endloop
  endfacet
  facet normal -0.412705 -0.910865 -0
    outer loop
      vertex -5.74025 -13.8582 25
      vertex -6.63433 -13.4531 -11.9
      vertex -5.74025 -13.8582 -11.9
    endloop
  endfacet
  facet normal 0.471389 -0.881926 0
    outer loop
      vertex 6.63433 -13.4531 -25
      vertex 7.5 -12.9904 -13.1
      vertex 6.63433 -13.4531 -13.1
    endloop
  endfacet
  facet normal 0.471389 -0.881926 0
    outer loop
      vertex 7.5 -12.9904 -13.1
      vertex 6.63433 -13.4531 -25
      vertex 7.5 -12.9904 -25
    endloop
  endfacet
  facet normal 0.471389 -0.881926 0
    outer loop
      vertex 6.63433 -13.4531 -11.9
      vertex 7.5 -12.9904 25
      vertex 6.63433 -13.4531 25
    endloop
  endfacet
  facet normal 0.471389 -0.881926 0
    outer loop
      vertex 7.5 -12.9904 25
      vertex 6.63433 -13.4531 -11.9
      vertex 7.5 -12.9904 -11.9
    endloop
  endfacet
  facet normal 0.683597 -0.72986 0
    outer loop
      vertex 9.89019 -11.2776 -25
      vertex 10.6066 -10.6066 -13.1
      vertex 9.89019 -11.2776 -13.1
    endloop
  endfacet
  facet normal 0.683597 -0.72986 0
    outer loop
      vertex 10.6066 -10.6066 -13.1
      vertex 9.89019 -11.2776 -25
      vertex 10.6066 -10.6066 -25
    endloop
  endfacet
  facet normal 0.683597 -0.72986 0
    outer loop
      vertex 9.89019 -11.2776 5
      vertex 10.6066 -10.6066 25
      vertex 9.89019 -11.2776 25
    endloop
  endfacet
  facet normal 0.683597 -0.72986 0
    outer loop
      vertex 10.6066 -10.6066 25
      vertex 9.89019 -11.2776 5
      vertex 10.6066 -10.6066 5
    endloop
  endfacet
  facet normal 0.683597 -0.72986 0
    outer loop
      vertex 9.89019 -11.2776 -11.9
      vertex 10.6066 -10.6066 -5
      vertex 9.89019 -11.2776 -5
    endloop
  endfacet
  facet normal 0.683597 -0.72986 0
    outer loop
      vertex 10.6066 -10.6066 -5
      vertex 9.89019 -11.2776 -11.9
      vertex 10.6066 -10.6066 -11.9
    endloop
  endfacet
  facet normal 0.986642 -0.162902 0
    outer loop
      vertex 14.7118 -2.92635 25
      vertex 14.8717 -1.95789 -11.9
      vertex 14.8717 -1.95789 25
    endloop
  endfacet
  facet normal 0.986642 -0.162902 0
    outer loop
      vertex 14.8717 -1.95789 -11.9
      vertex 14.7118 -2.92635 25
      vertex 14.7118 -2.92635 -11.9
    endloop
  endfacet
  facet normal 0.986642 -0.162902 0
    outer loop
      vertex 14.7118 -2.92635 -13.1
      vertex 14.8717 -1.95789 -25
      vertex 14.8717 -1.95789 -13.1
    endloop
  endfacet
  facet normal 0.986642 -0.162902 0
    outer loop
      vertex 14.8717 -1.95789 -25
      vertex 14.7118 -2.92635 -13.1
      vertex 14.7118 -2.92635 -25
    endloop
  endfacet
  facet normal -0.849172 -0.528116 0
    outer loop
      vertex -12.472 -8.33355 -25
      vertex -12.9904 -7.5 -13.1
      vertex -12.9904 -7.5 -25
    endloop
  endfacet
  facet normal -0.849172 -0.528116 0
    outer loop
      vertex -12.9904 -7.5 -13.1
      vertex -12.472 -8.33355 -25
      vertex -12.472 -8.33355 -13.1
    endloop
  endfacet
  facet normal -0.849172 -0.528116 0
    outer loop
      vertex -12.472 -8.33355 -11.9
      vertex -12.9904 -7.5 25
      vertex -12.9904 -7.5 -11.9
    endloop
  endfacet
  facet normal -0.849172 -0.528116 0
    outer loop
      vertex -12.9904 -7.5 25
      vertex -12.472 -8.33355 -11.9
      vertex -12.472 -8.33355 25
    endloop
  endfacet
  facet normal 0.999465 0.0327026 0
    outer loop
      vertex 15 0 25
      vertex 14.9679 0.981047 5
      vertex 14.9679 0.981047 25
    endloop
  endfacet
  facet normal 0.999465 0.0327026 0
    outer loop
      vertex 14.9679 0.981047 5
      vertex 15 0 25
      vertex 15 0 5
    endloop
  endfacet
  facet normal 0.999465 0.0327026 0
    outer loop
      vertex 15 0 -13.1
      vertex 14.9679 0.981047 -25
      vertex 14.9679 0.981047 -13.1
    endloop
  endfacet
  facet normal 0.999465 0.0327026 0
    outer loop
      vertex 14.9679 0.981047 -25
      vertex 15 0 -13.1
      vertex 15 0 -25
    endloop
  endfacet
  facet normal 0.999465 0.0327026 0
    outer loop
      vertex 15 0 -5
      vertex 14.9679 0.981047 -11.9
      vertex 14.9679 0.981047 -5
    endloop
  endfacet
  facet normal 0.999465 0.0327026 0
    outer loop
      vertex 14.9679 0.981047 -11.9
      vertex 15 0 -5
      vertex 15 0 -11.9
    endloop
  endfacet
  facet normal -0.162902 0.986642 0
    outer loop
      vertex -1.95789 14.8717 -25
      vertex -2.92635 14.7118 -13.1
      vertex -1.95789 14.8717 -13.1
    endloop
  endfacet
  facet normal -0.162902 0.986642 0
    outer loop
      vertex -2.92635 14.7118 -13.1
      vertex -1.95789 14.8717 -25
      vertex -2.92635 14.7118 -25
    endloop
  endfacet
  facet normal -0.162902 0.986642 0
    outer loop
      vertex -1.95789 14.8717 -11.9
      vertex -2.92635 14.7118 25
      vertex -1.95789 14.8717 25
    endloop
  endfacet
  facet normal -0.162902 0.986642 0
    outer loop
      vertex -2.92635 14.7118 25
      vertex -1.95789 14.8717 -11.9
      vertex -2.92635 14.7118 -11.9
    endloop
  endfacet
  facet normal 0.999465 -0.0327026 0
    outer loop
      vertex 14.9679 -0.981047 25
      vertex 15 0 5
      vertex 15 0 25
    endloop
  endfacet
  facet normal 0.999465 -0.0327026 0
    outer loop
      vertex 15 0 5
      vertex 14.9679 -0.981047 25
      vertex 14.9679 -0.981047 5
    endloop
  endfacet
  facet normal 0.999465 -0.0327026 0
    outer loop
      vertex 14.9679 -0.981047 -13.1
      vertex 15 0 -25
      vertex 15 0 -13.1
    endloop
  endfacet
  facet normal 0.999465 -0.0327026 0
    outer loop
      vertex 15 0 -25
      vertex 14.9679 -0.981047 -13.1
      vertex 14.9679 -0.981047 -25
    endloop
  endfacet
  facet normal 0.999465 -0.0327026 0
    outer loop
      vertex 14.9679 -0.981047 -5
      vertex 15 0 -11.9
      vertex 15 0 -5
    endloop
  endfacet
  facet normal 0.999465 -0.0327026 0
    outer loop
      vertex 15 0 -11.9
      vertex 14.9679 -0.981047 -5
      vertex 14.9679 -0.981047 -11.9
    endloop
  endfacet
  facet normal -0.0980064 -0.995186 3.36263e-07
    outer loop
      vertex -1.95789 -14.8717 25
      vertex -1.5 -14.9168 5
      vertex -0.981047 -14.9679 25
    endloop
  endfacet
  facet normal -0.098021 -0.995184 0
    outer loop
      vertex -1.95789 -14.8717 -11.9
      vertex -1.5 -14.9168 5
      vertex -1.95789 -14.8717 25
    endloop
  endfacet
  facet normal -0.098021 -0.995184 -0
    outer loop
      vertex -1.5 -14.9168 5
      vertex -1.95789 -14.8717 -11.9
      vertex -1.5 -14.9168 -5
    endloop
  endfacet
  facet normal -0.0980064 -0.995186 -9.74675e-07
    outer loop
      vertex -0.981047 -14.9679 -11.9
      vertex -1.5 -14.9168 -5
      vertex -1.95789 -14.8717 -11.9
    endloop
  endfacet
  facet normal -0.0979936 -0.995187 0
    outer loop
      vertex -1.5 -14.9168 -5
      vertex -0.981047 -14.9679 -11.9
      vertex -0.981047 -14.9679 -5
    endloop
  endfacet
  facet normal -0.0979936 -0.995187 -0
    outer loop
      vertex -0.981047 -14.9679 25
      vertex -1.5 -14.9168 5
      vertex -0.981047 -14.9679 5
    endloop
  endfacet
  facet normal -0.0980064 -0.995186 0
    outer loop
      vertex -1.95789 -14.8717 -25
      vertex -0.981047 -14.9679 -13.1
      vertex -1.95789 -14.8717 -13.1
    endloop
  endfacet
  facet normal -0.0980064 -0.995186 -0
    outer loop
      vertex -0.981047 -14.9679 -13.1
      vertex -1.95789 -14.8717 -25
      vertex -0.981047 -14.9679 -25
    endloop
  endfacet
  facet normal 0.0327026 -0.999465 0
    outer loop
      vertex 0 -15 5
      vertex 0.981047 -14.9679 25
      vertex 0 -15 25
    endloop
  endfacet
  facet normal 0.0327026 -0.999465 0
    outer loop
      vertex 0.981047 -14.9679 25
      vertex 0 -15 5
      vertex 0.981047 -14.9679 5
    endloop
  endfacet
  facet normal 0.0327026 -0.999465 0
    outer loop
      vertex 0 -15 -22.01
      vertex 0.981047 -14.9679 -13.1
      vertex 0 -15 -13.1
    endloop
  endfacet
  facet normal 0.0327026 -0.999465 0
    outer loop
      vertex 0.981047 -14.9679 -25
      vertex 0 -15 -22.01
      vertex 0 -15 -25
    endloop
  endfacet
  facet normal 0.0327026 -0.999465 0
    outer loop
      vertex 0 -15 -22.01
      vertex 0.981047 -14.9679 -25
      vertex 0.981047 -14.9679 -13.1
    endloop
  endfacet
  facet normal 0.0327026 -0.999465 0
    outer loop
      vertex 0 -15 -11.9
      vertex 0.981047 -14.9679 -5
      vertex 0 -15 -5
    endloop
  endfacet
  facet normal 0.0327026 -0.999465 0
    outer loop
      vertex 0.981047 -14.9679 -5
      vertex 0 -15 -11.9
      vertex 0.981047 -14.9679 -11.9
    endloop
  endfacet
  facet normal 0.881926 0.471389 0
    outer loop
      vertex 13.4531 6.63433 25
      vertex 12.9904 7.5 -11.9
      vertex 12.9904 7.5 25
    endloop
  endfacet
  facet normal 0.881926 0.471389 0
    outer loop
      vertex 12.9904 7.5 -11.9
      vertex 13.4531 6.63433 25
      vertex 13.4531 6.63433 -11.9
    endloop
  endfacet
  facet normal 0.881926 0.471389 0
    outer loop
      vertex 13.4531 6.63433 -13.1
      vertex 12.9904 7.5 -25
      vertex 12.9904 7.5 -13.1
    endloop
  endfacet
  facet normal 0.881926 0.471389 0
    outer loop
      vertex 12.9904 7.5 -25
      vertex 13.4531 6.63433 -13.1
      vertex 13.4531 6.63433 -25
    endloop
  endfacet
  facet normal -0.582447 0.812869 0
    outer loop
      vertex -8.33355 12.472 -11.9
      vertex -9.13142 11.9003 25
      vertex -8.33355 12.472 25
    endloop
  endfacet
  facet normal -0.582447 0.812869 0
    outer loop
      vertex -9.13142 11.9003 25
      vertex -8.33355 12.472 -11.9
      vertex -9.13142 11.9003 -11.9
    endloop
  endfacet
  facet normal -0.582447 0.812869 0
    outer loop
      vertex -8.33355 12.472 -25
      vertex -9.13142 11.9003 -13.1
      vertex -8.33355 12.472 -13.1
    endloop
  endfacet
  facet normal -0.582447 0.812869 0
    outer loop
      vertex -9.13142 11.9003 -13.1
      vertex -8.33355 12.472 -25
      vertex -9.13142 11.9003 -25
    endloop
  endfacet
  facet normal 0.812869 0.582447 0
    outer loop
      vertex 12.472 8.33355 -13.1
      vertex 11.9003 9.13142 -25
      vertex 11.9003 9.13142 -13.1
    endloop
  endfacet
  facet normal 0.812869 0.582447 0
    outer loop
      vertex 11.9003 9.13142 -25
      vertex 12.472 8.33355 -13.1
      vertex 12.472 8.33355 -25
    endloop
  endfacet
  facet normal 0.812869 0.582447 0
    outer loop
      vertex 12.472 8.33355 25
      vertex 11.9003 9.13142 -11.9
      vertex 11.9003 9.13142 25
    endloop
  endfacet
  facet normal 0.812869 0.582447 0
    outer loop
      vertex 11.9003 9.13142 -11.9
      vertex 12.472 8.33355 25
      vertex 12.472 8.33355 -11.9
    endloop
  endfacet
  facet normal 0.0327026 0.999465 -0
    outer loop
      vertex 0.981047 14.9679 5
      vertex 0 15 25
      vertex 0.981047 14.9679 25
    endloop
  endfacet
  facet normal 0.0327026 0.999465 0
    outer loop
      vertex 0 15 25
      vertex 0.981047 14.9679 5
      vertex 0 15 5
    endloop
  endfacet
  facet normal 0.0327026 0.999465 -0
    outer loop
      vertex 0.981047 14.9679 -25
      vertex 0 15 -13.1
      vertex 0.981047 14.9679 -13.1
    endloop
  endfacet
  facet normal 0.0327026 0.999465 0
    outer loop
      vertex 0 15 -13.1
      vertex 0.981047 14.9679 -25
      vertex 0 15 -25
    endloop
  endfacet
  facet normal 0.0327026 0.999465 -0
    outer loop
      vertex 0.981047 14.9679 -11.9
      vertex 0 15 -5
      vertex 0.981047 14.9679 -5
    endloop
  endfacet
  facet normal 0.0327026 0.999465 0
    outer loop
      vertex 0 15 -5
      vertex 0.981047 14.9679 -11.9
      vertex 0 15 -11.9
    endloop
  endfacet
  facet normal 0.634389 -0.773014 0
    outer loop
      vertex 9.13142 -11.9003 -25
      vertex 9.89019 -11.2776 -13.1
      vertex 9.13142 -11.9003 -13.1
    endloop
  endfacet
  facet normal 0.634389 -0.773014 0
    outer loop
      vertex 9.89019 -11.2776 -13.1
      vertex 9.13142 -11.9003 -25
      vertex 9.89019 -11.2776 -25
    endloop
  endfacet
  facet normal 0.634389 -0.773014 -4.71386e-07
    outer loop
      vertex 9.13142 -11.9003 25
      vertex 9.48709 -11.6084 5
      vertex 9.89019 -11.2776 25
    endloop
  endfacet
  facet normal 0.634405 -0.773001 0
    outer loop
      vertex 9.13142 -11.9003 -11.9
      vertex 9.48709 -11.6084 5
      vertex 9.13142 -11.9003 25
    endloop
  endfacet
  facet normal 0.634405 -0.773001 0
    outer loop
      vertex 9.48709 -11.6084 5
      vertex 9.13142 -11.9003 -11.9
      vertex 9.48709 -11.6084 -5
    endloop
  endfacet
  facet normal 0.634389 -0.773014 1.36634e-06
    outer loop
      vertex 9.89019 -11.2776 -11.9
      vertex 9.48709 -11.6084 -5
      vertex 9.13142 -11.9003 -11.9
    endloop
  endfacet
  facet normal 0.634375 -0.773025 0
    outer loop
      vertex 9.48709 -11.6084 -5
      vertex 9.89019 -11.2776 -11.9
      vertex 9.89019 -11.2776 -5
    endloop
  endfacet
  facet normal 0.634375 -0.773025 0
    outer loop
      vertex 9.89019 -11.2776 25
      vertex 9.48709 -11.6084 5
      vertex 9.89019 -11.2776 5
    endloop
  endfacet
  facet normal 0.773014 0.634389 0
    outer loop
      vertex 11.9003 9.13142 -13.1
      vertex 11.2776 9.89019 -25
      vertex 11.2776 9.89019 -13.1
    endloop
  endfacet
  facet normal 0.773014 0.634389 0
    outer loop
      vertex 11.2776 9.89019 -25
      vertex 11.9003 9.13142 -13.1
      vertex 11.9003 9.13142 -25
    endloop
  endfacet
  facet normal 0.773025 0.634375 0
    outer loop
      vertex 11.2776 9.89019 25
      vertex 11.6084 9.48709 5
      vertex 11.2776 9.89019 5
    endloop
  endfacet
  facet normal 0.773001 0.634405 -0
    outer loop
      vertex 11.9003 9.13142 -11.9
      vertex 11.6084 9.48709 5
      vertex 11.9003 9.13142 25
    endloop
  endfacet
  facet normal 0.773014 0.634389 -4.71386e-07
    outer loop
      vertex 11.9003 9.13142 25
      vertex 11.6084 9.48709 5
      vertex 11.2776 9.89019 25
    endloop
  endfacet
  facet normal 0.773025 0.634375 0
    outer loop
      vertex 11.6084 9.48709 -5
      vertex 11.2776 9.89019 -11.9
      vertex 11.2776 9.89019 -5
    endloop
  endfacet
  facet normal 0.773014 0.634389 1.36634e-06
    outer loop
      vertex 11.6084 9.48709 -5
      vertex 11.9003 9.13142 -11.9
      vertex 11.2776 9.89019 -11.9
    endloop
  endfacet
  facet normal 0.773001 0.634405 0
    outer loop
      vertex 11.6084 9.48709 5
      vertex 11.9003 9.13142 -11.9
      vertex 11.6084 9.48709 -5
    endloop
  endfacet
  facet normal 0.986642 0.162902 0
    outer loop
      vertex 14.8717 1.95789 25
      vertex 14.7118 2.92635 -11.9
      vertex 14.7118 2.92635 25
    endloop
  endfacet
  facet normal 0.986642 0.162902 0
    outer loop
      vertex 14.7118 2.92635 -11.9
      vertex 14.8717 1.95789 25
      vertex 14.8717 1.95789 -11.9
    endloop
  endfacet
  facet normal 0.986642 0.162902 0
    outer loop
      vertex 14.8717 1.95789 -13.1
      vertex 14.7118 2.92635 -25
      vertex 14.7118 2.92635 -13.1
    endloop
  endfacet
  facet normal 0.986642 0.162902 0
    outer loop
      vertex 14.7118 2.92635 -25
      vertex 14.8717 1.95789 -13.1
      vertex 14.8717 1.95789 -25
    endloop
  endfacet
  facet normal 0.0980064 0.995186 -0
    outer loop
      vertex 1.95789 14.8717 -25
      vertex 0.981047 14.9679 -13.1
      vertex 1.95789 14.8717 -13.1
    endloop
  endfacet
  facet normal 0.0980064 0.995186 0
    outer loop
      vertex 0.981047 14.9679 -13.1
      vertex 1.95789 14.8717 -25
      vertex 0.981047 14.9679 -25
    endloop
  endfacet
  facet normal 0.0980064 0.995186 3.36263e-07
    outer loop
      vertex 1.95789 14.8717 25
      vertex 1.5 14.9168 5
      vertex 0.981047 14.9679 25
    endloop
  endfacet
  facet normal 0.098021 0.995184 -0
    outer loop
      vertex 1.95789 14.8717 -11.9
      vertex 1.5 14.9168 5
      vertex 1.95789 14.8717 25
    endloop
  endfacet
  facet normal 0.098021 0.995184 0
    outer loop
      vertex 1.5 14.9168 5
      vertex 1.95789 14.8717 -11.9
      vertex 1.5 14.9168 -5
    endloop
  endfacet
  facet normal 0.0980064 0.995186 -9.74675e-07
    outer loop
      vertex 0.981047 14.9679 -11.9
      vertex 1.5 14.9168 -5
      vertex 1.95789 14.8717 -11.9
    endloop
  endfacet
  facet normal 0.0979936 0.995187 0
    outer loop
      vertex 1.5 14.9168 -5
      vertex 0.981047 14.9679 -11.9
      vertex 0.981047 14.9679 -5
    endloop
  endfacet
  facet normal 0.0979936 0.995187 0
    outer loop
      vertex 0.981047 14.9679 25
      vertex 1.5 14.9168 5
      vertex 0.981047 14.9679 5
    endloop
  endfacet
  facet normal 0.973876 0.227082 0
    outer loop
      vertex 14.7118 2.92635 25
      vertex 14.4889 3.88229 -11.9
      vertex 14.4889 3.88229 25
    endloop
  endfacet
  facet normal 0.973876 0.227082 0
    outer loop
      vertex 14.4889 3.88229 -11.9
      vertex 14.7118 2.92635 25
      vertex 14.7118 2.92635 -11.9
    endloop
  endfacet
  facet normal 0.973876 0.227082 0
    outer loop
      vertex 14.7118 2.92635 -13.1
      vertex 14.4889 3.88229 -25
      vertex 14.4889 3.88229 -13.1
    endloop
  endfacet
  facet normal 0.973876 0.227082 0
    outer loop
      vertex 14.4889 3.88229 -25
      vertex 14.7118 2.92635 -13.1
      vertex 14.7118 2.92635 -25
    endloop
  endfacet
  facet normal 0 0 1
    outer loop
      vertex 15 0 -25
      vertex 16 0 -25
      vertex 15.9657 1.04645 -25
    endloop
  endfacet
  facet normal 0 0 1
    outer loop
      vertex 14.9679 0.981047 -25
      vertex 15.9657 1.04645 -25
      vertex 15.8631 2.08842 -25
    endloop
  endfacet
  facet normal 0 0 1
    outer loop
      vertex 16 0 -25
      vertex 15 0 -25
      vertex 15.9657 -1.04645 -25
    endloop
  endfacet
  facet normal 0 0 1
    outer loop
      vertex 14.8717 1.95789 -25
      vertex 15.8631 2.08842 -25
      vertex 15.6926 3.12144 -25
    endloop
  endfacet
  facet normal -0 0 1
    outer loop
      vertex 14.9679 -0.981047 -25
      vertex 15.9657 -1.04645 -25
      vertex 15 0 -25
    endloop
  endfacet
  facet normal 0 0 1
    outer loop
      vertex 14.7118 2.92635 -25
      vertex 15.6926 3.12144 -25
      vertex 15.4548 4.1411 -25
    endloop
  endfacet
  facet normal 0 0 1
    outer loop
      vertex 15.9657 -1.04645 -25
      vertex 14.9679 -0.981047 -25
      vertex 15.8631 -2.08842 -25
    endloop
  endfacet
  facet normal 0 0 1
    outer loop
      vertex 14.4889 3.88229 -25
      vertex 15.4548 4.1411 -25
      vertex 15.1509 5.14303 -25
    endloop
  endfacet
  facet normal -0 0 1
    outer loop
      vertex 14.8717 -1.95789 -25
      vertex 15.8631 -2.08842 -25
      vertex 14.9679 -0.981047 -25
    endloop
  endfacet
  facet normal 0 0 1
    outer loop
      vertex 15.8631 -2.08842 -25
      vertex 14.8717 -1.95789 -25
      vertex 15.6926 -3.12144 -25
    endloop
  endfacet
  facet normal 0 0 1
    outer loop
      vertex 15.9657 1.04645 -25
      vertex 14.9679 0.981047 -25
      vertex 15 0 -25
    endloop
  endfacet
  facet normal 0 0 1
    outer loop
      vertex 15.8631 2.08842 -25
      vertex 14.8717 1.95789 -25
      vertex 14.9679 0.981047 -25
    endloop
  endfacet
  facet normal 0 0 1
    outer loop
      vertex 14.204 4.82159 -25
      vertex 15.1509 5.14303 -25
      vertex 14.7821 6.12293 -25
    endloop
  endfacet
  facet normal 0 0 1
    outer loop
      vertex 15.6926 3.12144 -25
      vertex 14.7118 2.92635 -25
      vertex 14.8717 1.95789 -25
    endloop
  endfacet
  facet normal 0 0 1
    outer loop
      vertex 15.4548 4.1411 -25
      vertex 14.4889 3.88229 -25
      vertex 14.7118 2.92635 -25
    endloop
  endfacet
  facet normal 0 0 1
    outer loop
      vertex 13.8582 5.74025 -25
      vertex 14.7821 6.12293 -25
      vertex 14.35 7.07662 -25
    endloop
  endfacet
  facet normal 0 0 1
    outer loop
      vertex 15.1509 5.14303 -25
      vertex 14.204 4.82159 -25
      vertex 14.4889 3.88229 -25
    endloop
  endfacet
  facet normal 0 0 1
    outer loop
      vertex 14.7821 6.12293 -25
      vertex 13.8582 5.74025 -25
      vertex 14.204 4.82159 -25
    endloop
  endfacet
  facet normal 0 0 1
    outer loop
      vertex 13.4531 6.63433 -25
      vertex 14.35 7.07662 -25
      vertex 13.8564 8 -25
    endloop
  endfacet
  facet normal 0 0 1
    outer loop
      vertex 14.35 7.07662 -25
      vertex 13.4531 6.63433 -25
      vertex 13.8582 5.74025 -25
    endloop
  endfacet
  facet normal 0 0 1
    outer loop
      vertex 12.9904 7.5 -25
      vertex 13.8564 8 -25
      vertex 13.3035 8.88912 -25
    endloop
  endfacet
  facet normal 0 0 1
    outer loop
      vertex 13.8564 8 -25
      vertex 12.9904 7.5 -25
      vertex 13.4531 6.63433 -25
    endloop
  endfacet
  facet normal 0 0 1
    outer loop
      vertex 12.472 8.33355 -25
      vertex 13.3035 8.88912 -25
      vertex 12.6937 9.74018 -25
    endloop
  endfacet
  facet normal 0 0 1
    outer loop
      vertex 13.3035 8.88912 -25
      vertex 12.472 8.33355 -25
      vertex 12.9904 7.5 -25
    endloop
  endfacet
  facet normal 0 0 1
    outer loop
      vertex 11.9003 9.13142 -25
      vertex 12.6937 9.74018 -25
      vertex 12.0294 10.5495 -25
    endloop
  endfacet
  facet normal 0 0 1
    outer loop
      vertex 12.6937 9.74018 -25
      vertex 11.9003 9.13142 -25
      vertex 12.472 8.33355 -25
    endloop
  endfacet
  facet normal 0 0 1
    outer loop
      vertex 11.2776 9.89019 -25
      vertex 12.0294 10.5495 -25
      vertex 11.3137 11.3137 -25
    endloop
  endfacet
  facet normal 0 0 1
    outer loop
      vertex 12.0294 10.5495 -25
      vertex 11.2776 9.89019 -25
      vertex 11.9003 9.13142 -25
    endloop
  endfacet
  facet normal 0 0 1
    outer loop
      vertex 11.3137 11.3137 -25
      vertex 10.6066 10.6066 -25
      vertex 11.2776 9.89019 -25
    endloop
  endfacet
  facet normal 0 0 1
    outer loop
      vertex 10.5495 12.0294 -25
      vertex 10.6066 10.6066 -25
      vertex 11.3137 11.3137 -25
    endloop
  endfacet
  facet normal 0 0 1
    outer loop
      vertex 10.5495 12.0294 -25
      vertex 9.89019 11.2776 -25
      vertex 10.6066 10.6066 -25
    endloop
  endfacet
  facet normal 0 0 1
    outer loop
      vertex 9.74018 12.6937 -25
      vertex 9.89019 11.2776 -25
      vertex 10.5495 12.0294 -25
    endloop
  endfacet
  facet normal 0 0 1
    outer loop
      vertex 9.74018 12.6937 -25
      vertex 9.13142 11.9003 -25
      vertex 9.89019 11.2776 -25
    endloop
  endfacet
  facet normal 0 0 1
    outer loop
      vertex 8.88912 13.3035 -25
      vertex 9.13142 11.9003 -25
      vertex 9.74018 12.6937 -25
    endloop
  endfacet
  facet normal 0 0 1
    outer loop
      vertex 8.88912 13.3035 -25
      vertex 8.33355 12.472 -25
      vertex 9.13142 11.9003 -25
    endloop
  endfacet
  facet normal 0 0 1
    outer loop
      vertex 8 13.8564 -25
      vertex 8.33355 12.472 -25
      vertex 8.88912 13.3035 -25
    endloop
  endfacet
  facet normal 0 0 1
    outer loop
      vertex 8 13.8564 -25
      vertex 7.5 12.9904 -25
      vertex 8.33355 12.472 -25
    endloop
  endfacet
  facet normal 0 0 1
    outer loop
      vertex 7.07662 14.35 -25
      vertex 7.5 12.9904 -25
      vertex 8 13.8564 -25
    endloop
  endfacet
  facet normal 0 0 1
    outer loop
      vertex 7.07662 14.35 -25
      vertex 6.63433 13.4531 -25
      vertex 7.5 12.9904 -25
    endloop
  endfacet
  facet normal 0 0 1
    outer loop
      vertex 6.12293 14.7821 -25
      vertex 6.63433 13.4531 -25
      vertex 7.07662 14.35 -25
    endloop
  endfacet
  facet normal 0 0 1
    outer loop
      vertex 6.12293 14.7821 -25
      vertex 5.74025 13.8582 -25
      vertex 6.63433 13.4531 -25
    endloop
  endfacet
  facet normal 0 0 1
    outer loop
      vertex 5.14303 15.1509 -25
      vertex 5.74025 13.8582 -25
      vertex 6.12293 14.7821 -25
    endloop
  endfacet
  facet normal 0 0 1
    outer loop
      vertex 5.14303 15.1509 -25
      vertex 4.82159 14.204 -25
      vertex 5.74025 13.8582 -25
    endloop
  endfacet
  facet normal 0 0 1
    outer loop
      vertex 4.1411 15.4548 -25
      vertex 4.82159 14.204 -25
      vertex 5.14303 15.1509 -25
    endloop
  endfacet
  facet normal 0 0 1
    outer loop
      vertex 4.1411 15.4548 -25
      vertex 3.88229 14.4889 -25
      vertex 4.82159 14.204 -25
    endloop
  endfacet
  facet normal 0 0 1
    outer loop
      vertex 3.12144 15.6926 -25
      vertex 3.88229 14.4889 -25
      vertex 4.1411 15.4548 -25
    endloop
  endfacet
  facet normal 0 0 1
    outer loop
      vertex 3.12144 15.6926 -25
      vertex 2.92635 14.7118 -25
      vertex 3.88229 14.4889 -25
    endloop
  endfacet
  facet normal 0 0 1
    outer loop
      vertex 2.08842 15.8631 -25
      vertex 2.92635 14.7118 -25
      vertex 3.12144 15.6926 -25
    endloop
  endfacet
  facet normal 0 0 1
    outer loop
      vertex 2.08842 15.8631 -25
      vertex 1.95789 14.8717 -25
      vertex 2.92635 14.7118 -25
    endloop
  endfacet
  facet normal 0 0 1
    outer loop
      vertex 1.04645 15.9657 -25
      vertex 1.95789 14.8717 -25
      vertex 2.08842 15.8631 -25
    endloop
  endfacet
  facet normal 0 0 1
    outer loop
      vertex 1.04645 15.9657 -25
      vertex 0.981047 14.9679 -25
      vertex 1.95789 14.8717 -25
    endloop
  endfacet
  facet normal 0 0 1
    outer loop
      vertex 0 16 -25
      vertex 0.981047 14.9679 -25
      vertex 1.04645 15.9657 -25
    endloop
  endfacet
  facet normal 0 0 1
    outer loop
      vertex 0 16 -25
      vertex 0 15 -25
      vertex 0.981047 14.9679 -25
    endloop
  endfacet
  facet normal 0 0 1
    outer loop
      vertex 0 16 -25
      vertex -0.981047 14.9679 -25
      vertex 0 15 -25
    endloop
  endfacet
  facet normal -0 0 1
    outer loop
      vertex -1.04645 15.9657 -25
      vertex -0.981047 14.9679 -25
      vertex 0 16 -25
    endloop
  endfacet
  facet normal 0 0 1
    outer loop
      vertex -1.04645 15.9657 -25
      vertex -1.95789 14.8717 -25
      vertex -0.981047 14.9679 -25
    endloop
  endfacet
  facet normal -0 0 1
    outer loop
      vertex -2.08842 15.8631 -25
      vertex -1.95789 14.8717 -25
      vertex -1.04645 15.9657 -25
    endloop
  endfacet
  facet normal 0 0 1
    outer loop
      vertex -2.08842 15.8631 -25
      vertex -2.92635 14.7118 -25
      vertex -1.95789 14.8717 -25
    endloop
  endfacet
  facet normal -0 0 1
    outer loop
      vertex -3.12144 15.6926 -25
      vertex -2.92635 14.7118 -25
      vertex -2.08842 15.8631 -25
    endloop
  endfacet
  facet normal 0 0 1
    outer loop
      vertex -3.12144 15.6926 -25
      vertex -3.88229 14.4889 -25
      vertex -2.92635 14.7118 -25
    endloop
  endfacet
  facet normal -0 0 1
    outer loop
      vertex -4.1411 15.4548 -25
      vertex -3.88229 14.4889 -25
      vertex -3.12144 15.6926 -25
    endloop
  endfacet
  facet normal 0 0 1
    outer loop
      vertex -4.1411 15.4548 -25
      vertex -4.82159 14.204 -25
      vertex -3.88229 14.4889 -25
    endloop
  endfacet
  facet normal -0 0 1
    outer loop
      vertex -5.14303 15.1509 -25
      vertex -4.82159 14.204 -25
      vertex -4.1411 15.4548 -25
    endloop
  endfacet
  facet normal 0 0 1
    outer loop
      vertex -5.14303 15.1509 -25
      vertex -5.74025 13.8582 -25
      vertex -4.82159 14.204 -25
    endloop
  endfacet
  facet normal -0 0 1
    outer loop
      vertex -6.12293 14.7821 -25
      vertex -5.74025 13.8582 -25
      vertex -5.14303 15.1509 -25
    endloop
  endfacet
  facet normal 0 0 1
    outer loop
      vertex -6.12293 14.7821 -25
      vertex -6.63433 13.4531 -25
      vertex -5.74025 13.8582 -25
    endloop
  endfacet
  facet normal -0 0 1
    outer loop
      vertex -7.07662 14.35 -25
      vertex -6.63433 13.4531 -25
      vertex -6.12293 14.7821 -25
    endloop
  endfacet
  facet normal 0 0 1
    outer loop
      vertex -7.07662 14.35 -25
      vertex -7.5 12.9904 -25
      vertex -6.63433 13.4531 -25
    endloop
  endfacet
  facet normal -0 0 1
    outer loop
      vertex -8 13.8564 -25
      vertex -7.5 12.9904 -25
      vertex -7.07662 14.35 -25
    endloop
  endfacet
  facet normal 0 0 1
    outer loop
      vertex -8 13.8564 -25
      vertex -8.33355 12.472 -25
      vertex -7.5 12.9904 -25
    endloop
  endfacet
  facet normal -0 0 1
    outer loop
      vertex -8.88912 13.3035 -25
      vertex -8.33355 12.472 -25
      vertex -8 13.8564 -25
    endloop
  endfacet
  facet normal 0 0 1
    outer loop
      vertex -8.88912 13.3035 -25
      vertex -9.13142 11.9003 -25
      vertex -8.33355 12.472 -25
    endloop
  endfacet
  facet normal -0 0 1
    outer loop
      vertex -9.74018 12.6937 -25
      vertex -9.13142 11.9003 -25
      vertex -8.88912 13.3035 -25
    endloop
  endfacet
  facet normal 0 0 1
    outer loop
      vertex -9.74018 12.6937 -25
      vertex -9.89019 11.2776 -25
      vertex -9.13142 11.9003 -25
    endloop
  endfacet
  facet normal -0 0 1
    outer loop
      vertex -10.5495 12.0294 -25
      vertex -9.89019 11.2776 -25
      vertex -9.74018 12.6937 -25
    endloop
  endfacet
  facet normal 0 0 1
    outer loop
      vertex -10.5495 12.0294 -25
      vertex -10.6066 10.6066 -25
      vertex -9.89019 11.2776 -25
    endloop
  endfacet
  facet normal -0 0 1
    outer loop
      vertex -11.3137 11.3137 -25
      vertex -10.6066 10.6066 -25
      vertex -10.5495 12.0294 -25
    endloop
  endfacet
  facet normal 0 0 1
    outer loop
      vertex -10.6066 10.6066 -25
      vertex -11.3137 11.3137 -25
      vertex -11.2776 9.89019 -25
    endloop
  endfacet
  facet normal -0 0 1
    outer loop
      vertex -12.0294 10.5495 -25
      vertex -11.2776 9.89019 -25
      vertex -11.3137 11.3137 -25
    endloop
  endfacet
  facet normal 0 0 1
    outer loop
      vertex -11.2776 9.89019 -25
      vertex -12.0294 10.5495 -25
      vertex -11.9003 9.13142 -25
    endloop
  endfacet
  facet normal -0 0 1
    outer loop
      vertex -12.6937 9.74018 -25
      vertex -11.9003 9.13142 -25
      vertex -12.0294 10.5495 -25
    endloop
  endfacet
  facet normal 0 0 1
    outer loop
      vertex -11.9003 9.13142 -25
      vertex -12.6937 9.74018 -25
      vertex -12.472 8.33355 -25
    endloop
  endfacet
  facet normal -0 0 1
    outer loop
      vertex -13.3035 8.88912 -25
      vertex -12.472 8.33355 -25
      vertex -12.6937 9.74018 -25
    endloop
  endfacet
  facet normal 0 0 1
    outer loop
      vertex -12.472 8.33355 -25
      vertex -13.3035 8.88912 -25
      vertex -12.9904 7.5 -25
    endloop
  endfacet
  facet normal -0 0 1
    outer loop
      vertex -13.8564 8 -25
      vertex -12.9904 7.5 -25
      vertex -13.3035 8.88912 -25
    endloop
  endfacet
  facet normal 0 0 1
    outer loop
      vertex -12.9904 7.5 -25
      vertex -13.8564 8 -25
      vertex -13.4531 6.63433 -25
    endloop
  endfacet
  facet normal -0 0 1
    outer loop
      vertex -14.35 7.07662 -25
      vertex -13.4531 6.63433 -25
      vertex -13.8564 8 -25
    endloop
  endfacet
  facet normal 0 0 1
    outer loop
      vertex -13.4531 6.63433 -25
      vertex -14.35 7.07662 -25
      vertex -13.8582 5.74025 -25
    endloop
  endfacet
  facet normal -0 0 1
    outer loop
      vertex -14.7821 6.12293 -25
      vertex -13.8582 5.74025 -25
      vertex -14.35 7.07662 -25
    endloop
  endfacet
  facet normal 0 0 1
    outer loop
      vertex -13.8582 5.74025 -25
      vertex -14.7821 6.12293 -25
      vertex -14.204 4.82159 -25
    endloop
  endfacet
  facet normal -0 0 1
    outer loop
      vertex -15.1509 5.14303 -25
      vertex -14.204 4.82159 -25
      vertex -14.7821 6.12293 -25
    endloop
  endfacet
  facet normal 0 0 1
    outer loop
      vertex -14.204 4.82159 -25
      vertex -15.1509 5.14303 -25
      vertex -14.4889 3.88229 -25
    endloop
  endfacet
  facet normal -0 0 1
    outer loop
      vertex -15.4548 4.1411 -25
      vertex -14.4889 3.88229 -25
      vertex -15.1509 5.14303 -25
    endloop
  endfacet
  facet normal 0 0 1
    outer loop
      vertex -14.4889 3.88229 -25
      vertex -15.4548 4.1411 -25
      vertex -14.7118 2.92635 -25
    endloop
  endfacet
  facet normal 0 0 1
    outer loop
      vertex -14.7118 2.92635 -25
      vertex -15.6926 3.12144 -25
      vertex -14.8717 1.95789 -25
    endloop
  endfacet
  facet normal -0 0 1
    outer loop
      vertex -15.6926 3.12144 -25
      vertex -14.7118 2.92635 -25
      vertex -15.4548 4.1411 -25
    endloop
  endfacet
  facet normal -0 0 1
    outer loop
      vertex 14.7118 -2.92635 -25
      vertex 15.6926 -3.12144 -25
      vertex 14.8717 -1.95789 -25
    endloop
  endfacet
  facet normal 0 0 1
    outer loop
      vertex 15.6926 -3.12144 -25
      vertex 14.7118 -2.92635 -25
      vertex 15.4548 -4.1411 -25
    endloop
  endfacet
  facet normal -0 0 1
    outer loop
      vertex 14.4889 -3.88229 -25
      vertex 15.4548 -4.1411 -25
      vertex 14.7118 -2.92635 -25
    endloop
  endfacet
  facet normal 0 0 1
    outer loop
      vertex 15.4548 -4.1411 -25
      vertex 14.4889 -3.88229 -25
      vertex 15.1509 -5.14303 -25
    endloop
  endfacet
  facet normal -0 0 1
    outer loop
      vertex 14.204 -4.82159 -25
      vertex 15.1509 -5.14303 -25
      vertex 14.4889 -3.88229 -25
    endloop
  endfacet
  facet normal 0 0 1
    outer loop
      vertex 15.1509 -5.14303 -25
      vertex 14.204 -4.82159 -25
      vertex 14.7821 -6.12293 -25
    endloop
  endfacet
  facet normal -0 0 1
    outer loop
      vertex 13.8582 -5.74025 -25
      vertex 14.7821 -6.12293 -25
      vertex 14.204 -4.82159 -25
    endloop
  endfacet
  facet normal 0 0 1
    outer loop
      vertex 14.7821 -6.12293 -25
      vertex 13.8582 -5.74025 -25
      vertex 14.35 -7.07662 -25
    endloop
  endfacet
  facet normal -0 0 1
    outer loop
      vertex 13.4531 -6.63433 -25
      vertex 14.35 -7.07662 -25
      vertex 13.8582 -5.74025 -25
    endloop
  endfacet
  facet normal 0 0 1
    outer loop
      vertex 14.35 -7.07662 -25
      vertex 13.4531 -6.63433 -25
      vertex 13.8564 -8 -25
    endloop
  endfacet
  facet normal -0 0 1
    outer loop
      vertex 12.9904 -7.5 -25
      vertex 13.8564 -8 -25
      vertex 13.4531 -6.63433 -25
    endloop
  endfacet
  facet normal 0 0 1
    outer loop
      vertex 13.8564 -8 -25
      vertex 12.9904 -7.5 -25
      vertex 13.3035 -8.88912 -25
    endloop
  endfacet
  facet normal -0 0 1
    outer loop
      vertex 12.472 -8.33355 -25
      vertex 13.3035 -8.88912 -25
      vertex 12.9904 -7.5 -25
    endloop
  endfacet
  facet normal 0 0 1
    outer loop
      vertex 13.3035 -8.88912 -25
      vertex 12.472 -8.33355 -25
      vertex 12.6937 -9.74018 -25
    endloop
  endfacet
  facet normal -0 0 1
    outer loop
      vertex 11.9003 -9.13142 -25
      vertex 12.6937 -9.74018 -25
      vertex 12.472 -8.33355 -25
    endloop
  endfacet
  facet normal 0 0 1
    outer loop
      vertex 12.6937 -9.74018 -25
      vertex 11.9003 -9.13142 -25
      vertex 12.0294 -10.5495 -25
    endloop
  endfacet
  facet normal -0 0 1
    outer loop
      vertex 11.2776 -9.89019 -25
      vertex 12.0294 -10.5495 -25
      vertex 11.9003 -9.13142 -25
    endloop
  endfacet
  facet normal 0 0 1
    outer loop
      vertex 12.0294 -10.5495 -25
      vertex 11.2776 -9.89019 -25
      vertex 11.3137 -11.3137 -25
    endloop
  endfacet
  facet normal -0 0 1
    outer loop
      vertex 10.6066 -10.6066 -25
      vertex 11.3137 -11.3137 -25
      vertex 11.2776 -9.89019 -25
    endloop
  endfacet
  facet normal 0 0 1
    outer loop
      vertex 10.6066 -10.6066 -25
      vertex 10.5495 -12.0294 -25
      vertex 11.3137 -11.3137 -25
    endloop
  endfacet
  facet normal -0 0 1
    outer loop
      vertex 9.89019 -11.2776 -25
      vertex 10.5495 -12.0294 -25
      vertex 10.6066 -10.6066 -25
    endloop
  endfacet
  facet normal 0 0 1
    outer loop
      vertex 9.89019 -11.2776 -25
      vertex 9.74018 -12.6937 -25
      vertex 10.5495 -12.0294 -25
    endloop
  endfacet
  facet normal -0 0 1
    outer loop
      vertex 9.13142 -11.9003 -25
      vertex 9.74018 -12.6937 -25
      vertex 9.89019 -11.2776 -25
    endloop
  endfacet
  facet normal 0 0 1
    outer loop
      vertex 9.13142 -11.9003 -25
      vertex 8.88912 -13.3035 -25
      vertex 9.74018 -12.6937 -25
    endloop
  endfacet
  facet normal -0 0 1
    outer loop
      vertex 8.33355 -12.472 -25
      vertex 8.88912 -13.3035 -25
      vertex 9.13142 -11.9003 -25
    endloop
  endfacet
  facet normal 0 0 1
    outer loop
      vertex 8.33355 -12.472 -25
      vertex 8 -13.8564 -25
      vertex 8.88912 -13.3035 -25
    endloop
  endfacet
  facet normal -0 0 1
    outer loop
      vertex 7.5 -12.9904 -25
      vertex 8 -13.8564 -25
      vertex 8.33355 -12.472 -25
    endloop
  endfacet
  facet normal 0 0 1
    outer loop
      vertex 7.5 -12.9904 -25
      vertex 7.07662 -14.35 -25
      vertex 8 -13.8564 -25
    endloop
  endfacet
  facet normal -0 0 1
    outer loop
      vertex 6.63433 -13.4531 -25
      vertex 7.07662 -14.35 -25
      vertex 7.5 -12.9904 -25
    endloop
  endfacet
  facet normal 0 0 1
    outer loop
      vertex 6.63433 -13.4531 -25
      vertex 6.12293 -14.7821 -25
      vertex 7.07662 -14.35 -25
    endloop
  endfacet
  facet normal -0 0 1
    outer loop
      vertex 5.74025 -13.8582 -25
      vertex 6.12293 -14.7821 -25
      vertex 6.63433 -13.4531 -25
    endloop
  endfacet
  facet normal 0 0 1
    outer loop
      vertex 5 -15 -25
      vertex 6.12293 -14.7821 -25
      vertex 5.74025 -13.8582 -25
    endloop
  endfacet
  facet normal 0 0 1
    outer loop
      vertex 6.12293 -14.7821 -25
      vertex 5 -15 -25
      vertex 5.14303 -15.1509 -25
    endloop
  endfacet
  facet normal -0 0 1
    outer loop
      vertex 4.82159 -14.204 -25
      vertex 5 -15 -25
      vertex 5.74025 -13.8582 -25
    endloop
  endfacet
  facet normal -0 0 1
    outer loop
      vertex 3.88229 -14.4889 -25
      vertex 5 -15 -25
      vertex 4.82159 -14.204 -25
    endloop
  endfacet
  facet normal -0 0 1
    outer loop
      vertex 2.92635 -14.7118 -25
      vertex 5 -15 -25
      vertex 3.88229 -14.4889 -25
    endloop
  endfacet
  facet normal -0 0 1
    outer loop
      vertex 1.95789 -14.8717 -25
      vertex 5 -15 -25
      vertex 2.92635 -14.7118 -25
    endloop
  endfacet
  facet normal -0 0 1
    outer loop
      vertex 0.981047 -14.9679 -25
      vertex 5 -15 -25
      vertex 1.95789 -14.8717 -25
    endloop
  endfacet
  facet normal 0 0 1
    outer loop
      vertex 5 -15 -25
      vertex 0.981047 -14.9679 -25
      vertex 0 -15 -25
    endloop
  endfacet
  facet normal 0 0 1
    outer loop
      vertex 5.14303 -15.1509 -25
      vertex 5 -15 -25
      vertex 5 -15.1943 -25
    endloop
  endfacet
  facet normal 0 0 1
    outer loop
      vertex -0.981047 -14.9679 -25
      vertex -5 -15 -25
      vertex 0 -15 -25
    endloop
  endfacet
  facet normal 0 0 1
    outer loop
      vertex -1.95789 -14.8717 -25
      vertex -5 -15 -25
      vertex -0.981047 -14.9679 -25
    endloop
  endfacet
  facet normal 0 0 1
    outer loop
      vertex -2.92635 -14.7118 -25
      vertex -5 -15 -25
      vertex -1.95789 -14.8717 -25
    endloop
  endfacet
  facet normal 0 0 1
    outer loop
      vertex -3.88229 -14.4889 -25
      vertex -5 -15 -25
      vertex -2.92635 -14.7118 -25
    endloop
  endfacet
  facet normal 0 0 1
    outer loop
      vertex -4.82159 -14.204 -25
      vertex -5 -15 -25
      vertex -3.88229 -14.4889 -25
    endloop
  endfacet
  facet normal 0 0 1
    outer loop
      vertex -5 -15 -25
      vertex -5.14303 -15.1509 -25
      vertex -5 -15.1943 -25
    endloop
  endfacet
  facet normal 0 0 1
    outer loop
      vertex -5.74025 -13.8582 -25
      vertex -5 -15 -25
      vertex -4.82159 -14.204 -25
    endloop
  endfacet
  facet normal -0 0 1
    outer loop
      vertex -6.12293 -14.7821 -25
      vertex -5 -15 -25
      vertex -5.74025 -13.8582 -25
    endloop
  endfacet
  facet normal 0 0 1
    outer loop
      vertex -5 -15 -25
      vertex -6.12293 -14.7821 -25
      vertex -5.14303 -15.1509 -25
    endloop
  endfacet
  facet normal 0 0 1
    outer loop
      vertex -6.63433 -13.4531 -25
      vertex -6.12293 -14.7821 -25
      vertex -5.74025 -13.8582 -25
    endloop
  endfacet
  facet normal 0 0 1
    outer loop
      vertex -6.63433 -13.4531 -25
      vertex -7.07662 -14.35 -25
      vertex -6.12293 -14.7821 -25
    endloop
  endfacet
  facet normal 0 0 1
    outer loop
      vertex -7.5 -12.9904 -25
      vertex -7.07662 -14.35 -25
      vertex -6.63433 -13.4531 -25
    endloop
  endfacet
  facet normal 0 0 1
    outer loop
      vertex -7.5 -12.9904 -25
      vertex -8 -13.8564 -25
      vertex -7.07662 -14.35 -25
    endloop
  endfacet
  facet normal 0 0 1
    outer loop
      vertex -8.33355 -12.472 -25
      vertex -8 -13.8564 -25
      vertex -7.5 -12.9904 -25
    endloop
  endfacet
  facet normal 0 0 1
    outer loop
      vertex -8.33355 -12.472 -25
      vertex -8.88912 -13.3035 -25
      vertex -8 -13.8564 -25
    endloop
  endfacet
  facet normal 0 0 1
    outer loop
      vertex -9.13142 -11.9003 -25
      vertex -8.88912 -13.3035 -25
      vertex -8.33355 -12.472 -25
    endloop
  endfacet
  facet normal 0 0 1
    outer loop
      vertex -9.13142 -11.9003 -25
      vertex -9.74018 -12.6937 -25
      vertex -8.88912 -13.3035 -25
    endloop
  endfacet
  facet normal 0 0 1
    outer loop
      vertex -9.89019 -11.2776 -25
      vertex -9.74018 -12.6937 -25
      vertex -9.13142 -11.9003 -25
    endloop
  endfacet
  facet normal 0 0 1
    outer loop
      vertex -9.89019 -11.2776 -25
      vertex -10.5495 -12.0294 -25
      vertex -9.74018 -12.6937 -25
    endloop
  endfacet
  facet normal 0 0 1
    outer loop
      vertex -10.6066 -10.6066 -25
      vertex -10.5495 -12.0294 -25
      vertex -9.89019 -11.2776 -25
    endloop
  endfacet
  facet normal 0 0 1
    outer loop
      vertex -11.3137 -11.3137 -25
      vertex -10.6066 -10.6066 -25
      vertex -11.2776 -9.89019 -25
    endloop
  endfacet
  facet normal 0 0 1
    outer loop
      vertex -10.6066 -10.6066 -25
      vertex -11.3137 -11.3137 -25
      vertex -10.5495 -12.0294 -25
    endloop
  endfacet
  facet normal 0 0 1
    outer loop
      vertex -12.0294 -10.5495 -25
      vertex -11.2776 -9.89019 -25
      vertex -11.9003 -9.13142 -25
    endloop
  endfacet
  facet normal 0 0 1
    outer loop
      vertex -11.2776 -9.89019 -25
      vertex -12.0294 -10.5495 -25
      vertex -11.3137 -11.3137 -25
    endloop
  endfacet
  facet normal 0 0 1
    outer loop
      vertex -12.6937 -9.74018 -25
      vertex -11.9003 -9.13142 -25
      vertex -12.472 -8.33355 -25
    endloop
  endfacet
  facet normal 0 0 1
    outer loop
      vertex -11.9003 -9.13142 -25
      vertex -12.6937 -9.74018 -25
      vertex -12.0294 -10.5495 -25
    endloop
  endfacet
  facet normal 0 0 1
    outer loop
      vertex -13.3035 -8.88912 -25
      vertex -12.472 -8.33355 -25
      vertex -12.9904 -7.5 -25
    endloop
  endfacet
  facet normal 0 0 1
    outer loop
      vertex -12.472 -8.33355 -25
      vertex -13.3035 -8.88912 -25
      vertex -12.6937 -9.74018 -25
    endloop
  endfacet
  facet normal 0 0 1
    outer loop
      vertex -13.8564 -8 -25
      vertex -12.9904 -7.5 -25
      vertex -13.4531 -6.63433 -25
    endloop
  endfacet
  facet normal 0 0 1
    outer loop
      vertex -12.9904 -7.5 -25
      vertex -13.8564 -8 -25
      vertex -13.3035 -8.88912 -25
    endloop
  endfacet
  facet normal 0 0 1
    outer loop
      vertex -14.35 -7.07662 -25
      vertex -13.4531 -6.63433 -25
      vertex -13.8582 -5.74025 -25
    endloop
  endfacet
  facet normal 0 0 1
    outer loop
      vertex -14.7821 -6.12293 -25
      vertex -13.8582 -5.74025 -25
      vertex -14.204 -4.82159 -25
    endloop
  endfacet
  facet normal 0 0 1
    outer loop
      vertex -13.4531 -6.63433 -25
      vertex -14.35 -7.07662 -25
      vertex -13.8564 -8 -25
    endloop
  endfacet
  facet normal 0 0 1
    outer loop
      vertex -15.1509 -5.14303 -25
      vertex -14.204 -4.82159 -25
      vertex -14.4889 -3.88229 -25
    endloop
  endfacet
  facet normal 0 0 1
    outer loop
      vertex -15.4548 -4.1411 -25
      vertex -14.4889 -3.88229 -25
      vertex -14.7118 -2.92635 -25
    endloop
  endfacet
  facet normal 0 0 1
    outer loop
      vertex -13.8582 -5.74025 -25
      vertex -14.7821 -6.12293 -25
      vertex -14.35 -7.07662 -25
    endloop
  endfacet
  facet normal 0 0 1
    outer loop
      vertex -15.6926 -3.12144 -25
      vertex -14.7118 -2.92635 -25
      vertex -14.8717 -1.95789 -25
    endloop
  endfacet
  facet normal 0 0 1
    outer loop
      vertex -15.8631 -2.08842 -25
      vertex -14.8717 -1.95789 -25
      vertex -14.9679 -0.981047 -25
    endloop
  endfacet
  facet normal 0 0 1
    outer loop
      vertex -14.204 -4.82159 -25
      vertex -15.1509 -5.14303 -25
      vertex -14.7821 -6.12293 -25
    endloop
  endfacet
  facet normal 0 0 1
    outer loop
      vertex -15.9657 -1.04645 -25
      vertex -14.9679 -0.981047 -25
      vertex -15 0 -25
    endloop
  endfacet
  facet normal -0 0 1
    outer loop
      vertex -15.8631 2.08842 -25
      vertex -14.8717 1.95789 -25
      vertex -15.6926 3.12144 -25
    endloop
  endfacet
  facet normal 0 0 1
    outer loop
      vertex -14.8717 1.95789 -25
      vertex -15.8631 2.08842 -25
      vertex -14.9679 0.981047 -25
    endloop
  endfacet
  facet normal 0 0 1
    outer loop
      vertex -14.4889 -3.88229 -25
      vertex -15.4548 -4.1411 -25
      vertex -15.1509 -5.14303 -25
    endloop
  endfacet
  facet normal -0 0 1
    outer loop
      vertex -15.9657 1.04645 -25
      vertex -14.9679 0.981047 -25
      vertex -15.8631 2.08842 -25
    endloop
  endfacet
  facet normal 0 0 1
    outer loop
      vertex -14.7118 -2.92635 -25
      vertex -15.6926 -3.12144 -25
      vertex -15.4548 -4.1411 -25
    endloop
  endfacet
  facet normal 0 0 1
    outer loop
      vertex -14.9679 0.981047 -25
      vertex -15.9657 1.04645 -25
      vertex -15 0 -25
    endloop
  endfacet
  facet normal 0 0 1
    outer loop
      vertex -14.8717 -1.95789 -25
      vertex -15.8631 -2.08842 -25
      vertex -15.6926 -3.12144 -25
    endloop
  endfacet
  facet normal 0 0 1
    outer loop
      vertex -16 0 -25
      vertex -15 0 -25
      vertex -15.9657 1.04645 -25
    endloop
  endfacet
  facet normal 0 0 1
    outer loop
      vertex -14.9679 -0.981047 -25
      vertex -15.9657 -1.04645 -25
      vertex -15.8631 -2.08842 -25
    endloop
  endfacet
  facet normal 0 0 1
    outer loop
      vertex -15 0 -25
      vertex -16 0 -25
      vertex -15.9657 -1.04645 -25
    endloop
  endfacet
  facet normal 0.683597 0.72986 -0
    outer loop
      vertex 10.6066 10.6066 5
      vertex 9.89019 11.2776 25
      vertex 10.6066 10.6066 25
    endloop
  endfacet
  facet normal 0.683597 0.72986 0
    outer loop
      vertex 9.89019 11.2776 25
      vertex 10.6066 10.6066 5
      vertex 9.89019 11.2776 5
    endloop
  endfacet
  facet normal 0.683597 0.72986 -0
    outer loop
      vertex 10.6066 10.6066 -25
      vertex 9.89019 11.2776 -13.1
      vertex 10.6066 10.6066 -13.1
    endloop
  endfacet
  facet normal 0.683597 0.72986 0
    outer loop
      vertex 9.89019 11.2776 -13.1
      vertex 10.6066 10.6066 -25
      vertex 9.89019 11.2776 -25
    endloop
  endfacet
  facet normal 0.683597 0.72986 -0
    outer loop
      vertex 10.6066 10.6066 -11.9
      vertex 9.89019 11.2776 -5
      vertex 10.6066 10.6066 -5
    endloop
  endfacet
  facet normal 0.683597 0.72986 0
    outer loop
      vertex 9.89019 11.2776 -5
      vertex 10.6066 10.6066 -11.9
      vertex 9.89019 11.2776 -11.9
    endloop
  endfacet
  facet normal -0.528116 -0.849172 0
    outer loop
      vertex -8.33355 -12.472 -11.9
      vertex -7.5 -12.9904 25
      vertex -8.33355 -12.472 25
    endloop
  endfacet
  facet normal -0.528116 -0.849172 -0
    outer loop
      vertex -7.5 -12.9904 25
      vertex -8.33355 -12.472 -11.9
      vertex -7.5 -12.9904 -11.9
    endloop
  endfacet
  facet normal -0.528116 -0.849172 0
    outer loop
      vertex -8.33355 -12.472 -25
      vertex -7.5 -12.9904 -13.1
      vertex -8.33355 -12.472 -13.1
    endloop
  endfacet
  facet normal -0.528116 -0.849172 -0
    outer loop
      vertex -7.5 -12.9904 -13.1
      vertex -8.33355 -12.472 -25
      vertex -7.5 -12.9904 -25
    endloop
  endfacet
  facet normal -0.986642 -0.162902 0
    outer loop
      vertex -14.7118 -2.92635 -25
      vertex -14.8717 -1.95789 -13.1
      vertex -14.8717 -1.95789 -25
    endloop
  endfacet
  facet normal -0.986642 -0.162902 0
    outer loop
      vertex -14.8717 -1.95789 -13.1
      vertex -14.7118 -2.92635 -25
      vertex -14.7118 -2.92635 -13.1
    endloop
  endfacet
  facet normal -0.986642 -0.162902 0
    outer loop
      vertex -14.7118 -2.92635 -11.9
      vertex -14.8717 -1.95789 25
      vertex -14.8717 -1.95789 -11.9
    endloop
  endfacet
  facet normal -0.986642 -0.162902 0
    outer loop
      vertex -14.8717 -1.95789 25
      vertex -14.7118 -2.92635 -11.9
      vertex -14.7118 -2.92635 25
    endloop
  endfacet
  facet normal -0.812869 -0.582447 0
    outer loop
      vertex -11.9003 -9.13142 -25
      vertex -12.472 -8.33355 -13.1
      vertex -12.472 -8.33355 -25
    endloop
  endfacet
  facet normal -0.812869 -0.582447 0
    outer loop
      vertex -12.472 -8.33355 -13.1
      vertex -11.9003 -9.13142 -25
      vertex -11.9003 -9.13142 -13.1
    endloop
  endfacet
  facet normal -0.812869 -0.582447 0
    outer loop
      vertex -11.9003 -9.13142 -11.9
      vertex -12.472 -8.33355 25
      vertex -12.472 -8.33355 -11.9
    endloop
  endfacet
  facet normal -0.812869 -0.582447 0
    outer loop
      vertex -12.472 -8.33355 25
      vertex -11.9003 -9.13142 -11.9
      vertex -11.9003 -9.13142 25
    endloop
  endfacet
  facet normal 0.412705 0.910865 -0
    outer loop
      vertex 6.63433 13.4531 -11.9
      vertex 5.74025 13.8582 25
      vertex 6.63433 13.4531 25
    endloop
  endfacet
  facet normal 0.412705 0.910865 0
    outer loop
      vertex 5.74025 13.8582 25
      vertex 6.63433 13.4531 -11.9
      vertex 5.74025 13.8582 -11.9
    endloop
  endfacet
  facet normal 0.412705 0.910865 -0
    outer loop
      vertex 6.63433 13.4531 -25
      vertex 5.74025 13.8582 -13.1
      vertex 6.63433 13.4531 -13.1
    endloop
  endfacet
  facet normal 0.412705 0.910865 0
    outer loop
      vertex 5.74025 13.8582 -13.1
      vertex 6.63433 13.4531 -25
      vertex 5.74025 13.8582 -25
    endloop
  endfacet
  facet normal -0.935892 -0.352287 0
    outer loop
      vertex -13.8582 -5.74025 -11.9
      vertex -14.204 -4.82159 25
      vertex -14.204 -4.82159 -11.9
    endloop
  endfacet
  facet normal -0.935892 -0.352287 0
    outer loop
      vertex -14.204 -4.82159 25
      vertex -13.8582 -5.74025 -11.9
      vertex -13.8582 -5.74025 25
    endloop
  endfacet
  facet normal -0.935892 -0.352287 0
    outer loop
      vertex -13.8582 -5.74025 -25
      vertex -14.204 -4.82159 -13.1
      vertex -14.204 -4.82159 -25
    endloop
  endfacet
  facet normal -0.935892 -0.352287 0
    outer loop
      vertex -14.204 -4.82159 -13.1
      vertex -13.8582 -5.74025 -25
      vertex -13.8582 -5.74025 -13.1
    endloop
  endfacet
  facet normal -0.0979936 0.995187 0
    outer loop
      vertex -0.981047 14.9679 -5
      vertex -0.981047 14.9679 -11.9
      vertex -1.5 14.9168 -5
    endloop
  endfacet
  facet normal -0.0979936 0.995187 0
    outer loop
      vertex -1.5 14.9168 5
      vertex -0.981047 14.9679 25
      vertex -0.981047 14.9679 5
    endloop
  endfacet
  facet normal -0.0980064 0.995186 3.36263e-07
    outer loop
      vertex -0.981047 14.9679 25
      vertex -1.5 14.9168 5
      vertex -1.95789 14.8717 25
    endloop
  endfacet
  facet normal -0.098021 0.995184 0
    outer loop
      vertex -1.95789 14.8717 -11.9
      vertex -1.5 14.9168 5
      vertex -1.5 14.9168 -5
    endloop
  endfacet
  facet normal -0.098021 0.995184 0
    outer loop
      vertex -1.5 14.9168 5
      vertex -1.95789 14.8717 -11.9
      vertex -1.95789 14.8717 25
    endloop
  endfacet
  facet normal -0.0980064 0.995186 -9.74675e-07
    outer loop
      vertex -1.95789 14.8717 -11.9
      vertex -1.5 14.9168 -5
      vertex -0.981047 14.9679 -11.9
    endloop
  endfacet
  facet normal -0.0980064 0.995186 0
    outer loop
      vertex -0.981047 14.9679 -25
      vertex -1.95789 14.8717 -13.1
      vertex -0.981047 14.9679 -13.1
    endloop
  endfacet
  facet normal -0.0980064 0.995186 0
    outer loop
      vertex -1.95789 14.8717 -13.1
      vertex -0.981047 14.9679 -25
      vertex -1.95789 14.8717 -25
    endloop
  endfacet
  facet normal 0.95695 0.290253 0
    outer loop
      vertex 14.4889 3.88229 25
      vertex 14.204 4.82159 -11.9
      vertex 14.204 4.82159 25
    endloop
  endfacet
  facet normal 0.95695 0.290253 0
    outer loop
      vertex 14.204 4.82159 -11.9
      vertex 14.4889 3.88229 25
      vertex 14.4889 3.88229 -11.9
    endloop
  endfacet
  facet normal 0.95695 0.290253 0
    outer loop
      vertex 14.4889 3.88229 -13.1
      vertex 14.204 4.82159 -25
      vertex 14.204 4.82159 -13.1
    endloop
  endfacet
  facet normal 0.95695 0.290253 0
    outer loop
      vertex 14.204 4.82159 -25
      vertex 14.4889 3.88229 -13.1
      vertex 14.4889 3.88229 -25
    endloop
  endfacet
  facet normal 0.935892 0.352287 0
    outer loop
      vertex 14.204 4.82159 25
      vertex 13.8582 5.74025 -11.9
      vertex 13.8582 5.74025 25
    endloop
  endfacet
  facet normal 0.935892 0.352287 0
    outer loop
      vertex 13.8582 5.74025 -11.9
      vertex 14.204 4.82159 25
      vertex 14.204 4.82159 -11.9
    endloop
  endfacet
  facet normal 0.935892 0.352287 0
    outer loop
      vertex 14.204 4.82159 -13.1
      vertex 13.8582 5.74025 -25
      vertex 13.8582 5.74025 -13.1
    endloop
  endfacet
  facet normal 0.935892 0.352287 0
    outer loop
      vertex 13.8582 5.74025 -25
      vertex 14.204 4.82159 -13.1
      vertex 14.204 4.82159 -25
    endloop
  endfacet
  facet normal -0.290253 0.95695 0
    outer loop
      vertex -3.88229 14.4889 -11.9
      vertex -4.82159 14.204 25
      vertex -3.88229 14.4889 25
    endloop
  endfacet
  facet normal -0.290253 0.95695 0
    outer loop
      vertex -4.82159 14.204 25
      vertex -3.88229 14.4889 -11.9
      vertex -4.82159 14.204 -11.9
    endloop
  endfacet
  facet normal -0.290253 0.95695 0
    outer loop
      vertex -3.88229 14.4889 -25
      vertex -4.82159 14.204 -13.1
      vertex -3.88229 14.4889 -13.1
    endloop
  endfacet
  facet normal -0.290253 0.95695 0
    outer loop
      vertex -4.82159 14.204 -13.1
      vertex -3.88229 14.4889 -25
      vertex -4.82159 14.204 -25
    endloop
  endfacet
  facet normal -0.995186 0.0980064 0
    outer loop
      vertex -14.9679 0.981047 -25
      vertex -14.8717 1.95789 -13.1
      vertex -14.8717 1.95789 -25
    endloop
  endfacet
  facet normal -0.995186 0.0980064 0
    outer loop
      vertex -14.8717 1.95789 -13.1
      vertex -14.9679 0.981047 -25
      vertex -14.9679 0.981047 -13.1
    endloop
  endfacet
  facet normal -0.995184 0.098021 0
    outer loop
      vertex -14.9168 1.5 5
      vertex -14.8717 1.95789 -11.9
      vertex -14.9168 1.5 -5
    endloop
  endfacet
  facet normal -0.995186 0.0980064 -9.74675e-07
    outer loop
      vertex -14.9679 0.981047 -11.9
      vertex -14.9168 1.5 -5
      vertex -14.8717 1.95789 -11.9
    endloop
  endfacet
  facet normal -0.995187 0.0979936 0
    outer loop
      vertex -14.9168 1.5 -5
      vertex -14.9679 0.981047 -11.9
      vertex -14.9679 0.981047 -5
    endloop
  endfacet
  facet normal -0.995184 0.098021 0
    outer loop
      vertex -14.8717 1.95789 -11.9
      vertex -14.9168 1.5 5
      vertex -14.8717 1.95789 25
    endloop
  endfacet
  facet normal -0.995187 0.0979936 0
    outer loop
      vertex -14.9679 0.981047 25
      vertex -14.9168 1.5 5
      vertex -14.9679 0.981047 5
    endloop
  endfacet
  facet normal -0.995186 0.0980064 3.36263e-07
    outer loop
      vertex -14.9168 1.5 5
      vertex -14.9679 0.981047 25
      vertex -14.8717 1.95789 25
    endloop
  endfacet
  facet normal -0.227082 0.973876 0
    outer loop
      vertex -2.92635 14.7118 -25
      vertex -3.88229 14.4889 -13.1
      vertex -2.92635 14.7118 -13.1
    endloop
  endfacet
  facet normal -0.227082 0.973876 0
    outer loop
      vertex -3.88229 14.4889 -13.1
      vertex -2.92635 14.7118 -25
      vertex -3.88229 14.4889 -25
    endloop
  endfacet
  facet normal -0.227082 0.973876 0
    outer loop
      vertex -2.92635 14.7118 -11.9
      vertex -3.88229 14.4889 25
      vertex -2.92635 14.7118 25
    endloop
  endfacet
  facet normal -0.227082 0.973876 0
    outer loop
      vertex -3.88229 14.4889 25
      vertex -2.92635 14.7118 -11.9
      vertex -3.88229 14.4889 -11.9
    endloop
  endfacet
  facet normal 0.290253 -0.95695 0
    outer loop
      vertex 3.88229 -14.4889 -11.9
      vertex 4.82159 -14.204 25
      vertex 3.88229 -14.4889 25
    endloop
  endfacet
  facet normal 0.290253 -0.95695 0
    outer loop
      vertex 4.82159 -14.204 25
      vertex 3.88229 -14.4889 -11.9
      vertex 4.82159 -14.204 -11.9
    endloop
  endfacet
  facet normal 0.290253 -0.95695 0
    outer loop
      vertex 3.88229 -14.4889 -25
      vertex 4.82159 -14.204 -13.1
      vertex 3.88229 -14.4889 -13.1
    endloop
  endfacet
  facet normal 0.290253 -0.95695 0
    outer loop
      vertex 4.82159 -14.204 -13.1
      vertex 3.88229 -14.4889 -25
      vertex 4.82159 -14.204 -25
    endloop
  endfacet
  facet normal 0.910865 -0.412705 0
    outer loop
      vertex 13.4531 -6.63433 25
      vertex 13.8582 -5.74025 -11.9
      vertex 13.8582 -5.74025 25
    endloop
  endfacet
  facet normal 0.910865 -0.412705 0
    outer loop
      vertex 13.8582 -5.74025 -11.9
      vertex 13.4531 -6.63433 25
      vertex 13.4531 -6.63433 -11.9
    endloop
  endfacet
  facet normal 0.910865 -0.412705 0
    outer loop
      vertex 13.4531 -6.63433 -13.1
      vertex 13.8582 -5.74025 -25
      vertex 13.8582 -5.74025 -13.1
    endloop
  endfacet
  facet normal 0.910865 -0.412705 0
    outer loop
      vertex 13.8582 -5.74025 -25
      vertex 13.4531 -6.63433 -13.1
      vertex 13.4531 -6.63433 -25
    endloop
  endfacet
  facet normal 0.849172 0.528116 0
    outer loop
      vertex 12.9904 7.5 25
      vertex 12.472 8.33355 -11.9
      vertex 12.472 8.33355 25
    endloop
  endfacet
  facet normal 0.849172 0.528116 0
    outer loop
      vertex 12.472 8.33355 -11.9
      vertex 12.9904 7.5 25
      vertex 12.9904 7.5 -11.9
    endloop
  endfacet
  facet normal 0.849172 0.528116 0
    outer loop
      vertex 12.9904 7.5 -13.1
      vertex 12.472 8.33355 -25
      vertex 12.472 8.33355 -13.1
    endloop
  endfacet
  facet normal 0.849172 0.528116 0
    outer loop
      vertex 12.472 8.33355 -25
      vertex 12.9904 7.5 -13.1
      vertex 12.9904 7.5 -25
    endloop
  endfacet
  facet normal 0.352287 0.935892 -0
    outer loop
      vertex 5.74025 13.8582 -11.9
      vertex 4.82159 14.204 25
      vertex 5.74025 13.8582 25
    endloop
  endfacet
  facet normal 0.352287 0.935892 0
    outer loop
      vertex 4.82159 14.204 25
      vertex 5.74025 13.8582 -11.9
      vertex 4.82159 14.204 -11.9
    endloop
  endfacet
  facet normal 0.352287 0.935892 -0
    outer loop
      vertex 5.74025 13.8582 -25
      vertex 4.82159 14.204 -13.1
      vertex 5.74025 13.8582 -13.1
    endloop
  endfacet
  facet normal 0.352287 0.935892 0
    outer loop
      vertex 4.82159 14.204 -13.1
      vertex 5.74025 13.8582 -25
      vertex 4.82159 14.204 -25
    endloop
  endfacet
  facet normal -0.0327026 -0.999465 0
    outer loop
      vertex -0.981047 -14.9679 5
      vertex 0 -15 25
      vertex -0.981047 -14.9679 25
    endloop
  endfacet
  facet normal -0.0327026 -0.999465 -0
    outer loop
      vertex 0 -15 25
      vertex -0.981047 -14.9679 5
      vertex 0 -15 5
    endloop
  endfacet
  facet normal -0.0327026 -0.999465 0
    outer loop
      vertex -0.981047 -14.9679 -13.1
      vertex 0 -15 -22.01
      vertex 0 -15 -13.1
    endloop
  endfacet
  facet normal -0.0327026 -0.999465 0
    outer loop
      vertex -0.981047 -14.9679 -25
      vertex 0 -15 -22.01
      vertex -0.981047 -14.9679 -13.1
    endloop
  endfacet
  facet normal -0.0327026 -0.999465 -0
    outer loop
      vertex 0 -15 -22.01
      vertex -0.981047 -14.9679 -25
      vertex 0 -15 -25
    endloop
  endfacet
  facet normal -0.0327026 -0.999465 0
    outer loop
      vertex -0.981047 -14.9679 -11.9
      vertex 0 -15 -5
      vertex -0.981047 -14.9679 -5
    endloop
  endfacet
  facet normal -0.0327026 -0.999465 -0
    outer loop
      vertex 0 -15 -5
      vertex -0.981047 -14.9679 -11.9
      vertex 0 -15 -11.9
    endloop
  endfacet
  facet normal -0.582447 -0.812869 0
    outer loop
      vertex -9.13142 -11.9003 -25
      vertex -8.33355 -12.472 -13.1
      vertex -9.13142 -11.9003 -13.1
    endloop
  endfacet
  facet normal -0.582447 -0.812869 -0
    outer loop
      vertex -8.33355 -12.472 -13.1
      vertex -9.13142 -11.9003 -25
      vertex -8.33355 -12.472 -25
    endloop
  endfacet
  facet normal -0.582447 -0.812869 0
    outer loop
      vertex -9.13142 -11.9003 -11.9
      vertex -8.33355 -12.472 25
      vertex -9.13142 -11.9003 25
    endloop
  endfacet
  facet normal -0.582447 -0.812869 -0
    outer loop
      vertex -8.33355 -12.472 25
      vertex -9.13142 -11.9003 -11.9
      vertex -8.33355 -12.472 -11.9
    endloop
  endfacet
  facet normal -0.352287 -0.935892 0
    outer loop
      vertex -5.74025 -13.8582 -25
      vertex -4.82159 -14.204 -13.1
      vertex -5.74025 -13.8582 -13.1
    endloop
  endfacet
  facet normal -0.352287 -0.935892 -0
    outer loop
      vertex -4.82159 -14.204 -13.1
      vertex -5.74025 -13.8582 -25
      vertex -4.82159 -14.204 -25
    endloop
  endfacet
  facet normal -0.352287 -0.935892 0
    outer loop
      vertex -5.74025 -13.8582 -11.9
      vertex -4.82159 -14.204 25
      vertex -5.74025 -13.8582 25
    endloop
  endfacet
  facet normal -0.352287 -0.935892 -0
    outer loop
      vertex -4.82159 -14.204 25
      vertex -5.74025 -13.8582 -11.9
      vertex -4.82159 -14.204 -11.9
    endloop
  endfacet
  facet normal -0.973876 -0.227082 0
    outer loop
      vertex -14.4889 -3.88229 -25
      vertex -14.7118 -2.92635 -13.1
      vertex -14.7118 -2.92635 -25
    endloop
  endfacet
  facet normal -0.973876 -0.227082 0
    outer loop
      vertex -14.7118 -2.92635 -13.1
      vertex -14.4889 -3.88229 -25
      vertex -14.4889 -3.88229 -13.1
    endloop
  endfacet
  facet normal -0.973876 -0.227082 0
    outer loop
      vertex -14.4889 -3.88229 -11.9
      vertex -14.7118 -2.92635 25
      vertex -14.7118 -2.92635 -11.9
    endloop
  endfacet
  facet normal -0.973876 -0.227082 0
    outer loop
      vertex -14.7118 -2.92635 25
      vertex -14.4889 -3.88229 -11.9
      vertex -14.4889 -3.88229 25
    endloop
  endfacet
  facet normal -0.352287 0.935892 0
    outer loop
      vertex -4.82159 14.204 -11.9
      vertex -5.74025 13.8582 25
      vertex -4.82159 14.204 25
    endloop
  endfacet
  facet normal -0.352287 0.935892 0
    outer loop
      vertex -5.74025 13.8582 25
      vertex -4.82159 14.204 -11.9
      vertex -5.74025 13.8582 -11.9
    endloop
  endfacet
  facet normal -0.352287 0.935892 0
    outer loop
      vertex -4.82159 14.204 -25
      vertex -5.74025 13.8582 -13.1
      vertex -4.82159 14.204 -13.1
    endloop
  endfacet
  facet normal -0.352287 0.935892 0
    outer loop
      vertex -5.74025 13.8582 -13.1
      vertex -4.82159 14.204 -25
      vertex -5.74025 13.8582 -25
    endloop
  endfacet
  facet normal 0.227082 -0.973876 0
    outer loop
      vertex 2.92635 -14.7118 -25
      vertex 3.88229 -14.4889 -13.1
      vertex 2.92635 -14.7118 -13.1
    endloop
  endfacet
  facet normal 0.227082 -0.973876 0
    outer loop
      vertex 3.88229 -14.4889 -13.1
      vertex 2.92635 -14.7118 -25
      vertex 3.88229 -14.4889 -25
    endloop
  endfacet
  facet normal 0.227082 -0.973876 0
    outer loop
      vertex 2.92635 -14.7118 -11.9
      vertex 3.88229 -14.4889 25
      vertex 2.92635 -14.7118 25
    endloop
  endfacet
  facet normal 0.227082 -0.973876 0
    outer loop
      vertex 3.88229 -14.4889 25
      vertex 2.92635 -14.7118 -11.9
      vertex 3.88229 -14.4889 -11.9
    endloop
  endfacet
  facet normal 0.773014 -0.634389 0
    outer loop
      vertex 11.2776 -9.89019 -13.1
      vertex 11.9003 -9.13142 -25
      vertex 11.9003 -9.13142 -13.1
    endloop
  endfacet
  facet normal 0.773014 -0.634389 0
    outer loop
      vertex 11.9003 -9.13142 -25
      vertex 11.2776 -9.89019 -13.1
      vertex 11.2776 -9.89019 -25
    endloop
  endfacet
  facet normal 0.773001 -0.634405 0
    outer loop
      vertex 11.9003 -9.13142 25
      vertex 11.6084 -9.48709 5
      vertex 11.9003 -9.13142 -11.9
    endloop
  endfacet
  facet normal 0.773014 -0.634389 -4.71386e-07
    outer loop
      vertex 11.2776 -9.89019 25
      vertex 11.6084 -9.48709 5
      vertex 11.9003 -9.13142 25
    endloop
  endfacet
  facet normal 0.773025 -0.634375 0
    outer loop
      vertex 11.6084 -9.48709 5
      vertex 11.2776 -9.89019 25
      vertex 11.2776 -9.89019 5
    endloop
  endfacet
  facet normal 0.773001 -0.634405 0
    outer loop
      vertex 11.6084 -9.48709 -5
      vertex 11.9003 -9.13142 -11.9
      vertex 11.6084 -9.48709 5
    endloop
  endfacet
  facet normal 0.773025 -0.634375 0
    outer loop
      vertex 11.2776 -9.89019 -11.9
      vertex 11.6084 -9.48709 -5
      vertex 11.2776 -9.89019 -5
    endloop
  endfacet
  facet normal 0.773014 -0.634389 1.36634e-06
    outer loop
      vertex 11.6084 -9.48709 -5
      vertex 11.2776 -9.89019 -11.9
      vertex 11.9003 -9.13142 -11.9
    endloop
  endfacet
  facet normal -0.773014 0.634389 0
    outer loop
      vertex -11.9003 9.13142 -25
      vertex -11.2776 9.89019 -13.1
      vertex -11.2776 9.89019 -25
    endloop
  endfacet
  facet normal -0.773014 0.634389 0
    outer loop
      vertex -11.2776 9.89019 -13.1
      vertex -11.9003 9.13142 -25
      vertex -11.9003 9.13142 -13.1
    endloop
  endfacet
  facet normal -0.773025 0.634375 0
    outer loop
      vertex -11.2776 9.89019 -11.9
      vertex -11.6084 9.48709 -5
      vertex -11.2776 9.89019 -5
    endloop
  endfacet
  facet normal -0.773001 0.634405 0
    outer loop
      vertex -11.6084 9.48709 -5
      vertex -11.9003 9.13142 -11.9
      vertex -11.6084 9.48709 5
    endloop
  endfacet
  facet normal -0.773014 0.634389 1.36634e-06
    outer loop
      vertex -11.9003 9.13142 -11.9
      vertex -11.6084 9.48709 -5
      vertex -11.2776 9.89019 -11.9
    endloop
  endfacet
  facet normal -0.773025 0.634375 0
    outer loop
      vertex -11.6084 9.48709 5
      vertex -11.2776 9.89019 25
      vertex -11.2776 9.89019 5
    endloop
  endfacet
  facet normal -0.773001 0.634405 0
    outer loop
      vertex -11.9003 9.13142 25
      vertex -11.6084 9.48709 5
      vertex -11.9003 9.13142 -11.9
    endloop
  endfacet
  facet normal -0.773014 0.634389 -4.71386e-07
    outer loop
      vertex -11.6084 9.48709 5
      vertex -11.9003 9.13142 25
      vertex -11.2776 9.89019 25
    endloop
  endfacet
  facet normal 0.0979936 -0.995187 0
    outer loop
      vertex 0.981047 -14.9679 -5
      vertex 0.981047 -14.9679 -11.9
      vertex 1.5 -14.9168 -5
    endloop
  endfacet
  facet normal 0.0979936 -0.995187 0
    outer loop
      vertex 1.5 -14.9168 5
      vertex 0.981047 -14.9679 25
      vertex 0.981047 -14.9679 5
    endloop
  endfacet
  facet normal 0.0980064 -0.995186 3.36263e-07
    outer loop
      vertex 0.981047 -14.9679 25
      vertex 1.5 -14.9168 5
      vertex 1.95789 -14.8717 25
    endloop
  endfacet
  facet normal 0.098021 -0.995184 0
    outer loop
      vertex 1.95789 -14.8717 -11.9
      vertex 1.5 -14.9168 5
      vertex 1.5 -14.9168 -5
    endloop
  endfacet
  facet normal 0.098021 -0.995184 0
    outer loop
      vertex 1.5 -14.9168 5
      vertex 1.95789 -14.8717 -11.9
      vertex 1.95789 -14.8717 25
    endloop
  endfacet
  facet normal 0.0980064 -0.995186 -9.74675e-07
    outer loop
      vertex 1.95789 -14.8717 -11.9
      vertex 1.5 -14.9168 -5
      vertex 0.981047 -14.9679 -11.9
    endloop
  endfacet
  facet normal 0.0980064 -0.995186 0
    outer loop
      vertex 0.981047 -14.9679 -25
      vertex 1.95789 -14.8717 -13.1
      vertex 0.981047 -14.9679 -13.1
    endloop
  endfacet
  facet normal 0.0980064 -0.995186 0
    outer loop
      vertex 1.95789 -14.8717 -13.1
      vertex 0.981047 -14.9679 -25
      vertex 1.95789 -14.8717 -25
    endloop
  endfacet
  facet normal 0.227082 0.973876 -0
    outer loop
      vertex 3.88229 14.4889 -11.9
      vertex 2.92635 14.7118 25
      vertex 3.88229 14.4889 25
    endloop
  endfacet
  facet normal 0.227082 0.973876 0
    outer loop
      vertex 2.92635 14.7118 25
      vertex 3.88229 14.4889 -11.9
      vertex 2.92635 14.7118 -11.9
    endloop
  endfacet
  facet normal 0.227082 0.973876 -0
    outer loop
      vertex 3.88229 14.4889 -25
      vertex 2.92635 14.7118 -13.1
      vertex 3.88229 14.4889 -13.1
    endloop
  endfacet
  facet normal 0.227082 0.973876 0
    outer loop
      vertex 2.92635 14.7118 -13.1
      vertex 3.88229 14.4889 -25
      vertex 2.92635 14.7118 -25
    endloop
  endfacet
  facet normal -0.227082 -0.973876 0
    outer loop
      vertex -3.88229 -14.4889 -11.9
      vertex -2.92635 -14.7118 25
      vertex -3.88229 -14.4889 25
    endloop
  endfacet
  facet normal -0.227082 -0.973876 -0
    outer loop
      vertex -2.92635 -14.7118 25
      vertex -3.88229 -14.4889 -11.9
      vertex -2.92635 -14.7118 -11.9
    endloop
  endfacet
  facet normal -0.227082 -0.973876 0
    outer loop
      vertex -3.88229 -14.4889 -25
      vertex -2.92635 -14.7118 -13.1
      vertex -3.88229 -14.4889 -13.1
    endloop
  endfacet
  facet normal -0.227082 -0.973876 -0
    outer loop
      vertex -2.92635 -14.7118 -13.1
      vertex -3.88229 -14.4889 -25
      vertex -2.92635 -14.7118 -25
    endloop
  endfacet
  facet normal 0.352287 -0.935892 0
    outer loop
      vertex 4.82159 -14.204 -25
      vertex 5.74025 -13.8582 -13.1
      vertex 4.82159 -14.204 -13.1
    endloop
  endfacet
  facet normal 0.352287 -0.935892 0
    outer loop
      vertex 5.74025 -13.8582 -13.1
      vertex 4.82159 -14.204 -25
      vertex 5.74025 -13.8582 -25
    endloop
  endfacet
  facet normal 0.352287 -0.935892 0
    outer loop
      vertex 4.82159 -14.204 -11.9
      vertex 5.74025 -13.8582 25
      vertex 4.82159 -14.204 25
    endloop
  endfacet
  facet normal 0.352287 -0.935892 0
    outer loop
      vertex 5.74025 -13.8582 25
      vertex 4.82159 -14.204 -11.9
      vertex 5.74025 -13.8582 -11.9
    endloop
  endfacet
  facet normal 0.528116 -0.849172 0
    outer loop
      vertex 7.5 -12.9904 -25
      vertex 8.33355 -12.472 -13.1
      vertex 7.5 -12.9904 -13.1
    endloop
  endfacet
  facet normal 0.528116 -0.849172 0
    outer loop
      vertex 8.33355 -12.472 -13.1
      vertex 7.5 -12.9904 -25
      vertex 8.33355 -12.472 -25
    endloop
  endfacet
  facet normal 0.528116 -0.849172 0
    outer loop
      vertex 7.5 -12.9904 -11.9
      vertex 8.33355 -12.472 25
      vertex 7.5 -12.9904 25
    endloop
  endfacet
  facet normal 0.528116 -0.849172 0
    outer loop
      vertex 8.33355 -12.472 25
      vertex 7.5 -12.9904 -11.9
      vertex 8.33355 -12.472 -11.9
    endloop
  endfacet
  facet normal -0.995186 -0.0980064 0
    outer loop
      vertex -14.8717 -1.95789 -25
      vertex -14.9679 -0.981047 -13.1
      vertex -14.9679 -0.981047 -25
    endloop
  endfacet
  facet normal -0.995186 -0.0980064 0
    outer loop
      vertex -14.9679 -0.981047 -13.1
      vertex -14.8717 -1.95789 -25
      vertex -14.8717 -1.95789 -13.1
    endloop
  endfacet
  facet normal -0.995187 -0.0979936 0
    outer loop
      vertex -14.9679 -0.981047 -11.9
      vertex -14.9168 -1.5 -5
      vertex -14.9679 -0.981047 -5
    endloop
  endfacet
  facet normal -0.995184 -0.098021 0
    outer loop
      vertex -14.9168 -1.5 -5
      vertex -14.8717 -1.95789 -11.9
      vertex -14.9168 -1.5 5
    endloop
  endfacet
  facet normal -0.995186 -0.0980064 -9.74675e-07
    outer loop
      vertex -14.8717 -1.95789 -11.9
      vertex -14.9168 -1.5 -5
      vertex -14.9679 -0.981047 -11.9
    endloop
  endfacet
  facet normal -0.995187 -0.0979936 0
    outer loop
      vertex -14.9168 -1.5 5
      vertex -14.9679 -0.981047 25
      vertex -14.9679 -0.981047 5
    endloop
  endfacet
  facet normal -0.995184 -0.098021 -0
    outer loop
      vertex -14.8717 -1.95789 25
      vertex -14.9168 -1.5 5
      vertex -14.8717 -1.95789 -11.9
    endloop
  endfacet
  facet normal -0.995186 -0.0980064 3.36263e-07
    outer loop
      vertex -14.9168 -1.5 5
      vertex -14.8717 -1.95789 25
      vertex -14.9679 -0.981047 25
    endloop
  endfacet
  facet normal -0.999465 -0.0327026 0
    outer loop
      vertex -14.9679 -0.981047 -25
      vertex -15 0 -13.1
      vertex -15 0 -25
    endloop
  endfacet
  facet normal -0.999465 -0.0327026 0
    outer loop
      vertex -15 0 -13.1
      vertex -14.9679 -0.981047 -25
      vertex -14.9679 -0.981047 -13.1
    endloop
  endfacet
  facet normal -0.999465 -0.0327026 0
    outer loop
      vertex -14.9679 -0.981047 5
      vertex -15 0 25
      vertex -15 0 5
    endloop
  endfacet
  facet normal -0.999465 -0.0327026 0
    outer loop
      vertex -15 0 25
      vertex -14.9679 -0.981047 5
      vertex -14.9679 -0.981047 25
    endloop
  endfacet
  facet normal -0.999465 -0.0327026 0
    outer loop
      vertex -14.9679 -0.981047 -11.9
      vertex -15 0 -5
      vertex -15 0 -11.9
    endloop
  endfacet
  facet normal -0.999465 -0.0327026 0
    outer loop
      vertex -15 0 -5
      vertex -14.9679 -0.981047 -11.9
      vertex -14.9679 -0.981047 -5
    endloop
  endfacet
  facet normal -0.910865 -0.412705 0
    outer loop
      vertex -13.4531 -6.63433 -25
      vertex -13.8582 -5.74025 -13.1
      vertex -13.8582 -5.74025 -25
    endloop
  endfacet
  facet normal -0.910865 -0.412705 0
    outer loop
      vertex -13.8582 -5.74025 -13.1
      vertex -13.4531 -6.63433 -25
      vertex -13.4531 -6.63433 -13.1
    endloop
  endfacet
  facet normal -0.910865 -0.412705 0
    outer loop
      vertex -13.4531 -6.63433 -11.9
      vertex -13.8582 -5.74025 25
      vertex -13.8582 -5.74025 -11.9
    endloop
  endfacet
  facet normal -0.910865 -0.412705 0
    outer loop
      vertex -13.8582 -5.74025 25
      vertex -13.4531 -6.63433 -11.9
      vertex -13.4531 -6.63433 25
    endloop
  endfacet
  facet normal 0.412705 -0.910865 0
    outer loop
      vertex 5.74025 -13.8582 -25
      vertex 6.63433 -13.4531 -13.1
      vertex 5.74025 -13.8582 -13.1
    endloop
  endfacet
  facet normal 0.412705 -0.910865 0
    outer loop
      vertex 6.63433 -13.4531 -13.1
      vertex 5.74025 -13.8582 -25
      vertex 6.63433 -13.4531 -25
    endloop
  endfacet
  facet normal 0.412705 -0.910865 0
    outer loop
      vertex 5.74025 -13.8582 -11.9
      vertex 6.63433 -13.4531 25
      vertex 5.74025 -13.8582 25
    endloop
  endfacet
  facet normal 0.412705 -0.910865 0
    outer loop
      vertex 6.63433 -13.4531 25
      vertex 5.74025 -13.8582 -11.9
      vertex 6.63433 -13.4531 -11.9
    endloop
  endfacet
  facet normal 0.849172 -0.528116 0
    outer loop
      vertex 12.472 -8.33355 25
      vertex 12.9904 -7.5 -11.9
      vertex 12.9904 -7.5 25
    endloop
  endfacet
  facet normal 0.849172 -0.528116 0
    outer loop
      vertex 12.9904 -7.5 -11.9
      vertex 12.472 -8.33355 25
      vertex 12.472 -8.33355 -11.9
    endloop
  endfacet
  facet normal 0.849172 -0.528116 0
    outer loop
      vertex 12.472 -8.33355 -13.1
      vertex 12.9904 -7.5 -25
      vertex 12.9904 -7.5 -13.1
    endloop
  endfacet
  facet normal 0.849172 -0.528116 0
    outer loop
      vertex 12.9904 -7.5 -25
      vertex 12.472 -8.33355 -13.1
      vertex 12.472 -8.33355 -25
    endloop
  endfacet
  facet normal -0.935892 0.352287 0
    outer loop
      vertex -14.204 4.82159 -11.9
      vertex -13.8582 5.74025 25
      vertex -13.8582 5.74025 -11.9
    endloop
  endfacet
  facet normal -0.935892 0.352287 0
    outer loop
      vertex -13.8582 5.74025 25
      vertex -14.204 4.82159 -11.9
      vertex -14.204 4.82159 25
    endloop
  endfacet
  facet normal -0.935892 0.352287 0
    outer loop
      vertex -14.204 4.82159 -25
      vertex -13.8582 5.74025 -13.1
      vertex -13.8582 5.74025 -25
    endloop
  endfacet
  facet normal -0.935892 0.352287 0
    outer loop
      vertex -13.8582 5.74025 -13.1
      vertex -14.204 4.82159 -25
      vertex -14.204 4.82159 -13.1
    endloop
  endfacet
  facet normal 0.582447 -0.812869 0
    outer loop
      vertex 8.33355 -12.472 -11.9
      vertex 9.13142 -11.9003 25
      vertex 8.33355 -12.472 25
    endloop
  endfacet
  facet normal 0.582447 -0.812869 0
    outer loop
      vertex 9.13142 -11.9003 25
      vertex 8.33355 -12.472 -11.9
      vertex 9.13142 -11.9003 -11.9
    endloop
  endfacet
  facet normal 0.582447 -0.812869 0
    outer loop
      vertex 8.33355 -12.472 -25
      vertex 9.13142 -11.9003 -13.1
      vertex 8.33355 -12.472 -13.1
    endloop
  endfacet
  facet normal 0.582447 -0.812869 0
    outer loop
      vertex 9.13142 -11.9003 -13.1
      vertex 8.33355 -12.472 -25
      vertex 9.13142 -11.9003 -25
    endloop
  endfacet
  facet normal -0.95695 -0.290253 0
    outer loop
      vertex -14.204 -4.82159 -11.9
      vertex -14.4889 -3.88229 25
      vertex -14.4889 -3.88229 -11.9
    endloop
  endfacet
  facet normal -0.95695 -0.290253 0
    outer loop
      vertex -14.4889 -3.88229 25
      vertex -14.204 -4.82159 -11.9
      vertex -14.204 -4.82159 25
    endloop
  endfacet
  facet normal -0.95695 -0.290253 0
    outer loop
      vertex -14.204 -4.82159 -25
      vertex -14.4889 -3.88229 -13.1
      vertex -14.4889 -3.88229 -25
    endloop
  endfacet
  facet normal -0.95695 -0.290253 0
    outer loop
      vertex -14.4889 -3.88229 -13.1
      vertex -14.204 -4.82159 -25
      vertex -14.204 -4.82159 -13.1
    endloop
  endfacet
  facet normal -0.773014 -0.634389 0
    outer loop
      vertex -11.2776 -9.89019 -25
      vertex -11.9003 -9.13142 -13.1
      vertex -11.9003 -9.13142 -25
    endloop
  endfacet
  facet normal -0.773014 -0.634389 0
    outer loop
      vertex -11.9003 -9.13142 -13.1
      vertex -11.2776 -9.89019 -25
      vertex -11.2776 -9.89019 -13.1
    endloop
  endfacet
  facet normal -0.773001 -0.634405 -0
    outer loop
      vertex -11.6084 -9.48709 5
      vertex -11.9003 -9.13142 -11.9
      vertex -11.6084 -9.48709 -5
    endloop
  endfacet
  facet normal -0.773014 -0.634389 1.36634e-06
    outer loop
      vertex -11.2776 -9.89019 -11.9
      vertex -11.6084 -9.48709 -5
      vertex -11.9003 -9.13142 -11.9
    endloop
  endfacet
  facet normal -0.773025 -0.634375 0
    outer loop
      vertex -11.6084 -9.48709 -5
      vertex -11.2776 -9.89019 -11.9
      vertex -11.2776 -9.89019 -5
    endloop
  endfacet
  facet normal -0.773001 -0.634405 0
    outer loop
      vertex -11.9003 -9.13142 -11.9
      vertex -11.6084 -9.48709 5
      vertex -11.9003 -9.13142 25
    endloop
  endfacet
  facet normal -0.773025 -0.634375 -0
    outer loop
      vertex -11.2776 -9.89019 25
      vertex -11.6084 -9.48709 5
      vertex -11.2776 -9.89019 5
    endloop
  endfacet
  facet normal -0.773014 -0.634389 -4.71386e-07
    outer loop
      vertex -11.6084 -9.48709 5
      vertex -11.2776 -9.89019 25
      vertex -11.9003 -9.13142 25
    endloop
  endfacet
  facet normal 0.162902 0.986642 -0
    outer loop
      vertex 2.92635 14.7118 -25
      vertex 1.95789 14.8717 -13.1
      vertex 2.92635 14.7118 -13.1
    endloop
  endfacet
  facet normal 0.162902 0.986642 0
    outer loop
      vertex 1.95789 14.8717 -13.1
      vertex 2.92635 14.7118 -25
      vertex 1.95789 14.8717 -25
    endloop
  endfacet
  facet normal 0.162902 0.986642 -0
    outer loop
      vertex 2.92635 14.7118 -11.9
      vertex 1.95789 14.8717 25
      vertex 2.92635 14.7118 25
    endloop
  endfacet
  facet normal 0.162902 0.986642 0
    outer loop
      vertex 1.95789 14.8717 25
      vertex 2.92635 14.7118 -11.9
      vertex 1.95789 14.8717 -11.9
    endloop
  endfacet
  facet normal 0.973876 -0.227082 0
    outer loop
      vertex 14.4889 -3.88229 25
      vertex 14.7118 -2.92635 -11.9
      vertex 14.7118 -2.92635 25
    endloop
  endfacet
  facet normal 0.973876 -0.227082 0
    outer loop
      vertex 14.7118 -2.92635 -11.9
      vertex 14.4889 -3.88229 25
      vertex 14.4889 -3.88229 -11.9
    endloop
  endfacet
  facet normal 0.973876 -0.227082 0
    outer loop
      vertex 14.4889 -3.88229 -13.1
      vertex 14.7118 -2.92635 -25
      vertex 14.7118 -2.92635 -13.1
    endloop
  endfacet
  facet normal 0.973876 -0.227082 0
    outer loop
      vertex 14.7118 -2.92635 -25
      vertex 14.4889 -3.88229 -13.1
      vertex 14.4889 -3.88229 -25
    endloop
  endfacet
  facet normal -0.634389 -0.773014 0
    outer loop
      vertex -9.89019 -11.2776 -25
      vertex -9.13142 -11.9003 -13.1
      vertex -9.89019 -11.2776 -13.1
    endloop
  endfacet
  facet normal -0.634389 -0.773014 -0
    outer loop
      vertex -9.13142 -11.9003 -13.1
      vertex -9.89019 -11.2776 -25
      vertex -9.13142 -11.9003 -25
    endloop
  endfacet
  facet normal -0.634375 -0.773025 -0
    outer loop
      vertex -9.89019 -11.2776 -5
      vertex -9.89019 -11.2776 -11.9
      vertex -9.48709 -11.6084 -5
    endloop
  endfacet
  facet normal -0.634375 -0.773025 0
    outer loop
      vertex -9.48709 -11.6084 5
      vertex -9.89019 -11.2776 25
      vertex -9.89019 -11.2776 5
    endloop
  endfacet
  facet normal -0.634389 -0.773014 -4.71386e-07
    outer loop
      vertex -9.89019 -11.2776 25
      vertex -9.48709 -11.6084 5
      vertex -9.13142 -11.9003 25
    endloop
  endfacet
  facet normal -0.634405 -0.773001 0
    outer loop
      vertex -9.13142 -11.9003 -11.9
      vertex -9.48709 -11.6084 5
      vertex -9.48709 -11.6084 -5
    endloop
  endfacet
  facet normal -0.634405 -0.773001 0
    outer loop
      vertex -9.48709 -11.6084 5
      vertex -9.13142 -11.9003 -11.9
      vertex -9.13142 -11.9003 25
    endloop
  endfacet
  facet normal -0.634389 -0.773014 1.36634e-06
    outer loop
      vertex -9.13142 -11.9003 -11.9
      vertex -9.48709 -11.6084 -5
      vertex -9.89019 -11.2776 -11.9
    endloop
  endfacet
  facet normal -0.683597 0.72986 0
    outer loop
      vertex -9.89019 11.2776 5
      vertex -10.6066 10.6066 25
      vertex -9.89019 11.2776 25
    endloop
  endfacet
  facet normal -0.683597 0.72986 0
    outer loop
      vertex -10.6066 10.6066 25
      vertex -9.89019 11.2776 5
      vertex -10.6066 10.6066 5
    endloop
  endfacet
  facet normal -0.683597 0.72986 0
    outer loop
      vertex -9.89019 11.2776 -25
      vertex -10.6066 10.6066 -13.1
      vertex -9.89019 11.2776 -13.1
    endloop
  endfacet
  facet normal -0.683597 0.72986 0
    outer loop
      vertex -10.6066 10.6066 -13.1
      vertex -9.89019 11.2776 -25
      vertex -10.6066 10.6066 -25
    endloop
  endfacet
  facet normal -0.683597 0.72986 0
    outer loop
      vertex -9.89019 11.2776 -11.9
      vertex -10.6066 10.6066 -5
      vertex -9.89019 11.2776 -5
    endloop
  endfacet
  facet normal -0.683597 0.72986 0
    outer loop
      vertex -10.6066 10.6066 -5
      vertex -9.89019 11.2776 -11.9
      vertex -10.6066 10.6066 -11.9
    endloop
  endfacet
  facet normal -0.881926 -0.471389 0
    outer loop
      vertex -12.9904 -7.5 -25
      vertex -13.4531 -6.63433 -13.1
      vertex -13.4531 -6.63433 -25
    endloop
  endfacet
  facet normal -0.881926 -0.471389 0
    outer loop
      vertex -13.4531 -6.63433 -13.1
      vertex -12.9904 -7.5 -25
      vertex -12.9904 -7.5 -13.1
    endloop
  endfacet
  facet normal -0.881926 -0.471389 0
    outer loop
      vertex -12.9904 -7.5 -11.9
      vertex -13.4531 -6.63433 25
      vertex -13.4531 -6.63433 -11.9
    endloop
  endfacet
  facet normal -0.881926 -0.471389 0
    outer loop
      vertex -13.4531 -6.63433 25
      vertex -12.9904 -7.5 -11.9
      vertex -12.9904 -7.5 25
    endloop
  endfacet
  facet normal -0.0327026 0.999465 0
    outer loop
      vertex 0 15 5
      vertex -0.981047 14.9679 25
      vertex 0 15 25
    endloop
  endfacet
  facet normal -0.0327026 0.999465 0
    outer loop
      vertex -0.981047 14.9679 25
      vertex 0 15 5
      vertex -0.981047 14.9679 5
    endloop
  endfacet
  facet normal -0.0327026 0.999465 0
    outer loop
      vertex 0 15 -25
      vertex -0.981047 14.9679 -13.1
      vertex 0 15 -13.1
    endloop
  endfacet
  facet normal -0.0327026 0.999465 0
    outer loop
      vertex -0.981047 14.9679 -13.1
      vertex 0 15 -25
      vertex -0.981047 14.9679 -25
    endloop
  endfacet
  facet normal -0.0327026 0.999465 0
    outer loop
      vertex 0 15 -11.9
      vertex -0.981047 14.9679 -5
      vertex 0 15 -5
    endloop
  endfacet
  facet normal -0.0327026 0.999465 0
    outer loop
      vertex -0.981047 14.9679 -5
      vertex 0 15 -11.9
      vertex -0.981047 14.9679 -11.9
    endloop
  endfacet
  facet normal 0.528116 0.849172 -0
    outer loop
      vertex 8.33355 12.472 -25
      vertex 7.5 12.9904 -13.1
      vertex 8.33355 12.472 -13.1
    endloop
  endfacet
  facet normal 0.528116 0.849172 0
    outer loop
      vertex 7.5 12.9904 -13.1
      vertex 8.33355 12.472 -25
      vertex 7.5 12.9904 -25
    endloop
  endfacet
  facet normal 0.528116 0.849172 -0
    outer loop
      vertex 8.33355 12.472 -11.9
      vertex 7.5 12.9904 25
      vertex 8.33355 12.472 25
    endloop
  endfacet
  facet normal 0.528116 0.849172 0
    outer loop
      vertex 7.5 12.9904 25
      vertex 8.33355 12.472 -11.9
      vertex 7.5 12.9904 -11.9
    endloop
  endfacet
  facet normal -0.999465 0.0327026 0
    outer loop
      vertex -15 0 -25
      vertex -14.9679 0.981047 -13.1
      vertex -14.9679 0.981047 -25
    endloop
  endfacet
  facet normal -0.999465 0.0327026 0
    outer loop
      vertex -14.9679 0.981047 -13.1
      vertex -15 0 -25
      vertex -15 0 -13.1
    endloop
  endfacet
  facet normal -0.999465 0.0327026 0
    outer loop
      vertex -15 0 5
      vertex -14.9679 0.981047 25
      vertex -14.9679 0.981047 5
    endloop
  endfacet
  facet normal -0.999465 0.0327026 0
    outer loop
      vertex -14.9679 0.981047 25
      vertex -15 0 5
      vertex -15 0 25
    endloop
  endfacet
  facet normal -0.999465 0.0327026 0
    outer loop
      vertex -15 0 -11.9
      vertex -14.9679 0.981047 -5
      vertex -14.9679 0.981047 -11.9
    endloop
  endfacet
  facet normal -0.999465 0.0327026 0
    outer loop
      vertex -14.9679 0.981047 -5
      vertex -15 0 -11.9
      vertex -15 0 -5
    endloop
  endfacet
  facet normal 0.910865 0.412705 0
    outer loop
      vertex 13.8582 5.74025 -13.1
      vertex 13.4531 6.63433 -25
      vertex 13.4531 6.63433 -13.1
    endloop
  endfacet
  facet normal 0.910865 0.412705 0
    outer loop
      vertex 13.4531 6.63433 -25
      vertex 13.8582 5.74025 -13.1
      vertex 13.8582 5.74025 -25
    endloop
  endfacet
  facet normal 0.910865 0.412705 0
    outer loop
      vertex 13.8582 5.74025 25
      vertex 13.4531 6.63433 -11.9
      vertex 13.4531 6.63433 25
    endloop
  endfacet
  facet normal 0.910865 0.412705 0
    outer loop
      vertex 13.4531 6.63433 -11.9
      vertex 13.8582 5.74025 25
      vertex 13.8582 5.74025 -11.9
    endloop
  endfacet
  facet normal -0.162902 -0.986642 0
    outer loop
      vertex -2.92635 -14.7118 -11.9
      vertex -1.95789 -14.8717 25
      vertex -2.92635 -14.7118 25
    endloop
  endfacet
  facet normal -0.162902 -0.986642 -0
    outer loop
      vertex -1.95789 -14.8717 25
      vertex -2.92635 -14.7118 -11.9
      vertex -1.95789 -14.8717 -11.9
    endloop
  endfacet
  facet normal -0.162902 -0.986642 0
    outer loop
      vertex -2.92635 -14.7118 -25
      vertex -1.95789 -14.8717 -13.1
      vertex -2.92635 -14.7118 -13.1
    endloop
  endfacet
  facet normal -0.162902 -0.986642 -0
    outer loop
      vertex -1.95789 -14.8717 -13.1
      vertex -2.92635 -14.7118 -25
      vertex -1.95789 -14.8717 -25
    endloop
  endfacet
  facet normal 0.471389 0.881926 -0
    outer loop
      vertex 7.5 12.9904 -11.9
      vertex 6.63433 13.4531 25
      vertex 7.5 12.9904 25
    endloop
  endfacet
  facet normal 0.471389 0.881926 0
    outer loop
      vertex 6.63433 13.4531 25
      vertex 7.5 12.9904 -11.9
      vertex 6.63433 13.4531 -11.9
    endloop
  endfacet
  facet normal 0.471389 0.881926 -0
    outer loop
      vertex 7.5 12.9904 -25
      vertex 6.63433 13.4531 -13.1
      vertex 7.5 12.9904 -13.1
    endloop
  endfacet
  facet normal 0.471389 0.881926 0
    outer loop
      vertex 6.63433 13.4531 -13.1
      vertex 7.5 12.9904 -25
      vertex 6.63433 13.4531 -25
    endloop
  endfacet
  facet normal -0.634389 0.773014 -4.71386e-07
    outer loop
      vertex -9.13142 11.9003 25
      vertex -9.48709 11.6084 5
      vertex -9.89019 11.2776 25
    endloop
  endfacet
  facet normal -0.634405 0.773001 0
    outer loop
      vertex -9.13142 11.9003 -11.9
      vertex -9.48709 11.6084 5
      vertex -9.13142 11.9003 25
    endloop
  endfacet
  facet normal -0.634405 0.773001 0
    outer loop
      vertex -9.48709 11.6084 5
      vertex -9.13142 11.9003 -11.9
      vertex -9.48709 11.6084 -5
    endloop
  endfacet
  facet normal -0.634389 0.773014 1.36634e-06
    outer loop
      vertex -9.89019 11.2776 -11.9
      vertex -9.48709 11.6084 -5
      vertex -9.13142 11.9003 -11.9
    endloop
  endfacet
  facet normal -0.634375 0.773025 0
    outer loop
      vertex -9.48709 11.6084 -5
      vertex -9.89019 11.2776 -11.9
      vertex -9.89019 11.2776 -5
    endloop
  endfacet
  facet normal -0.634375 0.773025 0
    outer loop
      vertex -9.89019 11.2776 25
      vertex -9.48709 11.6084 5
      vertex -9.89019 11.2776 5
    endloop
  endfacet
  facet normal -0.634389 0.773014 0
    outer loop
      vertex -9.13142 11.9003 -25
      vertex -9.89019 11.2776 -13.1
      vertex -9.13142 11.9003 -13.1
    endloop
  endfacet
  facet normal -0.634389 0.773014 0
    outer loop
      vertex -9.89019 11.2776 -13.1
      vertex -9.13142 11.9003 -25
      vertex -9.89019 11.2776 -25
    endloop
  endfacet
  facet normal -0.849172 0.528116 0
    outer loop
      vertex -12.9904 7.5 -11.9
      vertex -12.472 8.33355 25
      vertex -12.472 8.33355 -11.9
    endloop
  endfacet
  facet normal -0.849172 0.528116 0
    outer loop
      vertex -12.472 8.33355 25
      vertex -12.9904 7.5 -11.9
      vertex -12.9904 7.5 25
    endloop
  endfacet
  facet normal -0.849172 0.528116 0
    outer loop
      vertex -12.9904 7.5 -25
      vertex -12.472 8.33355 -13.1
      vertex -12.472 8.33355 -25
    endloop
  endfacet
  facet normal -0.849172 0.528116 0
    outer loop
      vertex -12.472 8.33355 -13.1
      vertex -12.9904 7.5 -25
      vertex -12.9904 7.5 -13.1
    endloop
  endfacet
  facet normal -0.528116 0.849172 0
    outer loop
      vertex -7.5 12.9904 -25
      vertex -8.33355 12.472 -13.1
      vertex -7.5 12.9904 -13.1
    endloop
  endfacet
  facet normal -0.528116 0.849172 0
    outer loop
      vertex -8.33355 12.472 -13.1
      vertex -7.5 12.9904 -25
      vertex -8.33355 12.472 -25
    endloop
  endfacet
  facet normal -0.528116 0.849172 0
    outer loop
      vertex -7.5 12.9904 -11.9
      vertex -8.33355 12.472 25
      vertex -7.5 12.9904 25
    endloop
  endfacet
  facet normal -0.528116 0.849172 0
    outer loop
      vertex -8.33355 12.472 25
      vertex -7.5 12.9904 -11.9
      vertex -8.33355 12.472 -11.9
    endloop
  endfacet
  facet normal -0.683597 -0.72986 0
    outer loop
      vertex -10.6066 -10.6066 -25
      vertex -9.89019 -11.2776 -13.1
      vertex -10.6066 -10.6066 -13.1
    endloop
  endfacet
  facet normal -0.683597 -0.72986 -0
    outer loop
      vertex -9.89019 -11.2776 -13.1
      vertex -10.6066 -10.6066 -25
      vertex -9.89019 -11.2776 -25
    endloop
  endfacet
  facet normal -0.683597 -0.72986 0
    outer loop
      vertex -10.6066 -10.6066 5
      vertex -9.89019 -11.2776 25
      vertex -10.6066 -10.6066 25
    endloop
  endfacet
  facet normal -0.683597 -0.72986 -0
    outer loop
      vertex -9.89019 -11.2776 25
      vertex -10.6066 -10.6066 5
      vertex -9.89019 -11.2776 5
    endloop
  endfacet
  facet normal -0.683597 -0.72986 0
    outer loop
      vertex -10.6066 -10.6066 -11.9
      vertex -9.89019 -11.2776 -5
      vertex -10.6066 -10.6066 -5
    endloop
  endfacet
  facet normal -0.683597 -0.72986 -0
    outer loop
      vertex -9.89019 -11.2776 -5
      vertex -10.6066 -10.6066 -11.9
      vertex -9.89019 -11.2776 -11.9
    endloop
  endfacet
  facet normal 0.290253 0.95695 -0
    outer loop
      vertex 4.82159 14.204 -11.9
      vertex 3.88229 14.4889 25
      vertex 4.82159 14.204 25
    endloop
  endfacet
  facet normal 0.290253 0.95695 0
    outer loop
      vertex 3.88229 14.4889 25
      vertex 4.82159 14.204 -11.9
      vertex 3.88229 14.4889 -11.9
    endloop
  endfacet
  facet normal 0.290253 0.95695 -0
    outer loop
      vertex 4.82159 14.204 -25
      vertex 3.88229 14.4889 -13.1
      vertex 4.82159 14.204 -13.1
    endloop
  endfacet
  facet normal 0.290253 0.95695 0
    outer loop
      vertex 3.88229 14.4889 -13.1
      vertex 4.82159 14.204 -25
      vertex 3.88229 14.4889 -25
    endloop
  endfacet
  facet normal 0.812869 -0.582447 0
    outer loop
      vertex 11.9003 -9.13142 25
      vertex 12.472 -8.33355 -11.9
      vertex 12.472 -8.33355 25
    endloop
  endfacet
  facet normal 0.812869 -0.582447 0
    outer loop
      vertex 12.472 -8.33355 -11.9
      vertex 11.9003 -9.13142 25
      vertex 11.9003 -9.13142 -11.9
    endloop
  endfacet
  facet normal 0.812869 -0.582447 0
    outer loop
      vertex 11.9003 -9.13142 -13.1
      vertex 12.472 -8.33355 -25
      vertex 12.472 -8.33355 -13.1
    endloop
  endfacet
  facet normal 0.812869 -0.582447 0
    outer loop
      vertex 12.472 -8.33355 -25
      vertex 11.9003 -9.13142 -13.1
      vertex 11.9003 -9.13142 -25
    endloop
  endfacet
  facet normal 0.95695 -0.290253 0
    outer loop
      vertex 14.204 -4.82159 -13.1
      vertex 14.4889 -3.88229 -25
      vertex 14.4889 -3.88229 -13.1
    endloop
  endfacet
  facet normal 0.95695 -0.290253 0
    outer loop
      vertex 14.4889 -3.88229 -25
      vertex 14.204 -4.82159 -13.1
      vertex 14.204 -4.82159 -25
    endloop
  endfacet
  facet normal 0.95695 -0.290253 0
    outer loop
      vertex 14.204 -4.82159 25
      vertex 14.4889 -3.88229 -11.9
      vertex 14.4889 -3.88229 25
    endloop
  endfacet
  facet normal 0.95695 -0.290253 0
    outer loop
      vertex 14.4889 -3.88229 -11.9
      vertex 14.204 -4.82159 25
      vertex 14.204 -4.82159 -11.9
    endloop
  endfacet
  facet normal -0.881926 0.471389 0
    outer loop
      vertex -13.4531 6.63433 -11.9
      vertex -12.9904 7.5 25
      vertex -12.9904 7.5 -11.9
    endloop
  endfacet
  facet normal -0.881926 0.471389 0
    outer loop
      vertex -12.9904 7.5 25
      vertex -13.4531 6.63433 -11.9
      vertex -13.4531 6.63433 25
    endloop
  endfacet
  facet normal -0.881926 0.471389 0
    outer loop
      vertex -13.4531 6.63433 -25
      vertex -12.9904 7.5 -13.1
      vertex -12.9904 7.5 -25
    endloop
  endfacet
  facet normal -0.881926 0.471389 0
    outer loop
      vertex -12.9904 7.5 -13.1
      vertex -13.4531 6.63433 -25
      vertex -13.4531 6.63433 -13.1
    endloop
  endfacet
  facet normal 0.72986 -0.683597 0
    outer loop
      vertex 10.6066 -10.6066 -13.1
      vertex 11.2776 -9.89019 -25
      vertex 11.2776 -9.89019 -13.1
    endloop
  endfacet
  facet normal 0.72986 -0.683597 0
    outer loop
      vertex 11.2776 -9.89019 -25
      vertex 10.6066 -10.6066 -13.1
      vertex 10.6066 -10.6066 -25
    endloop
  endfacet
  facet normal 0.72986 -0.683597 0
    outer loop
      vertex 10.6066 -10.6066 25
      vertex 11.2776 -9.89019 5
      vertex 11.2776 -9.89019 25
    endloop
  endfacet
  facet normal 0.72986 -0.683597 0
    outer loop
      vertex 11.2776 -9.89019 5
      vertex 10.6066 -10.6066 25
      vertex 10.6066 -10.6066 5
    endloop
  endfacet
  facet normal 0.72986 -0.683597 0
    outer loop
      vertex 10.6066 -10.6066 -5
      vertex 11.2776 -9.89019 -11.9
      vertex 11.2776 -9.89019 -5
    endloop
  endfacet
  facet normal 0.72986 -0.683597 0
    outer loop
      vertex 11.2776 -9.89019 -11.9
      vertex 10.6066 -10.6066 -5
      vertex 10.6066 -10.6066 -11.9
    endloop
  endfacet
  facet normal -0.72986 0.683597 0
    outer loop
      vertex -11.2776 9.89019 5
      vertex -10.6066 10.6066 25
      vertex -10.6066 10.6066 5
    endloop
  endfacet
  facet normal -0.72986 0.683597 0
    outer loop
      vertex -10.6066 10.6066 25
      vertex -11.2776 9.89019 5
      vertex -11.2776 9.89019 25
    endloop
  endfacet
  facet normal -0.72986 0.683597 0
    outer loop
      vertex -11.2776 9.89019 -25
      vertex -10.6066 10.6066 -13.1
      vertex -10.6066 10.6066 -25
    endloop
  endfacet
  facet normal -0.72986 0.683597 0
    outer loop
      vertex -10.6066 10.6066 -13.1
      vertex -11.2776 9.89019 -25
      vertex -11.2776 9.89019 -13.1
    endloop
  endfacet
  facet normal -0.72986 0.683597 0
    outer loop
      vertex -11.2776 9.89019 -11.9
      vertex -10.6066 10.6066 -5
      vertex -10.6066 10.6066 -11.9
    endloop
  endfacet
  facet normal -0.72986 0.683597 0
    outer loop
      vertex -10.6066 10.6066 -5
      vertex -11.2776 9.89019 -11.9
      vertex -11.2776 9.89019 -5
    endloop
  endfacet
  facet normal 0.72986 0.683597 0
    outer loop
      vertex 11.2776 9.89019 25
      vertex 10.6066 10.6066 5
      vertex 10.6066 10.6066 25
    endloop
  endfacet
  facet normal 0.72986 0.683597 0
    outer loop
      vertex 10.6066 10.6066 5
      vertex 11.2776 9.89019 25
      vertex 11.2776 9.89019 5
    endloop
  endfacet
  facet normal 0.72986 0.683597 0
    outer loop
      vertex 11.2776 9.89019 -13.1
      vertex 10.6066 10.6066 -25
      vertex 10.6066 10.6066 -13.1
    endloop
  endfacet
  facet normal 0.72986 0.683597 0
    outer loop
      vertex 10.6066 10.6066 -25
      vertex 11.2776 9.89019 -13.1
      vertex 11.2776 9.89019 -25
    endloop
  endfacet
  facet normal 0.72986 0.683597 0
    outer loop
      vertex 11.2776 9.89019 -5
      vertex 10.6066 10.6066 -11.9
      vertex 10.6066 10.6066 -5
    endloop
  endfacet
  facet normal 0.72986 0.683597 0
    outer loop
      vertex 10.6066 10.6066 -11.9
      vertex 11.2776 9.89019 -5
      vertex 11.2776 9.89019 -11.9
    endloop
  endfacet
  facet normal -0.973876 0.227082 0
    outer loop
      vertex -14.7118 2.92635 -11.9
      vertex -14.4889 3.88229 25
      vertex -14.4889 3.88229 -11.9
    endloop
  endfacet
  facet normal -0.973876 0.227082 0
    outer loop
      vertex -14.4889 3.88229 25
      vertex -14.7118 2.92635 -11.9
      vertex -14.7118 2.92635 25
    endloop
  endfacet
  facet normal -0.973876 0.227082 0
    outer loop
      vertex -14.7118 2.92635 -25
      vertex -14.4889 3.88229 -13.1
      vertex -14.4889 3.88229 -25
    endloop
  endfacet
  facet normal -0.973876 0.227082 0
    outer loop
      vertex -14.4889 3.88229 -13.1
      vertex -14.7118 2.92635 -25
      vertex -14.7118 2.92635 -13.1
    endloop
  endfacet
  facet normal 0.881926 -0.471389 0
    outer loop
      vertex 12.9904 -7.5 25
      vertex 13.4531 -6.63433 -11.9
      vertex 13.4531 -6.63433 25
    endloop
  endfacet
  facet normal 0.881926 -0.471389 0
    outer loop
      vertex 13.4531 -6.63433 -11.9
      vertex 12.9904 -7.5 25
      vertex 12.9904 -7.5 -11.9
    endloop
  endfacet
  facet normal 0.881926 -0.471389 0
    outer loop
      vertex 12.9904 -7.5 -13.1
      vertex 13.4531 -6.63433 -25
      vertex 13.4531 -6.63433 -13.1
    endloop
  endfacet
  facet normal 0.881926 -0.471389 0
    outer loop
      vertex 13.4531 -6.63433 -25
      vertex 12.9904 -7.5 -13.1
      vertex 12.9904 -7.5 -25
    endloop
  endfacet
  facet normal -0.910865 0.412705 0
    outer loop
      vertex -13.8582 5.74025 -11.9
      vertex -13.4531 6.63433 25
      vertex -13.4531 6.63433 -11.9
    endloop
  endfacet
  facet normal -0.910865 0.412705 0
    outer loop
      vertex -13.4531 6.63433 25
      vertex -13.8582 5.74025 -11.9
      vertex -13.8582 5.74025 25
    endloop
  endfacet
  facet normal -0.910865 0.412705 0
    outer loop
      vertex -13.8582 5.74025 -25
      vertex -13.4531 6.63433 -13.1
      vertex -13.4531 6.63433 -25
    endloop
  endfacet
  facet normal -0.910865 0.412705 0
    outer loop
      vertex -13.4531 6.63433 -13.1
      vertex -13.8582 5.74025 -25
      vertex -13.8582 5.74025 -13.1
    endloop
  endfacet
  facet normal -0.290253 -0.95695 0
    outer loop
      vertex -4.82159 -14.204 -11.9
      vertex -3.88229 -14.4889 25
      vertex -4.82159 -14.204 25
    endloop
  endfacet
  facet normal -0.290253 -0.95695 -0
    outer loop
      vertex -3.88229 -14.4889 25
      vertex -4.82159 -14.204 -11.9
      vertex -3.88229 -14.4889 -11.9
    endloop
  endfacet
  facet normal -0.290253 -0.95695 0
    outer loop
      vertex -4.82159 -14.204 -25
      vertex -3.88229 -14.4889 -13.1
      vertex -4.82159 -14.204 -13.1
    endloop
  endfacet
  facet normal -0.290253 -0.95695 -0
    outer loop
      vertex -3.88229 -14.4889 -13.1
      vertex -4.82159 -14.204 -25
      vertex -3.88229 -14.4889 -25
    endloop
  endfacet
  facet normal -0.471389 0.881926 0
    outer loop
      vertex -6.63433 13.4531 -25
      vertex -7.5 12.9904 -13.1
      vertex -6.63433 13.4531 -13.1
    endloop
  endfacet
  facet normal -0.471389 0.881926 0
    outer loop
      vertex -7.5 12.9904 -13.1
      vertex -6.63433 13.4531 -25
      vertex -7.5 12.9904 -25
    endloop
  endfacet
  facet normal -0.471389 0.881926 0
    outer loop
      vertex -6.63433 13.4531 -11.9
      vertex -7.5 12.9904 25
      vertex -6.63433 13.4531 25
    endloop
  endfacet
  facet normal -0.471389 0.881926 0
    outer loop
      vertex -7.5 12.9904 25
      vertex -6.63433 13.4531 -11.9
      vertex -7.5 12.9904 -11.9
    endloop
  endfacet
  facet normal 0 0 -1
    outer loop
      vertex 15 0 25
      vertex 18 0 25
      vertex 17.9615 -1.17726 25
    endloop
  endfacet
  facet normal 0 0 -1
    outer loop
      vertex 14.9679 -0.981047 25
      vertex 17.9615 -1.17726 25
      vertex 17.846 -2.34947 25
    endloop
  endfacet
  facet normal 0 0 -1
    outer loop
      vertex 18 0 25
      vertex 15 0 25
      vertex 17.9615 1.17726 25
    endloop
  endfacet
  facet normal 0 0 -1
    outer loop
      vertex 14.8717 -1.95789 25
      vertex 17.846 -2.34947 25
      vertex 17.6541 -3.51163 25
    endloop
  endfacet
  facet normal 0 0 -1
    outer loop
      vertex 14.9679 0.981047 25
      vertex 17.9615 1.17726 25
      vertex 15 0 25
    endloop
  endfacet
  facet normal 0 0 -1
    outer loop
      vertex 14.7118 -2.92635 25
      vertex 17.6541 -3.51163 25
      vertex 17.3867 -4.65874 25
    endloop
  endfacet
  facet normal -0 0 -1
    outer loop
      vertex 17.9615 1.17726 25
      vertex 14.9679 0.981047 25
      vertex 17.846 2.34947 25
    endloop
  endfacet
  facet normal 0 0 -1
    outer loop
      vertex 14.4889 -3.88229 25
      vertex 17.3867 -4.65874 25
      vertex 17.0447 -5.78591 25
    endloop
  endfacet
  facet normal 0 0 -1
    outer loop
      vertex 14.8717 1.95789 25
      vertex 17.846 2.34947 25
      vertex 14.9679 0.981047 25
    endloop
  endfacet
  facet normal 0 0 -1
    outer loop
      vertex 14.204 -4.82159 25
      vertex 17.0447 -5.78591 25
      vertex 16.6298 -6.8883 25
    endloop
  endfacet
  facet normal -0 0 -1
    outer loop
      vertex 17.846 2.34947 25
      vertex 14.8717 1.95789 25
      vertex 17.6541 3.51163 25
    endloop
  endfacet
  facet normal 0 0 -1
    outer loop
      vertex 13.8582 -5.74025 25
      vertex 16.6298 -6.8883 25
      vertex 16.1437 -7.9612 25
    endloop
  endfacet
  facet normal 0 0 -1
    outer loop
      vertex 14.7118 2.92635 25
      vertex 17.6541 3.51163 25
      vertex 14.8717 1.95789 25
    endloop
  endfacet
  facet normal 0 0 -1
    outer loop
      vertex 13.4531 -6.63433 25
      vertex 16.1437 -7.9612 25
      vertex 15.5885 -9 25
    endloop
  endfacet
  facet normal -0 0 -1
    outer loop
      vertex 17.6541 3.51163 25
      vertex 14.7118 2.92635 25
      vertex 17.3867 4.65874 25
    endloop
  endfacet
  facet normal 0 0 -1
    outer loop
      vertex 14.4889 3.88229 25
      vertex 17.3867 4.65874 25
      vertex 14.7118 2.92635 25
    endloop
  endfacet
  facet normal 0 0 -1
    outer loop
      vertex 17.9615 -1.17726 25
      vertex 14.9679 -0.981047 25
      vertex 15 0 25
    endloop
  endfacet
  facet normal 0 0 -1
    outer loop
      vertex 12.9904 -7.5 25
      vertex 15.5885 -9 25
      vertex 14.9665 -10.0003 25
    endloop
  endfacet
  facet normal 0 0 -1
    outer loop
      vertex 17.846 -2.34947 25
      vertex 14.8717 -1.95789 25
      vertex 14.9679 -0.981047 25
    endloop
  endfacet
  facet normal 0 0 -1
    outer loop
      vertex 17.6541 -3.51163 25
      vertex 14.7118 -2.92635 25
      vertex 14.8717 -1.95789 25
    endloop
  endfacet
  facet normal 0 0 -1
    outer loop
      vertex 17.3867 -4.65874 25
      vertex 14.4889 -3.88229 25
      vertex 14.7118 -2.92635 25
    endloop
  endfacet
  facet normal 0 0 -1
    outer loop
      vertex 12.472 -8.33355 25
      vertex 14.9665 -10.0003 25
      vertex 14.2804 -10.9577 25
    endloop
  endfacet
  facet normal 0 0 -1
    outer loop
      vertex 17.0447 -5.78591 25
      vertex 14.204 -4.82159 25
      vertex 14.4889 -3.88229 25
    endloop
  endfacet
  facet normal 0 0 -1
    outer loop
      vertex 16.6298 -6.8883 25
      vertex 13.8582 -5.74025 25
      vertex 14.204 -4.82159 25
    endloop
  endfacet
  facet normal 0 0 -1
    outer loop
      vertex 11.9003 -9.13142 25
      vertex 14.2804 -10.9577 25
      vertex 13.5331 -11.8682 25
    endloop
  endfacet
  facet normal 0 0 -1
    outer loop
      vertex 16.1437 -7.9612 25
      vertex 13.4531 -6.63433 25
      vertex 13.8582 -5.74025 25
    endloop
  endfacet
  facet normal 0 0 -1
    outer loop
      vertex 15.5885 -9 25
      vertex 12.9904 -7.5 25
      vertex 13.4531 -6.63433 25
    endloop
  endfacet
  facet normal 0 0 -1
    outer loop
      vertex 11.2776 -9.89019 25
      vertex 13.5331 -11.8682 25
      vertex 12.7279 -12.7279 25
    endloop
  endfacet
  facet normal 0 0 -1
    outer loop
      vertex 14.9665 -10.0003 25
      vertex 12.472 -8.33355 25
      vertex 12.9904 -7.5 25
    endloop
  endfacet
  facet normal 0 0 -1
    outer loop
      vertex 14.2804 -10.9577 25
      vertex 11.9003 -9.13142 25
      vertex 12.472 -8.33355 25
    endloop
  endfacet
  facet normal 0 0 -1
    outer loop
      vertex 10.6066 -10.6066 25
      vertex 12.7279 -12.7279 25
      vertex 11.8682 -13.5331 25
    endloop
  endfacet
  facet normal 0 0 -1
    outer loop
      vertex 13.5331 -11.8682 25
      vertex 11.2776 -9.89019 25
      vertex 11.9003 -9.13142 25
    endloop
  endfacet
  facet normal 0 0 -1
    outer loop
      vertex 9.89019 -11.2776 25
      vertex 11.8682 -13.5331 25
      vertex 10.9577 -14.2804 25
    endloop
  endfacet
  facet normal 0 0 -1
    outer loop
      vertex 12.7279 -12.7279 25
      vertex 10.6066 -10.6066 25
      vertex 11.2776 -9.89019 25
    endloop
  endfacet
  facet normal 0 0 -1
    outer loop
      vertex 9.13142 -11.9003 25
      vertex 10.9577 -14.2804 25
      vertex 10.0003 -14.9665 25
    endloop
  endfacet
  facet normal 0 0 -1
    outer loop
      vertex 11.8682 -13.5331 25
      vertex 9.89019 -11.2776 25
      vertex 10.6066 -10.6066 25
    endloop
  endfacet
  facet normal 0 0 -1
    outer loop
      vertex 10.9577 -14.2804 25
      vertex 9.13142 -11.9003 25
      vertex 9.89019 -11.2776 25
    endloop
  endfacet
  facet normal 0 0 -1
    outer loop
      vertex 8.33355 -12.472 25
      vertex 10.0003 -14.9665 25
      vertex 9 -15.5885 25
    endloop
  endfacet
  facet normal 0 0 -1
    outer loop
      vertex 10.0003 -14.9665 25
      vertex 8.33355 -12.472 25
      vertex 9.13142 -11.9003 25
    endloop
  endfacet
  facet normal 0 0 -1
    outer loop
      vertex 7.5 -12.9904 25
      vertex 9 -15.5885 25
      vertex 7.9612 -16.1437 25
    endloop
  endfacet
  facet normal 0 0 -1
    outer loop
      vertex 9 -15.5885 25
      vertex 7.5 -12.9904 25
      vertex 8.33355 -12.472 25
    endloop
  endfacet
  facet normal 0 0 -1
    outer loop
      vertex 6.63433 -13.4531 25
      vertex 7.9612 -16.1437 25
      vertex 6.8883 -16.6298 25
    endloop
  endfacet
  facet normal 0 0 -1
    outer loop
      vertex 7.9612 -16.1437 25
      vertex 6.63433 -13.4531 25
      vertex 7.5 -12.9904 25
    endloop
  endfacet
  facet normal 0 0 -1
    outer loop
      vertex 5.74025 -13.8582 25
      vertex 6.8883 -16.6298 25
      vertex 5.78591 -17.0447 25
    endloop
  endfacet
  facet normal 0 0 -1
    outer loop
      vertex 6.8883 -16.6298 25
      vertex 5.74025 -13.8582 25
      vertex 6.63433 -13.4531 25
    endloop
  endfacet
  facet normal 0 0 -1
    outer loop
      vertex 5.78591 -17.0447 25
      vertex 4.82159 -14.204 25
      vertex 5.74025 -13.8582 25
    endloop
  endfacet
  facet normal 0 0 -1
    outer loop
      vertex 4.65874 -17.3867 25
      vertex 4.82159 -14.204 25
      vertex 5.78591 -17.0447 25
    endloop
  endfacet
  facet normal 0 0 -1
    outer loop
      vertex 4.65874 -17.3867 25
      vertex 3.88229 -14.4889 25
      vertex 4.82159 -14.204 25
    endloop
  endfacet
  facet normal 0 0 -1
    outer loop
      vertex 3.51163 -17.6541 25
      vertex 3.88229 -14.4889 25
      vertex 4.65874 -17.3867 25
    endloop
  endfacet
  facet normal 0 0 -1
    outer loop
      vertex 3.51163 -17.6541 25
      vertex 2.92635 -14.7118 25
      vertex 3.88229 -14.4889 25
    endloop
  endfacet
  facet normal 0 0 -1
    outer loop
      vertex 2.34947 -17.846 25
      vertex 2.92635 -14.7118 25
      vertex 3.51163 -17.6541 25
    endloop
  endfacet
  facet normal 0 0 -1
    outer loop
      vertex 2.34947 -17.846 25
      vertex 1.95789 -14.8717 25
      vertex 2.92635 -14.7118 25
    endloop
  endfacet
  facet normal 0 0 -1
    outer loop
      vertex 1.17726 -17.9615 25
      vertex 1.95789 -14.8717 25
      vertex 2.34947 -17.846 25
    endloop
  endfacet
  facet normal 0 0 -1
    outer loop
      vertex 1.17726 -17.9615 25
      vertex 0.981047 -14.9679 25
      vertex 1.95789 -14.8717 25
    endloop
  endfacet
  facet normal 0 0 -1
    outer loop
      vertex 0 -18 25
      vertex 0.981047 -14.9679 25
      vertex 1.17726 -17.9615 25
    endloop
  endfacet
  facet normal 0 0 -1
    outer loop
      vertex 0 -18 25
      vertex 0 -15 25
      vertex 0.981047 -14.9679 25
    endloop
  endfacet
  facet normal 0 0 -1
    outer loop
      vertex 0 -18 25
      vertex -0.981047 -14.9679 25
      vertex 0 -15 25
    endloop
  endfacet
  facet normal 0 0 -1
    outer loop
      vertex -1.17726 -17.9615 25
      vertex -0.981047 -14.9679 25
      vertex 0 -18 25
    endloop
  endfacet
  facet normal 0 0 -1
    outer loop
      vertex -1.17726 -17.9615 25
      vertex -1.95789 -14.8717 25
      vertex -0.981047 -14.9679 25
    endloop
  endfacet
  facet normal 0 0 -1
    outer loop
      vertex -2.34947 -17.846 25
      vertex -1.95789 -14.8717 25
      vertex -1.17726 -17.9615 25
    endloop
  endfacet
  facet normal 0 0 -1
    outer loop
      vertex -2.34947 -17.846 25
      vertex -2.92635 -14.7118 25
      vertex -1.95789 -14.8717 25
    endloop
  endfacet
  facet normal 0 0 -1
    outer loop
      vertex -3.51163 -17.6541 25
      vertex -2.92635 -14.7118 25
      vertex -2.34947 -17.846 25
    endloop
  endfacet
  facet normal 0 0 -1
    outer loop
      vertex -3.51163 -17.6541 25
      vertex -3.88229 -14.4889 25
      vertex -2.92635 -14.7118 25
    endloop
  endfacet
  facet normal 0 0 -1
    outer loop
      vertex -4.65874 -17.3867 25
      vertex -3.88229 -14.4889 25
      vertex -3.51163 -17.6541 25
    endloop
  endfacet
  facet normal 0 0 -1
    outer loop
      vertex -4.65874 -17.3867 25
      vertex -4.82159 -14.204 25
      vertex -3.88229 -14.4889 25
    endloop
  endfacet
  facet normal 0 0 -1
    outer loop
      vertex -5.78591 -17.0447 25
      vertex -4.82159 -14.204 25
      vertex -4.65874 -17.3867 25
    endloop
  endfacet
  facet normal -0 0 -1
    outer loop
      vertex -4.82159 -14.204 25
      vertex -5.78591 -17.0447 25
      vertex -5.74025 -13.8582 25
    endloop
  endfacet
  facet normal 0 0 -1
    outer loop
      vertex -6.8883 -16.6298 25
      vertex -5.74025 -13.8582 25
      vertex -5.78591 -17.0447 25
    endloop
  endfacet
  facet normal -0 0 -1
    outer loop
      vertex -5.74025 -13.8582 25
      vertex -6.8883 -16.6298 25
      vertex -6.63433 -13.4531 25
    endloop
  endfacet
  facet normal 0 0 -1
    outer loop
      vertex -7.9612 -16.1437 25
      vertex -6.63433 -13.4531 25
      vertex -6.8883 -16.6298 25
    endloop
  endfacet
  facet normal -0 0 -1
    outer loop
      vertex -6.63433 -13.4531 25
      vertex -7.9612 -16.1437 25
      vertex -7.5 -12.9904 25
    endloop
  endfacet
  facet normal 0 0 -1
    outer loop
      vertex -9 -15.5885 25
      vertex -7.5 -12.9904 25
      vertex -7.9612 -16.1437 25
    endloop
  endfacet
  facet normal -0 0 -1
    outer loop
      vertex -7.5 -12.9904 25
      vertex -9 -15.5885 25
      vertex -8.33355 -12.472 25
    endloop
  endfacet
  facet normal 0 0 -1
    outer loop
      vertex -10.0003 -14.9665 25
      vertex -8.33355 -12.472 25
      vertex -9 -15.5885 25
    endloop
  endfacet
  facet normal -0 0 -1
    outer loop
      vertex -8.33355 -12.472 25
      vertex -10.0003 -14.9665 25
      vertex -9.13142 -11.9003 25
    endloop
  endfacet
  facet normal 0 0 -1
    outer loop
      vertex -10.9577 -14.2804 25
      vertex -9.13142 -11.9003 25
      vertex -10.0003 -14.9665 25
    endloop
  endfacet
  facet normal -0 0 -1
    outer loop
      vertex -9.13142 -11.9003 25
      vertex -10.9577 -14.2804 25
      vertex -9.89019 -11.2776 25
    endloop
  endfacet
  facet normal 0 0 -1
    outer loop
      vertex -11.8682 -13.5331 25
      vertex -9.89019 -11.2776 25
      vertex -10.9577 -14.2804 25
    endloop
  endfacet
  facet normal -0 0 -1
    outer loop
      vertex -9.89019 -11.2776 25
      vertex -11.8682 -13.5331 25
      vertex -10.6066 -10.6066 25
    endloop
  endfacet
  facet normal 0 0 -1
    outer loop
      vertex -12.7279 -12.7279 25
      vertex -10.6066 -10.6066 25
      vertex -11.8682 -13.5331 25
    endloop
  endfacet
  facet normal -0 0 -1
    outer loop
      vertex -10.6066 -10.6066 25
      vertex -12.7279 -12.7279 25
      vertex -11.2776 -9.89019 25
    endloop
  endfacet
  facet normal 0 0 -1
    outer loop
      vertex -13.5331 -11.8682 25
      vertex -11.2776 -9.89019 25
      vertex -12.7279 -12.7279 25
    endloop
  endfacet
  facet normal -0 0 -1
    outer loop
      vertex -11.2776 -9.89019 25
      vertex -13.5331 -11.8682 25
      vertex -11.9003 -9.13142 25
    endloop
  endfacet
  facet normal 0 0 -1
    outer loop
      vertex -14.2804 -10.9577 25
      vertex -11.9003 -9.13142 25
      vertex -13.5331 -11.8682 25
    endloop
  endfacet
  facet normal -0 0 -1
    outer loop
      vertex -11.9003 -9.13142 25
      vertex -14.2804 -10.9577 25
      vertex -12.472 -8.33355 25
    endloop
  endfacet
  facet normal 0 0 -1
    outer loop
      vertex -14.9665 -10.0003 25
      vertex -12.472 -8.33355 25
      vertex -14.2804 -10.9577 25
    endloop
  endfacet
  facet normal -0 0 -1
    outer loop
      vertex -12.472 -8.33355 25
      vertex -14.9665 -10.0003 25
      vertex -12.9904 -7.5 25
    endloop
  endfacet
  facet normal 0 0 -1
    outer loop
      vertex -15.5885 -9 25
      vertex -12.9904 -7.5 25
      vertex -14.9665 -10.0003 25
    endloop
  endfacet
  facet normal -0 0 -1
    outer loop
      vertex -12.9904 -7.5 25
      vertex -15.5885 -9 25
      vertex -13.4531 -6.63433 25
    endloop
  endfacet
  facet normal 0 0 -1
    outer loop
      vertex -16.1437 -7.9612 25
      vertex -13.4531 -6.63433 25
      vertex -15.5885 -9 25
    endloop
  endfacet
  facet normal -0 0 -1
    outer loop
      vertex -13.4531 -6.63433 25
      vertex -16.1437 -7.9612 25
      vertex -13.8582 -5.74025 25
    endloop
  endfacet
  facet normal 0 0 -1
    outer loop
      vertex -16.6298 -6.8883 25
      vertex -13.8582 -5.74025 25
      vertex -16.1437 -7.9612 25
    endloop
  endfacet
  facet normal -0 0 -1
    outer loop
      vertex -13.8582 -5.74025 25
      vertex -16.6298 -6.8883 25
      vertex -14.204 -4.82159 25
    endloop
  endfacet
  facet normal 0 0 -1
    outer loop
      vertex -17.0447 -5.78591 25
      vertex -14.204 -4.82159 25
      vertex -16.6298 -6.8883 25
    endloop
  endfacet
  facet normal -0 0 -1
    outer loop
      vertex -14.204 -4.82159 25
      vertex -17.0447 -5.78591 25
      vertex -14.4889 -3.88229 25
    endloop
  endfacet
  facet normal 0 0 -1
    outer loop
      vertex -17.3867 -4.65874 25
      vertex -14.4889 -3.88229 25
      vertex -17.0447 -5.78591 25
    endloop
  endfacet
  facet normal -0 0 -1
    outer loop
      vertex 17.3867 4.65874 25
      vertex 14.4889 3.88229 25
      vertex 17.0447 5.78591 25
    endloop
  endfacet
  facet normal 0 0 -1
    outer loop
      vertex 14.204 4.82159 25
      vertex 17.0447 5.78591 25
      vertex 14.4889 3.88229 25
    endloop
  endfacet
  facet normal -0 0 -1
    outer loop
      vertex 17.0447 5.78591 25
      vertex 14.204 4.82159 25
      vertex 16.6298 6.8883 25
    endloop
  endfacet
  facet normal 0 0 -1
    outer loop
      vertex 13.8582 5.74025 25
      vertex 16.6298 6.8883 25
      vertex 14.204 4.82159 25
    endloop
  endfacet
  facet normal -0 0 -1
    outer loop
      vertex 16.6298 6.8883 25
      vertex 13.8582 5.74025 25
      vertex 16.1437 7.9612 25
    endloop
  endfacet
  facet normal 0 0 -1
    outer loop
      vertex 13.4531 6.63433 25
      vertex 16.1437 7.9612 25
      vertex 13.8582 5.74025 25
    endloop
  endfacet
  facet normal -0 0 -1
    outer loop
      vertex 16.1437 7.9612 25
      vertex 13.4531 6.63433 25
      vertex 15.5885 9 25
    endloop
  endfacet
  facet normal 0 0 -1
    outer loop
      vertex 12.9904 7.5 25
      vertex 15.5885 9 25
      vertex 13.4531 6.63433 25
    endloop
  endfacet
  facet normal -0 0 -1
    outer loop
      vertex 15.5885 9 25
      vertex 12.9904 7.5 25
      vertex 14.9665 10.0003 25
    endloop
  endfacet
  facet normal 0 0 -1
    outer loop
      vertex 12.472 8.33355 25
      vertex 14.9665 10.0003 25
      vertex 12.9904 7.5 25
    endloop
  endfacet
  facet normal -0 0 -1
    outer loop
      vertex 14.9665 10.0003 25
      vertex 12.472 8.33355 25
      vertex 14.2804 10.9577 25
    endloop
  endfacet
  facet normal 0 0 -1
    outer loop
      vertex 11.9003 9.13142 25
      vertex 14.2804 10.9577 25
      vertex 12.472 8.33355 25
    endloop
  endfacet
  facet normal -0 0 -1
    outer loop
      vertex 14.2804 10.9577 25
      vertex 11.9003 9.13142 25
      vertex 13.5331 11.8682 25
    endloop
  endfacet
  facet normal 0 0 -1
    outer loop
      vertex 11.2776 9.89019 25
      vertex 13.5331 11.8682 25
      vertex 11.9003 9.13142 25
    endloop
  endfacet
  facet normal -0 0 -1
    outer loop
      vertex 13.5331 11.8682 25
      vertex 11.2776 9.89019 25
      vertex 12.7279 12.7279 25
    endloop
  endfacet
  facet normal 0 0 -1
    outer loop
      vertex 10.6066 10.6066 25
      vertex 12.7279 12.7279 25
      vertex 11.2776 9.89019 25
    endloop
  endfacet
  facet normal -0 0 -1
    outer loop
      vertex 12.7279 12.7279 25
      vertex 10.6066 10.6066 25
      vertex 11.8682 13.5331 25
    endloop
  endfacet
  facet normal 0 0 -1
    outer loop
      vertex 9.89019 11.2776 25
      vertex 11.8682 13.5331 25
      vertex 10.6066 10.6066 25
    endloop
  endfacet
  facet normal -0 0 -1
    outer loop
      vertex 11.8682 13.5331 25
      vertex 9.89019 11.2776 25
      vertex 10.9577 14.2804 25
    endloop
  endfacet
  facet normal 0 0 -1
    outer loop
      vertex 9.13142 11.9003 25
      vertex 10.9577 14.2804 25
      vertex 9.89019 11.2776 25
    endloop
  endfacet
  facet normal -0 0 -1
    outer loop
      vertex 10.9577 14.2804 25
      vertex 9.13142 11.9003 25
      vertex 10.0003 14.9665 25
    endloop
  endfacet
  facet normal 0 0 -1
    outer loop
      vertex 8.33355 12.472 25
      vertex 10.0003 14.9665 25
      vertex 9.13142 11.9003 25
    endloop
  endfacet
  facet normal -0 0 -1
    outer loop
      vertex 10.0003 14.9665 25
      vertex 8.33355 12.472 25
      vertex 9 15.5885 25
    endloop
  endfacet
  facet normal 0 0 -1
    outer loop
      vertex 7.5 12.9904 25
      vertex 9 15.5885 25
      vertex 8.33355 12.472 25
    endloop
  endfacet
  facet normal -0 0 -1
    outer loop
      vertex 9 15.5885 25
      vertex 7.5 12.9904 25
      vertex 7.9612 16.1437 25
    endloop
  endfacet
  facet normal 0 0 -1
    outer loop
      vertex 6.63433 13.4531 25
      vertex 7.9612 16.1437 25
      vertex 7.5 12.9904 25
    endloop
  endfacet
  facet normal -0 0 -1
    outer loop
      vertex 7.9612 16.1437 25
      vertex 6.63433 13.4531 25
      vertex 6.8883 16.6298 25
    endloop
  endfacet
  facet normal 0 0 -1
    outer loop
      vertex 5.74025 13.8582 25
      vertex 6.8883 16.6298 25
      vertex 6.63433 13.4531 25
    endloop
  endfacet
  facet normal -0 0 -1
    outer loop
      vertex 6.8883 16.6298 25
      vertex 5.74025 13.8582 25
      vertex 5.78591 17.0447 25
    endloop
  endfacet
  facet normal 0 0 -1
    outer loop
      vertex 4.82159 14.204 25
      vertex 5.78591 17.0447 25
      vertex 5.74025 13.8582 25
    endloop
  endfacet
  facet normal 0 0 -1
    outer loop
      vertex 4.82159 14.204 25
      vertex 4.65874 17.3867 25
      vertex 5.78591 17.0447 25
    endloop
  endfacet
  facet normal 0 0 -1
    outer loop
      vertex 3.88229 14.4889 25
      vertex 4.65874 17.3867 25
      vertex 4.82159 14.204 25
    endloop
  endfacet
  facet normal 0 0 -1
    outer loop
      vertex 3.88229 14.4889 25
      vertex 3.51163 17.6541 25
      vertex 4.65874 17.3867 25
    endloop
  endfacet
  facet normal 0 0 -1
    outer loop
      vertex 2.92635 14.7118 25
      vertex 3.51163 17.6541 25
      vertex 3.88229 14.4889 25
    endloop
  endfacet
  facet normal 0 0 -1
    outer loop
      vertex 2.92635 14.7118 25
      vertex 2.34947 17.846 25
      vertex 3.51163 17.6541 25
    endloop
  endfacet
  facet normal 0 0 -1
    outer loop
      vertex 1.95789 14.8717 25
      vertex 2.34947 17.846 25
      vertex 2.92635 14.7118 25
    endloop
  endfacet
  facet normal 0 0 -1
    outer loop
      vertex 1.95789 14.8717 25
      vertex 1.17726 17.9615 25
      vertex 2.34947 17.846 25
    endloop
  endfacet
  facet normal 0 0 -1
    outer loop
      vertex 0.981047 14.9679 25
      vertex 1.17726 17.9615 25
      vertex 1.95789 14.8717 25
    endloop
  endfacet
  facet normal 0 0 -1
    outer loop
      vertex 0 15 25
      vertex 1.17726 17.9615 25
      vertex 0.981047 14.9679 25
    endloop
  endfacet
  facet normal 0 0 -1
    outer loop
      vertex 0 15 25
      vertex 0 18 25
      vertex 1.17726 17.9615 25
    endloop
  endfacet
  facet normal 0 0 -1
    outer loop
      vertex -0.981047 14.9679 25
      vertex 0 18 25
      vertex 0 15 25
    endloop
  endfacet
  facet normal 0 0 -1
    outer loop
      vertex -0.981047 14.9679 25
      vertex -1.17726 17.9615 25
      vertex 0 18 25
    endloop
  endfacet
  facet normal 0 0 -1
    outer loop
      vertex -1.95789 14.8717 25
      vertex -1.17726 17.9615 25
      vertex -0.981047 14.9679 25
    endloop
  endfacet
  facet normal 0 0 -1
    outer loop
      vertex -1.95789 14.8717 25
      vertex -2.34947 17.846 25
      vertex -1.17726 17.9615 25
    endloop
  endfacet
  facet normal 0 0 -1
    outer loop
      vertex -2.92635 14.7118 25
      vertex -2.34947 17.846 25
      vertex -1.95789 14.8717 25
    endloop
  endfacet
  facet normal 0 0 -1
    outer loop
      vertex -2.92635 14.7118 25
      vertex -3.51163 17.6541 25
      vertex -2.34947 17.846 25
    endloop
  endfacet
  facet normal 0 0 -1
    outer loop
      vertex -3.88229 14.4889 25
      vertex -3.51163 17.6541 25
      vertex -2.92635 14.7118 25
    endloop
  endfacet
  facet normal 0 0 -1
    outer loop
      vertex -3.88229 14.4889 25
      vertex -4.65874 17.3867 25
      vertex -3.51163 17.6541 25
    endloop
  endfacet
  facet normal 0 0 -1
    outer loop
      vertex -4.82159 14.204 25
      vertex -4.65874 17.3867 25
      vertex -3.88229 14.4889 25
    endloop
  endfacet
  facet normal 0 0 -1
    outer loop
      vertex -5.78591 17.0447 25
      vertex -4.82159 14.204 25
      vertex -5.74025 13.8582 25
    endloop
  endfacet
  facet normal 0 0 -1
    outer loop
      vertex -4.82159 14.204 25
      vertex -5.78591 17.0447 25
      vertex -4.65874 17.3867 25
    endloop
  endfacet
  facet normal 0 0 -1
    outer loop
      vertex -6.8883 16.6298 25
      vertex -5.74025 13.8582 25
      vertex -6.63433 13.4531 25
    endloop
  endfacet
  facet normal 0 0 -1
    outer loop
      vertex -5.74025 13.8582 25
      vertex -6.8883 16.6298 25
      vertex -5.78591 17.0447 25
    endloop
  endfacet
  facet normal 0 0 -1
    outer loop
      vertex -7.9612 16.1437 25
      vertex -6.63433 13.4531 25
      vertex -7.5 12.9904 25
    endloop
  endfacet
  facet normal 0 0 -1
    outer loop
      vertex -6.63433 13.4531 25
      vertex -7.9612 16.1437 25
      vertex -6.8883 16.6298 25
    endloop
  endfacet
  facet normal 0 0 -1
    outer loop
      vertex -9 15.5885 25
      vertex -7.5 12.9904 25
      vertex -8.33355 12.472 25
    endloop
  endfacet
  facet normal 0 0 -1
    outer loop
      vertex -7.5 12.9904 25
      vertex -9 15.5885 25
      vertex -7.9612 16.1437 25
    endloop
  endfacet
  facet normal 0 0 -1
    outer loop
      vertex -10.0003 14.9665 25
      vertex -8.33355 12.472 25
      vertex -9.13142 11.9003 25
    endloop
  endfacet
  facet normal 0 0 -1
    outer loop
      vertex -10.9577 14.2804 25
      vertex -9.13142 11.9003 25
      vertex -9.89019 11.2776 25
    endloop
  endfacet
  facet normal 0 0 -1
    outer loop
      vertex -8.33355 12.472 25
      vertex -10.0003 14.9665 25
      vertex -9 15.5885 25
    endloop
  endfacet
  facet normal 0 0 -1
    outer loop
      vertex -11.8682 13.5331 25
      vertex -9.89019 11.2776 25
      vertex -10.6066 10.6066 25
    endloop
  endfacet
  facet normal 0 0 -1
    outer loop
      vertex -9.13142 11.9003 25
      vertex -10.9577 14.2804 25
      vertex -10.0003 14.9665 25
    endloop
  endfacet
  facet normal 0 0 -1
    outer loop
      vertex -12.7279 12.7279 25
      vertex -10.6066 10.6066 25
      vertex -11.2776 9.89019 25
    endloop
  endfacet
  facet normal 0 0 -1
    outer loop
      vertex -9.89019 11.2776 25
      vertex -11.8682 13.5331 25
      vertex -10.9577 14.2804 25
    endloop
  endfacet
  facet normal 0 0 -1
    outer loop
      vertex -13.5331 11.8682 25
      vertex -11.2776 9.89019 25
      vertex -11.9003 9.13142 25
    endloop
  endfacet
  facet normal 0 0 -1
    outer loop
      vertex -14.2804 10.9577 25
      vertex -11.9003 9.13142 25
      vertex -12.472 8.33355 25
    endloop
  endfacet
  facet normal 0 0 -1
    outer loop
      vertex -10.6066 10.6066 25
      vertex -12.7279 12.7279 25
      vertex -11.8682 13.5331 25
    endloop
  endfacet
  facet normal 0 0 -1
    outer loop
      vertex -14.9665 10.0003 25
      vertex -12.472 8.33355 25
      vertex -12.9904 7.5 25
    endloop
  endfacet
  facet normal 0 0 -1
    outer loop
      vertex -15.5885 9 25
      vertex -12.9904 7.5 25
      vertex -13.4531 6.63433 25
    endloop
  endfacet
  facet normal 0 0 -1
    outer loop
      vertex -11.2776 9.89019 25
      vertex -13.5331 11.8682 25
      vertex -12.7279 12.7279 25
    endloop
  endfacet
  facet normal 0 0 -1
    outer loop
      vertex -16.1437 7.9612 25
      vertex -13.4531 6.63433 25
      vertex -13.8582 5.74025 25
    endloop
  endfacet
  facet normal 0 0 -1
    outer loop
      vertex -16.6298 6.8883 25
      vertex -13.8582 5.74025 25
      vertex -14.204 4.82159 25
    endloop
  endfacet
  facet normal 0 0 -1
    outer loop
      vertex -11.9003 9.13142 25
      vertex -14.2804 10.9577 25
      vertex -13.5331 11.8682 25
    endloop
  endfacet
  facet normal 0 0 -1
    outer loop
      vertex -17.0447 5.78591 25
      vertex -14.204 4.82159 25
      vertex -14.4889 3.88229 25
    endloop
  endfacet
  facet normal 0 0 -1
    outer loop
      vertex -17.3867 4.65874 25
      vertex -14.4889 3.88229 25
      vertex -14.7118 2.92635 25
    endloop
  endfacet
  facet normal 0 0 -1
    outer loop
      vertex -17.6541 3.51163 25
      vertex -14.7118 2.92635 25
      vertex -14.8717 1.95789 25
    endloop
  endfacet
  facet normal 0 0 -1
    outer loop
      vertex -12.472 8.33355 25
      vertex -14.9665 10.0003 25
      vertex -14.2804 10.9577 25
    endloop
  endfacet
  facet normal 0 0 -1
    outer loop
      vertex -17.846 2.34947 25
      vertex -14.8717 1.95789 25
      vertex -14.9679 0.981047 25
    endloop
  endfacet
  facet normal 0 0 -1
    outer loop
      vertex -17.9615 1.17726 25
      vertex -14.9679 0.981047 25
      vertex -15 0 25
    endloop
  endfacet
  facet normal -0 0 -1
    outer loop
      vertex -14.4889 -3.88229 25
      vertex -17.3867 -4.65874 25
      vertex -14.7118 -2.92635 25
    endloop
  endfacet
  facet normal 0 0 -1
    outer loop
      vertex -12.9904 7.5 25
      vertex -15.5885 9 25
      vertex -14.9665 10.0003 25
    endloop
  endfacet
  facet normal 0 0 -1
    outer loop
      vertex -17.6541 -3.51163 25
      vertex -14.7118 -2.92635 25
      vertex -17.3867 -4.65874 25
    endloop
  endfacet
  facet normal 0 0 -1
    outer loop
      vertex -13.4531 6.63433 25
      vertex -16.1437 7.9612 25
      vertex -15.5885 9 25
    endloop
  endfacet
  facet normal -0 0 -1
    outer loop
      vertex -14.7118 -2.92635 25
      vertex -17.6541 -3.51163 25
      vertex -14.8717 -1.95789 25
    endloop
  endfacet
  facet normal 0 0 -1
    outer loop
      vertex -13.8582 5.74025 25
      vertex -16.6298 6.8883 25
      vertex -16.1437 7.9612 25
    endloop
  endfacet
  facet normal 0 0 -1
    outer loop
      vertex -17.846 -2.34947 25
      vertex -14.8717 -1.95789 25
      vertex -17.6541 -3.51163 25
    endloop
  endfacet
  facet normal 0 0 -1
    outer loop
      vertex -14.204 4.82159 25
      vertex -17.0447 5.78591 25
      vertex -16.6298 6.8883 25
    endloop
  endfacet
  facet normal -0 0 -1
    outer loop
      vertex -14.8717 -1.95789 25
      vertex -17.846 -2.34947 25
      vertex -14.9679 -0.981047 25
    endloop
  endfacet
  facet normal 0 0 -1
    outer loop
      vertex -14.4889 3.88229 25
      vertex -17.3867 4.65874 25
      vertex -17.0447 5.78591 25
    endloop
  endfacet
  facet normal 0 0 -1
    outer loop
      vertex -17.9615 -1.17726 25
      vertex -14.9679 -0.981047 25
      vertex -17.846 -2.34947 25
    endloop
  endfacet
  facet normal 0 0 -1
    outer loop
      vertex -14.7118 2.92635 25
      vertex -17.6541 3.51163 25
      vertex -17.3867 4.65874 25
    endloop
  endfacet
  facet normal -0 0 -1
    outer loop
      vertex -14.9679 -0.981047 25
      vertex -17.9615 -1.17726 25
      vertex -15 0 25
    endloop
  endfacet
  facet normal 0 0 -1
    outer loop
      vertex -14.8717 1.95789 25
      vertex -17.846 2.34947 25
      vertex -17.6541 3.51163 25
    endloop
  endfacet
  facet normal 0 0 -1
    outer loop
      vertex -18 0 25
      vertex -15 0 25
      vertex -17.9615 -1.17726 25
    endloop
  endfacet
  facet normal 0 0 -1
    outer loop
      vertex -14.9679 0.981047 25
      vertex -17.9615 1.17726 25
      vertex -17.846 2.34947 25
    endloop
  endfacet
  facet normal 0 0 -1
    outer loop
      vertex -15 0 25
      vertex -18 0 25
      vertex -17.9615 1.17726 25
    endloop
  endfacet
  facet normal -0.95695 0.290253 0
    outer loop
      vertex -14.4889 3.88229 -25
      vertex -14.204 4.82159 -13.1
      vertex -14.204 4.82159 -25
    endloop
  endfacet
  facet normal -0.95695 0.290253 0
    outer loop
      vertex -14.204 4.82159 -13.1
      vertex -14.4889 3.88229 -25
      vertex -14.4889 3.88229 -13.1
    endloop
  endfacet
  facet normal -0.95695 0.290253 0
    outer loop
      vertex -14.4889 3.88229 -11.9
      vertex -14.204 4.82159 25
      vertex -14.204 4.82159 -11.9
    endloop
  endfacet
  facet normal -0.95695 0.290253 0
    outer loop
      vertex -14.204 4.82159 25
      vertex -14.4889 3.88229 -11.9
      vertex -14.4889 3.88229 25
    endloop
  endfacet
  facet normal 0.683594 -0.729863 0
    outer loop
      vertex 11.8682 -13.5331 25
      vertex 12.7279 -12.7279 28
      vertex 11.8682 -13.5331 28
    endloop
  endfacet
  facet normal 0.683594 -0.729863 0
    outer loop
      vertex 12.7279 -12.7279 28
      vertex 11.8682 -13.5331 25
      vertex 12.7279 -12.7279 25
    endloop
  endfacet
  facet normal 0.995181 0.098057 0
    outer loop
      vertex 17.9615 1.17726 28
      vertex 17.846 2.34947 25
      vertex 17.846 2.34947 28
    endloop
  endfacet
  facet normal 0.995181 0.098057 0
    outer loop
      vertex 17.846 2.34947 25
      vertex 17.9615 1.17726 28
      vertex 17.9615 1.17726 25
    endloop
  endfacet
  facet normal 0.999466 0.0326856 0
    outer loop
      vertex 18 0 28
      vertex 17.9615 1.17726 25
      vertex 17.9615 1.17726 28
    endloop
  endfacet
  facet normal 0.999466 0.0326856 0
    outer loop
      vertex 17.9615 1.17726 25
      vertex 18 0 28
      vertex 18 0 25
    endloop
  endfacet
  facet normal 0.849212 0.528052 0
    outer loop
      vertex 15.5885 9 28
      vertex 14.9665 10.0003 25
      vertex 14.9665 10.0003 28
    endloop
  endfacet
  facet normal 0.849212 0.528052 0
    outer loop
      vertex 14.9665 10.0003 25
      vertex 15.5885 9 28
      vertex 15.5885 9 25
    endloop
  endfacet
  facet normal 0.471364 -0.881939 0
    outer loop
      vertex 7.9612 -16.1437 25
      vertex 9 -15.5885 28
      vertex 7.9612 -16.1437 28
    endloop
  endfacet
  facet normal 0.471364 -0.881939 0
    outer loop
      vertex 9 -15.5885 28
      vertex 7.9612 -16.1437 25
      vertex 9 -15.5885 25
    endloop
  endfacet
  facet normal 0.227021 0.97389 -0
    outer loop
      vertex 4.65874 17.3867 25
      vertex 3.51163 17.6541 28
      vertex 4.65874 17.3867 28
    endloop
  endfacet
  facet normal 0.227021 0.97389 0
    outer loop
      vertex 3.51163 17.6541 28
      vertex 4.65874 17.3867 25
      vertex 3.51163 17.6541 25
    endloop
  endfacet
  facet normal -0.63443 0.77298 0
    outer loop
      vertex -10.9577 14.2804 25
      vertex -11.8682 13.5331 28
      vertex -10.9577 14.2804 28
    endloop
  endfacet
  facet normal -0.63443 0.77298 0
    outer loop
      vertex -11.8682 13.5331 28
      vertex -10.9577 14.2804 25
      vertex -11.8682 13.5331 25
    endloop
  endfacet
  facet normal 0.352242 -0.935909 0
    outer loop
      vertex 5.78591 -17.0447 25
      vertex 6.8883 -16.6298 28
      vertex 5.78591 -17.0447 28
    endloop
  endfacet
  facet normal 0.352242 -0.935909 0
    outer loop
      vertex 6.8883 -16.6298 28
      vertex 5.78591 -17.0447 25
      vertex 6.8883 -16.6298 25
    endloop
  endfacet
  facet normal 0.41269 0.910872 -0
    outer loop
      vertex 7.9612 16.1437 25
      vertex 6.8883 16.6298 28
      vertex 7.9612 16.1437 28
    endloop
  endfacet
  facet normal 0.41269 0.910872 0
    outer loop
      vertex 6.8883 16.6298 28
      vertex 7.9612 16.1437 25
      vertex 6.8883 16.6298 25
    endloop
  endfacet
  facet normal 0.098057 0.995181 -0
    outer loop
      vertex 2.34947 17.846 25
      vertex 1.17726 17.9615 28
      vertex 2.34947 17.846 28
    endloop
  endfacet
  facet normal 0.098057 0.995181 0
    outer loop
      vertex 1.17726 17.9615 28
      vertex 2.34947 17.846 25
      vertex 1.17726 17.9615 25
    endloop
  endfacet
  facet normal -0.935909 -0.352242 0
    outer loop
      vertex -16.6298 -6.8883 25
      vertex -17.0447 -5.78591 28
      vertex -17.0447 -5.78591 25
    endloop
  endfacet
  facet normal -0.935909 -0.352242 0
    outer loop
      vertex -17.0447 -5.78591 28
      vertex -16.6298 -6.8883 25
      vertex -16.6298 -6.8883 28
    endloop
  endfacet
  facet normal -0.995181 0.098057 0
    outer loop
      vertex -17.9615 1.17726 25
      vertex -17.846 2.34947 28
      vertex -17.846 2.34947 25
    endloop
  endfacet
  facet normal -0.995181 0.098057 0
    outer loop
      vertex -17.846 2.34947 28
      vertex -17.9615 1.17726 25
      vertex -17.9615 1.17726 28
    endloop
  endfacet
  facet normal -0.683594 0.729863 0
    outer loop
      vertex -11.8682 13.5331 25
      vertex -12.7279 12.7279 28
      vertex -11.8682 13.5331 28
    endloop
  endfacet
  facet normal -0.683594 0.729863 0
    outer loop
      vertex -12.7279 12.7279 28
      vertex -11.8682 13.5331 25
      vertex -12.7279 12.7279 25
    endloop
  endfacet
  facet normal 0.956922 0.290344 0
    outer loop
      vertex 17.3867 4.65874 28
      vertex 17.0447 5.78591 25
      vertex 17.0447 5.78591 28
    endloop
  endfacet
  facet normal 0.956922 0.290344 0
    outer loop
      vertex 17.0447 5.78591 25
      vertex 17.3867 4.65874 28
      vertex 17.3867 4.65874 25
    endloop
  endfacet
  facet normal -0.910872 0.41269 0
    outer loop
      vertex -16.6298 6.8883 25
      vertex -16.1437 7.9612 28
      vertex -16.1437 7.9612 25
    endloop
  endfacet
  facet normal -0.910872 0.41269 0
    outer loop
      vertex -16.1437 7.9612 28
      vertex -16.6298 6.8883 25
      vertex -16.6298 6.8883 28
    endloop
  endfacet
  facet normal 0.77298 -0.63443 0
    outer loop
      vertex 13.5331 -11.8682 28
      vertex 14.2804 -10.9577 25
      vertex 14.2804 -10.9577 28
    endloop
  endfacet
  facet normal 0.77298 -0.63443 0
    outer loop
      vertex 14.2804 -10.9577 25
      vertex 13.5331 -11.8682 28
      vertex 13.5331 -11.8682 25
    endloop
  endfacet
  facet normal -0.935909 0.352242 0
    outer loop
      vertex -17.0447 5.78591 25
      vertex -16.6298 6.8883 28
      vertex -16.6298 6.8883 25
    endloop
  endfacet
  facet normal -0.935909 0.352242 0
    outer loop
      vertex -16.6298 6.8883 28
      vertex -17.0447 5.78591 25
      vertex -17.0447 5.78591 28
    endloop
  endfacet
  facet normal -0.729863 -0.683594 0
    outer loop
      vertex -12.7279 -12.7279 25
      vertex -13.5331 -11.8682 28
      vertex -13.5331 -11.8682 25
    endloop
  endfacet
  facet normal -0.729863 -0.683594 0
    outer loop
      vertex -13.5331 -11.8682 28
      vertex -12.7279 -12.7279 25
      vertex -12.7279 -12.7279 28
    endloop
  endfacet
  facet normal 0.290344 0.956922 -0
    outer loop
      vertex 5.78591 17.0447 25
      vertex 4.65874 17.3867 28
      vertex 5.78591 17.0447 28
    endloop
  endfacet
  facet normal 0.290344 0.956922 0
    outer loop
      vertex 4.65874 17.3867 28
      vertex 5.78591 17.0447 25
      vertex 4.65874 17.3867 25
    endloop
  endfacet
  facet normal -0.812832 0.582498 0
    outer loop
      vertex -14.9665 10.0003 25
      vertex -14.2804 10.9577 28
      vertex -14.2804 10.9577 25
    endloop
  endfacet
  facet normal -0.812832 0.582498 0
    outer loop
      vertex -14.2804 10.9577 28
      vertex -14.9665 10.0003 25
      vertex -14.9665 10.0003 28
    endloop
  endfacet
  facet normal 0.162917 0.98664 -0
    outer loop
      vertex 3.51163 17.6541 25
      vertex 2.34947 17.846 28
      vertex 3.51163 17.6541 28
    endloop
  endfacet
  facet normal 0.162917 0.98664 0
    outer loop
      vertex 2.34947 17.846 28
      vertex 3.51163 17.6541 25
      vertex 2.34947 17.846 25
    endloop
  endfacet
  facet normal 0.812832 0.582498 0
    outer loop
      vertex 14.9665 10.0003 28
      vertex 14.2804 10.9577 25
      vertex 14.2804 10.9577 28
    endloop
  endfacet
  facet normal 0.812832 0.582498 0
    outer loop
      vertex 14.2804 10.9577 25
      vertex 14.9665 10.0003 28
      vertex 14.9665 10.0003 25
    endloop
  endfacet
  facet normal -0.812832 -0.582498 0
    outer loop
      vertex -14.2804 -10.9577 25
      vertex -14.9665 -10.0003 28
      vertex -14.9665 -10.0003 25
    endloop
  endfacet
  facet normal -0.812832 -0.582498 0
    outer loop
      vertex -14.9665 -10.0003 28
      vertex -14.2804 -10.9577 25
      vertex -14.2804 -10.9577 28
    endloop
  endfacet
  facet normal 0.582498 0.812832 -0
    outer loop
      vertex 10.9577 14.2804 25
      vertex 10.0003 14.9665 28
      vertex 10.9577 14.2804 28
    endloop
  endfacet
  facet normal 0.582498 0.812832 0
    outer loop
      vertex 10.0003 14.9665 28
      vertex 10.9577 14.2804 25
      vertex 10.0003 14.9665 25
    endloop
  endfacet
  facet normal -0.582498 0.812832 0
    outer loop
      vertex -10.0003 14.9665 25
      vertex -10.9577 14.2804 28
      vertex -10.0003 14.9665 28
    endloop
  endfacet
  facet normal -0.582498 0.812832 0
    outer loop
      vertex -10.9577 14.2804 28
      vertex -10.0003 14.9665 25
      vertex -10.9577 14.2804 25
    endloop
  endfacet
  facet normal 0.63443 -0.77298 0
    outer loop
      vertex 10.9577 -14.2804 25
      vertex 11.8682 -13.5331 28
      vertex 10.9577 -14.2804 28
    endloop
  endfacet
  facet normal 0.63443 -0.77298 0
    outer loop
      vertex 11.8682 -13.5331 28
      vertex 10.9577 -14.2804 25
      vertex 11.8682 -13.5331 25
    endloop
  endfacet
  facet normal 0.227021 -0.97389 0
    outer loop
      vertex 3.51163 -17.6541 25
      vertex 4.65874 -17.3867 28
      vertex 3.51163 -17.6541 28
    endloop
  endfacet
  facet normal 0.227021 -0.97389 0
    outer loop
      vertex 4.65874 -17.3867 28
      vertex 3.51163 -17.6541 25
      vertex 4.65874 -17.3867 25
    endloop
  endfacet
  facet normal 0.528052 0.849212 -0
    outer loop
      vertex 10.0003 14.9665 25
      vertex 9 15.5885 28
      vertex 10.0003 14.9665 28
    endloop
  endfacet
  facet normal 0.528052 0.849212 0
    outer loop
      vertex 9 15.5885 28
      vertex 10.0003 14.9665 25
      vertex 9 15.5885 25
    endloop
  endfacet
  facet normal 0.97389 0.227021 0
    outer loop
      vertex 17.6541 3.51163 28
      vertex 17.3867 4.65874 25
      vertex 17.3867 4.65874 28
    endloop
  endfacet
  facet normal 0.97389 0.227021 0
    outer loop
      vertex 17.3867 4.65874 25
      vertex 17.6541 3.51163 28
      vertex 17.6541 3.51163 25
    endloop
  endfacet
  facet normal -0.352242 0.935909 0
    outer loop
      vertex -5.78591 17.0447 25
      vertex -6.8883 16.6298 28
      vertex -5.78591 17.0447 28
    endloop
  endfacet
  facet normal -0.352242 0.935909 0
    outer loop
      vertex -6.8883 16.6298 28
      vertex -5.78591 17.0447 25
      vertex -6.8883 16.6298 25
    endloop
  endfacet
  facet normal 0.582498 -0.812832 0
    outer loop
      vertex 10.0003 -14.9665 25
      vertex 10.9577 -14.2804 28
      vertex 10.0003 -14.9665 28
    endloop
  endfacet
  facet normal 0.582498 -0.812832 0
    outer loop
      vertex 10.9577 -14.2804 28
      vertex 10.0003 -14.9665 25
      vertex 10.9577 -14.2804 25
    endloop
  endfacet
  facet normal 0.162917 -0.98664 0
    outer loop
      vertex 2.34947 -17.846 25
      vertex 3.51163 -17.6541 28
      vertex 2.34947 -17.846 28
    endloop
  endfacet
  facet normal 0.162917 -0.98664 0
    outer loop
      vertex 3.51163 -17.6541 28
      vertex 2.34947 -17.846 25
      vertex 3.51163 -17.6541 25
    endloop
  endfacet
  facet normal 0.098057 -0.995181 0
    outer loop
      vertex 1.17726 -17.9615 25
      vertex 2.34947 -17.846 28
      vertex 1.17726 -17.9615 28
    endloop
  endfacet
  facet normal 0.098057 -0.995181 0
    outer loop
      vertex 2.34947 -17.846 28
      vertex 1.17726 -17.9615 25
      vertex 2.34947 -17.846 25
    endloop
  endfacet
  facet normal 0.910872 0.41269 0
    outer loop
      vertex 16.6298 6.8883 28
      vertex 16.1437 7.9612 25
      vertex 16.1437 7.9612 28
    endloop
  endfacet
  facet normal 0.910872 0.41269 0
    outer loop
      vertex 16.1437 7.9612 25
      vertex 16.6298 6.8883 28
      vertex 16.6298 6.8883 25
    endloop
  endfacet
  facet normal 0.683594 0.729863 -0
    outer loop
      vertex 12.7279 12.7279 25
      vertex 11.8682 13.5331 28
      vertex 12.7279 12.7279 28
    endloop
  endfacet
  facet normal 0.683594 0.729863 0
    outer loop
      vertex 11.8682 13.5331 28
      vertex 12.7279 12.7279 25
      vertex 11.8682 13.5331 25
    endloop
  endfacet
  facet normal -0.162917 0.98664 0
    outer loop
      vertex -2.34947 17.846 25
      vertex -3.51163 17.6541 28
      vertex -2.34947 17.846 28
    endloop
  endfacet
  facet normal -0.162917 0.98664 0
    outer loop
      vertex -3.51163 17.6541 28
      vertex -2.34947 17.846 25
      vertex -3.51163 17.6541 25
    endloop
  endfacet
  facet normal -0.77298 0.63443 0
    outer loop
      vertex -14.2804 10.9577 25
      vertex -13.5331 11.8682 28
      vertex -13.5331 11.8682 25
    endloop
  endfacet
  facet normal -0.77298 0.63443 0
    outer loop
      vertex -13.5331 11.8682 28
      vertex -14.2804 10.9577 25
      vertex -14.2804 10.9577 28
    endloop
  endfacet
  facet normal 0.41269 -0.910872 0
    outer loop
      vertex 6.8883 -16.6298 25
      vertex 7.9612 -16.1437 28
      vertex 6.8883 -16.6298 28
    endloop
  endfacet
  facet normal 0.41269 -0.910872 0
    outer loop
      vertex 7.9612 -16.1437 28
      vertex 6.8883 -16.6298 25
      vertex 7.9612 -16.1437 25
    endloop
  endfacet
  facet normal -0.956922 0.290344 0
    outer loop
      vertex -17.3867 4.65874 25
      vertex -17.0447 5.78591 28
      vertex -17.0447 5.78591 25
    endloop
  endfacet
  facet normal -0.956922 0.290344 0
    outer loop
      vertex -17.0447 5.78591 28
      vertex -17.3867 4.65874 25
      vertex -17.3867 4.65874 28
    endloop
  endfacet
  facet normal -0.0326856 0.999466 0
    outer loop
      vertex 0 18 25
      vertex -1.17726 17.9615 28
      vertex 0 18 28
    endloop
  endfacet
  facet normal -0.0326856 0.999466 0
    outer loop
      vertex -1.17726 17.9615 28
      vertex 0 18 25
      vertex -1.17726 17.9615 25
    endloop
  endfacet
  facet normal -0.162917 -0.98664 0
    outer loop
      vertex -3.51163 -17.6541 25
      vertex -2.34947 -17.846 28
      vertex -3.51163 -17.6541 28
    endloop
  endfacet
  facet normal -0.162917 -0.98664 -0
    outer loop
      vertex -2.34947 -17.846 28
      vertex -3.51163 -17.6541 25
      vertex -2.34947 -17.846 25
    endloop
  endfacet
  facet normal 0.881939 -0.471364 0
    outer loop
      vertex 15.5885 -9 28
      vertex 16.1437 -7.9612 25
      vertex 16.1437 -7.9612 28
    endloop
  endfacet
  facet normal 0.881939 -0.471364 0
    outer loop
      vertex 16.1437 -7.9612 25
      vertex 15.5885 -9 28
      vertex 15.5885 -9 25
    endloop
  endfacet
  facet normal 0.352242 0.935909 -0
    outer loop
      vertex 6.8883 16.6298 25
      vertex 5.78591 17.0447 28
      vertex 6.8883 16.6298 28
    endloop
  endfacet
  facet normal 0.352242 0.935909 0
    outer loop
      vertex 5.78591 17.0447 28
      vertex 6.8883 16.6298 25
      vertex 5.78591 17.0447 25
    endloop
  endfacet
  facet normal 0.935909 -0.352242 0
    outer loop
      vertex 16.6298 -6.8883 28
      vertex 17.0447 -5.78591 25
      vertex 17.0447 -5.78591 28
    endloop
  endfacet
  facet normal 0.935909 -0.352242 0
    outer loop
      vertex 17.0447 -5.78591 25
      vertex 16.6298 -6.8883 28
      vertex 16.6298 -6.8883 25
    endloop
  endfacet
  facet normal -0.849212 0.528052 0
    outer loop
      vertex -15.5885 9 25
      vertex -14.9665 10.0003 28
      vertex -14.9665 10.0003 25
    endloop
  endfacet
  facet normal -0.849212 0.528052 0
    outer loop
      vertex -14.9665 10.0003 28
      vertex -15.5885 9 25
      vertex -15.5885 9 28
    endloop
  endfacet
  facet normal 0.849212 -0.528052 0
    outer loop
      vertex 14.9665 -10.0003 28
      vertex 15.5885 -9 25
      vertex 15.5885 -9 28
    endloop
  endfacet
  facet normal 0.849212 -0.528052 0
    outer loop
      vertex 15.5885 -9 25
      vertex 14.9665 -10.0003 28
      vertex 14.9665 -10.0003 25
    endloop
  endfacet
  facet normal 0.471364 0.881939 -0
    outer loop
      vertex 9 15.5885 25
      vertex 7.9612 16.1437 28
      vertex 9 15.5885 28
    endloop
  endfacet
  facet normal 0.471364 0.881939 0
    outer loop
      vertex 7.9612 16.1437 28
      vertex 9 15.5885 25
      vertex 7.9612 16.1437 25
    endloop
  endfacet
  facet normal -0.881939 -0.471364 0
    outer loop
      vertex -15.5885 -9 25
      vertex -16.1437 -7.9612 28
      vertex -16.1437 -7.9612 25
    endloop
  endfacet
  facet normal -0.881939 -0.471364 0
    outer loop
      vertex -16.1437 -7.9612 28
      vertex -15.5885 -9 25
      vertex -15.5885 -9 28
    endloop
  endfacet
  facet normal 0.98664 -0.162917 0
    outer loop
      vertex 17.6541 -3.51163 28
      vertex 17.846 -2.34947 25
      vertex 17.846 -2.34947 28
    endloop
  endfacet
  facet normal 0.98664 -0.162917 0
    outer loop
      vertex 17.846 -2.34947 25
      vertex 17.6541 -3.51163 28
      vertex 17.6541 -3.51163 25
    endloop
  endfacet
  facet normal -0.227021 -0.97389 0
    outer loop
      vertex -4.65874 -17.3867 25
      vertex -3.51163 -17.6541 28
      vertex -4.65874 -17.3867 28
    endloop
  endfacet
  facet normal -0.227021 -0.97389 -0
    outer loop
      vertex -3.51163 -17.6541 28
      vertex -4.65874 -17.3867 25
      vertex -3.51163 -17.6541 25
    endloop
  endfacet
  facet normal -0.98664 -0.162917 0
    outer loop
      vertex -17.6541 -3.51163 25
      vertex -17.846 -2.34947 28
      vertex -17.846 -2.34947 25
    endloop
  endfacet
  facet normal -0.98664 -0.162917 0
    outer loop
      vertex -17.846 -2.34947 28
      vertex -17.6541 -3.51163 25
      vertex -17.6541 -3.51163 28
    endloop
  endfacet
  facet normal 0.881939 0.471364 0
    outer loop
      vertex 16.1437 7.9612 28
      vertex 15.5885 9 25
      vertex 15.5885 9 28
    endloop
  endfacet
  facet normal 0.881939 0.471364 0
    outer loop
      vertex 15.5885 9 25
      vertex 16.1437 7.9612 28
      vertex 16.1437 7.9612 25
    endloop
  endfacet
  facet normal 0.729863 0.683594 0
    outer loop
      vertex 13.5331 11.8682 28
      vertex 12.7279 12.7279 25
      vertex 12.7279 12.7279 28
    endloop
  endfacet
  facet normal 0.729863 0.683594 0
    outer loop
      vertex 12.7279 12.7279 25
      vertex 13.5331 11.8682 28
      vertex 13.5331 11.8682 25
    endloop
  endfacet
  facet normal 0.0326856 0.999466 -0
    outer loop
      vertex 1.17726 17.9615 25
      vertex 0 18 28
      vertex 1.17726 17.9615 28
    endloop
  endfacet
  facet normal 0.0326856 0.999466 0
    outer loop
      vertex 0 18 28
      vertex 1.17726 17.9615 25
      vertex 0 18 25
    endloop
  endfacet
  facet normal -0.849212 -0.528052 0
    outer loop
      vertex -14.9665 -10.0003 25
      vertex -15.5885 -9 28
      vertex -15.5885 -9 25
    endloop
  endfacet
  facet normal -0.849212 -0.528052 0
    outer loop
      vertex -15.5885 -9 28
      vertex -14.9665 -10.0003 25
      vertex -14.9665 -10.0003 28
    endloop
  endfacet
  facet normal -0.352242 -0.935909 0
    outer loop
      vertex -6.8883 -16.6298 25
      vertex -5.78591 -17.0447 28
      vertex -6.8883 -16.6298 28
    endloop
  endfacet
  facet normal -0.352242 -0.935909 -0
    outer loop
      vertex -5.78591 -17.0447 28
      vertex -6.8883 -16.6298 25
      vertex -5.78591 -17.0447 25
    endloop
  endfacet
  facet normal -0.471364 0.881939 0
    outer loop
      vertex -7.9612 16.1437 25
      vertex -9 15.5885 28
      vertex -7.9612 16.1437 28
    endloop
  endfacet
  facet normal -0.471364 0.881939 0
    outer loop
      vertex -9 15.5885 28
      vertex -7.9612 16.1437 25
      vertex -9 15.5885 25
    endloop
  endfacet
  facet normal -0.098057 0.995181 0
    outer loop
      vertex -1.17726 17.9615 25
      vertex -2.34947 17.846 28
      vertex -1.17726 17.9615 28
    endloop
  endfacet
  facet normal -0.098057 0.995181 0
    outer loop
      vertex -2.34947 17.846 28
      vertex -1.17726 17.9615 25
      vertex -2.34947 17.846 25
    endloop
  endfacet
  facet normal -0.227021 0.97389 0
    outer loop
      vertex -3.51163 17.6541 25
      vertex -4.65874 17.3867 28
      vertex -3.51163 17.6541 28
    endloop
  endfacet
  facet normal -0.227021 0.97389 0
    outer loop
      vertex -4.65874 17.3867 28
      vertex -3.51163 17.6541 25
      vertex -4.65874 17.3867 25
    endloop
  endfacet
  facet normal 0.0326856 -0.999466 0
    outer loop
      vertex 0 -18 25
      vertex 1.17726 -17.9615 28
      vertex 0 -18 28
    endloop
  endfacet
  facet normal 0.0326856 -0.999466 0
    outer loop
      vertex 1.17726 -17.9615 28
      vertex 0 -18 25
      vertex 1.17726 -17.9615 25
    endloop
  endfacet
  facet normal -0.0326856 -0.999466 0
    outer loop
      vertex -1.17726 -17.9615 25
      vertex 0 -18 28
      vertex -1.17726 -17.9615 28
    endloop
  endfacet
  facet normal -0.0326856 -0.999466 -0
    outer loop
      vertex 0 -18 28
      vertex -1.17726 -17.9615 25
      vertex 0 -18 25
    endloop
  endfacet
  facet normal 0.77298 0.63443 0
    outer loop
      vertex 14.2804 10.9577 28
      vertex 13.5331 11.8682 25
      vertex 13.5331 11.8682 28
    endloop
  endfacet
  facet normal 0.77298 0.63443 0
    outer loop
      vertex 13.5331 11.8682 25
      vertex 14.2804 10.9577 28
      vertex 14.2804 10.9577 25
    endloop
  endfacet
  facet normal 0.812832 -0.582498 0
    outer loop
      vertex 14.2804 -10.9577 28
      vertex 14.9665 -10.0003 25
      vertex 14.9665 -10.0003 28
    endloop
  endfacet
  facet normal 0.812832 -0.582498 0
    outer loop
      vertex 14.9665 -10.0003 25
      vertex 14.2804 -10.9577 28
      vertex 14.2804 -10.9577 25
    endloop
  endfacet
  facet normal -0.97389 -0.227021 0
    outer loop
      vertex -17.3867 -4.65874 25
      vertex -17.6541 -3.51163 28
      vertex -17.6541 -3.51163 25
    endloop
  endfacet
  facet normal -0.97389 -0.227021 0
    outer loop
      vertex -17.6541 -3.51163 28
      vertex -17.3867 -4.65874 25
      vertex -17.3867 -4.65874 28
    endloop
  endfacet
  facet normal -0.97389 0.227021 0
    outer loop
      vertex -17.6541 3.51163 25
      vertex -17.3867 4.65874 28
      vertex -17.3867 4.65874 25
    endloop
  endfacet
  facet normal -0.97389 0.227021 0
    outer loop
      vertex -17.3867 4.65874 28
      vertex -17.6541 3.51163 25
      vertex -17.6541 3.51163 28
    endloop
  endfacet
  facet normal 0.528052 -0.849212 0
    outer loop
      vertex 9 -15.5885 25
      vertex 10.0003 -14.9665 28
      vertex 9 -15.5885 28
    endloop
  endfacet
  facet normal 0.528052 -0.849212 0
    outer loop
      vertex 10.0003 -14.9665 28
      vertex 9 -15.5885 25
      vertex 10.0003 -14.9665 25
    endloop
  endfacet
  facet normal -0.77298 -0.63443 0
    outer loop
      vertex -13.5331 -11.8682 25
      vertex -14.2804 -10.9577 28
      vertex -14.2804 -10.9577 25
    endloop
  endfacet
  facet normal -0.77298 -0.63443 0
    outer loop
      vertex -14.2804 -10.9577 28
      vertex -13.5331 -11.8682 25
      vertex -13.5331 -11.8682 28
    endloop
  endfacet
  facet normal -0.729863 0.683594 0
    outer loop
      vertex -13.5331 11.8682 25
      vertex -12.7279 12.7279 28
      vertex -12.7279 12.7279 25
    endloop
  endfacet
  facet normal -0.729863 0.683594 0
    outer loop
      vertex -12.7279 12.7279 28
      vertex -13.5331 11.8682 25
      vertex -13.5331 11.8682 28
    endloop
  endfacet
  facet normal 0.995181 -0.098057 0
    outer loop
      vertex 17.846 -2.34947 28
      vertex 17.9615 -1.17726 25
      vertex 17.9615 -1.17726 28
    endloop
  endfacet
  facet normal 0.995181 -0.098057 0
    outer loop
      vertex 17.9615 -1.17726 25
      vertex 17.846 -2.34947 28
      vertex 17.846 -2.34947 25
    endloop
  endfacet
  facet normal -0.956922 -0.290344 0
    outer loop
      vertex -17.0447 -5.78591 25
      vertex -17.3867 -4.65874 28
      vertex -17.3867 -4.65874 25
    endloop
  endfacet
  facet normal -0.956922 -0.290344 0
    outer loop
      vertex -17.3867 -4.65874 28
      vertex -17.0447 -5.78591 25
      vertex -17.0447 -5.78591 28
    endloop
  endfacet
  facet normal -0.290344 0.956922 0
    outer loop
      vertex -4.65874 17.3867 25
      vertex -5.78591 17.0447 28
      vertex -4.65874 17.3867 28
    endloop
  endfacet
  facet normal -0.290344 0.956922 0
    outer loop
      vertex -5.78591 17.0447 28
      vertex -4.65874 17.3867 25
      vertex -5.78591 17.0447 25
    endloop
  endfacet
  facet normal -0.528052 0.849212 0
    outer loop
      vertex -9 15.5885 25
      vertex -10.0003 14.9665 28
      vertex -9 15.5885 28
    endloop
  endfacet
  facet normal -0.528052 0.849212 0
    outer loop
      vertex -10.0003 14.9665 28
      vertex -9 15.5885 25
      vertex -10.0003 14.9665 25
    endloop
  endfacet
  facet normal -0.41269 0.910872 0
    outer loop
      vertex -6.8883 16.6298 25
      vertex -7.9612 16.1437 28
      vertex -6.8883 16.6298 28
    endloop
  endfacet
  facet normal -0.41269 0.910872 0
    outer loop
      vertex -7.9612 16.1437 28
      vertex -6.8883 16.6298 25
      vertex -7.9612 16.1437 25
    endloop
  endfacet
  facet normal -0.63443 -0.77298 0
    outer loop
      vertex -11.8682 -13.5331 25
      vertex -10.9577 -14.2804 28
      vertex -11.8682 -13.5331 28
    endloop
  endfacet
  facet normal -0.63443 -0.77298 -0
    outer loop
      vertex -10.9577 -14.2804 28
      vertex -11.8682 -13.5331 25
      vertex -10.9577 -14.2804 25
    endloop
  endfacet
  facet normal 0.729863 -0.683594 0
    outer loop
      vertex 12.7279 -12.7279 28
      vertex 13.5331 -11.8682 25
      vertex 13.5331 -11.8682 28
    endloop
  endfacet
  facet normal 0.729863 -0.683594 0
    outer loop
      vertex 13.5331 -11.8682 25
      vertex 12.7279 -12.7279 28
      vertex 12.7279 -12.7279 25
    endloop
  endfacet
  facet normal 0.97389 -0.227021 0
    outer loop
      vertex 17.3867 -4.65874 28
      vertex 17.6541 -3.51163 25
      vertex 17.6541 -3.51163 28
    endloop
  endfacet
  facet normal 0.97389 -0.227021 0
    outer loop
      vertex 17.6541 -3.51163 25
      vertex 17.3867 -4.65874 28
      vertex 17.3867 -4.65874 25
    endloop
  endfacet
  facet normal -0.098057 -0.995181 0
    outer loop
      vertex -2.34947 -17.846 25
      vertex -1.17726 -17.9615 28
      vertex -2.34947 -17.846 28
    endloop
  endfacet
  facet normal -0.098057 -0.995181 -0
    outer loop
      vertex -1.17726 -17.9615 28
      vertex -2.34947 -17.846 25
      vertex -1.17726 -17.9615 25
    endloop
  endfacet
  facet normal 0.63443 0.77298 -0
    outer loop
      vertex 11.8682 13.5331 25
      vertex 10.9577 14.2804 28
      vertex 11.8682 13.5331 28
    endloop
  endfacet
  facet normal 0.63443 0.77298 0
    outer loop
      vertex 10.9577 14.2804 28
      vertex 11.8682 13.5331 25
      vertex 10.9577 14.2804 25
    endloop
  endfacet
  facet normal 0.956922 -0.290344 0
    outer loop
      vertex 17.0447 -5.78591 28
      vertex 17.3867 -4.65874 25
      vertex 17.3867 -4.65874 28
    endloop
  endfacet
  facet normal 0.956922 -0.290344 0
    outer loop
      vertex 17.3867 -4.65874 25
      vertex 17.0447 -5.78591 28
      vertex 17.0447 -5.78591 25
    endloop
  endfacet
  facet normal -0.471364 -0.881939 0
    outer loop
      vertex -9 -15.5885 25
      vertex -7.9612 -16.1437 28
      vertex -9 -15.5885 28
    endloop
  endfacet
  facet normal -0.471364 -0.881939 -0
    outer loop
      vertex -7.9612 -16.1437 28
      vertex -9 -15.5885 25
      vertex -7.9612 -16.1437 25
    endloop
  endfacet
  facet normal 0.935909 0.352242 0
    outer loop
      vertex 17.0447 5.78591 28
      vertex 16.6298 6.8883 25
      vertex 16.6298 6.8883 28
    endloop
  endfacet
  facet normal 0.935909 0.352242 0
    outer loop
      vertex 16.6298 6.8883 25
      vertex 17.0447 5.78591 28
      vertex 17.0447 5.78591 25
    endloop
  endfacet
  facet normal -0.683594 -0.729863 0
    outer loop
      vertex -12.7279 -12.7279 25
      vertex -11.8682 -13.5331 28
      vertex -12.7279 -12.7279 28
    endloop
  endfacet
  facet normal -0.683594 -0.729863 -0
    outer loop
      vertex -11.8682 -13.5331 28
      vertex -12.7279 -12.7279 25
      vertex -11.8682 -13.5331 25
    endloop
  endfacet
  facet normal 0.98664 0.162917 0
    outer loop
      vertex 17.846 2.34947 28
      vertex 17.6541 3.51163 25
      vertex 17.6541 3.51163 28
    endloop
  endfacet
  facet normal 0.98664 0.162917 0
    outer loop
      vertex 17.6541 3.51163 25
      vertex 17.846 2.34947 28
      vertex 17.846 2.34947 25
    endloop
  endfacet
  facet normal -0.881939 0.471364 0
    outer loop
      vertex -16.1437 7.9612 25
      vertex -15.5885 9 28
      vertex -15.5885 9 25
    endloop
  endfacet
  facet normal -0.881939 0.471364 0
    outer loop
      vertex -15.5885 9 28
      vertex -16.1437 7.9612 25
      vertex -16.1437 7.9612 28
    endloop
  endfacet
  facet normal -0.995181 -0.098057 0
    outer loop
      vertex -17.846 -2.34947 25
      vertex -17.9615 -1.17726 28
      vertex -17.9615 -1.17726 25
    endloop
  endfacet
  facet normal -0.995181 -0.098057 0
    outer loop
      vertex -17.9615 -1.17726 28
      vertex -17.846 -2.34947 25
      vertex -17.846 -2.34947 28
    endloop
  endfacet
  facet normal 0.290344 -0.956922 0
    outer loop
      vertex 4.65874 -17.3867 25
      vertex 5.78591 -17.0447 28
      vertex 4.65874 -17.3867 28
    endloop
  endfacet
  facet normal 0.290344 -0.956922 0
    outer loop
      vertex 5.78591 -17.0447 28
      vertex 4.65874 -17.3867 25
      vertex 5.78591 -17.0447 25
    endloop
  endfacet
  facet normal -0.98664 0.162917 0
    outer loop
      vertex -17.846 2.34947 25
      vertex -17.6541 3.51163 28
      vertex -17.6541 3.51163 25
    endloop
  endfacet
  facet normal -0.98664 0.162917 0
    outer loop
      vertex -17.6541 3.51163 28
      vertex -17.846 2.34947 25
      vertex -17.846 2.34947 28
    endloop
  endfacet
  facet normal -0.290344 -0.956922 0
    outer loop
      vertex -5.78591 -17.0447 25
      vertex -4.65874 -17.3867 28
      vertex -5.78591 -17.0447 28
    endloop
  endfacet
  facet normal -0.290344 -0.956922 -0
    outer loop
      vertex -4.65874 -17.3867 28
      vertex -5.78591 -17.0447 25
      vertex -4.65874 -17.3867 25
    endloop
  endfacet
  facet normal -0.910872 -0.41269 0
    outer loop
      vertex -16.1437 -7.9612 25
      vertex -16.6298 -6.8883 28
      vertex -16.6298 -6.8883 25
    endloop
  endfacet
  facet normal -0.910872 -0.41269 0
    outer loop
      vertex -16.6298 -6.8883 28
      vertex -16.1437 -7.9612 25
      vertex -16.1437 -7.9612 28
    endloop
  endfacet
  facet normal -0.999466 -0.0326856 0
    outer loop
      vertex -17.9615 -1.17726 25
      vertex -18 0 28
      vertex -18 0 25
    endloop
  endfacet
  facet normal -0.999466 -0.0326856 0
    outer loop
      vertex -18 0 28
      vertex -17.9615 -1.17726 25
      vertex -17.9615 -1.17726 28
    endloop
  endfacet
  facet normal 0.999466 -0.0326856 0
    outer loop
      vertex 17.9615 -1.17726 28
      vertex 18 0 25
      vertex 18 0 28
    endloop
  endfacet
  facet normal 0.999466 -0.0326856 0
    outer loop
      vertex 18 0 25
      vertex 17.9615 -1.17726 28
      vertex 17.9615 -1.17726 25
    endloop
  endfacet
  facet normal -0.528052 -0.849212 0
    outer loop
      vertex -10.0003 -14.9665 25
      vertex -9 -15.5885 28
      vertex -10.0003 -14.9665 28
    endloop
  endfacet
  facet normal -0.528052 -0.849212 -0
    outer loop
      vertex -9 -15.5885 28
      vertex -10.0003 -14.9665 25
      vertex -9 -15.5885 25
    endloop
  endfacet
  facet normal -0.999466 0.0326856 0
    outer loop
      vertex -18 0 25
      vertex -17.9615 1.17726 28
      vertex -17.9615 1.17726 25
    endloop
  endfacet
  facet normal -0.999466 0.0326856 0
    outer loop
      vertex -17.9615 1.17726 28
      vertex -18 0 25
      vertex -18 0 28
    endloop
  endfacet
  facet normal 0.910872 -0.41269 0
    outer loop
      vertex 16.1437 -7.9612 28
      vertex 16.6298 -6.8883 25
      vertex 16.6298 -6.8883 28
    endloop
  endfacet
  facet normal 0.910872 -0.41269 0
    outer loop
      vertex 16.6298 -6.8883 25
      vertex 16.1437 -7.9612 28
      vertex 16.1437 -7.9612 25
    endloop
  endfacet
  facet normal 0 0 1
    outer loop
      vertex -5.39432 -1.073 28
      vertex -9.45469 -0.663432 28
      vertex -5.31259 -1.4235 28
    endloop
  endfacet
  facet normal -0 0 1
    outer loop
      vertex -9.50096 -0.75 28
      vertex -5.31259 -1.4235 28
      vertex -9.45469 -0.663432 28
    endloop
  endfacet
  facet normal -0 0 1
    outer loop
      vertex -9.5528 -0.833355 28
      vertex -5.31259 -1.4235 28
      vertex -9.50096 -0.75 28
    endloop
  endfacet
  facet normal 0 0 1
    outer loop
      vertex -5.31259 -1.4235 28
      vertex -9.5528 -0.833355 28
      vertex -5.20812 -1.76792 28
    endloop
  endfacet
  facet normal -0 0 1
    outer loop
      vertex -9.60997 -0.913141 28
      vertex -5.20812 -1.76792 28
      vertex -9.5528 -0.833355 28
    endloop
  endfacet
  facet normal -0 0 1
    outer loop
      vertex -9.67224 -0.989018 28
      vertex -5.20812 -1.76792 28
      vertex -9.60997 -0.913141 28
    endloop
  endfacet
  facet normal 0 0 1
    outer loop
      vertex -5.20812 -1.76792 28
      vertex -9.67224 -0.989018 28
      vertex -5.08134 -2.10476 28
    endloop
  endfacet
  facet normal -0 0 1
    outer loop
      vertex -9.73934 -1.06066 28
      vertex -5.08134 -2.10476 28
      vertex -9.67224 -0.989018 28
    endloop
  endfacet
  facet normal -0 0 1
    outer loop
      vertex -9.81098 -1.12776 28
      vertex -5.08134 -2.10476 28
      vertex -9.73934 -1.06066 28
    endloop
  endfacet
  facet normal 0 0 1
    outer loop
      vertex -5.08134 -2.10476 28
      vertex -9.81098 -1.12776 28
      vertex -4.9328 -2.43259 28
    endloop
  endfacet
  facet normal -0 0 1
    outer loop
      vertex -9.88686 -1.19003 28
      vertex -4.9328 -2.43259 28
      vertex -9.81098 -1.12776 28
    endloop
  endfacet
  facet normal -0 0 1
    outer loop
      vertex -9.96664 -1.2472 28
      vertex -4.9328 -2.43259 28
      vertex -9.88686 -1.19003 28
    endloop
  endfacet
  facet normal 0 0 1
    outer loop
      vertex -4.9328 -2.43259 28
      vertex -9.96664 -1.2472 28
      vertex -4.76314 -2.75 28
    endloop
  endfacet
  facet normal -0 0 1
    outer loop
      vertex -10.05 -1.29904 28
      vertex -4.76314 -2.75 28
      vertex -9.96664 -1.2472 28
    endloop
  endfacet
  facet normal -0 0 1
    outer loop
      vertex -10.1366 -1.34531 28
      vertex -4.76314 -2.75 28
      vertex -10.05 -1.29904 28
    endloop
  endfacet
  facet normal 0 0 1
    outer loop
      vertex -4.57308 -3.05564 28
      vertex -10.0003 -14.9665 28
      vertex -9 -15.5885 28
    endloop
  endfacet
  facet normal 0 0 1
    outer loop
      vertex -4.76314 -2.75 28
      vertex -10.1366 -1.34531 28
      vertex -4.57308 -3.05564 28
    endloop
  endfacet
  facet normal -0 0 1
    outer loop
      vertex -10.226 -1.38582 28
      vertex -4.57308 -3.05564 28
      vertex -10.1366 -1.34531 28
    endloop
  endfacet
  facet normal -0 0 1
    outer loop
      vertex -10.3178 -1.42039 28
      vertex -4.57308 -3.05564 28
      vertex -10.226 -1.38582 28
    endloop
  endfacet
  facet normal -0 0 1
    outer loop
      vertex -10.4118 -1.44889 28
      vertex -4.57308 -3.05564 28
      vertex -10.3178 -1.42039 28
    endloop
  endfacet
  facet normal 0 0 1
    outer loop
      vertex -4.57308 -3.05564 28
      vertex -10.4118 -1.44889 28
      vertex -13.5331 -11.8682 28
    endloop
  endfacet
  facet normal 0 0 1
    outer loop
      vertex -13.5331 -11.8682 28
      vertex -10.4118 -1.44889 28
      vertex -10.5074 -1.47118 28
    endloop
  endfacet
  facet normal 0 0 1
    outer loop
      vertex -14.2804 -10.9577 28
      vertex -10.5074 -1.47118 28
      vertex -10.6042 -1.48717 28
    endloop
  endfacet
  facet normal 0 0 1
    outer loop
      vertex -14.9665 -10.0003 28
      vertex -10.6042 -1.48717 28
      vertex -10.7019 -1.49679 28
    endloop
  endfacet
  facet normal 0 0 1
    outer loop
      vertex -14.9665 -10.0003 28
      vertex -10.7019 -1.49679 28
      vertex -10.8 -1.5 28
    endloop
  endfacet
  facet normal 0 0 1
    outer loop
      vertex -15.5885 -9 28
      vertex -10.8 -1.5 28
      vertex -10.8981 -1.49679 28
    endloop
  endfacet
  facet normal 0 0 1
    outer loop
      vertex -4.57308 -3.05564 28
      vertex -10.9577 -14.2804 28
      vertex -10.0003 -14.9665 28
    endloop
  endfacet
  facet normal 0 0 1
    outer loop
      vertex -15.5885 -9 28
      vertex -10.8981 -1.49679 28
      vertex -10.9958 -1.48717 28
    endloop
  endfacet
  facet normal 0 0 1
    outer loop
      vertex -16.1437 -7.9612 28
      vertex -10.9958 -1.48717 28
      vertex -11.0926 -1.47118 28
    endloop
  endfacet
  facet normal 0 0 1
    outer loop
      vertex -16.1437 -7.9612 28
      vertex -11.0926 -1.47118 28
      vertex -11.1882 -1.44889 28
    endloop
  endfacet
  facet normal 0 0 1
    outer loop
      vertex -16.6298 -6.8883 28
      vertex -11.1882 -1.44889 28
      vertex -11.2822 -1.42039 28
    endloop
  endfacet
  facet normal 0 0 1
    outer loop
      vertex -16.6298 -6.8883 28
      vertex -11.2822 -1.42039 28
      vertex -11.374 -1.38582 28
    endloop
  endfacet
  facet normal 0 0 1
    outer loop
      vertex -16.6298 -6.8883 28
      vertex -11.374 -1.38582 28
      vertex -11.4634 -1.34531 28
    endloop
  endfacet
  facet normal 0 0 1
    outer loop
      vertex -17.0447 -5.78591 28
      vertex -11.4634 -1.34531 28
      vertex -11.55 -1.29904 28
    endloop
  endfacet
  facet normal 0 0 1
    outer loop
      vertex -17.0447 -5.78591 28
      vertex -11.55 -1.29904 28
      vertex -11.6334 -1.2472 28
    endloop
  endfacet
  facet normal 0 0 1
    outer loop
      vertex -17.0447 -5.78591 28
      vertex -11.6334 -1.2472 28
      vertex -11.7131 -1.19003 28
    endloop
  endfacet
  facet normal 0 0 1
    outer loop
      vertex -17.3867 -4.65874 28
      vertex -11.7131 -1.19003 28
      vertex -11.789 -1.12776 28
    endloop
  endfacet
  facet normal 0 0 1
    outer loop
      vertex -17.3867 -4.65874 28
      vertex -11.789 -1.12776 28
      vertex -11.8607 -1.06066 28
    endloop
  endfacet
  facet normal 0 0 1
    outer loop
      vertex -4.57308 -3.05564 28
      vertex -11.8682 -13.5331 28
      vertex -10.9577 -14.2804 28
    endloop
  endfacet
  facet normal 0 0 1
    outer loop
      vertex -17.6541 -3.51163 28
      vertex -11.8607 -1.06066 28
      vertex -11.9278 -0.989018 28
    endloop
  endfacet
  facet normal 0 0 1
    outer loop
      vertex -17.6541 -3.51163 28
      vertex -11.9278 -0.989018 28
      vertex -11.99 -0.913141 28
    endloop
  endfacet
  facet normal 0 0 1
    outer loop
      vertex -17.6541 -3.51163 28
      vertex -11.99 -0.913141 28
      vertex -12.0472 -0.833355 28
    endloop
  endfacet
  facet normal 0 0 1
    outer loop
      vertex -17.6541 -3.51163 28
      vertex -12.0472 -0.833355 28
      vertex -12.099 -0.75 28
    endloop
  endfacet
  facet normal 0 0 1
    outer loop
      vertex -17.846 -2.34947 28
      vertex -12.099 -0.75 28
      vertex -12.1453 -0.663432 28
    endloop
  endfacet
  facet normal 0 0 1
    outer loop
      vertex -17.846 -2.34947 28
      vertex -12.1453 -0.663432 28
      vertex -12.1858 -0.574024 28
    endloop
  endfacet
  facet normal 0 0 1
    outer loop
      vertex -17.846 -2.34947 28
      vertex -12.1858 -0.574024 28
      vertex -12.2204 -0.482159 28
    endloop
  endfacet
  facet normal 0 0 1
    outer loop
      vertex -17.9615 -1.17726 28
      vertex -12.2204 -0.482159 28
      vertex -12.2489 -0.388228 28
    endloop
  endfacet
  facet normal 0 0 1
    outer loop
      vertex -17.9615 -1.17726 28
      vertex -12.2489 -0.388228 28
      vertex -12.2712 -0.292635 28
    endloop
  endfacet
  facet normal 0 0 1
    outer loop
      vertex -17.9615 -1.17726 28
      vertex -12.2712 -0.292635 28
      vertex -12.2872 -0.195788 28
    endloop
  endfacet
  facet normal 0 0 1
    outer loop
      vertex -18 0 28
      vertex -12.2872 -0.195788 28
      vertex -12.2968 -0.0981045 28
    endloop
  endfacet
  facet normal -0 0 1
    outer loop
      vertex -18 0 28
      vertex -12.2968 -0.0981045 28
      vertex -12.3 0 28
    endloop
  endfacet
  facet normal 0 0 1
    outer loop
      vertex -12.0472 0.833355 28
      vertex -17.6541 3.51163 28
      vertex -12.099 0.75 28
    endloop
  endfacet
  facet normal 0 0 1
    outer loop
      vertex -4.57308 -3.05564 28
      vertex -12.7279 -12.7279 28
      vertex -11.8682 -13.5331 28
    endloop
  endfacet
  facet normal -0 0 1
    outer loop
      vertex -17.846 2.34947 28
      vertex -12.099 0.75 28
      vertex -17.6541 3.51163 28
    endloop
  endfacet
  facet normal 0 0 1
    outer loop
      vertex -4.57308 -3.05564 28
      vertex -13.5331 -11.8682 28
      vertex -12.7279 -12.7279 28
    endloop
  endfacet
  facet normal 0 0 1
    outer loop
      vertex -12.099 0.75 28
      vertex -17.846 2.34947 28
      vertex -12.1453 0.663432 28
    endloop
  endfacet
  facet normal 0 0 1
    outer loop
      vertex -10.5074 -1.47118 28
      vertex -14.2804 -10.9577 28
      vertex -13.5331 -11.8682 28
    endloop
  endfacet
  facet normal 0 0 1
    outer loop
      vertex -12.1453 0.663432 28
      vertex -17.846 2.34947 28
      vertex -12.1858 0.574024 28
    endloop
  endfacet
  facet normal 0 0 1
    outer loop
      vertex -10.6042 -1.48717 28
      vertex -14.9665 -10.0003 28
      vertex -14.2804 -10.9577 28
    endloop
  endfacet
  facet normal 0 0 1
    outer loop
      vertex -12.1858 0.574024 28
      vertex -17.846 2.34947 28
      vertex -12.2204 0.482159 28
    endloop
  endfacet
  facet normal 0 0 1
    outer loop
      vertex -10.8 -1.5 28
      vertex -15.5885 -9 28
      vertex -14.9665 -10.0003 28
    endloop
  endfacet
  facet normal -0 0 1
    outer loop
      vertex -17.9615 1.17726 28
      vertex -12.2204 0.482159 28
      vertex -17.846 2.34947 28
    endloop
  endfacet
  facet normal 0 0 1
    outer loop
      vertex -10.9958 -1.48717 28
      vertex -16.1437 -7.9612 28
      vertex -15.5885 -9 28
    endloop
  endfacet
  facet normal 0 0 1
    outer loop
      vertex -12.2204 0.482159 28
      vertex -17.9615 1.17726 28
      vertex -12.2489 0.388228 28
    endloop
  endfacet
  facet normal 0 0 1
    outer loop
      vertex -11.1882 -1.44889 28
      vertex -16.6298 -6.8883 28
      vertex -16.1437 -7.9612 28
    endloop
  endfacet
  facet normal 0 0 1
    outer loop
      vertex -12.2489 0.388228 28
      vertex -17.9615 1.17726 28
      vertex -12.2712 0.292635 28
    endloop
  endfacet
  facet normal 0 0 1
    outer loop
      vertex -11.4634 -1.34531 28
      vertex -17.0447 -5.78591 28
      vertex -16.6298 -6.8883 28
    endloop
  endfacet
  facet normal 0 0 1
    outer loop
      vertex -12.2712 0.292635 28
      vertex -17.9615 1.17726 28
      vertex -12.2872 0.195788 28
    endloop
  endfacet
  facet normal 0 0 1
    outer loop
      vertex -11.7131 -1.19003 28
      vertex -17.3867 -4.65874 28
      vertex -17.0447 -5.78591 28
    endloop
  endfacet
  facet normal 0 0 1
    outer loop
      vertex -18 0 28
      vertex -12.2872 0.195788 28
      vertex -17.9615 1.17726 28
    endloop
  endfacet
  facet normal 0 0 1
    outer loop
      vertex -11.8607 -1.06066 28
      vertex -17.6541 -3.51163 28
      vertex -17.3867 -4.65874 28
    endloop
  endfacet
  facet normal 0 0 1
    outer loop
      vertex -12.2872 0.195788 28
      vertex -18 0 28
      vertex -12.2968 0.0981045 28
    endloop
  endfacet
  facet normal 0 0 1
    outer loop
      vertex -12.099 -0.75 28
      vertex -17.846 -2.34947 28
      vertex -17.6541 -3.51163 28
    endloop
  endfacet
  facet normal 0 0 1
    outer loop
      vertex -12.2968 0.0981045 28
      vertex -18 0 28
      vertex -12.3 0 28
    endloop
  endfacet
  facet normal 0 0 1
    outer loop
      vertex -12.2204 -0.482159 28
      vertex -17.9615 -1.17726 28
      vertex -17.846 -2.34947 28
    endloop
  endfacet
  facet normal 0 0 1
    outer loop
      vertex -12.2872 -0.195788 28
      vertex -18 0 28
      vertex -17.9615 -1.17726 28
    endloop
  endfacet
  facet normal 0 0 1
    outer loop
      vertex 10.0003 -14.9665 28
      vertex 1.49679 -10.7019 28
      vertex 1.5 -10.8 28
    endloop
  endfacet
  facet normal 0 0 1
    outer loop
      vertex 2.10476 -5.08134 28
      vertex 1.48717 -10.6042 28
      vertex 1.49679 -10.7019 28
    endloop
  endfacet
  facet normal 0 0 1
    outer loop
      vertex 2.10476 -5.08134 28
      vertex 1.47118 -10.5074 28
      vertex 1.48717 -10.6042 28
    endloop
  endfacet
  facet normal 0 0 1
    outer loop
      vertex 2.10476 -5.08134 28
      vertex 1.44889 -10.4118 28
      vertex 1.47118 -10.5074 28
    endloop
  endfacet
  facet normal 0 0 1
    outer loop
      vertex 0.913141 -9.60997 28
      vertex 1.76792 -5.20812 28
      vertex 1.4235 -5.31259 28
    endloop
  endfacet
  facet normal 0 0 1
    outer loop
      vertex 2.10476 -5.08134 28
      vertex 1.42039 -10.3178 28
      vertex 1.44889 -10.4118 28
    endloop
  endfacet
  facet normal 0 0 1
    outer loop
      vertex 2.10476 -5.08134 28
      vertex 1.38582 -10.226 28
      vertex 1.42039 -10.3178 28
    endloop
  endfacet
  facet normal 0 0 1
    outer loop
      vertex 2.10476 -5.08134 28
      vertex 1.34531 -10.1366 28
      vertex 1.38582 -10.226 28
    endloop
  endfacet
  facet normal 0 0 1
    outer loop
      vertex 2.10476 -5.08134 28
      vertex 1.29904 -10.05 28
      vertex 1.34531 -10.1366 28
    endloop
  endfacet
  facet normal 0 0 1
    outer loop
      vertex 2.10476 -5.08134 28
      vertex 1.2472 -9.96664 28
      vertex 1.29904 -10.05 28
    endloop
  endfacet
  facet normal 0 0 1
    outer loop
      vertex 2.10476 -5.08134 28
      vertex 1.19003 -9.88686 28
      vertex 1.2472 -9.96664 28
    endloop
  endfacet
  facet normal 0 0 1
    outer loop
      vertex 2.10476 -5.08134 28
      vertex 1.12776 -9.81098 28
      vertex 1.19003 -9.88686 28
    endloop
  endfacet
  facet normal 0 0 1
    outer loop
      vertex 0.75 -9.50096 28
      vertex 1.4235 -5.31259 28
      vertex 1.073 -5.39432 28
    endloop
  endfacet
  facet normal 0 0 1
    outer loop
      vertex 2.10476 -5.08134 28
      vertex 1.06066 -9.73934 28
      vertex 1.12776 -9.81098 28
    endloop
  endfacet
  facet normal 0 0 1
    outer loop
      vertex 1.76792 -5.20812 28
      vertex 0.989018 -9.67224 28
      vertex 1.06066 -9.73934 28
    endloop
  endfacet
  facet normal 0 0 1
    outer loop
      vertex 1.76792 -5.20812 28
      vertex 0.913141 -9.60997 28
      vertex 0.989018 -9.67224 28
    endloop
  endfacet
  facet normal 0 0 1
    outer loop
      vertex 1.4235 -5.31259 28
      vertex 0.833355 -9.5528 28
      vertex 0.913141 -9.60997 28
    endloop
  endfacet
  facet normal 0 0 1
    outer loop
      vertex 1.4235 -5.31259 28
      vertex 0.75 -9.50096 28
      vertex 0.833355 -9.5528 28
    endloop
  endfacet
  facet normal 0 0 1
    outer loop
      vertex 0.482159 -9.3796 28
      vertex 1.073 -5.39432 28
      vertex 0.717894 -5.45295 28
    endloop
  endfacet
  facet normal 0 0 1
    outer loop
      vertex 1.073 -5.39432 28
      vertex 0.663432 -9.45469 28
      vertex 0.75 -9.50096 28
    endloop
  endfacet
  facet normal 0 0 1
    outer loop
      vertex 1.073 -5.39432 28
      vertex 0.574024 -9.41418 28
      vertex 0.663432 -9.45469 28
    endloop
  endfacet
  facet normal 0 0 1
    outer loop
      vertex 1.073 -5.39432 28
      vertex 0.482159 -9.3796 28
      vertex 0.574024 -9.41418 28
    endloop
  endfacet
  facet normal 0 0 1
    outer loop
      vertex 0.717894 -5.45295 28
      vertex 0.388228 -9.35111 28
      vertex 0.482159 -9.3796 28
    endloop
  endfacet
  facet normal 0 0 1
    outer loop
      vertex 0.292635 -9.32882 28
      vertex 0.717894 -5.45295 28
      vertex 0.359716 -5.48822 28
    endloop
  endfacet
  facet normal 0 0 1
    outer loop
      vertex 0.717894 -5.45295 28
      vertex 0.292635 -9.32882 28
      vertex 0.388228 -9.35111 28
    endloop
  endfacet
  facet normal 0 0 1
    outer loop
      vertex 0.359716 -5.48822 28
      vertex 0.195788 -9.31283 28
      vertex 0.292635 -9.32882 28
    endloop
  endfacet
  facet normal 0 0 1
    outer loop
      vertex 0.359716 -5.48822 28
      vertex 0.0981045 -9.30321 28
      vertex 0.195788 -9.31283 28
    endloop
  endfacet
  facet normal -0 0 1
    outer loop
      vertex 0 -5.5 28
      vertex 0.0981045 -9.30321 28
      vertex 0.359716 -5.48822 28
    endloop
  endfacet
  facet normal 0 0 1
    outer loop
      vertex 0 -5.5 28
      vertex 0 -9.3 28
      vertex 0.0981045 -9.30321 28
    endloop
  endfacet
  facet normal 0 0 1
    outer loop
      vertex 0 -5.5 28
      vertex -0.0981045 -9.30321 28
      vertex 0 -9.3 28
    endloop
  endfacet
  facet normal 0 0 1
    outer loop
      vertex -0.359716 -5.48822 28
      vertex -0.0981045 -9.30321 28
      vertex 0 -5.5 28
    endloop
  endfacet
  facet normal 0 0 1
    outer loop
      vertex -0.0981045 -9.30321 28
      vertex -0.359716 -5.48822 28
      vertex -0.195788 -9.31283 28
    endloop
  endfacet
  facet normal 0 0 1
    outer loop
      vertex -0.195788 -9.31283 28
      vertex -0.359716 -5.48822 28
      vertex -0.292635 -9.32882 28
    endloop
  endfacet
  facet normal 0 0 1
    outer loop
      vertex -0.717894 -5.45295 28
      vertex -0.292635 -9.32882 28
      vertex -0.359716 -5.48822 28
    endloop
  endfacet
  facet normal 0 0 1
    outer loop
      vertex -0.292635 -9.32882 28
      vertex -0.717894 -5.45295 28
      vertex -0.388228 -9.35111 28
    endloop
  endfacet
  facet normal 0 0 1
    outer loop
      vertex -0.388228 -9.35111 28
      vertex -0.717894 -5.45295 28
      vertex -0.482159 -9.3796 28
    endloop
  endfacet
  facet normal 0 0 1
    outer loop
      vertex -1.073 -5.39432 28
      vertex -0.482159 -9.3796 28
      vertex -0.717894 -5.45295 28
    endloop
  endfacet
  facet normal 0 0 1
    outer loop
      vertex -0.482159 -9.3796 28
      vertex -1.073 -5.39432 28
      vertex -0.574024 -9.41418 28
    endloop
  endfacet
  facet normal 0 0 1
    outer loop
      vertex -0.574024 -9.41418 28
      vertex -1.073 -5.39432 28
      vertex -0.663432 -9.45469 28
    endloop
  endfacet
  facet normal 0 0 1
    outer loop
      vertex -0.663432 -9.45469 28
      vertex -1.073 -5.39432 28
      vertex -0.75 -9.50096 28
    endloop
  endfacet
  facet normal 0 0 1
    outer loop
      vertex -1.4235 -5.31259 28
      vertex -0.75 -9.50096 28
      vertex -1.073 -5.39432 28
    endloop
  endfacet
  facet normal 0 0 1
    outer loop
      vertex -0.75 -9.50096 28
      vertex -1.4235 -5.31259 28
      vertex -0.833355 -9.5528 28
    endloop
  endfacet
  facet normal 0 0 1
    outer loop
      vertex -0.833355 -9.5528 28
      vertex -1.4235 -5.31259 28
      vertex -0.913141 -9.60997 28
    endloop
  endfacet
  facet normal 0 0 1
    outer loop
      vertex -1.76792 -5.20812 28
      vertex -0.913141 -9.60997 28
      vertex -1.4235 -5.31259 28
    endloop
  endfacet
  facet normal 0 0 1
    outer loop
      vertex -0.913141 -9.60997 28
      vertex -1.76792 -5.20812 28
      vertex -0.989018 -9.67224 28
    endloop
  endfacet
  facet normal 0 0 1
    outer loop
      vertex -0.989018 -9.67224 28
      vertex -1.76792 -5.20812 28
      vertex -1.06066 -9.73934 28
    endloop
  endfacet
  facet normal 0 0 1
    outer loop
      vertex -2.10476 -5.08134 28
      vertex -1.06066 -9.73934 28
      vertex -1.76792 -5.20812 28
    endloop
  endfacet
  facet normal 0 0 1
    outer loop
      vertex -1.06066 -9.73934 28
      vertex -2.10476 -5.08134 28
      vertex -1.12776 -9.81098 28
    endloop
  endfacet
  facet normal 0 0 1
    outer loop
      vertex -1.12776 -9.81098 28
      vertex -2.10476 -5.08134 28
      vertex -1.19003 -9.88686 28
    endloop
  endfacet
  facet normal 0 0 1
    outer loop
      vertex -2.43259 -4.9328 28
      vertex -1.19003 -9.88686 28
      vertex -2.10476 -5.08134 28
    endloop
  endfacet
  facet normal 0 0 1
    outer loop
      vertex -1.19003 -9.88686 28
      vertex -2.43259 -4.9328 28
      vertex -1.2472 -9.96664 28
    endloop
  endfacet
  facet normal 0 0 1
    outer loop
      vertex -2.75 -4.76314 28
      vertex -1.2472 -9.96664 28
      vertex -2.43259 -4.9328 28
    endloop
  endfacet
  facet normal 0 0 1
    outer loop
      vertex -1.2472 -9.96664 28
      vertex -2.75 -4.76314 28
      vertex -1.29904 -10.05 28
    endloop
  endfacet
  facet normal 0 0 1
    outer loop
      vertex -1.29904 -10.05 28
      vertex -2.75 -4.76314 28
      vertex -1.34531 -10.1366 28
    endloop
  endfacet
  facet normal 0 0 1
    outer loop
      vertex -3.05564 -4.57308 28
      vertex -1.34531 -10.1366 28
      vertex -2.75 -4.76314 28
    endloop
  endfacet
  facet normal 0 0 1
    outer loop
      vertex -1.34531 -10.1366 28
      vertex -3.05564 -4.57308 28
      vertex -1.38582 -10.226 28
    endloop
  endfacet
  facet normal 0 0 1
    outer loop
      vertex -1.38582 -10.226 28
      vertex -3.05564 -4.57308 28
      vertex -1.42039 -10.3178 28
    endloop
  endfacet
  facet normal 0 0 1
    outer loop
      vertex -3.34819 -4.36344 28
      vertex -1.42039 -10.3178 28
      vertex -3.05564 -4.57308 28
    endloop
  endfacet
  facet normal 0 0 1
    outer loop
      vertex 10.3178 -1.42039 28
      vertex 4.36344 -3.34819 28
      vertex 10.4118 -1.44889 28
    endloop
  endfacet
  facet normal 0 0 1
    outer loop
      vertex 4.13512 -3.6264 28
      vertex 10.4118 -1.44889 28
      vertex 4.36344 -3.34819 28
    endloop
  endfacet
  facet normal 0 0 1
    outer loop
      vertex 10.4118 -1.44889 28
      vertex 4.13512 -3.6264 28
      vertex 13.5331 -11.8682 28
    endloop
  endfacet
  facet normal 0 0 1
    outer loop
      vertex 13.5331 -11.8682 28
      vertex 4.13512 -3.6264 28
      vertex 12.7279 -12.7279 28
    endloop
  endfacet
  facet normal -0 0 1
    outer loop
      vertex 3.88909 -3.88909 28
      vertex 12.7279 -12.7279 28
      vertex 4.13512 -3.6264 28
    endloop
  endfacet
  facet normal 0 0 1
    outer loop
      vertex 12.7279 -12.7279 28
      vertex 3.88909 -3.88909 28
      vertex 11.8682 -13.5331 28
    endloop
  endfacet
  facet normal -0 0 1
    outer loop
      vertex 3.6264 -4.13512 28
      vertex 11.8682 -13.5331 28
      vertex 3.88909 -3.88909 28
    endloop
  endfacet
  facet normal -0 0 1
    outer loop
      vertex 1.49679 -10.7019 28
      vertex 11.8682 -13.5331 28
      vertex 3.6264 -4.13512 28
    endloop
  endfacet
  facet normal 0 0 1
    outer loop
      vertex 1.49679 -10.7019 28
      vertex 10.9577 -14.2804 28
      vertex 11.8682 -13.5331 28
    endloop
  endfacet
  facet normal 0 0 1
    outer loop
      vertex 1.49679 -10.7019 28
      vertex 10.0003 -14.9665 28
      vertex 10.9577 -14.2804 28
    endloop
  endfacet
  facet normal 0 0 1
    outer loop
      vertex 10.0003 -14.9665 28
      vertex 1.5 -10.8 28
      vertex 9 -15.5885 28
    endloop
  endfacet
  facet normal -0 0 1
    outer loop
      vertex 1.48717 -10.9958 28
      vertex 9 -15.5885 28
      vertex 1.49679 -10.8981 28
    endloop
  endfacet
  facet normal 0 0 1
    outer loop
      vertex 9 -15.5885 28
      vertex 1.48717 -10.9958 28
      vertex 7.9612 -16.1437 28
    endloop
  endfacet
  facet normal -0 0 1
    outer loop
      vertex 1.49679 -10.8981 28
      vertex 9 -15.5885 28
      vertex 1.5 -10.8 28
    endloop
  endfacet
  facet normal -0 0 1
    outer loop
      vertex 1.47118 -11.0926 28
      vertex 7.9612 -16.1437 28
      vertex 1.48717 -10.9958 28
    endloop
  endfacet
  facet normal 0 0 1
    outer loop
      vertex 1.49679 -10.7019 28
      vertex 3.6264 -4.13512 28
      vertex 3.34819 -4.36344 28
    endloop
  endfacet
  facet normal 0 0 1
    outer loop
      vertex 1.49679 -10.7019 28
      vertex 3.34819 -4.36344 28
      vertex 3.05564 -4.57308 28
    endloop
  endfacet
  facet normal 0 0 1
    outer loop
      vertex 1.49679 -10.7019 28
      vertex 3.05564 -4.57308 28
      vertex 2.75 -4.76314 28
    endloop
  endfacet
  facet normal 0 0 1
    outer loop
      vertex 1.49679 -10.7019 28
      vertex 2.75 -4.76314 28
      vertex 2.43259 -4.9328 28
    endloop
  endfacet
  facet normal -0 0 1
    outer loop
      vertex 1.44889 -11.1882 28
      vertex 7.9612 -16.1437 28
      vertex 1.47118 -11.0926 28
    endloop
  endfacet
  facet normal 0 0 1
    outer loop
      vertex 1.49679 -10.7019 28
      vertex 2.43259 -4.9328 28
      vertex 2.10476 -5.08134 28
    endloop
  endfacet
  facet normal 0 0 1
    outer loop
      vertex 1.06066 -9.73934 28
      vertex 2.10476 -5.08134 28
      vertex 1.76792 -5.20812 28
    endloop
  endfacet
  facet normal 0 0 1
    outer loop
      vertex 7.9612 -16.1437 28
      vertex 1.44889 -11.1882 28
      vertex 6.8883 -16.6298 28
    endloop
  endfacet
  facet normal -0 0 1
    outer loop
      vertex 1.42039 -11.2822 28
      vertex 6.8883 -16.6298 28
      vertex 1.44889 -11.1882 28
    endloop
  endfacet
  facet normal -0 0 1
    outer loop
      vertex 1.38582 -11.374 28
      vertex 6.8883 -16.6298 28
      vertex 1.42039 -11.2822 28
    endloop
  endfacet
  facet normal -0 0 1
    outer loop
      vertex 1.34531 -11.4634 28
      vertex 6.8883 -16.6298 28
      vertex 1.38582 -11.374 28
    endloop
  endfacet
  facet normal 0 0 1
    outer loop
      vertex 6.8883 -16.6298 28
      vertex 1.34531 -11.4634 28
      vertex 5.78591 -17.0447 28
    endloop
  endfacet
  facet normal -0 0 1
    outer loop
      vertex 1.29904 -11.55 28
      vertex 5.78591 -17.0447 28
      vertex 1.34531 -11.4634 28
    endloop
  endfacet
  facet normal -0 0 1
    outer loop
      vertex 1.2472 -11.6334 28
      vertex 5.78591 -17.0447 28
      vertex 1.29904 -11.55 28
    endloop
  endfacet
  facet normal 0 0 1
    outer loop
      vertex 5.78591 -17.0447 28
      vertex 1.2472 -11.6334 28
      vertex 4.65874 -17.3867 28
    endloop
  endfacet
  facet normal -0 0 1
    outer loop
      vertex 1.19003 -11.7131 28
      vertex 4.65874 -17.3867 28
      vertex 1.2472 -11.6334 28
    endloop
  endfacet
  facet normal -0 0 1
    outer loop
      vertex 1.12776 -11.789 28
      vertex 4.65874 -17.3867 28
      vertex 1.19003 -11.7131 28
    endloop
  endfacet
  facet normal -0 0 1
    outer loop
      vertex 1.06066 -11.8607 28
      vertex 4.65874 -17.3867 28
      vertex 1.12776 -11.789 28
    endloop
  endfacet
  facet normal 0 0 1
    outer loop
      vertex 4.65874 -17.3867 28
      vertex 1.06066 -11.8607 28
      vertex 3.51163 -17.6541 28
    endloop
  endfacet
  facet normal -0 0 1
    outer loop
      vertex 0.989018 -11.9278 28
      vertex 3.51163 -17.6541 28
      vertex 1.06066 -11.8607 28
    endloop
  endfacet
  facet normal -0 0 1
    outer loop
      vertex 0.913141 -11.99 28
      vertex 3.51163 -17.6541 28
      vertex 0.989018 -11.9278 28
    endloop
  endfacet
  facet normal -0 0 1
    outer loop
      vertex 0.833355 -12.0472 28
      vertex 3.51163 -17.6541 28
      vertex 0.913141 -11.99 28
    endloop
  endfacet
  facet normal 0 0 1
    outer loop
      vertex 3.51163 -17.6541 28
      vertex 0.833355 -12.0472 28
      vertex 2.34947 -17.846 28
    endloop
  endfacet
  facet normal -0 0 1
    outer loop
      vertex 0.75 -12.099 28
      vertex 2.34947 -17.846 28
      vertex 0.833355 -12.0472 28
    endloop
  endfacet
  facet normal -0 0 1
    outer loop
      vertex 0.663432 -12.1453 28
      vertex 2.34947 -17.846 28
      vertex 0.75 -12.099 28
    endloop
  endfacet
  facet normal -0 0 1
    outer loop
      vertex 0.574024 -12.1858 28
      vertex 2.34947 -17.846 28
      vertex 0.663432 -12.1453 28
    endloop
  endfacet
  facet normal -0 0 1
    outer loop
      vertex 0.482159 -12.2204 28
      vertex 2.34947 -17.846 28
      vertex 0.574024 -12.1858 28
    endloop
  endfacet
  facet normal 0 0 1
    outer loop
      vertex 2.34947 -17.846 28
      vertex 0.482159 -12.2204 28
      vertex 1.17726 -17.9615 28
    endloop
  endfacet
  facet normal -0 0 1
    outer loop
      vertex 0.388228 -12.2489 28
      vertex 1.17726 -17.9615 28
      vertex 0.482159 -12.2204 28
    endloop
  endfacet
  facet normal -0 0 1
    outer loop
      vertex 0.292635 -12.2712 28
      vertex 1.17726 -17.9615 28
      vertex 0.388228 -12.2489 28
    endloop
  endfacet
  facet normal -0 0 1
    outer loop
      vertex 0.195788 -12.2872 28
      vertex 1.17726 -17.9615 28
      vertex 0.292635 -12.2712 28
    endloop
  endfacet
  facet normal 0 0 1
    outer loop
      vertex 0 -18 28
      vertex 0.195788 -12.2872 28
      vertex 0.0981045 -12.2968 28
    endloop
  endfacet
  facet normal 0 0 1
    outer loop
      vertex 0 -18 28
      vertex 0.0981045 -12.2968 28
      vertex 0 -12.3 28
    endloop
  endfacet
  facet normal 0 0 1
    outer loop
      vertex 0.195788 -12.2872 28
      vertex 0 -18 28
      vertex 1.17726 -17.9615 28
    endloop
  endfacet
  facet normal 0 0 1
    outer loop
      vertex -0.0981045 -12.2968 28
      vertex 0 -18 28
      vertex 0 -12.3 28
    endloop
  endfacet
  facet normal 0 0 1
    outer loop
      vertex -0.195788 -12.2872 28
      vertex 0 -18 28
      vertex -0.0981045 -12.2968 28
    endloop
  endfacet
  facet normal 0 0 1
    outer loop
      vertex -1.17726 -17.9615 28
      vertex -0.195788 -12.2872 28
      vertex -0.292635 -12.2712 28
    endloop
  endfacet
  facet normal 0 0 1
    outer loop
      vertex -1.17726 -17.9615 28
      vertex -0.292635 -12.2712 28
      vertex -0.388228 -12.2489 28
    endloop
  endfacet
  facet normal 0 0 1
    outer loop
      vertex -1.17726 -17.9615 28
      vertex -0.388228 -12.2489 28
      vertex -0.482159 -12.2204 28
    endloop
  endfacet
  facet normal 0 0 1
    outer loop
      vertex -2.34947 -17.846 28
      vertex -0.482159 -12.2204 28
      vertex -0.574024 -12.1858 28
    endloop
  endfacet
  facet normal 0 0 1
    outer loop
      vertex -2.34947 -17.846 28
      vertex -0.574024 -12.1858 28
      vertex -0.663432 -12.1453 28
    endloop
  endfacet
  facet normal 0 0 1
    outer loop
      vertex -2.34947 -17.846 28
      vertex -0.663432 -12.1453 28
      vertex -0.75 -12.099 28
    endloop
  endfacet
  facet normal 0 0 1
    outer loop
      vertex -2.34947 -17.846 28
      vertex -0.75 -12.099 28
      vertex -0.833355 -12.0472 28
    endloop
  endfacet
  facet normal 0 0 1
    outer loop
      vertex -3.51163 -17.6541 28
      vertex -0.833355 -12.0472 28
      vertex -0.913141 -11.99 28
    endloop
  endfacet
  facet normal 0 0 1
    outer loop
      vertex -3.51163 -17.6541 28
      vertex -0.913141 -11.99 28
      vertex -0.989018 -11.9278 28
    endloop
  endfacet
  facet normal 0 0 1
    outer loop
      vertex -3.51163 -17.6541 28
      vertex -0.989018 -11.9278 28
      vertex -1.06066 -11.8607 28
    endloop
  endfacet
  facet normal 0 0 1
    outer loop
      vertex -4.65874 -17.3867 28
      vertex -1.06066 -11.8607 28
      vertex -1.12776 -11.789 28
    endloop
  endfacet
  facet normal 0 0 1
    outer loop
      vertex -0.195788 -12.2872 28
      vertex -1.17726 -17.9615 28
      vertex 0 -18 28
    endloop
  endfacet
  facet normal 0 0 1
    outer loop
      vertex -4.65874 -17.3867 28
      vertex -1.12776 -11.789 28
      vertex -1.19003 -11.7131 28
    endloop
  endfacet
  facet normal 0 0 1
    outer loop
      vertex -4.65874 -17.3867 28
      vertex -1.19003 -11.7131 28
      vertex -1.2472 -11.6334 28
    endloop
  endfacet
  facet normal 0 0 1
    outer loop
      vertex -5.78591 -17.0447 28
      vertex -1.2472 -11.6334 28
      vertex -1.29904 -11.55 28
    endloop
  endfacet
  facet normal 0 0 1
    outer loop
      vertex -5.78591 -17.0447 28
      vertex -1.29904 -11.55 28
      vertex -1.34531 -11.4634 28
    endloop
  endfacet
  facet normal 0 0 1
    outer loop
      vertex -6.8883 -16.6298 28
      vertex -1.34531 -11.4634 28
      vertex -1.38582 -11.374 28
    endloop
  endfacet
  facet normal 0 0 1
    outer loop
      vertex -6.8883 -16.6298 28
      vertex -1.38582 -11.374 28
      vertex -1.42039 -11.2822 28
    endloop
  endfacet
  facet normal 0 0 1
    outer loop
      vertex -6.8883 -16.6298 28
      vertex -1.42039 -11.2822 28
      vertex -1.44889 -11.1882 28
    endloop
  endfacet
  facet normal 0 0 1
    outer loop
      vertex -7.9612 -16.1437 28
      vertex -1.44889 -11.1882 28
      vertex -1.47118 -11.0926 28
    endloop
  endfacet
  facet normal 0 0 1
    outer loop
      vertex -7.9612 -16.1437 28
      vertex -1.47118 -11.0926 28
      vertex -1.48717 -10.9958 28
    endloop
  endfacet
  facet normal 0 0 1
    outer loop
      vertex -9 -15.5885 28
      vertex -1.48717 -10.9958 28
      vertex -1.49679 -10.8981 28
    endloop
  endfacet
  facet normal 0 0 1
    outer loop
      vertex -1.42039 -10.3178 28
      vertex -3.34819 -4.36344 28
      vertex -1.44889 -10.4118 28
    endloop
  endfacet
  facet normal 0 0 1
    outer loop
      vertex -3.6264 -4.13512 28
      vertex -1.44889 -10.4118 28
      vertex -3.34819 -4.36344 28
    endloop
  endfacet
  facet normal 0 0 1
    outer loop
      vertex -1.44889 -10.4118 28
      vertex -3.6264 -4.13512 28
      vertex -1.47118 -10.5074 28
    endloop
  endfacet
  facet normal 0 0 1
    outer loop
      vertex -0.482159 -12.2204 28
      vertex -2.34947 -17.846 28
      vertex -1.17726 -17.9615 28
    endloop
  endfacet
  facet normal 0 0 1
    outer loop
      vertex -9 -15.5885 28
      vertex -1.47118 -10.5074 28
      vertex -3.6264 -4.13512 28
    endloop
  endfacet
  facet normal 0 0 1
    outer loop
      vertex -1.47118 -10.5074 28
      vertex -9 -15.5885 28
      vertex -1.48717 -10.6042 28
    endloop
  endfacet
  facet normal 0 0 1
    outer loop
      vertex -1.48717 -10.6042 28
      vertex -9 -15.5885 28
      vertex -1.49679 -10.7019 28
    endloop
  endfacet
  facet normal 0 0 1
    outer loop
      vertex -1.49679 -10.7019 28
      vertex -9 -15.5885 28
      vertex -1.5 -10.8 28
    endloop
  endfacet
  facet normal 0 0 1
    outer loop
      vertex -0.833355 -12.0472 28
      vertex -3.51163 -17.6541 28
      vertex -2.34947 -17.846 28
    endloop
  endfacet
  facet normal 0 0 1
    outer loop
      vertex -1.5 -10.8 28
      vertex -9 -15.5885 28
      vertex -1.49679 -10.8981 28
    endloop
  endfacet
  facet normal 0 0 1
    outer loop
      vertex -9 -15.5885 28
      vertex -3.6264 -4.13512 28
      vertex -3.88909 -3.88909 28
    endloop
  endfacet
  facet normal 0 0 1
    outer loop
      vertex -9 -15.5885 28
      vertex -3.88909 -3.88909 28
      vertex -4.13512 -3.6264 28
    endloop
  endfacet
  facet normal 0 0 1
    outer loop
      vertex -9 -15.5885 28
      vertex -4.13512 -3.6264 28
      vertex -4.36344 -3.34819 28
    endloop
  endfacet
  facet normal 0 0 1
    outer loop
      vertex -9 -15.5885 28
      vertex -4.36344 -3.34819 28
      vertex -4.57308 -3.05564 28
    endloop
  endfacet
  facet normal 0 0 1
    outer loop
      vertex -1.06066 -11.8607 28
      vertex -4.65874 -17.3867 28
      vertex -3.51163 -17.6541 28
    endloop
  endfacet
  facet normal -0 0 1
    outer loop
      vertex -9.41418 -0.574024 28
      vertex -5.39432 -1.073 28
      vertex -9.3796 -0.482159 28
    endloop
  endfacet
  facet normal 0 0 1
    outer loop
      vertex -5.45295 -0.717894 28
      vertex -9.3796 -0.482159 28
      vertex -5.39432 -1.073 28
    endloop
  endfacet
  facet normal -0 0 1
    outer loop
      vertex -9.3796 -0.482159 28
      vertex -5.45295 -0.717894 28
      vertex -9.35111 -0.388228 28
    endloop
  endfacet
  facet normal -0 0 1
    outer loop
      vertex -9.35111 -0.388228 28
      vertex -5.45295 -0.717894 28
      vertex -9.32882 -0.292635 28
    endloop
  endfacet
  facet normal 0 0 1
    outer loop
      vertex -5.48822 -0.359716 28
      vertex -9.32882 -0.292635 28
      vertex -5.45295 -0.717894 28
    endloop
  endfacet
  facet normal -0 0 1
    outer loop
      vertex -9.32882 -0.292635 28
      vertex -5.48822 -0.359716 28
      vertex -9.31283 -0.195788 28
    endloop
  endfacet
  facet normal -0 0 1
    outer loop
      vertex -9.31283 -0.195788 28
      vertex -5.48822 -0.359716 28
      vertex -9.30321 -0.0981045 28
    endloop
  endfacet
  facet normal 0 0 1
    outer loop
      vertex -5.5 0 28
      vertex -9.30321 -0.0981045 28
      vertex -5.48822 -0.359716 28
    endloop
  endfacet
  facet normal 0 0 1
    outer loop
      vertex -1.2472 -11.6334 28
      vertex -5.78591 -17.0447 28
      vertex -4.65874 -17.3867 28
    endloop
  endfacet
  facet normal 0 0 1
    outer loop
      vertex -9.30321 -0.0981045 28
      vertex -5.5 0 28
      vertex -9.3 0 28
    endloop
  endfacet
  facet normal 0 -0 1
    outer loop
      vertex -10.226 1.38582 28
      vertex -4.57308 3.05564 28
      vertex -10.3178 1.42039 28
    endloop
  endfacet
  facet normal 0 0 1
    outer loop
      vertex -4.57308 3.05564 28
      vertex -10.1366 1.34531 28
      vertex -4.76314 2.75 28
    endloop
  endfacet
  facet normal -0 0 1
    outer loop
      vertex -9.45469 -0.663432 28
      vertex -5.39432 -1.073 28
      vertex -9.41418 -0.574024 28
    endloop
  endfacet
  facet normal 0 -0 1
    outer loop
      vertex -10.05 1.29904 28
      vertex -4.76314 2.75 28
      vertex -10.1366 1.34531 28
    endloop
  endfacet
  facet normal 0 0 1
    outer loop
      vertex -1.34531 -11.4634 28
      vertex -6.8883 -16.6298 28
      vertex -5.78591 -17.0447 28
    endloop
  endfacet
  facet normal 0 -0 1
    outer loop
      vertex -9.88686 1.19003 28
      vertex -4.9328 2.43259 28
      vertex -9.96664 1.2472 28
    endloop
  endfacet
  facet normal 0 0 1
    outer loop
      vertex -1.44889 -11.1882 28
      vertex -7.9612 -16.1437 28
      vertex -6.8883 -16.6298 28
    endloop
  endfacet
  facet normal 0 0 1
    outer loop
      vertex -1.48717 -10.9958 28
      vertex -9 -15.5885 28
      vertex -7.9612 -16.1437 28
    endloop
  endfacet
  facet normal 0 0 1
    outer loop
      vertex -5.5 0 28
      vertex -9.30321 0.0981045 28
      vertex -9.3 0 28
    endloop
  endfacet
  facet normal 0 0 1
    outer loop
      vertex -5.48822 0.359716 28
      vertex -9.30321 0.0981045 28
      vertex -5.5 0 28
    endloop
  endfacet
  facet normal 0 -0 1
    outer loop
      vertex -9.30321 0.0981045 28
      vertex -5.48822 0.359716 28
      vertex -9.31283 0.195788 28
    endloop
  endfacet
  facet normal 0 -0 1
    outer loop
      vertex -9.31283 0.195788 28
      vertex -5.48822 0.359716 28
      vertex -9.32882 0.292635 28
    endloop
  endfacet
  facet normal 0 0 1
    outer loop
      vertex -5.45295 0.717894 28
      vertex -9.32882 0.292635 28
      vertex -5.48822 0.359716 28
    endloop
  endfacet
  facet normal 0 -0 1
    outer loop
      vertex -9.32882 0.292635 28
      vertex -5.45295 0.717894 28
      vertex -9.35111 0.388228 28
    endloop
  endfacet
  facet normal 0 -0 1
    outer loop
      vertex -9.35111 0.388228 28
      vertex -5.45295 0.717894 28
      vertex -9.3796 0.482159 28
    endloop
  endfacet
  facet normal 0 0 1
    outer loop
      vertex -5.39432 1.073 28
      vertex -9.3796 0.482159 28
      vertex -5.45295 0.717894 28
    endloop
  endfacet
  facet normal 0 -0 1
    outer loop
      vertex -9.3796 0.482159 28
      vertex -5.39432 1.073 28
      vertex -9.41418 0.574024 28
    endloop
  endfacet
  facet normal 0 -0 1
    outer loop
      vertex -9.41418 0.574024 28
      vertex -5.39432 1.073 28
      vertex -9.45469 0.663432 28
    endloop
  endfacet
  facet normal 0 -0 1
    outer loop
      vertex -9.45469 0.663432 28
      vertex -5.39432 1.073 28
      vertex -9.50096 0.75 28
    endloop
  endfacet
  facet normal 0 0 1
    outer loop
      vertex -5.31259 1.4235 28
      vertex -9.50096 0.75 28
      vertex -5.39432 1.073 28
    endloop
  endfacet
  facet normal 0 -0 1
    outer loop
      vertex -9.50096 0.75 28
      vertex -5.31259 1.4235 28
      vertex -9.5528 0.833355 28
    endloop
  endfacet
  facet normal 0 -0 1
    outer loop
      vertex -9.5528 0.833355 28
      vertex -5.31259 1.4235 28
      vertex -9.60997 0.913141 28
    endloop
  endfacet
  facet normal 0 0 1
    outer loop
      vertex -5.20812 1.76792 28
      vertex -9.60997 0.913141 28
      vertex -5.31259 1.4235 28
    endloop
  endfacet
  facet normal 0 -0 1
    outer loop
      vertex -9.60997 0.913141 28
      vertex -5.20812 1.76792 28
      vertex -9.67224 0.989018 28
    endloop
  endfacet
  facet normal 0 -0 1
    outer loop
      vertex -9.67224 0.989018 28
      vertex -5.20812 1.76792 28
      vertex -9.73934 1.06066 28
    endloop
  endfacet
  facet normal 0 0 1
    outer loop
      vertex -5.08134 2.10476 28
      vertex -9.73934 1.06066 28
      vertex -5.20812 1.76792 28
    endloop
  endfacet
  facet normal 0 -0 1
    outer loop
      vertex -9.73934 1.06066 28
      vertex -5.08134 2.10476 28
      vertex -9.81098 1.12776 28
    endloop
  endfacet
  facet normal 0 -0 1
    outer loop
      vertex -9.81098 1.12776 28
      vertex -5.08134 2.10476 28
      vertex -9.88686 1.19003 28
    endloop
  endfacet
  facet normal 0 0 1
    outer loop
      vertex -4.9328 2.43259 28
      vertex -9.88686 1.19003 28
      vertex -5.08134 2.10476 28
    endloop
  endfacet
  facet normal 0 0 1
    outer loop
      vertex -4.76314 2.75 28
      vertex -9.96664 1.2472 28
      vertex -4.9328 2.43259 28
    endloop
  endfacet
  facet normal 0 -0 1
    outer loop
      vertex -9.96664 1.2472 28
      vertex -4.76314 2.75 28
      vertex -10.05 1.29904 28
    endloop
  endfacet
  facet normal 0 -0 1
    outer loop
      vertex -10.1366 1.34531 28
      vertex -4.57308 3.05564 28
      vertex -10.226 1.38582 28
    endloop
  endfacet
  facet normal 0 0 1
    outer loop
      vertex -4.13512 3.6264 28
      vertex -13.5331 11.8682 28
      vertex -10.4118 1.44889 28
    endloop
  endfacet
  facet normal 0 0 1
    outer loop
      vertex -10.4118 1.44889 28
      vertex -13.5331 11.8682 28
      vertex -10.5074 1.47118 28
    endloop
  endfacet
  facet normal -0 0 1
    outer loop
      vertex -14.2804 10.9577 28
      vertex -10.5074 1.47118 28
      vertex -13.5331 11.8682 28
    endloop
  endfacet
  facet normal 0 0 1
    outer loop
      vertex -10.5074 1.47118 28
      vertex -14.2804 10.9577 28
      vertex -10.6042 1.48717 28
    endloop
  endfacet
  facet normal -0 0 1
    outer loop
      vertex -14.9665 10.0003 28
      vertex -10.6042 1.48717 28
      vertex -14.2804 10.9577 28
    endloop
  endfacet
  facet normal 0 0 1
    outer loop
      vertex -10.6042 1.48717 28
      vertex -14.9665 10.0003 28
      vertex -10.7019 1.49679 28
    endloop
  endfacet
  facet normal 0 0 1
    outer loop
      vertex -10.7019 1.49679 28
      vertex -14.9665 10.0003 28
      vertex -10.8 1.5 28
    endloop
  endfacet
  facet normal -0 0 1
    outer loop
      vertex -15.5885 9 28
      vertex -10.8 1.5 28
      vertex -14.9665 10.0003 28
    endloop
  endfacet
  facet normal 0 0 1
    outer loop
      vertex -10.8 1.5 28
      vertex -15.5885 9 28
      vertex -10.8981 1.49679 28
    endloop
  endfacet
  facet normal 0 0 1
    outer loop
      vertex -10.8981 1.49679 28
      vertex -15.5885 9 28
      vertex -10.9958 1.48717 28
    endloop
  endfacet
  facet normal -0 0 1
    outer loop
      vertex -16.1437 7.9612 28
      vertex -10.9958 1.48717 28
      vertex -15.5885 9 28
    endloop
  endfacet
  facet normal 0 0 1
    outer loop
      vertex -10.9958 1.48717 28
      vertex -16.1437 7.9612 28
      vertex -11.0926 1.47118 28
    endloop
  endfacet
  facet normal 0 0 1
    outer loop
      vertex -11.0926 1.47118 28
      vertex -16.1437 7.9612 28
      vertex -11.1882 1.44889 28
    endloop
  endfacet
  facet normal -0 0 1
    outer loop
      vertex -16.6298 6.8883 28
      vertex -11.1882 1.44889 28
      vertex -16.1437 7.9612 28
    endloop
  endfacet
  facet normal 0 0 1
    outer loop
      vertex -11.1882 1.44889 28
      vertex -16.6298 6.8883 28
      vertex -11.2822 1.42039 28
    endloop
  endfacet
  facet normal 0 0 1
    outer loop
      vertex -11.2822 1.42039 28
      vertex -16.6298 6.8883 28
      vertex -11.374 1.38582 28
    endloop
  endfacet
  facet normal 0 0 1
    outer loop
      vertex -11.374 1.38582 28
      vertex -16.6298 6.8883 28
      vertex -11.4634 1.34531 28
    endloop
  endfacet
  facet normal -0 0 1
    outer loop
      vertex -17.0447 5.78591 28
      vertex -11.4634 1.34531 28
      vertex -16.6298 6.8883 28
    endloop
  endfacet
  facet normal 0 0 1
    outer loop
      vertex -11.4634 1.34531 28
      vertex -17.0447 5.78591 28
      vertex -11.55 1.29904 28
    endloop
  endfacet
  facet normal 0 0 1
    outer loop
      vertex -11.55 1.29904 28
      vertex -17.0447 5.78591 28
      vertex -11.6334 1.2472 28
    endloop
  endfacet
  facet normal 0 0 1
    outer loop
      vertex -11.6334 1.2472 28
      vertex -17.0447 5.78591 28
      vertex -11.7131 1.19003 28
    endloop
  endfacet
  facet normal -0 0 1
    outer loop
      vertex -17.3867 4.65874 28
      vertex -11.7131 1.19003 28
      vertex -17.0447 5.78591 28
    endloop
  endfacet
  facet normal 0 0 1
    outer loop
      vertex -11.7131 1.19003 28
      vertex -17.3867 4.65874 28
      vertex -11.789 1.12776 28
    endloop
  endfacet
  facet normal 0 0 1
    outer loop
      vertex -11.789 1.12776 28
      vertex -17.3867 4.65874 28
      vertex -11.8607 1.06066 28
    endloop
  endfacet
  facet normal -0 0 1
    outer loop
      vertex -17.6541 3.51163 28
      vertex -11.8607 1.06066 28
      vertex -17.3867 4.65874 28
    endloop
  endfacet
  facet normal 0 0 1
    outer loop
      vertex -11.8607 1.06066 28
      vertex -17.6541 3.51163 28
      vertex -11.9278 0.989018 28
    endloop
  endfacet
  facet normal 0 0 1
    outer loop
      vertex -11.9278 0.989018 28
      vertex -17.6541 3.51163 28
      vertex -11.99 0.913141 28
    endloop
  endfacet
  facet normal 0 0 1
    outer loop
      vertex -11.99 0.913141 28
      vertex -17.6541 3.51163 28
      vertex -12.0472 0.833355 28
    endloop
  endfacet
  facet normal 0 0 1
    outer loop
      vertex 3.34819 4.36344 28
      vertex 1.42039 10.3178 28
      vertex 3.05564 4.57308 28
    endloop
  endfacet
  facet normal -0 0 1
    outer loop
      vertex 1.38582 10.226 28
      vertex 3.05564 4.57308 28
      vertex 1.42039 10.3178 28
    endloop
  endfacet
  facet normal -0 0 1
    outer loop
      vertex 1.34531 10.1366 28
      vertex 3.05564 4.57308 28
      vertex 1.38582 10.226 28
    endloop
  endfacet
  facet normal 0 0 1
    outer loop
      vertex 3.05564 4.57308 28
      vertex 1.34531 10.1366 28
      vertex 2.75 4.76314 28
    endloop
  endfacet
  facet normal -0 0 1
    outer loop
      vertex 1.29904 10.05 28
      vertex 2.75 4.76314 28
      vertex 1.34531 10.1366 28
    endloop
  endfacet
  facet normal -0 0 1
    outer loop
      vertex 1.2472 9.96664 28
      vertex 2.75 4.76314 28
      vertex 1.29904 10.05 28
    endloop
  endfacet
  facet normal 0 0 1
    outer loop
      vertex 2.75 4.76314 28
      vertex 1.2472 9.96664 28
      vertex 2.43259 4.9328 28
    endloop
  endfacet
  facet normal -0 0 1
    outer loop
      vertex 1.19003 9.88686 28
      vertex 2.43259 4.9328 28
      vertex 1.2472 9.96664 28
    endloop
  endfacet
  facet normal 0 0 1
    outer loop
      vertex 2.43259 4.9328 28
      vertex 1.19003 9.88686 28
      vertex 2.10476 5.08134 28
    endloop
  endfacet
  facet normal -0 0 1
    outer loop
      vertex 1.12776 9.81098 28
      vertex 2.10476 5.08134 28
      vertex 1.19003 9.88686 28
    endloop
  endfacet
  facet normal -0 0 1
    outer loop
      vertex 1.06066 9.73934 28
      vertex 2.10476 5.08134 28
      vertex 1.12776 9.81098 28
    endloop
  endfacet
  facet normal 0 0 1
    outer loop
      vertex 2.10476 5.08134 28
      vertex 1.06066 9.73934 28
      vertex 1.76792 5.20812 28
    endloop
  endfacet
  facet normal -0 0 1
    outer loop
      vertex 0.989018 9.67224 28
      vertex 1.76792 5.20812 28
      vertex 1.06066 9.73934 28
    endloop
  endfacet
  facet normal -0 0 1
    outer loop
      vertex 0.913141 9.60997 28
      vertex 1.76792 5.20812 28
      vertex 0.989018 9.67224 28
    endloop
  endfacet
  facet normal 0 0 1
    outer loop
      vertex 1.76792 5.20812 28
      vertex 0.913141 9.60997 28
      vertex 1.4235 5.31259 28
    endloop
  endfacet
  facet normal -0 0 1
    outer loop
      vertex 0.833355 9.5528 28
      vertex 1.4235 5.31259 28
      vertex 0.913141 9.60997 28
    endloop
  endfacet
  facet normal -0 0 1
    outer loop
      vertex 0.75 9.50096 28
      vertex 1.4235 5.31259 28
      vertex 0.833355 9.5528 28
    endloop
  endfacet
  facet normal 0 0 1
    outer loop
      vertex 1.4235 5.31259 28
      vertex 0.75 9.50096 28
      vertex 1.073 5.39432 28
    endloop
  endfacet
  facet normal -0 0 1
    outer loop
      vertex 0.663432 9.45469 28
      vertex 1.073 5.39432 28
      vertex 0.75 9.50096 28
    endloop
  endfacet
  facet normal -0 0 1
    outer loop
      vertex 0.574024 9.41418 28
      vertex 1.073 5.39432 28
      vertex 0.663432 9.45469 28
    endloop
  endfacet
  facet normal -0 0 1
    outer loop
      vertex 0.482159 9.3796 28
      vertex 1.073 5.39432 28
      vertex 0.574024 9.41418 28
    endloop
  endfacet
  facet normal 0 0 1
    outer loop
      vertex 1.073 5.39432 28
      vertex 0.482159 9.3796 28
      vertex 0.717894 5.45295 28
    endloop
  endfacet
  facet normal -0 0 1
    outer loop
      vertex 0.388228 9.35111 28
      vertex 0.717894 5.45295 28
      vertex 0.482159 9.3796 28
    endloop
  endfacet
  facet normal -0 0 1
    outer loop
      vertex 0.292635 9.32882 28
      vertex 0.717894 5.45295 28
      vertex 0.388228 9.35111 28
    endloop
  endfacet
  facet normal 0 0 1
    outer loop
      vertex 0.717894 5.45295 28
      vertex 0.292635 9.32882 28
      vertex 0.359716 5.48822 28
    endloop
  endfacet
  facet normal -0 0 1
    outer loop
      vertex 0.195788 9.31283 28
      vertex 0.359716 5.48822 28
      vertex 0.292635 9.32882 28
    endloop
  endfacet
  facet normal -0 0 1
    outer loop
      vertex 0.0981045 9.30321 28
      vertex 0.359716 5.48822 28
      vertex 0.195788 9.31283 28
    endloop
  endfacet
  facet normal 0 0 1
    outer loop
      vertex 0 5.5 28
      vertex 0.0981045 9.30321 28
      vertex 0 9.3 28
    endloop
  endfacet
  facet normal 0 0 1
    outer loop
      vertex 0.0981045 9.30321 28
      vertex 0 5.5 28
      vertex 0.359716 5.48822 28
    endloop
  endfacet
  facet normal 0 0 1
    outer loop
      vertex -0.0981045 9.30321 28
      vertex 0 5.5 28
      vertex 0 9.3 28
    endloop
  endfacet
  facet normal 0 0 1
    outer loop
      vertex -0.359716 5.48822 28
      vertex -0.0981045 9.30321 28
      vertex -0.195788 9.31283 28
    endloop
  endfacet
  facet normal 0 0 1
    outer loop
      vertex -0.359716 5.48822 28
      vertex -0.195788 9.31283 28
      vertex -0.292635 9.32882 28
    endloop
  endfacet
  facet normal 0 0 1
    outer loop
      vertex -0.0981045 9.30321 28
      vertex -0.359716 5.48822 28
      vertex 0 5.5 28
    endloop
  endfacet
  facet normal 0 0 1
    outer loop
      vertex -0.717894 5.45295 28
      vertex -0.292635 9.32882 28
      vertex -0.388228 9.35111 28
    endloop
  endfacet
  facet normal 0 0 1
    outer loop
      vertex -0.717894 5.45295 28
      vertex -0.388228 9.35111 28
      vertex -0.482159 9.3796 28
    endloop
  endfacet
  facet normal 0 0 1
    outer loop
      vertex -1.073 5.39432 28
      vertex -0.482159 9.3796 28
      vertex -0.574024 9.41418 28
    endloop
  endfacet
  facet normal 0 0 1
    outer loop
      vertex -1.073 5.39432 28
      vertex -0.574024 9.41418 28
      vertex -0.663432 9.45469 28
    endloop
  endfacet
  facet normal 0 0 1
    outer loop
      vertex -0.292635 9.32882 28
      vertex -0.717894 5.45295 28
      vertex -0.359716 5.48822 28
    endloop
  endfacet
  facet normal 0 0 1
    outer loop
      vertex -1.073 5.39432 28
      vertex -0.663432 9.45469 28
      vertex -0.75 9.50096 28
    endloop
  endfacet
  facet normal 0 0 1
    outer loop
      vertex -1.4235 5.31259 28
      vertex -0.75 9.50096 28
      vertex -0.833355 9.5528 28
    endloop
  endfacet
  facet normal 0 0 1
    outer loop
      vertex -1.4235 5.31259 28
      vertex -0.833355 9.5528 28
      vertex -0.913141 9.60997 28
    endloop
  endfacet
  facet normal 0 0 1
    outer loop
      vertex -1.76792 5.20812 28
      vertex -0.913141 9.60997 28
      vertex -0.989018 9.67224 28
    endloop
  endfacet
  facet normal 0 0 1
    outer loop
      vertex -1.76792 5.20812 28
      vertex -0.989018 9.67224 28
      vertex -1.06066 9.73934 28
    endloop
  endfacet
  facet normal 0 0 1
    outer loop
      vertex -0.482159 9.3796 28
      vertex -1.073 5.39432 28
      vertex -0.717894 5.45295 28
    endloop
  endfacet
  facet normal 0 0 1
    outer loop
      vertex -2.10476 5.08134 28
      vertex -1.06066 9.73934 28
      vertex -1.12776 9.81098 28
    endloop
  endfacet
  facet normal 0 0 1
    outer loop
      vertex -2.10476 5.08134 28
      vertex -1.12776 9.81098 28
      vertex -1.19003 9.88686 28
    endloop
  endfacet
  facet normal 0 0 1
    outer loop
      vertex -2.43259 4.9328 28
      vertex -1.19003 9.88686 28
      vertex -1.2472 9.96664 28
    endloop
  endfacet
  facet normal 0 0 1
    outer loop
      vertex -2.75 4.76314 28
      vertex -1.2472 9.96664 28
      vertex -1.29904 10.05 28
    endloop
  endfacet
  facet normal 0 0 1
    outer loop
      vertex -2.75 4.76314 28
      vertex -1.29904 10.05 28
      vertex -1.34531 10.1366 28
    endloop
  endfacet
  facet normal 0 0 1
    outer loop
      vertex -3.05564 4.57308 28
      vertex -1.34531 10.1366 28
      vertex -1.38582 10.226 28
    endloop
  endfacet
  facet normal 0 0 1
    outer loop
      vertex -3.05564 4.57308 28
      vertex -1.38582 10.226 28
      vertex -1.42039 10.3178 28
    endloop
  endfacet
  facet normal 0 0 1
    outer loop
      vertex -0.75 9.50096 28
      vertex -1.4235 5.31259 28
      vertex -1.073 5.39432 28
    endloop
  endfacet
  facet normal 0 0 1
    outer loop
      vertex -3.34819 4.36344 28
      vertex -1.42039 10.3178 28
      vertex -1.44889 10.4118 28
    endloop
  endfacet
  facet normal 0 0 1
    outer loop
      vertex -3.6264 4.13512 28
      vertex -1.44889 10.4118 28
      vertex -1.47118 10.5074 28
    endloop
  endfacet
  facet normal 0 0 1
    outer loop
      vertex -1.5 10.8 28
      vertex -10.0003 14.9665 28
      vertex -1.49679 10.7019 28
    endloop
  endfacet
  facet normal 0 0 1
    outer loop
      vertex -1.49679 10.8981 28
      vertex -9 15.5885 28
      vertex -1.5 10.8 28
    endloop
  endfacet
  facet normal -0 0 1
    outer loop
      vertex -9 15.5885 28
      vertex -1.48717 10.9958 28
      vertex -7.9612 16.1437 28
    endloop
  endfacet
  facet normal 0 0 1
    outer loop
      vertex -0.913141 9.60997 28
      vertex -1.76792 5.20812 28
      vertex -1.4235 5.31259 28
    endloop
  endfacet
  facet normal -0 0 1
    outer loop
      vertex 12.2872 0.195788 28
      vertex 18 0 28
      vertex 17.9615 1.17726 28
    endloop
  endfacet
  facet normal 0 0 1
    outer loop
      vertex 12.2204 0.482159 28
      vertex 17.9615 1.17726 28
      vertex 17.846 2.34947 28
    endloop
  endfacet
  facet normal 0 0 1
    outer loop
      vertex 18 0 28
      vertex 12.2872 0.195788 28
      vertex 12.2968 0.0981045 28
    endloop
  endfacet
  facet normal 0 0 1
    outer loop
      vertex 12.099 0.75 28
      vertex 17.846 2.34947 28
      vertex 17.6541 3.51163 28
    endloop
  endfacet
  facet normal 0 0 1
    outer loop
      vertex 12.2968 -0.0981045 28
      vertex 18 0 28
      vertex 12.3 0 28
    endloop
  endfacet
  facet normal 0 0 1
    outer loop
      vertex 11.8607 1.06066 28
      vertex 17.6541 3.51163 28
      vertex 17.3867 4.65874 28
    endloop
  endfacet
  facet normal 0 0 1
    outer loop
      vertex 12.2872 -0.195788 28
      vertex 18 0 28
      vertex 12.2968 -0.0981045 28
    endloop
  endfacet
  facet normal 0 0 1
    outer loop
      vertex 11.7131 1.19003 28
      vertex 17.3867 4.65874 28
      vertex 17.0447 5.78591 28
    endloop
  endfacet
  facet normal 0 0 1
    outer loop
      vertex 18 0 28
      vertex 12.2872 -0.195788 28
      vertex 17.9615 -1.17726 28
    endloop
  endfacet
  facet normal 0 0 1
    outer loop
      vertex 11.4634 1.34531 28
      vertex 17.0447 5.78591 28
      vertex 16.6298 6.8883 28
    endloop
  endfacet
  facet normal -0 0 1
    outer loop
      vertex 12.2712 -0.292635 28
      vertex 17.9615 -1.17726 28
      vertex 12.2872 -0.195788 28
    endloop
  endfacet
  facet normal 0 0 1
    outer loop
      vertex 11.1882 1.44889 28
      vertex 16.6298 6.8883 28
      vertex 16.1437 7.9612 28
    endloop
  endfacet
  facet normal -0 0 1
    outer loop
      vertex 12.2489 -0.388228 28
      vertex 17.9615 -1.17726 28
      vertex 12.2712 -0.292635 28
    endloop
  endfacet
  facet normal 0 0 1
    outer loop
      vertex 10.9958 1.48717 28
      vertex 16.1437 7.9612 28
      vertex 15.5885 9 28
    endloop
  endfacet
  facet normal -0 0 1
    outer loop
      vertex 12.2204 -0.482159 28
      vertex 17.9615 -1.17726 28
      vertex 12.2489 -0.388228 28
    endloop
  endfacet
  facet normal 0 0 1
    outer loop
      vertex 10.8 1.5 28
      vertex 15.5885 9 28
      vertex 14.9665 10.0003 28
    endloop
  endfacet
  facet normal 0 0 1
    outer loop
      vertex 17.9615 -1.17726 28
      vertex 12.2204 -0.482159 28
      vertex 17.846 -2.34947 28
    endloop
  endfacet
  facet normal 0 0 1
    outer loop
      vertex 10.6042 1.48717 28
      vertex 14.9665 10.0003 28
      vertex 14.2804 10.9577 28
    endloop
  endfacet
  facet normal -0 0 1
    outer loop
      vertex 12.1858 -0.574024 28
      vertex 17.846 -2.34947 28
      vertex 12.2204 -0.482159 28
    endloop
  endfacet
  facet normal 0 0 1
    outer loop
      vertex 10.5074 1.47118 28
      vertex 14.2804 10.9577 28
      vertex 13.5331 11.8682 28
    endloop
  endfacet
  facet normal -0 0 1
    outer loop
      vertex 12.099 -0.75 28
      vertex 17.846 -2.34947 28
      vertex 12.1453 -0.663432 28
    endloop
  endfacet
  facet normal 0 0 1
    outer loop
      vertex 4.57308 3.05564 28
      vertex 13.5331 11.8682 28
      vertex 12.7279 12.7279 28
    endloop
  endfacet
  facet normal 0 0 1
    outer loop
      vertex 17.846 -2.34947 28
      vertex 12.099 -0.75 28
      vertex 17.6541 -3.51163 28
    endloop
  endfacet
  facet normal -0 0 1
    outer loop
      vertex 12.0472 -0.833355 28
      vertex 17.6541 -3.51163 28
      vertex 12.099 -0.75 28
    endloop
  endfacet
  facet normal -0 0 1
    outer loop
      vertex 12.1453 -0.663432 28
      vertex 17.846 -2.34947 28
      vertex 12.1858 -0.574024 28
    endloop
  endfacet
  facet normal 0 0 1
    outer loop
      vertex 18 0 28
      vertex 12.2968 0.0981045 28
      vertex 12.3 0 28
    endloop
  endfacet
  facet normal 0 0 1
    outer loop
      vertex 17.9615 1.17726 28
      vertex 12.2712 0.292635 28
      vertex 12.2872 0.195788 28
    endloop
  endfacet
  facet normal 0 0 1
    outer loop
      vertex 17.9615 1.17726 28
      vertex 12.2489 0.388228 28
      vertex 12.2712 0.292635 28
    endloop
  endfacet
  facet normal 0 0 1
    outer loop
      vertex 17.9615 1.17726 28
      vertex 12.2204 0.482159 28
      vertex 12.2489 0.388228 28
    endloop
  endfacet
  facet normal 0 0 1
    outer loop
      vertex 17.846 2.34947 28
      vertex 12.1858 0.574024 28
      vertex 12.2204 0.482159 28
    endloop
  endfacet
  facet normal 0 0 1
    outer loop
      vertex 17.846 2.34947 28
      vertex 12.1453 0.663432 28
      vertex 12.1858 0.574024 28
    endloop
  endfacet
  facet normal 0 0 1
    outer loop
      vertex 17.846 2.34947 28
      vertex 12.099 0.75 28
      vertex 12.1453 0.663432 28
    endloop
  endfacet
  facet normal 0 0 1
    outer loop
      vertex 17.6541 3.51163 28
      vertex 12.0472 0.833355 28
      vertex 12.099 0.75 28
    endloop
  endfacet
  facet normal 0 0 1
    outer loop
      vertex 17.6541 3.51163 28
      vertex 11.99 0.913141 28
      vertex 12.0472 0.833355 28
    endloop
  endfacet
  facet normal 0 0 1
    outer loop
      vertex 17.6541 3.51163 28
      vertex 11.9278 0.989018 28
      vertex 11.99 0.913141 28
    endloop
  endfacet
  facet normal 0 0 1
    outer loop
      vertex 4.57308 3.05564 28
      vertex 12.7279 12.7279 28
      vertex 11.8682 13.5331 28
    endloop
  endfacet
  facet normal 0 0 1
    outer loop
      vertex 17.6541 3.51163 28
      vertex 11.8607 1.06066 28
      vertex 11.9278 0.989018 28
    endloop
  endfacet
  facet normal 0 0 1
    outer loop
      vertex 17.3867 4.65874 28
      vertex 11.789 1.12776 28
      vertex 11.8607 1.06066 28
    endloop
  endfacet
  facet normal 0 0 1
    outer loop
      vertex 17.3867 4.65874 28
      vertex 11.7131 1.19003 28
      vertex 11.789 1.12776 28
    endloop
  endfacet
  facet normal 0 0 1
    outer loop
      vertex 17.0447 5.78591 28
      vertex 11.6334 1.2472 28
      vertex 11.7131 1.19003 28
    endloop
  endfacet
  facet normal 0 0 1
    outer loop
      vertex 17.0447 5.78591 28
      vertex 11.55 1.29904 28
      vertex 11.6334 1.2472 28
    endloop
  endfacet
  facet normal 0 0 1
    outer loop
      vertex 17.0447 5.78591 28
      vertex 11.4634 1.34531 28
      vertex 11.55 1.29904 28
    endloop
  endfacet
  facet normal 0 0 1
    outer loop
      vertex 16.6298 6.8883 28
      vertex 11.374 1.38582 28
      vertex 11.4634 1.34531 28
    endloop
  endfacet
  facet normal 0 0 1
    outer loop
      vertex 16.6298 6.8883 28
      vertex 11.2822 1.42039 28
      vertex 11.374 1.38582 28
    endloop
  endfacet
  facet normal 0 0 1
    outer loop
      vertex 16.6298 6.8883 28
      vertex 11.1882 1.44889 28
      vertex 11.2822 1.42039 28
    endloop
  endfacet
  facet normal 0 0 1
    outer loop
      vertex 16.1437 7.9612 28
      vertex 11.0926 1.47118 28
      vertex 11.1882 1.44889 28
    endloop
  endfacet
  facet normal 0 0 1
    outer loop
      vertex 16.1437 7.9612 28
      vertex 10.9958 1.48717 28
      vertex 11.0926 1.47118 28
    endloop
  endfacet
  facet normal 0 0 1
    outer loop
      vertex 4.57308 3.05564 28
      vertex 11.8682 13.5331 28
      vertex 10.9577 14.2804 28
    endloop
  endfacet
  facet normal 0 0 1
    outer loop
      vertex 15.5885 9 28
      vertex 10.8981 1.49679 28
      vertex 10.9958 1.48717 28
    endloop
  endfacet
  facet normal 0 0 1
    outer loop
      vertex 15.5885 9 28
      vertex 10.8 1.5 28
      vertex 10.8981 1.49679 28
    endloop
  endfacet
  facet normal 0 0 1
    outer loop
      vertex 14.9665 10.0003 28
      vertex 10.7019 1.49679 28
      vertex 10.8 1.5 28
    endloop
  endfacet
  facet normal 0 0 1
    outer loop
      vertex 14.9665 10.0003 28
      vertex 10.6042 1.48717 28
      vertex 10.7019 1.49679 28
    endloop
  endfacet
  facet normal 0 0 1
    outer loop
      vertex 14.2804 10.9577 28
      vertex 10.5074 1.47118 28
      vertex 10.6042 1.48717 28
    endloop
  endfacet
  facet normal 0 -0 1
    outer loop
      vertex 10.4118 1.44889 28
      vertex 13.5331 11.8682 28
      vertex 4.57308 3.05564 28
    endloop
  endfacet
  facet normal 0 0 1
    outer loop
      vertex 13.5331 11.8682 28
      vertex 10.4118 1.44889 28
      vertex 10.5074 1.47118 28
    endloop
  endfacet
  facet normal 0 0 1
    outer loop
      vertex 10.4118 1.44889 28
      vertex 4.57308 3.05564 28
      vertex 10.3178 1.42039 28
    endloop
  endfacet
  facet normal 0 0 1
    outer loop
      vertex 10.3178 1.42039 28
      vertex 4.57308 3.05564 28
      vertex 10.226 1.38582 28
    endloop
  endfacet
  facet normal 0 0 1
    outer loop
      vertex 10.226 1.38582 28
      vertex 4.57308 3.05564 28
      vertex 10.1366 1.34531 28
    endloop
  endfacet
  facet normal 0 0 1
    outer loop
      vertex 4.57308 3.05564 28
      vertex 10.9577 14.2804 28
      vertex 10.0003 14.9665 28
    endloop
  endfacet
  facet normal -0 -0 1
    outer loop
      vertex 4.76314 2.75 28
      vertex 10.1366 1.34531 28
      vertex 4.57308 3.05564 28
    endloop
  endfacet
  facet normal 0 0 1
    outer loop
      vertex 10.1366 1.34531 28
      vertex 4.76314 2.75 28
      vertex 10.05 1.29904 28
    endloop
  endfacet
  facet normal 0 0 1
    outer loop
      vertex 10.05 1.29904 28
      vertex 4.76314 2.75 28
      vertex 9.96664 1.2472 28
    endloop
  endfacet
  facet normal -0 -0 1
    outer loop
      vertex 4.9328 2.43259 28
      vertex 9.96664 1.2472 28
      vertex 4.76314 2.75 28
    endloop
  endfacet
  facet normal 0 0 1
    outer loop
      vertex 9.96664 1.2472 28
      vertex 4.9328 2.43259 28
      vertex 9.88686 1.19003 28
    endloop
  endfacet
  facet normal 0 0 1
    outer loop
      vertex 9.88686 1.19003 28
      vertex 4.9328 2.43259 28
      vertex 9.81098 1.12776 28
    endloop
  endfacet
  facet normal -0 -0 1
    outer loop
      vertex 5.08134 2.10476 28
      vertex 9.81098 1.12776 28
      vertex 4.9328 2.43259 28
    endloop
  endfacet
  facet normal 0 0 1
    outer loop
      vertex 9.81098 1.12776 28
      vertex 5.08134 2.10476 28
      vertex 9.73934 1.06066 28
    endloop
  endfacet
  facet normal 0 0 1
    outer loop
      vertex 9.73934 1.06066 28
      vertex 5.08134 2.10476 28
      vertex 9.67224 0.989018 28
    endloop
  endfacet
  facet normal -0 -0 1
    outer loop
      vertex 5.20812 1.76792 28
      vertex 9.67224 0.989018 28
      vertex 5.08134 2.10476 28
    endloop
  endfacet
  facet normal 0 0 1
    outer loop
      vertex 9.67224 0.989018 28
      vertex 5.20812 1.76792 28
      vertex 9.60997 0.913141 28
    endloop
  endfacet
  facet normal 0 0 1
    outer loop
      vertex 9.60997 0.913141 28
      vertex 5.20812 1.76792 28
      vertex 9.5528 0.833355 28
    endloop
  endfacet
  facet normal -0 -0 1
    outer loop
      vertex 5.31259 1.4235 28
      vertex 9.5528 0.833355 28
      vertex 5.20812 1.76792 28
    endloop
  endfacet
  facet normal 0 0 1
    outer loop
      vertex 9.5528 0.833355 28
      vertex 5.31259 1.4235 28
      vertex 9.50096 0.75 28
    endloop
  endfacet
  facet normal 0 0 1
    outer loop
      vertex 9.50096 0.75 28
      vertex 5.31259 1.4235 28
      vertex 9.45469 0.663432 28
    endloop
  endfacet
  facet normal -0 -0 1
    outer loop
      vertex 5.39432 1.073 28
      vertex 9.45469 0.663432 28
      vertex 5.31259 1.4235 28
    endloop
  endfacet
  facet normal 0 0 1
    outer loop
      vertex 4.57308 3.05564 28
      vertex 10.0003 14.9665 28
      vertex 9 15.5885 28
    endloop
  endfacet
  facet normal -0 0 1
    outer loop
      vertex 11.99 -0.913141 28
      vertex 17.6541 -3.51163 28
      vertex 12.0472 -0.833355 28
    endloop
  endfacet
  facet normal -0 0 1
    outer loop
      vertex 11.9278 -0.989018 28
      vertex 17.6541 -3.51163 28
      vertex 11.99 -0.913141 28
    endloop
  endfacet
  facet normal -0 0 1
    outer loop
      vertex 11.8607 -1.06066 28
      vertex 17.6541 -3.51163 28
      vertex 11.9278 -0.989018 28
    endloop
  endfacet
  facet normal 0 0 1
    outer loop
      vertex 17.6541 -3.51163 28
      vertex 11.8607 -1.06066 28
      vertex 17.3867 -4.65874 28
    endloop
  endfacet
  facet normal -0 0 1
    outer loop
      vertex 11.789 -1.12776 28
      vertex 17.3867 -4.65874 28
      vertex 11.8607 -1.06066 28
    endloop
  endfacet
  facet normal -0 0 1
    outer loop
      vertex 11.7131 -1.19003 28
      vertex 17.3867 -4.65874 28
      vertex 11.789 -1.12776 28
    endloop
  endfacet
  facet normal 0 0 1
    outer loop
      vertex 17.3867 -4.65874 28
      vertex 11.7131 -1.19003 28
      vertex 17.0447 -5.78591 28
    endloop
  endfacet
  facet normal -0 0 1
    outer loop
      vertex 11.6334 -1.2472 28
      vertex 17.0447 -5.78591 28
      vertex 11.7131 -1.19003 28
    endloop
  endfacet
  facet normal -0 0 1
    outer loop
      vertex 11.55 -1.29904 28
      vertex 17.0447 -5.78591 28
      vertex 11.6334 -1.2472 28
    endloop
  endfacet
  facet normal -0 0 1
    outer loop
      vertex 11.4634 -1.34531 28
      vertex 17.0447 -5.78591 28
      vertex 11.55 -1.29904 28
    endloop
  endfacet
  facet normal 0 0 1
    outer loop
      vertex 17.0447 -5.78591 28
      vertex 11.4634 -1.34531 28
      vertex 16.6298 -6.8883 28
    endloop
  endfacet
  facet normal -0 0 1
    outer loop
      vertex 11.374 -1.38582 28
      vertex 16.6298 -6.8883 28
      vertex 11.4634 -1.34531 28
    endloop
  endfacet
  facet normal -0 0 1
    outer loop
      vertex 11.2822 -1.42039 28
      vertex 16.6298 -6.8883 28
      vertex 11.374 -1.38582 28
    endloop
  endfacet
  facet normal -0 0 1
    outer loop
      vertex 11.1882 -1.44889 28
      vertex 16.6298 -6.8883 28
      vertex 11.2822 -1.42039 28
    endloop
  endfacet
  facet normal 0 0 1
    outer loop
      vertex 16.6298 -6.8883 28
      vertex 11.1882 -1.44889 28
      vertex 16.1437 -7.9612 28
    endloop
  endfacet
  facet normal -0 0 1
    outer loop
      vertex 11.0926 -1.47118 28
      vertex 16.1437 -7.9612 28
      vertex 11.1882 -1.44889 28
    endloop
  endfacet
  facet normal -0 0 1
    outer loop
      vertex 10.9958 -1.48717 28
      vertex 16.1437 -7.9612 28
      vertex 11.0926 -1.47118 28
    endloop
  endfacet
  facet normal 0 0 1
    outer loop
      vertex 16.1437 -7.9612 28
      vertex 10.9958 -1.48717 28
      vertex 15.5885 -9 28
    endloop
  endfacet
  facet normal -0 0 1
    outer loop
      vertex 10.8981 -1.49679 28
      vertex 15.5885 -9 28
      vertex 10.9958 -1.48717 28
    endloop
  endfacet
  facet normal -0 0 1
    outer loop
      vertex 10.8 -1.5 28
      vertex 15.5885 -9 28
      vertex 10.8981 -1.49679 28
    endloop
  endfacet
  facet normal 0 0 1
    outer loop
      vertex 15.5885 -9 28
      vertex 10.8 -1.5 28
      vertex 14.9665 -10.0003 28
    endloop
  endfacet
  facet normal 0 0 1
    outer loop
      vertex 10.7019 -1.49679 28
      vertex 14.9665 -10.0003 28
      vertex 10.8 -1.5 28
    endloop
  endfacet
  facet normal 0 0 1
    outer loop
      vertex 10.6042 -1.48717 28
      vertex 14.9665 -10.0003 28
      vertex 10.7019 -1.49679 28
    endloop
  endfacet
  facet normal 0 0 1
    outer loop
      vertex 14.9665 -10.0003 28
      vertex 10.6042 -1.48717 28
      vertex 14.2804 -10.9577 28
    endloop
  endfacet
  facet normal 0 0 1
    outer loop
      vertex 10.5074 -1.47118 28
      vertex 14.2804 -10.9577 28
      vertex 10.6042 -1.48717 28
    endloop
  endfacet
  facet normal 0 0 1
    outer loop
      vertex 14.2804 -10.9577 28
      vertex 10.5074 -1.47118 28
      vertex 13.5331 -11.8682 28
    endloop
  endfacet
  facet normal 0 0 1
    outer loop
      vertex 10.4118 -1.44889 28
      vertex 13.5331 -11.8682 28
      vertex 10.5074 -1.47118 28
    endloop
  endfacet
  facet normal 0 0 1
    outer loop
      vertex 10.1366 -1.34531 28
      vertex 4.57308 -3.05564 28
      vertex 10.226 -1.38582 28
    endloop
  endfacet
  facet normal 0 0 1
    outer loop
      vertex 4.57308 -3.05564 28
      vertex 10.1366 -1.34531 28
      vertex 4.76314 -2.75 28
    endloop
  endfacet
  facet normal 0 0 1
    outer loop
      vertex 9.96664 -1.2472 28
      vertex 4.76314 -2.75 28
      vertex 10.05 -1.29904 28
    endloop
  endfacet
  facet normal 0 0 1
    outer loop
      vertex 4.76314 -2.75 28
      vertex 9.96664 -1.2472 28
      vertex 4.9328 -2.43259 28
    endloop
  endfacet
  facet normal 0 0 1
    outer loop
      vertex 4.9328 -2.43259 28
      vertex 9.88686 -1.19003 28
      vertex 5.08134 -2.10476 28
    endloop
  endfacet
  facet normal 0 0 1
    outer loop
      vertex 9.81098 -1.12776 28
      vertex 5.08134 -2.10476 28
      vertex 9.88686 -1.19003 28
    endloop
  endfacet
  facet normal 0 0 1
    outer loop
      vertex 9.73934 -1.06066 28
      vertex 5.08134 -2.10476 28
      vertex 9.81098 -1.12776 28
    endloop
  endfacet
  facet normal 0 0 1
    outer loop
      vertex 5.08134 -2.10476 28
      vertex 9.73934 -1.06066 28
      vertex 5.20812 -1.76792 28
    endloop
  endfacet
  facet normal 0 0 1
    outer loop
      vertex 9.67224 -0.989018 28
      vertex 5.20812 -1.76792 28
      vertex 9.73934 -1.06066 28
    endloop
  endfacet
  facet normal 0 0 1
    outer loop
      vertex 5.20812 -1.76792 28
      vertex 9.60997 -0.913141 28
      vertex 5.31259 -1.4235 28
    endloop
  endfacet
  facet normal 0 0 1
    outer loop
      vertex 9.5528 -0.833355 28
      vertex 5.31259 -1.4235 28
      vertex 9.60997 -0.913141 28
    endloop
  endfacet
  facet normal 0 0 1
    outer loop
      vertex 9.50096 -0.75 28
      vertex 5.31259 -1.4235 28
      vertex 9.5528 -0.833355 28
    endloop
  endfacet
  facet normal 0 0 1
    outer loop
      vertex 5.31259 -1.4235 28
      vertex 9.50096 -0.75 28
      vertex 5.39432 -1.073 28
    endloop
  endfacet
  facet normal 0 0 1
    outer loop
      vertex 9.45469 -0.663432 28
      vertex 5.39432 -1.073 28
      vertex 9.50096 -0.75 28
    endloop
  endfacet
  facet normal 0 0 1
    outer loop
      vertex 9.41418 -0.574024 28
      vertex 5.39432 -1.073 28
      vertex 9.45469 -0.663432 28
    endloop
  endfacet
  facet normal 0 0 1
    outer loop
      vertex 9.3796 -0.482159 28
      vertex 5.39432 -1.073 28
      vertex 9.41418 -0.574024 28
    endloop
  endfacet
  facet normal 0 0 1
    outer loop
      vertex 5.39432 -1.073 28
      vertex 9.3796 -0.482159 28
      vertex 5.45295 -0.717894 28
    endloop
  endfacet
  facet normal 0 0 1
    outer loop
      vertex 9.35111 -0.388228 28
      vertex 5.45295 -0.717894 28
      vertex 9.3796 -0.482159 28
    endloop
  endfacet
  facet normal 0 0 1
    outer loop
      vertex 9.32882 -0.292635 28
      vertex 5.45295 -0.717894 28
      vertex 9.35111 -0.388228 28
    endloop
  endfacet
  facet normal 0 0 1
    outer loop
      vertex 5.45295 -0.717894 28
      vertex 9.32882 -0.292635 28
      vertex 5.48822 -0.359716 28
    endloop
  endfacet
  facet normal 0 0 1
    outer loop
      vertex 9.31283 -0.195788 28
      vertex 5.48822 -0.359716 28
      vertex 9.32882 -0.292635 28
    endloop
  endfacet
  facet normal 0 0 1
    outer loop
      vertex 9.30321 -0.0981045 28
      vertex 5.48822 -0.359716 28
      vertex 9.31283 -0.195788 28
    endloop
  endfacet
  facet normal 0 0 1
    outer loop
      vertex 5.48822 -0.359716 28
      vertex 9.30321 -0.0981045 28
      vertex 5.5 0 28
    endloop
  endfacet
  facet normal 0 0 1
    outer loop
      vertex 9.60997 -0.913141 28
      vertex 5.20812 -1.76792 28
      vertex 9.67224 -0.989018 28
    endloop
  endfacet
  facet normal -0 0 1
    outer loop
      vertex 5.5 0 28
      vertex 9.30321 -0.0981045 28
      vertex 9.3 0 28
    endloop
  endfacet
  facet normal 0 0 1
    outer loop
      vertex 9.45469 0.663432 28
      vertex 5.39432 1.073 28
      vertex 9.41418 0.574024 28
    endloop
  endfacet
  facet normal 0 0 1
    outer loop
      vertex 1.48717 10.9958 28
      vertex 9 15.5885 28
      vertex 7.9612 16.1437 28
    endloop
  endfacet
  facet normal 0 0 1
    outer loop
      vertex 9.88686 -1.19003 28
      vertex 4.9328 -2.43259 28
      vertex 9.96664 -1.2472 28
    endloop
  endfacet
  facet normal 0 0 1
    outer loop
      vertex 1.44889 11.1882 28
      vertex 7.9612 16.1437 28
      vertex 6.8883 16.6298 28
    endloop
  endfacet
  facet normal 0 0 1
    outer loop
      vertex 10.05 -1.29904 28
      vertex 4.76314 -2.75 28
      vertex 10.1366 -1.34531 28
    endloop
  endfacet
  facet normal 0 0 1
    outer loop
      vertex 1.34531 11.4634 28
      vertex 6.8883 16.6298 28
      vertex 5.78591 17.0447 28
    endloop
  endfacet
  facet normal 0 0 1
    outer loop
      vertex 10.226 -1.38582 28
      vertex 4.57308 -3.05564 28
      vertex 10.3178 -1.42039 28
    endloop
  endfacet
  facet normal 0 0 1
    outer loop
      vertex 4.36344 -3.34819 28
      vertex 10.3178 -1.42039 28
      vertex 4.57308 -3.05564 28
    endloop
  endfacet
  facet normal 0 0 1
    outer loop
      vertex 9.30321 0.0981045 28
      vertex 5.5 0 28
      vertex 9.3 0 28
    endloop
  endfacet
  facet normal 0 -0 1
    outer loop
      vertex 5.5 0 28
      vertex 9.30321 0.0981045 28
      vertex 5.48822 0.359716 28
    endloop
  endfacet
  facet normal 0 0 1
    outer loop
      vertex 9.31283 0.195788 28
      vertex 5.48822 0.359716 28
      vertex 9.30321 0.0981045 28
    endloop
  endfacet
  facet normal 0 0 1
    outer loop
      vertex 9.32882 0.292635 28
      vertex 5.48822 0.359716 28
      vertex 9.31283 0.195788 28
    endloop
  endfacet
  facet normal -0 -0 1
    outer loop
      vertex 5.48822 0.359716 28
      vertex 9.32882 0.292635 28
      vertex 5.45295 0.717894 28
    endloop
  endfacet
  facet normal 0 0 1
    outer loop
      vertex 9.35111 0.388228 28
      vertex 5.45295 0.717894 28
      vertex 9.32882 0.292635 28
    endloop
  endfacet
  facet normal 0 0 1
    outer loop
      vertex 9.3796 0.482159 28
      vertex 5.45295 0.717894 28
      vertex 9.35111 0.388228 28
    endloop
  endfacet
  facet normal -0 -0 1
    outer loop
      vertex 5.45295 0.717894 28
      vertex 9.3796 0.482159 28
      vertex 5.39432 1.073 28
    endloop
  endfacet
  facet normal 0 0 1
    outer loop
      vertex 1.2472 11.6334 28
      vertex 5.78591 17.0447 28
      vertex 4.65874 17.3867 28
    endloop
  endfacet
  facet normal 0 0 1
    outer loop
      vertex 9.41418 0.574024 28
      vertex 5.39432 1.073 28
      vertex 9.3796 0.482159 28
    endloop
  endfacet
  facet normal 0 0 1
    outer loop
      vertex 9 15.5885 28
      vertex 4.36344 3.34819 28
      vertex 4.57308 3.05564 28
    endloop
  endfacet
  facet normal 0 0 1
    outer loop
      vertex 9 15.5885 28
      vertex 4.13512 3.6264 28
      vertex 4.36344 3.34819 28
    endloop
  endfacet
  facet normal 0 0 1
    outer loop
      vertex 1.49679 10.7019 28
      vertex 9 15.5885 28
      vertex 1.5 10.8 28
    endloop
  endfacet
  facet normal 0 0 1
    outer loop
      vertex 9 15.5885 28
      vertex 3.88909 3.88909 28
      vertex 4.13512 3.6264 28
    endloop
  endfacet
  facet normal 0 0 1
    outer loop
      vertex 1.06066 11.8607 28
      vertex 4.65874 17.3867 28
      vertex 3.51163 17.6541 28
    endloop
  endfacet
  facet normal 0 0 1
    outer loop
      vertex 9 15.5885 28
      vertex 3.6264 4.13512 28
      vertex 3.88909 3.88909 28
    endloop
  endfacet
  facet normal 0 0 1
    outer loop
      vertex 1.48717 10.6042 28
      vertex 9 15.5885 28
      vertex 1.49679 10.7019 28
    endloop
  endfacet
  facet normal 0 0 1
    outer loop
      vertex 1.47118 10.5074 28
      vertex 9 15.5885 28
      vertex 1.48717 10.6042 28
    endloop
  endfacet
  facet normal 0 0 1
    outer loop
      vertex 9 15.5885 28
      vertex 1.47118 10.5074 28
      vertex 3.6264 4.13512 28
    endloop
  endfacet
  facet normal 0 0 1
    outer loop
      vertex 0.833355 12.0472 28
      vertex 3.51163 17.6541 28
      vertex 2.34947 17.846 28
    endloop
  endfacet
  facet normal -0 0 1
    outer loop
      vertex 1.44889 10.4118 28
      vertex 3.6264 4.13512 28
      vertex 1.47118 10.5074 28
    endloop
  endfacet
  facet normal 0 0 1
    outer loop
      vertex 3.6264 4.13512 28
      vertex 1.44889 10.4118 28
      vertex 3.34819 4.36344 28
    endloop
  endfacet
  facet normal -0 0 1
    outer loop
      vertex 1.42039 10.3178 28
      vertex 3.34819 4.36344 28
      vertex 1.44889 10.4118 28
    endloop
  endfacet
  facet normal 0 0 1
    outer loop
      vertex 9 15.5885 28
      vertex 1.49679 10.8981 28
      vertex 1.5 10.8 28
    endloop
  endfacet
  facet normal 0 0 1
    outer loop
      vertex 9 15.5885 28
      vertex 1.48717 10.9958 28
      vertex 1.49679 10.8981 28
    endloop
  endfacet
  facet normal 0 0 1
    outer loop
      vertex 7.9612 16.1437 28
      vertex 1.47118 11.0926 28
      vertex 1.48717 10.9958 28
    endloop
  endfacet
  facet normal 0 0 1
    outer loop
      vertex 7.9612 16.1437 28
      vertex 1.44889 11.1882 28
      vertex 1.47118 11.0926 28
    endloop
  endfacet
  facet normal 0 0 1
    outer loop
      vertex 6.8883 16.6298 28
      vertex 1.42039 11.2822 28
      vertex 1.44889 11.1882 28
    endloop
  endfacet
  facet normal 0 0 1
    outer loop
      vertex 6.8883 16.6298 28
      vertex 1.38582 11.374 28
      vertex 1.42039 11.2822 28
    endloop
  endfacet
  facet normal 0 0 1
    outer loop
      vertex 6.8883 16.6298 28
      vertex 1.34531 11.4634 28
      vertex 1.38582 11.374 28
    endloop
  endfacet
  facet normal 0 0 1
    outer loop
      vertex 5.78591 17.0447 28
      vertex 1.29904 11.55 28
      vertex 1.34531 11.4634 28
    endloop
  endfacet
  facet normal 0 0 1
    outer loop
      vertex 5.78591 17.0447 28
      vertex 1.2472 11.6334 28
      vertex 1.29904 11.55 28
    endloop
  endfacet
  facet normal 0 0 1
    outer loop
      vertex 4.65874 17.3867 28
      vertex 1.19003 11.7131 28
      vertex 1.2472 11.6334 28
    endloop
  endfacet
  facet normal 0 0 1
    outer loop
      vertex 0.482159 12.2204 28
      vertex 2.34947 17.846 28
      vertex 1.17726 17.9615 28
    endloop
  endfacet
  facet normal 0 0 1
    outer loop
      vertex 4.65874 17.3867 28
      vertex 1.12776 11.789 28
      vertex 1.19003 11.7131 28
    endloop
  endfacet
  facet normal 0 0 1
    outer loop
      vertex 4.65874 17.3867 28
      vertex 1.06066 11.8607 28
      vertex 1.12776 11.789 28
    endloop
  endfacet
  facet normal 0 0 1
    outer loop
      vertex 3.51163 17.6541 28
      vertex 0.989018 11.9278 28
      vertex 1.06066 11.8607 28
    endloop
  endfacet
  facet normal 0 0 1
    outer loop
      vertex 3.51163 17.6541 28
      vertex 0.913141 11.99 28
      vertex 0.989018 11.9278 28
    endloop
  endfacet
  facet normal 0 0 1
    outer loop
      vertex 3.51163 17.6541 28
      vertex 0.833355 12.0472 28
      vertex 0.913141 11.99 28
    endloop
  endfacet
  facet normal 0 0 1
    outer loop
      vertex 2.34947 17.846 28
      vertex 0.75 12.099 28
      vertex 0.833355 12.0472 28
    endloop
  endfacet
  facet normal 0 0 1
    outer loop
      vertex 2.34947 17.846 28
      vertex 0.663432 12.1453 28
      vertex 0.75 12.099 28
    endloop
  endfacet
  facet normal 0 0 1
    outer loop
      vertex 2.34947 17.846 28
      vertex 0.574024 12.1858 28
      vertex 0.663432 12.1453 28
    endloop
  endfacet
  facet normal 0 0 1
    outer loop
      vertex 2.34947 17.846 28
      vertex 0.482159 12.2204 28
      vertex 0.574024 12.1858 28
    endloop
  endfacet
  facet normal 0 0 1
    outer loop
      vertex 1.17726 17.9615 28
      vertex 0.388228 12.2489 28
      vertex 0.482159 12.2204 28
    endloop
  endfacet
  facet normal 0 0 1
    outer loop
      vertex 1.17726 17.9615 28
      vertex 0.292635 12.2712 28
      vertex 0.388228 12.2489 28
    endloop
  endfacet
  facet normal 0 0 1
    outer loop
      vertex 1.17726 17.9615 28
      vertex 0.195788 12.2872 28
      vertex 0.292635 12.2712 28
    endloop
  endfacet
  facet normal 0 0 1
    outer loop
      vertex 0 18 28
      vertex 0.195788 12.2872 28
      vertex 1.17726 17.9615 28
    endloop
  endfacet
  facet normal 0 0 1
    outer loop
      vertex 0.195788 12.2872 28
      vertex 0 18 28
      vertex 0.0981045 12.2968 28
    endloop
  endfacet
  facet normal 0 0 1
    outer loop
      vertex 0 18 28
      vertex 0 12.3 28
      vertex 0.0981045 12.2968 28
    endloop
  endfacet
  facet normal 0 0 1
    outer loop
      vertex 0 18 28
      vertex -0.0981045 12.2968 28
      vertex 0 12.3 28
    endloop
  endfacet
  facet normal 0 0 1
    outer loop
      vertex 0 18 28
      vertex -0.195788 12.2872 28
      vertex -0.0981045 12.2968 28
    endloop
  endfacet
  facet normal -0 0 1
    outer loop
      vertex -1.17726 17.9615 28
      vertex -0.195788 12.2872 28
      vertex 0 18 28
    endloop
  endfacet
  facet normal 0 0 1
    outer loop
      vertex -0.195788 12.2872 28
      vertex -1.17726 17.9615 28
      vertex -0.292635 12.2712 28
    endloop
  endfacet
  facet normal 0 0 1
    outer loop
      vertex -0.292635 12.2712 28
      vertex -1.17726 17.9615 28
      vertex -0.388228 12.2489 28
    endloop
  endfacet
  facet normal 0 0 1
    outer loop
      vertex -0.388228 12.2489 28
      vertex -1.17726 17.9615 28
      vertex -0.482159 12.2204 28
    endloop
  endfacet
  facet normal -0 0 1
    outer loop
      vertex -2.34947 17.846 28
      vertex -0.482159 12.2204 28
      vertex -1.17726 17.9615 28
    endloop
  endfacet
  facet normal 0 0 1
    outer loop
      vertex -0.482159 12.2204 28
      vertex -2.34947 17.846 28
      vertex -0.574024 12.1858 28
    endloop
  endfacet
  facet normal 0 0 1
    outer loop
      vertex -0.574024 12.1858 28
      vertex -2.34947 17.846 28
      vertex -0.663432 12.1453 28
    endloop
  endfacet
  facet normal 0 0 1
    outer loop
      vertex -0.663432 12.1453 28
      vertex -2.34947 17.846 28
      vertex -0.75 12.099 28
    endloop
  endfacet
  facet normal 0 0 1
    outer loop
      vertex -0.75 12.099 28
      vertex -2.34947 17.846 28
      vertex -0.833355 12.0472 28
    endloop
  endfacet
  facet normal -0 0 1
    outer loop
      vertex -3.51163 17.6541 28
      vertex -0.833355 12.0472 28
      vertex -2.34947 17.846 28
    endloop
  endfacet
  facet normal 0 0 1
    outer loop
      vertex -0.833355 12.0472 28
      vertex -3.51163 17.6541 28
      vertex -0.913141 11.99 28
    endloop
  endfacet
  facet normal 0 0 1
    outer loop
      vertex -0.913141 11.99 28
      vertex -3.51163 17.6541 28
      vertex -0.989018 11.9278 28
    endloop
  endfacet
  facet normal 0 0 1
    outer loop
      vertex -0.989018 11.9278 28
      vertex -3.51163 17.6541 28
      vertex -1.06066 11.8607 28
    endloop
  endfacet
  facet normal -0 0 1
    outer loop
      vertex -4.65874 17.3867 28
      vertex -1.06066 11.8607 28
      vertex -3.51163 17.6541 28
    endloop
  endfacet
  facet normal 0 0 1
    outer loop
      vertex -1.06066 11.8607 28
      vertex -4.65874 17.3867 28
      vertex -1.12776 11.789 28
    endloop
  endfacet
  facet normal 0 0 1
    outer loop
      vertex -1.12776 11.789 28
      vertex -4.65874 17.3867 28
      vertex -1.19003 11.7131 28
    endloop
  endfacet
  facet normal 0 0 1
    outer loop
      vertex -1.19003 11.7131 28
      vertex -4.65874 17.3867 28
      vertex -1.2472 11.6334 28
    endloop
  endfacet
  facet normal -0 0 1
    outer loop
      vertex -5.78591 17.0447 28
      vertex -1.2472 11.6334 28
      vertex -4.65874 17.3867 28
    endloop
  endfacet
  facet normal 0 0 1
    outer loop
      vertex -1.2472 11.6334 28
      vertex -5.78591 17.0447 28
      vertex -1.29904 11.55 28
    endloop
  endfacet
  facet normal 0 0 1
    outer loop
      vertex -1.29904 11.55 28
      vertex -5.78591 17.0447 28
      vertex -1.34531 11.4634 28
    endloop
  endfacet
  facet normal -0 0 1
    outer loop
      vertex -6.8883 16.6298 28
      vertex -1.34531 11.4634 28
      vertex -5.78591 17.0447 28
    endloop
  endfacet
  facet normal 0 0 1
    outer loop
      vertex -1.34531 11.4634 28
      vertex -6.8883 16.6298 28
      vertex -1.38582 11.374 28
    endloop
  endfacet
  facet normal 0 0 1
    outer loop
      vertex -1.47118 11.0926 28
      vertex -7.9612 16.1437 28
      vertex -1.48717 10.9958 28
    endloop
  endfacet
  facet normal 0 0 1
    outer loop
      vertex -1.38582 11.374 28
      vertex -6.8883 16.6298 28
      vertex -1.42039 11.2822 28
    endloop
  endfacet
  facet normal 0 0 1
    outer loop
      vertex -1.42039 11.2822 28
      vertex -6.8883 16.6298 28
      vertex -1.44889 11.1882 28
    endloop
  endfacet
  facet normal -0 0 1
    outer loop
      vertex -7.9612 16.1437 28
      vertex -1.44889 11.1882 28
      vertex -6.8883 16.6298 28
    endloop
  endfacet
  facet normal 0 0 1
    outer loop
      vertex -1.44889 11.1882 28
      vertex -7.9612 16.1437 28
      vertex -1.47118 11.0926 28
    endloop
  endfacet
  facet normal 0 0 1
    outer loop
      vertex -1.48717 10.9958 28
      vertex -9 15.5885 28
      vertex -1.49679 10.8981 28
    endloop
  endfacet
  facet normal 0 0 1
    outer loop
      vertex -1.06066 9.73934 28
      vertex -2.10476 5.08134 28
      vertex -1.76792 5.20812 28
    endloop
  endfacet
  facet normal 0 0 1
    outer loop
      vertex -1.19003 9.88686 28
      vertex -2.43259 4.9328 28
      vertex -2.10476 5.08134 28
    endloop
  endfacet
  facet normal 0 0 1
    outer loop
      vertex -1.2472 9.96664 28
      vertex -2.75 4.76314 28
      vertex -2.43259 4.9328 28
    endloop
  endfacet
  facet normal 0 0 1
    outer loop
      vertex -1.34531 10.1366 28
      vertex -3.05564 4.57308 28
      vertex -2.75 4.76314 28
    endloop
  endfacet
  facet normal 0 0 1
    outer loop
      vertex -1.42039 10.3178 28
      vertex -3.34819 4.36344 28
      vertex -3.05564 4.57308 28
    endloop
  endfacet
  facet normal 0 0 1
    outer loop
      vertex -1.44889 10.4118 28
      vertex -3.6264 4.13512 28
      vertex -3.34819 4.36344 28
    endloop
  endfacet
  facet normal 0 0 1
    outer loop
      vertex -1.49679 10.7019 28
      vertex -10.0003 14.9665 28
      vertex -1.48717 10.6042 28
    endloop
  endfacet
  facet normal -0 0 1
    outer loop
      vertex -10.0003 14.9665 28
      vertex -1.5 10.8 28
      vertex -9 15.5885 28
    endloop
  endfacet
  facet normal -0 0 1
    outer loop
      vertex -10.9577 14.2804 28
      vertex -1.48717 10.6042 28
      vertex -10.0003 14.9665 28
    endloop
  endfacet
  facet normal 0 0 1
    outer loop
      vertex -1.48717 10.6042 28
      vertex -10.9577 14.2804 28
      vertex -1.47118 10.5074 28
    endloop
  endfacet
  facet normal -0 0 1
    outer loop
      vertex -11.8682 13.5331 28
      vertex -1.47118 10.5074 28
      vertex -10.9577 14.2804 28
    endloop
  endfacet
  facet normal 0 0 1
    outer loop
      vertex -1.47118 10.5074 28
      vertex -11.8682 13.5331 28
      vertex -3.6264 4.13512 28
    endloop
  endfacet
  facet normal 0 0 1
    outer loop
      vertex -3.6264 4.13512 28
      vertex -11.8682 13.5331 28
      vertex -3.88909 3.88909 28
    endloop
  endfacet
  facet normal -0 0 1
    outer loop
      vertex -12.7279 12.7279 28
      vertex -3.88909 3.88909 28
      vertex -11.8682 13.5331 28
    endloop
  endfacet
  facet normal 0 0 1
    outer loop
      vertex -3.88909 3.88909 28
      vertex -12.7279 12.7279 28
      vertex -4.13512 3.6264 28
    endloop
  endfacet
  facet normal -0 0 1
    outer loop
      vertex -13.5331 11.8682 28
      vertex -4.13512 3.6264 28
      vertex -12.7279 12.7279 28
    endloop
  endfacet
  facet normal 0 0 1
    outer loop
      vertex -4.13512 3.6264 28
      vertex -10.4118 1.44889 28
      vertex -4.36344 3.34819 28
    endloop
  endfacet
  facet normal 0 0 1
    outer loop
      vertex -4.36344 3.34819 28
      vertex -10.3178 1.42039 28
      vertex -4.57308 3.05564 28
    endloop
  endfacet
  facet normal 0 -0 1
    outer loop
      vertex -10.3178 1.42039 28
      vertex -4.36344 3.34819 28
      vertex -10.4118 1.44889 28
    endloop
  endfacet
  facet normal -0.41269 -0.910872 0
    outer loop
      vertex -7.9612 -16.1437 25
      vertex -6.8883 -16.6298 28
      vertex -7.9612 -16.1437 28
    endloop
  endfacet
  facet normal -0.41269 -0.910872 -0
    outer loop
      vertex -6.8883 -16.6298 28
      vertex -7.9612 -16.1437 25
      vertex -6.8883 -16.6298 25
    endloop
  endfacet
  facet normal -0.582498 -0.812832 0
    outer loop
      vertex -10.9577 -14.2804 25
      vertex -10.0003 -14.9665 28
      vertex -10.9577 -14.2804 28
    endloop
  endfacet
  facet normal -0.582498 -0.812832 -0
    outer loop
      vertex -10.0003 -14.9665 28
      vertex -10.9577 -14.2804 25
      vertex -10.0003 -14.9665 25
    endloop
  endfacet
  facet normal 0.995187 0.0979966 0
    outer loop
      vertex 5.48822 0.359716 30
      vertex 5.45295 0.717894 28
      vertex 5.45295 0.717894 30
    endloop
  endfacet
  facet normal 0.995187 0.0979966 0
    outer loop
      vertex 5.45295 0.717894 28
      vertex 5.48822 0.359716 30
      vertex 5.48822 0.359716 28
    endloop
  endfacet
  facet normal 0.999464 0.0327305 0
    outer loop
      vertex 5.5 0 30
      vertex 5.48822 0.359716 28
      vertex 5.48822 0.359716 30
    endloop
  endfacet
  facet normal 0.999464 0.0327305 0
    outer loop
      vertex 5.48822 0.359716 28
      vertex 5.5 0 30
      vertex 5.5 0 28
    endloop
  endfacet
  facet normal -0.352256 -0.935904 0
    outer loop
      vertex -2.10476 -5.08134 28
      vertex -1.76792 -5.20812 30
      vertex -2.10476 -5.08134 30
    endloop
  endfacet
  facet normal -0.352256 -0.935904 -0
    outer loop
      vertex -1.76792 -5.20812 30
      vertex -2.10476 -5.08134 28
      vertex -1.76792 -5.20812 28
    endloop
  endfacet
  facet normal 0.935904 -0.352256 0
    outer loop
      vertex 5.08134 -2.10476 30
      vertex 5.20812 -1.76792 28
      vertex 5.20812 -1.76792 30
    endloop
  endfacet
  facet normal 0.935904 -0.352256 0
    outer loop
      vertex 5.20812 -1.76792 28
      vertex 5.08134 -2.10476 30
      vertex 5.08134 -2.10476 28
    endloop
  endfacet
  facet normal 0.0979966 -0.995187 0
    outer loop
      vertex 0.359716 -5.48822 28
      vertex 0.717894 -5.45295 30
      vertex 0.359716 -5.48822 30
    endloop
  endfacet
  facet normal 0.0979966 -0.995187 0
    outer loop
      vertex 0.717894 -5.45295 30
      vertex 0.359716 -5.48822 28
      vertex 0.717894 -5.45295 28
    endloop
  endfacet
  facet normal 0.227089 0.973874 -0
    outer loop
      vertex 1.4235 5.31259 28
      vertex 1.073 5.39432 30
      vertex 1.4235 5.31259 30
    endloop
  endfacet
  facet normal 0.227089 0.973874 0
    outer loop
      vertex 1.073 5.39432 30
      vertex 1.4235 5.31259 28
      vertex 1.073 5.39432 28
    endloop
  endfacet
  facet normal -0.683583 0.729872 0
    outer loop
      vertex -3.6264 4.13512 28
      vertex -3.88909 3.88909 30
      vertex -3.6264 4.13512 30
    endloop
  endfacet
  facet normal -0.683583 0.729872 0
    outer loop
      vertex -3.88909 3.88909 30
      vertex -3.6264 4.13512 28
      vertex -3.88909 3.88909 28
    endloop
  endfacet
  facet normal -0.986643 -0.1629 0
    outer loop
      vertex -5.39432 -1.073 28
      vertex -5.45295 -0.717894 30
      vertex -5.45295 -0.717894 28
    endloop
  endfacet
  facet normal -0.986643 -0.1629 0
    outer loop
      vertex -5.45295 -0.717894 30
      vertex -5.39432 -1.073 28
      vertex -5.39432 -1.073 30
    endloop
  endfacet
  facet normal 0.910862 -0.412712 0
    outer loop
      vertex 4.9328 -2.43259 30
      vertex 5.08134 -2.10476 28
      vertex 5.08134 -2.10476 30
    endloop
  endfacet
  facet normal 0.910862 -0.412712 0
    outer loop
      vertex 5.08134 -2.10476 28
      vertex 4.9328 -2.43259 30
      vertex 4.9328 -2.43259 28
    endloop
  endfacet
  facet normal 0.1629 -0.986643 0
    outer loop
      vertex 0.717894 -5.45295 28
      vertex 1.073 -5.39432 30
      vertex 0.717894 -5.45295 30
    endloop
  endfacet
  facet normal 0.1629 -0.986643 0
    outer loop
      vertex 1.073 -5.39432 30
      vertex 0.717894 -5.45295 28
      vertex 1.073 -5.39432 28
    endloop
  endfacet
  facet normal -0.582481 0.812845 0
    outer loop
      vertex -3.05564 4.57308 28
      vertex -3.34819 4.36344 30
      vertex -3.05564 4.57308 30
    endloop
  endfacet
  facet normal -0.582481 0.812845 0
    outer loop
      vertex -3.34819 4.36344 30
      vertex -3.05564 4.57308 28
      vertex -3.34819 4.36344 28
    endloop
  endfacet
  facet normal 0.812845 -0.582481 0
    outer loop
      vertex 4.36344 -3.34819 30
      vertex 4.57308 -3.05564 28
      vertex 4.57308 -3.05564 30
    endloop
  endfacet
  facet normal 0.812845 -0.582481 0
    outer loop
      vertex 4.57308 -3.05564 28
      vertex 4.36344 -3.34819 30
      vertex 4.36344 -3.34819 28
    endloop
  endfacet
  facet normal -0.986643 0.1629 0
    outer loop
      vertex -5.45295 0.717894 28
      vertex -5.39432 1.073 30
      vertex -5.39432 1.073 28
    endloop
  endfacet
  facet normal -0.986643 0.1629 0
    outer loop
      vertex -5.39432 1.073 30
      vertex -5.45295 0.717894 28
      vertex -5.45295 0.717894 30
    endloop
  endfacet
  facet normal 0.956947 -0.290263 0
    outer loop
      vertex 5.20812 -1.76792 30
      vertex 5.31259 -1.4235 28
      vertex 5.31259 -1.4235 30
    endloop
  endfacet
  facet normal 0.956947 -0.290263 0
    outer loop
      vertex 5.31259 -1.4235 28
      vertex 5.20812 -1.76792 30
      vertex 5.20812 -1.76792 28
    endloop
  endfacet
  facet normal -0.956947 -0.290263 0
    outer loop
      vertex -5.20812 -1.76792 28
      vertex -5.31259 -1.4235 30
      vertex -5.31259 -1.4235 28
    endloop
  endfacet
  facet normal -0.956947 -0.290263 0
    outer loop
      vertex -5.31259 -1.4235 30
      vertex -5.20812 -1.76792 28
      vertex -5.20812 -1.76792 30
    endloop
  endfacet
  facet normal 0.773012 -0.634392 0
    outer loop
      vertex 4.13512 -3.6264 30
      vertex 4.36344 -3.34819 28
      vertex 4.36344 -3.34819 30
    endloop
  endfacet
  facet normal 0.773012 -0.634392 0
    outer loop
      vertex 4.36344 -3.34819 28
      vertex 4.13512 -3.6264 30
      vertex 4.13512 -3.6264 28
    endloop
  endfacet
  facet normal -0.227089 -0.973874 0
    outer loop
      vertex -1.4235 -5.31259 28
      vertex -1.073 -5.39432 30
      vertex -1.4235 -5.31259 30
    endloop
  endfacet
  facet normal -0.227089 -0.973874 -0
    outer loop
      vertex -1.073 -5.39432 30
      vertex -1.4235 -5.31259 28
      vertex -1.073 -5.39432 28
    endloop
  endfacet
  facet normal -0.849201 0.52807 0
    outer loop
      vertex -4.76314 2.75 28
      vertex -4.57308 3.05564 30
      vertex -4.57308 3.05564 28
    endloop
  endfacet
  facet normal -0.849201 0.52807 0
    outer loop
      vertex -4.57308 3.05564 30
      vertex -4.76314 2.75 28
      vertex -4.76314 2.75 30
    endloop
  endfacet
  facet normal 0.849201 0.52807 0
    outer loop
      vertex 4.76314 2.75 30
      vertex 4.57308 3.05564 28
      vertex 4.57308 3.05564 30
    endloop
  endfacet
  facet normal 0.849201 0.52807 0
    outer loop
      vertex 4.57308 3.05564 28
      vertex 4.76314 2.75 30
      vertex 4.76314 2.75 28
    endloop
  endfacet
  facet normal 0.582481 -0.812845 0
    outer loop
      vertex 3.05564 -4.57308 28
      vertex 3.34819 -4.36344 30
      vertex 3.05564 -4.57308 30
    endloop
  endfacet
  facet normal 0.582481 -0.812845 0
    outer loop
      vertex 3.34819 -4.36344 30
      vertex 3.05564 -4.57308 28
      vertex 3.34819 -4.36344 28
    endloop
  endfacet
  facet normal -0.956947 0.290263 0
    outer loop
      vertex -5.31259 1.4235 28
      vertex -5.20812 1.76792 30
      vertex -5.20812 1.76792 28
    endloop
  endfacet
  facet normal -0.956947 0.290263 0
    outer loop
      vertex -5.20812 1.76792 30
      vertex -5.31259 1.4235 28
      vertex -5.31259 1.4235 30
    endloop
  endfacet
  facet normal 0.634392 0.773012 -0
    outer loop
      vertex 3.6264 4.13512 28
      vertex 3.34819 4.36344 30
      vertex 3.6264 4.13512 30
    endloop
  endfacet
  facet normal 0.634392 0.773012 0
    outer loop
      vertex 3.34819 4.36344 30
      vertex 3.6264 4.13512 28
      vertex 3.34819 4.36344 28
    endloop
  endfacet
  facet normal 0.956947 0.290263 0
    outer loop
      vertex 5.31259 1.4235 30
      vertex 5.20812 1.76792 28
      vertex 5.20812 1.76792 30
    endloop
  endfacet
  facet normal 0.956947 0.290263 0
    outer loop
      vertex 5.20812 1.76792 28
      vertex 5.31259 1.4235 30
      vertex 5.31259 1.4235 28
    endloop
  endfacet
  facet normal -0.0327305 -0.999464 0
    outer loop
      vertex -0.359716 -5.48822 28
      vertex 0 -5.5 30
      vertex -0.359716 -5.48822 30
    endloop
  endfacet
  facet normal -0.0327305 -0.999464 -0
    outer loop
      vertex 0 -5.5 30
      vertex -0.359716 -5.48822 28
      vertex 0 -5.5 28
    endloop
  endfacet
  facet normal -0.52807 -0.849201 0
    outer loop
      vertex -3.05564 -4.57308 28
      vertex -2.75 -4.76314 30
      vertex -3.05564 -4.57308 30
    endloop
  endfacet
  facet normal -0.52807 -0.849201 -0
    outer loop
      vertex -2.75 -4.76314 30
      vertex -3.05564 -4.57308 28
      vertex -2.75 -4.76314 28
    endloop
  endfacet
  facet normal -0.290263 0.956947 0
    outer loop
      vertex -1.4235 5.31259 28
      vertex -1.76792 5.20812 30
      vertex -1.4235 5.31259 30
    endloop
  endfacet
  facet normal -0.290263 0.956947 0
    outer loop
      vertex -1.76792 5.20812 30
      vertex -1.4235 5.31259 28
      vertex -1.76792 5.20812 28
    endloop
  endfacet
  facet normal 0.812845 0.582481 0
    outer loop
      vertex 4.57308 3.05564 30
      vertex 4.36344 3.34819 28
      vertex 4.36344 3.34819 30
    endloop
  endfacet
  facet normal 0.812845 0.582481 0
    outer loop
      vertex 4.36344 3.34819 28
      vertex 4.57308 3.05564 30
      vertex 4.57308 3.05564 28
    endloop
  endfacet
  facet normal 0.471399 -0.88192 0
    outer loop
      vertex 2.43259 -4.9328 28
      vertex 2.75 -4.76314 30
      vertex 2.43259 -4.9328 30
    endloop
  endfacet
  facet normal 0.471399 -0.88192 0
    outer loop
      vertex 2.75 -4.76314 30
      vertex 2.43259 -4.9328 28
      vertex 2.75 -4.76314 28
    endloop
  endfacet
  facet normal 0.582481 0.812845 -0
    outer loop
      vertex 3.34819 4.36344 28
      vertex 3.05564 4.57308 30
      vertex 3.34819 4.36344 30
    endloop
  endfacet
  facet normal 0.582481 0.812845 0
    outer loop
      vertex 3.05564 4.57308 30
      vertex 3.34819 4.36344 28
      vertex 3.05564 4.57308 28
    endloop
  endfacet
  facet normal 0.471399 0.88192 -0
    outer loop
      vertex 2.75 4.76314 28
      vertex 2.43259 4.9328 30
      vertex 2.75 4.76314 30
    endloop
  endfacet
  facet normal 0.471399 0.88192 0
    outer loop
      vertex 2.43259 4.9328 30
      vertex 2.75 4.76314 28
      vertex 2.43259 4.9328 28
    endloop
  endfacet
  facet normal 0.352256 0.935904 -0
    outer loop
      vertex 2.10476 5.08134 28
      vertex 1.76792 5.20812 30
      vertex 2.10476 5.08134 30
    endloop
  endfacet
  facet normal 0.352256 0.935904 0
    outer loop
      vertex 1.76792 5.20812 30
      vertex 2.10476 5.08134 28
      vertex 1.76792 5.20812 28
    endloop
  endfacet
  facet normal -0.935904 -0.352256 0
    outer loop
      vertex -5.08134 -2.10476 28
      vertex -5.20812 -1.76792 30
      vertex -5.20812 -1.76792 28
    endloop
  endfacet
  facet normal -0.935904 -0.352256 0
    outer loop
      vertex -5.20812 -1.76792 30
      vertex -5.08134 -2.10476 28
      vertex -5.08134 -2.10476 30
    endloop
  endfacet
  facet normal -0.773012 -0.634392 0
    outer loop
      vertex -4.13512 -3.6264 28
      vertex -4.36344 -3.34819 30
      vertex -4.36344 -3.34819 28
    endloop
  endfacet
  facet normal -0.773012 -0.634392 0
    outer loop
      vertex -4.36344 -3.34819 30
      vertex -4.13512 -3.6264 28
      vertex -4.13512 -3.6264 30
    endloop
  endfacet
  facet normal 0.1629 0.986643 -0
    outer loop
      vertex 1.073 5.39432 28
      vertex 0.717894 5.45295 30
      vertex 1.073 5.39432 30
    endloop
  endfacet
  facet normal 0.1629 0.986643 0
    outer loop
      vertex 0.717894 5.45295 30
      vertex 1.073 5.39432 28
      vertex 0.717894 5.45295 28
    endloop
  endfacet
  facet normal 0.0327305 0.999464 -0
    outer loop
      vertex 0.359716 5.48822 28
      vertex 0 5.5 30
      vertex 0.359716 5.48822 30
    endloop
  endfacet
  facet normal 0.0327305 0.999464 0
    outer loop
      vertex 0 5.5 30
      vertex 0.359716 5.48822 28
      vertex 0 5.5 28
    endloop
  endfacet
  facet normal 0.986643 -0.1629 0
    outer loop
      vertex 5.39432 -1.073 30
      vertex 5.45295 -0.717894 28
      vertex 5.45295 -0.717894 30
    endloop
  endfacet
  facet normal 0.986643 -0.1629 0
    outer loop
      vertex 5.45295 -0.717894 28
      vertex 5.39432 -1.073 30
      vertex 5.39432 -1.073 28
    endloop
  endfacet
  facet normal -0.849201 -0.52807 0
    outer loop
      vertex -4.57308 -3.05564 28
      vertex -4.76314 -2.75 30
      vertex -4.76314 -2.75 28
    endloop
  endfacet
  facet normal -0.849201 -0.52807 0
    outer loop
      vertex -4.76314 -2.75 30
      vertex -4.57308 -3.05564 28
      vertex -4.57308 -3.05564 30
    endloop
  endfacet
  facet normal -0.683583 -0.729872 0
    outer loop
      vertex -3.88909 -3.88909 28
      vertex -3.6264 -4.13512 30
      vertex -3.88909 -3.88909 30
    endloop
  endfacet
  facet normal -0.683583 -0.729872 -0
    outer loop
      vertex -3.6264 -4.13512 30
      vertex -3.88909 -3.88909 28
      vertex -3.6264 -4.13512 28
    endloop
  endfacet
  facet normal 0.995187 -0.0979966 0
    outer loop
      vertex 5.45295 -0.717894 30
      vertex 5.48822 -0.359716 28
      vertex 5.48822 -0.359716 30
    endloop
  endfacet
  facet normal 0.995187 -0.0979966 0
    outer loop
      vertex 5.48822 -0.359716 28
      vertex 5.45295 -0.717894 30
      vertex 5.45295 -0.717894 28
    endloop
  endfacet
  facet normal -0.352256 0.935904 0
    outer loop
      vertex -1.76792 5.20812 28
      vertex -2.10476 5.08134 30
      vertex -1.76792 5.20812 30
    endloop
  endfacet
  facet normal -0.352256 0.935904 0
    outer loop
      vertex -2.10476 5.08134 30
      vertex -1.76792 5.20812 28
      vertex -2.10476 5.08134 28
    endloop
  endfacet
  facet normal 0.773012 0.634392 0
    outer loop
      vertex 4.36344 3.34819 30
      vertex 4.13512 3.6264 28
      vertex 4.13512 3.6264 30
    endloop
  endfacet
  facet normal 0.773012 0.634392 0
    outer loop
      vertex 4.13512 3.6264 28
      vertex 4.36344 3.34819 30
      vertex 4.36344 3.34819 28
    endloop
  endfacet
  facet normal 0.849201 -0.52807 0
    outer loop
      vertex 4.57308 -3.05564 30
      vertex 4.76314 -2.75 28
      vertex 4.76314 -2.75 30
    endloop
  endfacet
  facet normal 0.849201 -0.52807 0
    outer loop
      vertex 4.76314 -2.75 28
      vertex 4.57308 -3.05564 30
      vertex 4.57308 -3.05564 28
    endloop
  endfacet
  facet normal -0.773012 0.634392 0
    outer loop
      vertex -4.36344 3.34819 28
      vertex -4.13512 3.6264 30
      vertex -4.13512 3.6264 28
    endloop
  endfacet
  facet normal -0.773012 0.634392 0
    outer loop
      vertex -4.13512 3.6264 30
      vertex -4.36344 3.34819 28
      vertex -4.36344 3.34819 30
    endloop
  endfacet
  facet normal 0.683583 0.729872 -0
    outer loop
      vertex 3.88909 3.88909 28
      vertex 3.6264 4.13512 30
      vertex 3.88909 3.88909 30
    endloop
  endfacet
  facet normal 0.683583 0.729872 0
    outer loop
      vertex 3.6264 4.13512 30
      vertex 3.88909 3.88909 28
      vertex 3.6264 4.13512 28
    endloop
  endfacet
  facet normal -0.227089 0.973874 0
    outer loop
      vertex -1.073 5.39432 28
      vertex -1.4235 5.31259 30
      vertex -1.073 5.39432 30
    endloop
  endfacet
  facet normal -0.227089 0.973874 0
    outer loop
      vertex -1.4235 5.31259 30
      vertex -1.073 5.39432 28
      vertex -1.4235 5.31259 28
    endloop
  endfacet
  facet normal -0.471399 -0.88192 0
    outer loop
      vertex -2.75 -4.76314 28
      vertex -2.43259 -4.9328 30
      vertex -2.75 -4.76314 30
    endloop
  endfacet
  facet normal -0.471399 -0.88192 -0
    outer loop
      vertex -2.43259 -4.9328 30
      vertex -2.75 -4.76314 28
      vertex -2.43259 -4.9328 28
    endloop
  endfacet
  facet normal 0.0327305 -0.999464 0
    outer loop
      vertex 0 -5.5 28
      vertex 0.359716 -5.48822 30
      vertex 0 -5.5 30
    endloop
  endfacet
  facet normal 0.0327305 -0.999464 0
    outer loop
      vertex 0.359716 -5.48822 30
      vertex 0 -5.5 28
      vertex 0.359716 -5.48822 28
    endloop
  endfacet
  facet normal -0.995187 -0.0979966 0
    outer loop
      vertex -5.45295 -0.717894 28
      vertex -5.48822 -0.359716 30
      vertex -5.48822 -0.359716 28
    endloop
  endfacet
  facet normal -0.995187 -0.0979966 0
    outer loop
      vertex -5.48822 -0.359716 30
      vertex -5.45295 -0.717894 28
      vertex -5.45295 -0.717894 30
    endloop
  endfacet
  facet normal 0.52807 -0.849201 0
    outer loop
      vertex 2.75 -4.76314 28
      vertex 3.05564 -4.57308 30
      vertex 2.75 -4.76314 30
    endloop
  endfacet
  facet normal 0.52807 -0.849201 0
    outer loop
      vertex 3.05564 -4.57308 30
      vertex 2.75 -4.76314 28
      vertex 3.05564 -4.57308 28
    endloop
  endfacet
  facet normal 0.290263 -0.956947 0
    outer loop
      vertex 1.4235 -5.31259 28
      vertex 1.76792 -5.20812 30
      vertex 1.4235 -5.31259 30
    endloop
  endfacet
  facet normal 0.290263 -0.956947 0
    outer loop
      vertex 1.76792 -5.20812 30
      vertex 1.4235 -5.31259 28
      vertex 1.76792 -5.20812 28
    endloop
  endfacet
  facet normal 0.88192 0.471399 0
    outer loop
      vertex 4.9328 2.43259 30
      vertex 4.76314 2.75 28
      vertex 4.76314 2.75 30
    endloop
  endfacet
  facet normal 0.88192 0.471399 0
    outer loop
      vertex 4.76314 2.75 28
      vertex 4.9328 2.43259 30
      vertex 4.9328 2.43259 28
    endloop
  endfacet
  facet normal 0.999464 -0.0327305 0
    outer loop
      vertex 5.48822 -0.359716 30
      vertex 5.5 0 28
      vertex 5.5 0 30
    endloop
  endfacet
  facet normal 0.999464 -0.0327305 0
    outer loop
      vertex 5.5 0 28
      vertex 5.48822 -0.359716 30
      vertex 5.48822 -0.359716 28
    endloop
  endfacet
  facet normal 0.227089 -0.973874 0
    outer loop
      vertex 1.073 -5.39432 28
      vertex 1.4235 -5.31259 30
      vertex 1.073 -5.39432 30
    endloop
  endfacet
  facet normal 0.227089 -0.973874 0
    outer loop
      vertex 1.4235 -5.31259 30
      vertex 1.073 -5.39432 28
      vertex 1.4235 -5.31259 28
    endloop
  endfacet
  facet normal -0.52807 0.849201 0
    outer loop
      vertex -2.75 4.76314 28
      vertex -3.05564 4.57308 30
      vertex -2.75 4.76314 30
    endloop
  endfacet
  facet normal -0.52807 0.849201 0
    outer loop
      vertex -3.05564 4.57308 30
      vertex -2.75 4.76314 28
      vertex -3.05564 4.57308 28
    endloop
  endfacet
  facet normal -0.935904 0.352256 0
    outer loop
      vertex -5.20812 1.76792 28
      vertex -5.08134 2.10476 30
      vertex -5.08134 2.10476 28
    endloop
  endfacet
  facet normal -0.935904 0.352256 0
    outer loop
      vertex -5.08134 2.10476 30
      vertex -5.20812 1.76792 28
      vertex -5.20812 1.76792 30
    endloop
  endfacet
  facet normal 0.973874 -0.227089 0
    outer loop
      vertex 5.31259 -1.4235 30
      vertex 5.39432 -1.073 28
      vertex 5.39432 -1.073 30
    endloop
  endfacet
  facet normal 0.973874 -0.227089 0
    outer loop
      vertex 5.39432 -1.073 28
      vertex 5.31259 -1.4235 30
      vertex 5.31259 -1.4235 28
    endloop
  endfacet
  facet normal -0.812845 0.582481 0
    outer loop
      vertex -4.57308 3.05564 28
      vertex -4.36344 3.34819 30
      vertex -4.36344 3.34819 28
    endloop
  endfacet
  facet normal -0.812845 0.582481 0
    outer loop
      vertex -4.36344 3.34819 30
      vertex -4.57308 3.05564 28
      vertex -4.57308 3.05564 30
    endloop
  endfacet
  facet normal -0.1629 0.986643 0
    outer loop
      vertex -0.717894 5.45295 28
      vertex -1.073 5.39432 30
      vertex -0.717894 5.45295 30
    endloop
  endfacet
  facet normal -0.1629 0.986643 0
    outer loop
      vertex -1.073 5.39432 30
      vertex -0.717894 5.45295 28
      vertex -1.073 5.39432 28
    endloop
  endfacet
  facet normal 0.0979966 0.995187 -0
    outer loop
      vertex 0.717894 5.45295 28
      vertex 0.359716 5.48822 30
      vertex 0.717894 5.45295 30
    endloop
  endfacet
  facet normal 0.0979966 0.995187 0
    outer loop
      vertex 0.359716 5.48822 30
      vertex 0.717894 5.45295 28
      vertex 0.359716 5.48822 28
    endloop
  endfacet
  facet normal -0.634392 0.773012 0
    outer loop
      vertex -3.34819 4.36344 28
      vertex -3.6264 4.13512 30
      vertex -3.34819 4.36344 30
    endloop
  endfacet
  facet normal -0.634392 0.773012 0
    outer loop
      vertex -3.6264 4.13512 30
      vertex -3.34819 4.36344 28
      vertex -3.6264 4.13512 28
    endloop
  endfacet
  facet normal 0.352256 -0.935904 0
    outer loop
      vertex 1.76792 -5.20812 28
      vertex 2.10476 -5.08134 30
      vertex 1.76792 -5.20812 30
    endloop
  endfacet
  facet normal 0.352256 -0.935904 0
    outer loop
      vertex 2.10476 -5.08134 30
      vertex 1.76792 -5.20812 28
      vertex 2.10476 -5.08134 28
    endloop
  endfacet
  facet normal -0.729872 -0.683583 0
    outer loop
      vertex -3.88909 -3.88909 28
      vertex -4.13512 -3.6264 30
      vertex -4.13512 -3.6264 28
    endloop
  endfacet
  facet normal -0.729872 -0.683583 0
    outer loop
      vertex -4.13512 -3.6264 30
      vertex -3.88909 -3.88909 28
      vertex -3.88909 -3.88909 30
    endloop
  endfacet
  facet normal 0.52807 0.849201 -0
    outer loop
      vertex 3.05564 4.57308 28
      vertex 2.75 4.76314 30
      vertex 3.05564 4.57308 30
    endloop
  endfacet
  facet normal 0.52807 0.849201 0
    outer loop
      vertex 2.75 4.76314 30
      vertex 3.05564 4.57308 28
      vertex 2.75 4.76314 28
    endloop
  endfacet
  facet normal 0.88192 -0.471399 0
    outer loop
      vertex 4.76314 -2.75 30
      vertex 4.9328 -2.43259 28
      vertex 4.9328 -2.43259 30
    endloop
  endfacet
  facet normal 0.88192 -0.471399 0
    outer loop
      vertex 4.9328 -2.43259 28
      vertex 4.76314 -2.75 30
      vertex 4.76314 -2.75 28
    endloop
  endfacet
  facet normal -0.634392 -0.773012 0
    outer loop
      vertex -3.6264 -4.13512 28
      vertex -3.34819 -4.36344 30
      vertex -3.6264 -4.13512 30
    endloop
  endfacet
  facet normal -0.634392 -0.773012 -0
    outer loop
      vertex -3.34819 -4.36344 30
      vertex -3.6264 -4.13512 28
      vertex -3.34819 -4.36344 28
    endloop
  endfacet
  facet normal 0.729872 0.683583 0
    outer loop
      vertex 4.13512 3.6264 30
      vertex 3.88909 3.88909 28
      vertex 3.88909 3.88909 30
    endloop
  endfacet
  facet normal 0.729872 0.683583 0
    outer loop
      vertex 3.88909 3.88909 28
      vertex 4.13512 3.6264 30
      vertex 4.13512 3.6264 28
    endloop
  endfacet
  facet normal -0.1629 -0.986643 0
    outer loop
      vertex -1.073 -5.39432 28
      vertex -0.717894 -5.45295 30
      vertex -1.073 -5.39432 30
    endloop
  endfacet
  facet normal -0.1629 -0.986643 -0
    outer loop
      vertex -0.717894 -5.45295 30
      vertex -1.073 -5.39432 28
      vertex -0.717894 -5.45295 28
    endloop
  endfacet
  facet normal -0.973874 -0.227089 0
    outer loop
      vertex -5.31259 -1.4235 28
      vertex -5.39432 -1.073 30
      vertex -5.39432 -1.073 28
    endloop
  endfacet
  facet normal -0.973874 -0.227089 0
    outer loop
      vertex -5.39432 -1.073 30
      vertex -5.31259 -1.4235 28
      vertex -5.31259 -1.4235 30
    endloop
  endfacet
  facet normal -0.88192 0.471399 0
    outer loop
      vertex -4.9328 2.43259 28
      vertex -4.76314 2.75 30
      vertex -4.76314 2.75 28
    endloop
  endfacet
  facet normal -0.88192 0.471399 0
    outer loop
      vertex -4.76314 2.75 30
      vertex -4.9328 2.43259 28
      vertex -4.9328 2.43259 30
    endloop
  endfacet
  facet normal -0.0979966 0.995187 0
    outer loop
      vertex -0.359716 5.48822 28
      vertex -0.717894 5.45295 30
      vertex -0.359716 5.48822 30
    endloop
  endfacet
  facet normal -0.0979966 0.995187 0
    outer loop
      vertex -0.717894 5.45295 30
      vertex -0.359716 5.48822 28
      vertex -0.717894 5.45295 28
    endloop
  endfacet
  facet normal 0.412712 -0.910862 0
    outer loop
      vertex 2.10476 -5.08134 28
      vertex 2.43259 -4.9328 30
      vertex 2.10476 -5.08134 30
    endloop
  endfacet
  facet normal 0.412712 -0.910862 0
    outer loop
      vertex 2.43259 -4.9328 30
      vertex 2.10476 -5.08134 28
      vertex 2.43259 -4.9328 28
    endloop
  endfacet
  facet normal 0.973874 0.227089 0
    outer loop
      vertex 5.39432 1.073 30
      vertex 5.31259 1.4235 28
      vertex 5.31259 1.4235 30
    endloop
  endfacet
  facet normal 0.973874 0.227089 0
    outer loop
      vertex 5.31259 1.4235 28
      vertex 5.39432 1.073 30
      vertex 5.39432 1.073 28
    endloop
  endfacet
  facet normal -0.290263 -0.956947 0
    outer loop
      vertex -1.76792 -5.20812 28
      vertex -1.4235 -5.31259 30
      vertex -1.76792 -5.20812 30
    endloop
  endfacet
  facet normal -0.290263 -0.956947 -0
    outer loop
      vertex -1.4235 -5.31259 30
      vertex -1.76792 -5.20812 28
      vertex -1.4235 -5.31259 28
    endloop
  endfacet
  facet normal 0.986643 0.1629 0
    outer loop
      vertex 5.45295 0.717894 30
      vertex 5.39432 1.073 28
      vertex 5.39432 1.073 30
    endloop
  endfacet
  facet normal 0.986643 0.1629 0
    outer loop
      vertex 5.39432 1.073 28
      vertex 5.45295 0.717894 30
      vertex 5.45295 0.717894 28
    endloop
  endfacet
  facet normal 0.412712 0.910862 -0
    outer loop
      vertex 2.43259 4.9328 28
      vertex 2.10476 5.08134 30
      vertex 2.43259 4.9328 30
    endloop
  endfacet
  facet normal 0.412712 0.910862 0
    outer loop
      vertex 2.10476 5.08134 30
      vertex 2.43259 4.9328 28
      vertex 2.10476 5.08134 28
    endloop
  endfacet
  facet normal -0.995187 0.0979966 0
    outer loop
      vertex -5.48822 0.359716 28
      vertex -5.45295 0.717894 30
      vertex -5.45295 0.717894 28
    endloop
  endfacet
  facet normal -0.995187 0.0979966 0
    outer loop
      vertex -5.45295 0.717894 30
      vertex -5.48822 0.359716 28
      vertex -5.48822 0.359716 30
    endloop
  endfacet
  facet normal -0.412712 0.910862 0
    outer loop
      vertex -2.10476 5.08134 28
      vertex -2.43259 4.9328 30
      vertex -2.10476 5.08134 30
    endloop
  endfacet
  facet normal -0.412712 0.910862 0
    outer loop
      vertex -2.43259 4.9328 30
      vertex -2.10476 5.08134 28
      vertex -2.43259 4.9328 28
    endloop
  endfacet
  facet normal 0.935904 0.352256 0
    outer loop
      vertex 5.20812 1.76792 30
      vertex 5.08134 2.10476 28
      vertex 5.08134 2.10476 30
    endloop
  endfacet
  facet normal 0.935904 0.352256 0
    outer loop
      vertex 5.08134 2.10476 28
      vertex 5.20812 1.76792 30
      vertex 5.20812 1.76792 28
    endloop
  endfacet
  facet normal 0.910862 0.412712 0
    outer loop
      vertex 5.08134 2.10476 30
      vertex 4.9328 2.43259 28
      vertex 4.9328 2.43259 30
    endloop
  endfacet
  facet normal 0.910862 0.412712 0
    outer loop
      vertex 4.9328 2.43259 28
      vertex 5.08134 2.10476 30
      vertex 5.08134 2.10476 28
    endloop
  endfacet
  facet normal -0.729872 0.683583 0
    outer loop
      vertex -4.13512 3.6264 28
      vertex -3.88909 3.88909 30
      vertex -3.88909 3.88909 28
    endloop
  endfacet
  facet normal -0.729872 0.683583 0
    outer loop
      vertex -3.88909 3.88909 30
      vertex -4.13512 3.6264 28
      vertex -4.13512 3.6264 30
    endloop
  endfacet
  facet normal -0.0327305 0.999464 0
    outer loop
      vertex 0 5.5 28
      vertex -0.359716 5.48822 30
      vertex 0 5.5 30
    endloop
  endfacet
  facet normal -0.0327305 0.999464 0
    outer loop
      vertex -0.359716 5.48822 30
      vertex 0 5.5 28
      vertex -0.359716 5.48822 28
    endloop
  endfacet
  facet normal 0.683583 -0.729872 0
    outer loop
      vertex 3.6264 -4.13512 28
      vertex 3.88909 -3.88909 30
      vertex 3.6264 -4.13512 30
    endloop
  endfacet
  facet normal 0.683583 -0.729872 0
    outer loop
      vertex 3.88909 -3.88909 30
      vertex 3.6264 -4.13512 28
      vertex 3.88909 -3.88909 28
    endloop
  endfacet
  facet normal -0.999464 -0.0327305 0
    outer loop
      vertex -5.48822 -0.359716 28
      vertex -5.5 0 30
      vertex -5.5 0 28
    endloop
  endfacet
  facet normal -0.999464 -0.0327305 0
    outer loop
      vertex -5.5 0 30
      vertex -5.48822 -0.359716 28
      vertex -5.48822 -0.359716 30
    endloop
  endfacet
  facet normal 0.634392 -0.773012 0
    outer loop
      vertex 3.34819 -4.36344 28
      vertex 3.6264 -4.13512 30
      vertex 3.34819 -4.36344 30
    endloop
  endfacet
  facet normal 0.634392 -0.773012 0
    outer loop
      vertex 3.6264 -4.13512 30
      vertex 3.34819 -4.36344 28
      vertex 3.6264 -4.13512 28
    endloop
  endfacet
  facet normal 0.290263 0.956947 -0
    outer loop
      vertex 1.76792 5.20812 28
      vertex 1.4235 5.31259 30
      vertex 1.76792 5.20812 30
    endloop
  endfacet
  facet normal 0.290263 0.956947 0
    outer loop
      vertex 1.4235 5.31259 30
      vertex 1.76792 5.20812 28
      vertex 1.4235 5.31259 28
    endloop
  endfacet
  facet normal -0.812845 -0.582481 0
    outer loop
      vertex -4.36344 -3.34819 28
      vertex -4.57308 -3.05564 30
      vertex -4.57308 -3.05564 28
    endloop
  endfacet
  facet normal -0.812845 -0.582481 0
    outer loop
      vertex -4.57308 -3.05564 30
      vertex -4.36344 -3.34819 28
      vertex -4.36344 -3.34819 30
    endloop
  endfacet
  facet normal -0.973874 0.227089 0
    outer loop
      vertex -5.39432 1.073 28
      vertex -5.31259 1.4235 30
      vertex -5.31259 1.4235 28
    endloop
  endfacet
  facet normal -0.973874 0.227089 0
    outer loop
      vertex -5.31259 1.4235 30
      vertex -5.39432 1.073 28
      vertex -5.39432 1.073 30
    endloop
  endfacet
  facet normal -0.88192 -0.471399 0
    outer loop
      vertex -4.76314 -2.75 28
      vertex -4.9328 -2.43259 30
      vertex -4.9328 -2.43259 28
    endloop
  endfacet
  facet normal -0.88192 -0.471399 0
    outer loop
      vertex -4.9328 -2.43259 30
      vertex -4.76314 -2.75 28
      vertex -4.76314 -2.75 30
    endloop
  endfacet
  facet normal -0.0979966 -0.995187 0
    outer loop
      vertex -0.717894 -5.45295 28
      vertex -0.359716 -5.48822 30
      vertex -0.717894 -5.45295 30
    endloop
  endfacet
  facet normal -0.0979966 -0.995187 -0
    outer loop
      vertex -0.359716 -5.48822 30
      vertex -0.717894 -5.45295 28
      vertex -0.359716 -5.48822 28
    endloop
  endfacet
  facet normal -0.910862 -0.412712 0
    outer loop
      vertex -4.9328 -2.43259 28
      vertex -5.08134 -2.10476 30
      vertex -5.08134 -2.10476 28
    endloop
  endfacet
  facet normal -0.910862 -0.412712 0
    outer loop
      vertex -5.08134 -2.10476 30
      vertex -4.9328 -2.43259 28
      vertex -4.9328 -2.43259 30
    endloop
  endfacet
  facet normal -0.999464 0.0327305 0
    outer loop
      vertex -5.5 0 28
      vertex -5.48822 0.359716 30
      vertex -5.48822 0.359716 28
    endloop
  endfacet
  facet normal -0.999464 0.0327305 0
    outer loop
      vertex -5.48822 0.359716 30
      vertex -5.5 0 28
      vertex -5.5 0 30
    endloop
  endfacet
  facet normal 0.729872 -0.683583 0
    outer loop
      vertex 3.88909 -3.88909 30
      vertex 4.13512 -3.6264 28
      vertex 4.13512 -3.6264 30
    endloop
  endfacet
  facet normal 0.729872 -0.683583 0
    outer loop
      vertex 4.13512 -3.6264 28
      vertex 3.88909 -3.88909 30
      vertex 3.88909 -3.88909 28
    endloop
  endfacet
  facet normal -0.910862 0.412712 0
    outer loop
      vertex -5.08134 2.10476 28
      vertex -4.9328 2.43259 30
      vertex -4.9328 2.43259 28
    endloop
  endfacet
  facet normal -0.910862 0.412712 0
    outer loop
      vertex -4.9328 2.43259 30
      vertex -5.08134 2.10476 28
      vertex -5.08134 2.10476 30
    endloop
  endfacet
  facet normal 0 0 1
    outer loop
      vertex 2.8 0 30
      vertex 5.5 0 30
      vertex 5.48822 0.359716 30
    endloop
  endfacet
  facet normal 0 0 1
    outer loop
      vertex 2.794 0.183128 30
      vertex 5.48822 0.359716 30
      vertex 5.45295 0.717894 30
    endloop
  endfacet
  facet normal 0 0 1
    outer loop
      vertex 5.5 0 30
      vertex 2.8 0 30
      vertex 5.48822 -0.359716 30
    endloop
  endfacet
  facet normal 0 0 1
    outer loop
      vertex 2.77604 0.365473 30
      vertex 5.45295 0.717894 30
      vertex 5.39432 1.073 30
    endloop
  endfacet
  facet normal -0 0 1
    outer loop
      vertex 2.794 -0.183128 30
      vertex 5.48822 -0.359716 30
      vertex 2.8 0 30
    endloop
  endfacet
  facet normal 0 0 1
    outer loop
      vertex 2.7462 0.546252 30
      vertex 5.39432 1.073 30
      vertex 5.31259 1.4235 30
    endloop
  endfacet
  facet normal 0 0 1
    outer loop
      vertex 5.48822 -0.359716 30
      vertex 2.794 -0.183128 30
      vertex 5.45295 -0.717894 30
    endloop
  endfacet
  facet normal 0 0 1
    outer loop
      vertex 2.70459 0.724693 30
      vertex 5.31259 1.4235 30
      vertex 5.20812 1.76792 30
    endloop
  endfacet
  facet normal -0 0 1
    outer loop
      vertex 2.77604 -0.365473 30
      vertex 5.45295 -0.717894 30
      vertex 2.794 -0.183128 30
    endloop
  endfacet
  facet normal 0 0 1
    outer loop
      vertex 2.6514 0.90003 30
      vertex 5.20812 1.76792 30
      vertex 5.08134 2.10476 30
    endloop
  endfacet
  facet normal 0 0 1
    outer loop
      vertex 5.45295 -0.717894 30
      vertex 2.77604 -0.365473 30
      vertex 5.39432 -1.073 30
    endloop
  endfacet
  facet normal 0 0 1
    outer loop
      vertex 2.58686 1.07151 30
      vertex 5.08134 2.10476 30
      vertex 4.9328 2.43259 30
    endloop
  endfacet
  facet normal -0 0 1
    outer loop
      vertex 2.7462 -0.546252 30
      vertex 5.39432 -1.073 30
      vertex 2.77604 -0.365473 30
    endloop
  endfacet
  facet normal 0 0 1
    outer loop
      vertex 2.51124 1.23841 30
      vertex 4.9328 2.43259 30
      vertex 4.76314 2.75 30
    endloop
  endfacet
  facet normal 0 0 1
    outer loop
      vertex 5.39432 -1.073 30
      vertex 2.7462 -0.546252 30
      vertex 5.31259 -1.4235 30
    endloop
  endfacet
  facet normal 0 0 1
    outer loop
      vertex 2.42487 1.4 30
      vertex 4.76314 2.75 30
      vertex 4.57308 3.05564 30
    endloop
  endfacet
  facet normal -0 0 1
    outer loop
      vertex 2.70459 -0.724693 30
      vertex 5.31259 -1.4235 30
      vertex 2.7462 -0.546252 30
    endloop
  endfacet
  facet normal 0 0 1
    outer loop
      vertex 2.32811 1.5556 30
      vertex 4.57308 3.05564 30
      vertex 4.36344 3.34819 30
    endloop
  endfacet
  facet normal 0 0 1
    outer loop
      vertex 5.31259 -1.4235 30
      vertex 2.70459 -0.724693 30
      vertex 5.20812 -1.76792 30
    endloop
  endfacet
  facet normal 0 0 1
    outer loop
      vertex 2.22139 1.70453 30
      vertex 4.36344 3.34819 30
      vertex 4.13512 3.6264 30
    endloop
  endfacet
  facet normal -0 0 1
    outer loop
      vertex 2.6514 -0.90003 30
      vertex 5.20812 -1.76792 30
      vertex 2.70459 -0.724693 30
    endloop
  endfacet
  facet normal 0 0 1
    outer loop
      vertex 2.10515 1.84617 30
      vertex 4.13512 3.6264 30
      vertex 3.88909 3.88909 30
    endloop
  endfacet
  facet normal 0 0 1
    outer loop
      vertex 5.20812 -1.76792 30
      vertex 2.6514 -0.90003 30
      vertex 5.08134 -2.10476 30
    endloop
  endfacet
  facet normal 0 0 1
    outer loop
      vertex 1.9799 1.9799 30
      vertex 3.88909 3.88909 30
      vertex 3.6264 4.13512 30
    endloop
  endfacet
  facet normal -0 0 1
    outer loop
      vertex 2.58686 -1.07151 30
      vertex 5.08134 -2.10476 30
      vertex 2.6514 -0.90003 30
    endloop
  endfacet
  facet normal 0 0 1
    outer loop
      vertex 1.84617 2.10515 30
      vertex 3.6264 4.13512 30
      vertex 3.34819 4.36344 30
    endloop
  endfacet
  facet normal 0 0 1
    outer loop
      vertex 5.08134 -2.10476 30
      vertex 2.58686 -1.07151 30
      vertex 4.9328 -2.43259 30
    endloop
  endfacet
  facet normal 0 0 1
    outer loop
      vertex 1.70453 2.22139 30
      vertex 3.34819 4.36344 30
      vertex 3.05564 4.57308 30
    endloop
  endfacet
  facet normal -0 0 1
    outer loop
      vertex 2.51124 -1.23841 30
      vertex 4.9328 -2.43259 30
      vertex 2.58686 -1.07151 30
    endloop
  endfacet
  facet normal 0 0 1
    outer loop
      vertex 4.9328 -2.43259 30
      vertex 2.51124 -1.23841 30
      vertex 4.76314 -2.75 30
    endloop
  endfacet
  facet normal 0 0 1
    outer loop
      vertex 5.48822 0.359716 30
      vertex 2.794 0.183128 30
      vertex 2.8 0 30
    endloop
  endfacet
  facet normal 0 0 1
    outer loop
      vertex 5.45295 0.717894 30
      vertex 2.77604 0.365473 30
      vertex 2.794 0.183128 30
    endloop
  endfacet
  facet normal 0 0 1
    outer loop
      vertex 1.5556 2.32811 30
      vertex 3.05564 4.57308 30
      vertex 2.75 4.76314 30
    endloop
  endfacet
  facet normal 0 0 1
    outer loop
      vertex 5.39432 1.073 30
      vertex 2.7462 0.546252 30
      vertex 2.77604 0.365473 30
    endloop
  endfacet
  facet normal 0 0 1
    outer loop
      vertex 5.31259 1.4235 30
      vertex 2.70459 0.724693 30
      vertex 2.7462 0.546252 30
    endloop
  endfacet
  facet normal 0 0 1
    outer loop
      vertex 5.20812 1.76792 30
      vertex 2.6514 0.90003 30
      vertex 2.70459 0.724693 30
    endloop
  endfacet
  facet normal 0 0 1
    outer loop
      vertex 5.08134 2.10476 30
      vertex 2.58686 1.07151 30
      vertex 2.6514 0.90003 30
    endloop
  endfacet
  facet normal 0 0 1
    outer loop
      vertex 4.9328 2.43259 30
      vertex 2.51124 1.23841 30
      vertex 2.58686 1.07151 30
    endloop
  endfacet
  facet normal 0 0 1
    outer loop
      vertex 1.4 2.42487 30
      vertex 2.75 4.76314 30
      vertex 2.43259 4.9328 30
    endloop
  endfacet
  facet normal 0 0 1
    outer loop
      vertex 4.76314 2.75 30
      vertex 2.42487 1.4 30
      vertex 2.51124 1.23841 30
    endloop
  endfacet
  facet normal 0 0 1
    outer loop
      vertex 4.57308 3.05564 30
      vertex 2.32811 1.5556 30
      vertex 2.42487 1.4 30
    endloop
  endfacet
  facet normal 0 0 1
    outer loop
      vertex 4.36344 3.34819 30
      vertex 2.22139 1.70453 30
      vertex 2.32811 1.5556 30
    endloop
  endfacet
  facet normal 0 0 1
    outer loop
      vertex 4.13512 3.6264 30
      vertex 2.10515 1.84617 30
      vertex 2.22139 1.70453 30
    endloop
  endfacet
  facet normal 0 0 1
    outer loop
      vertex 1.23841 2.51124 30
      vertex 2.43259 4.9328 30
      vertex 2.10476 5.08134 30
    endloop
  endfacet
  facet normal 0 0 1
    outer loop
      vertex 3.88909 3.88909 30
      vertex 1.9799 1.9799 30
      vertex 2.10515 1.84617 30
    endloop
  endfacet
  facet normal 0 0 1
    outer loop
      vertex 3.6264 4.13512 30
      vertex 1.84617 2.10515 30
      vertex 1.9799 1.9799 30
    endloop
  endfacet
  facet normal 0 0 1
    outer loop
      vertex 1.07151 2.58686 30
      vertex 2.10476 5.08134 30
      vertex 1.76792 5.20812 30
    endloop
  endfacet
  facet normal 0 0 1
    outer loop
      vertex 3.34819 4.36344 30
      vertex 1.70453 2.22139 30
      vertex 1.84617 2.10515 30
    endloop
  endfacet
  facet normal 0 0 1
    outer loop
      vertex 3.05564 4.57308 30
      vertex 1.5556 2.32811 30
      vertex 1.70453 2.22139 30
    endloop
  endfacet
  facet normal 0 0 1
    outer loop
      vertex 0.90003 2.6514 30
      vertex 1.76792 5.20812 30
      vertex 1.4235 5.31259 30
    endloop
  endfacet
  facet normal 0 0 1
    outer loop
      vertex 2.75 4.76314 30
      vertex 1.4 2.42487 30
      vertex 1.5556 2.32811 30
    endloop
  endfacet
  facet normal 0 0 1
    outer loop
      vertex 2.43259 4.9328 30
      vertex 1.23841 2.51124 30
      vertex 1.4 2.42487 30
    endloop
  endfacet
  facet normal 0 0 1
    outer loop
      vertex 0.724693 2.70459 30
      vertex 1.4235 5.31259 30
      vertex 1.073 5.39432 30
    endloop
  endfacet
  facet normal 0 0 1
    outer loop
      vertex 2.10476 5.08134 30
      vertex 1.07151 2.58686 30
      vertex 1.23841 2.51124 30
    endloop
  endfacet
  facet normal 0 0 1
    outer loop
      vertex 1.76792 5.20812 30
      vertex 0.90003 2.6514 30
      vertex 1.07151 2.58686 30
    endloop
  endfacet
  facet normal 0 0 1
    outer loop
      vertex 1.4235 5.31259 30
      vertex 0.724693 2.70459 30
      vertex 0.90003 2.6514 30
    endloop
  endfacet
  facet normal 0 0 1
    outer loop
      vertex 0.546252 2.7462 30
      vertex 1.073 5.39432 30
      vertex 0.717894 5.45295 30
    endloop
  endfacet
  facet normal 0 0 1
    outer loop
      vertex 1.073 5.39432 30
      vertex 0.546252 2.7462 30
      vertex 0.724693 2.70459 30
    endloop
  endfacet
  facet normal 0 0 1
    outer loop
      vertex 0.717894 5.45295 30
      vertex 0.365473 2.77604 30
      vertex 0.546252 2.7462 30
    endloop
  endfacet
  facet normal 0 0 1
    outer loop
      vertex 0.359716 5.48822 30
      vertex 0.365473 2.77604 30
      vertex 0.717894 5.45295 30
    endloop
  endfacet
  facet normal 0 0 1
    outer loop
      vertex 0.359716 5.48822 30
      vertex 0.183128 2.794 30
      vertex 0.365473 2.77604 30
    endloop
  endfacet
  facet normal 0 0 1
    outer loop
      vertex 0 5.5 30
      vertex 0.183128 2.794 30
      vertex 0.359716 5.48822 30
    endloop
  endfacet
  facet normal 0 0 1
    outer loop
      vertex 0 5.5 30
      vertex 0 2.8 30
      vertex 0.183128 2.794 30
    endloop
  endfacet
  facet normal 0 0 1
    outer loop
      vertex 0 5.5 30
      vertex -0.183128 2.794 30
      vertex 0 2.8 30
    endloop
  endfacet
  facet normal -0 0 1
    outer loop
      vertex -0.359716 5.48822 30
      vertex -0.183128 2.794 30
      vertex 0 5.5 30
    endloop
  endfacet
  facet normal 0 0 1
    outer loop
      vertex -0.359716 5.48822 30
      vertex -0.365473 2.77604 30
      vertex -0.183128 2.794 30
    endloop
  endfacet
  facet normal -0 0 1
    outer loop
      vertex -0.717894 5.45295 30
      vertex -0.365473 2.77604 30
      vertex -0.359716 5.48822 30
    endloop
  endfacet
  facet normal 0 0 1
    outer loop
      vertex -0.365473 2.77604 30
      vertex -0.717894 5.45295 30
      vertex -0.546252 2.7462 30
    endloop
  endfacet
  facet normal -0 0 1
    outer loop
      vertex -1.073 5.39432 30
      vertex -0.546252 2.7462 30
      vertex -0.717894 5.45295 30
    endloop
  endfacet
  facet normal 0 0 1
    outer loop
      vertex -0.546252 2.7462 30
      vertex -1.073 5.39432 30
      vertex -0.724693 2.70459 30
    endloop
  endfacet
  facet normal -0 0 1
    outer loop
      vertex -1.4235 5.31259 30
      vertex -0.724693 2.70459 30
      vertex -1.073 5.39432 30
    endloop
  endfacet
  facet normal 0 0 1
    outer loop
      vertex -0.724693 2.70459 30
      vertex -1.4235 5.31259 30
      vertex -0.90003 2.6514 30
    endloop
  endfacet
  facet normal -0 0 1
    outer loop
      vertex -1.76792 5.20812 30
      vertex -0.90003 2.6514 30
      vertex -1.4235 5.31259 30
    endloop
  endfacet
  facet normal 0 0 1
    outer loop
      vertex -0.90003 2.6514 30
      vertex -1.76792 5.20812 30
      vertex -1.07151 2.58686 30
    endloop
  endfacet
  facet normal -0 0 1
    outer loop
      vertex -2.10476 5.08134 30
      vertex -1.07151 2.58686 30
      vertex -1.76792 5.20812 30
    endloop
  endfacet
  facet normal 0 0 1
    outer loop
      vertex -1.07151 2.58686 30
      vertex -2.10476 5.08134 30
      vertex -1.23841 2.51124 30
    endloop
  endfacet
  facet normal -0 0 1
    outer loop
      vertex -2.43259 4.9328 30
      vertex -1.23841 2.51124 30
      vertex -2.10476 5.08134 30
    endloop
  endfacet
  facet normal 0 0 1
    outer loop
      vertex -1.23841 2.51124 30
      vertex -2.43259 4.9328 30
      vertex -1.4 2.42487 30
    endloop
  endfacet
  facet normal -0 0 1
    outer loop
      vertex -2.75 4.76314 30
      vertex -1.4 2.42487 30
      vertex -2.43259 4.9328 30
    endloop
  endfacet
  facet normal 0 0 1
    outer loop
      vertex -1.4 2.42487 30
      vertex -2.75 4.76314 30
      vertex -1.5556 2.32811 30
    endloop
  endfacet
  facet normal -0 0 1
    outer loop
      vertex -3.05564 4.57308 30
      vertex -1.5556 2.32811 30
      vertex -2.75 4.76314 30
    endloop
  endfacet
  facet normal 0 0 1
    outer loop
      vertex -1.5556 2.32811 30
      vertex -3.05564 4.57308 30
      vertex -1.70453 2.22139 30
    endloop
  endfacet
  facet normal -0 0 1
    outer loop
      vertex -3.34819 4.36344 30
      vertex -1.70453 2.22139 30
      vertex -3.05564 4.57308 30
    endloop
  endfacet
  facet normal 0 0 1
    outer loop
      vertex -1.70453 2.22139 30
      vertex -3.34819 4.36344 30
      vertex -1.84617 2.10515 30
    endloop
  endfacet
  facet normal -0 0 1
    outer loop
      vertex -3.6264 4.13512 30
      vertex -1.84617 2.10515 30
      vertex -3.34819 4.36344 30
    endloop
  endfacet
  facet normal 0 0 1
    outer loop
      vertex -1.84617 2.10515 30
      vertex -3.6264 4.13512 30
      vertex -1.9799 1.9799 30
    endloop
  endfacet
  facet normal -0 0 1
    outer loop
      vertex -3.88909 3.88909 30
      vertex -1.9799 1.9799 30
      vertex -3.6264 4.13512 30
    endloop
  endfacet
  facet normal 0 0 1
    outer loop
      vertex -1.9799 1.9799 30
      vertex -3.88909 3.88909 30
      vertex -2.10515 1.84617 30
    endloop
  endfacet
  facet normal -0 0 1
    outer loop
      vertex -4.13512 3.6264 30
      vertex -2.10515 1.84617 30
      vertex -3.88909 3.88909 30
    endloop
  endfacet
  facet normal 0 0 1
    outer loop
      vertex -2.10515 1.84617 30
      vertex -4.13512 3.6264 30
      vertex -2.22139 1.70453 30
    endloop
  endfacet
  facet normal -0 0 1
    outer loop
      vertex -4.36344 3.34819 30
      vertex -2.22139 1.70453 30
      vertex -4.13512 3.6264 30
    endloop
  endfacet
  facet normal 0 0 1
    outer loop
      vertex -2.22139 1.70453 30
      vertex -4.36344 3.34819 30
      vertex -2.32811 1.5556 30
    endloop
  endfacet
  facet normal -0 0 1
    outer loop
      vertex -4.57308 3.05564 30
      vertex -2.32811 1.5556 30
      vertex -4.36344 3.34819 30
    endloop
  endfacet
  facet normal 0 0 1
    outer loop
      vertex -2.32811 1.5556 30
      vertex -4.57308 3.05564 30
      vertex -2.42487 1.4 30
    endloop
  endfacet
  facet normal -0 0 1
    outer loop
      vertex -4.76314 2.75 30
      vertex -2.42487 1.4 30
      vertex -4.57308 3.05564 30
    endloop
  endfacet
  facet normal 0 0 1
    outer loop
      vertex -2.42487 1.4 30
      vertex -4.76314 2.75 30
      vertex -2.51124 1.23841 30
    endloop
  endfacet
  facet normal -0 0 1
    outer loop
      vertex 2.42487 -1.4 30
      vertex 4.76314 -2.75 30
      vertex 2.51124 -1.23841 30
    endloop
  endfacet
  facet normal 0 0 1
    outer loop
      vertex 4.76314 -2.75 30
      vertex 2.42487 -1.4 30
      vertex 4.57308 -3.05564 30
    endloop
  endfacet
  facet normal -0 0 1
    outer loop
      vertex 2.32811 -1.5556 30
      vertex 4.57308 -3.05564 30
      vertex 2.42487 -1.4 30
    endloop
  endfacet
  facet normal 0 0 1
    outer loop
      vertex 4.57308 -3.05564 30
      vertex 2.32811 -1.5556 30
      vertex 4.36344 -3.34819 30
    endloop
  endfacet
  facet normal -0 0 1
    outer loop
      vertex 2.22139 -1.70453 30
      vertex 4.36344 -3.34819 30
      vertex 2.32811 -1.5556 30
    endloop
  endfacet
  facet normal 0 0 1
    outer loop
      vertex 4.36344 -3.34819 30
      vertex 2.22139 -1.70453 30
      vertex 4.13512 -3.6264 30
    endloop
  endfacet
  facet normal -0 0 1
    outer loop
      vertex 2.10515 -1.84617 30
      vertex 4.13512 -3.6264 30
      vertex 2.22139 -1.70453 30
    endloop
  endfacet
  facet normal 0 0 1
    outer loop
      vertex 4.13512 -3.6264 30
      vertex 2.10515 -1.84617 30
      vertex 3.88909 -3.88909 30
    endloop
  endfacet
  facet normal -0 0 1
    outer loop
      vertex 1.9799 -1.9799 30
      vertex 3.88909 -3.88909 30
      vertex 2.10515 -1.84617 30
    endloop
  endfacet
  facet normal 0 0 1
    outer loop
      vertex 3.88909 -3.88909 30
      vertex 1.9799 -1.9799 30
      vertex 3.6264 -4.13512 30
    endloop
  endfacet
  facet normal -0 0 1
    outer loop
      vertex 1.84617 -2.10515 30
      vertex 3.6264 -4.13512 30
      vertex 1.9799 -1.9799 30
    endloop
  endfacet
  facet normal 0 0 1
    outer loop
      vertex 3.6264 -4.13512 30
      vertex 1.84617 -2.10515 30
      vertex 3.34819 -4.36344 30
    endloop
  endfacet
  facet normal -0 0 1
    outer loop
      vertex 1.70453 -2.22139 30
      vertex 3.34819 -4.36344 30
      vertex 1.84617 -2.10515 30
    endloop
  endfacet
  facet normal 0 0 1
    outer loop
      vertex 3.34819 -4.36344 30
      vertex 1.70453 -2.22139 30
      vertex 3.05564 -4.57308 30
    endloop
  endfacet
  facet normal -0 0 1
    outer loop
      vertex 1.5556 -2.32811 30
      vertex 3.05564 -4.57308 30
      vertex 1.70453 -2.22139 30
    endloop
  endfacet
  facet normal 0 0 1
    outer loop
      vertex 3.05564 -4.57308 30
      vertex 1.5556 -2.32811 30
      vertex 2.75 -4.76314 30
    endloop
  endfacet
  facet normal -0 0 1
    outer loop
      vertex 1.4 -2.42487 30
      vertex 2.75 -4.76314 30
      vertex 1.5556 -2.32811 30
    endloop
  endfacet
  facet normal 0 0 1
    outer loop
      vertex 2.75 -4.76314 30
      vertex 1.4 -2.42487 30
      vertex 2.43259 -4.9328 30
    endloop
  endfacet
  facet normal -0 0 1
    outer loop
      vertex 1.23841 -2.51124 30
      vertex 2.43259 -4.9328 30
      vertex 1.4 -2.42487 30
    endloop
  endfacet
  facet normal 0 0 1
    outer loop
      vertex 2.43259 -4.9328 30
      vertex 1.23841 -2.51124 30
      vertex 2.10476 -5.08134 30
    endloop
  endfacet
  facet normal -0 0 1
    outer loop
      vertex 1.07151 -2.58686 30
      vertex 2.10476 -5.08134 30
      vertex 1.23841 -2.51124 30
    endloop
  endfacet
  facet normal 0 0 1
    outer loop
      vertex 2.10476 -5.08134 30
      vertex 1.07151 -2.58686 30
      vertex 1.76792 -5.20812 30
    endloop
  endfacet
  facet normal -0 0 1
    outer loop
      vertex 0.90003 -2.6514 30
      vertex 1.76792 -5.20812 30
      vertex 1.07151 -2.58686 30
    endloop
  endfacet
  facet normal 0 0 1
    outer loop
      vertex 1.76792 -5.20812 30
      vertex 0.90003 -2.6514 30
      vertex 1.4235 -5.31259 30
    endloop
  endfacet
  facet normal -0 0 1
    outer loop
      vertex 0.724693 -2.70459 30
      vertex 1.4235 -5.31259 30
      vertex 0.90003 -2.6514 30
    endloop
  endfacet
  facet normal 0 0 1
    outer loop
      vertex 1.4235 -5.31259 30
      vertex 0.724693 -2.70459 30
      vertex 1.073 -5.39432 30
    endloop
  endfacet
  facet normal -0 0 1
    outer loop
      vertex 0.546252 -2.7462 30
      vertex 1.073 -5.39432 30
      vertex 0.724693 -2.70459 30
    endloop
  endfacet
  facet normal 0 0 1
    outer loop
      vertex 1.073 -5.39432 30
      vertex 0.546252 -2.7462 30
      vertex 0.717894 -5.45295 30
    endloop
  endfacet
  facet normal -0 0 1
    outer loop
      vertex 0.365473 -2.77604 30
      vertex 0.717894 -5.45295 30
      vertex 0.546252 -2.7462 30
    endloop
  endfacet
  facet normal 0 0 1
    outer loop
      vertex 0.365473 -2.77604 30
      vertex 0.359716 -5.48822 30
      vertex 0.717894 -5.45295 30
    endloop
  endfacet
  facet normal -0 0 1
    outer loop
      vertex 0.183128 -2.794 30
      vertex 0.359716 -5.48822 30
      vertex 0.365473 -2.77604 30
    endloop
  endfacet
  facet normal -0 0 1
    outer loop
      vertex 0 -2.8 30
      vertex 0.359716 -5.48822 30
      vertex 0.183128 -2.794 30
    endloop
  endfacet
  facet normal 0 0 1
    outer loop
      vertex 0 -2.8 30
      vertex 0 -5.5 30
      vertex 0.359716 -5.48822 30
    endloop
  endfacet
  facet normal 0 0 1
    outer loop
      vertex -0.183128 -2.794 30
      vertex 0 -5.5 30
      vertex 0 -2.8 30
    endloop
  endfacet
  facet normal 0 0 1
    outer loop
      vertex -0.183128 -2.794 30
      vertex -0.359716 -5.48822 30
      vertex 0 -5.5 30
    endloop
  endfacet
  facet normal 0 0 1
    outer loop
      vertex -0.365473 -2.77604 30
      vertex -0.359716 -5.48822 30
      vertex -0.183128 -2.794 30
    endloop
  endfacet
  facet normal 0 0 1
    outer loop
      vertex -0.717894 -5.45295 30
      vertex -0.365473 -2.77604 30
      vertex -0.546252 -2.7462 30
    endloop
  endfacet
  facet normal 0 0 1
    outer loop
      vertex -0.365473 -2.77604 30
      vertex -0.717894 -5.45295 30
      vertex -0.359716 -5.48822 30
    endloop
  endfacet
  facet normal 0 0 1
    outer loop
      vertex -1.073 -5.39432 30
      vertex -0.546252 -2.7462 30
      vertex -0.724693 -2.70459 30
    endloop
  endfacet
  facet normal 0 0 1
    outer loop
      vertex -1.4235 -5.31259 30
      vertex -0.724693 -2.70459 30
      vertex -0.90003 -2.6514 30
    endloop
  endfacet
  facet normal 0 0 1
    outer loop
      vertex -1.76792 -5.20812 30
      vertex -0.90003 -2.6514 30
      vertex -1.07151 -2.58686 30
    endloop
  endfacet
  facet normal 0 0 1
    outer loop
      vertex -0.546252 -2.7462 30
      vertex -1.073 -5.39432 30
      vertex -0.717894 -5.45295 30
    endloop
  endfacet
  facet normal 0 0 1
    outer loop
      vertex -2.10476 -5.08134 30
      vertex -1.07151 -2.58686 30
      vertex -1.23841 -2.51124 30
    endloop
  endfacet
  facet normal 0 0 1
    outer loop
      vertex -2.43259 -4.9328 30
      vertex -1.23841 -2.51124 30
      vertex -1.4 -2.42487 30
    endloop
  endfacet
  facet normal 0 0 1
    outer loop
      vertex -0.724693 -2.70459 30
      vertex -1.4235 -5.31259 30
      vertex -1.073 -5.39432 30
    endloop
  endfacet
  facet normal 0 0 1
    outer loop
      vertex -2.75 -4.76314 30
      vertex -1.4 -2.42487 30
      vertex -1.5556 -2.32811 30
    endloop
  endfacet
  facet normal 0 0 1
    outer loop
      vertex -3.05564 -4.57308 30
      vertex -1.5556 -2.32811 30
      vertex -1.70453 -2.22139 30
    endloop
  endfacet
  facet normal 0 0 1
    outer loop
      vertex -0.90003 -2.6514 30
      vertex -1.76792 -5.20812 30
      vertex -1.4235 -5.31259 30
    endloop
  endfacet
  facet normal 0 0 1
    outer loop
      vertex -3.34819 -4.36344 30
      vertex -1.70453 -2.22139 30
      vertex -1.84617 -2.10515 30
    endloop
  endfacet
  facet normal 0 0 1
    outer loop
      vertex -3.6264 -4.13512 30
      vertex -1.84617 -2.10515 30
      vertex -1.9799 -1.9799 30
    endloop
  endfacet
  facet normal 0 0 1
    outer loop
      vertex -1.07151 -2.58686 30
      vertex -2.10476 -5.08134 30
      vertex -1.76792 -5.20812 30
    endloop
  endfacet
  facet normal 0 0 1
    outer loop
      vertex -3.88909 -3.88909 30
      vertex -1.9799 -1.9799 30
      vertex -2.10515 -1.84617 30
    endloop
  endfacet
  facet normal 0 0 1
    outer loop
      vertex -4.13512 -3.6264 30
      vertex -2.10515 -1.84617 30
      vertex -2.22139 -1.70453 30
    endloop
  endfacet
  facet normal 0 0 1
    outer loop
      vertex -4.36344 -3.34819 30
      vertex -2.22139 -1.70453 30
      vertex -2.32811 -1.5556 30
    endloop
  endfacet
  facet normal 0 0 1
    outer loop
      vertex -4.57308 -3.05564 30
      vertex -2.32811 -1.5556 30
      vertex -2.42487 -1.4 30
    endloop
  endfacet
  facet normal 0 0 1
    outer loop
      vertex -1.23841 -2.51124 30
      vertex -2.43259 -4.9328 30
      vertex -2.10476 -5.08134 30
    endloop
  endfacet
  facet normal 0 0 1
    outer loop
      vertex -4.76314 -2.75 30
      vertex -2.42487 -1.4 30
      vertex -2.51124 -1.23841 30
    endloop
  endfacet
  facet normal 0 0 1
    outer loop
      vertex -4.9328 -2.43259 30
      vertex -2.51124 -1.23841 30
      vertex -2.58686 -1.07151 30
    endloop
  endfacet
  facet normal 0 0 1
    outer loop
      vertex -5.08134 -2.10476 30
      vertex -2.58686 -1.07151 30
      vertex -2.6514 -0.90003 30
    endloop
  endfacet
  facet normal 0 0 1
    outer loop
      vertex -5.20812 -1.76792 30
      vertex -2.6514 -0.90003 30
      vertex -2.70459 -0.724693 30
    endloop
  endfacet
  facet normal 0 0 1
    outer loop
      vertex -5.31259 -1.4235 30
      vertex -2.70459 -0.724693 30
      vertex -2.7462 -0.546252 30
    endloop
  endfacet
  facet normal 0 0 1
    outer loop
      vertex -1.4 -2.42487 30
      vertex -2.75 -4.76314 30
      vertex -2.43259 -4.9328 30
    endloop
  endfacet
  facet normal 0 0 1
    outer loop
      vertex -5.39432 -1.073 30
      vertex -2.7462 -0.546252 30
      vertex -2.77604 -0.365473 30
    endloop
  endfacet
  facet normal 0 0 1
    outer loop
      vertex -5.45295 -0.717894 30
      vertex -2.77604 -0.365473 30
      vertex -2.794 -0.183128 30
    endloop
  endfacet
  facet normal 0 0 1
    outer loop
      vertex -5.48822 -0.359716 30
      vertex -2.794 -0.183128 30
      vertex -2.8 0 30
    endloop
  endfacet
  facet normal -0 0 1
    outer loop
      vertex -4.9328 2.43259 30
      vertex -2.51124 1.23841 30
      vertex -4.76314 2.75 30
    endloop
  endfacet
  facet normal 0 0 1
    outer loop
      vertex -1.5556 -2.32811 30
      vertex -3.05564 -4.57308 30
      vertex -2.75 -4.76314 30
    endloop
  endfacet
  facet normal 0 0 1
    outer loop
      vertex -2.51124 1.23841 30
      vertex -4.9328 2.43259 30
      vertex -2.58686 1.07151 30
    endloop
  endfacet
  facet normal 0 0 1
    outer loop
      vertex -1.70453 -2.22139 30
      vertex -3.34819 -4.36344 30
      vertex -3.05564 -4.57308 30
    endloop
  endfacet
  facet normal -0 0 1
    outer loop
      vertex -5.08134 2.10476 30
      vertex -2.58686 1.07151 30
      vertex -4.9328 2.43259 30
    endloop
  endfacet
  facet normal 0 0 1
    outer loop
      vertex -1.84617 -2.10515 30
      vertex -3.6264 -4.13512 30
      vertex -3.34819 -4.36344 30
    endloop
  endfacet
  facet normal 0 0 1
    outer loop
      vertex -2.58686 1.07151 30
      vertex -5.08134 2.10476 30
      vertex -2.6514 0.90003 30
    endloop
  endfacet
  facet normal 0 0 1
    outer loop
      vertex -1.9799 -1.9799 30
      vertex -3.88909 -3.88909 30
      vertex -3.6264 -4.13512 30
    endloop
  endfacet
  facet normal -0 0 1
    outer loop
      vertex -5.20812 1.76792 30
      vertex -2.6514 0.90003 30
      vertex -5.08134 2.10476 30
    endloop
  endfacet
  facet normal 0 0 1
    outer loop
      vertex -2.10515 -1.84617 30
      vertex -4.13512 -3.6264 30
      vertex -3.88909 -3.88909 30
    endloop
  endfacet
  facet normal 0 0 1
    outer loop
      vertex -2.6514 0.90003 30
      vertex -5.20812 1.76792 30
      vertex -2.70459 0.724693 30
    endloop
  endfacet
  facet normal 0 0 1
    outer loop
      vertex -2.22139 -1.70453 30
      vertex -4.36344 -3.34819 30
      vertex -4.13512 -3.6264 30
    endloop
  endfacet
  facet normal -0 0 1
    outer loop
      vertex -5.31259 1.4235 30
      vertex -2.70459 0.724693 30
      vertex -5.20812 1.76792 30
    endloop
  endfacet
  facet normal 0 0 1
    outer loop
      vertex -2.32811 -1.5556 30
      vertex -4.57308 -3.05564 30
      vertex -4.36344 -3.34819 30
    endloop
  endfacet
  facet normal 0 0 1
    outer loop
      vertex -2.70459 0.724693 30
      vertex -5.31259 1.4235 30
      vertex -2.7462 0.546252 30
    endloop
  endfacet
  facet normal 0 0 1
    outer loop
      vertex -2.42487 -1.4 30
      vertex -4.76314 -2.75 30
      vertex -4.57308 -3.05564 30
    endloop
  endfacet
  facet normal -0 0 1
    outer loop
      vertex -5.39432 1.073 30
      vertex -2.7462 0.546252 30
      vertex -5.31259 1.4235 30
    endloop
  endfacet
  facet normal 0 0 1
    outer loop
      vertex -2.51124 -1.23841 30
      vertex -4.9328 -2.43259 30
      vertex -4.76314 -2.75 30
    endloop
  endfacet
  facet normal 0 0 1
    outer loop
      vertex -2.7462 0.546252 30
      vertex -5.39432 1.073 30
      vertex -2.77604 0.365473 30
    endloop
  endfacet
  facet normal 0 0 1
    outer loop
      vertex -2.58686 -1.07151 30
      vertex -5.08134 -2.10476 30
      vertex -4.9328 -2.43259 30
    endloop
  endfacet
  facet normal -0 0 1
    outer loop
      vertex -5.45295 0.717894 30
      vertex -2.77604 0.365473 30
      vertex -5.39432 1.073 30
    endloop
  endfacet
  facet normal 0 0 1
    outer loop
      vertex -2.6514 -0.90003 30
      vertex -5.20812 -1.76792 30
      vertex -5.08134 -2.10476 30
    endloop
  endfacet
  facet normal 0 0 1
    outer loop
      vertex -2.77604 0.365473 30
      vertex -5.45295 0.717894 30
      vertex -2.794 0.183128 30
    endloop
  endfacet
  facet normal 0 0 1
    outer loop
      vertex -2.70459 -0.724693 30
      vertex -5.31259 -1.4235 30
      vertex -5.20812 -1.76792 30
    endloop
  endfacet
  facet normal -0 0 1
    outer loop
      vertex -5.48822 0.359716 30
      vertex -2.794 0.183128 30
      vertex -5.45295 0.717894 30
    endloop
  endfacet
  facet normal 0 0 1
    outer loop
      vertex -2.7462 -0.546252 30
      vertex -5.39432 -1.073 30
      vertex -5.31259 -1.4235 30
    endloop
  endfacet
  facet normal 0 0 1
    outer loop
      vertex -2.794 0.183128 30
      vertex -5.48822 0.359716 30
      vertex -2.8 0 30
    endloop
  endfacet
  facet normal 0 0 1
    outer loop
      vertex -2.77604 -0.365473 30
      vertex -5.45295 -0.717894 30
      vertex -5.39432 -1.073 30
    endloop
  endfacet
  facet normal 0 0 1
    outer loop
      vertex -5.5 0 30
      vertex -2.8 0 30
      vertex -5.48822 0.359716 30
    endloop
  endfacet
  facet normal 0 0 1
    outer loop
      vertex -2.794 -0.183128 30
      vertex -5.48822 -0.359716 30
      vertex -5.45295 -0.717894 30
    endloop
  endfacet
  facet normal 0 0 1
    outer loop
      vertex -2.8 0 30
      vertex -5.5 0 30
      vertex -5.48822 -0.359716 30
    endloop
  endfacet
  facet normal -0.412712 -0.910862 0
    outer loop
      vertex -2.43259 -4.9328 28
      vertex -2.10476 -5.08134 30
      vertex -2.43259 -4.9328 30
    endloop
  endfacet
  facet normal -0.412712 -0.910862 -0
    outer loop
      vertex -2.10476 -5.08134 30
      vertex -2.43259 -4.9328 28
      vertex -2.10476 -5.08134 28
    endloop
  endfacet
  facet normal -0.471399 0.88192 0
    outer loop
      vertex -2.43259 4.9328 28
      vertex -2.75 4.76314 30
      vertex -2.43259 4.9328 30
    endloop
  endfacet
  facet normal -0.471399 0.88192 0
    outer loop
      vertex -2.75 4.76314 30
      vertex -2.43259 4.9328 28
      vertex -2.75 4.76314 28
    endloop
  endfacet
  facet normal -0.582481 -0.812845 0
    outer loop
      vertex -3.34819 -4.36344 28
      vertex -3.05564 -4.57308 30
      vertex -3.34819 -4.36344 30
    endloop
  endfacet
  facet normal -0.582481 -0.812845 -0
    outer loop
      vertex -3.05564 -4.57308 30
      vertex -3.34819 -4.36344 28
      vertex -3.05564 -4.57308 28
    endloop
  endfacet
  facet normal 0.973892 -0.22701 0
    outer loop
      vertex -1.43748 -23.2847 -18
      vertex -1.42114 -23.2146 -22
      vertex -1.42114 -23.2146 -18
    endloop
  endfacet
  facet normal 0.973892 -0.22701 0
    outer loop
      vertex -1.42114 -23.2146 -22
      vertex -1.43748 -23.2847 -18
      vertex -1.43748 -23.2847 -22
    endloop
  endfacet
  facet normal 0.881987 0.471273 0
    outer loop
      vertex -1.51344 -22.5135 -18
      vertex -1.54737 -22.45 -22
      vertex -1.54737 -22.45 -18
    endloop
  endfacet
  facet normal 0.881987 0.471273 0
    outer loop
      vertex -1.54737 -22.45 -22
      vertex -1.51344 -22.5135 -18
      vertex -1.51344 -22.5135 -22
    endloop
  endfacet
  facet normal 0.956943 0.290277 0
    outer loop
      vertex -1.43748 -22.7153 -18
      vertex -1.45838 -22.6464 -22
      vertex -1.45838 -22.6464 -18
    endloop
  endfacet
  facet normal 0.956943 0.290277 0
    outer loop
      vertex -1.45838 -22.6464 -22
      vertex -1.43748 -22.7153 -18
      vertex -1.43748 -22.7153 -22
    endloop
  endfacet
  facet normal -0.729667 0.683802 0
    outer loop
      vertex -3.32702 -22.2747 -22
      vertex -3.27782 -22.2222 -18
      vertex -3.27782 -22.2222 -22
    endloop
  endfacet
  facet normal -0.729667 0.683802 0
    outer loop
      vertex -3.27782 -22.2222 -18
      vertex -3.32702 -22.2747 -22
      vertex -3.32702 -22.2747 -18
    endloop
  endfacet
  facet normal -0.290354 -0.956919 0
    outer loop
      vertex -2.85358 -24.0416 -22
      vertex -2.7847 -24.0625 -18
      vertex -2.85358 -24.0416 -18
    endloop
  endfacet
  facet normal -0.290354 -0.956919 -0
    outer loop
      vertex -2.7847 -24.0625 -18
      vertex -2.85358 -24.0416 -22
      vertex -2.7847 -24.0625 -22
    endloop
  endfacet
  facet normal -0.0333426 -0.999444 0
    outer loop
      vertex -2.57194 -24.0976 -22
      vertex -2.5 -24.1 -18
      vertex -2.57194 -24.0976 -18
    endloop
  endfacet
  facet normal -0.0333426 -0.999444 -0
    outer loop
      vertex -2.5 -24.1 -18
      vertex -2.57194 -24.0976 -22
      vertex -2.5 -24.1 -22
    endloop
  endfacet
  facet normal -0.995201 -0.0978545 0
    outer loop
      vertex -3.59059 -23.1436 -22
      vertex -3.59764 -23.0719 -18
      vertex -3.59764 -23.0719 -22
    endloop
  endfacet
  facet normal -0.995201 -0.0978545 0
    outer loop
      vertex -3.59764 -23.0719 -18
      vertex -3.59059 -23.1436 -22
      vertex -3.59059 -23.1436 -18
    endloop
  endfacet
  facet normal 0.683525 -0.729927 0
    outer loop
      vertex -1.77472 -23.827 -22
      vertex -1.72218 -23.7778 -18
      vertex -1.77472 -23.827 -18
    endloop
  endfacet
  facet normal 0.683525 -0.729927 0
    outer loop
      vertex -1.72218 -23.7778 -18
      vertex -1.77472 -23.827 -22
      vertex -1.72218 -23.7778 -22
    endloop
  endfacet
  facet normal 0.956943 -0.290277 0
    outer loop
      vertex -1.45838 -23.3536 -18
      vertex -1.43748 -23.2847 -22
      vertex -1.43748 -23.2847 -18
    endloop
  endfacet
  facet normal 0.956943 -0.290277 0
    outer loop
      vertex -1.43748 -23.2847 -22
      vertex -1.45838 -23.3536 -18
      vertex -1.45838 -23.3536 -22
    endloop
  endfacet
  facet normal -0.999462 -0.0328057 0
    outer loop
      vertex -3.59764 -23.0719 -22
      vertex -3.6 -23 -18
      vertex -3.6 -23 -22
    endloop
  endfacet
  facet normal -0.999462 -0.0328057 0
    outer loop
      vertex -3.6 -23 -18
      vertex -3.59764 -23.0719 -22
      vertex -3.59764 -23.0719 -18
    endloop
  endfacet
  facet normal -0.0972476 0.99526 0
    outer loop
      vertex -2.57194 -21.9024 -22
      vertex -2.64358 -21.9094 -18
      vertex -2.57194 -21.9024 -18
    endloop
  endfacet
  facet normal -0.0972476 0.99526 0
    outer loop
      vertex -2.64358 -21.9094 -18
      vertex -2.57194 -21.9024 -22
      vertex -2.64358 -21.9094 -22
    endloop
  endfacet
  facet normal 0.995187 0.0979919 0
    outer loop
      vertex -1.40235 -22.9281 -18
      vertex -1.40941 -22.8564 -22
      vertex -1.40941 -22.8564 -18
    endloop
  endfacet
  facet normal 0.995187 0.0979919 0
    outer loop
      vertex -1.40941 -22.8564 -22
      vertex -1.40235 -22.9281 -18
      vertex -1.40235 -22.9281 -22
    endloop
  endfacet
  facet normal -0.162551 -0.9867 0
    outer loop
      vertex -2.7146 -24.0789 -22
      vertex -2.64358 -24.0906 -18
      vertex -2.7146 -24.0789 -18
    endloop
  endfacet
  facet normal -0.162551 -0.9867 -0
    outer loop
      vertex -2.64358 -24.0906 -18
      vertex -2.7146 -24.0789 -22
      vertex -2.64358 -24.0906 -22
    endloop
  endfacet
  facet normal -0.634704 0.772755 0
    outer loop
      vertex -3.16964 -22.1273 -22
      vertex -3.22528 -22.173 -18
      vertex -3.16964 -22.1273 -18
    endloop
  endfacet
  facet normal -0.634704 0.772755 0
    outer loop
      vertex -3.22528 -22.173 -18
      vertex -3.16964 -22.1273 -22
      vertex -3.22528 -22.173 -22
    endloop
  endfacet
  facet normal -0.582224 -0.813029 0
    outer loop
      vertex -3.16964 -23.8727 -22
      vertex -3.11113 -23.9146 -18
      vertex -3.16964 -23.8727 -18
    endloop
  endfacet
  facet normal -0.582224 -0.813029 -0
    outer loop
      vertex -3.11113 -23.9146 -18
      vertex -3.16964 -23.8727 -22
      vertex -3.11113 -23.9146 -22
    endloop
  endfacet
  facet normal 0.999466 0.0326668 0
    outer loop
      vertex -1.4 -23 -18
      vertex -1.40235 -22.9281 -22
      vertex -1.40235 -22.9281 -18
    endloop
  endfacet
  facet normal 0.999466 0.0326668 0
    outer loop
      vertex -1.40235 -22.9281 -22
      vertex -1.4 -23 -18
      vertex -1.4 -23 -22
    endloop
  endfacet
  facet normal 0.999466 -0.0326668 0
    outer loop
      vertex -1.40235 -23.0719 -18
      vertex -1.4 -23 -22
      vertex -1.4 -23 -18
    endloop
  endfacet
  facet normal 0.999466 -0.0326668 0
    outer loop
      vertex -1.4 -23 -22
      vertex -1.40235 -23.0719 -18
      vertex -1.40235 -23.0719 -22
    endloop
  endfacet
  facet normal -0.812784 0.582565 0
    outer loop
      vertex -3.41462 -22.3889 -22
      vertex -3.37269 -22.3304 -18
      vertex -3.37269 -22.3304 -22
    endloop
  endfacet
  facet normal -0.812784 0.582565 0
    outer loop
      vertex -3.37269 -22.3304 -18
      vertex -3.41462 -22.3889 -22
      vertex -3.41462 -22.3889 -18
    endloop
  endfacet
  facet normal 0.935986 0.352036 0
    outer loop
      vertex -1.45838 -22.6464 -18
      vertex -1.48373 -22.579 -22
      vertex -1.48373 -22.579 -18
    endloop
  endfacet
  facet normal 0.935986 0.352036 0
    outer loop
      vertex -1.48373 -22.579 -22
      vertex -1.45838 -22.6464 -18
      vertex -1.45838 -22.6464 -22
    endloop
  endfacet
  facet normal 0.973892 0.22701 0
    outer loop
      vertex -1.42114 -22.7854 -18
      vertex -1.43748 -22.7153 -22
      vertex -1.43748 -22.7153 -18
    endloop
  endfacet
  facet normal 0.973892 0.22701 0
    outer loop
      vertex -1.43748 -22.7153 -22
      vertex -1.42114 -22.7854 -18
      vertex -1.42114 -22.7854 -22
    endloop
  endfacet
  facet normal -0.910695 -0.41308 0
    outer loop
      vertex -3.48656 -23.4865 -22
      vertex -3.51627 -23.421 -18
      vertex -3.51627 -23.421 -22
    endloop
  endfacet
  facet normal -0.910695 -0.41308 0
    outer loop
      vertex -3.51627 -23.421 -18
      vertex -3.48656 -23.4865 -22
      vertex -3.48656 -23.4865 -18
    endloop
  endfacet
  facet normal 0.729667 0.683802 0
    outer loop
      vertex -1.67298 -22.2747 -18
      vertex -1.72218 -22.2222 -22
      vertex -1.72218 -22.2222 -18
    endloop
  endfacet
  facet normal 0.729667 0.683802 0
    outer loop
      vertex -1.72218 -22.2222 -22
      vertex -1.67298 -22.2747 -18
      vertex -1.67298 -22.2747 -22
    endloop
  endfacet
  facet normal 0.412599 0.910913 -0
    outer loop
      vertex -2.01348 -22.0134 -22
      vertex -2.07905 -21.9837 -18
      vertex -2.01348 -22.0134 -18
    endloop
  endfacet
  facet normal 0.412599 0.910913 0
    outer loop
      vertex -2.07905 -21.9837 -18
      vertex -2.01348 -22.0134 -22
      vertex -2.07905 -21.9837 -22
    endloop
  endfacet
  facet normal 0.849105 0.528224 0
    outer loop
      vertex -1.54737 -22.45 -18
      vertex -1.58538 -22.3889 -22
      vertex -1.58538 -22.3889 -18
    endloop
  endfacet
  facet normal 0.849105 0.528224 0
    outer loop
      vertex -1.58538 -22.3889 -22
      vertex -1.54737 -22.45 -18
      vertex -1.54737 -22.45 -22
    endloop
  endfacet
  facet normal 0.986626 -0.163002 0
    outer loop
      vertex -1.42114 -23.2146 -18
      vertex -1.40941 -23.1436 -22
      vertex -1.40941 -23.1436 -18
    endloop
  endfacet
  facet normal 0.986626 -0.163002 0
    outer loop
      vertex -1.40941 -23.1436 -22
      vertex -1.42114 -23.2146 -18
      vertex -1.42114 -23.2146 -22
    endloop
  endfacet
  facet normal 0.773295 -0.634046 0
    outer loop
      vertex -1.67298 -23.7253 -18
      vertex -1.62731 -23.6696 -22
      vertex -1.62731 -23.6696 -18
    endloop
  endfacet
  facet normal 0.773295 -0.634046 0
    outer loop
      vertex -1.62731 -23.6696 -22
      vertex -1.67298 -23.7253 -18
      vertex -1.67298 -23.7253 -22
    endloop
  endfacet
  facet normal -0.527937 0.849284 0
    outer loop
      vertex -3.05 -22.0474 -22
      vertex -3.11113 -22.0854 -18
      vertex -3.05 -22.0474 -18
    endloop
  endfacet
  facet normal -0.527937 0.849284 0
    outer loop
      vertex -3.11113 -22.0854 -18
      vertex -3.05 -22.0474 -22
      vertex -3.11113 -22.0854 -22
    endloop
  endfacet
  facet normal -0.472144 -0.881521 0
    outer loop
      vertex -3.05 -23.9526 -22
      vertex -2.98652 -23.9866 -18
      vertex -3.05 -23.9526 -18
    endloop
  endfacet
  facet normal -0.472144 -0.881521 -0
    outer loop
      vertex -2.98652 -23.9866 -18
      vertex -3.05 -23.9526 -22
      vertex -2.98652 -23.9866 -22
    endloop
  endfacet
  facet normal 0.634704 0.772755 -0
    outer loop
      vertex -1.77472 -22.173 -22
      vertex -1.83036 -22.1273 -18
      vertex -1.77472 -22.173 -18
    endloop
  endfacet
  facet normal 0.634704 0.772755 0
    outer loop
      vertex -1.83036 -22.1273 -18
      vertex -1.77472 -22.173 -22
      vertex -1.83036 -22.1273 -22
    endloop
  endfacet
  facet normal -0.162551 0.9867 0
    outer loop
      vertex -2.64358 -21.9094 -22
      vertex -2.7146 -21.9211 -18
      vertex -2.64358 -21.9094 -18
    endloop
  endfacet
  facet normal -0.162551 0.9867 0
    outer loop
      vertex -2.7146 -21.9211 -18
      vertex -2.64358 -21.9094 -22
      vertex -2.7146 -21.9211 -22
    endloop
  endfacet
  facet normal -0.351565 0.936163 0
    outer loop
      vertex -2.85358 -21.9584 -22
      vertex -2.92095 -21.9837 -18
      vertex -2.85358 -21.9584 -18
    endloop
  endfacet
  facet normal -0.351565 0.936163 0
    outer loop
      vertex -2.92095 -21.9837 -18
      vertex -2.85358 -21.9584 -22
      vertex -2.92095 -21.9837 -22
    endloop
  endfacet
  facet normal -0.881987 -0.471273 0
    outer loop
      vertex -3.45263 -23.55 -22
      vertex -3.48656 -23.4865 -18
      vertex -3.48656 -23.4865 -22
    endloop
  endfacet
  facet normal -0.881987 -0.471273 0
    outer loop
      vertex -3.48656 -23.4865 -18
      vertex -3.45263 -23.55 -22
      vertex -3.45263 -23.55 -18
    endloop
  endfacet
  facet normal -0.773295 0.634046 0
    outer loop
      vertex -3.37269 -22.3304 -22
      vertex -3.32702 -22.2747 -18
      vertex -3.32702 -22.2747 -22
    endloop
  endfacet
  facet normal -0.773295 0.634046 0
    outer loop
      vertex -3.32702 -22.2747 -18
      vertex -3.37269 -22.3304 -22
      vertex -3.37269 -22.3304 -18
    endloop
  endfacet
  facet normal 0.986626 0.163002 0
    outer loop
      vertex -1.40941 -22.8564 -18
      vertex -1.42114 -22.7854 -22
      vertex -1.42114 -22.7854 -18
    endloop
  endfacet
  facet normal 0.986626 0.163002 0
    outer loop
      vertex -1.42114 -22.7854 -22
      vertex -1.40941 -22.8564 -18
      vertex -1.40941 -22.8564 -22
    endloop
  endfacet
  facet normal 0.773295 0.634046 0
    outer loop
      vertex -1.62731 -22.3304 -18
      vertex -1.67298 -22.2747 -22
      vertex -1.67298 -22.2747 -18
    endloop
  endfacet
  facet normal 0.773295 0.634046 0
    outer loop
      vertex -1.67298 -22.2747 -22
      vertex -1.62731 -22.3304 -18
      vertex -1.62731 -22.3304 -22
    endloop
  endfacet
  facet normal 0.412599 -0.910913 0
    outer loop
      vertex -2.07905 -24.0163 -22
      vertex -2.01348 -23.9866 -18
      vertex -2.07905 -24.0163 -18
    endloop
  endfacet
  facet normal 0.412599 -0.910913 0
    outer loop
      vertex -2.01348 -23.9866 -18
      vertex -2.07905 -24.0163 -22
      vertex -2.01348 -23.9866 -22
    endloop
  endfacet
  facet normal 0.582224 0.813029 -0
    outer loop
      vertex -1.83036 -22.1273 -22
      vertex -1.88887 -22.0854 -18
      vertex -1.83036 -22.1273 -18
    endloop
  endfacet
  facet normal 0.582224 0.813029 0
    outer loop
      vertex -1.88887 -22.0854 -18
      vertex -1.83036 -22.1273 -22
      vertex -1.88887 -22.0854 -22
    endloop
  endfacet
  facet normal -0.683525 0.729927 0
    outer loop
      vertex -3.22528 -22.173 -22
      vertex -3.27782 -22.2222 -18
      vertex -3.22528 -22.173 -18
    endloop
  endfacet
  facet normal -0.683525 0.729927 0
    outer loop
      vertex -3.27782 -22.2222 -18
      vertex -3.22528 -22.173 -22
      vertex -3.27782 -22.2222 -22
    endloop
  endfacet
  facet normal 0.472144 0.881521 -0
    outer loop
      vertex -1.95 -22.0474 -22
      vertex -2.01348 -22.0134 -18
      vertex -1.95 -22.0474 -18
    endloop
  endfacet
  facet normal 0.472144 0.881521 0
    outer loop
      vertex -2.01348 -22.0134 -18
      vertex -1.95 -22.0474 -22
      vertex -2.01348 -22.0134 -22
    endloop
  endfacet
  facet normal 0.812784 0.582565 0
    outer loop
      vertex -1.58538 -22.3889 -18
      vertex -1.62731 -22.3304 -22
      vertex -1.62731 -22.3304 -18
    endloop
  endfacet
  facet normal 0.812784 0.582565 0
    outer loop
      vertex -1.62731 -22.3304 -22
      vertex -1.58538 -22.3889 -18
      vertex -1.58538 -22.3889 -22
    endloop
  endfacet
  facet normal 0 0 -1
    outer loop
      vertex -1.40235 -23.0719 -22
      vertex -1.40235 -22.9281 -22
      vertex -1.4 -23 -22
    endloop
  endfacet
  facet normal 0 0 -1
    outer loop
      vertex -1.40941 -23.1436 -22
      vertex -1.40235 -22.9281 -22
      vertex -1.40235 -23.0719 -22
    endloop
  endfacet
  facet normal 0 0 -1
    outer loop
      vertex -1.40941 -23.1436 -22
      vertex -1.40941 -22.8564 -22
      vertex -1.40235 -22.9281 -22
    endloop
  endfacet
  facet normal 0 0 -1
    outer loop
      vertex -1.42114 -23.2146 -22
      vertex -1.40941 -22.8564 -22
      vertex -1.40941 -23.1436 -22
    endloop
  endfacet
  facet normal 0 0 -1
    outer loop
      vertex -1.42114 -23.2146 -22
      vertex -1.42114 -22.7854 -22
      vertex -1.40941 -22.8564 -22
    endloop
  endfacet
  facet normal 0 0 -1
    outer loop
      vertex -1.43748 -23.2847 -22
      vertex -1.42114 -22.7854 -22
      vertex -1.42114 -23.2146 -22
    endloop
  endfacet
  facet normal 0 0 -1
    outer loop
      vertex -1.43748 -23.2847 -22
      vertex -1.43748 -22.7153 -22
      vertex -1.42114 -22.7854 -22
    endloop
  endfacet
  facet normal 0 0 -1
    outer loop
      vertex -1.45838 -23.3536 -22
      vertex -1.43748 -22.7153 -22
      vertex -1.43748 -23.2847 -22
    endloop
  endfacet
  facet normal 0 0 -1
    outer loop
      vertex -1.45838 -23.3536 -22
      vertex -1.45838 -22.6464 -22
      vertex -1.43748 -22.7153 -22
    endloop
  endfacet
  facet normal 0 0 -1
    outer loop
      vertex -1.48373 -23.421 -22
      vertex -1.45838 -22.6464 -22
      vertex -1.45838 -23.3536 -22
    endloop
  endfacet
  facet normal 0 0 -1
    outer loop
      vertex -1.48373 -23.421 -22
      vertex -1.48373 -22.579 -22
      vertex -1.45838 -22.6464 -22
    endloop
  endfacet
  facet normal 0 0 -1
    outer loop
      vertex -1.51344 -23.4865 -22
      vertex -1.48373 -22.579 -22
      vertex -1.48373 -23.421 -22
    endloop
  endfacet
  facet normal 0 0 -1
    outer loop
      vertex -1.51344 -23.4865 -22
      vertex -1.51344 -22.5135 -22
      vertex -1.48373 -22.579 -22
    endloop
  endfacet
  facet normal 0 0 -1
    outer loop
      vertex -1.54737 -23.55 -22
      vertex -1.51344 -22.5135 -22
      vertex -1.51344 -23.4865 -22
    endloop
  endfacet
  facet normal 0 0 -1
    outer loop
      vertex -1.54737 -23.55 -22
      vertex -1.54737 -22.45 -22
      vertex -1.51344 -22.5135 -22
    endloop
  endfacet
  facet normal 0 0 -1
    outer loop
      vertex -1.58538 -23.6111 -22
      vertex -1.54737 -22.45 -22
      vertex -1.54737 -23.55 -22
    endloop
  endfacet
  facet normal 0 0 -1
    outer loop
      vertex -1.58538 -23.6111 -22
      vertex -1.58538 -22.3889 -22
      vertex -1.54737 -22.45 -22
    endloop
  endfacet
  facet normal 0 0 -1
    outer loop
      vertex -1.62731 -23.6696 -22
      vertex -1.58538 -22.3889 -22
      vertex -1.58538 -23.6111 -22
    endloop
  endfacet
  facet normal 0 0 -1
    outer loop
      vertex -1.62731 -23.6696 -22
      vertex -1.62731 -22.3304 -22
      vertex -1.58538 -22.3889 -22
    endloop
  endfacet
  facet normal 0 0 -1
    outer loop
      vertex -1.67298 -23.7253 -22
      vertex -1.62731 -22.3304 -22
      vertex -1.62731 -23.6696 -22
    endloop
  endfacet
  facet normal 0 0 -1
    outer loop
      vertex -1.67298 -23.7253 -22
      vertex -1.67298 -22.2747 -22
      vertex -1.62731 -22.3304 -22
    endloop
  endfacet
  facet normal 0 0 -1
    outer loop
      vertex -1.72218 -23.7778 -22
      vertex -1.67298 -22.2747 -22
      vertex -1.67298 -23.7253 -22
    endloop
  endfacet
  facet normal 0 0 -1
    outer loop
      vertex -1.72218 -23.7778 -22
      vertex -1.72218 -22.2222 -22
      vertex -1.67298 -22.2747 -22
    endloop
  endfacet
  facet normal 0 0 -1
    outer loop
      vertex -1.77472 -23.827 -22
      vertex -1.72218 -22.2222 -22
      vertex -1.72218 -23.7778 -22
    endloop
  endfacet
  facet normal 0 0 -1
    outer loop
      vertex -1.77472 -23.827 -22
      vertex -1.77472 -22.173 -22
      vertex -1.72218 -22.2222 -22
    endloop
  endfacet
  facet normal 0 0 -1
    outer loop
      vertex -1.83036 -23.8727 -22
      vertex -1.77472 -22.173 -22
      vertex -1.77472 -23.827 -22
    endloop
  endfacet
  facet normal 0 0 -1
    outer loop
      vertex -1.83036 -23.8727 -22
      vertex -1.83036 -22.1273 -22
      vertex -1.77472 -22.173 -22
    endloop
  endfacet
  facet normal 0 0 -1
    outer loop
      vertex -1.88887 -23.9146 -22
      vertex -1.83036 -22.1273 -22
      vertex -1.83036 -23.8727 -22
    endloop
  endfacet
  facet normal 0 0 -1
    outer loop
      vertex -1.88887 -23.9146 -22
      vertex -1.88887 -22.0854 -22
      vertex -1.83036 -22.1273 -22
    endloop
  endfacet
  facet normal 0 0 -1
    outer loop
      vertex -1.95 -23.9526 -22
      vertex -1.88887 -22.0854 -22
      vertex -1.88887 -23.9146 -22
    endloop
  endfacet
  facet normal 0 0 -1
    outer loop
      vertex -1.95 -23.9526 -22
      vertex -1.95 -22.0474 -22
      vertex -1.88887 -22.0854 -22
    endloop
  endfacet
  facet normal 0 0 -1
    outer loop
      vertex -2.01348 -23.9866 -22
      vertex -1.95 -22.0474 -22
      vertex -1.95 -23.9526 -22
    endloop
  endfacet
  facet normal 0 0 -1
    outer loop
      vertex -2.01348 -23.9866 -22
      vertex -2.01348 -22.0134 -22
      vertex -1.95 -22.0474 -22
    endloop
  endfacet
  facet normal 0 0 -1
    outer loop
      vertex -2.07905 -24.0163 -22
      vertex -2.01348 -22.0134 -22
      vertex -2.01348 -23.9866 -22
    endloop
  endfacet
  facet normal 0 0 -1
    outer loop
      vertex -2.07905 -24.0163 -22
      vertex -2.07905 -21.9837 -22
      vertex -2.01348 -22.0134 -22
    endloop
  endfacet
  facet normal 0 0 -1
    outer loop
      vertex -2.14642 -24.0416 -22
      vertex -2.07905 -21.9837 -22
      vertex -2.07905 -24.0163 -22
    endloop
  endfacet
  facet normal 0 0 -1
    outer loop
      vertex -2.14642 -24.0416 -22
      vertex -2.14642 -21.9584 -22
      vertex -2.07905 -21.9837 -22
    endloop
  endfacet
  facet normal 0 0 -1
    outer loop
      vertex -2.2153 -24.0625 -22
      vertex -2.14642 -21.9584 -22
      vertex -2.14642 -24.0416 -22
    endloop
  endfacet
  facet normal 0 0 -1
    outer loop
      vertex -2.2153 -24.0625 -22
      vertex -2.2153 -21.9375 -22
      vertex -2.14642 -21.9584 -22
    endloop
  endfacet
  facet normal 0 0 -1
    outer loop
      vertex -2.2854 -24.0789 -22
      vertex -2.2153 -21.9375 -22
      vertex -2.2153 -24.0625 -22
    endloop
  endfacet
  facet normal 0 0 -1
    outer loop
      vertex -2.2854 -24.0789 -22
      vertex -2.2854 -21.9211 -22
      vertex -2.2153 -21.9375 -22
    endloop
  endfacet
  facet normal 0 0 -1
    outer loop
      vertex -2.35642 -24.0906 -22
      vertex -2.2854 -21.9211 -22
      vertex -2.2854 -24.0789 -22
    endloop
  endfacet
  facet normal 0 0 -1
    outer loop
      vertex -2.35642 -24.0906 -22
      vertex -2.35642 -21.9094 -22
      vertex -2.2854 -21.9211 -22
    endloop
  endfacet
  facet normal 0 0 -1
    outer loop
      vertex -2.42806 -24.0976 -22
      vertex -2.35642 -21.9094 -22
      vertex -2.35642 -24.0906 -22
    endloop
  endfacet
  facet normal 0 0 -1
    outer loop
      vertex -2.42806 -24.0976 -22
      vertex -2.42806 -21.9024 -22
      vertex -2.35642 -21.9094 -22
    endloop
  endfacet
  facet normal 0 0 -1
    outer loop
      vertex -2.5 -24.1 -22
      vertex -2.42806 -21.9024 -22
      vertex -2.42806 -24.0976 -22
    endloop
  endfacet
  facet normal 0 0 -1
    outer loop
      vertex -2.5 -24.1 -22
      vertex -2.5 -21.9 -22
      vertex -2.42806 -21.9024 -22
    endloop
  endfacet
  facet normal 0 0 -1
    outer loop
      vertex -2.57194 -24.0976 -22
      vertex -2.5 -21.9 -22
      vertex -2.5 -24.1 -22
    endloop
  endfacet
  facet normal 0 0 -1
    outer loop
      vertex -2.57194 -24.0976 -22
      vertex -2.57194 -21.9024 -22
      vertex -2.5 -21.9 -22
    endloop
  endfacet
  facet normal 0 0 -1
    outer loop
      vertex -2.64358 -24.0906 -22
      vertex -2.57194 -21.9024 -22
      vertex -2.57194 -24.0976 -22
    endloop
  endfacet
  facet normal 0 0 -1
    outer loop
      vertex -2.64358 -24.0906 -22
      vertex -2.64358 -21.9094 -22
      vertex -2.57194 -21.9024 -22
    endloop
  endfacet
  facet normal 0 0 -1
    outer loop
      vertex -2.7146 -24.0789 -22
      vertex -2.64358 -21.9094 -22
      vertex -2.64358 -24.0906 -22
    endloop
  endfacet
  facet normal 0 0 -1
    outer loop
      vertex -2.7146 -24.0789 -22
      vertex -2.7146 -21.9211 -22
      vertex -2.64358 -21.9094 -22
    endloop
  endfacet
  facet normal 0 0 -1
    outer loop
      vertex -2.7847 -24.0625 -22
      vertex -2.7146 -21.9211 -22
      vertex -2.7146 -24.0789 -22
    endloop
  endfacet
  facet normal 0 0 -1
    outer loop
      vertex -2.7847 -24.0625 -22
      vertex -2.7847 -21.9375 -22
      vertex -2.7146 -21.9211 -22
    endloop
  endfacet
  facet normal 0 0 -1
    outer loop
      vertex -2.85358 -24.0416 -22
      vertex -2.7847 -21.9375 -22
      vertex -2.7847 -24.0625 -22
    endloop
  endfacet
  facet normal 0 0 -1
    outer loop
      vertex -2.85358 -24.0416 -22
      vertex -2.85358 -21.9584 -22
      vertex -2.7847 -21.9375 -22
    endloop
  endfacet
  facet normal 0 0 -1
    outer loop
      vertex -2.92095 -24.0163 -22
      vertex -2.85358 -21.9584 -22
      vertex -2.85358 -24.0416 -22
    endloop
  endfacet
  facet normal 0 0 -1
    outer loop
      vertex -2.92095 -24.0163 -22
      vertex -2.92095 -21.9837 -22
      vertex -2.85358 -21.9584 -22
    endloop
  endfacet
  facet normal 0 0 -1
    outer loop
      vertex -2.98652 -23.9866 -22
      vertex -2.92095 -21.9837 -22
      vertex -2.92095 -24.0163 -22
    endloop
  endfacet
  facet normal 0 0 -1
    outer loop
      vertex -2.98652 -23.9866 -22
      vertex -2.98652 -22.0134 -22
      vertex -2.92095 -21.9837 -22
    endloop
  endfacet
  facet normal 0 0 -1
    outer loop
      vertex -3.05 -23.9526 -22
      vertex -2.98652 -22.0134 -22
      vertex -2.98652 -23.9866 -22
    endloop
  endfacet
  facet normal 0 0 -1
    outer loop
      vertex -3.05 -23.9526 -22
      vertex -3.05 -22.0474 -22
      vertex -2.98652 -22.0134 -22
    endloop
  endfacet
  facet normal 0 0 -1
    outer loop
      vertex -3.11113 -23.9146 -22
      vertex -3.05 -22.0474 -22
      vertex -3.05 -23.9526 -22
    endloop
  endfacet
  facet normal 0 0 -1
    outer loop
      vertex -3.11113 -23.9146 -22
      vertex -3.11113 -22.0854 -22
      vertex -3.05 -22.0474 -22
    endloop
  endfacet
  facet normal 0 0 -1
    outer loop
      vertex -3.16964 -23.8727 -22
      vertex -3.11113 -22.0854 -22
      vertex -3.11113 -23.9146 -22
    endloop
  endfacet
  facet normal 0 0 -1
    outer loop
      vertex -3.16964 -23.8727 -22
      vertex -3.16964 -22.1273 -22
      vertex -3.11113 -22.0854 -22
    endloop
  endfacet
  facet normal 0 0 -1
    outer loop
      vertex -3.22528 -23.827 -22
      vertex -3.16964 -22.1273 -22
      vertex -3.16964 -23.8727 -22
    endloop
  endfacet
  facet normal 0 0 -1
    outer loop
      vertex -3.22528 -23.827 -22
      vertex -3.22528 -22.173 -22
      vertex -3.16964 -22.1273 -22
    endloop
  endfacet
  facet normal 0 0 -1
    outer loop
      vertex -3.27782 -23.7778 -22
      vertex -3.22528 -22.173 -22
      vertex -3.22528 -23.827 -22
    endloop
  endfacet
  facet normal 0 0 -1
    outer loop
      vertex -3.27782 -23.7778 -22
      vertex -3.27782 -22.2222 -22
      vertex -3.22528 -22.173 -22
    endloop
  endfacet
  facet normal 0 0 -1
    outer loop
      vertex -3.32702 -23.7253 -22
      vertex -3.27782 -22.2222 -22
      vertex -3.27782 -23.7778 -22
    endloop
  endfacet
  facet normal 0 0 -1
    outer loop
      vertex -3.32702 -23.7253 -22
      vertex -3.32702 -22.2747 -22
      vertex -3.27782 -22.2222 -22
    endloop
  endfacet
  facet normal 0 0 -1
    outer loop
      vertex -3.37269 -23.6696 -22
      vertex -3.32702 -22.2747 -22
      vertex -3.32702 -23.7253 -22
    endloop
  endfacet
  facet normal 0 0 -1
    outer loop
      vertex -3.37269 -23.6696 -22
      vertex -3.37269 -22.3304 -22
      vertex -3.32702 -22.2747 -22
    endloop
  endfacet
  facet normal 0 0 -1
    outer loop
      vertex -3.41462 -23.6111 -22
      vertex -3.37269 -22.3304 -22
      vertex -3.37269 -23.6696 -22
    endloop
  endfacet
  facet normal 0 0 -1
    outer loop
      vertex -3.41462 -23.6111 -22
      vertex -3.41462 -22.3889 -22
      vertex -3.37269 -22.3304 -22
    endloop
  endfacet
  facet normal 0 0 -1
    outer loop
      vertex -3.45263 -23.55 -22
      vertex -3.41462 -22.3889 -22
      vertex -3.41462 -23.6111 -22
    endloop
  endfacet
  facet normal 0 0 -1
    outer loop
      vertex -3.45263 -23.55 -22
      vertex -3.45263 -22.45 -22
      vertex -3.41462 -22.3889 -22
    endloop
  endfacet
  facet normal 0 0 -1
    outer loop
      vertex -3.48656 -23.4865 -22
      vertex -3.45263 -22.45 -22
      vertex -3.45263 -23.55 -22
    endloop
  endfacet
  facet normal 0 0 -1
    outer loop
      vertex -3.48656 -23.4865 -22
      vertex -3.48656 -22.5135 -22
      vertex -3.45263 -22.45 -22
    endloop
  endfacet
  facet normal 0 0 -1
    outer loop
      vertex -3.51627 -23.421 -22
      vertex -3.48656 -22.5135 -22
      vertex -3.48656 -23.4865 -22
    endloop
  endfacet
  facet normal 0 0 -1
    outer loop
      vertex -3.51627 -23.421 -22
      vertex -3.51627 -22.579 -22
      vertex -3.48656 -22.5135 -22
    endloop
  endfacet
  facet normal 0 0 -1
    outer loop
      vertex -3.54162 -23.3536 -22
      vertex -3.51627 -22.579 -22
      vertex -3.51627 -23.421 -22
    endloop
  endfacet
  facet normal 0 0 -1
    outer loop
      vertex -3.54162 -23.3536 -22
      vertex -3.54162 -22.6464 -22
      vertex -3.51627 -22.579 -22
    endloop
  endfacet
  facet normal 0 0 -1
    outer loop
      vertex -3.56252 -23.2847 -22
      vertex -3.54162 -22.6464 -22
      vertex -3.54162 -23.3536 -22
    endloop
  endfacet
  facet normal 0 0 -1
    outer loop
      vertex -3.56252 -23.2847 -22
      vertex -3.56252 -22.7153 -22
      vertex -3.54162 -22.6464 -22
    endloop
  endfacet
  facet normal 0 0 -1
    outer loop
      vertex -3.57886 -23.2146 -22
      vertex -3.56252 -22.7153 -22
      vertex -3.56252 -23.2847 -22
    endloop
  endfacet
  facet normal 0 0 -1
    outer loop
      vertex -3.57886 -23.2146 -22
      vertex -3.57886 -22.7854 -22
      vertex -3.56252 -22.7153 -22
    endloop
  endfacet
  facet normal 0 0 -1
    outer loop
      vertex -3.59059 -23.1436 -22
      vertex -3.57886 -22.7854 -22
      vertex -3.57886 -23.2146 -22
    endloop
  endfacet
  facet normal 0 0 -1
    outer loop
      vertex -3.59059 -23.1436 -22
      vertex -3.59059 -22.8564 -22
      vertex -3.57886 -22.7854 -22
    endloop
  endfacet
  facet normal 0 0 -1
    outer loop
      vertex -3.59764 -23.0719 -22
      vertex -3.59059 -22.8564 -22
      vertex -3.59059 -23.1436 -22
    endloop
  endfacet
  facet normal 0 0 -1
    outer loop
      vertex -3.59764 -23.0719 -22
      vertex -3.59764 -22.9281 -22
      vertex -3.59059 -22.8564 -22
    endloop
  endfacet
  facet normal 0 -0 -1
    outer loop
      vertex -3.59764 -22.9281 -22
      vertex -3.59764 -23.0719 -22
      vertex -3.6 -23 -22
    endloop
  endfacet
  facet normal 0.351565 -0.936163 0
    outer loop
      vertex -2.14642 -24.0416 -22
      vertex -2.07905 -24.0163 -18
      vertex -2.14642 -24.0416 -18
    endloop
  endfacet
  facet normal 0.351565 -0.936163 0
    outer loop
      vertex -2.07905 -24.0163 -18
      vertex -2.14642 -24.0416 -22
      vertex -2.07905 -24.0163 -22
    endloop
  endfacet
  facet normal 0.0972476 -0.99526 0
    outer loop
      vertex -2.42806 -24.0976 -22
      vertex -2.35642 -24.0906 -18
      vertex -2.42806 -24.0976 -18
    endloop
  endfacet
  facet normal 0.0972476 -0.99526 0
    outer loop
      vertex -2.35642 -24.0906 -18
      vertex -2.42806 -24.0976 -22
      vertex -2.35642 -24.0906 -22
    endloop
  endfacet
  facet normal 0.290354 0.956919 -0
    outer loop
      vertex -2.14642 -21.9584 -22
      vertex -2.2153 -21.9375 -18
      vertex -2.14642 -21.9584 -18
    endloop
  endfacet
  facet normal 0.290354 0.956919 0
    outer loop
      vertex -2.2153 -21.9375 -18
      vertex -2.14642 -21.9584 -22
      vertex -2.2153 -21.9375 -22
    endloop
  endfacet
  facet normal -0.412599 0.910913 0
    outer loop
      vertex -2.92095 -21.9837 -22
      vertex -2.98652 -22.0134 -18
      vertex -2.92095 -21.9837 -18
    endloop
  endfacet
  facet normal -0.412599 0.910913 0
    outer loop
      vertex -2.98652 -22.0134 -18
      vertex -2.92095 -21.9837 -22
      vertex -2.98652 -22.0134 -22
    endloop
  endfacet
  facet normal -0.290354 0.956919 0
    outer loop
      vertex -2.7847 -21.9375 -22
      vertex -2.85358 -21.9584 -18
      vertex -2.7847 -21.9375 -18
    endloop
  endfacet
  facet normal -0.290354 0.956919 0
    outer loop
      vertex -2.85358 -21.9584 -18
      vertex -2.7847 -21.9375 -22
      vertex -2.85358 -21.9584 -22
    endloop
  endfacet
  facet normal -0.999462 0.0328057 0
    outer loop
      vertex -3.6 -23 -22
      vertex -3.59764 -22.9281 -18
      vertex -3.59764 -22.9281 -22
    endloop
  endfacet
  facet normal -0.999462 0.0328057 0
    outer loop
      vertex -3.59764 -22.9281 -18
      vertex -3.6 -23 -22
      vertex -3.6 -23 -18
    endloop
  endfacet
  facet normal 0.0972476 0.99526 -0
    outer loop
      vertex -2.35642 -21.9094 -22
      vertex -2.42806 -21.9024 -18
      vertex -2.35642 -21.9094 -18
    endloop
  endfacet
  facet normal 0.0972476 0.99526 0
    outer loop
      vertex -2.42806 -21.9024 -18
      vertex -2.35642 -21.9094 -22
      vertex -2.42806 -21.9024 -22
    endloop
  endfacet
  facet normal -0.2278 0.973708 0
    outer loop
      vertex -2.7146 -21.9211 -22
      vertex -2.7847 -21.9375 -18
      vertex -2.7146 -21.9211 -18
    endloop
  endfacet
  facet normal -0.2278 0.973708 0
    outer loop
      vertex -2.7847 -21.9375 -18
      vertex -2.7146 -21.9211 -22
      vertex -2.7847 -21.9375 -22
    endloop
  endfacet
  facet normal 0.995187 -0.0979919 0
    outer loop
      vertex -1.40941 -23.1436 -18
      vertex -1.40235 -23.0719 -22
      vertex -1.40235 -23.0719 -18
    endloop
  endfacet
  facet normal 0.995187 -0.0979919 0
    outer loop
      vertex -1.40235 -23.0719 -22
      vertex -1.40941 -23.1436 -18
      vertex -1.40941 -23.1436 -22
    endloop
  endfacet
  facet normal -0.973892 0.22701 0
    outer loop
      vertex -3.57886 -22.7854 -22
      vertex -3.56252 -22.7153 -18
      vertex -3.56252 -22.7153 -22
    endloop
  endfacet
  facet normal -0.973892 0.22701 0
    outer loop
      vertex -3.56252 -22.7153 -18
      vertex -3.57886 -22.7854 -22
      vertex -3.57886 -22.7854 -18
    endloop
  endfacet
  facet normal 0.0333426 -0.999444 0
    outer loop
      vertex -2.5 -24.1 -22
      vertex -2.42806 -24.0976 -18
      vertex -2.5 -24.1 -18
    endloop
  endfacet
  facet normal 0.0333426 -0.999444 0
    outer loop
      vertex -2.42806 -24.0976 -18
      vertex -2.5 -24.1 -22
      vertex -2.42806 -24.0976 -22
    endloop
  endfacet
  facet normal 0.812784 -0.582565 0
    outer loop
      vertex -1.62731 -23.6696 -18
      vertex -1.58538 -23.6111 -22
      vertex -1.58538 -23.6111 -18
    endloop
  endfacet
  facet normal 0.812784 -0.582565 0
    outer loop
      vertex -1.58538 -23.6111 -22
      vertex -1.62731 -23.6696 -18
      vertex -1.62731 -23.6696 -22
    endloop
  endfacet
  facet normal -0.849105 -0.528224 0
    outer loop
      vertex -3.41462 -23.6111 -22
      vertex -3.45263 -23.55 -18
      vertex -3.45263 -23.55 -22
    endloop
  endfacet
  facet normal -0.849105 -0.528224 0
    outer loop
      vertex -3.45263 -23.55 -18
      vertex -3.41462 -23.6111 -22
      vertex -3.41462 -23.6111 -18
    endloop
  endfacet
  facet normal -0.634704 -0.772755 0
    outer loop
      vertex -3.22528 -23.827 -22
      vertex -3.16964 -23.8727 -18
      vertex -3.22528 -23.827 -18
    endloop
  endfacet
  facet normal -0.634704 -0.772755 -0
    outer loop
      vertex -3.16964 -23.8727 -18
      vertex -3.22528 -23.827 -22
      vertex -3.16964 -23.8727 -22
    endloop
  endfacet
  facet normal -0.910695 0.41308 0
    outer loop
      vertex -3.51627 -22.579 -22
      vertex -3.48656 -22.5135 -18
      vertex -3.48656 -22.5135 -22
    endloop
  endfacet
  facet normal -0.910695 0.41308 0
    outer loop
      vertex -3.48656 -22.5135 -18
      vertex -3.51627 -22.579 -22
      vertex -3.51627 -22.579 -18
    endloop
  endfacet
  facet normal 0.0333426 0.999444 -0
    outer loop
      vertex -2.42806 -21.9024 -22
      vertex -2.5 -21.9 -18
      vertex -2.42806 -21.9024 -18
    endloop
  endfacet
  facet normal 0.0333426 0.999444 0
    outer loop
      vertex -2.5 -21.9 -18
      vertex -2.42806 -21.9024 -22
      vertex -2.5 -21.9 -22
    endloop
  endfacet
  facet normal -0.351565 -0.936163 0
    outer loop
      vertex -2.92095 -24.0163 -22
      vertex -2.85358 -24.0416 -18
      vertex -2.92095 -24.0163 -18
    endloop
  endfacet
  facet normal -0.351565 -0.936163 -0
    outer loop
      vertex -2.85358 -24.0416 -18
      vertex -2.92095 -24.0163 -22
      vertex -2.85358 -24.0416 -22
    endloop
  endfacet
  facet normal -0.582224 0.813029 0
    outer loop
      vertex -3.11113 -22.0854 -22
      vertex -3.16964 -22.1273 -18
      vertex -3.11113 -22.0854 -18
    endloop
  endfacet
  facet normal -0.582224 0.813029 0
    outer loop
      vertex -3.16964 -22.1273 -18
      vertex -3.11113 -22.0854 -22
      vertex -3.16964 -22.1273 -22
    endloop
  endfacet
  facet normal -0.956943 0.290277 0
    outer loop
      vertex -3.56252 -22.7153 -22
      vertex -3.54162 -22.6464 -18
      vertex -3.54162 -22.6464 -22
    endloop
  endfacet
  facet normal -0.956943 0.290277 0
    outer loop
      vertex -3.54162 -22.6464 -18
      vertex -3.56252 -22.7153 -22
      vertex -3.56252 -22.7153 -18
    endloop
  endfacet
  facet normal 0.849105 -0.528224 0
    outer loop
      vertex -1.58538 -23.6111 -18
      vertex -1.54737 -23.55 -22
      vertex -1.54737 -23.55 -18
    endloop
  endfacet
  facet normal 0.849105 -0.528224 0
    outer loop
      vertex -1.54737 -23.55 -22
      vertex -1.58538 -23.6111 -18
      vertex -1.58538 -23.6111 -22
    endloop
  endfacet
  facet normal -0.412599 -0.910913 0
    outer loop
      vertex -2.98652 -23.9866 -22
      vertex -2.92095 -24.0163 -18
      vertex -2.98652 -23.9866 -18
    endloop
  endfacet
  facet normal -0.412599 -0.910913 -0
    outer loop
      vertex -2.92095 -24.0163 -18
      vertex -2.98652 -23.9866 -22
      vertex -2.92095 -24.0163 -22
    endloop
  endfacet
  facet normal 0.910695 0.41308 0
    outer loop
      vertex -1.48373 -22.579 -18
      vertex -1.51344 -22.5135 -22
      vertex -1.51344 -22.5135 -18
    endloop
  endfacet
  facet normal 0.910695 0.41308 0
    outer loop
      vertex -1.51344 -22.5135 -22
      vertex -1.48373 -22.579 -18
      vertex -1.48373 -22.579 -22
    endloop
  endfacet
  facet normal 0.910695 -0.41308 0
    outer loop
      vertex -1.51344 -23.4865 -18
      vertex -1.48373 -23.421 -22
      vertex -1.48373 -23.421 -18
    endloop
  endfacet
  facet normal 0.910695 -0.41308 0
    outer loop
      vertex -1.48373 -23.421 -22
      vertex -1.51344 -23.4865 -18
      vertex -1.51344 -23.4865 -22
    endloop
  endfacet
  facet normal 0.935986 -0.352036 0
    outer loop
      vertex -1.48373 -23.421 -18
      vertex -1.45838 -23.3536 -22
      vertex -1.45838 -23.3536 -18
    endloop
  endfacet
  facet normal 0.935986 -0.352036 0
    outer loop
      vertex -1.45838 -23.3536 -22
      vertex -1.48373 -23.421 -18
      vertex -1.48373 -23.421 -22
    endloop
  endfacet
  facet normal -0.956943 -0.290277 0
    outer loop
      vertex -3.54162 -23.3536 -22
      vertex -3.56252 -23.2847 -18
      vertex -3.56252 -23.2847 -22
    endloop
  endfacet
  facet normal -0.956943 -0.290277 0
    outer loop
      vertex -3.56252 -23.2847 -18
      vertex -3.54162 -23.3536 -22
      vertex -3.54162 -23.3536 -18
    endloop
  endfacet
  facet normal 0.290354 -0.956919 0
    outer loop
      vertex -2.2153 -24.0625 -22
      vertex -2.14642 -24.0416 -18
      vertex -2.2153 -24.0625 -18
    endloop
  endfacet
  facet normal 0.290354 -0.956919 0
    outer loop
      vertex -2.14642 -24.0416 -18
      vertex -2.2153 -24.0625 -22
      vertex -2.14642 -24.0416 -22
    endloop
  endfacet
  facet normal -0.995201 0.0978545 0
    outer loop
      vertex -3.59764 -22.9281 -22
      vertex -3.59059 -22.8564 -18
      vertex -3.59059 -22.8564 -22
    endloop
  endfacet
  facet normal -0.995201 0.0978545 0
    outer loop
      vertex -3.59059 -22.8564 -18
      vertex -3.59764 -22.9281 -22
      vertex -3.59764 -22.9281 -18
    endloop
  endfacet
  facet normal 0.527937 0.849284 -0
    outer loop
      vertex -1.88887 -22.0854 -22
      vertex -1.95 -22.0474 -18
      vertex -1.88887 -22.0854 -18
    endloop
  endfacet
  facet normal 0.527937 0.849284 0
    outer loop
      vertex -1.95 -22.0474 -18
      vertex -1.88887 -22.0854 -22
      vertex -1.95 -22.0474 -22
    endloop
  endfacet
  facet normal 0.351565 0.936163 -0
    outer loop
      vertex -2.07905 -21.9837 -22
      vertex -2.14642 -21.9584 -18
      vertex -2.07905 -21.9837 -18
    endloop
  endfacet
  facet normal 0.351565 0.936163 0
    outer loop
      vertex -2.14642 -21.9584 -18
      vertex -2.07905 -21.9837 -22
      vertex -2.14642 -21.9584 -22
    endloop
  endfacet
  facet normal 0.634704 -0.772755 0
    outer loop
      vertex -1.83036 -23.8727 -22
      vertex -1.77472 -23.827 -18
      vertex -1.83036 -23.8727 -18
    endloop
  endfacet
  facet normal 0.634704 -0.772755 0
    outer loop
      vertex -1.77472 -23.827 -18
      vertex -1.83036 -23.8727 -22
      vertex -1.77472 -23.827 -22
    endloop
  endfacet
  facet normal 0.582224 -0.813029 0
    outer loop
      vertex -1.88887 -23.9146 -22
      vertex -1.83036 -23.8727 -18
      vertex -1.88887 -23.9146 -18
    endloop
  endfacet
  facet normal 0.582224 -0.813029 0
    outer loop
      vertex -1.83036 -23.8727 -18
      vertex -1.88887 -23.9146 -22
      vertex -1.83036 -23.8727 -22
    endloop
  endfacet
  facet normal -0.0972476 -0.99526 0
    outer loop
      vertex -2.64358 -24.0906 -22
      vertex -2.57194 -24.0976 -18
      vertex -2.64358 -24.0906 -18
    endloop
  endfacet
  facet normal -0.0972476 -0.99526 -0
    outer loop
      vertex -2.57194 -24.0976 -18
      vertex -2.64358 -24.0906 -22
      vertex -2.57194 -24.0976 -22
    endloop
  endfacet
  facet normal 0.881987 -0.471273 0
    outer loop
      vertex -1.54737 -23.55 -18
      vertex -1.51344 -23.4865 -22
      vertex -1.51344 -23.4865 -18
    endloop
  endfacet
  facet normal 0.881987 -0.471273 0
    outer loop
      vertex -1.51344 -23.4865 -22
      vertex -1.54737 -23.55 -18
      vertex -1.54737 -23.55 -22
    endloop
  endfacet
  facet normal 0.472144 -0.881521 0
    outer loop
      vertex -2.01348 -23.9866 -22
      vertex -1.95 -23.9526 -18
      vertex -2.01348 -23.9866 -18
    endloop
  endfacet
  facet normal 0.472144 -0.881521 0
    outer loop
      vertex -1.95 -23.9526 -18
      vertex -2.01348 -23.9866 -22
      vertex -1.95 -23.9526 -22
    endloop
  endfacet
  facet normal 0.527937 -0.849284 0
    outer loop
      vertex -1.95 -23.9526 -22
      vertex -1.88887 -23.9146 -18
      vertex -1.95 -23.9526 -18
    endloop
  endfacet
  facet normal 0.527937 -0.849284 0
    outer loop
      vertex -1.88887 -23.9146 -18
      vertex -1.95 -23.9526 -22
      vertex -1.88887 -23.9146 -22
    endloop
  endfacet
  facet normal -0.935986 -0.352036 0
    outer loop
      vertex -3.51627 -23.421 -22
      vertex -3.54162 -23.3536 -18
      vertex -3.54162 -23.3536 -22
    endloop
  endfacet
  facet normal -0.935986 -0.352036 0
    outer loop
      vertex -3.54162 -23.3536 -18
      vertex -3.51627 -23.421 -22
      vertex -3.51627 -23.421 -18
    endloop
  endfacet
  facet normal 0.729667 -0.683802 0
    outer loop
      vertex -1.72218 -23.7778 -18
      vertex -1.67298 -23.7253 -22
      vertex -1.67298 -23.7253 -18
    endloop
  endfacet
  facet normal 0.729667 -0.683802 0
    outer loop
      vertex -1.67298 -23.7253 -22
      vertex -1.72218 -23.7778 -18
      vertex -1.72218 -23.7778 -22
    endloop
  endfacet
  facet normal -0.973892 -0.22701 0
    outer loop
      vertex -3.56252 -23.2847 -22
      vertex -3.57886 -23.2146 -18
      vertex -3.57886 -23.2146 -22
    endloop
  endfacet
  facet normal -0.973892 -0.22701 0
    outer loop
      vertex -3.57886 -23.2146 -18
      vertex -3.56252 -23.2847 -22
      vertex -3.56252 -23.2847 -18
    endloop
  endfacet
  facet normal -0.812784 -0.582565 0
    outer loop
      vertex -3.37269 -23.6696 -22
      vertex -3.41462 -23.6111 -18
      vertex -3.41462 -23.6111 -22
    endloop
  endfacet
  facet normal -0.812784 -0.582565 0
    outer loop
      vertex -3.41462 -23.6111 -18
      vertex -3.37269 -23.6696 -22
      vertex -3.37269 -23.6696 -18
    endloop
  endfacet
  facet normal -0.0333426 0.999444 0
    outer loop
      vertex -2.5 -21.9 -22
      vertex -2.57194 -21.9024 -18
      vertex -2.5 -21.9 -18
    endloop
  endfacet
  facet normal -0.0333426 0.999444 0
    outer loop
      vertex -2.57194 -21.9024 -18
      vertex -2.5 -21.9 -22
      vertex -2.57194 -21.9024 -22
    endloop
  endfacet
  facet normal -0.683525 -0.729927 0
    outer loop
      vertex -3.27782 -23.7778 -22
      vertex -3.22528 -23.827 -18
      vertex -3.27782 -23.7778 -18
    endloop
  endfacet
  facet normal -0.683525 -0.729927 -0
    outer loop
      vertex -3.22528 -23.827 -18
      vertex -3.27782 -23.7778 -22
      vertex -3.22528 -23.827 -22
    endloop
  endfacet
  facet normal 0.683525 0.729927 -0
    outer loop
      vertex -1.72218 -22.2222 -22
      vertex -1.77472 -22.173 -18
      vertex -1.72218 -22.2222 -18
    endloop
  endfacet
  facet normal 0.683525 0.729927 0
    outer loop
      vertex -1.77472 -22.173 -18
      vertex -1.72218 -22.2222 -22
      vertex -1.77472 -22.173 -22
    endloop
  endfacet
  facet normal -0.986626 -0.163002 0
    outer loop
      vertex -3.57886 -23.2146 -22
      vertex -3.59059 -23.1436 -18
      vertex -3.59059 -23.1436 -22
    endloop
  endfacet
  facet normal -0.986626 -0.163002 0
    outer loop
      vertex -3.59059 -23.1436 -18
      vertex -3.57886 -23.2146 -22
      vertex -3.57886 -23.2146 -18
    endloop
  endfacet
  facet normal -0.729667 -0.683802 0
    outer loop
      vertex -3.27782 -23.7778 -22
      vertex -3.32702 -23.7253 -18
      vertex -3.32702 -23.7253 -22
    endloop
  endfacet
  facet normal -0.729667 -0.683802 0
    outer loop
      vertex -3.32702 -23.7253 -18
      vertex -3.27782 -23.7778 -22
      vertex -3.27782 -23.7778 -18
    endloop
  endfacet
  facet normal -0.773295 -0.634046 0
    outer loop
      vertex -3.32702 -23.7253 -22
      vertex -3.37269 -23.6696 -18
      vertex -3.37269 -23.6696 -22
    endloop
  endfacet
  facet normal -0.773295 -0.634046 0
    outer loop
      vertex -3.37269 -23.6696 -18
      vertex -3.32702 -23.7253 -22
      vertex -3.32702 -23.7253 -18
    endloop
  endfacet
  facet normal -0.2278 -0.973708 0
    outer loop
      vertex -2.7847 -24.0625 -22
      vertex -2.7146 -24.0789 -18
      vertex -2.7847 -24.0625 -18
    endloop
  endfacet
  facet normal -0.2278 -0.973708 -0
    outer loop
      vertex -2.7146 -24.0789 -18
      vertex -2.7847 -24.0625 -22
      vertex -2.7146 -24.0789 -22
    endloop
  endfacet
  facet normal 0.2278 -0.973708 0
    outer loop
      vertex -2.2854 -24.0789 -22
      vertex -2.2153 -24.0625 -18
      vertex -2.2854 -24.0789 -18
    endloop
  endfacet
  facet normal 0.2278 -0.973708 0
    outer loop
      vertex -2.2153 -24.0625 -18
      vertex -2.2854 -24.0789 -22
      vertex -2.2153 -24.0625 -22
    endloop
  endfacet
  facet normal 0.162551 -0.9867 0
    outer loop
      vertex -2.35642 -24.0906 -22
      vertex -2.2854 -24.0789 -18
      vertex -2.35642 -24.0906 -18
    endloop
  endfacet
  facet normal 0.162551 -0.9867 0
    outer loop
      vertex -2.2854 -24.0789 -18
      vertex -2.35642 -24.0906 -22
      vertex -2.2854 -24.0789 -22
    endloop
  endfacet
  facet normal -0.881987 0.471273 0
    outer loop
      vertex -3.48656 -22.5135 -22
      vertex -3.45263 -22.45 -18
      vertex -3.45263 -22.45 -22
    endloop
  endfacet
  facet normal -0.881987 0.471273 0
    outer loop
      vertex -3.45263 -22.45 -18
      vertex -3.48656 -22.5135 -22
      vertex -3.48656 -22.5135 -18
    endloop
  endfacet
  facet normal -0.935986 0.352036 0
    outer loop
      vertex -3.54162 -22.6464 -22
      vertex -3.51627 -22.579 -18
      vertex -3.51627 -22.579 -22
    endloop
  endfacet
  facet normal -0.935986 0.352036 0
    outer loop
      vertex -3.51627 -22.579 -18
      vertex -3.54162 -22.6464 -22
      vertex -3.54162 -22.6464 -18
    endloop
  endfacet
  facet normal -0.986626 0.163002 0
    outer loop
      vertex -3.59059 -22.8564 -22
      vertex -3.57886 -22.7854 -18
      vertex -3.57886 -22.7854 -22
    endloop
  endfacet
  facet normal -0.986626 0.163002 0
    outer loop
      vertex -3.57886 -22.7854 -18
      vertex -3.59059 -22.8564 -22
      vertex -3.59059 -22.8564 -18
    endloop
  endfacet
  facet normal 0.2278 0.973708 -0
    outer loop
      vertex -2.2153 -21.9375 -22
      vertex -2.2854 -21.9211 -18
      vertex -2.2153 -21.9375 -18
    endloop
  endfacet
  facet normal 0.2278 0.973708 0
    outer loop
      vertex -2.2854 -21.9211 -18
      vertex -2.2153 -21.9375 -22
      vertex -2.2854 -21.9211 -22
    endloop
  endfacet
  facet normal -0.472144 0.881521 0
    outer loop
      vertex -2.98652 -22.0134 -22
      vertex -3.05 -22.0474 -18
      vertex -2.98652 -22.0134 -18
    endloop
  endfacet
  facet normal -0.472144 0.881521 0
    outer loop
      vertex -3.05 -22.0474 -18
      vertex -2.98652 -22.0134 -22
      vertex -3.05 -22.0474 -22
    endloop
  endfacet
  facet normal 0.162551 0.9867 -0
    outer loop
      vertex -2.2854 -21.9211 -22
      vertex -2.35642 -21.9094 -18
      vertex -2.2854 -21.9211 -18
    endloop
  endfacet
  facet normal 0.162551 0.9867 0
    outer loop
      vertex -2.35642 -21.9094 -18
      vertex -2.2854 -21.9211 -22
      vertex -2.35642 -21.9094 -22
    endloop
  endfacet
  facet normal -0.849105 0.528224 0
    outer loop
      vertex -3.45263 -22.45 -22
      vertex -3.41462 -22.3889 -18
      vertex -3.41462 -22.3889 -22
    endloop
  endfacet
  facet normal -0.849105 0.528224 0
    outer loop
      vertex -3.41462 -22.3889 -18
      vertex -3.45263 -22.45 -22
      vertex -3.45263 -22.45 -18
    endloop
  endfacet
  facet normal 0 0 1
    outer loop
      vertex -1.40235 -22.9281 -18
      vertex -1.40235 -23.0719 -18
      vertex -1.4 -23 -18
    endloop
  endfacet
  facet normal 0 0 1
    outer loop
      vertex -1.40941 -22.8564 -18
      vertex -1.40235 -23.0719 -18
      vertex -1.40235 -22.9281 -18
    endloop
  endfacet
  facet normal 0 0 1
    outer loop
      vertex -1.40941 -22.8564 -18
      vertex -1.40941 -23.1436 -18
      vertex -1.40235 -23.0719 -18
    endloop
  endfacet
  facet normal 0 0 1
    outer loop
      vertex -1.42114 -22.7854 -18
      vertex -1.40941 -23.1436 -18
      vertex -1.40941 -22.8564 -18
    endloop
  endfacet
  facet normal 0 0 1
    outer loop
      vertex -1.42114 -22.7854 -18
      vertex -1.42114 -23.2146 -18
      vertex -1.40941 -23.1436 -18
    endloop
  endfacet
  facet normal 0 0 1
    outer loop
      vertex -1.43748 -22.7153 -18
      vertex -1.42114 -23.2146 -18
      vertex -1.42114 -22.7854 -18
    endloop
  endfacet
  facet normal 0 0 1
    outer loop
      vertex -1.43748 -22.7153 -18
      vertex -1.43748 -23.2847 -18
      vertex -1.42114 -23.2146 -18
    endloop
  endfacet
  facet normal 0 0 1
    outer loop
      vertex -1.45838 -22.6464 -18
      vertex -1.43748 -23.2847 -18
      vertex -1.43748 -22.7153 -18
    endloop
  endfacet
  facet normal 0 0 1
    outer loop
      vertex -1.45838 -22.6464 -18
      vertex -1.45838 -23.3536 -18
      vertex -1.43748 -23.2847 -18
    endloop
  endfacet
  facet normal 0 0 1
    outer loop
      vertex -1.48373 -22.579 -18
      vertex -1.45838 -23.3536 -18
      vertex -1.45838 -22.6464 -18
    endloop
  endfacet
  facet normal 0 0 1
    outer loop
      vertex -1.48373 -22.579 -18
      vertex -1.48373 -23.421 -18
      vertex -1.45838 -23.3536 -18
    endloop
  endfacet
  facet normal 0 0 1
    outer loop
      vertex -1.51344 -22.5135 -18
      vertex -1.48373 -23.421 -18
      vertex -1.48373 -22.579 -18
    endloop
  endfacet
  facet normal 0 0 1
    outer loop
      vertex -1.51344 -22.5135 -18
      vertex -1.51344 -23.4865 -18
      vertex -1.48373 -23.421 -18
    endloop
  endfacet
  facet normal 0 0 1
    outer loop
      vertex -1.54737 -22.45 -18
      vertex -1.51344 -23.4865 -18
      vertex -1.51344 -22.5135 -18
    endloop
  endfacet
  facet normal 0 0 1
    outer loop
      vertex -1.54737 -22.45 -18
      vertex -1.54737 -23.55 -18
      vertex -1.51344 -23.4865 -18
    endloop
  endfacet
  facet normal 0 0 1
    outer loop
      vertex -1.58538 -22.3889 -18
      vertex -1.54737 -23.55 -18
      vertex -1.54737 -22.45 -18
    endloop
  endfacet
  facet normal 0 0 1
    outer loop
      vertex -1.58538 -22.3889 -18
      vertex -1.58538 -23.6111 -18
      vertex -1.54737 -23.55 -18
    endloop
  endfacet
  facet normal 0 0 1
    outer loop
      vertex -1.62731 -22.3304 -18
      vertex -1.58538 -23.6111 -18
      vertex -1.58538 -22.3889 -18
    endloop
  endfacet
  facet normal 0 0 1
    outer loop
      vertex -1.62731 -22.3304 -18
      vertex -1.62731 -23.6696 -18
      vertex -1.58538 -23.6111 -18
    endloop
  endfacet
  facet normal 0 0 1
    outer loop
      vertex -1.67298 -22.2747 -18
      vertex -1.62731 -23.6696 -18
      vertex -1.62731 -22.3304 -18
    endloop
  endfacet
  facet normal 0 0 1
    outer loop
      vertex -1.67298 -22.2747 -18
      vertex -1.67298 -23.7253 -18
      vertex -1.62731 -23.6696 -18
    endloop
  endfacet
  facet normal 0 0 1
    outer loop
      vertex -1.72218 -22.2222 -18
      vertex -1.67298 -23.7253 -18
      vertex -1.67298 -22.2747 -18
    endloop
  endfacet
  facet normal 0 0 1
    outer loop
      vertex -1.72218 -22.2222 -18
      vertex -1.72218 -23.7778 -18
      vertex -1.67298 -23.7253 -18
    endloop
  endfacet
  facet normal 0 0 1
    outer loop
      vertex -1.77472 -22.173 -18
      vertex -1.72218 -23.7778 -18
      vertex -1.72218 -22.2222 -18
    endloop
  endfacet
  facet normal 0 0 1
    outer loop
      vertex -1.77472 -22.173 -18
      vertex -1.77472 -23.827 -18
      vertex -1.72218 -23.7778 -18
    endloop
  endfacet
  facet normal 0 0 1
    outer loop
      vertex -1.83036 -22.1273 -18
      vertex -1.77472 -23.827 -18
      vertex -1.77472 -22.173 -18
    endloop
  endfacet
  facet normal 0 0 1
    outer loop
      vertex -1.83036 -22.1273 -18
      vertex -1.83036 -23.8727 -18
      vertex -1.77472 -23.827 -18
    endloop
  endfacet
  facet normal 0 0 1
    outer loop
      vertex -1.88887 -22.0854 -18
      vertex -1.83036 -23.8727 -18
      vertex -1.83036 -22.1273 -18
    endloop
  endfacet
  facet normal 0 0 1
    outer loop
      vertex -1.88887 -22.0854 -18
      vertex -1.88887 -23.9146 -18
      vertex -1.83036 -23.8727 -18
    endloop
  endfacet
  facet normal 0 0 1
    outer loop
      vertex -1.95 -22.0474 -18
      vertex -1.88887 -23.9146 -18
      vertex -1.88887 -22.0854 -18
    endloop
  endfacet
  facet normal 0 0 1
    outer loop
      vertex -1.95 -22.0474 -18
      vertex -1.95 -23.9526 -18
      vertex -1.88887 -23.9146 -18
    endloop
  endfacet
  facet normal 0 0 1
    outer loop
      vertex -2.01348 -22.0134 -18
      vertex -1.95 -23.9526 -18
      vertex -1.95 -22.0474 -18
    endloop
  endfacet
  facet normal 0 0 1
    outer loop
      vertex -2.01348 -22.0134 -18
      vertex -2.01348 -23.9866 -18
      vertex -1.95 -23.9526 -18
    endloop
  endfacet
  facet normal 0 0 1
    outer loop
      vertex -2.07905 -21.9837 -18
      vertex -2.01348 -23.9866 -18
      vertex -2.01348 -22.0134 -18
    endloop
  endfacet
  facet normal 0 0 1
    outer loop
      vertex -2.07905 -21.9837 -18
      vertex -2.07905 -24.0163 -18
      vertex -2.01348 -23.9866 -18
    endloop
  endfacet
  facet normal 0 0 1
    outer loop
      vertex -2.14642 -21.9584 -18
      vertex -2.07905 -24.0163 -18
      vertex -2.07905 -21.9837 -18
    endloop
  endfacet
  facet normal 0 0 1
    outer loop
      vertex -2.14642 -21.9584 -18
      vertex -2.14642 -24.0416 -18
      vertex -2.07905 -24.0163 -18
    endloop
  endfacet
  facet normal 0 0 1
    outer loop
      vertex -2.2153 -21.9375 -18
      vertex -2.14642 -24.0416 -18
      vertex -2.14642 -21.9584 -18
    endloop
  endfacet
  facet normal 0 0 1
    outer loop
      vertex -2.2153 -21.9375 -18
      vertex -2.2153 -24.0625 -18
      vertex -2.14642 -24.0416 -18
    endloop
  endfacet
  facet normal 0 0 1
    outer loop
      vertex -2.2854 -21.9211 -18
      vertex -2.2153 -24.0625 -18
      vertex -2.2153 -21.9375 -18
    endloop
  endfacet
  facet normal 0 0 1
    outer loop
      vertex -2.2854 -21.9211 -18
      vertex -2.2854 -24.0789 -18
      vertex -2.2153 -24.0625 -18
    endloop
  endfacet
  facet normal 0 0 1
    outer loop
      vertex -2.35642 -21.9094 -18
      vertex -2.2854 -24.0789 -18
      vertex -2.2854 -21.9211 -18
    endloop
  endfacet
  facet normal 0 0 1
    outer loop
      vertex -2.35642 -21.9094 -18
      vertex -2.35642 -24.0906 -18
      vertex -2.2854 -24.0789 -18
    endloop
  endfacet
  facet normal 0 0 1
    outer loop
      vertex -2.42806 -21.9024 -18
      vertex -2.35642 -24.0906 -18
      vertex -2.35642 -21.9094 -18
    endloop
  endfacet
  facet normal 0 0 1
    outer loop
      vertex -2.42806 -21.9024 -18
      vertex -2.42806 -24.0976 -18
      vertex -2.35642 -24.0906 -18
    endloop
  endfacet
  facet normal 0 0 1
    outer loop
      vertex -2.5 -21.9 -18
      vertex -2.42806 -24.0976 -18
      vertex -2.42806 -21.9024 -18
    endloop
  endfacet
  facet normal 0 0 1
    outer loop
      vertex -2.5 -21.9 -18
      vertex -2.5 -24.1 -18
      vertex -2.42806 -24.0976 -18
    endloop
  endfacet
  facet normal -0 0 1
    outer loop
      vertex -2.57194 -21.9024 -18
      vertex -2.5 -24.1 -18
      vertex -2.5 -21.9 -18
    endloop
  endfacet
  facet normal 0 0 1
    outer loop
      vertex -2.57194 -21.9024 -18
      vertex -2.57194 -24.0976 -18
      vertex -2.5 -24.1 -18
    endloop
  endfacet
  facet normal -0 0 1
    outer loop
      vertex -2.64358 -21.9094 -18
      vertex -2.57194 -24.0976 -18
      vertex -2.57194 -21.9024 -18
    endloop
  endfacet
  facet normal 0 0 1
    outer loop
      vertex -2.64358 -21.9094 -18
      vertex -2.64358 -24.0906 -18
      vertex -2.57194 -24.0976 -18
    endloop
  endfacet
  facet normal -0 0 1
    outer loop
      vertex -2.7146 -21.9211 -18
      vertex -2.64358 -24.0906 -18
      vertex -2.64358 -21.9094 -18
    endloop
  endfacet
  facet normal 0 0 1
    outer loop
      vertex -2.7146 -21.9211 -18
      vertex -2.7146 -24.0789 -18
      vertex -2.64358 -24.0906 -18
    endloop
  endfacet
  facet normal -0 0 1
    outer loop
      vertex -2.7847 -21.9375 -18
      vertex -2.7146 -24.0789 -18
      vertex -2.7146 -21.9211 -18
    endloop
  endfacet
  facet normal 0 0 1
    outer loop
      vertex -2.7847 -21.9375 -18
      vertex -2.7847 -24.0625 -18
      vertex -2.7146 -24.0789 -18
    endloop
  endfacet
  facet normal -0 0 1
    outer loop
      vertex -2.85358 -21.9584 -18
      vertex -2.7847 -24.0625 -18
      vertex -2.7847 -21.9375 -18
    endloop
  endfacet
  facet normal 0 0 1
    outer loop
      vertex -2.85358 -21.9584 -18
      vertex -2.85358 -24.0416 -18
      vertex -2.7847 -24.0625 -18
    endloop
  endfacet
  facet normal -0 0 1
    outer loop
      vertex -2.92095 -21.9837 -18
      vertex -2.85358 -24.0416 -18
      vertex -2.85358 -21.9584 -18
    endloop
  endfacet
  facet normal 0 0 1
    outer loop
      vertex -2.92095 -21.9837 -18
      vertex -2.92095 -24.0163 -18
      vertex -2.85358 -24.0416 -18
    endloop
  endfacet
  facet normal -0 0 1
    outer loop
      vertex -2.98652 -22.0134 -18
      vertex -2.92095 -24.0163 -18
      vertex -2.92095 -21.9837 -18
    endloop
  endfacet
  facet normal 0 0 1
    outer loop
      vertex -2.98652 -22.0134 -18
      vertex -2.98652 -23.9866 -18
      vertex -2.92095 -24.0163 -18
    endloop
  endfacet
  facet normal -0 0 1
    outer loop
      vertex -3.05 -22.0474 -18
      vertex -2.98652 -23.9866 -18
      vertex -2.98652 -22.0134 -18
    endloop
  endfacet
  facet normal 0 0 1
    outer loop
      vertex -3.05 -22.0474 -18
      vertex -3.05 -23.9526 -18
      vertex -2.98652 -23.9866 -18
    endloop
  endfacet
  facet normal -0 0 1
    outer loop
      vertex -3.11113 -22.0854 -18
      vertex -3.05 -23.9526 -18
      vertex -3.05 -22.0474 -18
    endloop
  endfacet
  facet normal 0 0 1
    outer loop
      vertex -3.11113 -22.0854 -18
      vertex -3.11113 -23.9146 -18
      vertex -3.05 -23.9526 -18
    endloop
  endfacet
  facet normal -0 0 1
    outer loop
      vertex -3.16964 -22.1273 -18
      vertex -3.11113 -23.9146 -18
      vertex -3.11113 -22.0854 -18
    endloop
  endfacet
  facet normal 0 0 1
    outer loop
      vertex -3.16964 -22.1273 -18
      vertex -3.16964 -23.8727 -18
      vertex -3.11113 -23.9146 -18
    endloop
  endfacet
  facet normal -0 0 1
    outer loop
      vertex -3.22528 -22.173 -18
      vertex -3.16964 -23.8727 -18
      vertex -3.16964 -22.1273 -18
    endloop
  endfacet
  facet normal 0 0 1
    outer loop
      vertex -3.22528 -22.173 -18
      vertex -3.22528 -23.827 -18
      vertex -3.16964 -23.8727 -18
    endloop
  endfacet
  facet normal -0 0 1
    outer loop
      vertex -3.27782 -22.2222 -18
      vertex -3.22528 -23.827 -18
      vertex -3.22528 -22.173 -18
    endloop
  endfacet
  facet normal 0 0 1
    outer loop
      vertex -3.27782 -22.2222 -18
      vertex -3.27782 -23.7778 -18
      vertex -3.22528 -23.827 -18
    endloop
  endfacet
  facet normal -0 0 1
    outer loop
      vertex -3.32702 -22.2747 -18
      vertex -3.27782 -23.7778 -18
      vertex -3.27782 -22.2222 -18
    endloop
  endfacet
  facet normal 0 0 1
    outer loop
      vertex -3.32702 -22.2747 -18
      vertex -3.32702 -23.7253 -18
      vertex -3.27782 -23.7778 -18
    endloop
  endfacet
  facet normal -0 0 1
    outer loop
      vertex -3.37269 -22.3304 -18
      vertex -3.32702 -23.7253 -18
      vertex -3.32702 -22.2747 -18
    endloop
  endfacet
  facet normal 0 0 1
    outer loop
      vertex -3.37269 -22.3304 -18
      vertex -3.37269 -23.6696 -18
      vertex -3.32702 -23.7253 -18
    endloop
  endfacet
  facet normal -0 0 1
    outer loop
      vertex -3.41462 -22.3889 -18
      vertex -3.37269 -23.6696 -18
      vertex -3.37269 -22.3304 -18
    endloop
  endfacet
  facet normal 0 0 1
    outer loop
      vertex -3.41462 -22.3889 -18
      vertex -3.41462 -23.6111 -18
      vertex -3.37269 -23.6696 -18
    endloop
  endfacet
  facet normal -0 0 1
    outer loop
      vertex -3.45263 -22.45 -18
      vertex -3.41462 -23.6111 -18
      vertex -3.41462 -22.3889 -18
    endloop
  endfacet
  facet normal 0 0 1
    outer loop
      vertex -3.45263 -22.45 -18
      vertex -3.45263 -23.55 -18
      vertex -3.41462 -23.6111 -18
    endloop
  endfacet
  facet normal -0 0 1
    outer loop
      vertex -3.48656 -22.5135 -18
      vertex -3.45263 -23.55 -18
      vertex -3.45263 -22.45 -18
    endloop
  endfacet
  facet normal 0 0 1
    outer loop
      vertex -3.48656 -22.5135 -18
      vertex -3.48656 -23.4865 -18
      vertex -3.45263 -23.55 -18
    endloop
  endfacet
  facet normal -0 0 1
    outer loop
      vertex -3.51627 -22.579 -18
      vertex -3.48656 -23.4865 -18
      vertex -3.48656 -22.5135 -18
    endloop
  endfacet
  facet normal 0 0 1
    outer loop
      vertex -3.51627 -22.579 -18
      vertex -3.51627 -23.421 -18
      vertex -3.48656 -23.4865 -18
    endloop
  endfacet
  facet normal -0 0 1
    outer loop
      vertex -3.54162 -22.6464 -18
      vertex -3.51627 -23.421 -18
      vertex -3.51627 -22.579 -18
    endloop
  endfacet
  facet normal 0 0 1
    outer loop
      vertex -3.54162 -22.6464 -18
      vertex -3.54162 -23.3536 -18
      vertex -3.51627 -23.421 -18
    endloop
  endfacet
  facet normal -0 0 1
    outer loop
      vertex -3.56252 -22.7153 -18
      vertex -3.54162 -23.3536 -18
      vertex -3.54162 -22.6464 -18
    endloop
  endfacet
  facet normal 0 0 1
    outer loop
      vertex -3.56252 -22.7153 -18
      vertex -3.56252 -23.2847 -18
      vertex -3.54162 -23.3536 -18
    endloop
  endfacet
  facet normal -0 0 1
    outer loop
      vertex -3.57886 -22.7854 -18
      vertex -3.56252 -23.2847 -18
      vertex -3.56252 -22.7153 -18
    endloop
  endfacet
  facet normal 0 0 1
    outer loop
      vertex -3.57886 -22.7854 -18
      vertex -3.57886 -23.2146 -18
      vertex -3.56252 -23.2847 -18
    endloop
  endfacet
  facet normal -0 0 1
    outer loop
      vertex -3.59059 -22.8564 -18
      vertex -3.57886 -23.2146 -18
      vertex -3.57886 -22.7854 -18
    endloop
  endfacet
  facet normal 0 0 1
    outer loop
      vertex -3.59059 -22.8564 -18
      vertex -3.59059 -23.1436 -18
      vertex -3.57886 -23.2146 -18
    endloop
  endfacet
  facet normal -0 0 1
    outer loop
      vertex -3.59764 -22.9281 -18
      vertex -3.59059 -23.1436 -18
      vertex -3.59059 -22.8564 -18
    endloop
  endfacet
  facet normal 0 0 1
    outer loop
      vertex -3.59764 -22.9281 -18
      vertex -3.59764 -23.0719 -18
      vertex -3.59059 -23.1436 -18
    endloop
  endfacet
  facet normal 0 -0 1
    outer loop
      vertex -3.59764 -23.0719 -18
      vertex -3.59764 -22.9281 -18
      vertex -3.6 -23 -18
    endloop
  endfacet
  facet normal -0.527937 -0.849284 0
    outer loop
      vertex -3.11113 -23.9146 -22
      vertex -3.05 -23.9526 -18
      vertex -3.11113 -23.9146 -18
    endloop
  endfacet
  facet normal -0.527937 -0.849284 -0
    outer loop
      vertex -3.05 -23.9526 -18
      vertex -3.11113 -23.9146 -22
      vertex -3.05 -23.9526 -22
    endloop
  endfacet
  facet normal 0.995201 0.0978545 0
    outer loop
      vertex 3.59764 -22.9281 -18
      vertex 3.59059 -22.8564 -22
      vertex 3.59059 -22.8564 -18
    endloop
  endfacet
  facet normal 0.995201 0.0978545 0
    outer loop
      vertex 3.59059 -22.8564 -22
      vertex 3.59764 -22.9281 -18
      vertex 3.59764 -22.9281 -22
    endloop
  endfacet
  facet normal 0.999462 0.0328057 0
    outer loop
      vertex 3.6 -23 -18
      vertex 3.59764 -22.9281 -22
      vertex 3.59764 -22.9281 -18
    endloop
  endfacet
  facet normal 0.999462 0.0328057 0
    outer loop
      vertex 3.59764 -22.9281 -22
      vertex 3.6 -23 -18
      vertex 3.6 -23 -22
    endloop
  endfacet
  facet normal 0.986626 0.163002 0
    outer loop
      vertex 3.59059 -22.8564 -18
      vertex 3.57886 -22.7854 -22
      vertex 3.57886 -22.7854 -18
    endloop
  endfacet
  facet normal 0.986626 0.163002 0
    outer loop
      vertex 3.57886 -22.7854 -22
      vertex 3.59059 -22.8564 -18
      vertex 3.59059 -22.8564 -22
    endloop
  endfacet
  facet normal 0.973892 0.22701 0
    outer loop
      vertex 3.57886 -22.7854 -18
      vertex 3.56252 -22.7153 -22
      vertex 3.56252 -22.7153 -18
    endloop
  endfacet
  facet normal 0.973892 0.22701 0
    outer loop
      vertex 3.56252 -22.7153 -22
      vertex 3.57886 -22.7854 -18
      vertex 3.57886 -22.7854 -22
    endloop
  endfacet
  facet normal -0.634704 0.772755 0
    outer loop
      vertex 1.83036 -22.1273 -22
      vertex 1.77472 -22.173 -18
      vertex 1.83036 -22.1273 -18
    endloop
  endfacet
  facet normal -0.634704 0.772755 0
    outer loop
      vertex 1.77472 -22.173 -18
      vertex 1.83036 -22.1273 -22
      vertex 1.77472 -22.173 -22
    endloop
  endfacet
  facet normal -0.582224 0.813029 0
    outer loop
      vertex 1.88887 -22.0854 -22
      vertex 1.83036 -22.1273 -18
      vertex 1.88887 -22.0854 -18
    endloop
  endfacet
  facet normal -0.582224 0.813029 0
    outer loop
      vertex 1.83036 -22.1273 -18
      vertex 1.88887 -22.0854 -22
      vertex 1.83036 -22.1273 -22
    endloop
  endfacet
  facet normal -0.2278 0.973708 0
    outer loop
      vertex 2.2854 -21.9211 -22
      vertex 2.2153 -21.9375 -18
      vertex 2.2854 -21.9211 -18
    endloop
  endfacet
  facet normal -0.2278 0.973708 0
    outer loop
      vertex 2.2153 -21.9375 -18
      vertex 2.2854 -21.9211 -22
      vertex 2.2153 -21.9375 -22
    endloop
  endfacet
  facet normal 0.0333426 -0.999444 0
    outer loop
      vertex 2.5 -24.1 -22
      vertex 2.57194 -24.0976 -18
      vertex 2.5 -24.1 -18
    endloop
  endfacet
  facet normal 0.0333426 -0.999444 0
    outer loop
      vertex 2.57194 -24.0976 -18
      vertex 2.5 -24.1 -22
      vertex 2.57194 -24.0976 -22
    endloop
  endfacet
  facet normal -0.290354 -0.956919 0
    outer loop
      vertex 2.14642 -24.0416 -22
      vertex 2.2153 -24.0625 -18
      vertex 2.14642 -24.0416 -18
    endloop
  endfacet
  facet normal -0.290354 -0.956919 -0
    outer loop
      vertex 2.2153 -24.0625 -18
      vertex 2.14642 -24.0416 -22
      vertex 2.2153 -24.0625 -22
    endloop
  endfacet
  facet normal 0.773295 -0.634046 0
    outer loop
      vertex 3.32702 -23.7253 -18
      vertex 3.37269 -23.6696 -22
      vertex 3.37269 -23.6696 -18
    endloop
  endfacet
  facet normal 0.773295 -0.634046 0
    outer loop
      vertex 3.37269 -23.6696 -22
      vertex 3.32702 -23.7253 -18
      vertex 3.32702 -23.7253 -22
    endloop
  endfacet
  facet normal -0.290354 0.956919 0
    outer loop
      vertex 2.2153 -21.9375 -22
      vertex 2.14642 -21.9584 -18
      vertex 2.2153 -21.9375 -18
    endloop
  endfacet
  facet normal -0.290354 0.956919 0
    outer loop
      vertex 2.14642 -21.9584 -18
      vertex 2.2153 -21.9375 -22
      vertex 2.14642 -21.9584 -22
    endloop
  endfacet
  facet normal 0.729667 -0.683802 0
    outer loop
      vertex 3.27782 -23.7778 -18
      vertex 3.32702 -23.7253 -22
      vertex 3.32702 -23.7253 -18
    endloop
  endfacet
  facet normal 0.729667 -0.683802 0
    outer loop
      vertex 3.32702 -23.7253 -22
      vertex 3.27782 -23.7778 -18
      vertex 3.27782 -23.7778 -22
    endloop
  endfacet
  facet normal -0.472144 0.881521 0
    outer loop
      vertex 2.01348 -22.0134 -22
      vertex 1.95 -22.0474 -18
      vertex 2.01348 -22.0134 -18
    endloop
  endfacet
  facet normal -0.472144 0.881521 0
    outer loop
      vertex 1.95 -22.0474 -18
      vertex 2.01348 -22.0134 -22
      vertex 1.95 -22.0474 -22
    endloop
  endfacet
  facet normal -0.0333426 0.999444 0
    outer loop
      vertex 2.5 -21.9 -22
      vertex 2.42806 -21.9024 -18
      vertex 2.5 -21.9 -18
    endloop
  endfacet
  facet normal -0.0333426 0.999444 0
    outer loop
      vertex 2.42806 -21.9024 -18
      vertex 2.5 -21.9 -22
      vertex 2.42806 -21.9024 -22
    endloop
  endfacet
  facet normal 0.0333426 0.999444 -0
    outer loop
      vertex 2.57194 -21.9024 -22
      vertex 2.5 -21.9 -18
      vertex 2.57194 -21.9024 -18
    endloop
  endfacet
  facet normal 0.0333426 0.999444 0
    outer loop
      vertex 2.5 -21.9 -18
      vertex 2.57194 -21.9024 -22
      vertex 2.5 -21.9 -22
    endloop
  endfacet
  facet normal 0.849105 -0.528224 0
    outer loop
      vertex 3.41462 -23.6111 -18
      vertex 3.45263 -23.55 -22
      vertex 3.45263 -23.55 -18
    endloop
  endfacet
  facet normal 0.849105 -0.528224 0
    outer loop
      vertex 3.45263 -23.55 -22
      vertex 3.41462 -23.6111 -18
      vertex 3.41462 -23.6111 -22
    endloop
  endfacet
  facet normal 0.412599 0.910913 -0
    outer loop
      vertex 2.98652 -22.0134 -22
      vertex 2.92095 -21.9837 -18
      vertex 2.98652 -22.0134 -18
    endloop
  endfacet
  facet normal 0.412599 0.910913 0
    outer loop
      vertex 2.92095 -21.9837 -18
      vertex 2.98652 -22.0134 -22
      vertex 2.92095 -21.9837 -22
    endloop
  endfacet
  facet normal 0.472144 -0.881521 0
    outer loop
      vertex 2.98652 -23.9866 -22
      vertex 3.05 -23.9526 -18
      vertex 2.98652 -23.9866 -18
    endloop
  endfacet
  facet normal 0.472144 -0.881521 0
    outer loop
      vertex 3.05 -23.9526 -18
      vertex 2.98652 -23.9866 -22
      vertex 3.05 -23.9526 -22
    endloop
  endfacet
  facet normal 0.935986 0.352036 0
    outer loop
      vertex 3.54162 -22.6464 -18
      vertex 3.51627 -22.579 -22
      vertex 3.51627 -22.579 -18
    endloop
  endfacet
  facet normal 0.935986 0.352036 0
    outer loop
      vertex 3.51627 -22.579 -22
      vertex 3.54162 -22.6464 -18
      vertex 3.54162 -22.6464 -22
    endloop
  endfacet
  facet normal 0.351565 0.936163 -0
    outer loop
      vertex 2.92095 -21.9837 -22
      vertex 2.85358 -21.9584 -18
      vertex 2.92095 -21.9837 -18
    endloop
  endfacet
  facet normal 0.351565 0.936163 0
    outer loop
      vertex 2.85358 -21.9584 -18
      vertex 2.92095 -21.9837 -22
      vertex 2.85358 -21.9584 -22
    endloop
  endfacet
  facet normal 0.999462 -0.0328057 0
    outer loop
      vertex 3.59764 -23.0719 -18
      vertex 3.6 -23 -22
      vertex 3.6 -23 -18
    endloop
  endfacet
  facet normal 0.999462 -0.0328057 0
    outer loop
      vertex 3.6 -23 -22
      vertex 3.59764 -23.0719 -18
      vertex 3.59764 -23.0719 -22
    endloop
  endfacet
  facet normal 0.773295 0.634046 0
    outer loop
      vertex 3.37269 -22.3304 -18
      vertex 3.32702 -22.2747 -22
      vertex 3.32702 -22.2747 -18
    endloop
  endfacet
  facet normal 0.773295 0.634046 0
    outer loop
      vertex 3.32702 -22.2747 -22
      vertex 3.37269 -22.3304 -18
      vertex 3.37269 -22.3304 -22
    endloop
  endfacet
  facet normal 0.582224 -0.813029 0
    outer loop
      vertex 3.11113 -23.9146 -22
      vertex 3.16964 -23.8727 -18
      vertex 3.11113 -23.9146 -18
    endloop
  endfacet
  facet normal 0.582224 -0.813029 0
    outer loop
      vertex 3.16964 -23.8727 -18
      vertex 3.11113 -23.9146 -22
      vertex 3.16964 -23.8727 -22
    endloop
  endfacet
  facet normal 0.812784 0.582565 0
    outer loop
      vertex 3.41462 -22.3889 -18
      vertex 3.37269 -22.3304 -22
      vertex 3.37269 -22.3304 -18
    endloop
  endfacet
  facet normal 0.812784 0.582565 0
    outer loop
      vertex 3.37269 -22.3304 -22
      vertex 3.41462 -22.3889 -18
      vertex 3.41462 -22.3889 -22
    endloop
  endfacet
  facet normal 0.634704 0.772755 -0
    outer loop
      vertex 3.22528 -22.173 -22
      vertex 3.16964 -22.1273 -18
      vertex 3.22528 -22.173 -18
    endloop
  endfacet
  facet normal 0.634704 0.772755 0
    outer loop
      vertex 3.16964 -22.1273 -18
      vertex 3.22528 -22.173 -22
      vertex 3.16964 -22.1273 -22
    endloop
  endfacet
  facet normal -0.956943 0.290277 0
    outer loop
      vertex 1.43748 -22.7153 -22
      vertex 1.45838 -22.6464 -18
      vertex 1.45838 -22.6464 -22
    endloop
  endfacet
  facet normal -0.956943 0.290277 0
    outer loop
      vertex 1.45838 -22.6464 -18
      vertex 1.43748 -22.7153 -22
      vertex 1.43748 -22.7153 -18
    endloop
  endfacet
  facet normal 0.0972476 -0.99526 0
    outer loop
      vertex 2.57194 -24.0976 -22
      vertex 2.64358 -24.0906 -18
      vertex 2.57194 -24.0976 -18
    endloop
  endfacet
  facet normal 0.0972476 -0.99526 0
    outer loop
      vertex 2.64358 -24.0906 -18
      vertex 2.57194 -24.0976 -22
      vertex 2.64358 -24.0906 -22
    endloop
  endfacet
  facet normal -0.412599 -0.910913 0
    outer loop
      vertex 2.01348 -23.9866 -22
      vertex 2.07905 -24.0163 -18
      vertex 2.01348 -23.9866 -18
    endloop
  endfacet
  facet normal -0.412599 -0.910913 -0
    outer loop
      vertex 2.07905 -24.0163 -18
      vertex 2.01348 -23.9866 -22
      vertex 2.07905 -24.0163 -22
    endloop
  endfacet
  facet normal 0.162551 -0.9867 0
    outer loop
      vertex 2.64358 -24.0906 -22
      vertex 2.7146 -24.0789 -18
      vertex 2.64358 -24.0906 -18
    endloop
  endfacet
  facet normal 0.162551 -0.9867 0
    outer loop
      vertex 2.7146 -24.0789 -18
      vertex 2.64358 -24.0906 -22
      vertex 2.7146 -24.0789 -22
    endloop
  endfacet
  facet normal 0.956943 -0.290277 0
    outer loop
      vertex 3.54162 -23.3536 -18
      vertex 3.56252 -23.2847 -22
      vertex 3.56252 -23.2847 -18
    endloop
  endfacet
  facet normal 0.956943 -0.290277 0
    outer loop
      vertex 3.56252 -23.2847 -22
      vertex 3.54162 -23.3536 -18
      vertex 3.54162 -23.3536 -22
    endloop
  endfacet
  facet normal -0.412599 0.910913 0
    outer loop
      vertex 2.07905 -21.9837 -22
      vertex 2.01348 -22.0134 -18
      vertex 2.07905 -21.9837 -18
    endloop
  endfacet
  facet normal -0.412599 0.910913 0
    outer loop
      vertex 2.01348 -22.0134 -18
      vertex 2.07905 -21.9837 -22
      vertex 2.01348 -22.0134 -22
    endloop
  endfacet
  facet normal -0.683525 0.729927 0
    outer loop
      vertex 1.77472 -22.173 -22
      vertex 1.72218 -22.2222 -18
      vertex 1.77472 -22.173 -18
    endloop
  endfacet
  facet normal -0.683525 0.729927 0
    outer loop
      vertex 1.72218 -22.2222 -18
      vertex 1.77472 -22.173 -22
      vertex 1.72218 -22.2222 -22
    endloop
  endfacet
  facet normal 0.527937 -0.849284 0
    outer loop
      vertex 3.05 -23.9526 -22
      vertex 3.11113 -23.9146 -18
      vertex 3.05 -23.9526 -18
    endloop
  endfacet
  facet normal 0.527937 -0.849284 0
    outer loop
      vertex 3.11113 -23.9146 -18
      vertex 3.05 -23.9526 -22
      vertex 3.11113 -23.9146 -22
    endloop
  endfacet
  facet normal -0.162551 0.9867 0
    outer loop
      vertex 2.35642 -21.9094 -22
      vertex 2.2854 -21.9211 -18
      vertex 2.35642 -21.9094 -18
    endloop
  endfacet
  facet normal -0.162551 0.9867 0
    outer loop
      vertex 2.2854 -21.9211 -18
      vertex 2.35642 -21.9094 -22
      vertex 2.2854 -21.9211 -22
    endloop
  endfacet
  facet normal 0 0 1
    outer loop
      vertex 3.59764 -22.9281 -18
      vertex 3.59764 -23.0719 -18
      vertex 3.6 -23 -18
    endloop
  endfacet
  facet normal 0 0 1
    outer loop
      vertex 3.59059 -22.8564 -18
      vertex 3.59764 -23.0719 -18
      vertex 3.59764 -22.9281 -18
    endloop
  endfacet
  facet normal 0 0 1
    outer loop
      vertex 3.59059 -22.8564 -18
      vertex 3.59059 -23.1436 -18
      vertex 3.59764 -23.0719 -18
    endloop
  endfacet
  facet normal 0 0 1
    outer loop
      vertex 3.57886 -22.7854 -18
      vertex 3.59059 -23.1436 -18
      vertex 3.59059 -22.8564 -18
    endloop
  endfacet
  facet normal 0 0 1
    outer loop
      vertex 3.57886 -22.7854 -18
      vertex 3.57886 -23.2146 -18
      vertex 3.59059 -23.1436 -18
    endloop
  endfacet
  facet normal 0 0 1
    outer loop
      vertex 3.56252 -22.7153 -18
      vertex 3.57886 -23.2146 -18
      vertex 3.57886 -22.7854 -18
    endloop
  endfacet
  facet normal 0 0 1
    outer loop
      vertex 3.56252 -22.7153 -18
      vertex 3.56252 -23.2847 -18
      vertex 3.57886 -23.2146 -18
    endloop
  endfacet
  facet normal 0 0 1
    outer loop
      vertex 3.54162 -22.6464 -18
      vertex 3.56252 -23.2847 -18
      vertex 3.56252 -22.7153 -18
    endloop
  endfacet
  facet normal 0 0 1
    outer loop
      vertex 3.54162 -22.6464 -18
      vertex 3.54162 -23.3536 -18
      vertex 3.56252 -23.2847 -18
    endloop
  endfacet
  facet normal 0 0 1
    outer loop
      vertex 3.51627 -22.579 -18
      vertex 3.54162 -23.3536 -18
      vertex 3.54162 -22.6464 -18
    endloop
  endfacet
  facet normal 0 0 1
    outer loop
      vertex 3.51627 -22.579 -18
      vertex 3.51627 -23.421 -18
      vertex 3.54162 -23.3536 -18
    endloop
  endfacet
  facet normal 0 0 1
    outer loop
      vertex 3.48656 -22.5135 -18
      vertex 3.51627 -23.421 -18
      vertex 3.51627 -22.579 -18
    endloop
  endfacet
  facet normal 0 0 1
    outer loop
      vertex 3.48656 -22.5135 -18
      vertex 3.48656 -23.4865 -18
      vertex 3.51627 -23.421 -18
    endloop
  endfacet
  facet normal 0 0 1
    outer loop
      vertex 3.45263 -22.45 -18
      vertex 3.48656 -23.4865 -18
      vertex 3.48656 -22.5135 -18
    endloop
  endfacet
  facet normal 0 0 1
    outer loop
      vertex 3.45263 -22.45 -18
      vertex 3.45263 -23.55 -18
      vertex 3.48656 -23.4865 -18
    endloop
  endfacet
  facet normal 0 0 1
    outer loop
      vertex 3.41462 -22.3889 -18
      vertex 3.45263 -23.55 -18
      vertex 3.45263 -22.45 -18
    endloop
  endfacet
  facet normal 0 0 1
    outer loop
      vertex 3.41462 -22.3889 -18
      vertex 3.41462 -23.6111 -18
      vertex 3.45263 -23.55 -18
    endloop
  endfacet
  facet normal 0 0 1
    outer loop
      vertex 3.37269 -22.3304 -18
      vertex 3.41462 -23.6111 -18
      vertex 3.41462 -22.3889 -18
    endloop
  endfacet
  facet normal 0 0 1
    outer loop
      vertex 3.37269 -22.3304 -18
      vertex 3.37269 -23.6696 -18
      vertex 3.41462 -23.6111 -18
    endloop
  endfacet
  facet normal 0 0 1
    outer loop
      vertex 3.32702 -22.2747 -18
      vertex 3.37269 -23.6696 -18
      vertex 3.37269 -22.3304 -18
    endloop
  endfacet
  facet normal 0 0 1
    outer loop
      vertex 3.32702 -22.2747 -18
      vertex 3.32702 -23.7253 -18
      vertex 3.37269 -23.6696 -18
    endloop
  endfacet
  facet normal 0 0 1
    outer loop
      vertex 3.27782 -22.2222 -18
      vertex 3.32702 -23.7253 -18
      vertex 3.32702 -22.2747 -18
    endloop
  endfacet
  facet normal 0 0 1
    outer loop
      vertex 3.27782 -22.2222 -18
      vertex 3.27782 -23.7778 -18
      vertex 3.32702 -23.7253 -18
    endloop
  endfacet
  facet normal 0 0 1
    outer loop
      vertex 3.22528 -22.173 -18
      vertex 3.27782 -23.7778 -18
      vertex 3.27782 -22.2222 -18
    endloop
  endfacet
  facet normal 0 0 1
    outer loop
      vertex 3.22528 -22.173 -18
      vertex 3.22528 -23.827 -18
      vertex 3.27782 -23.7778 -18
    endloop
  endfacet
  facet normal 0 0 1
    outer loop
      vertex 3.16964 -22.1273 -18
      vertex 3.22528 -23.827 -18
      vertex 3.22528 -22.173 -18
    endloop
  endfacet
  facet normal 0 0 1
    outer loop
      vertex 3.16964 -22.1273 -18
      vertex 3.16964 -23.8727 -18
      vertex 3.22528 -23.827 -18
    endloop
  endfacet
  facet normal 0 0 1
    outer loop
      vertex 3.11113 -22.0854 -18
      vertex 3.16964 -23.8727 -18
      vertex 3.16964 -22.1273 -18
    endloop
  endfacet
  facet normal 0 0 1
    outer loop
      vertex 3.11113 -22.0854 -18
      vertex 3.11113 -23.9146 -18
      vertex 3.16964 -23.8727 -18
    endloop
  endfacet
  facet normal 0 0 1
    outer loop
      vertex 3.05 -22.0474 -18
      vertex 3.11113 -23.9146 -18
      vertex 3.11113 -22.0854 -18
    endloop
  endfacet
  facet normal 0 0 1
    outer loop
      vertex 3.05 -22.0474 -18
      vertex 3.05 -23.9526 -18
      vertex 3.11113 -23.9146 -18
    endloop
  endfacet
  facet normal 0 0 1
    outer loop
      vertex 2.98652 -22.0134 -18
      vertex 3.05 -23.9526 -18
      vertex 3.05 -22.0474 -18
    endloop
  endfacet
  facet normal 0 0 1
    outer loop
      vertex 2.98652 -22.0134 -18
      vertex 2.98652 -23.9866 -18
      vertex 3.05 -23.9526 -18
    endloop
  endfacet
  facet normal 0 0 1
    outer loop
      vertex 2.92095 -21.9837 -18
      vertex 2.98652 -23.9866 -18
      vertex 2.98652 -22.0134 -18
    endloop
  endfacet
  facet normal 0 0 1
    outer loop
      vertex 2.92095 -21.9837 -18
      vertex 2.92095 -24.0163 -18
      vertex 2.98652 -23.9866 -18
    endloop
  endfacet
  facet normal 0 0 1
    outer loop
      vertex 2.85358 -21.9584 -18
      vertex 2.92095 -24.0163 -18
      vertex 2.92095 -21.9837 -18
    endloop
  endfacet
  facet normal 0 0 1
    outer loop
      vertex 2.85358 -21.9584 -18
      vertex 2.85358 -24.0416 -18
      vertex 2.92095 -24.0163 -18
    endloop
  endfacet
  facet normal 0 0 1
    outer loop
      vertex 2.7847 -21.9375 -18
      vertex 2.85358 -24.0416 -18
      vertex 2.85358 -21.9584 -18
    endloop
  endfacet
  facet normal 0 0 1
    outer loop
      vertex 2.7847 -21.9375 -18
      vertex 2.7847 -24.0625 -18
      vertex 2.85358 -24.0416 -18
    endloop
  endfacet
  facet normal 0 0 1
    outer loop
      vertex 2.7146 -21.9211 -18
      vertex 2.7847 -24.0625 -18
      vertex 2.7847 -21.9375 -18
    endloop
  endfacet
  facet normal 0 0 1
    outer loop
      vertex 2.7146 -21.9211 -18
      vertex 2.7146 -24.0789 -18
      vertex 2.7847 -24.0625 -18
    endloop
  endfacet
  facet normal 0 0 1
    outer loop
      vertex 2.64358 -21.9094 -18
      vertex 2.7146 -24.0789 -18
      vertex 2.7146 -21.9211 -18
    endloop
  endfacet
  facet normal 0 0 1
    outer loop
      vertex 2.64358 -21.9094 -18
      vertex 2.64358 -24.0906 -18
      vertex 2.7146 -24.0789 -18
    endloop
  endfacet
  facet normal 0 0 1
    outer loop
      vertex 2.57194 -21.9024 -18
      vertex 2.64358 -24.0906 -18
      vertex 2.64358 -21.9094 -18
    endloop
  endfacet
  facet normal 0 0 1
    outer loop
      vertex 2.57194 -21.9024 -18
      vertex 2.57194 -24.0976 -18
      vertex 2.64358 -24.0906 -18
    endloop
  endfacet
  facet normal 0 0 1
    outer loop
      vertex 2.5 -21.9 -18
      vertex 2.57194 -24.0976 -18
      vertex 2.57194 -21.9024 -18
    endloop
  endfacet
  facet normal 0 0 1
    outer loop
      vertex 2.5 -21.9 -18
      vertex 2.5 -24.1 -18
      vertex 2.57194 -24.0976 -18
    endloop
  endfacet
  facet normal -0 0 1
    outer loop
      vertex 2.42806 -21.9024 -18
      vertex 2.5 -24.1 -18
      vertex 2.5 -21.9 -18
    endloop
  endfacet
  facet normal 0 0 1
    outer loop
      vertex 2.42806 -21.9024 -18
      vertex 2.42806 -24.0976 -18
      vertex 2.5 -24.1 -18
    endloop
  endfacet
  facet normal -0 0 1
    outer loop
      vertex 2.35642 -21.9094 -18
      vertex 2.42806 -24.0976 -18
      vertex 2.42806 -21.9024 -18
    endloop
  endfacet
  facet normal 0 0 1
    outer loop
      vertex 2.35642 -21.9094 -18
      vertex 2.35642 -24.0906 -18
      vertex 2.42806 -24.0976 -18
    endloop
  endfacet
  facet normal -0 0 1
    outer loop
      vertex 2.2854 -21.9211 -18
      vertex 2.35642 -24.0906 -18
      vertex 2.35642 -21.9094 -18
    endloop
  endfacet
  facet normal 0 0 1
    outer loop
      vertex 2.2854 -21.9211 -18
      vertex 2.2854 -24.0789 -18
      vertex 2.35642 -24.0906 -18
    endloop
  endfacet
  facet normal -0 0 1
    outer loop
      vertex 2.2153 -21.9375 -18
      vertex 2.2854 -24.0789 -18
      vertex 2.2854 -21.9211 -18
    endloop
  endfacet
  facet normal 0 0 1
    outer loop
      vertex 2.2153 -21.9375 -18
      vertex 2.2153 -24.0625 -18
      vertex 2.2854 -24.0789 -18
    endloop
  endfacet
  facet normal -0 0 1
    outer loop
      vertex 2.14642 -21.9584 -18
      vertex 2.2153 -24.0625 -18
      vertex 2.2153 -21.9375 -18
    endloop
  endfacet
  facet normal 0 0 1
    outer loop
      vertex 2.14642 -21.9584 -18
      vertex 2.14642 -24.0416 -18
      vertex 2.2153 -24.0625 -18
    endloop
  endfacet
  facet normal -0 0 1
    outer loop
      vertex 2.07905 -21.9837 -18
      vertex 2.14642 -24.0416 -18
      vertex 2.14642 -21.9584 -18
    endloop
  endfacet
  facet normal 0 0 1
    outer loop
      vertex 2.07905 -21.9837 -18
      vertex 2.07905 -24.0163 -18
      vertex 2.14642 -24.0416 -18
    endloop
  endfacet
  facet normal -0 0 1
    outer loop
      vertex 2.01348 -22.0134 -18
      vertex 2.07905 -24.0163 -18
      vertex 2.07905 -21.9837 -18
    endloop
  endfacet
  facet normal 0 0 1
    outer loop
      vertex 2.01348 -22.0134 -18
      vertex 2.01348 -23.9866 -18
      vertex 2.07905 -24.0163 -18
    endloop
  endfacet
  facet normal -0 0 1
    outer loop
      vertex 1.95 -22.0474 -18
      vertex 2.01348 -23.9866 -18
      vertex 2.01348 -22.0134 -18
    endloop
  endfacet
  facet normal 0 0 1
    outer loop
      vertex 1.95 -22.0474 -18
      vertex 1.95 -23.9526 -18
      vertex 2.01348 -23.9866 -18
    endloop
  endfacet
  facet normal -0 0 1
    outer loop
      vertex 1.88887 -22.0854 -18
      vertex 1.95 -23.9526 -18
      vertex 1.95 -22.0474 -18
    endloop
  endfacet
  facet normal 0 0 1
    outer loop
      vertex 1.88887 -22.0854 -18
      vertex 1.88887 -23.9146 -18
      vertex 1.95 -23.9526 -18
    endloop
  endfacet
  facet normal -0 0 1
    outer loop
      vertex 1.83036 -22.1273 -18
      vertex 1.88887 -23.9146 -18
      vertex 1.88887 -22.0854 -18
    endloop
  endfacet
  facet normal 0 0 1
    outer loop
      vertex 1.83036 -22.1273 -18
      vertex 1.83036 -23.8727 -18
      vertex 1.88887 -23.9146 -18
    endloop
  endfacet
  facet normal -0 0 1
    outer loop
      vertex 1.77472 -22.173 -18
      vertex 1.83036 -23.8727 -18
      vertex 1.83036 -22.1273 -18
    endloop
  endfacet
  facet normal 0 0 1
    outer loop
      vertex 1.77472 -22.173 -18
      vertex 1.77472 -23.827 -18
      vertex 1.83036 -23.8727 -18
    endloop
  endfacet
  facet normal -0 0 1
    outer loop
      vertex 1.72218 -22.2222 -18
      vertex 1.77472 -23.827 -18
      vertex 1.77472 -22.173 -18
    endloop
  endfacet
  facet normal 0 0 1
    outer loop
      vertex 1.72218 -22.2222 -18
      vertex 1.72218 -23.7778 -18
      vertex 1.77472 -23.827 -18
    endloop
  endfacet
  facet normal -0 0 1
    outer loop
      vertex 1.67298 -22.2747 -18
      vertex 1.72218 -23.7778 -18
      vertex 1.72218 -22.2222 -18
    endloop
  endfacet
  facet normal 0 0 1
    outer loop
      vertex 1.67298 -22.2747 -18
      vertex 1.67298 -23.7253 -18
      vertex 1.72218 -23.7778 -18
    endloop
  endfacet
  facet normal -0 0 1
    outer loop
      vertex 1.62731 -22.3304 -18
      vertex 1.67298 -23.7253 -18
      vertex 1.67298 -22.2747 -18
    endloop
  endfacet
  facet normal 0 0 1
    outer loop
      vertex 1.62731 -22.3304 -18
      vertex 1.62731 -23.6696 -18
      vertex 1.67298 -23.7253 -18
    endloop
  endfacet
  facet normal -0 0 1
    outer loop
      vertex 1.58538 -22.3889 -18
      vertex 1.62731 -23.6696 -18
      vertex 1.62731 -22.3304 -18
    endloop
  endfacet
  facet normal 0 0 1
    outer loop
      vertex 1.58538 -22.3889 -18
      vertex 1.58538 -23.6111 -18
      vertex 1.62731 -23.6696 -18
    endloop
  endfacet
  facet normal -0 0 1
    outer loop
      vertex 1.54737 -22.45 -18
      vertex 1.58538 -23.6111 -18
      vertex 1.58538 -22.3889 -18
    endloop
  endfacet
  facet normal 0 0 1
    outer loop
      vertex 1.54737 -22.45 -18
      vertex 1.54737 -23.55 -18
      vertex 1.58538 -23.6111 -18
    endloop
  endfacet
  facet normal -0 0 1
    outer loop
      vertex 1.51344 -22.5135 -18
      vertex 1.54737 -23.55 -18
      vertex 1.54737 -22.45 -18
    endloop
  endfacet
  facet normal 0 0 1
    outer loop
      vertex 1.51344 -22.5135 -18
      vertex 1.51344 -23.4865 -18
      vertex 1.54737 -23.55 -18
    endloop
  endfacet
  facet normal -0 0 1
    outer loop
      vertex 1.48373 -22.579 -18
      vertex 1.51344 -23.4865 -18
      vertex 1.51344 -22.5135 -18
    endloop
  endfacet
  facet normal 0 0 1
    outer loop
      vertex 1.48373 -22.579 -18
      vertex 1.48373 -23.421 -18
      vertex 1.51344 -23.4865 -18
    endloop
  endfacet
  facet normal -0 0 1
    outer loop
      vertex 1.45838 -22.6464 -18
      vertex 1.48373 -23.421 -18
      vertex 1.48373 -22.579 -18
    endloop
  endfacet
  facet normal 0 0 1
    outer loop
      vertex 1.45838 -22.6464 -18
      vertex 1.45838 -23.3536 -18
      vertex 1.48373 -23.421 -18
    endloop
  endfacet
  facet normal -0 0 1
    outer loop
      vertex 1.43748 -22.7153 -18
      vertex 1.45838 -23.3536 -18
      vertex 1.45838 -22.6464 -18
    endloop
  endfacet
  facet normal 0 0 1
    outer loop
      vertex 1.43748 -22.7153 -18
      vertex 1.43748 -23.2847 -18
      vertex 1.45838 -23.3536 -18
    endloop
  endfacet
  facet normal -0 0 1
    outer loop
      vertex 1.42114 -22.7854 -18
      vertex 1.43748 -23.2847 -18
      vertex 1.43748 -22.7153 -18
    endloop
  endfacet
  facet normal 0 0 1
    outer loop
      vertex 1.42114 -22.7854 -18
      vertex 1.42114 -23.2146 -18
      vertex 1.43748 -23.2847 -18
    endloop
  endfacet
  facet normal -0 0 1
    outer loop
      vertex 1.40941 -22.8564 -18
      vertex 1.42114 -23.2146 -18
      vertex 1.42114 -22.7854 -18
    endloop
  endfacet
  facet normal 0 0 1
    outer loop
      vertex 1.40941 -22.8564 -18
      vertex 1.40941 -23.1436 -18
      vertex 1.42114 -23.2146 -18
    endloop
  endfacet
  facet normal -0 0 1
    outer loop
      vertex 1.40235 -22.9281 -18
      vertex 1.40941 -23.1436 -18
      vertex 1.40941 -22.8564 -18
    endloop
  endfacet
  facet normal 0 0 1
    outer loop
      vertex 1.40235 -22.9281 -18
      vertex 1.40235 -23.0719 -18
      vertex 1.40941 -23.1436 -18
    endloop
  endfacet
  facet normal 0 -0 1
    outer loop
      vertex 1.40235 -23.0719 -18
      vertex 1.40235 -22.9281 -18
      vertex 1.4 -23 -18
    endloop
  endfacet
  facet normal 0.412599 -0.910913 0
    outer loop
      vertex 2.92095 -24.0163 -22
      vertex 2.98652 -23.9866 -18
      vertex 2.92095 -24.0163 -18
    endloop
  endfacet
  facet normal 0.412599 -0.910913 0
    outer loop
      vertex 2.98652 -23.9866 -18
      vertex 2.92095 -24.0163 -22
      vertex 2.98652 -23.9866 -22
    endloop
  endfacet
  facet normal 0.849105 0.528224 0
    outer loop
      vertex 3.45263 -22.45 -18
      vertex 3.41462 -22.3889 -22
      vertex 3.41462 -22.3889 -18
    endloop
  endfacet
  facet normal 0.849105 0.528224 0
    outer loop
      vertex 3.41462 -22.3889 -22
      vertex 3.45263 -22.45 -18
      vertex 3.45263 -22.45 -22
    endloop
  endfacet
  facet normal 0.683525 -0.729927 0
    outer loop
      vertex 3.22528 -23.827 -22
      vertex 3.27782 -23.7778 -18
      vertex 3.22528 -23.827 -18
    endloop
  endfacet
  facet normal 0.683525 -0.729927 0
    outer loop
      vertex 3.27782 -23.7778 -18
      vertex 3.22528 -23.827 -22
      vertex 3.27782 -23.7778 -22
    endloop
  endfacet
  facet normal 0.472144 0.881521 -0
    outer loop
      vertex 3.05 -22.0474 -22
      vertex 2.98652 -22.0134 -18
      vertex 3.05 -22.0474 -18
    endloop
  endfacet
  facet normal 0.472144 0.881521 0
    outer loop
      vertex 2.98652 -22.0134 -18
      vertex 3.05 -22.0474 -22
      vertex 2.98652 -22.0134 -22
    endloop
  endfacet
  facet normal 0.2278 0.973708 -0
    outer loop
      vertex 2.7847 -21.9375 -22
      vertex 2.7146 -21.9211 -18
      vertex 2.7847 -21.9375 -18
    endloop
  endfacet
  facet normal 0.2278 0.973708 0
    outer loop
      vertex 2.7146 -21.9211 -18
      vertex 2.7847 -21.9375 -22
      vertex 2.7146 -21.9211 -22
    endloop
  endfacet
  facet normal 0.290354 -0.956919 0
    outer loop
      vertex 2.7847 -24.0625 -22
      vertex 2.85358 -24.0416 -18
      vertex 2.7847 -24.0625 -18
    endloop
  endfacet
  facet normal 0.290354 -0.956919 0
    outer loop
      vertex 2.85358 -24.0416 -18
      vertex 2.7847 -24.0625 -22
      vertex 2.85358 -24.0416 -22
    endloop
  endfacet
  facet normal -0.634704 -0.772755 0
    outer loop
      vertex 1.77472 -23.827 -22
      vertex 1.83036 -23.8727 -18
      vertex 1.77472 -23.827 -18
    endloop
  endfacet
  facet normal -0.634704 -0.772755 -0
    outer loop
      vertex 1.83036 -23.8727 -18
      vertex 1.77472 -23.827 -22
      vertex 1.83036 -23.8727 -22
    endloop
  endfacet
  facet normal 0.910695 -0.41308 0
    outer loop
      vertex 3.48656 -23.4865 -18
      vertex 3.51627 -23.421 -22
      vertex 3.51627 -23.421 -18
    endloop
  endfacet
  facet normal 0.910695 -0.41308 0
    outer loop
      vertex 3.51627 -23.421 -22
      vertex 3.48656 -23.4865 -18
      vertex 3.48656 -23.4865 -22
    endloop
  endfacet
  facet normal 0.986626 -0.163002 0
    outer loop
      vertex 3.57886 -23.2146 -18
      vertex 3.59059 -23.1436 -22
      vertex 3.59059 -23.1436 -18
    endloop
  endfacet
  facet normal 0.986626 -0.163002 0
    outer loop
      vertex 3.59059 -23.1436 -22
      vertex 3.57886 -23.2146 -18
      vertex 3.57886 -23.2146 -22
    endloop
  endfacet
  facet normal -0.995187 -0.0979919 0
    outer loop
      vertex 1.40941 -23.1436 -22
      vertex 1.40235 -23.0719 -18
      vertex 1.40235 -23.0719 -22
    endloop
  endfacet
  facet normal -0.995187 -0.0979919 0
    outer loop
      vertex 1.40235 -23.0719 -18
      vertex 1.40941 -23.1436 -22
      vertex 1.40941 -23.1436 -18
    endloop
  endfacet
  facet normal 0.0972476 0.99526 -0
    outer loop
      vertex 2.64358 -21.9094 -22
      vertex 2.57194 -21.9024 -18
      vertex 2.64358 -21.9094 -18
    endloop
  endfacet
  facet normal 0.0972476 0.99526 0
    outer loop
      vertex 2.57194 -21.9024 -18
      vertex 2.64358 -21.9094 -22
      vertex 2.57194 -21.9024 -22
    endloop
  endfacet
  facet normal 0.956943 0.290277 0
    outer loop
      vertex 3.56252 -22.7153 -18
      vertex 3.54162 -22.6464 -22
      vertex 3.54162 -22.6464 -18
    endloop
  endfacet
  facet normal 0.956943 0.290277 0
    outer loop
      vertex 3.54162 -22.6464 -22
      vertex 3.56252 -22.7153 -18
      vertex 3.56252 -22.7153 -22
    endloop
  endfacet
  facet normal 0.290354 0.956919 -0
    outer loop
      vertex 2.85358 -21.9584 -22
      vertex 2.7847 -21.9375 -18
      vertex 2.85358 -21.9584 -18
    endloop
  endfacet
  facet normal 0.290354 0.956919 0
    outer loop
      vertex 2.7847 -21.9375 -18
      vertex 2.85358 -21.9584 -22
      vertex 2.7847 -21.9375 -22
    endloop
  endfacet
  facet normal -0.999466 0.0326668 0
    outer loop
      vertex 1.4 -23 -22
      vertex 1.40235 -22.9281 -18
      vertex 1.40235 -22.9281 -22
    endloop
  endfacet
  facet normal -0.999466 0.0326668 0
    outer loop
      vertex 1.40235 -22.9281 -18
      vertex 1.4 -23 -22
      vertex 1.4 -23 -18
    endloop
  endfacet
  facet normal -0.2278 -0.973708 0
    outer loop
      vertex 2.2153 -24.0625 -22
      vertex 2.2854 -24.0789 -18
      vertex 2.2153 -24.0625 -18
    endloop
  endfacet
  facet normal -0.2278 -0.973708 -0
    outer loop
      vertex 2.2854 -24.0789 -18
      vertex 2.2153 -24.0625 -22
      vertex 2.2854 -24.0789 -22
    endloop
  endfacet
  facet normal 0.812784 -0.582565 0
    outer loop
      vertex 3.37269 -23.6696 -18
      vertex 3.41462 -23.6111 -22
      vertex 3.41462 -23.6111 -18
    endloop
  endfacet
  facet normal 0.812784 -0.582565 0
    outer loop
      vertex 3.41462 -23.6111 -22
      vertex 3.37269 -23.6696 -18
      vertex 3.37269 -23.6696 -22
    endloop
  endfacet
  facet normal -0.999466 -0.0326668 0
    outer loop
      vertex 1.40235 -23.0719 -22
      vertex 1.4 -23 -18
      vertex 1.4 -23 -22
    endloop
  endfacet
  facet normal -0.999466 -0.0326668 0
    outer loop
      vertex 1.4 -23 -18
      vertex 1.40235 -23.0719 -22
      vertex 1.40235 -23.0719 -18
    endloop
  endfacet
  facet normal -0.910695 -0.41308 0
    outer loop
      vertex 1.51344 -23.4865 -22
      vertex 1.48373 -23.421 -18
      vertex 1.48373 -23.421 -22
    endloop
  endfacet
  facet normal -0.910695 -0.41308 0
    outer loop
      vertex 1.48373 -23.421 -18
      vertex 1.51344 -23.4865 -22
      vertex 1.51344 -23.4865 -18
    endloop
  endfacet
  facet normal 0.582224 0.813029 -0
    outer loop
      vertex 3.16964 -22.1273 -22
      vertex 3.11113 -22.0854 -18
      vertex 3.16964 -22.1273 -18
    endloop
  endfacet
  facet normal 0.582224 0.813029 0
    outer loop
      vertex 3.11113 -22.0854 -18
      vertex 3.16964 -22.1273 -22
      vertex 3.11113 -22.0854 -22
    endloop
  endfacet
  facet normal -0.812784 0.582565 0
    outer loop
      vertex 1.58538 -22.3889 -22
      vertex 1.62731 -22.3304 -18
      vertex 1.62731 -22.3304 -22
    endloop
  endfacet
  facet normal -0.812784 0.582565 0
    outer loop
      vertex 1.62731 -22.3304 -18
      vertex 1.58538 -22.3889 -22
      vertex 1.58538 -22.3889 -18
    endloop
  endfacet
  facet normal -0.773295 -0.634046 0
    outer loop
      vertex 1.67298 -23.7253 -22
      vertex 1.62731 -23.6696 -18
      vertex 1.62731 -23.6696 -22
    endloop
  endfacet
  facet normal -0.773295 -0.634046 0
    outer loop
      vertex 1.62731 -23.6696 -18
      vertex 1.67298 -23.7253 -22
      vertex 1.67298 -23.7253 -18
    endloop
  endfacet
  facet normal -0.0972476 -0.99526 0
    outer loop
      vertex 2.35642 -24.0906 -22
      vertex 2.42806 -24.0976 -18
      vertex 2.35642 -24.0906 -18
    endloop
  endfacet
  facet normal -0.0972476 -0.99526 -0
    outer loop
      vertex 2.42806 -24.0976 -18
      vertex 2.35642 -24.0906 -22
      vertex 2.42806 -24.0976 -22
    endloop
  endfacet
  facet normal 0.973892 -0.22701 0
    outer loop
      vertex 3.56252 -23.2847 -18
      vertex 3.57886 -23.2146 -22
      vertex 3.57886 -23.2146 -18
    endloop
  endfacet
  facet normal 0.973892 -0.22701 0
    outer loop
      vertex 3.57886 -23.2146 -22
      vertex 3.56252 -23.2847 -18
      vertex 3.56252 -23.2847 -22
    endloop
  endfacet
  facet normal 0.162551 0.9867 -0
    outer loop
      vertex 2.7146 -21.9211 -22
      vertex 2.64358 -21.9094 -18
      vertex 2.7146 -21.9211 -18
    endloop
  endfacet
  facet normal 0.162551 0.9867 0
    outer loop
      vertex 2.64358 -21.9094 -18
      vertex 2.7146 -21.9211 -22
      vertex 2.64358 -21.9094 -22
    endloop
  endfacet
  facet normal 0.2278 -0.973708 0
    outer loop
      vertex 2.7146 -24.0789 -22
      vertex 2.7847 -24.0625 -18
      vertex 2.7146 -24.0789 -18
    endloop
  endfacet
  facet normal 0.2278 -0.973708 0
    outer loop
      vertex 2.7847 -24.0625 -18
      vertex 2.7146 -24.0789 -22
      vertex 2.7847 -24.0625 -22
    endloop
  endfacet
  facet normal 0.729667 0.683802 0
    outer loop
      vertex 3.32702 -22.2747 -18
      vertex 3.27782 -22.2222 -22
      vertex 3.27782 -22.2222 -18
    endloop
  endfacet
  facet normal 0.729667 0.683802 0
    outer loop
      vertex 3.27782 -22.2222 -22
      vertex 3.32702 -22.2747 -18
      vertex 3.32702 -22.2747 -22
    endloop
  endfacet
  facet normal 0.995201 -0.0978545 0
    outer loop
      vertex 3.59059 -23.1436 -18
      vertex 3.59764 -23.0719 -22
      vertex 3.59764 -23.0719 -18
    endloop
  endfacet
  facet normal 0.995201 -0.0978545 0
    outer loop
      vertex 3.59764 -23.0719 -22
      vertex 3.59059 -23.1436 -18
      vertex 3.59059 -23.1436 -22
    endloop
  endfacet
  facet normal 0.683525 0.729927 -0
    outer loop
      vertex 3.27782 -22.2222 -22
      vertex 3.22528 -22.173 -18
      vertex 3.27782 -22.2222 -18
    endloop
  endfacet
  facet normal 0.683525 0.729927 0
    outer loop
      vertex 3.22528 -22.173 -18
      vertex 3.27782 -22.2222 -22
      vertex 3.22528 -22.173 -22
    endloop
  endfacet
  facet normal 0.527937 0.849284 -0
    outer loop
      vertex 3.11113 -22.0854 -22
      vertex 3.05 -22.0474 -18
      vertex 3.11113 -22.0854 -18
    endloop
  endfacet
  facet normal 0.527937 0.849284 0
    outer loop
      vertex 3.05 -22.0474 -18
      vertex 3.11113 -22.0854 -22
      vertex 3.05 -22.0474 -22
    endloop
  endfacet
  facet normal -0.773295 0.634046 0
    outer loop
      vertex 1.62731 -22.3304 -22
      vertex 1.67298 -22.2747 -18
      vertex 1.67298 -22.2747 -22
    endloop
  endfacet
  facet normal -0.773295 0.634046 0
    outer loop
      vertex 1.67298 -22.2747 -18
      vertex 1.62731 -22.3304 -22
      vertex 1.62731 -22.3304 -18
    endloop
  endfacet
  facet normal -0.0333426 -0.999444 0
    outer loop
      vertex 2.42806 -24.0976 -22
      vertex 2.5 -24.1 -18
      vertex 2.42806 -24.0976 -18
    endloop
  endfacet
  facet normal -0.0333426 -0.999444 -0
    outer loop
      vertex 2.5 -24.1 -18
      vertex 2.42806 -24.0976 -22
      vertex 2.5 -24.1 -22
    endloop
  endfacet
  facet normal 0.351565 -0.936163 0
    outer loop
      vertex 2.85358 -24.0416 -22
      vertex 2.92095 -24.0163 -18
      vertex 2.85358 -24.0416 -18
    endloop
  endfacet
  facet normal 0.351565 -0.936163 0
    outer loop
      vertex 2.92095 -24.0163 -18
      vertex 2.85358 -24.0416 -22
      vertex 2.92095 -24.0163 -22
    endloop
  endfacet
  facet normal -0.683525 -0.729927 0
    outer loop
      vertex 1.72218 -23.7778 -22
      vertex 1.77472 -23.827 -18
      vertex 1.72218 -23.7778 -18
    endloop
  endfacet
  facet normal -0.683525 -0.729927 -0
    outer loop
      vertex 1.77472 -23.827 -18
      vertex 1.72218 -23.7778 -22
      vertex 1.77472 -23.827 -22
    endloop
  endfacet
  facet normal -0.351565 0.936163 0
    outer loop
      vertex 2.14642 -21.9584 -22
      vertex 2.07905 -21.9837 -18
      vertex 2.14642 -21.9584 -18
    endloop
  endfacet
  facet normal -0.351565 0.936163 0
    outer loop
      vertex 2.07905 -21.9837 -18
      vertex 2.14642 -21.9584 -22
      vertex 2.07905 -21.9837 -22
    endloop
  endfacet
  facet normal 0.881987 0.471273 0
    outer loop
      vertex 3.48656 -22.5135 -18
      vertex 3.45263 -22.45 -22
      vertex 3.45263 -22.45 -18
    endloop
  endfacet
  facet normal 0.881987 0.471273 0
    outer loop
      vertex 3.45263 -22.45 -22
      vertex 3.48656 -22.5135 -18
      vertex 3.48656 -22.5135 -22
    endloop
  endfacet
  facet normal -0.351565 -0.936163 0
    outer loop
      vertex 2.07905 -24.0163 -22
      vertex 2.14642 -24.0416 -18
      vertex 2.07905 -24.0163 -18
    endloop
  endfacet
  facet normal -0.351565 -0.936163 -0
    outer loop
      vertex 2.14642 -24.0416 -18
      vertex 2.07905 -24.0163 -22
      vertex 2.14642 -24.0416 -22
    endloop
  endfacet
  facet normal -0.935986 -0.352036 0
    outer loop
      vertex 1.48373 -23.421 -22
      vertex 1.45838 -23.3536 -18
      vertex 1.45838 -23.3536 -22
    endloop
  endfacet
  facet normal -0.935986 -0.352036 0
    outer loop
      vertex 1.45838 -23.3536 -18
      vertex 1.48373 -23.421 -22
      vertex 1.48373 -23.421 -18
    endloop
  endfacet
  facet normal -0.0972476 0.99526 0
    outer loop
      vertex 2.42806 -21.9024 -22
      vertex 2.35642 -21.9094 -18
      vertex 2.42806 -21.9024 -18
    endloop
  endfacet
  facet normal -0.0972476 0.99526 0
    outer loop
      vertex 2.35642 -21.9094 -18
      vertex 2.42806 -21.9024 -22
      vertex 2.35642 -21.9094 -22
    endloop
  endfacet
  facet normal -0.881987 -0.471273 0
    outer loop
      vertex 1.54737 -23.55 -22
      vertex 1.51344 -23.4865 -18
      vertex 1.51344 -23.4865 -22
    endloop
  endfacet
  facet normal -0.881987 -0.471273 0
    outer loop
      vertex 1.51344 -23.4865 -18
      vertex 1.54737 -23.55 -22
      vertex 1.54737 -23.55 -18
    endloop
  endfacet
  facet normal -0.986626 0.163002 0
    outer loop
      vertex 1.40941 -22.8564 -22
      vertex 1.42114 -22.7854 -18
      vertex 1.42114 -22.7854 -22
    endloop
  endfacet
  facet normal -0.986626 0.163002 0
    outer loop
      vertex 1.42114 -22.7854 -18
      vertex 1.40941 -22.8564 -22
      vertex 1.40941 -22.8564 -18
    endloop
  endfacet
  facet normal 0.634704 -0.772755 0
    outer loop
      vertex 3.16964 -23.8727 -22
      vertex 3.22528 -23.827 -18
      vertex 3.16964 -23.8727 -18
    endloop
  endfacet
  facet normal 0.634704 -0.772755 0
    outer loop
      vertex 3.22528 -23.827 -18
      vertex 3.16964 -23.8727 -22
      vertex 3.22528 -23.827 -22
    endloop
  endfacet
  facet normal -0.973892 -0.22701 0
    outer loop
      vertex 1.43748 -23.2847 -22
      vertex 1.42114 -23.2146 -18
      vertex 1.42114 -23.2146 -22
    endloop
  endfacet
  facet normal -0.973892 -0.22701 0
    outer loop
      vertex 1.42114 -23.2146 -18
      vertex 1.43748 -23.2847 -22
      vertex 1.43748 -23.2847 -18
    endloop
  endfacet
  facet normal -0.729667 0.683802 0
    outer loop
      vertex 1.67298 -22.2747 -22
      vertex 1.72218 -22.2222 -18
      vertex 1.72218 -22.2222 -22
    endloop
  endfacet
  facet normal -0.729667 0.683802 0
    outer loop
      vertex 1.72218 -22.2222 -18
      vertex 1.67298 -22.2747 -22
      vertex 1.67298 -22.2747 -18
    endloop
  endfacet
  facet normal -0.995187 0.0979919 0
    outer loop
      vertex 1.40235 -22.9281 -22
      vertex 1.40941 -22.8564 -18
      vertex 1.40941 -22.8564 -22
    endloop
  endfacet
  facet normal -0.995187 0.0979919 0
    outer loop
      vertex 1.40941 -22.8564 -18
      vertex 1.40235 -22.9281 -22
      vertex 1.40235 -22.9281 -18
    endloop
  endfacet
  facet normal 0.881987 -0.471273 0
    outer loop
      vertex 3.45263 -23.55 -18
      vertex 3.48656 -23.4865 -22
      vertex 3.48656 -23.4865 -18
    endloop
  endfacet
  facet normal 0.881987 -0.471273 0
    outer loop
      vertex 3.48656 -23.4865 -22
      vertex 3.45263 -23.55 -18
      vertex 3.45263 -23.55 -22
    endloop
  endfacet
  facet normal -0.582224 -0.813029 0
    outer loop
      vertex 1.83036 -23.8727 -22
      vertex 1.88887 -23.9146 -18
      vertex 1.83036 -23.8727 -18
    endloop
  endfacet
  facet normal -0.582224 -0.813029 -0
    outer loop
      vertex 1.88887 -23.9146 -18
      vertex 1.83036 -23.8727 -22
      vertex 1.88887 -23.9146 -22
    endloop
  endfacet
  facet normal -0.849105 0.528224 0
    outer loop
      vertex 1.54737 -22.45 -22
      vertex 1.58538 -22.3889 -18
      vertex 1.58538 -22.3889 -22
    endloop
  endfacet
  facet normal -0.849105 0.528224 0
    outer loop
      vertex 1.58538 -22.3889 -18
      vertex 1.54737 -22.45 -22
      vertex 1.54737 -22.45 -18
    endloop
  endfacet
  facet normal -0.812784 -0.582565 0
    outer loop
      vertex 1.62731 -23.6696 -22
      vertex 1.58538 -23.6111 -18
      vertex 1.58538 -23.6111 -22
    endloop
  endfacet
  facet normal -0.812784 -0.582565 0
    outer loop
      vertex 1.58538 -23.6111 -18
      vertex 1.62731 -23.6696 -22
      vertex 1.62731 -23.6696 -18
    endloop
  endfacet
  facet normal -0.986626 -0.163002 0
    outer loop
      vertex 1.42114 -23.2146 -22
      vertex 1.40941 -23.1436 -18
      vertex 1.40941 -23.1436 -22
    endloop
  endfacet
  facet normal -0.986626 -0.163002 0
    outer loop
      vertex 1.40941 -23.1436 -18
      vertex 1.42114 -23.2146 -22
      vertex 1.42114 -23.2146 -18
    endloop
  endfacet
  facet normal 0.910695 0.41308 0
    outer loop
      vertex 3.51627 -22.579 -18
      vertex 3.48656 -22.5135 -22
      vertex 3.48656 -22.5135 -18
    endloop
  endfacet
  facet normal 0.910695 0.41308 0
    outer loop
      vertex 3.48656 -22.5135 -22
      vertex 3.51627 -22.579 -18
      vertex 3.51627 -22.579 -22
    endloop
  endfacet
  facet normal -0.729667 -0.683802 0
    outer loop
      vertex 1.72218 -23.7778 -22
      vertex 1.67298 -23.7253 -18
      vertex 1.67298 -23.7253 -22
    endloop
  endfacet
  facet normal -0.729667 -0.683802 0
    outer loop
      vertex 1.67298 -23.7253 -18
      vertex 1.72218 -23.7778 -22
      vertex 1.72218 -23.7778 -18
    endloop
  endfacet
  facet normal 0.935986 -0.352036 0
    outer loop
      vertex 3.51627 -23.421 -18
      vertex 3.54162 -23.3536 -22
      vertex 3.54162 -23.3536 -18
    endloop
  endfacet
  facet normal 0.935986 -0.352036 0
    outer loop
      vertex 3.54162 -23.3536 -22
      vertex 3.51627 -23.421 -18
      vertex 3.51627 -23.421 -22
    endloop
  endfacet
  facet normal -0.527937 -0.849284 0
    outer loop
      vertex 1.88887 -23.9146 -22
      vertex 1.95 -23.9526 -18
      vertex 1.88887 -23.9146 -18
    endloop
  endfacet
  facet normal -0.527937 -0.849284 -0
    outer loop
      vertex 1.95 -23.9526 -18
      vertex 1.88887 -23.9146 -22
      vertex 1.95 -23.9526 -22
    endloop
  endfacet
  facet normal -0.956943 -0.290277 0
    outer loop
      vertex 1.45838 -23.3536 -22
      vertex 1.43748 -23.2847 -18
      vertex 1.43748 -23.2847 -22
    endloop
  endfacet
  facet normal -0.956943 -0.290277 0
    outer loop
      vertex 1.43748 -23.2847 -18
      vertex 1.45838 -23.3536 -22
      vertex 1.45838 -23.3536 -18
    endloop
  endfacet
  facet normal -0.849105 -0.528224 0
    outer loop
      vertex 1.58538 -23.6111 -22
      vertex 1.54737 -23.55 -18
      vertex 1.54737 -23.55 -22
    endloop
  endfacet
  facet normal -0.849105 -0.528224 0
    outer loop
      vertex 1.54737 -23.55 -18
      vertex 1.58538 -23.6111 -22
      vertex 1.58538 -23.6111 -18
    endloop
  endfacet
  facet normal -0.935986 0.352036 0
    outer loop
      vertex 1.45838 -22.6464 -22
      vertex 1.48373 -22.579 -18
      vertex 1.48373 -22.579 -22
    endloop
  endfacet
  facet normal -0.935986 0.352036 0
    outer loop
      vertex 1.48373 -22.579 -18
      vertex 1.45838 -22.6464 -22
      vertex 1.45838 -22.6464 -18
    endloop
  endfacet
  facet normal -0.973892 0.22701 0
    outer loop
      vertex 1.42114 -22.7854 -22
      vertex 1.43748 -22.7153 -18
      vertex 1.43748 -22.7153 -22
    endloop
  endfacet
  facet normal -0.973892 0.22701 0
    outer loop
      vertex 1.43748 -22.7153 -18
      vertex 1.42114 -22.7854 -22
      vertex 1.42114 -22.7854 -18
    endloop
  endfacet
  facet normal -0.881987 0.471273 0
    outer loop
      vertex 1.51344 -22.5135 -22
      vertex 1.54737 -22.45 -18
      vertex 1.54737 -22.45 -22
    endloop
  endfacet
  facet normal -0.881987 0.471273 0
    outer loop
      vertex 1.54737 -22.45 -18
      vertex 1.51344 -22.5135 -22
      vertex 1.51344 -22.5135 -18
    endloop
  endfacet
  facet normal -0.910695 0.41308 0
    outer loop
      vertex 1.48373 -22.579 -22
      vertex 1.51344 -22.5135 -18
      vertex 1.51344 -22.5135 -22
    endloop
  endfacet
  facet normal -0.910695 0.41308 0
    outer loop
      vertex 1.51344 -22.5135 -18
      vertex 1.48373 -22.579 -22
      vertex 1.48373 -22.579 -18
    endloop
  endfacet
  facet normal 0 0 -1
    outer loop
      vertex 3.59764 -23.0719 -22
      vertex 3.59764 -22.9281 -22
      vertex 3.6 -23 -22
    endloop
  endfacet
  facet normal 0 0 -1
    outer loop
      vertex 3.59059 -23.1436 -22
      vertex 3.59764 -22.9281 -22
      vertex 3.59764 -23.0719 -22
    endloop
  endfacet
  facet normal 0 0 -1
    outer loop
      vertex 3.59059 -23.1436 -22
      vertex 3.59059 -22.8564 -22
      vertex 3.59764 -22.9281 -22
    endloop
  endfacet
  facet normal 0 0 -1
    outer loop
      vertex 3.57886 -23.2146 -22
      vertex 3.59059 -22.8564 -22
      vertex 3.59059 -23.1436 -22
    endloop
  endfacet
  facet normal 0 0 -1
    outer loop
      vertex 3.57886 -23.2146 -22
      vertex 3.57886 -22.7854 -22
      vertex 3.59059 -22.8564 -22
    endloop
  endfacet
  facet normal 0 0 -1
    outer loop
      vertex 3.56252 -23.2847 -22
      vertex 3.57886 -22.7854 -22
      vertex 3.57886 -23.2146 -22
    endloop
  endfacet
  facet normal 0 0 -1
    outer loop
      vertex 3.56252 -23.2847 -22
      vertex 3.56252 -22.7153 -22
      vertex 3.57886 -22.7854 -22
    endloop
  endfacet
  facet normal 0 0 -1
    outer loop
      vertex 3.54162 -23.3536 -22
      vertex 3.56252 -22.7153 -22
      vertex 3.56252 -23.2847 -22
    endloop
  endfacet
  facet normal 0 0 -1
    outer loop
      vertex 3.54162 -23.3536 -22
      vertex 3.54162 -22.6464 -22
      vertex 3.56252 -22.7153 -22
    endloop
  endfacet
  facet normal 0 0 -1
    outer loop
      vertex 3.51627 -23.421 -22
      vertex 3.54162 -22.6464 -22
      vertex 3.54162 -23.3536 -22
    endloop
  endfacet
  facet normal 0 0 -1
    outer loop
      vertex 3.51627 -23.421 -22
      vertex 3.51627 -22.579 -22
      vertex 3.54162 -22.6464 -22
    endloop
  endfacet
  facet normal 0 0 -1
    outer loop
      vertex 3.48656 -23.4865 -22
      vertex 3.51627 -22.579 -22
      vertex 3.51627 -23.421 -22
    endloop
  endfacet
  facet normal 0 0 -1
    outer loop
      vertex 3.48656 -23.4865 -22
      vertex 3.48656 -22.5135 -22
      vertex 3.51627 -22.579 -22
    endloop
  endfacet
  facet normal 0 0 -1
    outer loop
      vertex 3.45263 -23.55 -22
      vertex 3.48656 -22.5135 -22
      vertex 3.48656 -23.4865 -22
    endloop
  endfacet
  facet normal 0 0 -1
    outer loop
      vertex 3.45263 -23.55 -22
      vertex 3.45263 -22.45 -22
      vertex 3.48656 -22.5135 -22
    endloop
  endfacet
  facet normal 0 0 -1
    outer loop
      vertex 3.41462 -23.6111 -22
      vertex 3.45263 -22.45 -22
      vertex 3.45263 -23.55 -22
    endloop
  endfacet
  facet normal 0 0 -1
    outer loop
      vertex 3.41462 -23.6111 -22
      vertex 3.41462 -22.3889 -22
      vertex 3.45263 -22.45 -22
    endloop
  endfacet
  facet normal 0 0 -1
    outer loop
      vertex 3.37269 -23.6696 -22
      vertex 3.41462 -22.3889 -22
      vertex 3.41462 -23.6111 -22
    endloop
  endfacet
  facet normal 0 0 -1
    outer loop
      vertex 3.37269 -23.6696 -22
      vertex 3.37269 -22.3304 -22
      vertex 3.41462 -22.3889 -22
    endloop
  endfacet
  facet normal 0 0 -1
    outer loop
      vertex 3.32702 -23.7253 -22
      vertex 3.37269 -22.3304 -22
      vertex 3.37269 -23.6696 -22
    endloop
  endfacet
  facet normal 0 0 -1
    outer loop
      vertex 3.32702 -23.7253 -22
      vertex 3.32702 -22.2747 -22
      vertex 3.37269 -22.3304 -22
    endloop
  endfacet
  facet normal 0 0 -1
    outer loop
      vertex 3.27782 -23.7778 -22
      vertex 3.32702 -22.2747 -22
      vertex 3.32702 -23.7253 -22
    endloop
  endfacet
  facet normal 0 0 -1
    outer loop
      vertex 3.27782 -23.7778 -22
      vertex 3.27782 -22.2222 -22
      vertex 3.32702 -22.2747 -22
    endloop
  endfacet
  facet normal 0 0 -1
    outer loop
      vertex 3.22528 -23.827 -22
      vertex 3.27782 -22.2222 -22
      vertex 3.27782 -23.7778 -22
    endloop
  endfacet
  facet normal 0 0 -1
    outer loop
      vertex 3.22528 -23.827 -22
      vertex 3.22528 -22.173 -22
      vertex 3.27782 -22.2222 -22
    endloop
  endfacet
  facet normal 0 0 -1
    outer loop
      vertex 3.16964 -23.8727 -22
      vertex 3.22528 -22.173 -22
      vertex 3.22528 -23.827 -22
    endloop
  endfacet
  facet normal 0 0 -1
    outer loop
      vertex 3.16964 -23.8727 -22
      vertex 3.16964 -22.1273 -22
      vertex 3.22528 -22.173 -22
    endloop
  endfacet
  facet normal 0 0 -1
    outer loop
      vertex 3.11113 -23.9146 -22
      vertex 3.16964 -22.1273 -22
      vertex 3.16964 -23.8727 -22
    endloop
  endfacet
  facet normal 0 0 -1
    outer loop
      vertex 3.11113 -23.9146 -22
      vertex 3.11113 -22.0854 -22
      vertex 3.16964 -22.1273 -22
    endloop
  endfacet
  facet normal 0 0 -1
    outer loop
      vertex 3.05 -23.9526 -22
      vertex 3.11113 -22.0854 -22
      vertex 3.11113 -23.9146 -22
    endloop
  endfacet
  facet normal 0 0 -1
    outer loop
      vertex 3.05 -23.9526 -22
      vertex 3.05 -22.0474 -22
      vertex 3.11113 -22.0854 -22
    endloop
  endfacet
  facet normal 0 0 -1
    outer loop
      vertex 2.98652 -23.9866 -22
      vertex 3.05 -22.0474 -22
      vertex 3.05 -23.9526 -22
    endloop
  endfacet
  facet normal 0 0 -1
    outer loop
      vertex 2.98652 -23.9866 -22
      vertex 2.98652 -22.0134 -22
      vertex 3.05 -22.0474 -22
    endloop
  endfacet
  facet normal 0 0 -1
    outer loop
      vertex 2.92095 -24.0163 -22
      vertex 2.98652 -22.0134 -22
      vertex 2.98652 -23.9866 -22
    endloop
  endfacet
  facet normal 0 0 -1
    outer loop
      vertex 2.92095 -24.0163 -22
      vertex 2.92095 -21.9837 -22
      vertex 2.98652 -22.0134 -22
    endloop
  endfacet
  facet normal 0 0 -1
    outer loop
      vertex 2.85358 -24.0416 -22
      vertex 2.92095 -21.9837 -22
      vertex 2.92095 -24.0163 -22
    endloop
  endfacet
  facet normal 0 0 -1
    outer loop
      vertex 2.85358 -24.0416 -22
      vertex 2.85358 -21.9584 -22
      vertex 2.92095 -21.9837 -22
    endloop
  endfacet
  facet normal 0 0 -1
    outer loop
      vertex 2.7847 -24.0625 -22
      vertex 2.85358 -21.9584 -22
      vertex 2.85358 -24.0416 -22
    endloop
  endfacet
  facet normal 0 0 -1
    outer loop
      vertex 2.7847 -24.0625 -22
      vertex 2.7847 -21.9375 -22
      vertex 2.85358 -21.9584 -22
    endloop
  endfacet
  facet normal 0 0 -1
    outer loop
      vertex 2.7146 -24.0789 -22
      vertex 2.7847 -21.9375 -22
      vertex 2.7847 -24.0625 -22
    endloop
  endfacet
  facet normal 0 0 -1
    outer loop
      vertex 2.7146 -24.0789 -22
      vertex 2.7146 -21.9211 -22
      vertex 2.7847 -21.9375 -22
    endloop
  endfacet
  facet normal 0 0 -1
    outer loop
      vertex 2.64358 -24.0906 -22
      vertex 2.7146 -21.9211 -22
      vertex 2.7146 -24.0789 -22
    endloop
  endfacet
  facet normal 0 0 -1
    outer loop
      vertex 2.64358 -24.0906 -22
      vertex 2.64358 -21.9094 -22
      vertex 2.7146 -21.9211 -22
    endloop
  endfacet
  facet normal 0 0 -1
    outer loop
      vertex 2.57194 -24.0976 -22
      vertex 2.64358 -21.9094 -22
      vertex 2.64358 -24.0906 -22
    endloop
  endfacet
  facet normal 0 0 -1
    outer loop
      vertex 2.57194 -24.0976 -22
      vertex 2.57194 -21.9024 -22
      vertex 2.64358 -21.9094 -22
    endloop
  endfacet
  facet normal 0 0 -1
    outer loop
      vertex 2.5 -24.1 -22
      vertex 2.57194 -21.9024 -22
      vertex 2.57194 -24.0976 -22
    endloop
  endfacet
  facet normal 0 0 -1
    outer loop
      vertex 2.5 -24.1 -22
      vertex 2.5 -21.9 -22
      vertex 2.57194 -21.9024 -22
    endloop
  endfacet
  facet normal 0 0 -1
    outer loop
      vertex 2.42806 -24.0976 -22
      vertex 2.5 -21.9 -22
      vertex 2.5 -24.1 -22
    endloop
  endfacet
  facet normal 0 0 -1
    outer loop
      vertex 2.42806 -24.0976 -22
      vertex 2.42806 -21.9024 -22
      vertex 2.5 -21.9 -22
    endloop
  endfacet
  facet normal 0 0 -1
    outer loop
      vertex 2.35642 -24.0906 -22
      vertex 2.42806 -21.9024 -22
      vertex 2.42806 -24.0976 -22
    endloop
  endfacet
  facet normal 0 0 -1
    outer loop
      vertex 2.35642 -24.0906 -22
      vertex 2.35642 -21.9094 -22
      vertex 2.42806 -21.9024 -22
    endloop
  endfacet
  facet normal 0 0 -1
    outer loop
      vertex 2.2854 -24.0789 -22
      vertex 2.35642 -21.9094 -22
      vertex 2.35642 -24.0906 -22
    endloop
  endfacet
  facet normal 0 0 -1
    outer loop
      vertex 2.2854 -24.0789 -22
      vertex 2.2854 -21.9211 -22
      vertex 2.35642 -21.9094 -22
    endloop
  endfacet
  facet normal 0 0 -1
    outer loop
      vertex 2.2153 -24.0625 -22
      vertex 2.2854 -21.9211 -22
      vertex 2.2854 -24.0789 -22
    endloop
  endfacet
  facet normal 0 0 -1
    outer loop
      vertex 2.2153 -24.0625 -22
      vertex 2.2153 -21.9375 -22
      vertex 2.2854 -21.9211 -22
    endloop
  endfacet
  facet normal 0 0 -1
    outer loop
      vertex 2.14642 -24.0416 -22
      vertex 2.2153 -21.9375 -22
      vertex 2.2153 -24.0625 -22
    endloop
  endfacet
  facet normal 0 0 -1
    outer loop
      vertex 2.14642 -24.0416 -22
      vertex 2.14642 -21.9584 -22
      vertex 2.2153 -21.9375 -22
    endloop
  endfacet
  facet normal 0 0 -1
    outer loop
      vertex 2.07905 -24.0163 -22
      vertex 2.14642 -21.9584 -22
      vertex 2.14642 -24.0416 -22
    endloop
  endfacet
  facet normal 0 0 -1
    outer loop
      vertex 2.07905 -24.0163 -22
      vertex 2.07905 -21.9837 -22
      vertex 2.14642 -21.9584 -22
    endloop
  endfacet
  facet normal 0 0 -1
    outer loop
      vertex 2.01348 -23.9866 -22
      vertex 2.07905 -21.9837 -22
      vertex 2.07905 -24.0163 -22
    endloop
  endfacet
  facet normal 0 0 -1
    outer loop
      vertex 2.01348 -23.9866 -22
      vertex 2.01348 -22.0134 -22
      vertex 2.07905 -21.9837 -22
    endloop
  endfacet
  facet normal 0 0 -1
    outer loop
      vertex 1.95 -23.9526 -22
      vertex 2.01348 -22.0134 -22
      vertex 2.01348 -23.9866 -22
    endloop
  endfacet
  facet normal 0 0 -1
    outer loop
      vertex 1.95 -23.9526 -22
      vertex 1.95 -22.0474 -22
      vertex 2.01348 -22.0134 -22
    endloop
  endfacet
  facet normal 0 0 -1
    outer loop
      vertex 1.88887 -23.9146 -22
      vertex 1.95 -22.0474 -22
      vertex 1.95 -23.9526 -22
    endloop
  endfacet
  facet normal 0 0 -1
    outer loop
      vertex 1.88887 -23.9146 -22
      vertex 1.88887 -22.0854 -22
      vertex 1.95 -22.0474 -22
    endloop
  endfacet
  facet normal 0 0 -1
    outer loop
      vertex 1.83036 -23.8727 -22
      vertex 1.88887 -22.0854 -22
      vertex 1.88887 -23.9146 -22
    endloop
  endfacet
  facet normal 0 0 -1
    outer loop
      vertex 1.83036 -23.8727 -22
      vertex 1.83036 -22.1273 -22
      vertex 1.88887 -22.0854 -22
    endloop
  endfacet
  facet normal 0 0 -1
    outer loop
      vertex 1.77472 -23.827 -22
      vertex 1.83036 -22.1273 -22
      vertex 1.83036 -23.8727 -22
    endloop
  endfacet
  facet normal 0 0 -1
    outer loop
      vertex 1.77472 -23.827 -22
      vertex 1.77472 -22.173 -22
      vertex 1.83036 -22.1273 -22
    endloop
  endfacet
  facet normal 0 0 -1
    outer loop
      vertex 1.72218 -23.7778 -22
      vertex 1.77472 -22.173 -22
      vertex 1.77472 -23.827 -22
    endloop
  endfacet
  facet normal 0 0 -1
    outer loop
      vertex 1.72218 -23.7778 -22
      vertex 1.72218 -22.2222 -22
      vertex 1.77472 -22.173 -22
    endloop
  endfacet
  facet normal 0 0 -1
    outer loop
      vertex 1.67298 -23.7253 -22
      vertex 1.72218 -22.2222 -22
      vertex 1.72218 -23.7778 -22
    endloop
  endfacet
  facet normal 0 0 -1
    outer loop
      vertex 1.67298 -23.7253 -22
      vertex 1.67298 -22.2747 -22
      vertex 1.72218 -22.2222 -22
    endloop
  endfacet
  facet normal 0 0 -1
    outer loop
      vertex 1.62731 -23.6696 -22
      vertex 1.67298 -22.2747 -22
      vertex 1.67298 -23.7253 -22
    endloop
  endfacet
  facet normal 0 0 -1
    outer loop
      vertex 1.62731 -23.6696 -22
      vertex 1.62731 -22.3304 -22
      vertex 1.67298 -22.2747 -22
    endloop
  endfacet
  facet normal 0 0 -1
    outer loop
      vertex 1.58538 -23.6111 -22
      vertex 1.62731 -22.3304 -22
      vertex 1.62731 -23.6696 -22
    endloop
  endfacet
  facet normal 0 0 -1
    outer loop
      vertex 1.58538 -23.6111 -22
      vertex 1.58538 -22.3889 -22
      vertex 1.62731 -22.3304 -22
    endloop
  endfacet
  facet normal 0 0 -1
    outer loop
      vertex 1.54737 -23.55 -22
      vertex 1.58538 -22.3889 -22
      vertex 1.58538 -23.6111 -22
    endloop
  endfacet
  facet normal 0 0 -1
    outer loop
      vertex 1.54737 -23.55 -22
      vertex 1.54737 -22.45 -22
      vertex 1.58538 -22.3889 -22
    endloop
  endfacet
  facet normal 0 0 -1
    outer loop
      vertex 1.51344 -23.4865 -22
      vertex 1.54737 -22.45 -22
      vertex 1.54737 -23.55 -22
    endloop
  endfacet
  facet normal 0 0 -1
    outer loop
      vertex 1.51344 -23.4865 -22
      vertex 1.51344 -22.5135 -22
      vertex 1.54737 -22.45 -22
    endloop
  endfacet
  facet normal 0 0 -1
    outer loop
      vertex 1.48373 -23.421 -22
      vertex 1.51344 -22.5135 -22
      vertex 1.51344 -23.4865 -22
    endloop
  endfacet
  facet normal 0 0 -1
    outer loop
      vertex 1.48373 -23.421 -22
      vertex 1.48373 -22.579 -22
      vertex 1.51344 -22.5135 -22
    endloop
  endfacet
  facet normal 0 0 -1
    outer loop
      vertex 1.45838 -23.3536 -22
      vertex 1.48373 -22.579 -22
      vertex 1.48373 -23.421 -22
    endloop
  endfacet
  facet normal 0 0 -1
    outer loop
      vertex 1.45838 -23.3536 -22
      vertex 1.45838 -22.6464 -22
      vertex 1.48373 -22.579 -22
    endloop
  endfacet
  facet normal 0 0 -1
    outer loop
      vertex 1.43748 -23.2847 -22
      vertex 1.45838 -22.6464 -22
      vertex 1.45838 -23.3536 -22
    endloop
  endfacet
  facet normal 0 0 -1
    outer loop
      vertex 1.43748 -23.2847 -22
      vertex 1.43748 -22.7153 -22
      vertex 1.45838 -22.6464 -22
    endloop
  endfacet
  facet normal 0 0 -1
    outer loop
      vertex 1.42114 -23.2146 -22
      vertex 1.43748 -22.7153 -22
      vertex 1.43748 -23.2847 -22
    endloop
  endfacet
  facet normal 0 0 -1
    outer loop
      vertex 1.42114 -23.2146 -22
      vertex 1.42114 -22.7854 -22
      vertex 1.43748 -22.7153 -22
    endloop
  endfacet
  facet normal 0 0 -1
    outer loop
      vertex 1.40941 -23.1436 -22
      vertex 1.42114 -22.7854 -22
      vertex 1.42114 -23.2146 -22
    endloop
  endfacet
  facet normal 0 0 -1
    outer loop
      vertex 1.40941 -23.1436 -22
      vertex 1.40941 -22.8564 -22
      vertex 1.42114 -22.7854 -22
    endloop
  endfacet
  facet normal 0 0 -1
    outer loop
      vertex 1.40235 -23.0719 -22
      vertex 1.40941 -22.8564 -22
      vertex 1.40941 -23.1436 -22
    endloop
  endfacet
  facet normal 0 0 -1
    outer loop
      vertex 1.40235 -23.0719 -22
      vertex 1.40235 -22.9281 -22
      vertex 1.40941 -22.8564 -22
    endloop
  endfacet
  facet normal 0 -0 -1
    outer loop
      vertex 1.40235 -22.9281 -22
      vertex 1.40235 -23.0719 -22
      vertex 1.4 -23 -22
    endloop
  endfacet
  facet normal -0.527937 0.849284 0
    outer loop
      vertex 1.95 -22.0474 -22
      vertex 1.88887 -22.0854 -18
      vertex 1.95 -22.0474 -18
    endloop
  endfacet
  facet normal -0.527937 0.849284 0
    outer loop
      vertex 1.88887 -22.0854 -18
      vertex 1.95 -22.0474 -22
      vertex 1.88887 -22.0854 -22
    endloop
  endfacet
  facet normal -0.162551 -0.9867 0
    outer loop
      vertex 2.2854 -24.0789 -22
      vertex 2.35642 -24.0906 -18
      vertex 2.2854 -24.0789 -18
    endloop
  endfacet
  facet normal -0.162551 -0.9867 -0
    outer loop
      vertex 2.35642 -24.0906 -18
      vertex 2.2854 -24.0789 -22
      vertex 2.35642 -24.0906 -22
    endloop
  endfacet
  facet normal -0.472144 -0.881521 0
    outer loop
      vertex 1.95 -23.9526 -22
      vertex 2.01348 -23.9866 -18
      vertex 1.95 -23.9526 -18
    endloop
  endfacet
  facet normal -0.472144 -0.881521 -0
    outer loop
      vertex 2.01348 -23.9866 -18
      vertex 1.95 -23.9526 -22
      vertex 2.01348 -23.9866 -22
    endloop
  endfacet
  facet normal 0.999463 -0.0327599 0
    outer loop
      vertex 15.9657 -1.04645 -25
      vertex 16 0 -30
      vertex 16 0 -25
    endloop
  endfacet
  facet normal 0.999463 -0.0327599 0
    outer loop
      vertex 16 0 -30
      vertex 15.9657 -1.04645 -25
      vertex 15.9657 -1.04645 -30
    endloop
  endfacet
  facet normal 0.995187 0.0979934 0
    outer loop
      vertex 15.9657 1.04645 -25
      vertex 15.8631 2.08842 -30
      vertex 15.8631 2.08842 -25
    endloop
  endfacet
  facet normal 0.995187 0.0979934 0
    outer loop
      vertex 15.8631 2.08842 -30
      vertex 15.9657 1.04645 -25
      vertex 15.9657 1.04645 -30
    endloop
  endfacet
  facet normal 0.999463 0.0327599 0
    outer loop
      vertex 16 0 -25
      vertex 15.9657 1.04645 -30
      vertex 15.9657 1.04645 -25
    endloop
  endfacet
  facet normal 0.999463 0.0327599 0
    outer loop
      vertex 15.9657 1.04645 -30
      vertex 16 0 -25
      vertex 16 0 -30
    endloop
  endfacet
  facet normal 0.352243 -0.935909 0
    outer loop
      vertex 5.14303 -15.1509 -30
      vertex 6.12293 -14.7821 -25
      vertex 5.14303 -15.1509 -25
    endloop
  endfacet
  facet normal 0.352243 -0.935909 0
    outer loop
      vertex 6.12293 -14.7821 -25
      vertex 5.14303 -15.1509 -30
      vertex 6.12293 -14.7821 -30
    endloop
  endfacet
  facet normal 0.77296 0.634455 0
    outer loop
      vertex 12.6937 9.74018 -25
      vertex 12.0294 10.5495 -30
      vertex 12.0294 10.5495 -25
    endloop
  endfacet
  facet normal 0.77296 0.634455 0
    outer loop
      vertex 12.0294 10.5495 -30
      vertex 12.6937 9.74018 -25
      vertex 12.6937 9.74018 -30
    endloop
  endfacet
  facet normal 0.881904 0.471429 0
    outer loop
      vertex 14.35 7.07662 -25
      vertex 13.8564 8 -30
      vertex 13.8564 8 -25
    endloop
  endfacet
  facet normal 0.881904 0.471429 0
    outer loop
      vertex 13.8564 8 -30
      vertex 14.35 7.07662 -25
      vertex 14.35 7.07662 -30
    endloop
  endfacet
  facet normal 0.528075 -0.849198 0
    outer loop
      vertex 8 -13.8564 -30
      vertex 8.88912 -13.3035 -25
      vertex 8 -13.8564 -25
    endloop
  endfacet
  facet normal 0.528075 -0.849198 0
    outer loop
      vertex 8.88912 -13.3035 -25
      vertex 8 -13.8564 -30
      vertex 8.88912 -13.3035 -30
    endloop
  endfacet
  facet normal 0.290239 -0.956954 0
    outer loop
      vertex 4.1411 -15.4548 -28.01
      vertex 4.1411 -15.4548 -30
      vertex 5 -15.1943 -28.01
    endloop
  endfacet
  facet normal 0.29036 -0.956917 0
    outer loop
      vertex 5 -15.1943 -28.01
      vertex 5.14303 -15.1509 -25
      vertex 5 -15.1943 -25
    endloop
  endfacet
  facet normal 0.29036 -0.956917 0
    outer loop
      vertex 5 -15.1943 -28.01
      vertex 5.14303 -15.1509 -30
      vertex 5.14303 -15.1509 -25
    endloop
  endfacet
  facet normal 0.290257 -0.956949 -8.1328e-06
    outer loop
      vertex 5.14303 -15.1509 -30
      vertex 5 -15.1943 -28.01
      vertex 4.1411 -15.4548 -30
    endloop
  endfacet
  facet normal -0.634455 -0.77296 0
    outer loop
      vertex -10.5495 -12.0294 -30
      vertex -9.74018 -12.6937 -25
      vertex -10.5495 -12.0294 -25
    endloop
  endfacet
  facet normal -0.634455 -0.77296 -0
    outer loop
      vertex -9.74018 -12.6937 -25
      vertex -10.5495 -12.0294 -30
      vertex -9.74018 -12.6937 -30
    endloop
  endfacet
  facet normal -0.471429 0.881904 0
    outer loop
      vertex -7.07662 14.35 -30
      vertex -8 13.8564 -25
      vertex -7.07662 14.35 -25
    endloop
  endfacet
  facet normal -0.471429 0.881904 0
    outer loop
      vertex -8 13.8564 -25
      vertex -7.07662 14.35 -30
      vertex -8 13.8564 -30
    endloop
  endfacet
  facet normal 0.352243 0.935909 -0
    outer loop
      vertex 6.12293 14.7821 -30
      vertex 5.14303 15.1509 -25
      vertex 6.12293 14.7821 -25
    endloop
  endfacet
  facet normal 0.352243 0.935909 0
    outer loop
      vertex 5.14303 15.1509 -25
      vertex 6.12293 14.7821 -30
      vertex 5.14303 15.1509 -30
    endloop
  endfacet
  facet normal 0.162847 -0.986651 0
    outer loop
      vertex 2.08842 -15.8631 -30
      vertex 3.12144 -15.6926 -28.01
      vertex 2.08842 -15.8631 -28.01
    endloop
  endfacet
  facet normal 0.162847 -0.986651 0
    outer loop
      vertex 3.12144 -15.6926 -28.01
      vertex 2.08842 -15.8631 -30
      vertex 3.12144 -15.6926 -30
    endloop
  endfacet
  facet normal -0.528075 -0.849198 0
    outer loop
      vertex -8.88912 -13.3035 -30
      vertex -8 -13.8564 -25
      vertex -8.88912 -13.3035 -25
    endloop
  endfacet
  facet normal -0.528075 -0.849198 -0
    outer loop
      vertex -8 -13.8564 -25
      vertex -8.88912 -13.3035 -30
      vertex -8 -13.8564 -30
    endloop
  endfacet
  facet normal -0.582439 -0.812874 0
    outer loop
      vertex -9.74018 -12.6937 -30
      vertex -8.88912 -13.3035 -25
      vertex -9.74018 -12.6937 -25
    endloop
  endfacet
  facet normal -0.582439 -0.812874 -0
    outer loop
      vertex -8.88912 -13.3035 -25
      vertex -9.74018 -12.6937 -30
      vertex -8.88912 -13.3035 -30
    endloop
  endfacet
  facet normal 0.973867 0.22712 0
    outer loop
      vertex 15.6926 3.12144 -25
      vertex 15.4548 4.1411 -30
      vertex 15.4548 4.1411 -25
    endloop
  endfacet
  facet normal 0.973867 0.22712 0
    outer loop
      vertex 15.4548 4.1411 -30
      vertex 15.6926 3.12144 -25
      vertex 15.6926 3.12144 -30
    endloop
  endfacet
  facet normal -0.910868 -0.412698 0
    outer loop
      vertex -14.35 -7.07662 -30
      vertex -14.7821 -6.12293 -25
      vertex -14.7821 -6.12293 -30
    endloop
  endfacet
  facet normal -0.910868 -0.412698 0
    outer loop
      vertex -14.7821 -6.12293 -25
      vertex -14.35 -7.07662 -30
      vertex -14.35 -7.07662 -25
    endloop
  endfacet
  facet normal 0.910868 -0.412698 0
    outer loop
      vertex 14.35 -7.07662 -25
      vertex 14.7821 -6.12293 -30
      vertex 14.7821 -6.12293 -25
    endloop
  endfacet
  facet normal 0.910868 -0.412698 0
    outer loop
      vertex 14.7821 -6.12293 -30
      vertex 14.35 -7.07662 -25
      vertex 14.35 -7.07662 -30
    endloop
  endfacet
  facet normal 0.471429 0.881904 -0
    outer loop
      vertex 8 13.8564 -30
      vertex 7.07662 14.35 -25
      vertex 8 13.8564 -25
    endloop
  endfacet
  facet normal 0.471429 0.881904 0
    outer loop
      vertex 7.07662 14.35 -25
      vertex 8 13.8564 -30
      vertex 7.07662 14.35 -30
    endloop
  endfacet
  facet normal 0.973867 -0.22712 0
    outer loop
      vertex 15.4548 -4.1411 -25
      vertex 15.6926 -3.12144 -30
      vertex 15.6926 -3.12144 -25
    endloop
  endfacet
  facet normal 0.973867 -0.22712 0
    outer loop
      vertex 15.6926 -3.12144 -30
      vertex 15.4548 -4.1411 -25
      vertex 15.4548 -4.1411 -30
    endloop
  endfacet
  facet normal 0.582439 0.812874 -0
    outer loop
      vertex 9.74018 12.6937 -30
      vertex 8.88912 13.3035 -25
      vertex 9.74018 12.6937 -25
    endloop
  endfacet
  facet normal 0.582439 0.812874 0
    outer loop
      vertex 8.88912 13.3035 -25
      vertex 9.74018 12.6937 -30
      vertex 8.88912 13.3035 -30
    endloop
  endfacet
  facet normal 0.471429 -0.881904 0
    outer loop
      vertex 7.07662 -14.35 -30
      vertex 8 -13.8564 -25
      vertex 7.07662 -14.35 -25
    endloop
  endfacet
  facet normal 0.471429 -0.881904 0
    outer loop
      vertex 8 -13.8564 -25
      vertex 7.07662 -14.35 -30
      vertex 8 -13.8564 -30
    endloop
  endfacet
  facet normal 0.22712 0.973867 -0
    outer loop
      vertex 4.1411 15.4548 -30
      vertex 3.12144 15.6926 -25
      vertex 4.1411 15.4548 -25
    endloop
  endfacet
  facet normal 0.22712 0.973867 0
    outer loop
      vertex 3.12144 15.6926 -25
      vertex 4.1411 15.4548 -30
      vertex 3.12144 15.6926 -30
    endloop
  endfacet
  facet normal 0.0979934 -0.995187 0
    outer loop
      vertex 1.04645 -15.9657 -30
      vertex 2.08842 -15.8631 -28.01
      vertex 1.04645 -15.9657 -28.01
    endloop
  endfacet
  facet normal 0.0979934 -0.995187 0
    outer loop
      vertex 2.08842 -15.8631 -28.01
      vertex 1.04645 -15.9657 -30
      vertex 2.08842 -15.8631 -30
    endloop
  endfacet
  facet normal 0.412698 0.910868 -0
    outer loop
      vertex 7.07662 14.35 -30
      vertex 6.12293 14.7821 -25
      vertex 7.07662 14.35 -25
    endloop
  endfacet
  facet normal 0.412698 0.910868 0
    outer loop
      vertex 6.12293 14.7821 -25
      vertex 7.07662 14.35 -30
      vertex 6.12293 14.7821 -30
    endloop
  endfacet
  facet normal 0.0327599 0.999463 -0
    outer loop
      vertex 1.04645 15.9657 -30
      vertex 0 16 -25
      vertex 1.04645 15.9657 -25
    endloop
  endfacet
  facet normal 0.0327599 0.999463 0
    outer loop
      vertex 0 16 -25
      vertex 1.04645 15.9657 -30
      vertex 0 16 -30
    endloop
  endfacet
  facet normal 0.528075 0.849198 -0
    outer loop
      vertex 8.88912 13.3035 -30
      vertex 8 13.8564 -25
      vertex 8.88912 13.3035 -25
    endloop
  endfacet
  facet normal 0.528075 0.849198 0
    outer loop
      vertex 8 13.8564 -25
      vertex 8.88912 13.3035 -30
      vertex 8 13.8564 -30
    endloop
  endfacet
  facet normal 0.956949 -0.290257 0
    outer loop
      vertex 15.1509 -5.14303 -25
      vertex 15.4548 -4.1411 -30
      vertex 15.4548 -4.1411 -25
    endloop
  endfacet
  facet normal 0.956949 -0.290257 0
    outer loop
      vertex 15.4548 -4.1411 -30
      vertex 15.1509 -5.14303 -25
      vertex 15.1509 -5.14303 -30
    endloop
  endfacet
  facet normal 0.634455 0.77296 -0
    outer loop
      vertex 10.5495 12.0294 -30
      vertex 9.74018 12.6937 -25
      vertex 10.5495 12.0294 -25
    endloop
  endfacet
  facet normal 0.634455 0.77296 0
    outer loop
      vertex 9.74018 12.6937 -25
      vertex 10.5495 12.0294 -30
      vertex 9.74018 12.6937 -30
    endloop
  endfacet
  facet normal 0.22712 -0.973867 0
    outer loop
      vertex 3.12144 -15.6926 -30
      vertex 4.1411 -15.4548 -28.01
      vertex 3.12144 -15.6926 -28.01
    endloop
  endfacet
  facet normal 0.22712 -0.973867 0
    outer loop
      vertex 4.1411 -15.4548 -28.01
      vertex 3.12144 -15.6926 -30
      vertex 4.1411 -15.4548 -30
    endloop
  endfacet
  facet normal 0.0979934 0.995187 -0
    outer loop
      vertex 2.08842 15.8631 -30
      vertex 1.04645 15.9657 -25
      vertex 2.08842 15.8631 -25
    endloop
  endfacet
  facet normal 0.0979934 0.995187 0
    outer loop
      vertex 1.04645 15.9657 -25
      vertex 2.08842 15.8631 -30
      vertex 1.04645 15.9657 -30
    endloop
  endfacet
  facet normal -0.352243 -0.935909 0
    outer loop
      vertex -6.12293 -14.7821 -30
      vertex -5.14303 -15.1509 -25
      vertex -6.12293 -14.7821 -25
    endloop
  endfacet
  facet normal -0.352243 -0.935909 -0
    outer loop
      vertex -5.14303 -15.1509 -25
      vertex -6.12293 -14.7821 -30
      vertex -5.14303 -15.1509 -30
    endloop
  endfacet
  facet normal 0.0327599 -0.999463 0
    outer loop
      vertex 0 -16 -30
      vertex 1.04645 -15.9657 -28.01
      vertex 0 -16 -28.01
    endloop
  endfacet
  facet normal 0.0327599 -0.999463 0
    outer loop
      vertex 1.04645 -15.9657 -28.01
      vertex 0 -16 -30
      vertex 1.04645 -15.9657 -30
    endloop
  endfacet
  facet normal 0.683566 0.729889 -0
    outer loop
      vertex 11.3137 11.3137 -30
      vertex 10.5495 12.0294 -25
      vertex 11.3137 11.3137 -25
    endloop
  endfacet
  facet normal 0.683566 0.729889 0
    outer loop
      vertex 10.5495 12.0294 -25
      vertex 11.3137 11.3137 -30
      vertex 10.5495 12.0294 -30
    endloop
  endfacet
  facet normal 0.995187 -0.0979934 0
    outer loop
      vertex 15.8631 -2.08842 -25
      vertex 15.9657 -1.04645 -30
      vertex 15.9657 -1.04645 -25
    endloop
  endfacet
  facet normal 0.995187 -0.0979934 0
    outer loop
      vertex 15.9657 -1.04645 -30
      vertex 15.8631 -2.08842 -25
      vertex 15.8631 -2.08842 -30
    endloop
  endfacet
  facet normal 0.849198 0.528075 0
    outer loop
      vertex 13.8564 8 -25
      vertex 13.3035 8.88912 -30
      vertex 13.3035 8.88912 -25
    endloop
  endfacet
  facet normal 0.849198 0.528075 0
    outer loop
      vertex 13.3035 8.88912 -30
      vertex 13.8564 8 -25
      vertex 13.8564 8 -30
    endloop
  endfacet
  facet normal -0.999463 0.0327599 0
    outer loop
      vertex -16 0 -30
      vertex -15.9657 1.04645 -25
      vertex -15.9657 1.04645 -30
    endloop
  endfacet
  facet normal -0.999463 0.0327599 0
    outer loop
      vertex -15.9657 1.04645 -25
      vertex -16 0 -30
      vertex -16 0 -25
    endloop
  endfacet
  facet normal -0.412698 0.910868 0
    outer loop
      vertex -6.12293 14.7821 -30
      vertex -7.07662 14.35 -25
      vertex -6.12293 14.7821 -25
    endloop
  endfacet
  facet normal -0.412698 0.910868 0
    outer loop
      vertex -7.07662 14.35 -25
      vertex -6.12293 14.7821 -30
      vertex -7.07662 14.35 -30
    endloop
  endfacet
  facet normal -0.956949 -0.290257 0
    outer loop
      vertex -15.1509 -5.14303 -30
      vertex -15.4548 -4.1411 -25
      vertex -15.4548 -4.1411 -30
    endloop
  endfacet
  facet normal -0.956949 -0.290257 0
    outer loop
      vertex -15.4548 -4.1411 -25
      vertex -15.1509 -5.14303 -30
      vertex -15.1509 -5.14303 -25
    endloop
  endfacet
  facet normal -0.162847 0.986651 0
    outer loop
      vertex -2.08842 15.8631 -30
      vertex -3.12144 15.6926 -25
      vertex -2.08842 15.8631 -25
    endloop
  endfacet
  facet normal -0.162847 0.986651 0
    outer loop
      vertex -3.12144 15.6926 -25
      vertex -2.08842 15.8631 -30
      vertex -3.12144 15.6926 -30
    endloop
  endfacet
  facet normal 0.812874 0.582439 0
    outer loop
      vertex 13.3035 8.88912 -25
      vertex 12.6937 9.74018 -30
      vertex 12.6937 9.74018 -25
    endloop
  endfacet
  facet normal 0.812874 0.582439 0
    outer loop
      vertex 12.6937 9.74018 -30
      vertex 13.3035 8.88912 -25
      vertex 13.3035 8.88912 -30
    endloop
  endfacet
  facet normal -0.412698 -0.910868 0
    outer loop
      vertex -7.07662 -14.35 -30
      vertex -6.12293 -14.7821 -25
      vertex -7.07662 -14.35 -25
    endloop
  endfacet
  facet normal -0.412698 -0.910868 -0
    outer loop
      vertex -6.12293 -14.7821 -25
      vertex -7.07662 -14.35 -30
      vertex -6.12293 -14.7821 -30
    endloop
  endfacet
  facet normal 0.729889 -0.683566 0
    outer loop
      vertex 11.3137 -11.3137 -25
      vertex 12.0294 -10.5495 -30
      vertex 12.0294 -10.5495 -25
    endloop
  endfacet
  facet normal 0.729889 -0.683566 0
    outer loop
      vertex 12.0294 -10.5495 -30
      vertex 11.3137 -11.3137 -25
      vertex 11.3137 -11.3137 -30
    endloop
  endfacet
  facet normal -0.995187 0.0979934 0
    outer loop
      vertex -15.9657 1.04645 -30
      vertex -15.8631 2.08842 -25
      vertex -15.8631 2.08842 -30
    endloop
  endfacet
  facet normal -0.995187 0.0979934 0
    outer loop
      vertex -15.8631 2.08842 -25
      vertex -15.9657 1.04645 -30
      vertex -15.9657 1.04645 -25
    endloop
  endfacet
  facet normal 0 0 -1
    outer loop
      vertex 15.9657 -1.04645 -30
      vertex 15.9657 1.04645 -30
      vertex 16 0 -30
    endloop
  endfacet
  facet normal 0 0 -1
    outer loop
      vertex 15.8631 -2.08842 -30
      vertex 15.9657 1.04645 -30
      vertex 15.9657 -1.04645 -30
    endloop
  endfacet
  facet normal 0 0 -1
    outer loop
      vertex 15.8631 -2.08842 -30
      vertex 15.8631 2.08842 -30
      vertex 15.9657 1.04645 -30
    endloop
  endfacet
  facet normal 0 0 -1
    outer loop
      vertex 15.6926 -3.12144 -30
      vertex 15.8631 2.08842 -30
      vertex 15.8631 -2.08842 -30
    endloop
  endfacet
  facet normal 0 0 -1
    outer loop
      vertex 15.6926 -3.12144 -30
      vertex 15.6926 3.12144 -30
      vertex 15.8631 2.08842 -30
    endloop
  endfacet
  facet normal 0 0 -1
    outer loop
      vertex 15.4548 -4.1411 -30
      vertex 15.6926 3.12144 -30
      vertex 15.6926 -3.12144 -30
    endloop
  endfacet
  facet normal 0 0 -1
    outer loop
      vertex 15.4548 -4.1411 -30
      vertex 15.4548 4.1411 -30
      vertex 15.6926 3.12144 -30
    endloop
  endfacet
  facet normal 0 0 -1
    outer loop
      vertex 15.1509 -5.14303 -30
      vertex 15.4548 4.1411 -30
      vertex 15.4548 -4.1411 -30
    endloop
  endfacet
  facet normal 0 0 -1
    outer loop
      vertex 15.1509 -5.14303 -30
      vertex 15.1509 5.14303 -30
      vertex 15.4548 4.1411 -30
    endloop
  endfacet
  facet normal 0 0 -1
    outer loop
      vertex 14.7821 -6.12293 -30
      vertex 15.1509 5.14303 -30
      vertex 15.1509 -5.14303 -30
    endloop
  endfacet
  facet normal 0 0 -1
    outer loop
      vertex 14.7821 -6.12293 -30
      vertex 14.7821 6.12293 -30
      vertex 15.1509 5.14303 -30
    endloop
  endfacet
  facet normal 0 0 -1
    outer loop
      vertex 14.35 -7.07662 -30
      vertex 14.7821 6.12293 -30
      vertex 14.7821 -6.12293 -30
    endloop
  endfacet
  facet normal 0 0 -1
    outer loop
      vertex 14.35 -7.07662 -30
      vertex 14.35 7.07662 -30
      vertex 14.7821 6.12293 -30
    endloop
  endfacet
  facet normal 0 0 -1
    outer loop
      vertex 13.8564 -8 -30
      vertex 14.35 7.07662 -30
      vertex 14.35 -7.07662 -30
    endloop
  endfacet
  facet normal 0 0 -1
    outer loop
      vertex 13.8564 -8 -30
      vertex 13.8564 8 -30
      vertex 14.35 7.07662 -30
    endloop
  endfacet
  facet normal 0 0 -1
    outer loop
      vertex 13.3035 -8.88912 -30
      vertex 13.8564 8 -30
      vertex 13.8564 -8 -30
    endloop
  endfacet
  facet normal 0 0 -1
    outer loop
      vertex 13.3035 -8.88912 -30
      vertex 13.3035 8.88912 -30
      vertex 13.8564 8 -30
    endloop
  endfacet
  facet normal 0 0 -1
    outer loop
      vertex 12.6937 -9.74018 -30
      vertex 13.3035 8.88912 -30
      vertex 13.3035 -8.88912 -30
    endloop
  endfacet
  facet normal 0 0 -1
    outer loop
      vertex 12.6937 -9.74018 -30
      vertex 12.6937 9.74018 -30
      vertex 13.3035 8.88912 -30
    endloop
  endfacet
  facet normal 0 0 -1
    outer loop
      vertex 12.0294 -10.5495 -30
      vertex 12.6937 9.74018 -30
      vertex 12.6937 -9.74018 -30
    endloop
  endfacet
  facet normal 0 0 -1
    outer loop
      vertex 12.0294 -10.5495 -30
      vertex 12.0294 10.5495 -30
      vertex 12.6937 9.74018 -30
    endloop
  endfacet
  facet normal 0 0 -1
    outer loop
      vertex 11.3137 -11.3137 -30
      vertex 12.0294 10.5495 -30
      vertex 12.0294 -10.5495 -30
    endloop
  endfacet
  facet normal 0 0 -1
    outer loop
      vertex 11.3137 -11.3137 -30
      vertex 11.3137 11.3137 -30
      vertex 12.0294 10.5495 -30
    endloop
  endfacet
  facet normal 0 0 -1
    outer loop
      vertex 10.5495 -12.0294 -30
      vertex 11.3137 11.3137 -30
      vertex 11.3137 -11.3137 -30
    endloop
  endfacet
  facet normal 0 0 -1
    outer loop
      vertex 10.5495 -12.0294 -30
      vertex 10.5495 12.0294 -30
      vertex 11.3137 11.3137 -30
    endloop
  endfacet
  facet normal 0 0 -1
    outer loop
      vertex 9.74018 -12.6937 -30
      vertex 10.5495 12.0294 -30
      vertex 10.5495 -12.0294 -30
    endloop
  endfacet
  facet normal 0 0 -1
    outer loop
      vertex 9.74018 -12.6937 -30
      vertex 9.74018 12.6937 -30
      vertex 10.5495 12.0294 -30
    endloop
  endfacet
  facet normal 0 0 -1
    outer loop
      vertex 8.88912 -13.3035 -30
      vertex 9.74018 12.6937 -30
      vertex 9.74018 -12.6937 -30
    endloop
  endfacet
  facet normal 0 0 -1
    outer loop
      vertex 8.88912 -13.3035 -30
      vertex 8.88912 13.3035 -30
      vertex 9.74018 12.6937 -30
    endloop
  endfacet
  facet normal 0 0 -1
    outer loop
      vertex 8 -13.8564 -30
      vertex 8.88912 13.3035 -30
      vertex 8.88912 -13.3035 -30
    endloop
  endfacet
  facet normal 0 0 -1
    outer loop
      vertex 8 -13.8564 -30
      vertex 8 13.8564 -30
      vertex 8.88912 13.3035 -30
    endloop
  endfacet
  facet normal 0 0 -1
    outer loop
      vertex 7.07662 -14.35 -30
      vertex 8 13.8564 -30
      vertex 8 -13.8564 -30
    endloop
  endfacet
  facet normal 0 0 -1
    outer loop
      vertex 7.07662 -14.35 -30
      vertex 7.07662 14.35 -30
      vertex 8 13.8564 -30
    endloop
  endfacet
  facet normal 0 0 -1
    outer loop
      vertex 6.12293 -14.7821 -30
      vertex 7.07662 14.35 -30
      vertex 7.07662 -14.35 -30
    endloop
  endfacet
  facet normal 0 0 -1
    outer loop
      vertex 6.12293 -14.7821 -30
      vertex 6.12293 14.7821 -30
      vertex 7.07662 14.35 -30
    endloop
  endfacet
  facet normal 0 0 -1
    outer loop
      vertex 5.14303 -15.1509 -30
      vertex 6.12293 14.7821 -30
      vertex 6.12293 -14.7821 -30
    endloop
  endfacet
  facet normal 0 0 -1
    outer loop
      vertex 5.14303 -15.1509 -30
      vertex 5.14303 15.1509 -30
      vertex 6.12293 14.7821 -30
    endloop
  endfacet
  facet normal 0 0 -1
    outer loop
      vertex 4.1411 -15.4548 -30
      vertex 5.14303 15.1509 -30
      vertex 5.14303 -15.1509 -30
    endloop
  endfacet
  facet normal 0 0 -1
    outer loop
      vertex 4.1411 -15.4548 -30
      vertex 4.1411 15.4548 -30
      vertex 5.14303 15.1509 -30
    endloop
  endfacet
  facet normal 0 0 -1
    outer loop
      vertex 3.12144 -15.6926 -30
      vertex 4.1411 15.4548 -30
      vertex 4.1411 -15.4548 -30
    endloop
  endfacet
  facet normal 0 0 -1
    outer loop
      vertex 3.12144 -15.6926 -30
      vertex 3.12144 15.6926 -30
      vertex 4.1411 15.4548 -30
    endloop
  endfacet
  facet normal 0 0 -1
    outer loop
      vertex 2.08842 -15.8631 -30
      vertex 3.12144 15.6926 -30
      vertex 3.12144 -15.6926 -30
    endloop
  endfacet
  facet normal 0 0 -1
    outer loop
      vertex 2.08842 -15.8631 -30
      vertex 2.08842 15.8631 -30
      vertex 3.12144 15.6926 -30
    endloop
  endfacet
  facet normal 0 0 -1
    outer loop
      vertex 1.04645 -15.9657 -30
      vertex 2.08842 15.8631 -30
      vertex 2.08842 -15.8631 -30
    endloop
  endfacet
  facet normal 0 0 -1
    outer loop
      vertex 1.04645 -15.9657 -30
      vertex 1.04645 15.9657 -30
      vertex 2.08842 15.8631 -30
    endloop
  endfacet
  facet normal 0 0 -1
    outer loop
      vertex 0 -16 -30
      vertex 1.04645 15.9657 -30
      vertex 1.04645 -15.9657 -30
    endloop
  endfacet
  facet normal 0 0 -1
    outer loop
      vertex 0 -16 -30
      vertex 0 16 -30
      vertex 1.04645 15.9657 -30
    endloop
  endfacet
  facet normal 0 0 -1
    outer loop
      vertex -1.04645 -15.9657 -30
      vertex 0 16 -30
      vertex 0 -16 -30
    endloop
  endfacet
  facet normal 0 0 -1
    outer loop
      vertex -1.04645 -15.9657 -30
      vertex -1.04645 15.9657 -30
      vertex 0 16 -30
    endloop
  endfacet
  facet normal 0 0 -1
    outer loop
      vertex -2.08842 -15.8631 -30
      vertex -1.04645 15.9657 -30
      vertex -1.04645 -15.9657 -30
    endloop
  endfacet
  facet normal 0 0 -1
    outer loop
      vertex -2.08842 -15.8631 -30
      vertex -2.08842 15.8631 -30
      vertex -1.04645 15.9657 -30
    endloop
  endfacet
  facet normal 0 0 -1
    outer loop
      vertex -3.12144 -15.6926 -30
      vertex -2.08842 15.8631 -30
      vertex -2.08842 -15.8631 -30
    endloop
  endfacet
  facet normal 0 0 -1
    outer loop
      vertex -3.12144 -15.6926 -30
      vertex -3.12144 15.6926 -30
      vertex -2.08842 15.8631 -30
    endloop
  endfacet
  facet normal 0 0 -1
    outer loop
      vertex -4.1411 -15.4548 -30
      vertex -3.12144 15.6926 -30
      vertex -3.12144 -15.6926 -30
    endloop
  endfacet
  facet normal 0 0 -1
    outer loop
      vertex -4.1411 -15.4548 -30
      vertex -4.1411 15.4548 -30
      vertex -3.12144 15.6926 -30
    endloop
  endfacet
  facet normal 0 0 -1
    outer loop
      vertex -5.14303 -15.1509 -30
      vertex -4.1411 15.4548 -30
      vertex -4.1411 -15.4548 -30
    endloop
  endfacet
  facet normal 0 0 -1
    outer loop
      vertex -5.14303 -15.1509 -30
      vertex -5.14303 15.1509 -30
      vertex -4.1411 15.4548 -30
    endloop
  endfacet
  facet normal 0 0 -1
    outer loop
      vertex -6.12293 -14.7821 -30
      vertex -5.14303 15.1509 -30
      vertex -5.14303 -15.1509 -30
    endloop
  endfacet
  facet normal 0 0 -1
    outer loop
      vertex -6.12293 -14.7821 -30
      vertex -6.12293 14.7821 -30
      vertex -5.14303 15.1509 -30
    endloop
  endfacet
  facet normal 0 0 -1
    outer loop
      vertex -7.07662 -14.35 -30
      vertex -6.12293 14.7821 -30
      vertex -6.12293 -14.7821 -30
    endloop
  endfacet
  facet normal 0 0 -1
    outer loop
      vertex -7.07662 -14.35 -30
      vertex -7.07662 14.35 -30
      vertex -6.12293 14.7821 -30
    endloop
  endfacet
  facet normal 0 0 -1
    outer loop
      vertex -8 -13.8564 -30
      vertex -7.07662 14.35 -30
      vertex -7.07662 -14.35 -30
    endloop
  endfacet
  facet normal 0 0 -1
    outer loop
      vertex -8 -13.8564 -30
      vertex -8 13.8564 -30
      vertex -7.07662 14.35 -30
    endloop
  endfacet
  facet normal 0 0 -1
    outer loop
      vertex -8.88912 -13.3035 -30
      vertex -8 13.8564 -30
      vertex -8 -13.8564 -30
    endloop
  endfacet
  facet normal 0 0 -1
    outer loop
      vertex -8.88912 -13.3035 -30
      vertex -8.88912 13.3035 -30
      vertex -8 13.8564 -30
    endloop
  endfacet
  facet normal 0 0 -1
    outer loop
      vertex -9.74018 -12.6937 -30
      vertex -8.88912 13.3035 -30
      vertex -8.88912 -13.3035 -30
    endloop
  endfacet
  facet normal 0 0 -1
    outer loop
      vertex -9.74018 -12.6937 -30
      vertex -9.74018 12.6937 -30
      vertex -8.88912 13.3035 -30
    endloop
  endfacet
  facet normal 0 0 -1
    outer loop
      vertex -10.5495 -12.0294 -30
      vertex -9.74018 12.6937 -30
      vertex -9.74018 -12.6937 -30
    endloop
  endfacet
  facet normal 0 0 -1
    outer loop
      vertex -10.5495 -12.0294 -30
      vertex -10.5495 12.0294 -30
      vertex -9.74018 12.6937 -30
    endloop
  endfacet
  facet normal 0 0 -1
    outer loop
      vertex -11.3137 -11.3137 -30
      vertex -10.5495 12.0294 -30
      vertex -10.5495 -12.0294 -30
    endloop
  endfacet
  facet normal 0 0 -1
    outer loop
      vertex -11.3137 -11.3137 -30
      vertex -11.3137 11.3137 -30
      vertex -10.5495 12.0294 -30
    endloop
  endfacet
  facet normal 0 0 -1
    outer loop
      vertex -12.0294 -10.5495 -30
      vertex -11.3137 11.3137 -30
      vertex -11.3137 -11.3137 -30
    endloop
  endfacet
  facet normal 0 0 -1
    outer loop
      vertex -12.0294 -10.5495 -30
      vertex -12.0294 10.5495 -30
      vertex -11.3137 11.3137 -30
    endloop
  endfacet
  facet normal 0 0 -1
    outer loop
      vertex -12.6937 -9.74018 -30
      vertex -12.0294 10.5495 -30
      vertex -12.0294 -10.5495 -30
    endloop
  endfacet
  facet normal 0 0 -1
    outer loop
      vertex -12.6937 -9.74018 -30
      vertex -12.6937 9.74018 -30
      vertex -12.0294 10.5495 -30
    endloop
  endfacet
  facet normal 0 0 -1
    outer loop
      vertex -13.3035 -8.88912 -30
      vertex -12.6937 9.74018 -30
      vertex -12.6937 -9.74018 -30
    endloop
  endfacet
  facet normal 0 0 -1
    outer loop
      vertex -13.3035 -8.88912 -30
      vertex -13.3035 8.88912 -30
      vertex -12.6937 9.74018 -30
    endloop
  endfacet
  facet normal 0 0 -1
    outer loop
      vertex -13.8564 -8 -30
      vertex -13.3035 8.88912 -30
      vertex -13.3035 -8.88912 -30
    endloop
  endfacet
  facet normal 0 0 -1
    outer loop
      vertex -13.8564 -8 -30
      vertex -13.8564 8 -30
      vertex -13.3035 8.88912 -30
    endloop
  endfacet
  facet normal 0 0 -1
    outer loop
      vertex -14.35 -7.07662 -30
      vertex -13.8564 8 -30
      vertex -13.8564 -8 -30
    endloop
  endfacet
  facet normal 0 0 -1
    outer loop
      vertex -14.35 -7.07662 -30
      vertex -14.35 7.07662 -30
      vertex -13.8564 8 -30
    endloop
  endfacet
  facet normal 0 0 -1
    outer loop
      vertex -14.7821 -6.12293 -30
      vertex -14.35 7.07662 -30
      vertex -14.35 -7.07662 -30
    endloop
  endfacet
  facet normal 0 0 -1
    outer loop
      vertex -14.7821 -6.12293 -30
      vertex -14.7821 6.12293 -30
      vertex -14.35 7.07662 -30
    endloop
  endfacet
  facet normal 0 0 -1
    outer loop
      vertex -15.1509 -5.14303 -30
      vertex -14.7821 6.12293 -30
      vertex -14.7821 -6.12293 -30
    endloop
  endfacet
  facet normal 0 0 -1
    outer loop
      vertex -15.1509 -5.14303 -30
      vertex -15.1509 5.14303 -30
      vertex -14.7821 6.12293 -30
    endloop
  endfacet
  facet normal 0 0 -1
    outer loop
      vertex -15.4548 -4.1411 -30
      vertex -15.1509 5.14303 -30
      vertex -15.1509 -5.14303 -30
    endloop
  endfacet
  facet normal 0 0 -1
    outer loop
      vertex -15.4548 -4.1411 -30
      vertex -15.4548 4.1411 -30
      vertex -15.1509 5.14303 -30
    endloop
  endfacet
  facet normal 0 0 -1
    outer loop
      vertex -15.6926 -3.12144 -30
      vertex -15.4548 4.1411 -30
      vertex -15.4548 -4.1411 -30
    endloop
  endfacet
  facet normal 0 0 -1
    outer loop
      vertex -15.6926 -3.12144 -30
      vertex -15.6926 3.12144 -30
      vertex -15.4548 4.1411 -30
    endloop
  endfacet
  facet normal 0 0 -1
    outer loop
      vertex -15.8631 -2.08842 -30
      vertex -15.6926 3.12144 -30
      vertex -15.6926 -3.12144 -30
    endloop
  endfacet
  facet normal 0 0 -1
    outer loop
      vertex -15.8631 -2.08842 -30
      vertex -15.8631 2.08842 -30
      vertex -15.6926 3.12144 -30
    endloop
  endfacet
  facet normal 0 0 -1
    outer loop
      vertex -15.9657 -1.04645 -30
      vertex -15.8631 2.08842 -30
      vertex -15.8631 -2.08842 -30
    endloop
  endfacet
  facet normal 0 0 -1
    outer loop
      vertex -15.9657 -1.04645 -30
      vertex -15.9657 1.04645 -30
      vertex -15.8631 2.08842 -30
    endloop
  endfacet
  facet normal 0 -0 -1
    outer loop
      vertex -15.9657 1.04645 -30
      vertex -15.9657 -1.04645 -30
      vertex -16 0 -30
    endloop
  endfacet
  facet normal 0.956949 0.290257 0
    outer loop
      vertex 15.4548 4.1411 -25
      vertex 15.1509 5.14303 -30
      vertex 15.1509 5.14303 -25
    endloop
  endfacet
  facet normal 0.956949 0.290257 0
    outer loop
      vertex 15.1509 5.14303 -30
      vertex 15.4548 4.1411 -25
      vertex 15.4548 4.1411 -30
    endloop
  endfacet
  facet normal -0.935909 -0.352243 0
    outer loop
      vertex -14.7821 -6.12293 -30
      vertex -15.1509 -5.14303 -25
      vertex -15.1509 -5.14303 -30
    endloop
  endfacet
  facet normal -0.935909 -0.352243 0
    outer loop
      vertex -15.1509 -5.14303 -25
      vertex -14.7821 -6.12293 -30
      vertex -14.7821 -6.12293 -25
    endloop
  endfacet
  facet normal 0.729889 0.683566 0
    outer loop
      vertex 12.0294 10.5495 -25
      vertex 11.3137 11.3137 -30
      vertex 11.3137 11.3137 -25
    endloop
  endfacet
  facet normal 0.729889 0.683566 0
    outer loop
      vertex 11.3137 11.3137 -30
      vertex 12.0294 10.5495 -25
      vertex 12.0294 10.5495 -30
    endloop
  endfacet
  facet normal 0.162847 0.986651 -0
    outer loop
      vertex 3.12144 15.6926 -30
      vertex 2.08842 15.8631 -25
      vertex 3.12144 15.6926 -25
    endloop
  endfacet
  facet normal 0.162847 0.986651 0
    outer loop
      vertex 2.08842 15.8631 -25
      vertex 3.12144 15.6926 -30
      vertex 2.08842 15.8631 -30
    endloop
  endfacet
  facet normal 0.812874 -0.582439 0
    outer loop
      vertex 12.6937 -9.74018 -25
      vertex 13.3035 -8.88912 -30
      vertex 13.3035 -8.88912 -25
    endloop
  endfacet
  facet normal 0.812874 -0.582439 0
    outer loop
      vertex 13.3035 -8.88912 -30
      vertex 12.6937 -9.74018 -25
      vertex 12.6937 -9.74018 -30
    endloop
  endfacet
  facet normal -0.582439 0.812874 0
    outer loop
      vertex -8.88912 13.3035 -30
      vertex -9.74018 12.6937 -25
      vertex -8.88912 13.3035 -25
    endloop
  endfacet
  facet normal -0.582439 0.812874 0
    outer loop
      vertex -9.74018 12.6937 -25
      vertex -8.88912 13.3035 -30
      vertex -9.74018 12.6937 -30
    endloop
  endfacet
  facet normal -0.910868 0.412698 0
    outer loop
      vertex -14.7821 6.12293 -30
      vertex -14.35 7.07662 -25
      vertex -14.35 7.07662 -30
    endloop
  endfacet
  facet normal -0.910868 0.412698 0
    outer loop
      vertex -14.35 7.07662 -25
      vertex -14.7821 6.12293 -30
      vertex -14.7821 6.12293 -25
    endloop
  endfacet
  facet normal 0.935909 0.352243 0
    outer loop
      vertex 15.1509 5.14303 -25
      vertex 14.7821 6.12293 -30
      vertex 14.7821 6.12293 -25
    endloop
  endfacet
  facet normal 0.935909 0.352243 0
    outer loop
      vertex 14.7821 6.12293 -30
      vertex 15.1509 5.14303 -25
      vertex 15.1509 5.14303 -30
    endloop
  endfacet
  facet normal -0.986651 -0.162847 0
    outer loop
      vertex -15.6926 -3.12144 -30
      vertex -15.8631 -2.08842 -25
      vertex -15.8631 -2.08842 -30
    endloop
  endfacet
  facet normal -0.986651 -0.162847 0
    outer loop
      vertex -15.8631 -2.08842 -25
      vertex -15.6926 -3.12144 -30
      vertex -15.6926 -3.12144 -25
    endloop
  endfacet
  facet normal -0.162847 -0.986651 0
    outer loop
      vertex -3.12144 -15.6926 -30
      vertex -2.08842 -15.8631 -28.01
      vertex -3.12144 -15.6926 -28.01
    endloop
  endfacet
  facet normal -0.162847 -0.986651 -0
    outer loop
      vertex -2.08842 -15.8631 -28.01
      vertex -3.12144 -15.6926 -30
      vertex -2.08842 -15.8631 -30
    endloop
  endfacet
  facet normal -0.999463 -0.0327599 0
    outer loop
      vertex -15.9657 -1.04645 -30
      vertex -16 0 -25
      vertex -16 0 -30
    endloop
  endfacet
  facet normal -0.999463 -0.0327599 0
    outer loop
      vertex -16 0 -25
      vertex -15.9657 -1.04645 -30
      vertex -15.9657 -1.04645 -25
    endloop
  endfacet
  facet normal 0.412698 -0.910868 0
    outer loop
      vertex 6.12293 -14.7821 -30
      vertex 7.07662 -14.35 -25
      vertex 6.12293 -14.7821 -25
    endloop
  endfacet
  facet normal 0.412698 -0.910868 0
    outer loop
      vertex 7.07662 -14.35 -25
      vertex 6.12293 -14.7821 -30
      vertex 7.07662 -14.35 -30
    endloop
  endfacet
  facet normal -0.0979934 -0.995187 0
    outer loop
      vertex -2.08842 -15.8631 -30
      vertex -1.04645 -15.9657 -28.01
      vertex -2.08842 -15.8631 -28.01
    endloop
  endfacet
  facet normal -0.0979934 -0.995187 -0
    outer loop
      vertex -1.04645 -15.9657 -28.01
      vertex -2.08842 -15.8631 -30
      vertex -1.04645 -15.9657 -30
    endloop
  endfacet
  facet normal 0.77296 -0.634455 0
    outer loop
      vertex 12.0294 -10.5495 -25
      vertex 12.6937 -9.74018 -30
      vertex 12.6937 -9.74018 -25
    endloop
  endfacet
  facet normal 0.77296 -0.634455 0
    outer loop
      vertex 12.6937 -9.74018 -30
      vertex 12.0294 -10.5495 -25
      vertex 12.0294 -10.5495 -30
    endloop
  endfacet
  facet normal -0.352243 0.935909 0
    outer loop
      vertex -5.14303 15.1509 -30
      vertex -6.12293 14.7821 -25
      vertex -5.14303 15.1509 -25
    endloop
  endfacet
  facet normal -0.352243 0.935909 0
    outer loop
      vertex -6.12293 14.7821 -25
      vertex -5.14303 15.1509 -30
      vertex -6.12293 14.7821 -30
    endloop
  endfacet
  facet normal 0.683566 -0.729889 0
    outer loop
      vertex 10.5495 -12.0294 -30
      vertex 11.3137 -11.3137 -25
      vertex 10.5495 -12.0294 -25
    endloop
  endfacet
  facet normal 0.683566 -0.729889 0
    outer loop
      vertex 11.3137 -11.3137 -25
      vertex 10.5495 -12.0294 -30
      vertex 11.3137 -11.3137 -30
    endloop
  endfacet
  facet normal -0.22712 0.973867 0
    outer loop
      vertex -3.12144 15.6926 -30
      vertex -4.1411 15.4548 -25
      vertex -3.12144 15.6926 -25
    endloop
  endfacet
  facet normal -0.22712 0.973867 0
    outer loop
      vertex -4.1411 15.4548 -25
      vertex -3.12144 15.6926 -30
      vertex -4.1411 15.4548 -30
    endloop
  endfacet
  facet normal 0.582439 -0.812874 0
    outer loop
      vertex 8.88912 -13.3035 -30
      vertex 9.74018 -12.6937 -25
      vertex 8.88912 -13.3035 -25
    endloop
  endfacet
  facet normal 0.582439 -0.812874 0
    outer loop
      vertex 9.74018 -12.6937 -25
      vertex 8.88912 -13.3035 -30
      vertex 9.74018 -12.6937 -30
    endloop
  endfacet
  facet normal -0.956949 0.290257 0
    outer loop
      vertex -15.4548 4.1411 -30
      vertex -15.1509 5.14303 -25
      vertex -15.1509 5.14303 -30
    endloop
  endfacet
  facet normal -0.956949 0.290257 0
    outer loop
      vertex -15.1509 5.14303 -25
      vertex -15.4548 4.1411 -30
      vertex -15.4548 4.1411 -25
    endloop
  endfacet
  facet normal -0.973867 0.22712 0
    outer loop
      vertex -15.6926 3.12144 -30
      vertex -15.4548 4.1411 -25
      vertex -15.4548 4.1411 -30
    endloop
  endfacet
  facet normal -0.973867 0.22712 0
    outer loop
      vertex -15.4548 4.1411 -25
      vertex -15.6926 3.12144 -30
      vertex -15.6926 3.12144 -25
    endloop
  endfacet
  facet normal -0.986651 0.162847 0
    outer loop
      vertex -15.8631 2.08842 -30
      vertex -15.6926 3.12144 -25
      vertex -15.6926 3.12144 -30
    endloop
  endfacet
  facet normal -0.986651 0.162847 0
    outer loop
      vertex -15.6926 3.12144 -25
      vertex -15.8631 2.08842 -30
      vertex -15.8631 2.08842 -25
    endloop
  endfacet
  facet normal -0.0979934 0.995187 0
    outer loop
      vertex -1.04645 15.9657 -30
      vertex -2.08842 15.8631 -25
      vertex -1.04645 15.9657 -25
    endloop
  endfacet
  facet normal -0.0979934 0.995187 0
    outer loop
      vertex -2.08842 15.8631 -25
      vertex -1.04645 15.9657 -30
      vertex -2.08842 15.8631 -30
    endloop
  endfacet
  facet normal -0.973867 -0.22712 0
    outer loop
      vertex -15.4548 -4.1411 -30
      vertex -15.6926 -3.12144 -25
      vertex -15.6926 -3.12144 -30
    endloop
  endfacet
  facet normal -0.973867 -0.22712 0
    outer loop
      vertex -15.6926 -3.12144 -25
      vertex -15.4548 -4.1411 -30
      vertex -15.4548 -4.1411 -25
    endloop
  endfacet
  facet normal -0.634455 0.77296 0
    outer loop
      vertex -9.74018 12.6937 -30
      vertex -10.5495 12.0294 -25
      vertex -9.74018 12.6937 -25
    endloop
  endfacet
  facet normal -0.634455 0.77296 0
    outer loop
      vertex -10.5495 12.0294 -25
      vertex -9.74018 12.6937 -30
      vertex -10.5495 12.0294 -30
    endloop
  endfacet
  facet normal -0.812874 -0.582439 0
    outer loop
      vertex -12.6937 -9.74018 -30
      vertex -13.3035 -8.88912 -25
      vertex -13.3035 -8.88912 -30
    endloop
  endfacet
  facet normal -0.812874 -0.582439 0
    outer loop
      vertex -13.3035 -8.88912 -25
      vertex -12.6937 -9.74018 -30
      vertex -12.6937 -9.74018 -25
    endloop
  endfacet
  facet normal -0.683566 -0.729889 0
    outer loop
      vertex -11.3137 -11.3137 -30
      vertex -10.5495 -12.0294 -25
      vertex -11.3137 -11.3137 -25
    endloop
  endfacet
  facet normal -0.683566 -0.729889 -0
    outer loop
      vertex -10.5495 -12.0294 -25
      vertex -11.3137 -11.3137 -30
      vertex -10.5495 -12.0294 -30
    endloop
  endfacet
  facet normal -0.812874 0.582439 0
    outer loop
      vertex -13.3035 8.88912 -30
      vertex -12.6937 9.74018 -25
      vertex -12.6937 9.74018 -30
    endloop
  endfacet
  facet normal -0.812874 0.582439 0
    outer loop
      vertex -12.6937 9.74018 -25
      vertex -13.3035 8.88912 -30
      vertex -13.3035 8.88912 -25
    endloop
  endfacet
  facet normal -0.29036 -0.956917 0
    outer loop
      vertex -5.14303 -15.1509 -25
      vertex -5 -15.1943 -28.01
      vertex -5 -15.1943 -25
    endloop
  endfacet
  facet normal -0.29036 -0.956917 0
    outer loop
      vertex -5.14303 -15.1509 -30
      vertex -5 -15.1943 -28.01
      vertex -5.14303 -15.1509 -25
    endloop
  endfacet
  facet normal -0.290257 -0.956949 -8.1328e-06
    outer loop
      vertex -4.1411 -15.4548 -30
      vertex -5 -15.1943 -28.01
      vertex -5.14303 -15.1509 -30
    endloop
  endfacet
  facet normal -0.290239 -0.956954 0
    outer loop
      vertex -5 -15.1943 -28.01
      vertex -4.1411 -15.4548 -30
      vertex -4.1411 -15.4548 -28.01
    endloop
  endfacet
  facet normal -0.683566 0.729889 0
    outer loop
      vertex -10.5495 12.0294 -30
      vertex -11.3137 11.3137 -25
      vertex -10.5495 12.0294 -25
    endloop
  endfacet
  facet normal -0.683566 0.729889 0
    outer loop
      vertex -11.3137 11.3137 -25
      vertex -10.5495 12.0294 -30
      vertex -11.3137 11.3137 -30
    endloop
  endfacet
  facet normal 0.881904 -0.471429 0
    outer loop
      vertex 13.8564 -8 -25
      vertex 14.35 -7.07662 -30
      vertex 14.35 -7.07662 -25
    endloop
  endfacet
  facet normal 0.881904 -0.471429 0
    outer loop
      vertex 14.35 -7.07662 -30
      vertex 13.8564 -8 -25
      vertex 13.8564 -8 -30
    endloop
  endfacet
  facet normal 0.910868 0.412698 0
    outer loop
      vertex 14.7821 6.12293 -25
      vertex 14.35 7.07662 -30
      vertex 14.35 7.07662 -25
    endloop
  endfacet
  facet normal 0.910868 0.412698 0
    outer loop
      vertex 14.35 7.07662 -30
      vertex 14.7821 6.12293 -25
      vertex 14.7821 6.12293 -30
    endloop
  endfacet
  facet normal 0.935909 -0.352243 0
    outer loop
      vertex 14.7821 -6.12293 -25
      vertex 15.1509 -5.14303 -30
      vertex 15.1509 -5.14303 -25
    endloop
  endfacet
  facet normal 0.935909 -0.352243 0
    outer loop
      vertex 15.1509 -5.14303 -30
      vertex 14.7821 -6.12293 -25
      vertex 14.7821 -6.12293 -30
    endloop
  endfacet
  facet normal -0.0327599 0.999463 0
    outer loop
      vertex 0 16 -30
      vertex -1.04645 15.9657 -25
      vertex 0 16 -25
    endloop
  endfacet
  facet normal -0.0327599 0.999463 0
    outer loop
      vertex -1.04645 15.9657 -25
      vertex 0 16 -30
      vertex -1.04645 15.9657 -30
    endloop
  endfacet
  facet normal -0.528075 0.849198 0
    outer loop
      vertex -8 13.8564 -30
      vertex -8.88912 13.3035 -25
      vertex -8 13.8564 -25
    endloop
  endfacet
  facet normal -0.528075 0.849198 0
    outer loop
      vertex -8.88912 13.3035 -25
      vertex -8 13.8564 -30
      vertex -8.88912 13.3035 -30
    endloop
  endfacet
  facet normal -0.290257 0.956949 0
    outer loop
      vertex -4.1411 15.4548 -30
      vertex -5.14303 15.1509 -25
      vertex -4.1411 15.4548 -25
    endloop
  endfacet
  facet normal -0.290257 0.956949 0
    outer loop
      vertex -5.14303 15.1509 -25
      vertex -4.1411 15.4548 -30
      vertex -5.14303 15.1509 -30
    endloop
  endfacet
  facet normal -0.77296 0.634455 0
    outer loop
      vertex -12.6937 9.74018 -30
      vertex -12.0294 10.5495 -25
      vertex -12.0294 10.5495 -30
    endloop
  endfacet
  facet normal -0.77296 0.634455 0
    outer loop
      vertex -12.0294 10.5495 -25
      vertex -12.6937 9.74018 -30
      vertex -12.6937 9.74018 -25
    endloop
  endfacet
  facet normal 0.986651 0.162847 0
    outer loop
      vertex 15.8631 2.08842 -25
      vertex 15.6926 3.12144 -30
      vertex 15.6926 3.12144 -25
    endloop
  endfacet
  facet normal 0.986651 0.162847 0
    outer loop
      vertex 15.6926 3.12144 -30
      vertex 15.8631 2.08842 -25
      vertex 15.8631 2.08842 -30
    endloop
  endfacet
  facet normal 0.634455 -0.77296 0
    outer loop
      vertex 9.74018 -12.6937 -30
      vertex 10.5495 -12.0294 -25
      vertex 9.74018 -12.6937 -25
    endloop
  endfacet
  facet normal 0.634455 -0.77296 0
    outer loop
      vertex 10.5495 -12.0294 -25
      vertex 9.74018 -12.6937 -30
      vertex 10.5495 -12.0294 -30
    endloop
  endfacet
  facet normal -0.729889 -0.683566 0
    outer loop
      vertex -11.3137 -11.3137 -30
      vertex -12.0294 -10.5495 -25
      vertex -12.0294 -10.5495 -30
    endloop
  endfacet
  facet normal -0.729889 -0.683566 0
    outer loop
      vertex -12.0294 -10.5495 -25
      vertex -11.3137 -11.3137 -30
      vertex -11.3137 -11.3137 -25
    endloop
  endfacet
  facet normal -0.849198 -0.528075 0
    outer loop
      vertex -13.3035 -8.88912 -30
      vertex -13.8564 -8 -25
      vertex -13.8564 -8 -30
    endloop
  endfacet
  facet normal -0.849198 -0.528075 0
    outer loop
      vertex -13.8564 -8 -25
      vertex -13.3035 -8.88912 -30
      vertex -13.3035 -8.88912 -25
    endloop
  endfacet
  facet normal -0.0327599 -0.999463 0
    outer loop
      vertex -1.04645 -15.9657 -30
      vertex 0 -16 -28.01
      vertex -1.04645 -15.9657 -28.01
    endloop
  endfacet
  facet normal -0.0327599 -0.999463 -0
    outer loop
      vertex 0 -16 -28.01
      vertex -1.04645 -15.9657 -30
      vertex 0 -16 -30
    endloop
  endfacet
  facet normal -0.995187 -0.0979934 0
    outer loop
      vertex -15.8631 -2.08842 -30
      vertex -15.9657 -1.04645 -25
      vertex -15.9657 -1.04645 -30
    endloop
  endfacet
  facet normal -0.995187 -0.0979934 0
    outer loop
      vertex -15.9657 -1.04645 -25
      vertex -15.8631 -2.08842 -30
      vertex -15.8631 -2.08842 -25
    endloop
  endfacet
  facet normal -0.22712 -0.973867 0
    outer loop
      vertex -4.1411 -15.4548 -30
      vertex -3.12144 -15.6926 -28.01
      vertex -4.1411 -15.4548 -28.01
    endloop
  endfacet
  facet normal -0.22712 -0.973867 -0
    outer loop
      vertex -3.12144 -15.6926 -28.01
      vertex -4.1411 -15.4548 -30
      vertex -3.12144 -15.6926 -30
    endloop
  endfacet
  facet normal -0.77296 -0.634455 0
    outer loop
      vertex -12.0294 -10.5495 -30
      vertex -12.6937 -9.74018 -25
      vertex -12.6937 -9.74018 -30
    endloop
  endfacet
  facet normal -0.77296 -0.634455 0
    outer loop
      vertex -12.6937 -9.74018 -25
      vertex -12.0294 -10.5495 -30
      vertex -12.0294 -10.5495 -25
    endloop
  endfacet
  facet normal -0.881904 0.471429 0
    outer loop
      vertex -14.35 7.07662 -30
      vertex -13.8564 8 -25
      vertex -13.8564 8 -30
    endloop
  endfacet
  facet normal -0.881904 0.471429 0
    outer loop
      vertex -13.8564 8 -25
      vertex -14.35 7.07662 -30
      vertex -14.35 7.07662 -25
    endloop
  endfacet
  facet normal 0.849198 -0.528075 0
    outer loop
      vertex 13.3035 -8.88912 -25
      vertex 13.8564 -8 -30
      vertex 13.8564 -8 -25
    endloop
  endfacet
  facet normal 0.849198 -0.528075 0
    outer loop
      vertex 13.8564 -8 -30
      vertex 13.3035 -8.88912 -25
      vertex 13.3035 -8.88912 -30
    endloop
  endfacet
  facet normal -0.729889 0.683566 0
    outer loop
      vertex -12.0294 10.5495 -30
      vertex -11.3137 11.3137 -25
      vertex -11.3137 11.3137 -30
    endloop
  endfacet
  facet normal -0.729889 0.683566 0
    outer loop
      vertex -11.3137 11.3137 -25
      vertex -12.0294 10.5495 -30
      vertex -12.0294 10.5495 -25
    endloop
  endfacet
  facet normal -0.935909 0.352243 0
    outer loop
      vertex -15.1509 5.14303 -30
      vertex -14.7821 6.12293 -25
      vertex -14.7821 6.12293 -30
    endloop
  endfacet
  facet normal -0.935909 0.352243 0
    outer loop
      vertex -14.7821 6.12293 -25
      vertex -15.1509 5.14303 -30
      vertex -15.1509 5.14303 -25
    endloop
  endfacet
  facet normal 0.986651 -0.162847 0
    outer loop
      vertex 15.6926 -3.12144 -25
      vertex 15.8631 -2.08842 -30
      vertex 15.8631 -2.08842 -25
    endloop
  endfacet
  facet normal 0.986651 -0.162847 0
    outer loop
      vertex 15.8631 -2.08842 -30
      vertex 15.6926 -3.12144 -25
      vertex 15.6926 -3.12144 -30
    endloop
  endfacet
  facet normal 0.290257 0.956949 -0
    outer loop
      vertex 5.14303 15.1509 -30
      vertex 4.1411 15.4548 -25
      vertex 5.14303 15.1509 -25
    endloop
  endfacet
  facet normal 0.290257 0.956949 0
    outer loop
      vertex 4.1411 15.4548 -25
      vertex 5.14303 15.1509 -30
      vertex 4.1411 15.4548 -30
    endloop
  endfacet
  facet normal -0.881904 -0.471429 0
    outer loop
      vertex -13.8564 -8 -30
      vertex -14.35 -7.07662 -25
      vertex -14.35 -7.07662 -30
    endloop
  endfacet
  facet normal -0.881904 -0.471429 0
    outer loop
      vertex -14.35 -7.07662 -25
      vertex -13.8564 -8 -30
      vertex -13.8564 -8 -25
    endloop
  endfacet
  facet normal -0.471429 -0.881904 0
    outer loop
      vertex -8 -13.8564 -30
      vertex -7.07662 -14.35 -25
      vertex -8 -13.8564 -25
    endloop
  endfacet
  facet normal -0.471429 -0.881904 -0
    outer loop
      vertex -7.07662 -14.35 -25
      vertex -8 -13.8564 -30
      vertex -7.07662 -14.35 -30
    endloop
  endfacet
  facet normal -0.849198 0.528075 0
    outer loop
      vertex -13.8564 8 -30
      vertex -13.3035 8.88912 -25
      vertex -13.3035 8.88912 -30
    endloop
  endfacet
  facet normal -0.849198 0.528075 0
    outer loop
      vertex -13.3035 8.88912 -25
      vertex -13.8564 8 -30
      vertex -13.8564 8 -25
    endloop
  endfacet
  facet normal 1 0 0
    outer loop
      vertex 5 -15 -22.01
      vertex 5 -15.1943 -25
      vertex 5 -15 -25
    endloop
  endfacet
  facet normal 1 -0 0
    outer loop
      vertex 5 -23 -22.01
      vertex 5 -15.1943 -25
      vertex 5 -15 -22.01
    endloop
  endfacet
  facet normal 1 0 0
    outer loop
      vertex 5 -23 -28.01
      vertex 5 -15.1943 -25
      vertex 5 -23 -22.01
    endloop
  endfacet
  facet normal 1 0 0
    outer loop
      vertex 5 -15.1943 -25
      vertex 5 -23 -28.01
      vertex 5 -15.1943 -28.01
    endloop
  endfacet
  facet normal -0 0 1
    outer loop
      vertex 0 -15 -22.01
      vertex 5 -23 -22.01
      vertex 5 -15 -22.01
    endloop
  endfacet
  facet normal 0 0 1
    outer loop
      vertex -5 -23 -22.01
      vertex 0 -15 -22.01
      vertex -5 -15 -22.01
    endloop
  endfacet
  facet normal 0 0 1
    outer loop
      vertex 0 -15 -22.01
      vertex -5 -23 -22.01
      vertex 5 -23 -22.01
    endloop
  endfacet
  facet normal 0 0 -1
    outer loop
      vertex 5 -23 -28.01
      vertex 4.1411 -15.4548 -28.01
      vertex 5 -15.1943 -28.01
    endloop
  endfacet
  facet normal 0 0 -1
    outer loop
      vertex 5 -23 -28.01
      vertex 3.12144 -15.6926 -28.01
      vertex 4.1411 -15.4548 -28.01
    endloop
  endfacet
  facet normal 0 0 -1
    outer loop
      vertex 5 -23 -28.01
      vertex 2.08842 -15.8631 -28.01
      vertex 3.12144 -15.6926 -28.01
    endloop
  endfacet
  facet normal 0 0 -1
    outer loop
      vertex 5 -23 -28.01
      vertex 1.04645 -15.9657 -28.01
      vertex 2.08842 -15.8631 -28.01
    endloop
  endfacet
  facet normal 0 0 -1
    outer loop
      vertex 5 -23 -28.01
      vertex 0 -16 -28.01
      vertex 1.04645 -15.9657 -28.01
    endloop
  endfacet
  facet normal 0 0 -1
    outer loop
      vertex -5 -23 -28.01
      vertex 0 -16 -28.01
      vertex 5 -23 -28.01
    endloop
  endfacet
  facet normal -0 0 -1
    outer loop
      vertex 0 -16 -28.01
      vertex -5 -23 -28.01
      vertex -1.04645 -15.9657 -28.01
    endloop
  endfacet
  facet normal -0 0 -1
    outer loop
      vertex -1.04645 -15.9657 -28.01
      vertex -5 -23 -28.01
      vertex -2.08842 -15.8631 -28.01
    endloop
  endfacet
  facet normal -0 0 -1
    outer loop
      vertex -2.08842 -15.8631 -28.01
      vertex -5 -23 -28.01
      vertex -3.12144 -15.6926 -28.01
    endloop
  endfacet
  facet normal -0 0 -1
    outer loop
      vertex -3.12144 -15.6926 -28.01
      vertex -5 -23 -28.01
      vertex -4.1411 -15.4548 -28.01
    endloop
  endfacet
  facet normal -0 0 -1
    outer loop
      vertex -4.1411 -15.4548 -28.01
      vertex -5 -23 -28.01
      vertex -5 -15.1943 -28.01
    endloop
  endfacet
  facet normal -1 0 0
    outer loop
      vertex -5 -15.1943 -28.01
      vertex -5 -23 -28.01
      vertex -5 -15.1943 -25
    endloop
  endfacet
  facet normal -1 0 0
    outer loop
      vertex -5 -15.1943 -25
      vertex -5 -15 -22.01
      vertex -5 -15 -25
    endloop
  endfacet
  facet normal -1 0 0
    outer loop
      vertex -5 -23 -22.01
      vertex -5 -15.1943 -25
      vertex -5 -23 -28.01
    endloop
  endfacet
  facet normal -1 0 0
    outer loop
      vertex -5 -15.1943 -25
      vertex -5 -23 -22.01
      vertex -5 -15 -22.01
    endloop
  endfacet
  facet normal 0 1 -0
    outer loop
      vertex 0 -15 -25
      vertex -5 -15 -22.01
      vertex 0 -15 -22.01
    endloop
  endfacet
  facet normal 0 1 0
    outer loop
      vertex -5 -15 -22.01
      vertex 0 -15 -25
      vertex -5 -15 -25
    endloop
  endfacet
  facet normal 0 1 -0
    outer loop
      vertex 5 -15 -25
      vertex 0 -15 -22.01
      vertex 5 -15 -22.01
    endloop
  endfacet
  facet normal 0 1 0
    outer loop
      vertex 0 -15 -22.01
      vertex 5 -15 -25
      vertex 0 -15 -25
    endloop
  endfacet
  facet normal 0 -1 0
    outer loop
      vertex -5 -23 -28.01
      vertex 5 -23 -22.01
      vertex -5 -23 -22.01
    endloop
  endfacet
  facet normal 0 -1 -0
    outer loop
      vertex 5 -23 -22.01
      vertex -5 -23 -28.01
      vertex 5 -23 -28.01
    endloop
  endfacet
  facet normal 0.995182 0.0980463 0
    outer loop
      vertex 2.49465 0.163507 50
      vertex 2.47861 0.326315 30.49
      vertex 2.47861 0.326315 50
    endloop
  endfacet
  facet normal 0.995182 0.0980463 0
    outer loop
      vertex 2.47861 0.326315 30.49
      vertex 2.49465 0.163507 50
      vertex 2.49465 0.163507 30.49
    endloop
  endfacet
  facet normal 0.999465 0.0327028 0
    outer loop
      vertex 2.5 0 50
      vertex 2.49465 0.163507 30.49
      vertex 2.49465 0.163507 50
    endloop
  endfacet
  facet normal 0.999465 0.0327028 0
    outer loop
      vertex 2.49465 0.163507 30.49
      vertex 2.5 0 50
      vertex 2.5 0 30.49
    endloop
  endfacet
  facet normal 0.910856 0.412725 0
    outer loop
      vertex 2.3097 0.956708 50
      vertex 2.24218 1.10572 30.49
      vertex 2.24218 1.10572 50
    endloop
  endfacet
  facet normal 0.910856 0.412725 0
    outer loop
      vertex 2.24218 1.10572 30.49
      vertex 2.3097 0.956708 50
      vertex 2.3097 0.956708 30.49
    endloop
  endfacet
  facet normal -0.634382 0.77302 0
    outer loop
      vertex -1.5219 1.98338 30.49
      vertex -1.64836 1.8796 50
      vertex -1.5219 1.98338 50
    endloop
  endfacet
  facet normal -0.634382 0.77302 0
    outer loop
      vertex -1.64836 1.8796 50
      vertex -1.5219 1.98338 30.49
      vertex -1.64836 1.8796 30.49
    endloop
  endfacet
  facet normal 0.935919 -0.352215 0
    outer loop
      vertex 2.3097 -0.956708 50
      vertex 2.36732 -0.803598 30.49
      vertex 2.36732 -0.803598 50
    endloop
  endfacet
  facet normal 0.935919 -0.352215 0
    outer loop
      vertex 2.36732 -0.803598 30.49
      vertex 2.3097 -0.956708 50
      vertex 2.3097 -0.956708 30.49
    endloop
  endfacet
  facet normal 0.0327028 0.999465 -0
    outer loop
      vertex 0.163507 2.49465 30.49
      vertex 0 2.5 50
      vertex 0.163507 2.49465 50
    endloop
  endfacet
  facet normal 0.0327028 0.999465 0
    outer loop
      vertex 0 2.5 50
      vertex 0.163507 2.49465 30.49
      vertex 0 2.5 30.49
    endloop
  endfacet
  facet normal 0.227084 -0.973875 0
    outer loop
      vertex 0.487725 -2.45196 30.49
      vertex 0.647047 -2.41481 50
      vertex 0.487725 -2.45196 50
    endloop
  endfacet
  facet normal 0.227084 -0.973875 0
    outer loop
      vertex 0.647047 -2.41481 50
      vertex 0.487725 -2.45196 30.49
      vertex 0.647047 -2.41481 30.49
    endloop
  endfacet
  facet normal 0.412725 -0.910856 0
    outer loop
      vertex 0.956708 -2.3097 30.49
      vertex 1.10572 -2.24218 50
      vertex 0.956708 -2.3097 50
    endloop
  endfacet
  facet normal 0.412725 -0.910856 0
    outer loop
      vertex 1.10572 -2.24218 50
      vertex 0.956708 -2.3097 30.49
      vertex 1.10572 -2.24218 30.49
    endloop
  endfacet
  facet normal -0.0980463 -0.995182 0
    outer loop
      vertex -0.326315 -2.47861 30.49
      vertex -0.163507 -2.49465 50
      vertex -0.326315 -2.47861 50
    endloop
  endfacet
  facet normal -0.0980463 -0.995182 -0
    outer loop
      vertex -0.163507 -2.49465 50
      vertex -0.326315 -2.47861 30.49
      vertex -0.163507 -2.49465 30.49
    endloop
  endfacet
  facet normal 0.352215 0.935919 -0
    outer loop
      vertex 0.956708 2.3097 30.49
      vertex 0.803598 2.36732 50
      vertex 0.956708 2.3097 50
    endloop
  endfacet
  facet normal 0.352215 0.935919 0
    outer loop
      vertex 0.803598 2.36732 50
      vertex 0.956708 2.3097 30.49
      vertex 0.803598 2.36732 30.49
    endloop
  endfacet
  facet normal 0.162902 -0.986642 0
    outer loop
      vertex 0.326315 -2.47861 30.49
      vertex 0.487725 -2.45196 50
      vertex 0.326315 -2.47861 50
    endloop
  endfacet
  facet normal 0.162902 -0.986642 0
    outer loop
      vertex 0.487725 -2.45196 50
      vertex 0.326315 -2.47861 30.49
      vertex 0.487725 -2.45196 30.49
    endloop
  endfacet
  facet normal 0.973875 0.227084 0
    outer loop
      vertex 2.45196 0.487725 50
      vertex 2.41481 0.647047 30.49
      vertex 2.41481 0.647047 50
    endloop
  endfacet
  facet normal 0.973875 0.227084 0
    outer loop
      vertex 2.41481 0.647047 30.49
      vertex 2.45196 0.487725 50
      vertex 2.45196 0.487725 30.49
    endloop
  endfacet
  facet normal -0.352215 0.935919 0
    outer loop
      vertex -0.803598 2.36732 30.49
      vertex -0.956708 2.3097 50
      vertex -0.803598 2.36732 50
    endloop
  endfacet
  facet normal -0.352215 0.935919 0
    outer loop
      vertex -0.956708 2.3097 50
      vertex -0.803598 2.36732 30.49
      vertex -0.956708 2.3097 30.49
    endloop
  endfacet
  facet normal 0.849208 -0.528058 0
    outer loop
      vertex 2.07867 -1.38893 50
      vertex 2.16506 -1.25 30.49
      vertex 2.16506 -1.25 50
    endloop
  endfacet
  facet normal 0.849208 -0.528058 0
    outer loop
      vertex 2.16506 -1.25 30.49
      vertex 2.07867 -1.38893 50
      vertex 2.07867 -1.38893 30.49
    endloop
  endfacet
  facet normal -0.412725 0.910856 0
    outer loop
      vertex -0.956708 2.3097 30.49
      vertex -1.10572 2.24218 50
      vertex -0.956708 2.3097 50
    endloop
  endfacet
  facet normal -0.412725 0.910856 0
    outer loop
      vertex -1.10572 2.24218 50
      vertex -0.956708 2.3097 30.49
      vertex -1.10572 2.24218 30.49
    endloop
  endfacet
  facet normal 0.582498 0.812832 -0
    outer loop
      vertex 1.5219 1.98338 30.49
      vertex 1.38893 2.07867 50
      vertex 1.5219 1.98338 50
    endloop
  endfacet
  facet normal 0.582498 0.812832 0
    outer loop
      vertex 1.38893 2.07867 50
      vertex 1.5219 1.98338 30.49
      vertex 1.38893 2.07867 30.49
    endloop
  endfacet
  facet normal -0.935919 -0.352215 0
    outer loop
      vertex -2.3097 -0.956708 30.49
      vertex -2.36732 -0.803598 50
      vertex -2.36732 -0.803598 30.49
    endloop
  endfacet
  facet normal -0.935919 -0.352215 0
    outer loop
      vertex -2.36732 -0.803598 50
      vertex -2.3097 -0.956708 30.49
      vertex -2.3097 -0.956708 50
    endloop
  endfacet
  facet normal 0.910856 -0.412725 0
    outer loop
      vertex 2.24218 -1.10572 50
      vertex 2.3097 -0.956708 30.49
      vertex 2.3097 -0.956708 50
    endloop
  endfacet
  facet normal 0.910856 -0.412725 0
    outer loop
      vertex 2.3097 -0.956708 30.49
      vertex 2.24218 -1.10572 50
      vertex 2.24218 -1.10572 30.49
    endloop
  endfacet
  facet normal 0 0 1
    outer loop
      vertex 2.49465 0.163507 50
      vertex 2.49465 -0.163507 50
      vertex 2.5 0 50
    endloop
  endfacet
  facet normal 0 0 1
    outer loop
      vertex 2.47861 0.326315 50
      vertex 2.49465 -0.163507 50
      vertex 2.49465 0.163507 50
    endloop
  endfacet
  facet normal 0 0 1
    outer loop
      vertex 2.47861 0.326315 50
      vertex 2.47861 -0.326315 50
      vertex 2.49465 -0.163507 50
    endloop
  endfacet
  facet normal 0 0 1
    outer loop
      vertex 2.45196 0.487725 50
      vertex 2.47861 -0.326315 50
      vertex 2.47861 0.326315 50
    endloop
  endfacet
  facet normal 0 0 1
    outer loop
      vertex 2.45196 0.487725 50
      vertex 2.45196 -0.487725 50
      vertex 2.47861 -0.326315 50
    endloop
  endfacet
  facet normal 0 0 1
    outer loop
      vertex 2.41481 0.647047 50
      vertex 2.45196 -0.487725 50
      vertex 2.45196 0.487725 50
    endloop
  endfacet
  facet normal 0 0 1
    outer loop
      vertex 2.41481 0.647047 50
      vertex 2.41481 -0.647047 50
      vertex 2.45196 -0.487725 50
    endloop
  endfacet
  facet normal 0 0 1
    outer loop
      vertex 2.36732 0.803598 50
      vertex 2.41481 -0.647047 50
      vertex 2.41481 0.647047 50
    endloop
  endfacet
  facet normal 0 0 1
    outer loop
      vertex 2.36732 0.803598 50
      vertex 2.36732 -0.803598 50
      vertex 2.41481 -0.647047 50
    endloop
  endfacet
  facet normal 0 0 1
    outer loop
      vertex 2.3097 0.956708 50
      vertex 2.36732 -0.803598 50
      vertex 2.36732 0.803598 50
    endloop
  endfacet
  facet normal 0 0 1
    outer loop
      vertex 2.3097 0.956708 50
      vertex 2.3097 -0.956708 50
      vertex 2.36732 -0.803598 50
    endloop
  endfacet
  facet normal 0 0 1
    outer loop
      vertex 2.24218 1.10572 50
      vertex 2.3097 -0.956708 50
      vertex 2.3097 0.956708 50
    endloop
  endfacet
  facet normal 0 0 1
    outer loop
      vertex 2.24218 1.10572 50
      vertex 2.24218 -1.10572 50
      vertex 2.3097 -0.956708 50
    endloop
  endfacet
  facet normal 0 0 1
    outer loop
      vertex 2.16506 1.25 50
      vertex 2.24218 -1.10572 50
      vertex 2.24218 1.10572 50
    endloop
  endfacet
  facet normal 0 0 1
    outer loop
      vertex 2.16506 1.25 50
      vertex 2.16506 -1.25 50
      vertex 2.24218 -1.10572 50
    endloop
  endfacet
  facet normal 0 0 1
    outer loop
      vertex 2.07867 1.38893 50
      vertex 2.16506 -1.25 50
      vertex 2.16506 1.25 50
    endloop
  endfacet
  facet normal 0 0 1
    outer loop
      vertex 2.07867 1.38893 50
      vertex 2.07867 -1.38893 50
      vertex 2.16506 -1.25 50
    endloop
  endfacet
  facet normal 0 0 1
    outer loop
      vertex 1.98338 1.5219 50
      vertex 2.07867 -1.38893 50
      vertex 2.07867 1.38893 50
    endloop
  endfacet
  facet normal 0 0 1
    outer loop
      vertex 1.98338 1.5219 50
      vertex 1.98338 -1.5219 50
      vertex 2.07867 -1.38893 50
    endloop
  endfacet
  facet normal 0 0 1
    outer loop
      vertex 1.8796 1.64836 50
      vertex 1.98338 -1.5219 50
      vertex 1.98338 1.5219 50
    endloop
  endfacet
  facet normal 0 0 1
    outer loop
      vertex 1.8796 1.64836 50
      vertex 1.8796 -1.64836 50
      vertex 1.98338 -1.5219 50
    endloop
  endfacet
  facet normal 0 0 1
    outer loop
      vertex 1.76777 1.76777 50
      vertex 1.8796 -1.64836 50
      vertex 1.8796 1.64836 50
    endloop
  endfacet
  facet normal 0 0 1
    outer loop
      vertex 1.76777 1.76777 50
      vertex 1.76777 -1.76777 50
      vertex 1.8796 -1.64836 50
    endloop
  endfacet
  facet normal 0 0 1
    outer loop
      vertex 1.64836 1.8796 50
      vertex 1.76777 -1.76777 50
      vertex 1.76777 1.76777 50
    endloop
  endfacet
  facet normal 0 0 1
    outer loop
      vertex 1.64836 1.8796 50
      vertex 1.64836 -1.8796 50
      vertex 1.76777 -1.76777 50
    endloop
  endfacet
  facet normal 0 0 1
    outer loop
      vertex 1.5219 1.98338 50
      vertex 1.64836 -1.8796 50
      vertex 1.64836 1.8796 50
    endloop
  endfacet
  facet normal 0 0 1
    outer loop
      vertex 1.5219 1.98338 50
      vertex 1.5219 -1.98338 50
      vertex 1.64836 -1.8796 50
    endloop
  endfacet
  facet normal 0 0 1
    outer loop
      vertex 1.38893 2.07867 50
      vertex 1.5219 -1.98338 50
      vertex 1.5219 1.98338 50
    endloop
  endfacet
  facet normal 0 0 1
    outer loop
      vertex 1.38893 2.07867 50
      vertex 1.38893 -2.07867 50
      vertex 1.5219 -1.98338 50
    endloop
  endfacet
  facet normal 0 0 1
    outer loop
      vertex 1.25 2.16506 50
      vertex 1.38893 -2.07867 50
      vertex 1.38893 2.07867 50
    endloop
  endfacet
  facet normal 0 0 1
    outer loop
      vertex 1.25 2.16506 50
      vertex 1.25 -2.16506 50
      vertex 1.38893 -2.07867 50
    endloop
  endfacet
  facet normal 0 0 1
    outer loop
      vertex 1.10572 2.24218 50
      vertex 1.25 -2.16506 50
      vertex 1.25 2.16506 50
    endloop
  endfacet
  facet normal 0 0 1
    outer loop
      vertex 1.10572 2.24218 50
      vertex 1.10572 -2.24218 50
      vertex 1.25 -2.16506 50
    endloop
  endfacet
  facet normal 0 0 1
    outer loop
      vertex 0.956708 2.3097 50
      vertex 1.10572 -2.24218 50
      vertex 1.10572 2.24218 50
    endloop
  endfacet
  facet normal 0 0 1
    outer loop
      vertex 0.956708 2.3097 50
      vertex 0.956708 -2.3097 50
      vertex 1.10572 -2.24218 50
    endloop
  endfacet
  facet normal 0 0 1
    outer loop
      vertex 0.803598 2.36732 50
      vertex 0.956708 -2.3097 50
      vertex 0.956708 2.3097 50
    endloop
  endfacet
  facet normal 0 0 1
    outer loop
      vertex 0.803598 2.36732 50
      vertex 0.803598 -2.36732 50
      vertex 0.956708 -2.3097 50
    endloop
  endfacet
  facet normal 0 0 1
    outer loop
      vertex 0.647047 2.41481 50
      vertex 0.803598 -2.36732 50
      vertex 0.803598 2.36732 50
    endloop
  endfacet
  facet normal 0 0 1
    outer loop
      vertex 0.647047 2.41481 50
      vertex 0.647047 -2.41481 50
      vertex 0.803598 -2.36732 50
    endloop
  endfacet
  facet normal 0 0 1
    outer loop
      vertex 0.487725 2.45196 50
      vertex 0.647047 -2.41481 50
      vertex 0.647047 2.41481 50
    endloop
  endfacet
  facet normal 0 0 1
    outer loop
      vertex 0.487725 2.45196 50
      vertex 0.487725 -2.45196 50
      vertex 0.647047 -2.41481 50
    endloop
  endfacet
  facet normal 0 0 1
    outer loop
      vertex 0.326315 2.47861 50
      vertex 0.487725 -2.45196 50
      vertex 0.487725 2.45196 50
    endloop
  endfacet
  facet normal 0 0 1
    outer loop
      vertex 0.326315 2.47861 50
      vertex 0.326315 -2.47861 50
      vertex 0.487725 -2.45196 50
    endloop
  endfacet
  facet normal 0 0 1
    outer loop
      vertex 0.163507 2.49465 50
      vertex 0.326315 -2.47861 50
      vertex 0.326315 2.47861 50
    endloop
  endfacet
  facet normal 0 0 1
    outer loop
      vertex 0.163507 2.49465 50
      vertex 0.163507 -2.49465 50
      vertex 0.326315 -2.47861 50
    endloop
  endfacet
  facet normal 0 0 1
    outer loop
      vertex 0 2.5 50
      vertex 0.163507 -2.49465 50
      vertex 0.163507 2.49465 50
    endloop
  endfacet
  facet normal 0 0 1
    outer loop
      vertex 0 2.5 50
      vertex 0 -2.5 50
      vertex 0.163507 -2.49465 50
    endloop
  endfacet
  facet normal -0 0 1
    outer loop
      vertex -0.163507 2.49465 50
      vertex 0 -2.5 50
      vertex 0 2.5 50
    endloop
  endfacet
  facet normal 0 0 1
    outer loop
      vertex -0.163507 2.49465 50
      vertex -0.163507 -2.49465 50
      vertex 0 -2.5 50
    endloop
  endfacet
  facet normal -0 0 1
    outer loop
      vertex -0.326315 2.47861 50
      vertex -0.163507 -2.49465 50
      vertex -0.163507 2.49465 50
    endloop
  endfacet
  facet normal 0 0 1
    outer loop
      vertex -0.326315 2.47861 50
      vertex -0.326315 -2.47861 50
      vertex -0.163507 -2.49465 50
    endloop
  endfacet
  facet normal -0 0 1
    outer loop
      vertex -0.487725 2.45196 50
      vertex -0.326315 -2.47861 50
      vertex -0.326315 2.47861 50
    endloop
  endfacet
  facet normal 0 0 1
    outer loop
      vertex -0.487725 2.45196 50
      vertex -0.487725 -2.45196 50
      vertex -0.326315 -2.47861 50
    endloop
  endfacet
  facet normal -0 0 1
    outer loop
      vertex -0.647047 2.41481 50
      vertex -0.487725 -2.45196 50
      vertex -0.487725 2.45196 50
    endloop
  endfacet
  facet normal 0 0 1
    outer loop
      vertex -0.647047 2.41481 50
      vertex -0.647047 -2.41481 50
      vertex -0.487725 -2.45196 50
    endloop
  endfacet
  facet normal -0 0 1
    outer loop
      vertex -0.803598 2.36732 50
      vertex -0.647047 -2.41481 50
      vertex -0.647047 2.41481 50
    endloop
  endfacet
  facet normal 0 0 1
    outer loop
      vertex -0.803598 2.36732 50
      vertex -0.803598 -2.36732 50
      vertex -0.647047 -2.41481 50
    endloop
  endfacet
  facet normal -0 0 1
    outer loop
      vertex -0.956708 2.3097 50
      vertex -0.803598 -2.36732 50
      vertex -0.803598 2.36732 50
    endloop
  endfacet
  facet normal 0 0 1
    outer loop
      vertex -0.956708 2.3097 50
      vertex -0.956708 -2.3097 50
      vertex -0.803598 -2.36732 50
    endloop
  endfacet
  facet normal -0 0 1
    outer loop
      vertex -1.10572 2.24218 50
      vertex -0.956708 -2.3097 50
      vertex -0.956708 2.3097 50
    endloop
  endfacet
  facet normal 0 0 1
    outer loop
      vertex -1.10572 2.24218 50
      vertex -1.10572 -2.24218 50
      vertex -0.956708 -2.3097 50
    endloop
  endfacet
  facet normal -0 0 1
    outer loop
      vertex -1.25 2.16506 50
      vertex -1.10572 -2.24218 50
      vertex -1.10572 2.24218 50
    endloop
  endfacet
  facet normal 0 0 1
    outer loop
      vertex -1.25 2.16506 50
      vertex -1.25 -2.16506 50
      vertex -1.10572 -2.24218 50
    endloop
  endfacet
  facet normal -0 0 1
    outer loop
      vertex -1.38893 2.07867 50
      vertex -1.25 -2.16506 50
      vertex -1.25 2.16506 50
    endloop
  endfacet
  facet normal 0 0 1
    outer loop
      vertex -1.38893 2.07867 50
      vertex -1.38893 -2.07867 50
      vertex -1.25 -2.16506 50
    endloop
  endfacet
  facet normal -0 0 1
    outer loop
      vertex -1.5219 1.98338 50
      vertex -1.38893 -2.07867 50
      vertex -1.38893 2.07867 50
    endloop
  endfacet
  facet normal 0 0 1
    outer loop
      vertex -1.5219 1.98338 50
      vertex -1.5219 -1.98338 50
      vertex -1.38893 -2.07867 50
    endloop
  endfacet
  facet normal -0 0 1
    outer loop
      vertex -1.64836 1.8796 50
      vertex -1.5219 -1.98338 50
      vertex -1.5219 1.98338 50
    endloop
  endfacet
  facet normal 0 0 1
    outer loop
      vertex -1.64836 1.8796 50
      vertex -1.64836 -1.8796 50
      vertex -1.5219 -1.98338 50
    endloop
  endfacet
  facet normal -0 0 1
    outer loop
      vertex -1.76777 1.76777 50
      vertex -1.64836 -1.8796 50
      vertex -1.64836 1.8796 50
    endloop
  endfacet
  facet normal 0 0 1
    outer loop
      vertex -1.76777 1.76777 50
      vertex -1.76777 -1.76777 50
      vertex -1.64836 -1.8796 50
    endloop
  endfacet
  facet normal -0 0 1
    outer loop
      vertex -1.8796 1.64836 50
      vertex -1.76777 -1.76777 50
      vertex -1.76777 1.76777 50
    endloop
  endfacet
  facet normal 0 0 1
    outer loop
      vertex -1.8796 1.64836 50
      vertex -1.8796 -1.64836 50
      vertex -1.76777 -1.76777 50
    endloop
  endfacet
  facet normal -0 0 1
    outer loop
      vertex -1.98338 1.5219 50
      vertex -1.8796 -1.64836 50
      vertex -1.8796 1.64836 50
    endloop
  endfacet
  facet normal 0 0 1
    outer loop
      vertex -1.98338 1.5219 50
      vertex -1.98338 -1.5219 50
      vertex -1.8796 -1.64836 50
    endloop
  endfacet
  facet normal -0 0 1
    outer loop
      vertex -2.07867 1.38893 50
      vertex -1.98338 -1.5219 50
      vertex -1.98338 1.5219 50
    endloop
  endfacet
  facet normal 0 0 1
    outer loop
      vertex -2.07867 1.38893 50
      vertex -2.07867 -1.38893 50
      vertex -1.98338 -1.5219 50
    endloop
  endfacet
  facet normal -0 0 1
    outer loop
      vertex -2.16506 1.25 50
      vertex -2.07867 -1.38893 50
      vertex -2.07867 1.38893 50
    endloop
  endfacet
  facet normal 0 0 1
    outer loop
      vertex -2.16506 1.25 50
      vertex -2.16506 -1.25 50
      vertex -2.07867 -1.38893 50
    endloop
  endfacet
  facet normal -0 0 1
    outer loop
      vertex -2.24218 1.10572 50
      vertex -2.16506 -1.25 50
      vertex -2.16506 1.25 50
    endloop
  endfacet
  facet normal 0 0 1
    outer loop
      vertex -2.24218 1.10572 50
      vertex -2.24218 -1.10572 50
      vertex -2.16506 -1.25 50
    endloop
  endfacet
  facet normal -0 0 1
    outer loop
      vertex -2.3097 0.956708 50
      vertex -2.24218 -1.10572 50
      vertex -2.24218 1.10572 50
    endloop
  endfacet
  facet normal 0 0 1
    outer loop
      vertex -2.3097 0.956708 50
      vertex -2.3097 -0.956708 50
      vertex -2.24218 -1.10572 50
    endloop
  endfacet
  facet normal -0 0 1
    outer loop
      vertex -2.36732 0.803598 50
      vertex -2.3097 -0.956708 50
      vertex -2.3097 0.956708 50
    endloop
  endfacet
  facet normal 0 0 1
    outer loop
      vertex -2.36732 0.803598 50
      vertex -2.36732 -0.803598 50
      vertex -2.3097 -0.956708 50
    endloop
  endfacet
  facet normal -0 0 1
    outer loop
      vertex -2.41481 0.647047 50
      vertex -2.36732 -0.803598 50
      vertex -2.36732 0.803598 50
    endloop
  endfacet
  facet normal 0 0 1
    outer loop
      vertex -2.41481 0.647047 50
      vertex -2.41481 -0.647047 50
      vertex -2.36732 -0.803598 50
    endloop
  endfacet
  facet normal -0 0 1
    outer loop
      vertex -2.45196 0.487725 50
      vertex -2.41481 -0.647047 50
      vertex -2.41481 0.647047 50
    endloop
  endfacet
  facet normal 0 0 1
    outer loop
      vertex -2.45196 0.487725 50
      vertex -2.45196 -0.487725 50
      vertex -2.41481 -0.647047 50
    endloop
  endfacet
  facet normal -0 0 1
    outer loop
      vertex -2.47861 0.326315 50
      vertex -2.45196 -0.487725 50
      vertex -2.45196 0.487725 50
    endloop
  endfacet
  facet normal 0 0 1
    outer loop
      vertex -2.47861 0.326315 50
      vertex -2.47861 -0.326315 50
      vertex -2.45196 -0.487725 50
    endloop
  endfacet
  facet normal -0 0 1
    outer loop
      vertex -2.49465 0.163507 50
      vertex -2.47861 -0.326315 50
      vertex -2.47861 0.326315 50
    endloop
  endfacet
  facet normal 0 0 1
    outer loop
      vertex -2.49465 0.163507 50
      vertex -2.49465 -0.163507 50
      vertex -2.47861 -0.326315 50
    endloop
  endfacet
  facet normal 0 -0 1
    outer loop
      vertex -2.49465 -0.163507 50
      vertex -2.49465 0.163507 50
      vertex -2.5 0 50
    endloop
  endfacet
  facet normal 0.412725 0.910856 -0
    outer loop
      vertex 1.10572 2.24218 30.49
      vertex 0.956708 2.3097 50
      vertex 1.10572 2.24218 50
    endloop
  endfacet
  facet normal 0.412725 0.910856 0
    outer loop
      vertex 0.956708 2.3097 50
      vertex 1.10572 2.24218 30.49
      vertex 0.956708 2.3097 30.49
    endloop
  endfacet
  facet normal -0.528058 0.849208 0
    outer loop
      vertex -1.25 2.16506 30.49
      vertex -1.38893 2.07867 50
      vertex -1.25 2.16506 50
    endloop
  endfacet
  facet normal -0.528058 0.849208 0
    outer loop
      vertex -1.38893 2.07867 50
      vertex -1.25 2.16506 30.49
      vertex -1.38893 2.07867 30.49
    endloop
  endfacet
  facet normal -0.849208 0.528058 0
    outer loop
      vertex -2.16506 1.25 30.49
      vertex -2.07867 1.38893 50
      vertex -2.07867 1.38893 30.49
    endloop
  endfacet
  facet normal -0.849208 0.528058 0
    outer loop
      vertex -2.07867 1.38893 50
      vertex -2.16506 1.25 30.49
      vertex -2.16506 1.25 50
    endloop
  endfacet
  facet normal 0.956939 0.290289 0
    outer loop
      vertex 2.41481 0.647047 50
      vertex 2.36732 0.803598 30.49
      vertex 2.36732 0.803598 50
    endloop
  endfacet
  facet normal 0.956939 0.290289 0
    outer loop
      vertex 2.36732 0.803598 30.49
      vertex 2.41481 0.647047 50
      vertex 2.41481 0.647047 30.49
    endloop
  endfacet
  facet normal 0.683561 -0.729894 0
    outer loop
      vertex 1.64836 -1.8796 30.49
      vertex 1.76777 -1.76777 50
      vertex 1.64836 -1.8796 50
    endloop
  endfacet
  facet normal 0.683561 -0.729894 0
    outer loop
      vertex 1.76777 -1.76777 50
      vertex 1.64836 -1.8796 30.49
      vertex 1.76777 -1.76777 30.49
    endloop
  endfacet
  facet normal -0.227084 -0.973875 0
    outer loop
      vertex -0.647047 -2.41481 30.49
      vertex -0.487725 -2.45196 50
      vertex -0.647047 -2.41481 50
    endloop
  endfacet
  facet normal -0.227084 -0.973875 -0
    outer loop
      vertex -0.487725 -2.45196 50
      vertex -0.647047 -2.41481 30.49
      vertex -0.487725 -2.45196 30.49
    endloop
  endfacet
  facet normal 0.956939 -0.290289 0
    outer loop
      vertex 2.36732 -0.803598 50
      vertex 2.41481 -0.647047 30.49
      vertex 2.41481 -0.647047 50
    endloop
  endfacet
  facet normal 0.956939 -0.290289 0
    outer loop
      vertex 2.41481 -0.647047 30.49
      vertex 2.36732 -0.803598 50
      vertex 2.36732 -0.803598 30.49
    endloop
  endfacet
  facet normal -0.4714 0.881919 0
    outer loop
      vertex -1.10572 2.24218 30.49
      vertex -1.25 2.16506 50
      vertex -1.10572 2.24218 50
    endloop
  endfacet
  facet normal -0.4714 0.881919 0
    outer loop
      vertex -1.25 2.16506 50
      vertex -1.10572 2.24218 30.49
      vertex -1.25 2.16506 30.49
    endloop
  endfacet
  facet normal 0.0327028 -0.999465 0
    outer loop
      vertex 0 -2.5 30.49
      vertex 0.163507 -2.49465 50
      vertex 0 -2.5 50
    endloop
  endfacet
  facet normal 0.0327028 -0.999465 0
    outer loop
      vertex 0.163507 -2.49465 50
      vertex 0 -2.5 30.49
      vertex 0.163507 -2.49465 30.49
    endloop
  endfacet
  facet normal -0.935919 0.352215 0
    outer loop
      vertex -2.36732 0.803598 30.49
      vertex -2.3097 0.956708 50
      vertex -2.3097 0.956708 30.49
    endloop
  endfacet
  facet normal -0.935919 0.352215 0
    outer loop
      vertex -2.3097 0.956708 50
      vertex -2.36732 0.803598 30.49
      vertex -2.36732 0.803598 50
    endloop
  endfacet
  facet normal 0.812832 0.582498 0
    outer loop
      vertex 2.07867 1.38893 50
      vertex 1.98338 1.5219 30.49
      vertex 1.98338 1.5219 50
    endloop
  endfacet
  facet normal 0.812832 0.582498 0
    outer loop
      vertex 1.98338 1.5219 30.49
      vertex 2.07867 1.38893 50
      vertex 2.07867 1.38893 30.49
    endloop
  endfacet
  facet normal -0.352215 -0.935919 0
    outer loop
      vertex -0.956708 -2.3097 30.49
      vertex -0.803598 -2.36732 50
      vertex -0.956708 -2.3097 50
    endloop
  endfacet
  facet normal -0.352215 -0.935919 -0
    outer loop
      vertex -0.803598 -2.36732 50
      vertex -0.956708 -2.3097 30.49
      vertex -0.803598 -2.36732 30.49
    endloop
  endfacet
  facet normal -0.956939 0.290289 0
    outer loop
      vertex -2.41481 0.647047 30.49
      vertex -2.36732 0.803598 50
      vertex -2.36732 0.803598 30.49
    endloop
  endfacet
  facet normal -0.956939 0.290289 0
    outer loop
      vertex -2.36732 0.803598 50
      vertex -2.41481 0.647047 30.49
      vertex -2.41481 0.647047 50
    endloop
  endfacet
  facet normal 0.849208 0.528058 0
    outer loop
      vertex 2.16506 1.25 50
      vertex 2.07867 1.38893 30.49
      vertex 2.07867 1.38893 50
    endloop
  endfacet
  facet normal 0.849208 0.528058 0
    outer loop
      vertex 2.07867 1.38893 30.49
      vertex 2.16506 1.25 50
      vertex 2.16506 1.25 30.49
    endloop
  endfacet
  facet normal -0.162902 0.986642 0
    outer loop
      vertex -0.326315 2.47861 30.49
      vertex -0.487725 2.45196 50
      vertex -0.326315 2.47861 50
    endloop
  endfacet
  facet normal -0.162902 0.986642 0
    outer loop
      vertex -0.487725 2.45196 50
      vertex -0.326315 2.47861 30.49
      vertex -0.487725 2.45196 30.49
    endloop
  endfacet
  facet normal 0.77302 0.634382 0
    outer loop
      vertex 1.98338 1.5219 50
      vertex 1.8796 1.64836 30.49
      vertex 1.8796 1.64836 50
    endloop
  endfacet
  facet normal 0.77302 0.634382 0
    outer loop
      vertex 1.8796 1.64836 30.49
      vertex 1.98338 1.5219 50
      vertex 1.98338 1.5219 30.49
    endloop
  endfacet
  facet normal -0.973875 0.227084 0
    outer loop
      vertex -2.45196 0.487725 30.49
      vertex -2.41481 0.647047 50
      vertex -2.41481 0.647047 30.49
    endloop
  endfacet
  facet normal -0.973875 0.227084 0
    outer loop
      vertex -2.41481 0.647047 50
      vertex -2.45196 0.487725 30.49
      vertex -2.45196 0.487725 50
    endloop
  endfacet
  facet normal -0.999465 -0.0327028 0
    outer loop
      vertex -2.49465 -0.163507 30.49
      vertex -2.5 0 50
      vertex -2.5 0 30.49
    endloop
  endfacet
  facet normal -0.999465 -0.0327028 0
    outer loop
      vertex -2.5 0 50
      vertex -2.49465 -0.163507 30.49
      vertex -2.49465 -0.163507 50
    endloop
  endfacet
  facet normal 0.881919 -0.4714 0
    outer loop
      vertex 2.16506 -1.25 50
      vertex 2.24218 -1.10572 30.49
      vertex 2.24218 -1.10572 50
    endloop
  endfacet
  facet normal 0.881919 -0.4714 0
    outer loop
      vertex 2.24218 -1.10572 30.49
      vertex 2.16506 -1.25 50
      vertex 2.16506 -1.25 30.49
    endloop
  endfacet
  facet normal 0.999465 -0.0327028 0
    outer loop
      vertex 2.49465 -0.163507 50
      vertex 2.5 0 30.49
      vertex 2.5 0 50
    endloop
  endfacet
  facet normal 0.999465 -0.0327028 0
    outer loop
      vertex 2.5 0 30.49
      vertex 2.49465 -0.163507 50
      vertex 2.49465 -0.163507 30.49
    endloop
  endfacet
  facet normal 0.729894 0.683561 0
    outer loop
      vertex 1.8796 1.64836 50
      vertex 1.76777 1.76777 30.49
      vertex 1.76777 1.76777 50
    endloop
  endfacet
  facet normal 0.729894 0.683561 0
    outer loop
      vertex 1.76777 1.76777 30.49
      vertex 1.8796 1.64836 50
      vertex 1.8796 1.64836 30.49
    endloop
  endfacet
  facet normal -0.683561 -0.729894 0
    outer loop
      vertex -1.76777 -1.76777 30.49
      vertex -1.64836 -1.8796 50
      vertex -1.76777 -1.76777 50
    endloop
  endfacet
  facet normal -0.683561 -0.729894 -0
    outer loop
      vertex -1.64836 -1.8796 50
      vertex -1.76777 -1.76777 30.49
      vertex -1.64836 -1.8796 30.49
    endloop
  endfacet
  facet normal 0.4714 -0.881919 0
    outer loop
      vertex 1.10572 -2.24218 30.49
      vertex 1.25 -2.16506 50
      vertex 1.10572 -2.24218 50
    endloop
  endfacet
  facet normal 0.4714 -0.881919 0
    outer loop
      vertex 1.25 -2.16506 50
      vertex 1.10572 -2.24218 30.49
      vertex 1.25 -2.16506 30.49
    endloop
  endfacet
  facet normal -0.582498 0.812832 0
    outer loop
      vertex -1.38893 2.07867 30.49
      vertex -1.5219 1.98338 50
      vertex -1.38893 2.07867 50
    endloop
  endfacet
  facet normal -0.582498 0.812832 0
    outer loop
      vertex -1.5219 1.98338 50
      vertex -1.38893 2.07867 30.49
      vertex -1.5219 1.98338 30.49
    endloop
  endfacet
  facet normal 0.77302 -0.634382 0
    outer loop
      vertex 1.8796 -1.64836 50
      vertex 1.98338 -1.5219 30.49
      vertex 1.98338 -1.5219 50
    endloop
  endfacet
  facet normal 0.77302 -0.634382 0
    outer loop
      vertex 1.98338 -1.5219 30.49
      vertex 1.8796 -1.64836 50
      vertex 1.8796 -1.64836 30.49
    endloop
  endfacet
  facet normal 0.881919 0.4714 0
    outer loop
      vertex 2.24218 1.10572 50
      vertex 2.16506 1.25 30.49
      vertex 2.16506 1.25 50
    endloop
  endfacet
  facet normal 0.881919 0.4714 0
    outer loop
      vertex 2.16506 1.25 30.49
      vertex 2.24218 1.10572 50
      vertex 2.24218 1.10572 30.49
    endloop
  endfacet
  facet normal -0.973875 -0.227084 0
    outer loop
      vertex -2.41481 -0.647047 30.49
      vertex -2.45196 -0.487725 50
      vertex -2.45196 -0.487725 30.49
    endloop
  endfacet
  facet normal -0.973875 -0.227084 0
    outer loop
      vertex -2.45196 -0.487725 50
      vertex -2.41481 -0.647047 30.49
      vertex -2.41481 -0.647047 50
    endloop
  endfacet
  facet normal 0.290289 -0.956939 0
    outer loop
      vertex 0.647047 -2.41481 30.49
      vertex 0.803598 -2.36732 50
      vertex 0.647047 -2.41481 50
    endloop
  endfacet
  facet normal 0.290289 -0.956939 0
    outer loop
      vertex 0.803598 -2.36732 50
      vertex 0.647047 -2.41481 30.49
      vertex 0.803598 -2.36732 30.49
    endloop
  endfacet
  facet normal -0.995182 -0.0980463 0
    outer loop
      vertex -2.47861 -0.326315 30.49
      vertex -2.49465 -0.163507 50
      vertex -2.49465 -0.163507 30.49
    endloop
  endfacet
  facet normal -0.995182 -0.0980463 0
    outer loop
      vertex -2.49465 -0.163507 50
      vertex -2.47861 -0.326315 30.49
      vertex -2.47861 -0.326315 50
    endloop
  endfacet
  facet normal -0.986642 -0.162902 0
    outer loop
      vertex -2.45196 -0.487725 30.49
      vertex -2.47861 -0.326315 50
      vertex -2.47861 -0.326315 30.49
    endloop
  endfacet
  facet normal -0.986642 -0.162902 0
    outer loop
      vertex -2.47861 -0.326315 50
      vertex -2.45196 -0.487725 30.49
      vertex -2.45196 -0.487725 50
    endloop
  endfacet
  facet normal -0.77302 0.634382 0
    outer loop
      vertex -1.98338 1.5219 30.49
      vertex -1.8796 1.64836 50
      vertex -1.8796 1.64836 30.49
    endloop
  endfacet
  facet normal -0.77302 0.634382 0
    outer loop
      vertex -1.8796 1.64836 50
      vertex -1.98338 1.5219 30.49
      vertex -1.98338 1.5219 50
    endloop
  endfacet
  facet normal 0.729894 -0.683561 0
    outer loop
      vertex 1.76777 -1.76777 50
      vertex 1.8796 -1.64836 30.49
      vertex 1.8796 -1.64836 50
    endloop
  endfacet
  facet normal 0.729894 -0.683561 0
    outer loop
      vertex 1.8796 -1.64836 30.49
      vertex 1.76777 -1.76777 50
      vertex 1.76777 -1.76777 30.49
    endloop
  endfacet
  facet normal 0.162902 0.986642 -0
    outer loop
      vertex 0.487725 2.45196 30.49
      vertex 0.326315 2.47861 50
      vertex 0.487725 2.45196 50
    endloop
  endfacet
  facet normal 0.162902 0.986642 0
    outer loop
      vertex 0.326315 2.47861 50
      vertex 0.487725 2.45196 30.49
      vertex 0.326315 2.47861 30.49
    endloop
  endfacet
  facet normal 0.528058 0.849208 -0
    outer loop
      vertex 1.38893 2.07867 30.49
      vertex 1.25 2.16506 50
      vertex 1.38893 2.07867 50
    endloop
  endfacet
  facet normal 0.528058 0.849208 0
    outer loop
      vertex 1.25 2.16506 50
      vertex 1.38893 2.07867 30.49
      vertex 1.25 2.16506 30.49
    endloop
  endfacet
  facet normal 0.352215 -0.935919 0
    outer loop
      vertex 0.803598 -2.36732 30.49
      vertex 0.956708 -2.3097 50
      vertex 0.803598 -2.36732 50
    endloop
  endfacet
  facet normal 0.352215 -0.935919 0
    outer loop
      vertex 0.956708 -2.3097 50
      vertex 0.803598 -2.36732 30.49
      vertex 0.956708 -2.3097 30.49
    endloop
  endfacet
  facet normal -0.162902 -0.986642 0
    outer loop
      vertex -0.487725 -2.45196 30.49
      vertex -0.326315 -2.47861 50
      vertex -0.487725 -2.45196 50
    endloop
  endfacet
  facet normal -0.162902 -0.986642 -0
    outer loop
      vertex -0.326315 -2.47861 50
      vertex -0.487725 -2.45196 30.49
      vertex -0.326315 -2.47861 30.49
    endloop
  endfacet
  facet normal -0.0327028 -0.999465 0
    outer loop
      vertex -0.163507 -2.49465 30.49
      vertex 0 -2.5 50
      vertex -0.163507 -2.49465 50
    endloop
  endfacet
  facet normal -0.0327028 -0.999465 -0
    outer loop
      vertex 0 -2.5 50
      vertex -0.163507 -2.49465 30.49
      vertex 0 -2.5 30.49
    endloop
  endfacet
  facet normal -0.956939 -0.290289 0
    outer loop
      vertex -2.36732 -0.803598 30.49
      vertex -2.41481 -0.647047 50
      vertex -2.41481 -0.647047 30.49
    endloop
  endfacet
  facet normal -0.956939 -0.290289 0
    outer loop
      vertex -2.41481 -0.647047 50
      vertex -2.36732 -0.803598 30.49
      vertex -2.36732 -0.803598 50
    endloop
  endfacet
  facet normal 0.4714 0.881919 -0
    outer loop
      vertex 1.25 2.16506 30.49
      vertex 1.10572 2.24218 50
      vertex 1.25 2.16506 50
    endloop
  endfacet
  facet normal 0.4714 0.881919 0
    outer loop
      vertex 1.10572 2.24218 50
      vertex 1.25 2.16506 30.49
      vertex 1.10572 2.24218 30.49
    endloop
  endfacet
  facet normal -0.634382 -0.77302 0
    outer loop
      vertex -1.64836 -1.8796 30.49
      vertex -1.5219 -1.98338 50
      vertex -1.64836 -1.8796 50
    endloop
  endfacet
  facet normal -0.634382 -0.77302 -0
    outer loop
      vertex -1.5219 -1.98338 50
      vertex -1.64836 -1.8796 30.49
      vertex -1.5219 -1.98338 30.49
    endloop
  endfacet
  facet normal -0.812832 -0.582498 0
    outer loop
      vertex -1.98338 -1.5219 30.49
      vertex -2.07867 -1.38893 50
      vertex -2.07867 -1.38893 30.49
    endloop
  endfacet
  facet normal -0.812832 -0.582498 0
    outer loop
      vertex -2.07867 -1.38893 50
      vertex -1.98338 -1.5219 30.49
      vertex -1.98338 -1.5219 50
    endloop
  endfacet
  facet normal 0.935919 0.352215 0
    outer loop
      vertex 2.36732 0.803598 50
      vertex 2.3097 0.956708 30.49
      vertex 2.3097 0.956708 50
    endloop
  endfacet
  facet normal 0.935919 0.352215 0
    outer loop
      vertex 2.3097 0.956708 30.49
      vertex 2.36732 0.803598 50
      vertex 2.36732 0.803598 30.49
    endloop
  endfacet
  facet normal -0.849208 -0.528058 0
    outer loop
      vertex -2.07867 -1.38893 30.49
      vertex -2.16506 -1.25 50
      vertex -2.16506 -1.25 30.49
    endloop
  endfacet
  facet normal -0.849208 -0.528058 0
    outer loop
      vertex -2.16506 -1.25 50
      vertex -2.07867 -1.38893 30.49
      vertex -2.07867 -1.38893 50
    endloop
  endfacet
  facet normal 0.0980463 -0.995182 0
    outer loop
      vertex 0.163507 -2.49465 30.49
      vertex 0.326315 -2.47861 50
      vertex 0.163507 -2.49465 50
    endloop
  endfacet
  facet normal 0.0980463 -0.995182 0
    outer loop
      vertex 0.326315 -2.47861 50
      vertex 0.163507 -2.49465 30.49
      vertex 0.326315 -2.47861 30.49
    endloop
  endfacet
  facet normal 0.683561 0.729894 -0
    outer loop
      vertex 1.76777 1.76777 30.49
      vertex 1.64836 1.8796 50
      vertex 1.76777 1.76777 50
    endloop
  endfacet
  facet normal 0.683561 0.729894 0
    outer loop
      vertex 1.64836 1.8796 50
      vertex 1.76777 1.76777 30.49
      vertex 1.64836 1.8796 30.49
    endloop
  endfacet
  facet normal 0.986642 0.162902 0
    outer loop
      vertex 2.47861 0.326315 50
      vertex 2.45196 0.487725 30.49
      vertex 2.45196 0.487725 50
    endloop
  endfacet
  facet normal 0.986642 0.162902 0
    outer loop
      vertex 2.45196 0.487725 30.49
      vertex 2.47861 0.326315 50
      vertex 2.47861 0.326315 30.49
    endloop
  endfacet
  facet normal 0.812832 -0.582498 0
    outer loop
      vertex 1.98338 -1.5219 50
      vertex 2.07867 -1.38893 30.49
      vertex 2.07867 -1.38893 50
    endloop
  endfacet
  facet normal 0.812832 -0.582498 0
    outer loop
      vertex 2.07867 -1.38893 30.49
      vertex 1.98338 -1.5219 50
      vertex 1.98338 -1.5219 30.49
    endloop
  endfacet
  facet normal 0.973875 -0.227084 0
    outer loop
      vertex 2.41481 -0.647047 50
      vertex 2.45196 -0.487725 30.49
      vertex 2.45196 -0.487725 50
    endloop
  endfacet
  facet normal 0.973875 -0.227084 0
    outer loop
      vertex 2.45196 -0.487725 30.49
      vertex 2.41481 -0.647047 50
      vertex 2.41481 -0.647047 30.49
    endloop
  endfacet
  facet normal -0.227084 0.973875 0
    outer loop
      vertex -0.487725 2.45196 30.49
      vertex -0.647047 2.41481 50
      vertex -0.487725 2.45196 50
    endloop
  endfacet
  facet normal -0.227084 0.973875 0
    outer loop
      vertex -0.647047 2.41481 50
      vertex -0.487725 2.45196 30.49
      vertex -0.647047 2.41481 30.49
    endloop
  endfacet
  facet normal 0.995182 -0.0980463 0
    outer loop
      vertex 2.47861 -0.326315 50
      vertex 2.49465 -0.163507 30.49
      vertex 2.49465 -0.163507 50
    endloop
  endfacet
  facet normal 0.995182 -0.0980463 0
    outer loop
      vertex 2.49465 -0.163507 30.49
      vertex 2.47861 -0.326315 50
      vertex 2.47861 -0.326315 30.49
    endloop
  endfacet
  facet normal -0.995182 0.0980463 0
    outer loop
      vertex -2.49465 0.163507 30.49
      vertex -2.47861 0.326315 50
      vertex -2.47861 0.326315 30.49
    endloop
  endfacet
  facet normal -0.995182 0.0980463 0
    outer loop
      vertex -2.47861 0.326315 50
      vertex -2.49465 0.163507 30.49
      vertex -2.49465 0.163507 50
    endloop
  endfacet
  facet normal -0.729894 0.683561 0
    outer loop
      vertex -1.8796 1.64836 30.49
      vertex -1.76777 1.76777 50
      vertex -1.76777 1.76777 30.49
    endloop
  endfacet
  facet normal -0.729894 0.683561 0
    outer loop
      vertex -1.76777 1.76777 50
      vertex -1.8796 1.64836 30.49
      vertex -1.8796 1.64836 50
    endloop
  endfacet
  facet normal -0.0980463 0.995182 0
    outer loop
      vertex -0.163507 2.49465 30.49
      vertex -0.326315 2.47861 50
      vertex -0.163507 2.49465 50
    endloop
  endfacet
  facet normal -0.0980463 0.995182 0
    outer loop
      vertex -0.326315 2.47861 50
      vertex -0.163507 2.49465 30.49
      vertex -0.326315 2.47861 30.49
    endloop
  endfacet
  facet normal 0.634382 0.77302 -0
    outer loop
      vertex 1.64836 1.8796 30.49
      vertex 1.5219 1.98338 50
      vertex 1.64836 1.8796 50
    endloop
  endfacet
  facet normal 0.634382 0.77302 0
    outer loop
      vertex 1.5219 1.98338 50
      vertex 1.64836 1.8796 30.49
      vertex 1.5219 1.98338 30.49
    endloop
  endfacet
  facet normal -0.986642 0.162902 0
    outer loop
      vertex -2.47861 0.326315 30.49
      vertex -2.45196 0.487725 50
      vertex -2.45196 0.487725 30.49
    endloop
  endfacet
  facet normal -0.986642 0.162902 0
    outer loop
      vertex -2.45196 0.487725 50
      vertex -2.47861 0.326315 30.49
      vertex -2.47861 0.326315 50
    endloop
  endfacet
  facet normal -0.290289 0.956939 0
    outer loop
      vertex -0.647047 2.41481 30.49
      vertex -0.803598 2.36732 50
      vertex -0.647047 2.41481 50
    endloop
  endfacet
  facet normal -0.290289 0.956939 0
    outer loop
      vertex -0.803598 2.36732 50
      vertex -0.647047 2.41481 30.49
      vertex -0.803598 2.36732 30.49
    endloop
  endfacet
  facet normal -0.4714 -0.881919 0
    outer loop
      vertex -1.25 -2.16506 30.49
      vertex -1.10572 -2.24218 50
      vertex -1.25 -2.16506 50
    endloop
  endfacet
  facet normal -0.4714 -0.881919 -0
    outer loop
      vertex -1.10572 -2.24218 50
      vertex -1.25 -2.16506 30.49
      vertex -1.10572 -2.24218 30.49
    endloop
  endfacet
  facet normal -0.910856 -0.412725 0
    outer loop
      vertex -2.24218 -1.10572 30.49
      vertex -2.3097 -0.956708 50
      vertex -2.3097 -0.956708 30.49
    endloop
  endfacet
  facet normal -0.910856 -0.412725 0
    outer loop
      vertex -2.3097 -0.956708 50
      vertex -2.24218 -1.10572 30.49
      vertex -2.24218 -1.10572 50
    endloop
  endfacet
  facet normal 0.0980463 0.995182 -0
    outer loop
      vertex 0.326315 2.47861 30.49
      vertex 0.163507 2.49465 50
      vertex 0.326315 2.47861 50
    endloop
  endfacet
  facet normal 0.0980463 0.995182 0
    outer loop
      vertex 0.163507 2.49465 50
      vertex 0.326315 2.47861 30.49
      vertex 0.163507 2.49465 30.49
    endloop
  endfacet
  facet normal -0.683561 0.729894 0
    outer loop
      vertex -1.64836 1.8796 30.49
      vertex -1.76777 1.76777 50
      vertex -1.64836 1.8796 50
    endloop
  endfacet
  facet normal -0.683561 0.729894 0
    outer loop
      vertex -1.76777 1.76777 50
      vertex -1.64836 1.8796 30.49
      vertex -1.76777 1.76777 30.49
    endloop
  endfacet
  facet normal -0.582498 -0.812832 0
    outer loop
      vertex -1.5219 -1.98338 30.49
      vertex -1.38893 -2.07867 50
      vertex -1.5219 -1.98338 50
    endloop
  endfacet
  facet normal -0.582498 -0.812832 -0
    outer loop
      vertex -1.38893 -2.07867 50
      vertex -1.5219 -1.98338 30.49
      vertex -1.38893 -2.07867 30.49
    endloop
  endfacet
  facet normal -0.881919 -0.4714 0
    outer loop
      vertex -2.16506 -1.25 30.49
      vertex -2.24218 -1.10572 50
      vertex -2.24218 -1.10572 30.49
    endloop
  endfacet
  facet normal -0.881919 -0.4714 0
    outer loop
      vertex -2.24218 -1.10572 50
      vertex -2.16506 -1.25 30.49
      vertex -2.16506 -1.25 50
    endloop
  endfacet
  facet normal 0.290289 0.956939 -0
    outer loop
      vertex 0.803598 2.36732 30.49
      vertex 0.647047 2.41481 50
      vertex 0.803598 2.36732 50
    endloop
  endfacet
  facet normal 0.290289 0.956939 0
    outer loop
      vertex 0.647047 2.41481 50
      vertex 0.803598 2.36732 30.49
      vertex 0.647047 2.41481 30.49
    endloop
  endfacet
  facet normal -0.0327028 0.999465 0
    outer loop
      vertex 0 2.5 30.49
      vertex -0.163507 2.49465 50
      vertex 0 2.5 50
    endloop
  endfacet
  facet normal -0.0327028 0.999465 0
    outer loop
      vertex -0.163507 2.49465 50
      vertex 0 2.5 30.49
      vertex -0.163507 2.49465 30.49
    endloop
  endfacet
  facet normal -0.729894 -0.683561 0
    outer loop
      vertex -1.76777 -1.76777 30.49
      vertex -1.8796 -1.64836 50
      vertex -1.8796 -1.64836 30.49
    endloop
  endfacet
  facet normal -0.729894 -0.683561 0
    outer loop
      vertex -1.8796 -1.64836 50
      vertex -1.76777 -1.76777 30.49
      vertex -1.76777 -1.76777 50
    endloop
  endfacet
  facet normal -0.812832 0.582498 0
    outer loop
      vertex -2.07867 1.38893 30.49
      vertex -1.98338 1.5219 50
      vertex -1.98338 1.5219 30.49
    endloop
  endfacet
  facet normal -0.812832 0.582498 0
    outer loop
      vertex -1.98338 1.5219 50
      vertex -2.07867 1.38893 30.49
      vertex -2.07867 1.38893 50
    endloop
  endfacet
  facet normal -0.77302 -0.634382 0
    outer loop
      vertex -1.8796 -1.64836 30.49
      vertex -1.98338 -1.5219 50
      vertex -1.98338 -1.5219 30.49
    endloop
  endfacet
  facet normal -0.77302 -0.634382 0
    outer loop
      vertex -1.98338 -1.5219 50
      vertex -1.8796 -1.64836 30.49
      vertex -1.8796 -1.64836 50
    endloop
  endfacet
  facet normal 0.582498 -0.812832 0
    outer loop
      vertex 1.38893 -2.07867 30.49
      vertex 1.5219 -1.98338 50
      vertex 1.38893 -2.07867 50
    endloop
  endfacet
  facet normal 0.582498 -0.812832 0
    outer loop
      vertex 1.5219 -1.98338 50
      vertex 1.38893 -2.07867 30.49
      vertex 1.5219 -1.98338 30.49
    endloop
  endfacet
  facet normal -0.910856 0.412725 0
    outer loop
      vertex -2.3097 0.956708 30.49
      vertex -2.24218 1.10572 50
      vertex -2.24218 1.10572 30.49
    endloop
  endfacet
  facet normal -0.910856 0.412725 0
    outer loop
      vertex -2.24218 1.10572 50
      vertex -2.3097 0.956708 30.49
      vertex -2.3097 0.956708 50
    endloop
  endfacet
  facet normal 0.528058 -0.849208 0
    outer loop
      vertex 1.25 -2.16506 30.49
      vertex 1.38893 -2.07867 50
      vertex 1.25 -2.16506 50
    endloop
  endfacet
  facet normal 0.528058 -0.849208 0
    outer loop
      vertex 1.38893 -2.07867 50
      vertex 1.25 -2.16506 30.49
      vertex 1.38893 -2.07867 30.49
    endloop
  endfacet
  facet normal 0.986642 -0.162902 0
    outer loop
      vertex 2.45196 -0.487725 50
      vertex 2.47861 -0.326315 30.49
      vertex 2.47861 -0.326315 50
    endloop
  endfacet
  facet normal 0.986642 -0.162902 0
    outer loop
      vertex 2.47861 -0.326315 30.49
      vertex 2.45196 -0.487725 50
      vertex 2.45196 -0.487725 30.49
    endloop
  endfacet
  facet normal -0.881919 0.4714 0
    outer loop
      vertex -2.24218 1.10572 30.49
      vertex -2.16506 1.25 50
      vertex -2.16506 1.25 30.49
    endloop
  endfacet
  facet normal -0.881919 0.4714 0
    outer loop
      vertex -2.16506 1.25 50
      vertex -2.24218 1.10572 30.49
      vertex -2.24218 1.10572 50
    endloop
  endfacet
  facet normal -0.290289 -0.956939 0
    outer loop
      vertex -0.803598 -2.36732 30.49
      vertex -0.647047 -2.41481 50
      vertex -0.803598 -2.36732 50
    endloop
  endfacet
  facet normal -0.290289 -0.956939 -0
    outer loop
      vertex -0.647047 -2.41481 50
      vertex -0.803598 -2.36732 30.49
      vertex -0.647047 -2.41481 30.49
    endloop
  endfacet
  facet normal -0.528058 -0.849208 0
    outer loop
      vertex -1.38893 -2.07867 30.49
      vertex -1.25 -2.16506 50
      vertex -1.38893 -2.07867 50
    endloop
  endfacet
  facet normal -0.528058 -0.849208 -0
    outer loop
      vertex -1.25 -2.16506 50
      vertex -1.38893 -2.07867 30.49
      vertex -1.25 -2.16506 30.49
    endloop
  endfacet
  facet normal -0.999465 0.0327028 0
    outer loop
      vertex -2.5 0 30.49
      vertex -2.49465 0.163507 50
      vertex -2.49465 0.163507 30.49
    endloop
  endfacet
  facet normal -0.999465 0.0327028 0
    outer loop
      vertex -2.49465 0.163507 50
      vertex -2.5 0 30.49
      vertex -2.5 0 50
    endloop
  endfacet
  facet normal 0.227084 0.973875 -0
    outer loop
      vertex 0.647047 2.41481 30.49
      vertex 0.487725 2.45196 50
      vertex 0.647047 2.41481 50
    endloop
  endfacet
  facet normal 0.227084 0.973875 0
    outer loop
      vertex 0.487725 2.45196 50
      vertex 0.647047 2.41481 30.49
      vertex 0.487725 2.45196 30.49
    endloop
  endfacet
  facet normal 0.634382 -0.77302 0
    outer loop
      vertex 1.5219 -1.98338 30.49
      vertex 1.64836 -1.8796 50
      vertex 1.5219 -1.98338 50
    endloop
  endfacet
  facet normal 0.634382 -0.77302 0
    outer loop
      vertex 1.64836 -1.8796 50
      vertex 1.5219 -1.98338 30.49
      vertex 1.64836 -1.8796 30.49
    endloop
  endfacet
  facet normal -0.412725 -0.910856 0
    outer loop
      vertex -1.10572 -2.24218 30.49
      vertex -0.956708 -2.3097 50
      vertex -1.10572 -2.24218 50
    endloop
  endfacet
  facet normal -0.412725 -0.910856 -0
    outer loop
      vertex -0.956708 -2.3097 50
      vertex -1.10572 -2.24218 30.49
      vertex -0.956708 -2.3097 30.49
    endloop
  endfacet
  facet normal -0.683297 -0.73014 0
    outer loop
      vertex 11.789 1.12776 24.99
      vertex 11.8607 1.06066 28
      vertex 11.789 1.12776 28
    endloop
  endfacet
  facet normal -0.683297 -0.73014 -0
    outer loop
      vertex 11.8607 1.06066 28
      vertex 11.789 1.12776 24.99
      vertex 11.8607 1.06066 24.99
    endloop
  endfacet
  facet normal 0.812865 0.582452 0
    outer loop
      vertex 9.60997 -0.913141 28
      vertex 9.5528 -0.833355 24.99
      vertex 9.5528 -0.833355 28
    endloop
  endfacet
  facet normal 0.812865 0.582452 0
    outer loop
      vertex 9.5528 -0.833355 24.99
      vertex 9.60997 -0.913141 28
      vertex 9.60997 -0.913141 24.99
    endloop
  endfacet
  facet normal -0.999468 0.0326009 0
    outer loop
      vertex 12.2968 -0.0981045 24.99
      vertex 12.3 0 28
      vertex 12.3 0 24.99
    endloop
  endfacet
  facet normal -0.999468 0.0326009 0
    outer loop
      vertex 12.3 0 28
      vertex 12.2968 -0.0981045 24.99
      vertex 12.2968 -0.0981045 28
    endloop
  endfacet
  facet normal -0.956922 0.290344 0
    outer loop
      vertex 12.2204 -0.482159 24.99
      vertex 12.2489 -0.388228 28
      vertex 12.2489 -0.388228 24.99
    endloop
  endfacet
  facet normal -0.956922 0.290344 0
    outer loop
      vertex 12.2489 -0.388228 28
      vertex 12.2204 -0.482159 24.99
      vertex 12.2204 -0.482159 28
    endloop
  endfacet
  facet normal 0.0979908 -0.995187 0
    outer loop
      vertex 10.6042 1.48717 24.99
      vertex 10.7019 1.49679 28
      vertex 10.6042 1.48717 28
    endloop
  endfacet
  facet normal 0.0979908 -0.995187 0
    outer loop
      vertex 10.7019 1.49679 28
      vertex 10.6042 1.48717 24.99
      vertex 10.7019 1.49679 24.99
    endloop
  endfacet
  facet normal 0.352419 -0.935842 0
    outer loop
      vertex 10.226 1.38582 24.99
      vertex 10.3178 1.42039 28
      vertex 10.226 1.38582 28
    endloop
  endfacet
  facet normal 0.352419 -0.935842 0
    outer loop
      vertex 10.3178 1.42039 28
      vertex 10.226 1.38582 24.99
      vertex 10.3178 1.42039 24.99
    endloop
  endfacet
  facet normal -0.683297 0.73014 0
    outer loop
      vertex 11.8607 -1.06066 24.99
      vertex 11.789 -1.12776 28
      vertex 11.8607 -1.06066 28
    endloop
  endfacet
  facet normal -0.683297 0.73014 0
    outer loop
      vertex 11.789 -1.12776 28
      vertex 11.8607 -1.06066 24.99
      vertex 11.789 -1.12776 24.99
    endloop
  endfacet
  facet normal 0.999465 -0.0327027 0
    outer loop
      vertex 9.3 0 28
      vertex 9.30321 0.0981045 24.99
      vertex 9.30321 0.0981045 28
    endloop
  endfacet
  facet normal 0.999465 -0.0327027 0
    outer loop
      vertex 9.30321 0.0981045 24.99
      vertex 9.3 0 28
      vertex 9.3 0 24.99
    endloop
  endfacet
  facet normal 0.956951 -0.290251 0
    outer loop
      vertex 9.35111 0.388228 28
      vertex 9.3796 0.482159 24.99
      vertex 9.3796 0.482159 28
    endloop
  endfacet
  facet normal 0.956951 -0.290251 0
    outer loop
      vertex 9.3796 0.482159 24.99
      vertex 9.35111 0.388228 28
      vertex 9.35111 0.388228 24.99
    endloop
  endfacet
  facet normal -0.956922 -0.290344 0
    outer loop
      vertex 12.2489 0.388228 24.99
      vertex 12.2204 0.482159 28
      vertex 12.2204 0.482159 24.99
    endloop
  endfacet
  facet normal -0.956922 -0.290344 0
    outer loop
      vertex 12.2204 0.482159 28
      vertex 12.2489 0.388228 24.99
      vertex 12.2489 0.388228 28
    endloop
  endfacet
  facet normal 0.0327042 0.999465 -0
    outer loop
      vertex 10.8 -1.5 24.99
      vertex 10.7019 -1.49679 28
      vertex 10.8 -1.5 28
    endloop
  endfacet
  facet normal 0.0327042 0.999465 0
    outer loop
      vertex 10.7019 -1.49679 28
      vertex 10.8 -1.5 24.99
      vertex 10.7019 -1.49679 24.99
    endloop
  endfacet
  facet normal -0.849355 -0.527822 0
    outer loop
      vertex 12.099 0.75 24.99
      vertex 12.0472 0.833355 28
      vertex 12.0472 0.833355 24.99
    endloop
  endfacet
  facet normal -0.849355 -0.527822 0
    outer loop
      vertex 12.0472 0.833355 28
      vertex 12.099 0.75 24.99
      vertex 12.099 0.75 28
    endloop
  endfacet
  facet normal -0.910903 0.41262 0
    outer loop
      vertex 12.1453 -0.663432 24.99
      vertex 12.1858 -0.574024 28
      vertex 12.1858 -0.574024 24.99
    endloop
  endfacet
  facet normal -0.910903 0.41262 0
    outer loop
      vertex 12.1858 -0.574024 28
      vertex 12.1453 -0.663432 24.99
      vertex 12.1453 -0.663432 28
    endloop
  endfacet
  facet normal -0.352419 -0.935842 0
    outer loop
      vertex 11.2822 1.42039 24.99
      vertex 11.374 1.38582 28
      vertex 11.2822 1.42039 28
    endloop
  endfacet
  facet normal -0.352419 -0.935842 -0
    outer loop
      vertex 11.374 1.38582 28
      vertex 11.2822 1.42039 24.99
      vertex 11.374 1.38582 24.99
    endloop
  endfacet
  facet normal -0.162977 -0.98663 0
    outer loop
      vertex 10.9958 1.48717 24.99
      vertex 11.0926 1.47118 28
      vertex 10.9958 1.48717 28
    endloop
  endfacet
  facet normal -0.162977 -0.98663 -0
    outer loop
      vertex 11.0926 1.47118 28
      vertex 10.9958 1.48717 24.99
      vertex 11.0926 1.47118 24.99
    endloop
  endfacet
  facet normal -0.729864 -0.683592 0
    outer loop
      vertex 11.9278 0.989018 24.99
      vertex 11.8607 1.06066 28
      vertex 11.8607 1.06066 24.99
    endloop
  endfacet
  facet normal -0.729864 -0.683592 0
    outer loop
      vertex 11.8607 1.06066 28
      vertex 11.9278 0.989018 24.99
      vertex 11.9278 0.989018 28
    endloop
  endfacet
  facet normal -0.582867 -0.812568 0
    outer loop
      vertex 11.6334 1.2472 24.99
      vertex 11.7131 1.19003 28
      vertex 11.6334 1.2472 28
    endloop
  endfacet
  facet normal -0.582867 -0.812568 -0
    outer loop
      vertex 11.7131 1.19003 28
      vertex 11.6334 1.2472 24.99
      vertex 11.7131 1.19003 24.99
    endloop
  endfacet
  facet normal -0.935824 -0.352468 0
    outer loop
      vertex 12.2204 0.482159 24.99
      vertex 12.1858 0.574024 28
      vertex 12.1858 0.574024 24.99
    endloop
  endfacet
  facet normal -0.935824 -0.352468 0
    outer loop
      vertex 12.1858 0.574024 28
      vertex 12.2204 0.482159 24.99
      vertex 12.2204 0.482159 28
    endloop
  endfacet
  facet normal 0.290149 0.956982 -0
    outer loop
      vertex 10.4118 -1.44889 24.99
      vertex 10.3178 -1.42039 28
      vertex 10.4118 -1.44889 28
    endloop
  endfacet
  facet normal 0.290149 0.956982 0
    outer loop
      vertex 10.3178 -1.42039 28
      vertex 10.4118 -1.44889 24.99
      vertex 10.3178 -1.42039 24.99
    endloop
  endfacet
  facet normal 0.412736 -0.910851 0
    outer loop
      vertex 10.1366 1.34531 24.99
      vertex 10.226 1.38582 28
      vertex 10.1366 1.34531 28
    endloop
  endfacet
  facet normal 0.412736 -0.910851 0
    outer loop
      vertex 10.226 1.38582 28
      vertex 10.1366 1.34531 24.99
      vertex 10.226 1.38582 24.99
    endloop
  endfacet
  facet normal 0.986643 0.1629 0
    outer loop
      vertex 9.32882 -0.292635 28
      vertex 9.31283 -0.195788 24.99
      vertex 9.31283 -0.195788 28
    endloop
  endfacet
  facet normal 0.986643 0.1629 0
    outer loop
      vertex 9.31283 -0.195788 24.99
      vertex 9.32882 -0.292635 28
      vertex 9.32882 -0.292635 24.99
    endloop
  endfacet
  facet normal -0.0327042 -0.999465 0
    outer loop
      vertex 10.8 1.5 24.99
      vertex 10.8981 1.49679 28
      vertex 10.8 1.5 28
    endloop
  endfacet
  facet normal -0.0327042 -0.999465 -0
    outer loop
      vertex 10.8981 1.49679 28
      vertex 10.8 1.5 24.99
      vertex 10.8981 1.49679 24.99
    endloop
  endfacet
  facet normal 0.471249 0.882 -0
    outer loop
      vertex 10.1366 -1.34531 24.99
      vertex 10.05 -1.29904 28
      vertex 10.1366 -1.34531 28
    endloop
  endfacet
  facet normal 0.471249 0.882 0
    outer loop
      vertex 10.05 -1.29904 28
      vertex 10.1366 -1.34531 24.99
      vertex 10.05 -1.29904 24.99
    endloop
  endfacet
  facet normal 0 0 1
    outer loop
      vertex 12.2968 0.0981045 24.99
      vertex 12.2968 -0.0981045 24.99
      vertex 12.3 0 24.99
    endloop
  endfacet
  facet normal 0 0 1
    outer loop
      vertex 12.2872 0.195788 24.99
      vertex 12.2968 -0.0981045 24.99
      vertex 12.2968 0.0981045 24.99
    endloop
  endfacet
  facet normal 0 0 1
    outer loop
      vertex 12.2872 0.195788 24.99
      vertex 12.2872 -0.195788 24.99
      vertex 12.2968 -0.0981045 24.99
    endloop
  endfacet
  facet normal 0 0 1
    outer loop
      vertex 12.2712 0.292635 24.99
      vertex 12.2872 -0.195788 24.99
      vertex 12.2872 0.195788 24.99
    endloop
  endfacet
  facet normal 0 0 1
    outer loop
      vertex 12.2712 0.292635 24.99
      vertex 12.2712 -0.292635 24.99
      vertex 12.2872 -0.195788 24.99
    endloop
  endfacet
  facet normal 0 0 1
    outer loop
      vertex 12.2489 0.388228 24.99
      vertex 12.2712 -0.292635 24.99
      vertex 12.2712 0.292635 24.99
    endloop
  endfacet
  facet normal 0 0 1
    outer loop
      vertex 12.2489 0.388228 24.99
      vertex 12.2489 -0.388228 24.99
      vertex 12.2712 -0.292635 24.99
    endloop
  endfacet
  facet normal 0 0 1
    outer loop
      vertex 12.2204 0.482159 24.99
      vertex 12.2489 -0.388228 24.99
      vertex 12.2489 0.388228 24.99
    endloop
  endfacet
  facet normal 0 0 1
    outer loop
      vertex 12.2204 0.482159 24.99
      vertex 12.2204 -0.482159 24.99
      vertex 12.2489 -0.388228 24.99
    endloop
  endfacet
  facet normal 0 0 1
    outer loop
      vertex 12.1858 0.574024 24.99
      vertex 12.2204 -0.482159 24.99
      vertex 12.2204 0.482159 24.99
    endloop
  endfacet
  facet normal 0 0 1
    outer loop
      vertex 12.1858 0.574024 24.99
      vertex 12.1858 -0.574024 24.99
      vertex 12.2204 -0.482159 24.99
    endloop
  endfacet
  facet normal 0 0 1
    outer loop
      vertex 12.1453 0.663432 24.99
      vertex 12.1858 -0.574024 24.99
      vertex 12.1858 0.574024 24.99
    endloop
  endfacet
  facet normal 0 0 1
    outer loop
      vertex 12.1453 0.663432 24.99
      vertex 12.1453 -0.663432 24.99
      vertex 12.1858 -0.574024 24.99
    endloop
  endfacet
  facet normal 0 0 1
    outer loop
      vertex 12.099 0.75 24.99
      vertex 12.1453 -0.663432 24.99
      vertex 12.1453 0.663432 24.99
    endloop
  endfacet
  facet normal 0 0 1
    outer loop
      vertex 12.099 0.75 24.99
      vertex 12.099 -0.75 24.99
      vertex 12.1453 -0.663432 24.99
    endloop
  endfacet
  facet normal 0 0 1
    outer loop
      vertex 12.0472 0.833355 24.99
      vertex 12.099 -0.75 24.99
      vertex 12.099 0.75 24.99
    endloop
  endfacet
  facet normal 0 0 1
    outer loop
      vertex 12.0472 0.833355 24.99
      vertex 12.0472 -0.833355 24.99
      vertex 12.099 -0.75 24.99
    endloop
  endfacet
  facet normal 0 0 1
    outer loop
      vertex 11.99 0.913141 24.99
      vertex 12.0472 -0.833355 24.99
      vertex 12.0472 0.833355 24.99
    endloop
  endfacet
  facet normal 0 0 1
    outer loop
      vertex 11.99 0.913141 24.99
      vertex 11.99 -0.913141 24.99
      vertex 12.0472 -0.833355 24.99
    endloop
  endfacet
  facet normal 0 0 1
    outer loop
      vertex 11.9278 0.989018 24.99
      vertex 11.99 -0.913141 24.99
      vertex 11.99 0.913141 24.99
    endloop
  endfacet
  facet normal 0 0 1
    outer loop
      vertex 11.9278 0.989018 24.99
      vertex 11.9278 -0.989018 24.99
      vertex 11.99 -0.913141 24.99
    endloop
  endfacet
  facet normal 0 0 1
    outer loop
      vertex 11.8607 1.06066 24.99
      vertex 11.9278 -0.989018 24.99
      vertex 11.9278 0.989018 24.99
    endloop
  endfacet
  facet normal 0 0 1
    outer loop
      vertex 11.8607 1.06066 24.99
      vertex 11.8607 -1.06066 24.99
      vertex 11.9278 -0.989018 24.99
    endloop
  endfacet
  facet normal 0 0 1
    outer loop
      vertex 11.789 1.12776 24.99
      vertex 11.8607 -1.06066 24.99
      vertex 11.8607 1.06066 24.99
    endloop
  endfacet
  facet normal 0 0 1
    outer loop
      vertex 11.789 1.12776 24.99
      vertex 11.789 -1.12776 24.99
      vertex 11.8607 -1.06066 24.99
    endloop
  endfacet
  facet normal 0 0 1
    outer loop
      vertex 11.7131 1.19003 24.99
      vertex 11.789 -1.12776 24.99
      vertex 11.789 1.12776 24.99
    endloop
  endfacet
  facet normal 0 0 1
    outer loop
      vertex 11.7131 1.19003 24.99
      vertex 11.7131 -1.19003 24.99
      vertex 11.789 -1.12776 24.99
    endloop
  endfacet
  facet normal 0 0 1
    outer loop
      vertex 11.6334 1.2472 24.99
      vertex 11.7131 -1.19003 24.99
      vertex 11.7131 1.19003 24.99
    endloop
  endfacet
  facet normal 0 0 1
    outer loop
      vertex 11.6334 1.2472 24.99
      vertex 11.6334 -1.2472 24.99
      vertex 11.7131 -1.19003 24.99
    endloop
  endfacet
  facet normal 0 0 1
    outer loop
      vertex 11.55 1.29904 24.99
      vertex 11.6334 -1.2472 24.99
      vertex 11.6334 1.2472 24.99
    endloop
  endfacet
  facet normal 0 0 1
    outer loop
      vertex 11.55 1.29904 24.99
      vertex 11.55 -1.29904 24.99
      vertex 11.6334 -1.2472 24.99
    endloop
  endfacet
  facet normal 0 0 1
    outer loop
      vertex 11.4634 1.34531 24.99
      vertex 11.55 -1.29904 24.99
      vertex 11.55 1.29904 24.99
    endloop
  endfacet
  facet normal 0 0 1
    outer loop
      vertex 11.4634 1.34531 24.99
      vertex 11.4634 -1.34531 24.99
      vertex 11.55 -1.29904 24.99
    endloop
  endfacet
  facet normal 0 0 1
    outer loop
      vertex 11.374 1.38582 24.99
      vertex 11.4634 -1.34531 24.99
      vertex 11.4634 1.34531 24.99
    endloop
  endfacet
  facet normal 0 0 1
    outer loop
      vertex 11.374 1.38582 24.99
      vertex 11.374 -1.38582 24.99
      vertex 11.4634 -1.34531 24.99
    endloop
  endfacet
  facet normal 0 0 1
    outer loop
      vertex 11.2822 1.42039 24.99
      vertex 11.374 -1.38582 24.99
      vertex 11.374 1.38582 24.99
    endloop
  endfacet
  facet normal 0 0 1
    outer loop
      vertex 11.2822 1.42039 24.99
      vertex 11.2822 -1.42039 24.99
      vertex 11.374 -1.38582 24.99
    endloop
  endfacet
  facet normal 0 0 1
    outer loop
      vertex 11.1882 1.44889 24.99
      vertex 11.2822 -1.42039 24.99
      vertex 11.2822 1.42039 24.99
    endloop
  endfacet
  facet normal 0 0 1
    outer loop
      vertex 11.1882 1.44889 24.99
      vertex 11.1882 -1.44889 24.99
      vertex 11.2822 -1.42039 24.99
    endloop
  endfacet
  facet normal 0 0 1
    outer loop
      vertex 11.0926 1.47118 24.99
      vertex 11.1882 -1.44889 24.99
      vertex 11.1882 1.44889 24.99
    endloop
  endfacet
  facet normal 0 0 1
    outer loop
      vertex 11.0926 1.47118 24.99
      vertex 11.0926 -1.47118 24.99
      vertex 11.1882 -1.44889 24.99
    endloop
  endfacet
  facet normal 0 0 1
    outer loop
      vertex 10.9958 1.48717 24.99
      vertex 11.0926 -1.47118 24.99
      vertex 11.0926 1.47118 24.99
    endloop
  endfacet
  facet normal 0 0 1
    outer loop
      vertex 10.9958 1.48717 24.99
      vertex 10.9958 -1.48717 24.99
      vertex 11.0926 -1.47118 24.99
    endloop
  endfacet
  facet normal 0 0 1
    outer loop
      vertex 10.8981 1.49679 24.99
      vertex 10.9958 -1.48717 24.99
      vertex 10.9958 1.48717 24.99
    endloop
  endfacet
  facet normal 0 0 1
    outer loop
      vertex 10.8981 1.49679 24.99
      vertex 10.8981 -1.49679 24.99
      vertex 10.9958 -1.48717 24.99
    endloop
  endfacet
  facet normal 0 0 1
    outer loop
      vertex 10.8 1.5 24.99
      vertex 10.8981 -1.49679 24.99
      vertex 10.8981 1.49679 24.99
    endloop
  endfacet
  facet normal 0 0 1
    outer loop
      vertex 10.8 1.5 24.99
      vertex 10.8 -1.5 24.99
      vertex 10.8981 -1.49679 24.99
    endloop
  endfacet
  facet normal -0 0 1
    outer loop
      vertex 10.7019 1.49679 24.99
      vertex 10.8 -1.5 24.99
      vertex 10.8 1.5 24.99
    endloop
  endfacet
  facet normal 0 0 1
    outer loop
      vertex 10.7019 1.49679 24.99
      vertex 10.7019 -1.49679 24.99
      vertex 10.8 -1.5 24.99
    endloop
  endfacet
  facet normal -0 0 1
    outer loop
      vertex 10.6042 1.48717 24.99
      vertex 10.7019 -1.49679 24.99
      vertex 10.7019 1.49679 24.99
    endloop
  endfacet
  facet normal 0 0 1
    outer loop
      vertex 10.6042 1.48717 24.99
      vertex 10.6042 -1.48717 24.99
      vertex 10.7019 -1.49679 24.99
    endloop
  endfacet
  facet normal -0 0 1
    outer loop
      vertex 10.5074 1.47118 24.99
      vertex 10.6042 -1.48717 24.99
      vertex 10.6042 1.48717 24.99
    endloop
  endfacet
  facet normal 0 0 1
    outer loop
      vertex 10.5074 1.47118 24.99
      vertex 10.5074 -1.47118 24.99
      vertex 10.6042 -1.48717 24.99
    endloop
  endfacet
  facet normal -0 0 1
    outer loop
      vertex 10.4118 1.44889 24.99
      vertex 10.5074 -1.47118 24.99
      vertex 10.5074 1.47118 24.99
    endloop
  endfacet
  facet normal 0 0 1
    outer loop
      vertex 10.4118 1.44889 24.99
      vertex 10.4118 -1.44889 24.99
      vertex 10.5074 -1.47118 24.99
    endloop
  endfacet
  facet normal -0 0 1
    outer loop
      vertex 10.3178 1.42039 24.99
      vertex 10.4118 -1.44889 24.99
      vertex 10.4118 1.44889 24.99
    endloop
  endfacet
  facet normal 0 0 1
    outer loop
      vertex 10.3178 1.42039 24.99
      vertex 10.3178 -1.42039 24.99
      vertex 10.4118 -1.44889 24.99
    endloop
  endfacet
  facet normal -0 0 1
    outer loop
      vertex 10.226 1.38582 24.99
      vertex 10.3178 -1.42039 24.99
      vertex 10.3178 1.42039 24.99
    endloop
  endfacet
  facet normal 0 0 1
    outer loop
      vertex 10.226 1.38582 24.99
      vertex 10.226 -1.38582 24.99
      vertex 10.3178 -1.42039 24.99
    endloop
  endfacet
  facet normal -0 0 1
    outer loop
      vertex 10.1366 1.34531 24.99
      vertex 10.226 -1.38582 24.99
      vertex 10.226 1.38582 24.99
    endloop
  endfacet
  facet normal 0 0 1
    outer loop
      vertex 10.1366 1.34531 24.99
      vertex 10.1366 -1.34531 24.99
      vertex 10.226 -1.38582 24.99
    endloop
  endfacet
  facet normal -0 0 1
    outer loop
      vertex 10.05 1.29904 24.99
      vertex 10.1366 -1.34531 24.99
      vertex 10.1366 1.34531 24.99
    endloop
  endfacet
  facet normal 0 0 1
    outer loop
      vertex 10.05 1.29904 24.99
      vertex 10.05 -1.29904 24.99
      vertex 10.1366 -1.34531 24.99
    endloop
  endfacet
  facet normal -0 0 1
    outer loop
      vertex 9.96664 1.2472 24.99
      vertex 10.05 -1.29904 24.99
      vertex 10.05 1.29904 24.99
    endloop
  endfacet
  facet normal 0 0 1
    outer loop
      vertex 9.96664 1.2472 24.99
      vertex 9.96664 -1.2472 24.99
      vertex 10.05 -1.29904 24.99
    endloop
  endfacet
  facet normal -0 0 1
    outer loop
      vertex 9.88686 1.19003 24.99
      vertex 9.96664 -1.2472 24.99
      vertex 9.96664 1.2472 24.99
    endloop
  endfacet
  facet normal 0 0 1
    outer loop
      vertex 9.88686 1.19003 24.99
      vertex 9.88686 -1.19003 24.99
      vertex 9.96664 -1.2472 24.99
    endloop
  endfacet
  facet normal -0 0 1
    outer loop
      vertex 9.81098 1.12776 24.99
      vertex 9.88686 -1.19003 24.99
      vertex 9.88686 1.19003 24.99
    endloop
  endfacet
  facet normal 0 0 1
    outer loop
      vertex 9.81098 1.12776 24.99
      vertex 9.81098 -1.12776 24.99
      vertex 9.88686 -1.19003 24.99
    endloop
  endfacet
  facet normal -0 0 1
    outer loop
      vertex 9.73934 1.06066 24.99
      vertex 9.81098 -1.12776 24.99
      vertex 9.81098 1.12776 24.99
    endloop
  endfacet
  facet normal 0 0 1
    outer loop
      vertex 9.73934 1.06066 24.99
      vertex 9.73934 -1.06066 24.99
      vertex 9.81098 -1.12776 24.99
    endloop
  endfacet
  facet normal -0 0 1
    outer loop
      vertex 9.67224 0.989018 24.99
      vertex 9.73934 -1.06066 24.99
      vertex 9.73934 1.06066 24.99
    endloop
  endfacet
  facet normal 0 0 1
    outer loop
      vertex 9.67224 0.989018 24.99
      vertex 9.67224 -0.989018 24.99
      vertex 9.73934 -1.06066 24.99
    endloop
  endfacet
  facet normal -0 0 1
    outer loop
      vertex 9.60997 0.913141 24.99
      vertex 9.67224 -0.989018 24.99
      vertex 9.67224 0.989018 24.99
    endloop
  endfacet
  facet normal 0 0 1
    outer loop
      vertex 9.60997 0.913141 24.99
      vertex 9.60997 -0.913141 24.99
      vertex 9.67224 -0.989018 24.99
    endloop
  endfacet
  facet normal -0 0 1
    outer loop
      vertex 9.5528 0.833355 24.99
      vertex 9.60997 -0.913141 24.99
      vertex 9.60997 0.913141 24.99
    endloop
  endfacet
  facet normal 0 0 1
    outer loop
      vertex 9.5528 0.833355 24.99
      vertex 9.5528 -0.833355 24.99
      vertex 9.60997 -0.913141 24.99
    endloop
  endfacet
  facet normal -0 0 1
    outer loop
      vertex 9.50096 0.75 24.99
      vertex 9.5528 -0.833355 24.99
      vertex 9.5528 0.833355 24.99
    endloop
  endfacet
  facet normal 0 0 1
    outer loop
      vertex 9.50096 0.75 24.99
      vertex 9.50096 -0.75 24.99
      vertex 9.5528 -0.833355 24.99
    endloop
  endfacet
  facet normal -0 0 1
    outer loop
      vertex 9.45469 0.663432 24.99
      vertex 9.50096 -0.75 24.99
      vertex 9.50096 0.75 24.99
    endloop
  endfacet
  facet normal 0 0 1
    outer loop
      vertex 9.45469 0.663432 24.99
      vertex 9.45469 -0.663432 24.99
      vertex 9.50096 -0.75 24.99
    endloop
  endfacet
  facet normal -0 0 1
    outer loop
      vertex 9.41418 0.574024 24.99
      vertex 9.45469 -0.663432 24.99
      vertex 9.45469 0.663432 24.99
    endloop
  endfacet
  facet normal 0 0 1
    outer loop
      vertex 9.41418 0.574024 24.99
      vertex 9.41418 -0.574024 24.99
      vertex 9.45469 -0.663432 24.99
    endloop
  endfacet
  facet normal -0 0 1
    outer loop
      vertex 9.3796 0.482159 24.99
      vertex 9.41418 -0.574024 24.99
      vertex 9.41418 0.574024 24.99
    endloop
  endfacet
  facet normal 0 0 1
    outer loop
      vertex 9.3796 0.482159 24.99
      vertex 9.3796 -0.482159 24.99
      vertex 9.41418 -0.574024 24.99
    endloop
  endfacet
  facet normal -0 0 1
    outer loop
      vertex 9.35111 0.388228 24.99
      vertex 9.3796 -0.482159 24.99
      vertex 9.3796 0.482159 24.99
    endloop
  endfacet
  facet normal 0 0 1
    outer loop
      vertex 9.35111 0.388228 24.99
      vertex 9.35111 -0.388228 24.99
      vertex 9.3796 -0.482159 24.99
    endloop
  endfacet
  facet normal -0 0 1
    outer loop
      vertex 9.32882 0.292635 24.99
      vertex 9.35111 -0.388228 24.99
      vertex 9.35111 0.388228 24.99
    endloop
  endfacet
  facet normal 0 0 1
    outer loop
      vertex 9.32882 0.292635 24.99
      vertex 9.32882 -0.292635 24.99
      vertex 9.35111 -0.388228 24.99
    endloop
  endfacet
  facet normal -0 0 1
    outer loop
      vertex 9.31283 0.195788 24.99
      vertex 9.32882 -0.292635 24.99
      vertex 9.32882 0.292635 24.99
    endloop
  endfacet
  facet normal 0 0 1
    outer loop
      vertex 9.31283 0.195788 24.99
      vertex 9.31283 -0.195788 24.99
      vertex 9.32882 -0.292635 24.99
    endloop
  endfacet
  facet normal -0 0 1
    outer loop
      vertex 9.30321 0.0981045 24.99
      vertex 9.31283 -0.195788 24.99
      vertex 9.31283 0.195788 24.99
    endloop
  endfacet
  facet normal 0 0 1
    outer loop
      vertex 9.30321 0.0981045 24.99
      vertex 9.30321 -0.0981045 24.99
      vertex 9.31283 -0.195788 24.99
    endloop
  endfacet
  facet normal 0 -0 1
    outer loop
      vertex 9.30321 -0.0981045 24.99
      vertex 9.30321 0.0981045 24.99
      vertex 9.3 0 24.99
    endloop
  endfacet
  facet normal -0.973853 -0.227181 0
    outer loop
      vertex 12.2712 0.292635 24.99
      vertex 12.2489 0.388228 28
      vertex 12.2489 0.388228 24.99
    endloop
  endfacet
  facet normal -0.973853 -0.227181 0
    outer loop
      vertex 12.2489 0.388228 28
      vertex 12.2712 0.292635 24.99
      vertex 12.2712 0.292635 28
    endloop
  endfacet
  facet normal 0.582481 -0.812844 0
    outer loop
      vertex 9.88686 1.19003 24.99
      vertex 9.96664 1.2472 28
      vertex 9.88686 1.19003 28
    endloop
  endfacet
  facet normal 0.582481 -0.812844 0
    outer loop
      vertex 9.96664 1.2472 28
      vertex 9.88686 1.19003 24.99
      vertex 9.96664 1.2472 24.99
    endloop
  endfacet
  facet normal -0.999468 -0.0326009 0
    outer loop
      vertex 12.3 0 24.99
      vertex 12.2968 0.0981045 28
      vertex 12.2968 0.0981045 24.99
    endloop
  endfacet
  facet normal -0.999468 -0.0326009 0
    outer loop
      vertex 12.2968 0.0981045 28
      vertex 12.3 0 24.99
      vertex 12.3 0 28
    endloop
  endfacet
  facet normal -0.290149 0.956982 0
    outer loop
      vertex 11.2822 -1.42039 24.99
      vertex 11.1882 -1.44889 28
      vertex 11.2822 -1.42039 28
    endloop
  endfacet
  facet normal -0.290149 0.956982 0
    outer loop
      vertex 11.1882 -1.44889 28
      vertex 11.2822 -1.42039 24.99
      vertex 11.1882 -1.44889 24.99
    endloop
  endfacet
  facet normal -0.0327042 0.999465 0
    outer loop
      vertex 10.8981 -1.49679 24.99
      vertex 10.8 -1.5 28
      vertex 10.8981 -1.49679 28
    endloop
  endfacet
  facet normal -0.0327042 0.999465 0
    outer loop
      vertex 10.8 -1.5 28
      vertex 10.8981 -1.49679 24.99
      vertex 10.8 -1.5 24.99
    endloop
  endfacet
  facet normal 0.881928 -0.471384 0
    outer loop
      vertex 9.45469 0.663432 28
      vertex 9.50096 0.75 24.99
      vertex 9.50096 0.75 28
    endloop
  endfacet
  facet normal 0.881928 -0.471384 0
    outer loop
      vertex 9.50096 0.75 24.99
      vertex 9.45469 0.663432 28
      vertex 9.45469 0.663432 24.99
    endloop
  endfacet
  facet normal -0.0979908 0.995187 0
    outer loop
      vertex 10.9958 -1.48717 24.99
      vertex 10.8981 -1.49679 28
      vertex 10.9958 -1.48717 28
    endloop
  endfacet
  facet normal -0.0979908 0.995187 0
    outer loop
      vertex 10.8981 -1.49679 28
      vertex 10.9958 -1.48717 24.99
      vertex 10.8981 -1.49679 24.99
    endloop
  endfacet
  facet normal -0.227069 -0.973879 0
    outer loop
      vertex 11.0926 1.47118 24.99
      vertex 11.1882 1.44889 28
      vertex 11.0926 1.47118 28
    endloop
  endfacet
  facet normal -0.227069 -0.973879 -0
    outer loop
      vertex 11.1882 1.44889 28
      vertex 11.0926 1.47118 24.99
      vertex 11.1882 1.44889 24.99
    endloop
  endfacet
  facet normal 0.729864 0.683592 0
    outer loop
      vertex 9.73934 -1.06066 28
      vertex 9.67224 -0.989018 24.99
      vertex 9.67224 -0.989018 28
    endloop
  endfacet
  facet normal 0.729864 0.683592 0
    outer loop
      vertex 9.67224 -0.989018 24.99
      vertex 9.73934 -1.06066 28
      vertex 9.73934 -1.06066 24.99
    endloop
  endfacet
  facet normal -0.881801 0.471622 0
    outer loop
      vertex 12.099 -0.75 24.99
      vertex 12.1453 -0.663432 28
      vertex 12.1453 -0.663432 24.99
    endloop
  endfacet
  facet normal -0.881801 0.471622 0
    outer loop
      vertex 12.1453 -0.663432 28
      vertex 12.099 -0.75 24.99
      vertex 12.099 -0.75 28
    endloop
  endfacet
  facet normal -0.162977 0.98663 0
    outer loop
      vertex 11.0926 -1.47118 24.99
      vertex 10.9958 -1.48717 28
      vertex 11.0926 -1.47118 28
    endloop
  endfacet
  facet normal -0.162977 0.98663 0
    outer loop
      vertex 10.9958 -1.48717 28
      vertex 11.0926 -1.47118 24.99
      vertex 10.9958 -1.48717 24.99
    endloop
  endfacet
  facet normal 0.729864 -0.683592 0
    outer loop
      vertex 9.67224 0.989018 28
      vertex 9.73934 1.06066 24.99
      vertex 9.73934 1.06066 28
    endloop
  endfacet
  facet normal 0.729864 -0.683592 0
    outer loop
      vertex 9.73934 1.06066 24.99
      vertex 9.67224 0.989018 28
      vertex 9.67224 0.989018 24.99
    endloop
  endfacet
  facet normal 0.227069 -0.973879 0
    outer loop
      vertex 10.4118 1.44889 24.99
      vertex 10.5074 1.47118 28
      vertex 10.4118 1.44889 28
    endloop
  endfacet
  facet normal 0.227069 -0.973879 0
    outer loop
      vertex 10.5074 1.47118 28
      vertex 10.4118 1.44889 24.99
      vertex 10.5074 1.47118 24.99
    endloop
  endfacet
  facet normal -0.471249 -0.882 0
    outer loop
      vertex 11.4634 1.34531 24.99
      vertex 11.55 1.29904 28
      vertex 11.4634 1.34531 28
    endloop
  endfacet
  facet normal -0.471249 -0.882 -0
    outer loop
      vertex 11.55 1.29904 28
      vertex 11.4634 1.34531 24.99
      vertex 11.55 1.29904 24.99
    endloop
  endfacet
  facet normal 0.986643 -0.1629 0
    outer loop
      vertex 9.31283 0.195788 28
      vertex 9.32882 0.292635 24.99
      vertex 9.32882 0.292635 28
    endloop
  endfacet
  facet normal 0.986643 -0.1629 0
    outer loop
      vertex 9.32882 0.292635 24.99
      vertex 9.31283 0.195788 28
      vertex 9.31283 0.195788 24.99
    endloop
  endfacet
  facet normal -0.52791 -0.8493 0
    outer loop
      vertex 11.55 1.29904 24.99
      vertex 11.6334 1.2472 28
      vertex 11.55 1.29904 28
    endloop
  endfacet
  facet normal -0.52791 -0.8493 -0
    outer loop
      vertex 11.6334 1.2472 28
      vertex 11.55 1.29904 24.99
      vertex 11.6334 1.2472 24.99
    endloop
  endfacet
  facet normal -0.849355 0.527822 0
    outer loop
      vertex 12.0472 -0.833355 24.99
      vertex 12.099 -0.75 28
      vertex 12.099 -0.75 24.99
    endloop
  endfacet
  facet normal -0.849355 0.527822 0
    outer loop
      vertex 12.099 -0.75 28
      vertex 12.0472 -0.833355 24.99
      vertex 12.0472 -0.833355 28
    endloop
  endfacet
  facet normal -0.582867 0.812568 0
    outer loop
      vertex 11.7131 -1.19003 24.99
      vertex 11.6334 -1.2472 28
      vertex 11.7131 -1.19003 28
    endloop
  endfacet
  facet normal -0.582867 0.812568 0
    outer loop
      vertex 11.6334 -1.2472 28
      vertex 11.7131 -1.19003 24.99
      vertex 11.6334 -1.2472 24.99
    endloop
  endfacet
  facet normal 0.528093 0.849187 -0
    outer loop
      vertex 10.05 -1.29904 24.99
      vertex 9.96664 -1.2472 28
      vertex 10.05 -1.29904 28
    endloop
  endfacet
  facet normal 0.528093 0.849187 0
    outer loop
      vertex 9.96664 -1.2472 28
      vertex 10.05 -1.29904 24.99
      vertex 9.96664 -1.2472 24.99
    endloop
  endfacet
  facet normal 0.881928 0.471384 0
    outer loop
      vertex 9.50096 -0.75 28
      vertex 9.45469 -0.663432 24.99
      vertex 9.45469 -0.663432 28
    endloop
  endfacet
  facet normal 0.881928 0.471384 0
    outer loop
      vertex 9.45469 -0.663432 24.99
      vertex 9.50096 -0.75 28
      vertex 9.50096 -0.75 24.99
    endloop
  endfacet
  facet normal -0.995206 -0.0978054 0
    outer loop
      vertex 12.2968 0.0981045 24.99
      vertex 12.2872 0.195788 28
      vertex 12.2872 0.195788 24.99
    endloop
  endfacet
  facet normal -0.995206 -0.0978054 0
    outer loop
      vertex 12.2872 0.195788 28
      vertex 12.2968 0.0981045 24.99
      vertex 12.2968 0.0981045 28
    endloop
  endfacet
  facet normal 0.995186 -0.0980072 0
    outer loop
      vertex 9.30321 0.0981045 28
      vertex 9.31283 0.195788 24.99
      vertex 9.31283 0.195788 28
    endloop
  endfacet
  facet normal 0.995186 -0.0980072 0
    outer loop
      vertex 9.31283 0.195788 24.99
      vertex 9.30321 0.0981045 28
      vertex 9.30321 0.0981045 24.99
    endloop
  endfacet
  facet normal 0.162977 -0.98663 0
    outer loop
      vertex 10.5074 1.47118 24.99
      vertex 10.6042 1.48717 28
      vertex 10.5074 1.47118 28
    endloop
  endfacet
  facet normal 0.162977 -0.98663 0
    outer loop
      vertex 10.6042 1.48717 28
      vertex 10.5074 1.47118 24.99
      vertex 10.6042 1.48717 24.99
    endloop
  endfacet
  facet normal -0.986626 -0.163 0
    outer loop
      vertex 12.2872 0.195788 24.99
      vertex 12.2712 0.292635 28
      vertex 12.2712 0.292635 24.99
    endloop
  endfacet
  facet normal -0.986626 -0.163 0
    outer loop
      vertex 12.2712 0.292635 28
      vertex 12.2872 0.195788 24.99
      vertex 12.2872 0.195788 28
    endloop
  endfacet
  facet normal -0.412736 -0.910851 0
    outer loop
      vertex 11.374 1.38582 24.99
      vertex 11.4634 1.34531 28
      vertex 11.374 1.38582 28
    endloop
  endfacet
  facet normal -0.412736 -0.910851 -0
    outer loop
      vertex 11.4634 1.34531 28
      vertex 11.374 1.38582 24.99
      vertex 11.4634 1.34531 24.99
    endloop
  endfacet
  facet normal -0.81272 -0.582654 0
    outer loop
      vertex 12.0472 0.833355 24.99
      vertex 11.99 0.913141 28
      vertex 11.99 0.913141 24.99
    endloop
  endfacet
  facet normal -0.81272 -0.582654 0
    outer loop
      vertex 11.99 0.913141 28
      vertex 12.0472 0.833355 24.99
      vertex 12.0472 0.833355 28
    endloop
  endfacet
  facet normal 0.352419 0.935842 -0
    outer loop
      vertex 10.3178 -1.42039 24.99
      vertex 10.226 -1.38582 28
      vertex 10.3178 -1.42039 28
    endloop
  endfacet
  facet normal 0.352419 0.935842 0
    outer loop
      vertex 10.226 -1.38582 28
      vertex 10.3178 -1.42039 24.99
      vertex 10.226 -1.38582 24.99
    endloop
  endfacet
  facet normal -0.0979908 -0.995187 0
    outer loop
      vertex 10.8981 1.49679 24.99
      vertex 10.9958 1.48717 28
      vertex 10.8981 1.49679 28
    endloop
  endfacet
  facet normal -0.0979908 -0.995187 -0
    outer loop
      vertex 10.9958 1.48717 28
      vertex 10.8981 1.49679 24.99
      vertex 10.9958 1.48717 24.99
    endloop
  endfacet
  facet normal 0.956951 0.290251 0
    outer loop
      vertex 9.3796 -0.482159 28
      vertex 9.35111 -0.388228 24.99
      vertex 9.35111 -0.388228 28
    endloop
  endfacet
  facet normal 0.956951 0.290251 0
    outer loop
      vertex 9.35111 -0.388228 24.99
      vertex 9.3796 -0.482159 28
      vertex 9.3796 -0.482159 24.99
    endloop
  endfacet
  facet normal 0.0979908 0.995187 -0
    outer loop
      vertex 10.7019 -1.49679 24.99
      vertex 10.6042 -1.48717 28
      vertex 10.7019 -1.49679 28
    endloop
  endfacet
  facet normal 0.0979908 0.995187 0
    outer loop
      vertex 10.6042 -1.48717 28
      vertex 10.7019 -1.49679 24.99
      vertex 10.6042 -1.48717 24.99
    endloop
  endfacet
  facet normal 0.0327042 -0.999465 0
    outer loop
      vertex 10.7019 1.49679 24.99
      vertex 10.8 1.5 28
      vertex 10.7019 1.49679 28
    endloop
  endfacet
  facet normal 0.0327042 -0.999465 0
    outer loop
      vertex 10.8 1.5 28
      vertex 10.7019 1.49679 24.99
      vertex 10.8 1.5 24.99
    endloop
  endfacet
  facet normal 0.528093 -0.849187 0
    outer loop
      vertex 9.96664 1.2472 24.99
      vertex 10.05 1.29904 28
      vertex 9.96664 1.2472 28
    endloop
  endfacet
  facet normal 0.528093 -0.849187 0
    outer loop
      vertex 10.05 1.29904 28
      vertex 9.96664 1.2472 24.99
      vertex 10.05 1.29904 24.99
    endloop
  endfacet
  facet normal -0.773363 0.633963 0
    outer loop
      vertex 11.9278 -0.989018 24.99
      vertex 11.99 -0.913141 28
      vertex 11.99 -0.913141 24.99
    endloop
  endfacet
  facet normal -0.773363 0.633963 0
    outer loop
      vertex 11.99 -0.913141 28
      vertex 11.9278 -0.989018 24.99
      vertex 11.9278 -0.989018 28
    endloop
  endfacet
  facet normal 0.935891 -0.35229 0
    outer loop
      vertex 9.3796 0.482159 28
      vertex 9.41418 0.574024 24.99
      vertex 9.41418 0.574024 28
    endloop
  endfacet
  facet normal 0.935891 -0.35229 0
    outer loop
      vertex 9.41418 0.574024 24.99
      vertex 9.3796 0.482159 28
      vertex 9.3796 0.482159 24.99
    endloop
  endfacet
  facet normal 0.935891 0.35229 0
    outer loop
      vertex 9.41418 -0.574024 28
      vertex 9.3796 -0.482159 24.99
      vertex 9.3796 -0.482159 28
    endloop
  endfacet
  facet normal 0.935891 0.35229 0
    outer loop
      vertex 9.3796 -0.482159 24.99
      vertex 9.41418 -0.574024 28
      vertex 9.41418 -0.574024 24.99
    endloop
  endfacet
  facet normal -0.935824 0.352468 0
    outer loop
      vertex 12.1858 -0.574024 24.99
      vertex 12.2204 -0.482159 28
      vertex 12.2204 -0.482159 24.99
    endloop
  endfacet
  facet normal -0.935824 0.352468 0
    outer loop
      vertex 12.2204 -0.482159 28
      vertex 12.1858 -0.574024 24.99
      vertex 12.1858 -0.574024 28
    endloop
  endfacet
  facet normal -0.910903 -0.41262 0
    outer loop
      vertex 12.1858 0.574024 24.99
      vertex 12.1453 0.663432 28
      vertex 12.1453 0.663432 24.99
    endloop
  endfacet
  facet normal -0.910903 -0.41262 0
    outer loop
      vertex 12.1453 0.663432 28
      vertex 12.1858 0.574024 24.99
      vertex 12.1858 0.574024 28
    endloop
  endfacet
  facet normal 0.773014 -0.634389 0
    outer loop
      vertex 9.60997 0.913141 28
      vertex 9.67224 0.989018 24.99
      vertex 9.67224 0.989018 28
    endloop
  endfacet
  facet normal 0.773014 -0.634389 0
    outer loop
      vertex 9.67224 0.989018 24.99
      vertex 9.60997 0.913141 28
      vertex 9.60997 0.913141 24.99
    endloop
  endfacet
  facet normal 0.910865 0.412705 0
    outer loop
      vertex 9.45469 -0.663432 28
      vertex 9.41418 -0.574024 24.99
      vertex 9.41418 -0.574024 28
    endloop
  endfacet
  facet normal 0.910865 0.412705 0
    outer loop
      vertex 9.41418 -0.574024 24.99
      vertex 9.45469 -0.663432 28
      vertex 9.45469 -0.663432 24.99
    endloop
  endfacet
  facet normal -0.881801 -0.471622 0
    outer loop
      vertex 12.1453 0.663432 24.99
      vertex 12.099 0.75 28
      vertex 12.099 0.75 24.99
    endloop
  endfacet
  facet normal -0.881801 -0.471622 0
    outer loop
      vertex 12.099 0.75 28
      vertex 12.1453 0.663432 24.99
      vertex 12.1453 0.663432 28
    endloop
  endfacet
  facet normal 0.995186 0.0980072 0
    outer loop
      vertex 9.31283 -0.195788 28
      vertex 9.30321 -0.0981045 24.99
      vertex 9.30321 -0.0981045 28
    endloop
  endfacet
  facet normal 0.995186 0.0980072 0
    outer loop
      vertex 9.30321 -0.0981045 24.99
      vertex 9.31283 -0.195788 28
      vertex 9.31283 -0.195788 24.99
    endloop
  endfacet
  facet normal -0.634274 -0.773108 0
    outer loop
      vertex 11.7131 1.19003 24.99
      vertex 11.789 1.12776 28
      vertex 11.7131 1.19003 28
    endloop
  endfacet
  facet normal -0.634274 -0.773108 -0
    outer loop
      vertex 11.789 1.12776 28
      vertex 11.7131 1.19003 24.99
      vertex 11.789 1.12776 24.99
    endloop
  endfacet
  facet normal 0.973875 0.227084 0
    outer loop
      vertex 9.35111 -0.388228 28
      vertex 9.32882 -0.292635 24.99
      vertex 9.32882 -0.292635 28
    endloop
  endfacet
  facet normal 0.973875 0.227084 0
    outer loop
      vertex 9.32882 -0.292635 24.99
      vertex 9.35111 -0.388228 28
      vertex 9.35111 -0.388228 24.99
    endloop
  endfacet
  facet normal -0.773363 -0.633963 0
    outer loop
      vertex 11.99 0.913141 24.99
      vertex 11.9278 0.989018 28
      vertex 11.9278 0.989018 24.99
    endloop
  endfacet
  facet normal -0.773363 -0.633963 0
    outer loop
      vertex 11.9278 0.989018 28
      vertex 11.99 0.913141 24.99
      vertex 11.99 0.913141 28
    endloop
  endfacet
  facet normal 0.582481 0.812844 -0
    outer loop
      vertex 9.96664 -1.2472 24.99
      vertex 9.88686 -1.19003 28
      vertex 9.96664 -1.2472 28
    endloop
  endfacet
  facet normal 0.582481 0.812844 0
    outer loop
      vertex 9.88686 -1.19003 28
      vertex 9.96664 -1.2472 24.99
      vertex 9.88686 -1.19003 24.99
    endloop
  endfacet
  facet normal 0.162977 0.98663 -0
    outer loop
      vertex 10.6042 -1.48717 24.99
      vertex 10.5074 -1.47118 28
      vertex 10.6042 -1.48717 28
    endloop
  endfacet
  facet normal 0.162977 0.98663 0
    outer loop
      vertex 10.5074 -1.47118 28
      vertex 10.6042 -1.48717 24.99
      vertex 10.5074 -1.47118 24.99
    endloop
  endfacet
  facet normal -0.471249 0.882 0
    outer loop
      vertex 11.55 -1.29904 24.99
      vertex 11.4634 -1.34531 28
      vertex 11.55 -1.29904 28
    endloop
  endfacet
  facet normal -0.471249 0.882 0
    outer loop
      vertex 11.4634 -1.34531 28
      vertex 11.55 -1.29904 24.99
      vertex 11.4634 -1.34531 24.99
    endloop
  endfacet
  facet normal 0.290149 -0.956982 0
    outer loop
      vertex 10.3178 1.42039 24.99
      vertex 10.4118 1.44889 28
      vertex 10.3178 1.42039 28
    endloop
  endfacet
  facet normal 0.290149 -0.956982 0
    outer loop
      vertex 10.4118 1.44889 28
      vertex 10.3178 1.42039 24.99
      vertex 10.4118 1.44889 24.99
    endloop
  endfacet
  facet normal 0.683602 -0.729855 0
    outer loop
      vertex 9.73934 1.06066 24.99
      vertex 9.81098 1.12776 28
      vertex 9.73934 1.06066 28
    endloop
  endfacet
  facet normal 0.683602 -0.729855 0
    outer loop
      vertex 9.81098 1.12776 28
      vertex 9.73934 1.06066 24.99
      vertex 9.81098 1.12776 24.99
    endloop
  endfacet
  facet normal 0.683602 0.729855 -0
    outer loop
      vertex 9.81098 -1.12776 24.99
      vertex 9.73934 -1.06066 28
      vertex 9.81098 -1.12776 28
    endloop
  endfacet
  facet normal 0.683602 0.729855 0
    outer loop
      vertex 9.73934 -1.06066 28
      vertex 9.81098 -1.12776 24.99
      vertex 9.73934 -1.06066 24.99
    endloop
  endfacet
  facet normal 0.973875 -0.227084 0
    outer loop
      vertex 9.32882 0.292635 28
      vertex 9.35111 0.388228 24.99
      vertex 9.35111 0.388228 28
    endloop
  endfacet
  facet normal 0.973875 -0.227084 0
    outer loop
      vertex 9.35111 0.388228 24.99
      vertex 9.32882 0.292635 28
      vertex 9.32882 0.292635 24.99
    endloop
  endfacet
  facet normal -0.995206 0.0978054 0
    outer loop
      vertex 12.2872 -0.195788 24.99
      vertex 12.2968 -0.0981045 28
      vertex 12.2968 -0.0981045 24.99
    endloop
  endfacet
  facet normal -0.995206 0.0978054 0
    outer loop
      vertex 12.2968 -0.0981045 28
      vertex 12.2872 -0.195788 24.99
      vertex 12.2872 -0.195788 28
    endloop
  endfacet
  facet normal -0.52791 0.8493 0
    outer loop
      vertex 11.6334 -1.2472 24.99
      vertex 11.55 -1.29904 28
      vertex 11.6334 -1.2472 28
    endloop
  endfacet
  facet normal -0.52791 0.8493 0
    outer loop
      vertex 11.55 -1.29904 28
      vertex 11.6334 -1.2472 24.99
      vertex 11.55 -1.29904 24.99
    endloop
  endfacet
  facet normal 0.471249 -0.882 0
    outer loop
      vertex 10.05 1.29904 24.99
      vertex 10.1366 1.34531 28
      vertex 10.05 1.29904 28
    endloop
  endfacet
  facet normal 0.471249 -0.882 0
    outer loop
      vertex 10.1366 1.34531 28
      vertex 10.05 1.29904 24.99
      vertex 10.1366 1.34531 24.99
    endloop
  endfacet
  facet normal 0.849172 0.528116 0
    outer loop
      vertex 9.5528 -0.833355 28
      vertex 9.50096 -0.75 24.99
      vertex 9.50096 -0.75 28
    endloop
  endfacet
  facet normal 0.849172 0.528116 0
    outer loop
      vertex 9.50096 -0.75 24.99
      vertex 9.5528 -0.833355 28
      vertex 9.5528 -0.833355 24.99
    endloop
  endfacet
  facet normal 0.634374 -0.773026 0
    outer loop
      vertex 9.81098 1.12776 24.99
      vertex 9.88686 1.19003 28
      vertex 9.81098 1.12776 28
    endloop
  endfacet
  facet normal 0.634374 -0.773026 0
    outer loop
      vertex 9.88686 1.19003 28
      vertex 9.81098 1.12776 24.99
      vertex 9.88686 1.19003 24.99
    endloop
  endfacet
  facet normal -0.729864 0.683592 0
    outer loop
      vertex 11.8607 -1.06066 24.99
      vertex 11.9278 -0.989018 28
      vertex 11.9278 -0.989018 24.99
    endloop
  endfacet
  facet normal -0.729864 0.683592 0
    outer loop
      vertex 11.9278 -0.989018 28
      vertex 11.8607 -1.06066 24.99
      vertex 11.8607 -1.06066 28
    endloop
  endfacet
  facet normal 0.773014 0.634389 0
    outer loop
      vertex 9.67224 -0.989018 28
      vertex 9.60997 -0.913141 24.99
      vertex 9.60997 -0.913141 28
    endloop
  endfacet
  facet normal 0.773014 0.634389 0
    outer loop
      vertex 9.60997 -0.913141 24.99
      vertex 9.67224 -0.989018 28
      vertex 9.67224 -0.989018 24.99
    endloop
  endfacet
  facet normal 0.812865 -0.582452 0
    outer loop
      vertex 9.5528 0.833355 28
      vertex 9.60997 0.913141 24.99
      vertex 9.60997 0.913141 28
    endloop
  endfacet
  facet normal 0.812865 -0.582452 0
    outer loop
      vertex 9.60997 0.913141 24.99
      vertex 9.5528 0.833355 28
      vertex 9.5528 0.833355 24.99
    endloop
  endfacet
  facet normal -0.81272 0.582654 0
    outer loop
      vertex 11.99 -0.913141 24.99
      vertex 12.0472 -0.833355 28
      vertex 12.0472 -0.833355 24.99
    endloop
  endfacet
  facet normal -0.81272 0.582654 0
    outer loop
      vertex 12.0472 -0.833355 28
      vertex 11.99 -0.913141 24.99
      vertex 11.99 -0.913141 28
    endloop
  endfacet
  facet normal -0.986626 0.163 0
    outer loop
      vertex 12.2712 -0.292635 24.99
      vertex 12.2872 -0.195788 28
      vertex 12.2872 -0.195788 24.99
    endloop
  endfacet
  facet normal -0.986626 0.163 0
    outer loop
      vertex 12.2872 -0.195788 28
      vertex 12.2712 -0.292635 24.99
      vertex 12.2712 -0.292635 28
    endloop
  endfacet
  facet normal -0.973853 0.227181 0
    outer loop
      vertex 12.2489 -0.388228 24.99
      vertex 12.2712 -0.292635 28
      vertex 12.2712 -0.292635 24.99
    endloop
  endfacet
  facet normal -0.973853 0.227181 0
    outer loop
      vertex 12.2712 -0.292635 28
      vertex 12.2489 -0.388228 24.99
      vertex 12.2489 -0.388228 28
    endloop
  endfacet
  facet normal 0.999465 0.0327027 0
    outer loop
      vertex 9.30321 -0.0981045 28
      vertex 9.3 0 24.99
      vertex 9.3 0 28
    endloop
  endfacet
  facet normal 0.999465 0.0327027 0
    outer loop
      vertex 9.3 0 24.99
      vertex 9.30321 -0.0981045 28
      vertex 9.30321 -0.0981045 24.99
    endloop
  endfacet
  facet normal -0.634274 0.773108 0
    outer loop
      vertex 11.789 -1.12776 24.99
      vertex 11.7131 -1.19003 28
      vertex 11.789 -1.12776 28
    endloop
  endfacet
  facet normal -0.634274 0.773108 0
    outer loop
      vertex 11.7131 -1.19003 28
      vertex 11.789 -1.12776 24.99
      vertex 11.7131 -1.19003 24.99
    endloop
  endfacet
  facet normal -0.352419 0.935842 0
    outer loop
      vertex 11.374 -1.38582 24.99
      vertex 11.2822 -1.42039 28
      vertex 11.374 -1.38582 28
    endloop
  endfacet
  facet normal -0.352419 0.935842 0
    outer loop
      vertex 11.2822 -1.42039 28
      vertex 11.374 -1.38582 24.99
      vertex 11.2822 -1.42039 24.99
    endloop
  endfacet
  facet normal -0.227069 0.973879 0
    outer loop
      vertex 11.1882 -1.44889 24.99
      vertex 11.0926 -1.47118 28
      vertex 11.1882 -1.44889 28
    endloop
  endfacet
  facet normal -0.227069 0.973879 0
    outer loop
      vertex 11.0926 -1.47118 28
      vertex 11.1882 -1.44889 24.99
      vertex 11.0926 -1.47118 24.99
    endloop
  endfacet
  facet normal -0.290149 -0.956982 0
    outer loop
      vertex 11.1882 1.44889 24.99
      vertex 11.2822 1.42039 28
      vertex 11.1882 1.44889 28
    endloop
  endfacet
  facet normal -0.290149 -0.956982 -0
    outer loop
      vertex 11.2822 1.42039 28
      vertex 11.1882 1.44889 24.99
      vertex 11.2822 1.42039 24.99
    endloop
  endfacet
  facet normal 0.849172 -0.528116 0
    outer loop
      vertex 9.50096 0.75 28
      vertex 9.5528 0.833355 24.99
      vertex 9.5528 0.833355 28
    endloop
  endfacet
  facet normal 0.849172 -0.528116 0
    outer loop
      vertex 9.5528 0.833355 24.99
      vertex 9.50096 0.75 28
      vertex 9.50096 0.75 24.99
    endloop
  endfacet
  facet normal -0.412736 0.910851 0
    outer loop
      vertex 11.4634 -1.34531 24.99
      vertex 11.374 -1.38582 28
      vertex 11.4634 -1.34531 28
    endloop
  endfacet
  facet normal -0.412736 0.910851 0
    outer loop
      vertex 11.374 -1.38582 28
      vertex 11.4634 -1.34531 24.99
      vertex 11.374 -1.38582 24.99
    endloop
  endfacet
  facet normal 0.412736 0.910851 -0
    outer loop
      vertex 10.226 -1.38582 24.99
      vertex 10.1366 -1.34531 28
      vertex 10.226 -1.38582 28
    endloop
  endfacet
  facet normal 0.412736 0.910851 0
    outer loop
      vertex 10.1366 -1.34531 28
      vertex 10.226 -1.38582 24.99
      vertex 10.1366 -1.34531 24.99
    endloop
  endfacet
  facet normal 0.634374 0.773026 -0
    outer loop
      vertex 9.88686 -1.19003 24.99
      vertex 9.81098 -1.12776 28
      vertex 9.88686 -1.19003 28
    endloop
  endfacet
  facet normal 0.634374 0.773026 0
    outer loop
      vertex 9.81098 -1.12776 28
      vertex 9.88686 -1.19003 24.99
      vertex 9.81098 -1.12776 24.99
    endloop
  endfacet
  facet normal 0.910865 -0.412705 0
    outer loop
      vertex 9.41418 0.574024 28
      vertex 9.45469 0.663432 24.99
      vertex 9.45469 0.663432 28
    endloop
  endfacet
  facet normal 0.910865 -0.412705 0
    outer loop
      vertex 9.45469 0.663432 24.99
      vertex 9.41418 0.574024 28
      vertex 9.41418 0.574024 24.99
    endloop
  endfacet
  facet normal 0.227069 0.973879 -0
    outer loop
      vertex 10.5074 -1.47118 24.99
      vertex 10.4118 -1.44889 28
      vertex 10.5074 -1.47118 28
    endloop
  endfacet
  facet normal 0.227069 0.973879 0
    outer loop
      vertex 10.4118 -1.44889 28
      vertex 10.5074 -1.47118 24.99
      vertex 10.4118 -1.44889 24.99
    endloop
  endfacet
  facet normal -0.995187 -0.0979908 0
    outer loop
      vertex 1.49679 10.8981 24.99
      vertex 1.48717 10.9958 28
      vertex 1.48717 10.9958 24.99
    endloop
  endfacet
  facet normal -0.995187 -0.0979908 0
    outer loop
      vertex 1.48717 10.9958 28
      vertex 1.49679 10.8981 24.99
      vertex 1.49679 10.8981 28
    endloop
  endfacet
  facet normal -0.999465 -0.0327042 0
    outer loop
      vertex 1.5 10.8 24.99
      vertex 1.49679 10.8981 28
      vertex 1.49679 10.8981 24.99
    endloop
  endfacet
  facet normal -0.999465 -0.0327042 0
    outer loop
      vertex 1.49679 10.8981 28
      vertex 1.5 10.8 24.99
      vertex 1.5 10.8 28
    endloop
  endfacet
  facet normal -0.98663 -0.162977 0
    outer loop
      vertex 1.48717 10.9958 24.99
      vertex 1.47118 11.0926 28
      vertex 1.47118 11.0926 24.99
    endloop
  endfacet
  facet normal -0.98663 -0.162977 0
    outer loop
      vertex 1.47118 11.0926 28
      vertex 1.48717 10.9958 24.99
      vertex 1.48717 10.9958 28
    endloop
  endfacet
  facet normal 0.582654 -0.81272 0
    outer loop
      vertex -0.913141 11.99 24.99
      vertex -0.833355 12.0472 28
      vertex -0.913141 11.99 28
    endloop
  endfacet
  facet normal 0.582654 -0.81272 0
    outer loop
      vertex -0.833355 12.0472 28
      vertex -0.913141 11.99 24.99
      vertex -0.833355 12.0472 24.99
    endloop
  endfacet
  facet normal 0.812844 0.582481 0
    outer loop
      vertex -1.19003 9.88686 28
      vertex -1.2472 9.96664 24.99
      vertex -1.2472 9.96664 28
    endloop
  endfacet
  facet normal 0.812844 0.582481 0
    outer loop
      vertex -1.2472 9.96664 24.99
      vertex -1.19003 9.88686 28
      vertex -1.19003 9.88686 24.99
    endloop
  endfacet
  facet normal 0.910851 0.412736 0
    outer loop
      vertex -1.34531 10.1366 28
      vertex -1.38582 10.226 24.99
      vertex -1.38582 10.226 28
    endloop
  endfacet
  facet normal 0.910851 0.412736 0
    outer loop
      vertex -1.38582 10.226 24.99
      vertex -1.34531 10.1366 28
      vertex -1.34531 10.1366 24.99
    endloop
  endfacet
  facet normal 0.1629 0.986643 -0
    outer loop
      vertex -0.195788 9.31283 24.99
      vertex -0.292635 9.32882 28
      vertex -0.195788 9.31283 28
    endloop
  endfacet
  facet normal 0.1629 0.986643 0
    outer loop
      vertex -0.292635 9.32882 28
      vertex -0.195788 9.31283 24.99
      vertex -0.292635 9.32882 24.99
    endloop
  endfacet
  facet normal -0.8493 -0.52791 0
    outer loop
      vertex 1.29904 11.55 24.99
      vertex 1.2472 11.6334 28
      vertex 1.2472 11.6334 24.99
    endloop
  endfacet
  facet normal -0.8493 -0.52791 0
    outer loop
      vertex 1.2472 11.6334 28
      vertex 1.29904 11.55 24.99
      vertex 1.29904 11.55 28
    endloop
  endfacet
  facet normal 0.995187 -0.0979908 0
    outer loop
      vertex -1.49679 10.8981 28
      vertex -1.48717 10.9958 24.99
      vertex -1.48717 10.9958 28
    endloop
  endfacet
  facet normal 0.995187 -0.0979908 0
    outer loop
      vertex -1.48717 10.9958 24.99
      vertex -1.49679 10.8981 28
      vertex -1.49679 10.8981 24.99
    endloop
  endfacet
  facet normal -0.352468 -0.935824 0
    outer loop
      vertex 0.482159 12.2204 24.99
      vertex 0.574024 12.1858 28
      vertex 0.482159 12.2204 28
    endloop
  endfacet
  facet normal -0.352468 -0.935824 -0
    outer loop
      vertex 0.574024 12.1858 28
      vertex 0.482159 12.2204 24.99
      vertex 0.574024 12.1858 24.99
    endloop
  endfacet
  facet normal -0.935842 -0.352419 0
    outer loop
      vertex 1.42039 11.2822 24.99
      vertex 1.38582 11.374 28
      vertex 1.38582 11.374 24.99
    endloop
  endfacet
  facet normal -0.935842 -0.352419 0
    outer loop
      vertex 1.38582 11.374 28
      vertex 1.42039 11.2822 24.99
      vertex 1.42039 11.2822 28
    endloop
  endfacet
  facet normal -0.882 0.471249 0
    outer loop
      vertex 1.29904 10.05 24.99
      vertex 1.34531 10.1366 28
      vertex 1.34531 10.1366 24.99
    endloop
  endfacet
  facet normal -0.882 0.471249 0
    outer loop
      vertex 1.34531 10.1366 28
      vertex 1.29904 10.05 24.99
      vertex 1.29904 10.05 28
    endloop
  endfacet
  facet normal 0.352468 -0.935824 0
    outer loop
      vertex -0.574024 12.1858 24.99
      vertex -0.482159 12.2204 28
      vertex -0.574024 12.1858 28
    endloop
  endfacet
  facet normal 0.352468 -0.935824 0
    outer loop
      vertex -0.482159 12.2204 28
      vertex -0.574024 12.1858 24.99
      vertex -0.482159 12.2204 24.99
    endloop
  endfacet
  facet normal -0.973879 -0.227069 0
    outer loop
      vertex 1.47118 11.0926 24.99
      vertex 1.44889 11.1882 28
      vertex 1.44889 11.1882 24.99
    endloop
  endfacet
  facet normal -0.973879 -0.227069 0
    outer loop
      vertex 1.44889 11.1882 28
      vertex 1.47118 11.0926 24.99
      vertex 1.47118 11.0926 28
    endloop
  endfacet
  facet normal -0.910851 -0.412736 0
    outer loop
      vertex 1.38582 11.374 24.99
      vertex 1.34531 11.4634 28
      vertex 1.34531 11.4634 24.99
    endloop
  endfacet
  facet normal -0.910851 -0.412736 0
    outer loop
      vertex 1.34531 11.4634 28
      vertex 1.38582 11.374 24.99
      vertex 1.38582 11.374 28
    endloop
  endfacet
  facet normal 0.471622 -0.881801 0
    outer loop
      vertex -0.75 12.099 24.99
      vertex -0.663432 12.1453 28
      vertex -0.75 12.099 28
    endloop
  endfacet
  facet normal 0.471622 -0.881801 0
    outer loop
      vertex -0.663432 12.1453 28
      vertex -0.75 12.099 24.99
      vertex -0.663432 12.1453 24.99
    endloop
  endfacet
  facet normal -0.973879 0.227069 0
    outer loop
      vertex 1.44889 10.4118 24.99
      vertex 1.47118 10.5074 28
      vertex 1.47118 10.5074 24.99
    endloop
  endfacet
  facet normal -0.973879 0.227069 0
    outer loop
      vertex 1.47118 10.5074 28
      vertex 1.44889 10.4118 24.99
      vertex 1.44889 10.4118 28
    endloop
  endfacet
  facet normal -0.163 -0.986626 0
    outer loop
      vertex 0.195788 12.2872 24.99
      vertex 0.292635 12.2712 28
      vertex 0.195788 12.2872 28
    endloop
  endfacet
  facet normal -0.163 -0.986626 -0
    outer loop
      vertex 0.292635 12.2712 28
      vertex 0.195788 12.2872 24.99
      vertex 0.292635 12.2712 24.99
    endloop
  endfacet
  facet normal 0.290344 -0.956922 0
    outer loop
      vertex -0.482159 12.2204 24.99
      vertex -0.388228 12.2489 28
      vertex -0.482159 12.2204 28
    endloop
  endfacet
  facet normal 0.290344 -0.956922 0
    outer loop
      vertex -0.388228 12.2489 28
      vertex -0.482159 12.2204 24.99
      vertex -0.388228 12.2489 24.99
    endloop
  endfacet
  facet normal 0.0980072 0.995186 -0
    outer loop
      vertex -0.0981045 9.30321 24.99
      vertex -0.195788 9.31283 28
      vertex -0.0981045 9.30321 28
    endloop
  endfacet
  facet normal 0.0980072 0.995186 0
    outer loop
      vertex -0.195788 9.31283 28
      vertex -0.0981045 9.30321 24.99
      vertex -0.195788 9.31283 24.99
    endloop
  endfacet
  facet normal 0.956982 0.290149 0
    outer loop
      vertex -1.42039 10.3178 28
      vertex -1.44889 10.4118 24.99
      vertex -1.44889 10.4118 28
    endloop
  endfacet
  facet normal 0.956982 0.290149 0
    outer loop
      vertex -1.44889 10.4118 24.99
      vertex -1.42039 10.3178 28
      vertex -1.42039 10.3178 24.99
    endloop
  endfacet
  facet normal -0.582452 0.812865 0
    outer loop
      vertex 0.913141 9.60997 24.99
      vertex 0.833355 9.5528 28
      vertex 0.913141 9.60997 28
    endloop
  endfacet
  facet normal -0.582452 0.812865 0
    outer loop
      vertex 0.833355 9.5528 28
      vertex 0.913141 9.60997 24.99
      vertex 0.833355 9.5528 24.99
    endloop
  endfacet
  facet normal -0.773108 -0.634274 0
    outer loop
      vertex 1.19003 11.7131 24.99
      vertex 1.12776 11.789 28
      vertex 1.12776 11.789 24.99
    endloop
  endfacet
  facet normal -0.773108 -0.634274 0
    outer loop
      vertex 1.12776 11.789 28
      vertex 1.19003 11.7131 24.99
      vertex 1.19003 11.7131 28
    endloop
  endfacet
  facet normal -0.683592 -0.729864 0
    outer loop
      vertex 0.989018 11.9278 24.99
      vertex 1.06066 11.8607 28
      vertex 0.989018 11.9278 28
    endloop
  endfacet
  facet normal -0.683592 -0.729864 -0
    outer loop
      vertex 1.06066 11.8607 28
      vertex 0.989018 11.9278 24.99
      vertex 1.06066 11.8607 24.99
    endloop
  endfacet
  facet normal 0.882 0.471249 0
    outer loop
      vertex -1.29904 10.05 28
      vertex -1.34531 10.1366 24.99
      vertex -1.34531 10.1366 28
    endloop
  endfacet
  facet normal 0.882 0.471249 0
    outer loop
      vertex -1.34531 10.1366 24.99
      vertex -1.29904 10.05 28
      vertex -1.29904 10.05 24.99
    endloop
  endfacet
  facet normal -0.227084 0.973875 0
    outer loop
      vertex 0.388228 9.35111 24.99
      vertex 0.292635 9.32882 28
      vertex 0.388228 9.35111 28
    endloop
  endfacet
  facet normal -0.227084 0.973875 0
    outer loop
      vertex 0.292635 9.32882 28
      vertex 0.388228 9.35111 24.99
      vertex 0.292635 9.32882 24.99
    endloop
  endfacet
  facet normal -0.995187 0.0979908 0
    outer loop
      vertex 1.48717 10.6042 24.99
      vertex 1.49679 10.7019 28
      vertex 1.49679 10.7019 24.99
    endloop
  endfacet
  facet normal -0.995187 0.0979908 0
    outer loop
      vertex 1.49679 10.7019 28
      vertex 1.48717 10.6042 24.99
      vertex 1.48717 10.6042 28
    endloop
  endfacet
  facet normal 0.935842 0.352419 0
    outer loop
      vertex -1.38582 10.226 28
      vertex -1.42039 10.3178 24.99
      vertex -1.42039 10.3178 28
    endloop
  endfacet
  facet normal 0.935842 0.352419 0
    outer loop
      vertex -1.42039 10.3178 24.99
      vertex -1.38582 10.226 28
      vertex -1.38582 10.226 24.99
    endloop
  endfacet
  facet normal -0.471622 -0.881801 0
    outer loop
      vertex 0.663432 12.1453 24.99
      vertex 0.75 12.099 28
      vertex 0.663432 12.1453 28
    endloop
  endfacet
  facet normal -0.471622 -0.881801 -0
    outer loop
      vertex 0.75 12.099 28
      vertex 0.663432 12.1453 24.99
      vertex 0.75 12.099 24.99
    endloop
  endfacet
  facet normal -0.0326009 -0.999468 0
    outer loop
      vertex 0 12.3 24.99
      vertex 0.0981045 12.2968 28
      vertex 0 12.3 28
    endloop
  endfacet
  facet normal -0.0326009 -0.999468 -0
    outer loop
      vertex 0.0981045 12.2968 28
      vertex 0 12.3 24.99
      vertex 0.0981045 12.2968 24.99
    endloop
  endfacet
  facet normal 0.973879 -0.227069 0
    outer loop
      vertex -1.47118 11.0926 28
      vertex -1.44889 11.1882 24.99
      vertex -1.44889 11.1882 28
    endloop
  endfacet
  facet normal 0.973879 -0.227069 0
    outer loop
      vertex -1.44889 11.1882 24.99
      vertex -1.47118 11.0926 28
      vertex -1.47118 11.0926 24.99
    endloop
  endfacet
  facet normal 0.41262 -0.910903 0
    outer loop
      vertex -0.663432 12.1453 24.99
      vertex -0.574024 12.1858 28
      vertex -0.663432 12.1453 28
    endloop
  endfacet
  facet normal 0.41262 -0.910903 0
    outer loop
      vertex -0.574024 12.1858 28
      vertex -0.663432 12.1453 24.99
      vertex -0.574024 12.1858 24.99
    endloop
  endfacet
  facet normal -0.528116 0.849172 0
    outer loop
      vertex 0.833355 9.5528 24.99
      vertex 0.75 9.50096 28
      vertex 0.833355 9.5528 28
    endloop
  endfacet
  facet normal -0.528116 0.849172 0
    outer loop
      vertex 0.75 9.50096 28
      vertex 0.833355 9.5528 24.99
      vertex 0.75 9.50096 24.99
    endloop
  endfacet
  facet normal -0.412705 0.910865 0
    outer loop
      vertex 0.663432 9.45469 24.99
      vertex 0.574024 9.41418 28
      vertex 0.663432 9.45469 28
    endloop
  endfacet
  facet normal -0.412705 0.910865 0
    outer loop
      vertex 0.574024 9.41418 28
      vertex 0.663432 9.45469 24.99
      vertex 0.574024 9.41418 24.99
    endloop
  endfacet
  facet normal -0.0980072 0.995186 0
    outer loop
      vertex 0.195788 9.31283 24.99
      vertex 0.0981045 9.30321 28
      vertex 0.195788 9.31283 28
    endloop
  endfacet
  facet normal -0.0980072 0.995186 0
    outer loop
      vertex 0.0981045 9.30321 28
      vertex 0.195788 9.31283 24.99
      vertex 0.0981045 9.30321 24.99
    endloop
  endfacet
  facet normal 0.528116 0.849172 -0
    outer loop
      vertex -0.75 9.50096 24.99
      vertex -0.833355 9.5528 28
      vertex -0.75 9.50096 28
    endloop
  endfacet
  facet normal 0.528116 0.849172 0
    outer loop
      vertex -0.833355 9.5528 28
      vertex -0.75 9.50096 24.99
      vertex -0.833355 9.5528 24.99
    endloop
  endfacet
  facet normal 0.0326009 -0.999468 0
    outer loop
      vertex -0.0981045 12.2968 24.99
      vertex 0 12.3 28
      vertex -0.0981045 12.2968 28
    endloop
  endfacet
  facet normal 0.0326009 -0.999468 0
    outer loop
      vertex 0 12.3 28
      vertex -0.0981045 12.2968 24.99
      vertex 0 12.3 24.99
    endloop
  endfacet
  facet normal 0.999465 -0.0327042 0
    outer loop
      vertex -1.5 10.8 28
      vertex -1.49679 10.8981 24.99
      vertex -1.49679 10.8981 28
    endloop
  endfacet
  facet normal 0.999465 -0.0327042 0
    outer loop
      vertex -1.49679 10.8981 24.99
      vertex -1.5 10.8 28
      vertex -1.5 10.8 24.99
    endloop
  endfacet
  facet normal -0.1629 0.986643 0
    outer loop
      vertex 0.292635 9.32882 24.99
      vertex 0.195788 9.31283 28
      vertex 0.292635 9.32882 28
    endloop
  endfacet
  facet normal -0.1629 0.986643 0
    outer loop
      vertex 0.195788 9.31283 28
      vertex 0.292635 9.32882 24.99
      vertex 0.195788 9.31283 24.99
    endloop
  endfacet
  facet normal 0.73014 -0.683297 0
    outer loop
      vertex -1.12776 11.789 28
      vertex -1.06066 11.8607 24.99
      vertex -1.06066 11.8607 28
    endloop
  endfacet
  facet normal 0.73014 -0.683297 0
    outer loop
      vertex -1.06066 11.8607 24.99
      vertex -1.12776 11.789 28
      vertex -1.12776 11.789 24.99
    endloop
  endfacet
  facet normal 0.812568 -0.582867 0
    outer loop
      vertex -1.2472 11.6334 28
      vertex -1.19003 11.7131 24.99
      vertex -1.19003 11.7131 28
    endloop
  endfacet
  facet normal 0.812568 -0.582867 0
    outer loop
      vertex -1.19003 11.7131 24.99
      vertex -1.2472 11.6334 28
      vertex -1.2472 11.6334 24.99
    endloop
  endfacet
  facet normal -0.910851 0.412736 0
    outer loop
      vertex 1.34531 10.1366 24.99
      vertex 1.38582 10.226 28
      vertex 1.38582 10.226 24.99
    endloop
  endfacet
  facet normal -0.910851 0.412736 0
    outer loop
      vertex 1.38582 10.226 28
      vertex 1.34531 10.1366 24.99
      vertex 1.34531 10.1366 28
    endloop
  endfacet
  facet normal -0.0327027 0.999465 0
    outer loop
      vertex 0.0981045 9.30321 24.99
      vertex 0 9.3 28
      vertex 0.0981045 9.30321 28
    endloop
  endfacet
  facet normal -0.0327027 0.999465 0
    outer loop
      vertex 0 9.3 28
      vertex 0.0981045 9.30321 24.99
      vertex 0 9.3 24.99
    endloop
  endfacet
  facet normal 0.227084 0.973875 -0
    outer loop
      vertex -0.292635 9.32882 24.99
      vertex -0.388228 9.35111 28
      vertex -0.292635 9.32882 28
    endloop
  endfacet
  facet normal 0.227084 0.973875 0
    outer loop
      vertex -0.388228 9.35111 28
      vertex -0.292635 9.32882 24.99
      vertex -0.388228 9.35111 24.99
    endloop
  endfacet
  facet normal -0.527822 -0.849355 0
    outer loop
      vertex 0.75 12.099 24.99
      vertex 0.833355 12.0472 28
      vertex 0.75 12.099 28
    endloop
  endfacet
  facet normal -0.527822 -0.849355 -0
    outer loop
      vertex 0.833355 12.0472 28
      vertex 0.75 12.099 24.99
      vertex 0.833355 12.0472 24.99
    endloop
  endfacet
  facet normal 0.995187 0.0979908 0
    outer loop
      vertex -1.48717 10.6042 28
      vertex -1.49679 10.7019 24.99
      vertex -1.49679 10.7019 28
    endloop
  endfacet
  facet normal 0.995187 0.0979908 0
    outer loop
      vertex -1.49679 10.7019 24.99
      vertex -1.48717 10.6042 28
      vertex -1.48717 10.6042 24.99
    endloop
  endfacet
  facet normal 0.633963 -0.773363 0
    outer loop
      vertex -0.989018 11.9278 24.99
      vertex -0.913141 11.99 28
      vertex -0.989018 11.9278 28
    endloop
  endfacet
  facet normal 0.633963 -0.773363 0
    outer loop
      vertex -0.913141 11.99 28
      vertex -0.989018 11.9278 24.99
      vertex -0.913141 11.99 24.99
    endloop
  endfacet
  facet normal -0.812568 -0.582867 0
    outer loop
      vertex 1.2472 11.6334 24.99
      vertex 1.19003 11.7131 28
      vertex 1.19003 11.7131 24.99
    endloop
  endfacet
  facet normal -0.812568 -0.582867 0
    outer loop
      vertex 1.19003 11.7131 28
      vertex 1.2472 11.6334 24.99
      vertex 1.2472 11.6334 28
    endloop
  endfacet
  facet normal -0.729855 0.683602 0
    outer loop
      vertex 1.06066 9.73934 24.99
      vertex 1.12776 9.81098 28
      vertex 1.12776 9.81098 24.99
    endloop
  endfacet
  facet normal -0.729855 0.683602 0
    outer loop
      vertex 1.12776 9.81098 28
      vertex 1.06066 9.73934 24.99
      vertex 1.06066 9.73934 28
    endloop
  endfacet
  facet normal 0.0978054 -0.995206 0
    outer loop
      vertex -0.195788 12.2872 24.99
      vertex -0.0981045 12.2968 28
      vertex -0.195788 12.2872 28
    endloop
  endfacet
  facet normal 0.0978054 -0.995206 0
    outer loop
      vertex -0.0981045 12.2968 28
      vertex -0.195788 12.2872 24.99
      vertex -0.0981045 12.2968 24.99
    endloop
  endfacet
  facet normal -0.882 -0.471249 0
    outer loop
      vertex 1.34531 11.4634 24.99
      vertex 1.29904 11.55 28
      vertex 1.29904 11.55 24.99
    endloop
  endfacet
  facet normal -0.882 -0.471249 0
    outer loop
      vertex 1.29904 11.55 28
      vertex 1.34531 11.4634 24.99
      vertex 1.34531 11.4634 28
    endloop
  endfacet
  facet normal -0.0978054 -0.995206 0
    outer loop
      vertex 0.0981045 12.2968 24.99
      vertex 0.195788 12.2872 28
      vertex 0.0981045 12.2968 28
    endloop
  endfacet
  facet normal -0.0978054 -0.995206 -0
    outer loop
      vertex 0.195788 12.2872 28
      vertex 0.0981045 12.2968 24.99
      vertex 0.195788 12.2872 24.99
    endloop
  endfacet
  facet normal -0.73014 -0.683297 0
    outer loop
      vertex 1.12776 11.789 24.99
      vertex 1.06066 11.8607 28
      vertex 1.06066 11.8607 24.99
    endloop
  endfacet
  facet normal -0.73014 -0.683297 0
    outer loop
      vertex 1.06066 11.8607 28
      vertex 1.12776 11.789 24.99
      vertex 1.12776 11.789 28
    endloop
  endfacet
  facet normal -0.956982 -0.290149 0
    outer loop
      vertex 1.44889 11.1882 24.99
      vertex 1.42039 11.2822 28
      vertex 1.42039 11.2822 24.99
    endloop
  endfacet
  facet normal -0.956982 -0.290149 0
    outer loop
      vertex 1.42039 11.2822 28
      vertex 1.44889 11.1882 24.99
      vertex 1.44889 11.1882 28
    endloop
  endfacet
  facet normal -0.773026 0.634374 0
    outer loop
      vertex 1.12776 9.81098 24.99
      vertex 1.19003 9.88686 28
      vertex 1.19003 9.88686 24.99
    endloop
  endfacet
  facet normal -0.773026 0.634374 0
    outer loop
      vertex 1.19003 9.88686 28
      vertex 1.12776 9.81098 24.99
      vertex 1.12776 9.81098 28
    endloop
  endfacet
  facet normal 0.973879 0.227069 0
    outer loop
      vertex -1.44889 10.4118 28
      vertex -1.47118 10.5074 24.99
      vertex -1.47118 10.5074 28
    endloop
  endfacet
  facet normal 0.973879 0.227069 0
    outer loop
      vertex -1.47118 10.5074 24.99
      vertex -1.44889 10.4118 28
      vertex -1.44889 10.4118 24.99
    endloop
  endfacet
  facet normal 0.910851 -0.412736 0
    outer loop
      vertex -1.38582 11.374 28
      vertex -1.34531 11.4634 24.99
      vertex -1.34531 11.4634 28
    endloop
  endfacet
  facet normal 0.910851 -0.412736 0
    outer loop
      vertex -1.34531 11.4634 24.99
      vertex -1.38582 11.374 28
      vertex -1.38582 11.374 24.99
    endloop
  endfacet
  facet normal -0.582654 -0.81272 0
    outer loop
      vertex 0.833355 12.0472 24.99
      vertex 0.913141 11.99 28
      vertex 0.833355 12.0472 28
    endloop
  endfacet
  facet normal -0.582654 -0.81272 -0
    outer loop
      vertex 0.913141 11.99 28
      vertex 0.833355 12.0472 24.99
      vertex 0.913141 11.99 24.99
    endloop
  endfacet
  facet normal 0.582452 0.812865 -0
    outer loop
      vertex -0.833355 9.5528 24.99
      vertex -0.913141 9.60997 28
      vertex -0.833355 9.5528 28
    endloop
  endfacet
  facet normal 0.582452 0.812865 0
    outer loop
      vertex -0.913141 9.60997 28
      vertex -0.833355 9.5528 24.99
      vertex -0.913141 9.60997 24.99
    endloop
  endfacet
  facet normal 0.227181 -0.973853 0
    outer loop
      vertex -0.388228 12.2489 24.99
      vertex -0.292635 12.2712 28
      vertex -0.388228 12.2489 28
    endloop
  endfacet
  facet normal 0.227181 -0.973853 0
    outer loop
      vertex -0.292635 12.2712 28
      vertex -0.388228 12.2489 24.99
      vertex -0.292635 12.2712 24.99
    endloop
  endfacet
  facet normal 0.999465 0.0327042 0
    outer loop
      vertex -1.49679 10.7019 28
      vertex -1.5 10.8 24.99
      vertex -1.5 10.8 28
    endloop
  endfacet
  facet normal 0.999465 0.0327042 0
    outer loop
      vertex -1.5 10.8 24.99
      vertex -1.49679 10.7019 28
      vertex -1.49679 10.7019 24.99
    endloop
  endfacet
  facet normal -0.999465 0.0327042 0
    outer loop
      vertex 1.49679 10.7019 24.99
      vertex 1.5 10.8 28
      vertex 1.5 10.8 24.99
    endloop
  endfacet
  facet normal -0.999465 0.0327042 0
    outer loop
      vertex 1.5 10.8 28
      vertex 1.49679 10.7019 24.99
      vertex 1.49679 10.7019 28
    endloop
  endfacet
  facet normal -0.98663 0.162977 0
    outer loop
      vertex 1.47118 10.5074 24.99
      vertex 1.48717 10.6042 28
      vertex 1.48717 10.6042 24.99
    endloop
  endfacet
  facet normal -0.98663 0.162977 0
    outer loop
      vertex 1.48717 10.6042 28
      vertex 1.47118 10.5074 24.99
      vertex 1.47118 10.5074 28
    endloop
  endfacet
  facet normal -0.471384 0.881928 0
    outer loop
      vertex 0.75 9.50096 24.99
      vertex 0.663432 9.45469 28
      vertex 0.75 9.50096 28
    endloop
  endfacet
  facet normal -0.471384 0.881928 0
    outer loop
      vertex 0.663432 9.45469 28
      vertex 0.75 9.50096 24.99
      vertex 0.663432 9.45469 24.99
    endloop
  endfacet
  facet normal -0.633963 -0.773363 0
    outer loop
      vertex 0.913141 11.99 24.99
      vertex 0.989018 11.9278 28
      vertex 0.913141 11.99 28
    endloop
  endfacet
  facet normal -0.633963 -0.773363 -0
    outer loop
      vertex 0.989018 11.9278 28
      vertex 0.913141 11.99 24.99
      vertex 0.989018 11.9278 24.99
    endloop
  endfacet
  facet normal 0.773108 -0.634274 0
    outer loop
      vertex -1.19003 11.7131 28
      vertex -1.12776 11.789 24.99
      vertex -1.12776 11.789 28
    endloop
  endfacet
  facet normal 0.773108 -0.634274 0
    outer loop
      vertex -1.12776 11.789 24.99
      vertex -1.19003 11.7131 28
      vertex -1.19003 11.7131 24.99
    endloop
  endfacet
  facet normal -0.812844 0.582481 0
    outer loop
      vertex 1.19003 9.88686 24.99
      vertex 1.2472 9.96664 28
      vertex 1.2472 9.96664 24.99
    endloop
  endfacet
  facet normal -0.812844 0.582481 0
    outer loop
      vertex 1.2472 9.96664 28
      vertex 1.19003 9.88686 24.99
      vertex 1.19003 9.88686 28
    endloop
  endfacet
  facet normal 0.773026 0.634374 0
    outer loop
      vertex -1.12776 9.81098 28
      vertex -1.19003 9.88686 24.99
      vertex -1.19003 9.88686 28
    endloop
  endfacet
  facet normal 0.773026 0.634374 0
    outer loop
      vertex -1.19003 9.88686 24.99
      vertex -1.12776 9.81098 28
      vertex -1.12776 9.81098 24.99
    endloop
  endfacet
  facet normal -0.935842 0.352419 0
    outer loop
      vertex 1.38582 10.226 24.99
      vertex 1.42039 10.3178 28
      vertex 1.42039 10.3178 24.99
    endloop
  endfacet
  facet normal -0.935842 0.352419 0
    outer loop
      vertex 1.42039 10.3178 28
      vertex 1.38582 10.226 24.99
      vertex 1.38582 10.226 28
    endloop
  endfacet
  facet normal 0.956982 -0.290149 0
    outer loop
      vertex -1.44889 11.1882 28
      vertex -1.42039 11.2822 24.99
      vertex -1.42039 11.2822 28
    endloop
  endfacet
  facet normal 0.956982 -0.290149 0
    outer loop
      vertex -1.42039 11.2822 24.99
      vertex -1.44889 11.1882 28
      vertex -1.44889 11.1882 24.99
    endloop
  endfacet
  facet normal -0.41262 -0.910903 0
    outer loop
      vertex 0.574024 12.1858 24.99
      vertex 0.663432 12.1453 28
      vertex 0.574024 12.1858 28
    endloop
  endfacet
  facet normal -0.41262 -0.910903 -0
    outer loop
      vertex 0.663432 12.1453 28
      vertex 0.574024 12.1858 24.99
      vertex 0.663432 12.1453 24.99
    endloop
  endfacet
  facet normal 0.0327027 0.999465 -0
    outer loop
      vertex 0 9.3 24.99
      vertex -0.0981045 9.30321 28
      vertex 0 9.3 28
    endloop
  endfacet
  facet normal 0.0327027 0.999465 0
    outer loop
      vertex -0.0981045 9.30321 28
      vertex 0 9.3 24.99
      vertex -0.0981045 9.30321 24.99
    endloop
  endfacet
  facet normal 0.729855 0.683602 0
    outer loop
      vertex -1.06066 9.73934 28
      vertex -1.12776 9.81098 24.99
      vertex -1.12776 9.81098 28
    endloop
  endfacet
  facet normal 0.729855 0.683602 0
    outer loop
      vertex -1.12776 9.81098 24.99
      vertex -1.06066 9.73934 28
      vertex -1.06066 9.73934 24.99
    endloop
  endfacet
  facet normal 0.98663 -0.162977 0
    outer loop
      vertex -1.48717 10.9958 28
      vertex -1.47118 11.0926 24.99
      vertex -1.47118 11.0926 28
    endloop
  endfacet
  facet normal 0.98663 -0.162977 0
    outer loop
      vertex -1.47118 11.0926 24.99
      vertex -1.48717 10.9958 28
      vertex -1.48717 10.9958 24.99
    endloop
  endfacet
  facet normal 0.412705 0.910865 -0
    outer loop
      vertex -0.574024 9.41418 24.99
      vertex -0.663432 9.45469 28
      vertex -0.574024 9.41418 28
    endloop
  endfacet
  facet normal 0.412705 0.910865 0
    outer loop
      vertex -0.663432 9.45469 28
      vertex -0.574024 9.41418 24.99
      vertex -0.663432 9.45469 24.99
    endloop
  endfacet
  facet normal 0.683592 -0.729864 0
    outer loop
      vertex -1.06066 11.8607 24.99
      vertex -0.989018 11.9278 28
      vertex -1.06066 11.8607 28
    endloop
  endfacet
  facet normal 0.683592 -0.729864 0
    outer loop
      vertex -0.989018 11.9278 28
      vertex -1.06066 11.8607 24.99
      vertex -0.989018 11.9278 24.99
    endloop
  endfacet
  facet normal 0.98663 0.162977 0
    outer loop
      vertex -1.47118 10.5074 28
      vertex -1.48717 10.6042 24.99
      vertex -1.48717 10.6042 28
    endloop
  endfacet
  facet normal 0.98663 0.162977 0
    outer loop
      vertex -1.48717 10.6042 24.99
      vertex -1.47118 10.5074 28
      vertex -1.47118 10.5074 24.99
    endloop
  endfacet
  facet normal 0.163 -0.986626 0
    outer loop
      vertex -0.292635 12.2712 24.99
      vertex -0.195788 12.2872 28
      vertex -0.292635 12.2712 28
    endloop
  endfacet
  facet normal 0.163 -0.986626 0
    outer loop
      vertex -0.195788 12.2872 28
      vertex -0.292635 12.2712 24.99
      vertex -0.195788 12.2872 24.99
    endloop
  endfacet
  facet normal 0.290251 0.956951 -0
    outer loop
      vertex -0.388228 9.35111 24.99
      vertex -0.482159 9.3796 28
      vertex -0.388228 9.35111 28
    endloop
  endfacet
  facet normal 0.290251 0.956951 0
    outer loop
      vertex -0.482159 9.3796 28
      vertex -0.388228 9.35111 24.99
      vertex -0.482159 9.3796 24.99
    endloop
  endfacet
  facet normal 0.849187 0.528093 0
    outer loop
      vertex -1.2472 9.96664 28
      vertex -1.29904 10.05 24.99
      vertex -1.29904 10.05 28
    endloop
  endfacet
  facet normal 0.849187 0.528093 0
    outer loop
      vertex -1.29904 10.05 24.99
      vertex -1.2472 9.96664 28
      vertex -1.2472 9.96664 24.99
    endloop
  endfacet
  facet normal -0.290344 -0.956922 0
    outer loop
      vertex 0.388228 12.2489 24.99
      vertex 0.482159 12.2204 28
      vertex 0.388228 12.2489 28
    endloop
  endfacet
  facet normal -0.290344 -0.956922 -0
    outer loop
      vertex 0.482159 12.2204 28
      vertex 0.388228 12.2489 24.99
      vertex 0.482159 12.2204 24.99
    endloop
  endfacet
  facet normal 0.683592 0.729864 -0
    outer loop
      vertex -0.989018 9.67224 24.99
      vertex -1.06066 9.73934 28
      vertex -0.989018 9.67224 28
    endloop
  endfacet
  facet normal 0.683592 0.729864 0
    outer loop
      vertex -1.06066 9.73934 28
      vertex -0.989018 9.67224 24.99
      vertex -1.06066 9.73934 24.99
    endloop
  endfacet
  facet normal 0.527822 -0.849355 0
    outer loop
      vertex -0.833355 12.0472 24.99
      vertex -0.75 12.099 28
      vertex -0.833355 12.0472 28
    endloop
  endfacet
  facet normal 0.527822 -0.849355 0
    outer loop
      vertex -0.75 12.099 28
      vertex -0.833355 12.0472 24.99
      vertex -0.75 12.099 24.99
    endloop
  endfacet
  facet normal 0.8493 -0.52791 0
    outer loop
      vertex -1.29904 11.55 28
      vertex -1.2472 11.6334 24.99
      vertex -1.2472 11.6334 28
    endloop
  endfacet
  facet normal 0.8493 -0.52791 0
    outer loop
      vertex -1.2472 11.6334 24.99
      vertex -1.29904 11.55 28
      vertex -1.29904 11.55 24.99
    endloop
  endfacet
  facet normal -0.849187 0.528093 0
    outer loop
      vertex 1.2472 9.96664 24.99
      vertex 1.29904 10.05 28
      vertex 1.29904 10.05 24.99
    endloop
  endfacet
  facet normal -0.849187 0.528093 0
    outer loop
      vertex 1.29904 10.05 28
      vertex 1.2472 9.96664 24.99
      vertex 1.2472 9.96664 28
    endloop
  endfacet
  facet normal -0.956982 0.290149 0
    outer loop
      vertex 1.42039 10.3178 24.99
      vertex 1.44889 10.4118 28
      vertex 1.44889 10.4118 24.99
    endloop
  endfacet
  facet normal -0.956982 0.290149 0
    outer loop
      vertex 1.44889 10.4118 28
      vertex 1.42039 10.3178 24.99
      vertex 1.42039 10.3178 28
    endloop
  endfacet
  facet normal -0.227181 -0.973853 0
    outer loop
      vertex 0.292635 12.2712 24.99
      vertex 0.388228 12.2489 28
      vertex 0.292635 12.2712 28
    endloop
  endfacet
  facet normal -0.227181 -0.973853 -0
    outer loop
      vertex 0.388228 12.2489 28
      vertex 0.292635 12.2712 24.99
      vertex 0.388228 12.2489 24.99
    endloop
  endfacet
  facet normal -0.290251 0.956951 0
    outer loop
      vertex 0.482159 9.3796 24.99
      vertex 0.388228 9.35111 28
      vertex 0.482159 9.3796 28
    endloop
  endfacet
  facet normal -0.290251 0.956951 0
    outer loop
      vertex 0.388228 9.35111 28
      vertex 0.482159 9.3796 24.99
      vertex 0.388228 9.35111 24.99
    endloop
  endfacet
  facet normal -0.35229 0.935891 0
    outer loop
      vertex 0.574024 9.41418 24.99
      vertex 0.482159 9.3796 28
      vertex 0.574024 9.41418 28
    endloop
  endfacet
  facet normal -0.35229 0.935891 0
    outer loop
      vertex 0.482159 9.3796 28
      vertex 0.574024 9.41418 24.99
      vertex 0.482159 9.3796 24.99
    endloop
  endfacet
  facet normal 0.634389 0.773014 -0
    outer loop
      vertex -0.913141 9.60997 24.99
      vertex -0.989018 9.67224 28
      vertex -0.913141 9.60997 28
    endloop
  endfacet
  facet normal 0.634389 0.773014 0
    outer loop
      vertex -0.989018 9.67224 28
      vertex -0.913141 9.60997 24.99
      vertex -0.989018 9.67224 24.99
    endloop
  endfacet
  facet normal 0 0 1
    outer loop
      vertex 1.49679 10.8981 24.99
      vertex 1.49679 10.7019 24.99
      vertex 1.5 10.8 24.99
    endloop
  endfacet
  facet normal 0 0 1
    outer loop
      vertex 1.48717 10.9958 24.99
      vertex 1.49679 10.7019 24.99
      vertex 1.49679 10.8981 24.99
    endloop
  endfacet
  facet normal 0 0 1
    outer loop
      vertex 1.48717 10.9958 24.99
      vertex 1.48717 10.6042 24.99
      vertex 1.49679 10.7019 24.99
    endloop
  endfacet
  facet normal 0 0 1
    outer loop
      vertex 1.47118 11.0926 24.99
      vertex 1.48717 10.6042 24.99
      vertex 1.48717 10.9958 24.99
    endloop
  endfacet
  facet normal 0 0 1
    outer loop
      vertex 1.47118 11.0926 24.99
      vertex 1.47118 10.5074 24.99
      vertex 1.48717 10.6042 24.99
    endloop
  endfacet
  facet normal 0 0 1
    outer loop
      vertex 1.44889 11.1882 24.99
      vertex 1.47118 10.5074 24.99
      vertex 1.47118 11.0926 24.99
    endloop
  endfacet
  facet normal 0 0 1
    outer loop
      vertex 1.44889 11.1882 24.99
      vertex 1.44889 10.4118 24.99
      vertex 1.47118 10.5074 24.99
    endloop
  endfacet
  facet normal 0 0 1
    outer loop
      vertex 1.42039 11.2822 24.99
      vertex 1.44889 10.4118 24.99
      vertex 1.44889 11.1882 24.99
    endloop
  endfacet
  facet normal 0 0 1
    outer loop
      vertex 1.42039 11.2822 24.99
      vertex 1.42039 10.3178 24.99
      vertex 1.44889 10.4118 24.99
    endloop
  endfacet
  facet normal 0 0 1
    outer loop
      vertex 1.38582 11.374 24.99
      vertex 1.42039 10.3178 24.99
      vertex 1.42039 11.2822 24.99
    endloop
  endfacet
  facet normal 0 0 1
    outer loop
      vertex 1.38582 11.374 24.99
      vertex 1.38582 10.226 24.99
      vertex 1.42039 10.3178 24.99
    endloop
  endfacet
  facet normal 0 0 1
    outer loop
      vertex 1.34531 11.4634 24.99
      vertex 1.38582 10.226 24.99
      vertex 1.38582 11.374 24.99
    endloop
  endfacet
  facet normal 0 0 1
    outer loop
      vertex 1.34531 11.4634 24.99
      vertex 1.34531 10.1366 24.99
      vertex 1.38582 10.226 24.99
    endloop
  endfacet
  facet normal 0 0 1
    outer loop
      vertex 1.29904 11.55 24.99
      vertex 1.34531 10.1366 24.99
      vertex 1.34531 11.4634 24.99
    endloop
  endfacet
  facet normal 0 0 1
    outer loop
      vertex 1.29904 11.55 24.99
      vertex 1.29904 10.05 24.99
      vertex 1.34531 10.1366 24.99
    endloop
  endfacet
  facet normal 0 0 1
    outer loop
      vertex 1.2472 11.6334 24.99
      vertex 1.29904 10.05 24.99
      vertex 1.29904 11.55 24.99
    endloop
  endfacet
  facet normal 0 0 1
    outer loop
      vertex 1.2472 11.6334 24.99
      vertex 1.2472 9.96664 24.99
      vertex 1.29904 10.05 24.99
    endloop
  endfacet
  facet normal 0 0 1
    outer loop
      vertex 1.19003 11.7131 24.99
      vertex 1.2472 9.96664 24.99
      vertex 1.2472 11.6334 24.99
    endloop
  endfacet
  facet normal 0 0 1
    outer loop
      vertex 1.19003 11.7131 24.99
      vertex 1.19003 9.88686 24.99
      vertex 1.2472 9.96664 24.99
    endloop
  endfacet
  facet normal 0 0 1
    outer loop
      vertex 1.12776 11.789 24.99
      vertex 1.19003 9.88686 24.99
      vertex 1.19003 11.7131 24.99
    endloop
  endfacet
  facet normal 0 0 1
    outer loop
      vertex 1.12776 11.789 24.99
      vertex 1.12776 9.81098 24.99
      vertex 1.19003 9.88686 24.99
    endloop
  endfacet
  facet normal 0 0 1
    outer loop
      vertex 1.06066 11.8607 24.99
      vertex 1.12776 9.81098 24.99
      vertex 1.12776 11.789 24.99
    endloop
  endfacet
  facet normal 0 0 1
    outer loop
      vertex 1.06066 11.8607 24.99
      vertex 1.06066 9.73934 24.99
      vertex 1.12776 9.81098 24.99
    endloop
  endfacet
  facet normal 0 0 1
    outer loop
      vertex 0.989018 11.9278 24.99
      vertex 1.06066 9.73934 24.99
      vertex 1.06066 11.8607 24.99
    endloop
  endfacet
  facet normal 0 0 1
    outer loop
      vertex 0.989018 11.9278 24.99
      vertex 0.989018 9.67224 24.99
      vertex 1.06066 9.73934 24.99
    endloop
  endfacet
  facet normal 0 0 1
    outer loop
      vertex 0.913141 11.99 24.99
      vertex 0.989018 9.67224 24.99
      vertex 0.989018 11.9278 24.99
    endloop
  endfacet
  facet normal 0 0 1
    outer loop
      vertex 0.913141 11.99 24.99
      vertex 0.913141 9.60997 24.99
      vertex 0.989018 9.67224 24.99
    endloop
  endfacet
  facet normal 0 0 1
    outer loop
      vertex 0.833355 12.0472 24.99
      vertex 0.913141 9.60997 24.99
      vertex 0.913141 11.99 24.99
    endloop
  endfacet
  facet normal 0 0 1
    outer loop
      vertex 0.833355 12.0472 24.99
      vertex 0.833355 9.5528 24.99
      vertex 0.913141 9.60997 24.99
    endloop
  endfacet
  facet normal 0 0 1
    outer loop
      vertex 0.75 12.099 24.99
      vertex 0.833355 9.5528 24.99
      vertex 0.833355 12.0472 24.99
    endloop
  endfacet
  facet normal 0 0 1
    outer loop
      vertex 0.75 12.099 24.99
      vertex 0.75 9.50096 24.99
      vertex 0.833355 9.5528 24.99
    endloop
  endfacet
  facet normal 0 0 1
    outer loop
      vertex 0.663432 12.1453 24.99
      vertex 0.75 9.50096 24.99
      vertex 0.75 12.099 24.99
    endloop
  endfacet
  facet normal 0 0 1
    outer loop
      vertex 0.663432 12.1453 24.99
      vertex 0.663432 9.45469 24.99
      vertex 0.75 9.50096 24.99
    endloop
  endfacet
  facet normal 0 0 1
    outer loop
      vertex 0.574024 12.1858 24.99
      vertex 0.663432 9.45469 24.99
      vertex 0.663432 12.1453 24.99
    endloop
  endfacet
  facet normal 0 0 1
    outer loop
      vertex 0.574024 12.1858 24.99
      vertex 0.574024 9.41418 24.99
      vertex 0.663432 9.45469 24.99
    endloop
  endfacet
  facet normal 0 0 1
    outer loop
      vertex 0.482159 12.2204 24.99
      vertex 0.574024 9.41418 24.99
      vertex 0.574024 12.1858 24.99
    endloop
  endfacet
  facet normal 0 0 1
    outer loop
      vertex 0.482159 12.2204 24.99
      vertex 0.482159 9.3796 24.99
      vertex 0.574024 9.41418 24.99
    endloop
  endfacet
  facet normal 0 0 1
    outer loop
      vertex 0.388228 12.2489 24.99
      vertex 0.482159 9.3796 24.99
      vertex 0.482159 12.2204 24.99
    endloop
  endfacet
  facet normal 0 0 1
    outer loop
      vertex 0.388228 12.2489 24.99
      vertex 0.388228 9.35111 24.99
      vertex 0.482159 9.3796 24.99
    endloop
  endfacet
  facet normal 0 0 1
    outer loop
      vertex 0.292635 12.2712 24.99
      vertex 0.388228 9.35111 24.99
      vertex 0.388228 12.2489 24.99
    endloop
  endfacet
  facet normal 0 0 1
    outer loop
      vertex 0.292635 12.2712 24.99
      vertex 0.292635 9.32882 24.99
      vertex 0.388228 9.35111 24.99
    endloop
  endfacet
  facet normal 0 0 1
    outer loop
      vertex 0.195788 12.2872 24.99
      vertex 0.292635 9.32882 24.99
      vertex 0.292635 12.2712 24.99
    endloop
  endfacet
  facet normal 0 0 1
    outer loop
      vertex 0.195788 12.2872 24.99
      vertex 0.195788 9.31283 24.99
      vertex 0.292635 9.32882 24.99
    endloop
  endfacet
  facet normal 0 0 1
    outer loop
      vertex 0.0981045 12.2968 24.99
      vertex 0.195788 9.31283 24.99
      vertex 0.195788 12.2872 24.99
    endloop
  endfacet
  facet normal 0 0 1
    outer loop
      vertex 0.0981045 12.2968 24.99
      vertex 0.0981045 9.30321 24.99
      vertex 0.195788 9.31283 24.99
    endloop
  endfacet
  facet normal 0 0 1
    outer loop
      vertex 0 12.3 24.99
      vertex 0.0981045 9.30321 24.99
      vertex 0.0981045 12.2968 24.99
    endloop
  endfacet
  facet normal 0 0 1
    outer loop
      vertex 0 12.3 24.99
      vertex 0 9.3 24.99
      vertex 0.0981045 9.30321 24.99
    endloop
  endfacet
  facet normal -0 0 1
    outer loop
      vertex -0.0981045 12.2968 24.99
      vertex 0 9.3 24.99
      vertex 0 12.3 24.99
    endloop
  endfacet
  facet normal 0 0 1
    outer loop
      vertex -0.0981045 12.2968 24.99
      vertex -0.0981045 9.30321 24.99
      vertex 0 9.3 24.99
    endloop
  endfacet
  facet normal -0 0 1
    outer loop
      vertex -0.195788 12.2872 24.99
      vertex -0.0981045 9.30321 24.99
      vertex -0.0981045 12.2968 24.99
    endloop
  endfacet
  facet normal 0 0 1
    outer loop
      vertex -0.195788 12.2872 24.99
      vertex -0.195788 9.31283 24.99
      vertex -0.0981045 9.30321 24.99
    endloop
  endfacet
  facet normal -0 0 1
    outer loop
      vertex -0.292635 12.2712 24.99
      vertex -0.195788 9.31283 24.99
      vertex -0.195788 12.2872 24.99
    endloop
  endfacet
  facet normal 0 0 1
    outer loop
      vertex -0.292635 12.2712 24.99
      vertex -0.292635 9.32882 24.99
      vertex -0.195788 9.31283 24.99
    endloop
  endfacet
  facet normal -0 0 1
    outer loop
      vertex -0.388228 12.2489 24.99
      vertex -0.292635 9.32882 24.99
      vertex -0.292635 12.2712 24.99
    endloop
  endfacet
  facet normal 0 0 1
    outer loop
      vertex -0.388228 12.2489 24.99
      vertex -0.388228 9.35111 24.99
      vertex -0.292635 9.32882 24.99
    endloop
  endfacet
  facet normal -0 0 1
    outer loop
      vertex -0.482159 12.2204 24.99
      vertex -0.388228 9.35111 24.99
      vertex -0.388228 12.2489 24.99
    endloop
  endfacet
  facet normal 0 0 1
    outer loop
      vertex -0.482159 12.2204 24.99
      vertex -0.482159 9.3796 24.99
      vertex -0.388228 9.35111 24.99
    endloop
  endfacet
  facet normal -0 0 1
    outer loop
      vertex -0.574024 12.1858 24.99
      vertex -0.482159 9.3796 24.99
      vertex -0.482159 12.2204 24.99
    endloop
  endfacet
  facet normal 0 0 1
    outer loop
      vertex -0.574024 12.1858 24.99
      vertex -0.574024 9.41418 24.99
      vertex -0.482159 9.3796 24.99
    endloop
  endfacet
  facet normal -0 0 1
    outer loop
      vertex -0.663432 12.1453 24.99
      vertex -0.574024 9.41418 24.99
      vertex -0.574024 12.1858 24.99
    endloop
  endfacet
  facet normal 0 0 1
    outer loop
      vertex -0.663432 12.1453 24.99
      vertex -0.663432 9.45469 24.99
      vertex -0.574024 9.41418 24.99
    endloop
  endfacet
  facet normal -0 0 1
    outer loop
      vertex -0.75 12.099 24.99
      vertex -0.663432 9.45469 24.99
      vertex -0.663432 12.1453 24.99
    endloop
  endfacet
  facet normal 0 0 1
    outer loop
      vertex -0.75 12.099 24.99
      vertex -0.75 9.50096 24.99
      vertex -0.663432 9.45469 24.99
    endloop
  endfacet
  facet normal -0 0 1
    outer loop
      vertex -0.833355 12.0472 24.99
      vertex -0.75 9.50096 24.99
      vertex -0.75 12.099 24.99
    endloop
  endfacet
  facet normal 0 0 1
    outer loop
      vertex -0.833355 12.0472 24.99
      vertex -0.833355 9.5528 24.99
      vertex -0.75 9.50096 24.99
    endloop
  endfacet
  facet normal -0 0 1
    outer loop
      vertex -0.913141 11.99 24.99
      vertex -0.833355 9.5528 24.99
      vertex -0.833355 12.0472 24.99
    endloop
  endfacet
  facet normal 0 0 1
    outer loop
      vertex -0.913141 11.99 24.99
      vertex -0.913141 9.60997 24.99
      vertex -0.833355 9.5528 24.99
    endloop
  endfacet
  facet normal -0 0 1
    outer loop
      vertex -0.989018 11.9278 24.99
      vertex -0.913141 9.60997 24.99
      vertex -0.913141 11.99 24.99
    endloop
  endfacet
  facet normal 0 0 1
    outer loop
      vertex -0.989018 11.9278 24.99
      vertex -0.989018 9.67224 24.99
      vertex -0.913141 9.60997 24.99
    endloop
  endfacet
  facet normal -0 0 1
    outer loop
      vertex -1.06066 11.8607 24.99
      vertex -0.989018 9.67224 24.99
      vertex -0.989018 11.9278 24.99
    endloop
  endfacet
  facet normal 0 0 1
    outer loop
      vertex -1.06066 11.8607 24.99
      vertex -1.06066 9.73934 24.99
      vertex -0.989018 9.67224 24.99
    endloop
  endfacet
  facet normal -0 0 1
    outer loop
      vertex -1.12776 11.789 24.99
      vertex -1.06066 9.73934 24.99
      vertex -1.06066 11.8607 24.99
    endloop
  endfacet
  facet normal 0 0 1
    outer loop
      vertex -1.12776 11.789 24.99
      vertex -1.12776 9.81098 24.99
      vertex -1.06066 9.73934 24.99
    endloop
  endfacet
  facet normal -0 0 1
    outer loop
      vertex -1.19003 11.7131 24.99
      vertex -1.12776 9.81098 24.99
      vertex -1.12776 11.789 24.99
    endloop
  endfacet
  facet normal 0 0 1
    outer loop
      vertex -1.19003 11.7131 24.99
      vertex -1.19003 9.88686 24.99
      vertex -1.12776 9.81098 24.99
    endloop
  endfacet
  facet normal -0 0 1
    outer loop
      vertex -1.2472 11.6334 24.99
      vertex -1.19003 9.88686 24.99
      vertex -1.19003 11.7131 24.99
    endloop
  endfacet
  facet normal 0 0 1
    outer loop
      vertex -1.2472 11.6334 24.99
      vertex -1.2472 9.96664 24.99
      vertex -1.19003 9.88686 24.99
    endloop
  endfacet
  facet normal -0 0 1
    outer loop
      vertex -1.29904 11.55 24.99
      vertex -1.2472 9.96664 24.99
      vertex -1.2472 11.6334 24.99
    endloop
  endfacet
  facet normal 0 0 1
    outer loop
      vertex -1.29904 11.55 24.99
      vertex -1.29904 10.05 24.99
      vertex -1.2472 9.96664 24.99
    endloop
  endfacet
  facet normal -0 0 1
    outer loop
      vertex -1.34531 11.4634 24.99
      vertex -1.29904 10.05 24.99
      vertex -1.29904 11.55 24.99
    endloop
  endfacet
  facet normal 0 0 1
    outer loop
      vertex -1.34531 11.4634 24.99
      vertex -1.34531 10.1366 24.99
      vertex -1.29904 10.05 24.99
    endloop
  endfacet
  facet normal -0 0 1
    outer loop
      vertex -1.38582 11.374 24.99
      vertex -1.34531 10.1366 24.99
      vertex -1.34531 11.4634 24.99
    endloop
  endfacet
  facet normal 0 0 1
    outer loop
      vertex -1.38582 11.374 24.99
      vertex -1.38582 10.226 24.99
      vertex -1.34531 10.1366 24.99
    endloop
  endfacet
  facet normal -0 0 1
    outer loop
      vertex -1.42039 11.2822 24.99
      vertex -1.38582 10.226 24.99
      vertex -1.38582 11.374 24.99
    endloop
  endfacet
  facet normal 0 0 1
    outer loop
      vertex -1.42039 11.2822 24.99
      vertex -1.42039 10.3178 24.99
      vertex -1.38582 10.226 24.99
    endloop
  endfacet
  facet normal -0 0 1
    outer loop
      vertex -1.44889 11.1882 24.99
      vertex -1.42039 10.3178 24.99
      vertex -1.42039 11.2822 24.99
    endloop
  endfacet
  facet normal 0 0 1
    outer loop
      vertex -1.44889 11.1882 24.99
      vertex -1.44889 10.4118 24.99
      vertex -1.42039 10.3178 24.99
    endloop
  endfacet
  facet normal -0 0 1
    outer loop
      vertex -1.47118 11.0926 24.99
      vertex -1.44889 10.4118 24.99
      vertex -1.44889 11.1882 24.99
    endloop
  endfacet
  facet normal 0 0 1
    outer loop
      vertex -1.47118 11.0926 24.99
      vertex -1.47118 10.5074 24.99
      vertex -1.44889 10.4118 24.99
    endloop
  endfacet
  facet normal -0 0 1
    outer loop
      vertex -1.48717 10.9958 24.99
      vertex -1.47118 10.5074 24.99
      vertex -1.47118 11.0926 24.99
    endloop
  endfacet
  facet normal 0 0 1
    outer loop
      vertex -1.48717 10.9958 24.99
      vertex -1.48717 10.6042 24.99
      vertex -1.47118 10.5074 24.99
    endloop
  endfacet
  facet normal -0 0 1
    outer loop
      vertex -1.49679 10.8981 24.99
      vertex -1.48717 10.6042 24.99
      vertex -1.48717 10.9958 24.99
    endloop
  endfacet
  facet normal 0 0 1
    outer loop
      vertex -1.49679 10.8981 24.99
      vertex -1.49679 10.7019 24.99
      vertex -1.48717 10.6042 24.99
    endloop
  endfacet
  facet normal 0 -0 1
    outer loop
      vertex -1.49679 10.7019 24.99
      vertex -1.49679 10.8981 24.99
      vertex -1.5 10.8 24.99
    endloop
  endfacet
  facet normal 0.935842 -0.352419 0
    outer loop
      vertex -1.42039 11.2822 28
      vertex -1.38582 11.374 24.99
      vertex -1.38582 11.374 28
    endloop
  endfacet
  facet normal 0.935842 -0.352419 0
    outer loop
      vertex -1.38582 11.374 24.99
      vertex -1.42039 11.2822 28
      vertex -1.42039 11.2822 24.99
    endloop
  endfacet
  facet normal 0.882 -0.471249 0
    outer loop
      vertex -1.34531 11.4634 28
      vertex -1.29904 11.55 24.99
      vertex -1.29904 11.55 28
    endloop
  endfacet
  facet normal 0.882 -0.471249 0
    outer loop
      vertex -1.29904 11.55 24.99
      vertex -1.34531 11.4634 28
      vertex -1.34531 11.4634 24.99
    endloop
  endfacet
  facet normal 0.35229 0.935891 -0
    outer loop
      vertex -0.482159 9.3796 24.99
      vertex -0.574024 9.41418 28
      vertex -0.482159 9.3796 28
    endloop
  endfacet
  facet normal 0.35229 0.935891 0
    outer loop
      vertex -0.574024 9.41418 28
      vertex -0.482159 9.3796 24.99
      vertex -0.574024 9.41418 24.99
    endloop
  endfacet
  facet normal -0.634389 0.773014 0
    outer loop
      vertex 0.989018 9.67224 24.99
      vertex 0.913141 9.60997 28
      vertex 0.989018 9.67224 28
    endloop
  endfacet
  facet normal -0.634389 0.773014 0
    outer loop
      vertex 0.913141 9.60997 28
      vertex 0.989018 9.67224 24.99
      vertex 0.913141 9.60997 24.99
    endloop
  endfacet
  facet normal -0.683592 0.729864 0
    outer loop
      vertex 1.06066 9.73934 24.99
      vertex 0.989018 9.67224 28
      vertex 1.06066 9.73934 28
    endloop
  endfacet
  facet normal -0.683592 0.729864 0
    outer loop
      vertex 0.989018 9.67224 28
      vertex 1.06066 9.73934 24.99
      vertex 0.989018 9.67224 24.99
    endloop
  endfacet
  facet normal 0.471384 0.881928 -0
    outer loop
      vertex -0.663432 9.45469 24.99
      vertex -0.75 9.50096 28
      vertex -0.663432 9.45469 28
    endloop
  endfacet
  facet normal 0.471384 0.881928 0
    outer loop
      vertex -0.75 9.50096 28
      vertex -0.663432 9.45469 24.99
      vertex -0.75 9.50096 24.99
    endloop
  endfacet
  facet normal -0.995186 -0.0980072 0
    outer loop
      vertex -9.30321 0.0981045 24.99
      vertex -9.31283 0.195788 28
      vertex -9.31283 0.195788 24.99
    endloop
  endfacet
  facet normal -0.995186 -0.0980072 0
    outer loop
      vertex -9.31283 0.195788 28
      vertex -9.30321 0.0981045 24.99
      vertex -9.30321 0.0981045 28
    endloop
  endfacet
  facet normal -0.999465 -0.0327027 0
    outer loop
      vertex -9.3 0 24.99
      vertex -9.30321 0.0981045 28
      vertex -9.30321 0.0981045 24.99
    endloop
  endfacet
  facet normal -0.999465 -0.0327027 0
    outer loop
      vertex -9.30321 0.0981045 28
      vertex -9.3 0 24.99
      vertex -9.3 0 28
    endloop
  endfacet
  facet normal -0.227069 -0.973879 0
    outer loop
      vertex -10.5074 1.47118 24.99
      vertex -10.4118 1.44889 28
      vertex -10.5074 1.47118 28
    endloop
  endfacet
  facet normal -0.227069 -0.973879 -0
    outer loop
      vertex -10.4118 1.44889 28
      vertex -10.5074 1.47118 24.99
      vertex -10.4118 1.44889 24.99
    endloop
  endfacet
  facet normal 0.227069 -0.973879 0
    outer loop
      vertex -11.1882 1.44889 24.99
      vertex -11.0926 1.47118 28
      vertex -11.1882 1.44889 28
    endloop
  endfacet
  facet normal 0.227069 -0.973879 0
    outer loop
      vertex -11.0926 1.47118 28
      vertex -11.1882 1.44889 24.99
      vertex -11.0926 1.47118 24.99
    endloop
  endfacet
  facet normal 0.881801 0.471622 0
    outer loop
      vertex -12.099 -0.75 28
      vertex -12.1453 -0.663432 24.99
      vertex -12.1453 -0.663432 28
    endloop
  endfacet
  facet normal 0.881801 0.471622 0
    outer loop
      vertex -12.1453 -0.663432 24.99
      vertex -12.099 -0.75 28
      vertex -12.099 -0.75 24.99
    endloop
  endfacet
  facet normal 0.935824 0.352468 0
    outer loop
      vertex -12.1858 -0.574024 28
      vertex -12.2204 -0.482159 24.99
      vertex -12.2204 -0.482159 28
    endloop
  endfacet
  facet normal 0.935824 0.352468 0
    outer loop
      vertex -12.2204 -0.482159 24.99
      vertex -12.1858 -0.574024 28
      vertex -12.1858 -0.574024 24.99
    endloop
  endfacet
  facet normal -0.812865 -0.582452 0
    outer loop
      vertex -9.5528 0.833355 24.99
      vertex -9.60997 0.913141 28
      vertex -9.60997 0.913141 24.99
    endloop
  endfacet
  facet normal -0.812865 -0.582452 0
    outer loop
      vertex -9.60997 0.913141 28
      vertex -9.5528 0.833355 24.99
      vertex -9.5528 0.833355 28
    endloop
  endfacet
  facet normal -0.956951 -0.290251 0
    outer loop
      vertex -9.35111 0.388228 24.99
      vertex -9.3796 0.482159 28
      vertex -9.3796 0.482159 24.99
    endloop
  endfacet
  facet normal -0.956951 -0.290251 0
    outer loop
      vertex -9.3796 0.482159 28
      vertex -9.35111 0.388228 24.99
      vertex -9.35111 0.388228 28
    endloop
  endfacet
  facet normal -0.634374 0.773026 0
    outer loop
      vertex -9.81098 -1.12776 24.99
      vertex -9.88686 -1.19003 28
      vertex -9.81098 -1.12776 28
    endloop
  endfacet
  facet normal -0.634374 0.773026 0
    outer loop
      vertex -9.88686 -1.19003 28
      vertex -9.81098 -1.12776 24.99
      vertex -9.88686 -1.19003 24.99
    endloop
  endfacet
  facet normal 0.0327042 -0.999465 0
    outer loop
      vertex -10.8981 1.49679 24.99
      vertex -10.8 1.5 28
      vertex -10.8981 1.49679 28
    endloop
  endfacet
  facet normal 0.0327042 -0.999465 0
    outer loop
      vertex -10.8 1.5 28
      vertex -10.8981 1.49679 24.99
      vertex -10.8 1.5 24.99
    endloop
  endfacet
  facet normal 0 0 1
    outer loop
      vertex -9.30321 0.0981045 24.99
      vertex -9.30321 -0.0981045 24.99
      vertex -9.3 0 24.99
    endloop
  endfacet
  facet normal 0 0 1
    outer loop
      vertex -9.31283 0.195788 24.99
      vertex -9.30321 -0.0981045 24.99
      vertex -9.30321 0.0981045 24.99
    endloop
  endfacet
  facet normal 0 0 1
    outer loop
      vertex -9.31283 0.195788 24.99
      vertex -9.31283 -0.195788 24.99
      vertex -9.30321 -0.0981045 24.99
    endloop
  endfacet
  facet normal 0 0 1
    outer loop
      vertex -9.32882 0.292635 24.99
      vertex -9.31283 -0.195788 24.99
      vertex -9.31283 0.195788 24.99
    endloop
  endfacet
  facet normal 0 0 1
    outer loop
      vertex -9.32882 0.292635 24.99
      vertex -9.32882 -0.292635 24.99
      vertex -9.31283 -0.195788 24.99
    endloop
  endfacet
  facet normal 0 0 1
    outer loop
      vertex -9.35111 0.388228 24.99
      vertex -9.32882 -0.292635 24.99
      vertex -9.32882 0.292635 24.99
    endloop
  endfacet
  facet normal 0 0 1
    outer loop
      vertex -9.35111 0.388228 24.99
      vertex -9.35111 -0.388228 24.99
      vertex -9.32882 -0.292635 24.99
    endloop
  endfacet
  facet normal 0 0 1
    outer loop
      vertex -9.3796 0.482159 24.99
      vertex -9.35111 -0.388228 24.99
      vertex -9.35111 0.388228 24.99
    endloop
  endfacet
  facet normal 0 0 1
    outer loop
      vertex -9.3796 0.482159 24.99
      vertex -9.3796 -0.482159 24.99
      vertex -9.35111 -0.388228 24.99
    endloop
  endfacet
  facet normal 0 0 1
    outer loop
      vertex -9.41418 0.574024 24.99
      vertex -9.3796 -0.482159 24.99
      vertex -9.3796 0.482159 24.99
    endloop
  endfacet
  facet normal 0 0 1
    outer loop
      vertex -9.41418 0.574024 24.99
      vertex -9.41418 -0.574024 24.99
      vertex -9.3796 -0.482159 24.99
    endloop
  endfacet
  facet normal 0 0 1
    outer loop
      vertex -9.45469 0.663432 24.99
      vertex -9.41418 -0.574024 24.99
      vertex -9.41418 0.574024 24.99
    endloop
  endfacet
  facet normal 0 0 1
    outer loop
      vertex -9.45469 0.663432 24.99
      vertex -9.45469 -0.663432 24.99
      vertex -9.41418 -0.574024 24.99
    endloop
  endfacet
  facet normal 0 0 1
    outer loop
      vertex -9.50096 0.75 24.99
      vertex -9.45469 -0.663432 24.99
      vertex -9.45469 0.663432 24.99
    endloop
  endfacet
  facet normal 0 0 1
    outer loop
      vertex -9.50096 0.75 24.99
      vertex -9.50096 -0.75 24.99
      vertex -9.45469 -0.663432 24.99
    endloop
  endfacet
  facet normal 0 0 1
    outer loop
      vertex -9.5528 0.833355 24.99
      vertex -9.50096 -0.75 24.99
      vertex -9.50096 0.75 24.99
    endloop
  endfacet
  facet normal 0 0 1
    outer loop
      vertex -9.5528 0.833355 24.99
      vertex -9.5528 -0.833355 24.99
      vertex -9.50096 -0.75 24.99
    endloop
  endfacet
  facet normal 0 0 1
    outer loop
      vertex -9.60997 0.913141 24.99
      vertex -9.5528 -0.833355 24.99
      vertex -9.5528 0.833355 24.99
    endloop
  endfacet
  facet normal 0 0 1
    outer loop
      vertex -9.60997 0.913141 24.99
      vertex -9.60997 -0.913141 24.99
      vertex -9.5528 -0.833355 24.99
    endloop
  endfacet
  facet normal 0 0 1
    outer loop
      vertex -9.67224 0.989018 24.99
      vertex -9.60997 -0.913141 24.99
      vertex -9.60997 0.913141 24.99
    endloop
  endfacet
  facet normal 0 0 1
    outer loop
      vertex -9.67224 0.989018 24.99
      vertex -9.67224 -0.989018 24.99
      vertex -9.60997 -0.913141 24.99
    endloop
  endfacet
  facet normal 0 0 1
    outer loop
      vertex -9.73934 1.06066 24.99
      vertex -9.67224 -0.989018 24.99
      vertex -9.67224 0.989018 24.99
    endloop
  endfacet
  facet normal 0 0 1
    outer loop
      vertex -9.73934 1.06066 24.99
      vertex -9.73934 -1.06066 24.99
      vertex -9.67224 -0.989018 24.99
    endloop
  endfacet
  facet normal 0 0 1
    outer loop
      vertex -9.81098 1.12776 24.99
      vertex -9.73934 -1.06066 24.99
      vertex -9.73934 1.06066 24.99
    endloop
  endfacet
  facet normal 0 0 1
    outer loop
      vertex -9.81098 1.12776 24.99
      vertex -9.81098 -1.12776 24.99
      vertex -9.73934 -1.06066 24.99
    endloop
  endfacet
  facet normal 0 0 1
    outer loop
      vertex -9.88686 1.19003 24.99
      vertex -9.81098 -1.12776 24.99
      vertex -9.81098 1.12776 24.99
    endloop
  endfacet
  facet normal 0 0 1
    outer loop
      vertex -9.88686 1.19003 24.99
      vertex -9.88686 -1.19003 24.99
      vertex -9.81098 -1.12776 24.99
    endloop
  endfacet
  facet normal 0 0 1
    outer loop
      vertex -9.96664 1.2472 24.99
      vertex -9.88686 -1.19003 24.99
      vertex -9.88686 1.19003 24.99
    endloop
  endfacet
  facet normal 0 0 1
    outer loop
      vertex -9.96664 1.2472 24.99
      vertex -9.96664 -1.2472 24.99
      vertex -9.88686 -1.19003 24.99
    endloop
  endfacet
  facet normal 0 0 1
    outer loop
      vertex -10.05 1.29904 24.99
      vertex -9.96664 -1.2472 24.99
      vertex -9.96664 1.2472 24.99
    endloop
  endfacet
  facet normal 0 0 1
    outer loop
      vertex -10.05 1.29904 24.99
      vertex -10.05 -1.29904 24.99
      vertex -9.96664 -1.2472 24.99
    endloop
  endfacet
  facet normal 0 0 1
    outer loop
      vertex -10.1366 1.34531 24.99
      vertex -10.05 -1.29904 24.99
      vertex -10.05 1.29904 24.99
    endloop
  endfacet
  facet normal 0 0 1
    outer loop
      vertex -10.1366 1.34531 24.99
      vertex -10.1366 -1.34531 24.99
      vertex -10.05 -1.29904 24.99
    endloop
  endfacet
  facet normal 0 0 1
    outer loop
      vertex -10.226 1.38582 24.99
      vertex -10.1366 -1.34531 24.99
      vertex -10.1366 1.34531 24.99
    endloop
  endfacet
  facet normal 0 0 1
    outer loop
      vertex -10.226 1.38582 24.99
      vertex -10.226 -1.38582 24.99
      vertex -10.1366 -1.34531 24.99
    endloop
  endfacet
  facet normal 0 0 1
    outer loop
      vertex -10.3178 1.42039 24.99
      vertex -10.226 -1.38582 24.99
      vertex -10.226 1.38582 24.99
    endloop
  endfacet
  facet normal 0 0 1
    outer loop
      vertex -10.3178 1.42039 24.99
      vertex -10.3178 -1.42039 24.99
      vertex -10.226 -1.38582 24.99
    endloop
  endfacet
  facet normal 0 0 1
    outer loop
      vertex -10.4118 1.44889 24.99
      vertex -10.3178 -1.42039 24.99
      vertex -10.3178 1.42039 24.99
    endloop
  endfacet
  facet normal 0 0 1
    outer loop
      vertex -10.4118 1.44889 24.99
      vertex -10.4118 -1.44889 24.99
      vertex -10.3178 -1.42039 24.99
    endloop
  endfacet
  facet normal 0 0 1
    outer loop
      vertex -10.5074 1.47118 24.99
      vertex -10.4118 -1.44889 24.99
      vertex -10.4118 1.44889 24.99
    endloop
  endfacet
  facet normal 0 0 1
    outer loop
      vertex -10.5074 1.47118 24.99
      vertex -10.5074 -1.47118 24.99
      vertex -10.4118 -1.44889 24.99
    endloop
  endfacet
  facet normal 0 0 1
    outer loop
      vertex -10.6042 1.48717 24.99
      vertex -10.5074 -1.47118 24.99
      vertex -10.5074 1.47118 24.99
    endloop
  endfacet
  facet normal 0 0 1
    outer loop
      vertex -10.6042 1.48717 24.99
      vertex -10.6042 -1.48717 24.99
      vertex -10.5074 -1.47118 24.99
    endloop
  endfacet
  facet normal 0 0 1
    outer loop
      vertex -10.7019 1.49679 24.99
      vertex -10.6042 -1.48717 24.99
      vertex -10.6042 1.48717 24.99
    endloop
  endfacet
  facet normal 0 0 1
    outer loop
      vertex -10.7019 1.49679 24.99
      vertex -10.7019 -1.49679 24.99
      vertex -10.6042 -1.48717 24.99
    endloop
  endfacet
  facet normal 0 0 1
    outer loop
      vertex -10.8 1.5 24.99
      vertex -10.7019 -1.49679 24.99
      vertex -10.7019 1.49679 24.99
    endloop
  endfacet
  facet normal 0 0 1
    outer loop
      vertex -10.8 1.5 24.99
      vertex -10.8 -1.5 24.99
      vertex -10.7019 -1.49679 24.99
    endloop
  endfacet
  facet normal -0 0 1
    outer loop
      vertex -10.8981 1.49679 24.99
      vertex -10.8 -1.5 24.99
      vertex -10.8 1.5 24.99
    endloop
  endfacet
  facet normal 0 0 1
    outer loop
      vertex -10.8981 1.49679 24.99
      vertex -10.8981 -1.49679 24.99
      vertex -10.8 -1.5 24.99
    endloop
  endfacet
  facet normal -0 0 1
    outer loop
      vertex -10.9958 1.48717 24.99
      vertex -10.8981 -1.49679 24.99
      vertex -10.8981 1.49679 24.99
    endloop
  endfacet
  facet normal 0 0 1
    outer loop
      vertex -10.9958 1.48717 24.99
      vertex -10.9958 -1.48717 24.99
      vertex -10.8981 -1.49679 24.99
    endloop
  endfacet
  facet normal -0 0 1
    outer loop
      vertex -11.0926 1.47118 24.99
      vertex -10.9958 -1.48717 24.99
      vertex -10.9958 1.48717 24.99
    endloop
  endfacet
  facet normal 0 0 1
    outer loop
      vertex -11.0926 1.47118 24.99
      vertex -11.0926 -1.47118 24.99
      vertex -10.9958 -1.48717 24.99
    endloop
  endfacet
  facet normal -0 0 1
    outer loop
      vertex -11.1882 1.44889 24.99
      vertex -11.0926 -1.47118 24.99
      vertex -11.0926 1.47118 24.99
    endloop
  endfacet
  facet normal 0 0 1
    outer loop
      vertex -11.1882 1.44889 24.99
      vertex -11.1882 -1.44889 24.99
      vertex -11.0926 -1.47118 24.99
    endloop
  endfacet
  facet normal -0 0 1
    outer loop
      vertex -11.2822 1.42039 24.99
      vertex -11.1882 -1.44889 24.99
      vertex -11.1882 1.44889 24.99
    endloop
  endfacet
  facet normal 0 0 1
    outer loop
      vertex -11.2822 1.42039 24.99
      vertex -11.2822 -1.42039 24.99
      vertex -11.1882 -1.44889 24.99
    endloop
  endfacet
  facet normal -0 0 1
    outer loop
      vertex -11.374 1.38582 24.99
      vertex -11.2822 -1.42039 24.99
      vertex -11.2822 1.42039 24.99
    endloop
  endfacet
  facet normal 0 0 1
    outer loop
      vertex -11.374 1.38582 24.99
      vertex -11.374 -1.38582 24.99
      vertex -11.2822 -1.42039 24.99
    endloop
  endfacet
  facet normal -0 0 1
    outer loop
      vertex -11.4634 1.34531 24.99
      vertex -11.374 -1.38582 24.99
      vertex -11.374 1.38582 24.99
    endloop
  endfacet
  facet normal 0 0 1
    outer loop
      vertex -11.4634 1.34531 24.99
      vertex -11.4634 -1.34531 24.99
      vertex -11.374 -1.38582 24.99
    endloop
  endfacet
  facet normal -0 0 1
    outer loop
      vertex -11.55 1.29904 24.99
      vertex -11.4634 -1.34531 24.99
      vertex -11.4634 1.34531 24.99
    endloop
  endfacet
  facet normal 0 0 1
    outer loop
      vertex -11.55 1.29904 24.99
      vertex -11.55 -1.29904 24.99
      vertex -11.4634 -1.34531 24.99
    endloop
  endfacet
  facet normal -0 0 1
    outer loop
      vertex -11.6334 1.2472 24.99
      vertex -11.55 -1.29904 24.99
      vertex -11.55 1.29904 24.99
    endloop
  endfacet
  facet normal 0 0 1
    outer loop
      vertex -11.6334 1.2472 24.99
      vertex -11.6334 -1.2472 24.99
      vertex -11.55 -1.29904 24.99
    endloop
  endfacet
  facet normal -0 0 1
    outer loop
      vertex -11.7131 1.19003 24.99
      vertex -11.6334 -1.2472 24.99
      vertex -11.6334 1.2472 24.99
    endloop
  endfacet
  facet normal 0 0 1
    outer loop
      vertex -11.7131 1.19003 24.99
      vertex -11.7131 -1.19003 24.99
      vertex -11.6334 -1.2472 24.99
    endloop
  endfacet
  facet normal -0 0 1
    outer loop
      vertex -11.789 1.12776 24.99
      vertex -11.7131 -1.19003 24.99
      vertex -11.7131 1.19003 24.99
    endloop
  endfacet
  facet normal 0 0 1
    outer loop
      vertex -11.789 1.12776 24.99
      vertex -11.789 -1.12776 24.99
      vertex -11.7131 -1.19003 24.99
    endloop
  endfacet
  facet normal -0 0 1
    outer loop
      vertex -11.8607 1.06066 24.99
      vertex -11.789 -1.12776 24.99
      vertex -11.789 1.12776 24.99
    endloop
  endfacet
  facet normal 0 0 1
    outer loop
      vertex -11.8607 1.06066 24.99
      vertex -11.8607 -1.06066 24.99
      vertex -11.789 -1.12776 24.99
    endloop
  endfacet
  facet normal -0 0 1
    outer loop
      vertex -11.9278 0.989018 24.99
      vertex -11.8607 -1.06066 24.99
      vertex -11.8607 1.06066 24.99
    endloop
  endfacet
  facet normal 0 0 1
    outer loop
      vertex -11.9278 0.989018 24.99
      vertex -11.9278 -0.989018 24.99
      vertex -11.8607 -1.06066 24.99
    endloop
  endfacet
  facet normal -0 0 1
    outer loop
      vertex -11.99 0.913141 24.99
      vertex -11.9278 -0.989018 24.99
      vertex -11.9278 0.989018 24.99
    endloop
  endfacet
  facet normal 0 0 1
    outer loop
      vertex -11.99 0.913141 24.99
      vertex -11.99 -0.913141 24.99
      vertex -11.9278 -0.989018 24.99
    endloop
  endfacet
  facet normal -0 0 1
    outer loop
      vertex -12.0472 0.833355 24.99
      vertex -11.99 -0.913141 24.99
      vertex -11.99 0.913141 24.99
    endloop
  endfacet
  facet normal 0 0 1
    outer loop
      vertex -12.0472 0.833355 24.99
      vertex -12.0472 -0.833355 24.99
      vertex -11.99 -0.913141 24.99
    endloop
  endfacet
  facet normal -0 0 1
    outer loop
      vertex -12.099 0.75 24.99
      vertex -12.0472 -0.833355 24.99
      vertex -12.0472 0.833355 24.99
    endloop
  endfacet
  facet normal 0 0 1
    outer loop
      vertex -12.099 0.75 24.99
      vertex -12.099 -0.75 24.99
      vertex -12.0472 -0.833355 24.99
    endloop
  endfacet
  facet normal -0 0 1
    outer loop
      vertex -12.1453 0.663432 24.99
      vertex -12.099 -0.75 24.99
      vertex -12.099 0.75 24.99
    endloop
  endfacet
  facet normal 0 0 1
    outer loop
      vertex -12.1453 0.663432 24.99
      vertex -12.1453 -0.663432 24.99
      vertex -12.099 -0.75 24.99
    endloop
  endfacet
  facet normal -0 0 1
    outer loop
      vertex -12.1858 0.574024 24.99
      vertex -12.1453 -0.663432 24.99
      vertex -12.1453 0.663432 24.99
    endloop
  endfacet
  facet normal 0 0 1
    outer loop
      vertex -12.1858 0.574024 24.99
      vertex -12.1858 -0.574024 24.99
      vertex -12.1453 -0.663432 24.99
    endloop
  endfacet
  facet normal -0 0 1
    outer loop
      vertex -12.2204 0.482159 24.99
      vertex -12.1858 -0.574024 24.99
      vertex -12.1858 0.574024 24.99
    endloop
  endfacet
  facet normal 0 0 1
    outer loop
      vertex -12.2204 0.482159 24.99
      vertex -12.2204 -0.482159 24.99
      vertex -12.1858 -0.574024 24.99
    endloop
  endfacet
  facet normal -0 0 1
    outer loop
      vertex -12.2489 0.388228 24.99
      vertex -12.2204 -0.482159 24.99
      vertex -12.2204 0.482159 24.99
    endloop
  endfacet
  facet normal 0 0 1
    outer loop
      vertex -12.2489 0.388228 24.99
      vertex -12.2489 -0.388228 24.99
      vertex -12.2204 -0.482159 24.99
    endloop
  endfacet
  facet normal -0 0 1
    outer loop
      vertex -12.2712 0.292635 24.99
      vertex -12.2489 -0.388228 24.99
      vertex -12.2489 0.388228 24.99
    endloop
  endfacet
  facet normal 0 0 1
    outer loop
      vertex -12.2712 0.292635 24.99
      vertex -12.2712 -0.292635 24.99
      vertex -12.2489 -0.388228 24.99
    endloop
  endfacet
  facet normal -0 0 1
    outer loop
      vertex -12.2872 0.195788 24.99
      vertex -12.2712 -0.292635 24.99
      vertex -12.2712 0.292635 24.99
    endloop
  endfacet
  facet normal 0 0 1
    outer loop
      vertex -12.2872 0.195788 24.99
      vertex -12.2872 -0.195788 24.99
      vertex -12.2712 -0.292635 24.99
    endloop
  endfacet
  facet normal -0 0 1
    outer loop
      vertex -12.2968 0.0981045 24.99
      vertex -12.2872 -0.195788 24.99
      vertex -12.2872 0.195788 24.99
    endloop
  endfacet
  facet normal 0 0 1
    outer loop
      vertex -12.2968 0.0981045 24.99
      vertex -12.2968 -0.0981045 24.99
      vertex -12.2872 -0.195788 24.99
    endloop
  endfacet
  facet normal 0 -0 1
    outer loop
      vertex -12.2968 -0.0981045 24.99
      vertex -12.2968 0.0981045 24.99
      vertex -12.3 0 24.99
    endloop
  endfacet
  facet normal -0.995186 0.0980072 0
    outer loop
      vertex -9.31283 -0.195788 24.99
      vertex -9.30321 -0.0981045 28
      vertex -9.30321 -0.0981045 24.99
    endloop
  endfacet
  facet normal -0.995186 0.0980072 0
    outer loop
      vertex -9.30321 -0.0981045 28
      vertex -9.31283 -0.195788 24.99
      vertex -9.31283 -0.195788 28
    endloop
  endfacet
  facet normal -0.973875 0.227084 0
    outer loop
      vertex -9.35111 -0.388228 24.99
      vertex -9.32882 -0.292635 28
      vertex -9.32882 -0.292635 24.99
    endloop
  endfacet
  facet normal -0.973875 0.227084 0
    outer loop
      vertex -9.32882 -0.292635 28
      vertex -9.35111 -0.388228 24.99
      vertex -9.35111 -0.388228 28
    endloop
  endfacet
  facet normal -0.986643 0.1629 0
    outer loop
      vertex -9.32882 -0.292635 24.99
      vertex -9.31283 -0.195788 28
      vertex -9.31283 -0.195788 24.99
    endloop
  endfacet
  facet normal -0.986643 0.1629 0
    outer loop
      vertex -9.31283 -0.195788 28
      vertex -9.32882 -0.292635 24.99
      vertex -9.32882 -0.292635 28
    endloop
  endfacet
  facet normal -0.162977 -0.98663 0
    outer loop
      vertex -10.6042 1.48717 24.99
      vertex -10.5074 1.47118 28
      vertex -10.6042 1.48717 28
    endloop
  endfacet
  facet normal -0.162977 -0.98663 -0
    outer loop
      vertex -10.5074 1.47118 28
      vertex -10.6042 1.48717 24.99
      vertex -10.5074 1.47118 24.99
    endloop
  endfacet
  facet normal 0.683297 -0.73014 0
    outer loop
      vertex -11.8607 1.06066 24.99
      vertex -11.789 1.12776 28
      vertex -11.8607 1.06066 28
    endloop
  endfacet
  facet normal 0.683297 -0.73014 0
    outer loop
      vertex -11.789 1.12776 28
      vertex -11.8607 1.06066 24.99
      vertex -11.789 1.12776 24.99
    endloop
  endfacet
  facet normal 0.773363 -0.633963 0
    outer loop
      vertex -11.99 0.913141 28
      vertex -11.9278 0.989018 24.99
      vertex -11.9278 0.989018 28
    endloop
  endfacet
  facet normal 0.773363 -0.633963 0
    outer loop
      vertex -11.9278 0.989018 24.99
      vertex -11.99 0.913141 28
      vertex -11.99 0.913141 24.99
    endloop
  endfacet
  facet normal 0.849355 -0.527822 0
    outer loop
      vertex -12.099 0.75 28
      vertex -12.0472 0.833355 24.99
      vertex -12.0472 0.833355 28
    endloop
  endfacet
  facet normal 0.849355 -0.527822 0
    outer loop
      vertex -12.0472 0.833355 24.99
      vertex -12.099 0.75 28
      vertex -12.099 0.75 24.99
    endloop
  endfacet
  facet normal -0.849172 -0.528116 0
    outer loop
      vertex -9.50096 0.75 24.99
      vertex -9.5528 0.833355 28
      vertex -9.5528 0.833355 24.99
    endloop
  endfacet
  facet normal -0.849172 -0.528116 0
    outer loop
      vertex -9.5528 0.833355 28
      vertex -9.50096 0.75 24.99
      vertex -9.50096 0.75 28
    endloop
  endfacet
  facet normal -0.227069 0.973879 0
    outer loop
      vertex -10.4118 -1.44889 24.99
      vertex -10.5074 -1.47118 28
      vertex -10.4118 -1.44889 28
    endloop
  endfacet
  facet normal -0.227069 0.973879 0
    outer loop
      vertex -10.5074 -1.47118 28
      vertex -10.4118 -1.44889 24.99
      vertex -10.5074 -1.47118 24.99
    endloop
  endfacet
  facet normal 0.956922 0.290344 0
    outer loop
      vertex -12.2204 -0.482159 28
      vertex -12.2489 -0.388228 24.99
      vertex -12.2489 -0.388228 28
    endloop
  endfacet
  facet normal 0.956922 0.290344 0
    outer loop
      vertex -12.2489 -0.388228 24.99
      vertex -12.2204 -0.482159 28
      vertex -12.2204 -0.482159 24.99
    endloop
  endfacet
  facet normal 0.910903 0.41262 0
    outer loop
      vertex -12.1453 -0.663432 28
      vertex -12.1858 -0.574024 24.99
      vertex -12.1858 -0.574024 28
    endloop
  endfacet
  facet normal 0.910903 0.41262 0
    outer loop
      vertex -12.1858 -0.574024 24.99
      vertex -12.1453 -0.663432 28
      vertex -12.1453 -0.663432 24.99
    endloop
  endfacet
  facet normal 0.290149 0.956982 -0
    outer loop
      vertex -11.1882 -1.44889 24.99
      vertex -11.2822 -1.42039 28
      vertex -11.1882 -1.44889 28
    endloop
  endfacet
  facet normal 0.290149 0.956982 0
    outer loop
      vertex -11.2822 -1.42039 28
      vertex -11.1882 -1.44889 24.99
      vertex -11.2822 -1.42039 24.99
    endloop
  endfacet
  facet normal 0.634274 -0.773108 0
    outer loop
      vertex -11.789 1.12776 24.99
      vertex -11.7131 1.19003 28
      vertex -11.789 1.12776 28
    endloop
  endfacet
  facet normal 0.634274 -0.773108 0
    outer loop
      vertex -11.7131 1.19003 28
      vertex -11.789 1.12776 24.99
      vertex -11.7131 1.19003 24.99
    endloop
  endfacet
  facet normal 0.910903 -0.41262 0
    outer loop
      vertex -12.1858 0.574024 28
      vertex -12.1453 0.663432 24.99
      vertex -12.1453 0.663432 28
    endloop
  endfacet
  facet normal 0.910903 -0.41262 0
    outer loop
      vertex -12.1453 0.663432 24.99
      vertex -12.1858 0.574024 28
      vertex -12.1858 0.574024 24.99
    endloop
  endfacet
  facet normal 0.973853 -0.227181 0
    outer loop
      vertex -12.2712 0.292635 28
      vertex -12.2489 0.388228 24.99
      vertex -12.2489 0.388228 28
    endloop
  endfacet
  facet normal 0.973853 -0.227181 0
    outer loop
      vertex -12.2489 0.388228 24.99
      vertex -12.2712 0.292635 28
      vertex -12.2712 0.292635 24.99
    endloop
  endfacet
  facet normal 0.986626 -0.163 0
    outer loop
      vertex -12.2872 0.195788 28
      vertex -12.2712 0.292635 24.99
      vertex -12.2712 0.292635 28
    endloop
  endfacet
  facet normal 0.986626 -0.163 0
    outer loop
      vertex -12.2712 0.292635 24.99
      vertex -12.2872 0.195788 28
      vertex -12.2872 0.195788 24.99
    endloop
  endfacet
  facet normal -0.0979908 -0.995187 0
    outer loop
      vertex -10.7019 1.49679 24.99
      vertex -10.6042 1.48717 28
      vertex -10.7019 1.49679 28
    endloop
  endfacet
  facet normal -0.0979908 -0.995187 -0
    outer loop
      vertex -10.6042 1.48717 28
      vertex -10.7019 1.49679 24.99
      vertex -10.6042 1.48717 24.99
    endloop
  endfacet
  facet normal 0.956922 -0.290344 0
    outer loop
      vertex -12.2489 0.388228 28
      vertex -12.2204 0.482159 24.99
      vertex -12.2204 0.482159 28
    endloop
  endfacet
  facet normal 0.956922 -0.290344 0
    outer loop
      vertex -12.2204 0.482159 24.99
      vertex -12.2489 0.388228 28
      vertex -12.2489 0.388228 24.99
    endloop
  endfacet
  facet normal -0.910865 -0.412705 0
    outer loop
      vertex -9.41418 0.574024 24.99
      vertex -9.45469 0.663432 28
      vertex -9.45469 0.663432 24.99
    endloop
  endfacet
  facet normal -0.910865 -0.412705 0
    outer loop
      vertex -9.45469 0.663432 28
      vertex -9.41418 0.574024 24.99
      vertex -9.41418 0.574024 28
    endloop
  endfacet
  facet normal -0.528093 -0.849187 0
    outer loop
      vertex -10.05 1.29904 24.99
      vertex -9.96664 1.2472 28
      vertex -10.05 1.29904 28
    endloop
  endfacet
  facet normal -0.528093 -0.849187 -0
    outer loop
      vertex -9.96664 1.2472 28
      vertex -10.05 1.29904 24.99
      vertex -9.96664 1.2472 24.99
    endloop
  endfacet
  facet normal -0.0979908 0.995187 0
    outer loop
      vertex -10.6042 -1.48717 24.99
      vertex -10.7019 -1.49679 28
      vertex -10.6042 -1.48717 28
    endloop
  endfacet
  facet normal -0.0979908 0.995187 0
    outer loop
      vertex -10.7019 -1.49679 28
      vertex -10.6042 -1.48717 24.99
      vertex -10.7019 -1.49679 24.99
    endloop
  endfacet
  facet normal 0.352419 -0.935842 0
    outer loop
      vertex -11.374 1.38582 24.99
      vertex -11.2822 1.42039 28
      vertex -11.374 1.38582 28
    endloop
  endfacet
  facet normal 0.352419 -0.935842 0
    outer loop
      vertex -11.2822 1.42039 28
      vertex -11.374 1.38582 24.99
      vertex -11.2822 1.42039 24.99
    endloop
  endfacet
  facet normal -0.986643 -0.1629 0
    outer loop
      vertex -9.31283 0.195788 24.99
      vertex -9.32882 0.292635 28
      vertex -9.32882 0.292635 24.99
    endloop
  endfacet
  facet normal -0.986643 -0.1629 0
    outer loop
      vertex -9.32882 0.292635 28
      vertex -9.31283 0.195788 24.99
      vertex -9.31283 0.195788 28
    endloop
  endfacet
  facet normal 0.986626 0.163 0
    outer loop
      vertex -12.2712 -0.292635 28
      vertex -12.2872 -0.195788 24.99
      vertex -12.2872 -0.195788 28
    endloop
  endfacet
  facet normal 0.986626 0.163 0
    outer loop
      vertex -12.2872 -0.195788 24.99
      vertex -12.2712 -0.292635 28
      vertex -12.2712 -0.292635 24.99
    endloop
  endfacet
  facet normal -0.773014 0.634389 0
    outer loop
      vertex -9.67224 -0.989018 24.99
      vertex -9.60997 -0.913141 28
      vertex -9.60997 -0.913141 24.99
    endloop
  endfacet
  facet normal -0.773014 0.634389 0
    outer loop
      vertex -9.60997 -0.913141 28
      vertex -9.67224 -0.989018 24.99
      vertex -9.67224 -0.989018 28
    endloop
  endfacet
  facet normal 0.634274 0.773108 -0
    outer loop
      vertex -11.7131 -1.19003 24.99
      vertex -11.789 -1.12776 28
      vertex -11.7131 -1.19003 28
    endloop
  endfacet
  facet normal 0.634274 0.773108 0
    outer loop
      vertex -11.789 -1.12776 28
      vertex -11.7131 -1.19003 24.99
      vertex -11.789 -1.12776 24.99
    endloop
  endfacet
  facet normal 0.582867 -0.812568 0
    outer loop
      vertex -11.7131 1.19003 24.99
      vertex -11.6334 1.2472 28
      vertex -11.7131 1.19003 28
    endloop
  endfacet
  facet normal 0.582867 -0.812568 0
    outer loop
      vertex -11.6334 1.2472 28
      vertex -11.7131 1.19003 24.99
      vertex -11.6334 1.2472 24.99
    endloop
  endfacet
  facet normal 0.81272 -0.582654 0
    outer loop
      vertex -12.0472 0.833355 28
      vertex -11.99 0.913141 24.99
      vertex -11.99 0.913141 28
    endloop
  endfacet
  facet normal 0.81272 -0.582654 0
    outer loop
      vertex -11.99 0.913141 24.99
      vertex -12.0472 0.833355 28
      vertex -12.0472 0.833355 24.99
    endloop
  endfacet
  facet normal -0.999465 0.0327027 0
    outer loop
      vertex -9.30321 -0.0981045 24.99
      vertex -9.3 0 28
      vertex -9.3 0 24.99
    endloop
  endfacet
  facet normal -0.999465 0.0327027 0
    outer loop
      vertex -9.3 0 28
      vertex -9.30321 -0.0981045 24.99
      vertex -9.30321 -0.0981045 28
    endloop
  endfacet
  facet normal -0.634374 -0.773026 0
    outer loop
      vertex -9.88686 1.19003 24.99
      vertex -9.81098 1.12776 28
      vertex -9.88686 1.19003 28
    endloop
  endfacet
  facet normal -0.634374 -0.773026 -0
    outer loop
      vertex -9.81098 1.12776 28
      vertex -9.88686 1.19003 24.99
      vertex -9.81098 1.12776 24.99
    endloop
  endfacet
  facet normal -0.582481 -0.812844 0
    outer loop
      vertex -9.96664 1.2472 24.99
      vertex -9.88686 1.19003 28
      vertex -9.96664 1.2472 28
    endloop
  endfacet
  facet normal -0.582481 -0.812844 -0
    outer loop
      vertex -9.88686 1.19003 28
      vertex -9.96664 1.2472 24.99
      vertex -9.88686 1.19003 24.99
    endloop
  endfacet
  facet normal 0.290149 -0.956982 0
    outer loop
      vertex -11.2822 1.42039 24.99
      vertex -11.1882 1.44889 28
      vertex -11.2822 1.42039 28
    endloop
  endfacet
  facet normal 0.290149 -0.956982 0
    outer loop
      vertex -11.1882 1.44889 28
      vertex -11.2822 1.42039 24.99
      vertex -11.1882 1.44889 24.99
    endloop
  endfacet
  facet normal -0.352419 -0.935842 0
    outer loop
      vertex -10.3178 1.42039 24.99
      vertex -10.226 1.38582 28
      vertex -10.3178 1.42039 28
    endloop
  endfacet
  facet normal -0.352419 -0.935842 -0
    outer loop
      vertex -10.226 1.38582 28
      vertex -10.3178 1.42039 24.99
      vertex -10.226 1.38582 24.99
    endloop
  endfacet
  facet normal -0.412736 0.910851 0
    outer loop
      vertex -10.1366 -1.34531 24.99
      vertex -10.226 -1.38582 28
      vertex -10.1366 -1.34531 28
    endloop
  endfacet
  facet normal -0.412736 0.910851 0
    outer loop
      vertex -10.226 -1.38582 28
      vertex -10.1366 -1.34531 24.99
      vertex -10.226 -1.38582 24.99
    endloop
  endfacet
  facet normal -0.412736 -0.910851 0
    outer loop
      vertex -10.226 1.38582 24.99
      vertex -10.1366 1.34531 28
      vertex -10.226 1.38582 28
    endloop
  endfacet
  facet normal -0.412736 -0.910851 -0
    outer loop
      vertex -10.1366 1.34531 28
      vertex -10.226 1.38582 24.99
      vertex -10.1366 1.34531 24.99
    endloop
  endfacet
  facet normal -0.881928 -0.471384 0
    outer loop
      vertex -9.45469 0.663432 24.99
      vertex -9.50096 0.75 28
      vertex -9.50096 0.75 24.99
    endloop
  endfacet
  facet normal -0.881928 -0.471384 0
    outer loop
      vertex -9.50096 0.75 28
      vertex -9.45469 0.663432 24.99
      vertex -9.45469 0.663432 28
    endloop
  endfacet
  facet normal -0.881928 0.471384 0
    outer loop
      vertex -9.50096 -0.75 24.99
      vertex -9.45469 -0.663432 28
      vertex -9.45469 -0.663432 24.99
    endloop
  endfacet
  facet normal -0.881928 0.471384 0
    outer loop
      vertex -9.45469 -0.663432 28
      vertex -9.50096 -0.75 24.99
      vertex -9.50096 -0.75 28
    endloop
  endfacet
  facet normal -0.849172 0.528116 0
    outer loop
      vertex -9.5528 -0.833355 24.99
      vertex -9.50096 -0.75 28
      vertex -9.50096 -0.75 24.99
    endloop
  endfacet
  facet normal -0.849172 0.528116 0
    outer loop
      vertex -9.50096 -0.75 28
      vertex -9.5528 -0.833355 24.99
      vertex -9.5528 -0.833355 28
    endloop
  endfacet
  facet normal -0.956951 0.290251 0
    outer loop
      vertex -9.3796 -0.482159 24.99
      vertex -9.35111 -0.388228 28
      vertex -9.35111 -0.388228 24.99
    endloop
  endfacet
  facet normal -0.956951 0.290251 0
    outer loop
      vertex -9.35111 -0.388228 28
      vertex -9.3796 -0.482159 24.99
      vertex -9.3796 -0.482159 28
    endloop
  endfacet
  facet normal -0.935891 0.35229 0
    outer loop
      vertex -9.41418 -0.574024 24.99
      vertex -9.3796 -0.482159 28
      vertex -9.3796 -0.482159 24.99
    endloop
  endfacet
  facet normal -0.935891 0.35229 0
    outer loop
      vertex -9.3796 -0.482159 28
      vertex -9.41418 -0.574024 24.99
      vertex -9.41418 -0.574024 28
    endloop
  endfacet
  facet normal -0.290149 -0.956982 0
    outer loop
      vertex -10.4118 1.44889 24.99
      vertex -10.3178 1.42039 28
      vertex -10.4118 1.44889 28
    endloop
  endfacet
  facet normal -0.290149 -0.956982 -0
    outer loop
      vertex -10.3178 1.42039 28
      vertex -10.4118 1.44889 24.99
      vertex -10.3178 1.42039 24.99
    endloop
  endfacet
  facet normal -0.0327042 0.999465 0
    outer loop
      vertex -10.7019 -1.49679 24.99
      vertex -10.8 -1.5 28
      vertex -10.7019 -1.49679 28
    endloop
  endfacet
  facet normal -0.0327042 0.999465 0
    outer loop
      vertex -10.8 -1.5 28
      vertex -10.7019 -1.49679 24.99
      vertex -10.8 -1.5 24.99
    endloop
  endfacet
  facet normal 0.412736 -0.910851 0
    outer loop
      vertex -11.4634 1.34531 24.99
      vertex -11.374 1.38582 28
      vertex -11.4634 1.34531 28
    endloop
  endfacet
  facet normal 0.412736 -0.910851 0
    outer loop
      vertex -11.374 1.38582 28
      vertex -11.4634 1.34531 24.99
      vertex -11.374 1.38582 24.99
    endloop
  endfacet
  facet normal -0.471249 0.882 0
    outer loop
      vertex -10.05 -1.29904 24.99
      vertex -10.1366 -1.34531 28
      vertex -10.05 -1.29904 28
    endloop
  endfacet
  facet normal -0.471249 0.882 0
    outer loop
      vertex -10.1366 -1.34531 28
      vertex -10.05 -1.29904 24.99
      vertex -10.1366 -1.34531 24.99
    endloop
  endfacet
  facet normal 0.773363 0.633963 0
    outer loop
      vertex -11.9278 -0.989018 28
      vertex -11.99 -0.913141 24.99
      vertex -11.99 -0.913141 28
    endloop
  endfacet
  facet normal 0.773363 0.633963 0
    outer loop
      vertex -11.99 -0.913141 24.99
      vertex -11.9278 -0.989018 28
      vertex -11.9278 -0.989018 24.99
    endloop
  endfacet
  facet normal 0.973853 0.227181 0
    outer loop
      vertex -12.2489 -0.388228 28
      vertex -12.2712 -0.292635 24.99
      vertex -12.2712 -0.292635 28
    endloop
  endfacet
  facet normal 0.973853 0.227181 0
    outer loop
      vertex -12.2712 -0.292635 24.99
      vertex -12.2489 -0.388228 28
      vertex -12.2489 -0.388228 24.99
    endloop
  endfacet
  facet normal 0.471249 -0.882 0
    outer loop
      vertex -11.55 1.29904 24.99
      vertex -11.4634 1.34531 28
      vertex -11.55 1.29904 28
    endloop
  endfacet
  facet normal 0.471249 -0.882 0
    outer loop
      vertex -11.4634 1.34531 28
      vertex -11.55 1.29904 24.99
      vertex -11.4634 1.34531 24.99
    endloop
  endfacet
  facet normal -0.729864 0.683592 0
    outer loop
      vertex -9.73934 -1.06066 24.99
      vertex -9.67224 -0.989018 28
      vertex -9.67224 -0.989018 24.99
    endloop
  endfacet
  facet normal -0.729864 0.683592 0
    outer loop
      vertex -9.67224 -0.989018 28
      vertex -9.73934 -1.06066 24.99
      vertex -9.73934 -1.06066 28
    endloop
  endfacet
  facet normal 0.52791 0.8493 -0
    outer loop
      vertex -11.55 -1.29904 24.99
      vertex -11.6334 -1.2472 28
      vertex -11.55 -1.29904 28
    endloop
  endfacet
  facet normal 0.52791 0.8493 0
    outer loop
      vertex -11.6334 -1.2472 28
      vertex -11.55 -1.29904 24.99
      vertex -11.6334 -1.2472 24.99
    endloop
  endfacet
  facet normal 0.582867 0.812568 -0
    outer loop
      vertex -11.6334 -1.2472 24.99
      vertex -11.7131 -1.19003 28
      vertex -11.6334 -1.2472 28
    endloop
  endfacet
  facet normal 0.582867 0.812568 0
    outer loop
      vertex -11.7131 -1.19003 28
      vertex -11.6334 -1.2472 24.99
      vertex -11.7131 -1.19003 24.99
    endloop
  endfacet
  facet normal 0.162977 0.98663 -0
    outer loop
      vertex -10.9958 -1.48717 24.99
      vertex -11.0926 -1.47118 28
      vertex -10.9958 -1.48717 28
    endloop
  endfacet
  facet normal 0.162977 0.98663 0
    outer loop
      vertex -11.0926 -1.47118 28
      vertex -10.9958 -1.48717 24.99
      vertex -11.0926 -1.47118 24.99
    endloop
  endfacet
  facet normal 0.81272 0.582654 0
    outer loop
      vertex -11.99 -0.913141 28
      vertex -12.0472 -0.833355 24.99
      vertex -12.0472 -0.833355 28
    endloop
  endfacet
  facet normal 0.81272 0.582654 0
    outer loop
      vertex -12.0472 -0.833355 24.99
      vertex -11.99 -0.913141 28
      vertex -11.99 -0.913141 24.99
    endloop
  endfacet
  facet normal -0.683602 -0.729855 0
    outer loop
      vertex -9.81098 1.12776 24.99
      vertex -9.73934 1.06066 28
      vertex -9.81098 1.12776 28
    endloop
  endfacet
  facet normal -0.683602 -0.729855 -0
    outer loop
      vertex -9.73934 1.06066 28
      vertex -9.81098 1.12776 24.99
      vertex -9.73934 1.06066 24.99
    endloop
  endfacet
  facet normal 0.995206 -0.0978054 0
    outer loop
      vertex -12.2968 0.0981045 28
      vertex -12.2872 0.195788 24.99
      vertex -12.2872 0.195788 28
    endloop
  endfacet
  facet normal 0.995206 -0.0978054 0
    outer loop
      vertex -12.2872 0.195788 24.99
      vertex -12.2968 0.0981045 28
      vertex -12.2968 0.0981045 24.99
    endloop
  endfacet
  facet normal -0.910865 0.412705 0
    outer loop
      vertex -9.45469 -0.663432 24.99
      vertex -9.41418 -0.574024 28
      vertex -9.41418 -0.574024 24.99
    endloop
  endfacet
  facet normal -0.910865 0.412705 0
    outer loop
      vertex -9.41418 -0.574024 28
      vertex -9.45469 -0.663432 24.99
      vertex -9.45469 -0.663432 28
    endloop
  endfacet
  facet normal -0.352419 0.935842 0
    outer loop
      vertex -10.226 -1.38582 24.99
      vertex -10.3178 -1.42039 28
      vertex -10.226 -1.38582 28
    endloop
  endfacet
  facet normal -0.352419 0.935842 0
    outer loop
      vertex -10.3178 -1.42039 28
      vertex -10.226 -1.38582 24.99
      vertex -10.3178 -1.42039 24.99
    endloop
  endfacet
  facet normal -0.973875 -0.227084 0
    outer loop
      vertex -9.32882 0.292635 24.99
      vertex -9.35111 0.388228 28
      vertex -9.35111 0.388228 24.99
    endloop
  endfacet
  facet normal -0.973875 -0.227084 0
    outer loop
      vertex -9.35111 0.388228 28
      vertex -9.32882 0.292635 24.99
      vertex -9.32882 0.292635 28
    endloop
  endfacet
  facet normal 0.999468 0.0326009 0
    outer loop
      vertex -12.2968 -0.0981045 28
      vertex -12.3 0 24.99
      vertex -12.3 0 28
    endloop
  endfacet
  facet normal 0.999468 0.0326009 0
    outer loop
      vertex -12.3 0 24.99
      vertex -12.2968 -0.0981045 28
      vertex -12.2968 -0.0981045 24.99
    endloop
  endfacet
  facet normal 0.881801 -0.471622 0
    outer loop
      vertex -12.1453 0.663432 28
      vertex -12.099 0.75 24.99
      vertex -12.099 0.75 28
    endloop
  endfacet
  facet normal 0.881801 -0.471622 0
    outer loop
      vertex -12.099 0.75 24.99
      vertex -12.1453 0.663432 28
      vertex -12.1453 0.663432 24.99
    endloop
  endfacet
  facet normal 0.227069 0.973879 -0
    outer loop
      vertex -11.0926 -1.47118 24.99
      vertex -11.1882 -1.44889 28
      vertex -11.0926 -1.47118 28
    endloop
  endfacet
  facet normal 0.227069 0.973879 0
    outer loop
      vertex -11.1882 -1.44889 28
      vertex -11.0926 -1.47118 24.99
      vertex -11.1882 -1.44889 24.99
    endloop
  endfacet
  facet normal -0.290149 0.956982 0
    outer loop
      vertex -10.3178 -1.42039 24.99
      vertex -10.4118 -1.44889 28
      vertex -10.3178 -1.42039 28
    endloop
  endfacet
  facet normal -0.290149 0.956982 0
    outer loop
      vertex -10.4118 -1.44889 28
      vertex -10.3178 -1.42039 24.99
      vertex -10.4118 -1.44889 24.99
    endloop
  endfacet
  facet normal -0.162977 0.98663 0
    outer loop
      vertex -10.5074 -1.47118 24.99
      vertex -10.6042 -1.48717 28
      vertex -10.5074 -1.47118 28
    endloop
  endfacet
  facet normal -0.162977 0.98663 0
    outer loop
      vertex -10.6042 -1.48717 28
      vertex -10.5074 -1.47118 24.99
      vertex -10.6042 -1.48717 24.99
    endloop
  endfacet
  facet normal -0.0327042 -0.999465 0
    outer loop
      vertex -10.8 1.5 24.99
      vertex -10.7019 1.49679 28
      vertex -10.8 1.5 28
    endloop
  endfacet
  facet normal -0.0327042 -0.999465 -0
    outer loop
      vertex -10.7019 1.49679 28
      vertex -10.8 1.5 24.99
      vertex -10.7019 1.49679 24.99
    endloop
  endfacet
  facet normal 0.729864 -0.683592 0
    outer loop
      vertex -11.9278 0.989018 28
      vertex -11.8607 1.06066 24.99
      vertex -11.8607 1.06066 28
    endloop
  endfacet
  facet normal 0.729864 -0.683592 0
    outer loop
      vertex -11.8607 1.06066 24.99
      vertex -11.9278 0.989018 28
      vertex -11.9278 0.989018 24.99
    endloop
  endfacet
  facet normal -0.935891 -0.35229 0
    outer loop
      vertex -9.3796 0.482159 24.99
      vertex -9.41418 0.574024 28
      vertex -9.41418 0.574024 24.99
    endloop
  endfacet
  facet normal -0.935891 -0.35229 0
    outer loop
      vertex -9.41418 0.574024 28
      vertex -9.3796 0.482159 24.99
      vertex -9.3796 0.482159 28
    endloop
  endfacet
  facet normal 0.52791 -0.8493 0
    outer loop
      vertex -11.6334 1.2472 24.99
      vertex -11.55 1.29904 28
      vertex -11.6334 1.2472 28
    endloop
  endfacet
  facet normal 0.52791 -0.8493 0
    outer loop
      vertex -11.55 1.29904 28
      vertex -11.6334 1.2472 24.99
      vertex -11.55 1.29904 24.99
    endloop
  endfacet
  facet normal -0.729864 -0.683592 0
    outer loop
      vertex -9.67224 0.989018 24.99
      vertex -9.73934 1.06066 28
      vertex -9.73934 1.06066 24.99
    endloop
  endfacet
  facet normal -0.729864 -0.683592 0
    outer loop
      vertex -9.73934 1.06066 28
      vertex -9.67224 0.989018 24.99
      vertex -9.67224 0.989018 28
    endloop
  endfacet
  facet normal 0.729864 0.683592 0
    outer loop
      vertex -11.8607 -1.06066 28
      vertex -11.9278 -0.989018 24.99
      vertex -11.9278 -0.989018 28
    endloop
  endfacet
  facet normal 0.729864 0.683592 0
    outer loop
      vertex -11.9278 -0.989018 24.99
      vertex -11.8607 -1.06066 28
      vertex -11.8607 -1.06066 24.99
    endloop
  endfacet
  facet normal 0.683297 0.73014 -0
    outer loop
      vertex -11.789 -1.12776 24.99
      vertex -11.8607 -1.06066 28
      vertex -11.789 -1.12776 28
    endloop
  endfacet
  facet normal 0.683297 0.73014 0
    outer loop
      vertex -11.8607 -1.06066 28
      vertex -11.789 -1.12776 24.99
      vertex -11.8607 -1.06066 24.99
    endloop
  endfacet
  facet normal -0.683602 0.729855 0
    outer loop
      vertex -9.73934 -1.06066 24.99
      vertex -9.81098 -1.12776 28
      vertex -9.73934 -1.06066 28
    endloop
  endfacet
  facet normal -0.683602 0.729855 0
    outer loop
      vertex -9.81098 -1.12776 28
      vertex -9.73934 -1.06066 24.99
      vertex -9.81098 -1.12776 24.99
    endloop
  endfacet
  facet normal 0.0979908 -0.995187 0
    outer loop
      vertex -10.9958 1.48717 24.99
      vertex -10.8981 1.49679 28
      vertex -10.9958 1.48717 28
    endloop
  endfacet
  facet normal 0.0979908 -0.995187 0
    outer loop
      vertex -10.8981 1.49679 28
      vertex -10.9958 1.48717 24.99
      vertex -10.8981 1.49679 24.99
    endloop
  endfacet
  facet normal 0.162977 -0.98663 0
    outer loop
      vertex -11.0926 1.47118 24.99
      vertex -10.9958 1.48717 28
      vertex -11.0926 1.47118 28
    endloop
  endfacet
  facet normal 0.162977 -0.98663 0
    outer loop
      vertex -10.9958 1.48717 28
      vertex -11.0926 1.47118 24.99
      vertex -10.9958 1.48717 24.99
    endloop
  endfacet
  facet normal -0.773014 -0.634389 0
    outer loop
      vertex -9.60997 0.913141 24.99
      vertex -9.67224 0.989018 28
      vertex -9.67224 0.989018 24.99
    endloop
  endfacet
  facet normal -0.773014 -0.634389 0
    outer loop
      vertex -9.67224 0.989018 28
      vertex -9.60997 0.913141 24.99
      vertex -9.60997 0.913141 28
    endloop
  endfacet
  facet normal 0.412736 0.910851 -0
    outer loop
      vertex -11.374 -1.38582 24.99
      vertex -11.4634 -1.34531 28
      vertex -11.374 -1.38582 28
    endloop
  endfacet
  facet normal 0.412736 0.910851 0
    outer loop
      vertex -11.4634 -1.34531 28
      vertex -11.374 -1.38582 24.99
      vertex -11.4634 -1.34531 24.99
    endloop
  endfacet
  facet normal 0.0327042 0.999465 -0
    outer loop
      vertex -10.8 -1.5 24.99
      vertex -10.8981 -1.49679 28
      vertex -10.8 -1.5 28
    endloop
  endfacet
  facet normal 0.0327042 0.999465 0
    outer loop
      vertex -10.8981 -1.49679 28
      vertex -10.8 -1.5 24.99
      vertex -10.8981 -1.49679 24.99
    endloop
  endfacet
  facet normal -0.528093 0.849187 0
    outer loop
      vertex -9.96664 -1.2472 24.99
      vertex -10.05 -1.29904 28
      vertex -9.96664 -1.2472 28
    endloop
  endfacet
  facet normal -0.528093 0.849187 0
    outer loop
      vertex -10.05 -1.29904 28
      vertex -9.96664 -1.2472 24.99
      vertex -10.05 -1.29904 24.99
    endloop
  endfacet
  facet normal -0.582481 0.812844 0
    outer loop
      vertex -9.88686 -1.19003 24.99
      vertex -9.96664 -1.2472 28
      vertex -9.88686 -1.19003 28
    endloop
  endfacet
  facet normal -0.582481 0.812844 0
    outer loop
      vertex -9.96664 -1.2472 28
      vertex -9.88686 -1.19003 24.99
      vertex -9.96664 -1.2472 24.99
    endloop
  endfacet
  facet normal 0.995206 0.0978054 0
    outer loop
      vertex -12.2872 -0.195788 28
      vertex -12.2968 -0.0981045 24.99
      vertex -12.2968 -0.0981045 28
    endloop
  endfacet
  facet normal 0.995206 0.0978054 0
    outer loop
      vertex -12.2968 -0.0981045 24.99
      vertex -12.2872 -0.195788 28
      vertex -12.2872 -0.195788 24.99
    endloop
  endfacet
  facet normal 0.471249 0.882 -0
    outer loop
      vertex -11.4634 -1.34531 24.99
      vertex -11.55 -1.29904 28
      vertex -11.4634 -1.34531 28
    endloop
  endfacet
  facet normal 0.471249 0.882 0
    outer loop
      vertex -11.55 -1.29904 28
      vertex -11.4634 -1.34531 24.99
      vertex -11.55 -1.29904 24.99
    endloop
  endfacet
  facet normal -0.471249 -0.882 0
    outer loop
      vertex -10.1366 1.34531 24.99
      vertex -10.05 1.29904 28
      vertex -10.1366 1.34531 28
    endloop
  endfacet
  facet normal -0.471249 -0.882 -0
    outer loop
      vertex -10.05 1.29904 28
      vertex -10.1366 1.34531 24.99
      vertex -10.05 1.29904 24.99
    endloop
  endfacet
  facet normal 0.0979908 0.995187 -0
    outer loop
      vertex -10.8981 -1.49679 24.99
      vertex -10.9958 -1.48717 28
      vertex -10.8981 -1.49679 28
    endloop
  endfacet
  facet normal 0.0979908 0.995187 0
    outer loop
      vertex -10.9958 -1.48717 28
      vertex -10.8981 -1.49679 24.99
      vertex -10.9958 -1.48717 24.99
    endloop
  endfacet
  facet normal 0.849355 0.527822 0
    outer loop
      vertex -12.0472 -0.833355 28
      vertex -12.099 -0.75 24.99
      vertex -12.099 -0.75 28
    endloop
  endfacet
  facet normal 0.849355 0.527822 0
    outer loop
      vertex -12.099 -0.75 24.99
      vertex -12.0472 -0.833355 28
      vertex -12.0472 -0.833355 24.99
    endloop
  endfacet
  facet normal -0.812865 0.582452 0
    outer loop
      vertex -9.60997 -0.913141 24.99
      vertex -9.5528 -0.833355 28
      vertex -9.5528 -0.833355 24.99
    endloop
  endfacet
  facet normal -0.812865 0.582452 0
    outer loop
      vertex -9.5528 -0.833355 28
      vertex -9.60997 -0.913141 24.99
      vertex -9.60997 -0.913141 28
    endloop
  endfacet
  facet normal 0.352419 0.935842 -0
    outer loop
      vertex -11.2822 -1.42039 24.99
      vertex -11.374 -1.38582 28
      vertex -11.2822 -1.42039 28
    endloop
  endfacet
  facet normal 0.352419 0.935842 0
    outer loop
      vertex -11.374 -1.38582 28
      vertex -11.2822 -1.42039 24.99
      vertex -11.374 -1.38582 24.99
    endloop
  endfacet
  facet normal 0.999468 -0.0326009 0
    outer loop
      vertex -12.3 0 28
      vertex -12.2968 0.0981045 24.99
      vertex -12.2968 0.0981045 28
    endloop
  endfacet
  facet normal 0.999468 -0.0326009 0
    outer loop
      vertex -12.2968 0.0981045 24.99
      vertex -12.3 0 28
      vertex -12.3 0 24.99
    endloop
  endfacet
  facet normal 0.935824 -0.352468 0
    outer loop
      vertex -12.2204 0.482159 28
      vertex -12.1858 0.574024 24.99
      vertex -12.1858 0.574024 28
    endloop
  endfacet
  facet normal 0.935824 -0.352468 0
    outer loop
      vertex -12.1858 0.574024 24.99
      vertex -12.2204 0.482159 28
      vertex -12.2204 0.482159 24.99
    endloop
  endfacet
  facet normal -0.995187 0.0979908 0
    outer loop
      vertex 1.48717 -10.9958 24.99
      vertex 1.49679 -10.8981 28
      vertex 1.49679 -10.8981 24.99
    endloop
  endfacet
  facet normal -0.995187 0.0979908 0
    outer loop
      vertex 1.49679 -10.8981 28
      vertex 1.48717 -10.9958 24.99
      vertex 1.48717 -10.9958 28
    endloop
  endfacet
  facet normal -0.995187 -0.0979908 0
    outer loop
      vertex 1.49679 -10.7019 24.99
      vertex 1.48717 -10.6042 28
      vertex 1.48717 -10.6042 24.99
    endloop
  endfacet
  facet normal -0.995187 -0.0979908 0
    outer loop
      vertex 1.48717 -10.6042 28
      vertex 1.49679 -10.7019 24.99
      vertex 1.49679 -10.7019 28
    endloop
  endfacet
  facet normal -0.999465 -0.0327042 0
    outer loop
      vertex 1.5 -10.8 24.99
      vertex 1.49679 -10.7019 28
      vertex 1.49679 -10.7019 24.99
    endloop
  endfacet
  facet normal -0.999465 -0.0327042 0
    outer loop
      vertex 1.49679 -10.7019 28
      vertex 1.5 -10.8 24.99
      vertex 1.5 -10.8 28
    endloop
  endfacet
  facet normal -0.98663 -0.162977 0
    outer loop
      vertex 1.48717 -10.6042 24.99
      vertex 1.47118 -10.5074 28
      vertex 1.47118 -10.5074 24.99
    endloop
  endfacet
  facet normal -0.98663 -0.162977 0
    outer loop
      vertex 1.47118 -10.5074 28
      vertex 1.48717 -10.6042 24.99
      vertex 1.48717 -10.6042 28
    endloop
  endfacet
  facet normal 0.773108 0.634274 0
    outer loop
      vertex -1.12776 -11.789 28
      vertex -1.19003 -11.7131 24.99
      vertex -1.19003 -11.7131 28
    endloop
  endfacet
  facet normal 0.773108 0.634274 0
    outer loop
      vertex -1.19003 -11.7131 24.99
      vertex -1.12776 -11.789 28
      vertex -1.12776 -11.789 24.99
    endloop
  endfacet
  facet normal 0.528116 -0.849172 0
    outer loop
      vertex -0.833355 -9.5528 24.99
      vertex -0.75 -9.50096 28
      vertex -0.833355 -9.5528 28
    endloop
  endfacet
  facet normal 0.528116 -0.849172 0
    outer loop
      vertex -0.75 -9.50096 28
      vertex -0.833355 -9.5528 24.99
      vertex -0.75 -9.50096 24.99
    endloop
  endfacet
  facet normal -0.582654 0.81272 0
    outer loop
      vertex 0.913141 -11.99 24.99
      vertex 0.833355 -12.0472 28
      vertex 0.913141 -11.99 28
    endloop
  endfacet
  facet normal -0.582654 0.81272 0
    outer loop
      vertex 0.833355 -12.0472 28
      vertex 0.913141 -11.99 24.99
      vertex 0.833355 -12.0472 24.99
    endloop
  endfacet
  facet normal -0.582452 -0.812865 0
    outer loop
      vertex 0.833355 -9.5528 24.99
      vertex 0.913141 -9.60997 28
      vertex 0.833355 -9.5528 28
    endloop
  endfacet
  facet normal -0.582452 -0.812865 -0
    outer loop
      vertex 0.913141 -9.60997 28
      vertex 0.833355 -9.5528 24.99
      vertex 0.913141 -9.60997 24.99
    endloop
  endfacet
  facet normal -0.935842 -0.352419 0
    outer loop
      vertex 1.42039 -10.3178 24.99
      vertex 1.38582 -10.226 28
      vertex 1.38582 -10.226 24.99
    endloop
  endfacet
  facet normal -0.935842 -0.352419 0
    outer loop
      vertex 1.38582 -10.226 28
      vertex 1.42039 -10.3178 24.99
      vertex 1.42039 -10.3178 28
    endloop
  endfacet
  facet normal -0.973879 -0.227069 0
    outer loop
      vertex 1.47118 -10.5074 24.99
      vertex 1.44889 -10.4118 28
      vertex 1.44889 -10.4118 24.99
    endloop
  endfacet
  facet normal -0.973879 -0.227069 0
    outer loop
      vertex 1.44889 -10.4118 28
      vertex 1.47118 -10.5074 24.99
      vertex 1.47118 -10.5074 28
    endloop
  endfacet
  facet normal -0.910851 -0.412736 0
    outer loop
      vertex 1.38582 -10.226 24.99
      vertex 1.34531 -10.1366 28
      vertex 1.34531 -10.1366 24.99
    endloop
  endfacet
  facet normal -0.910851 -0.412736 0
    outer loop
      vertex 1.34531 -10.1366 28
      vertex 1.38582 -10.226 24.99
      vertex 1.38582 -10.226 28
    endloop
  endfacet
  facet normal 0.0327027 -0.999465 0
    outer loop
      vertex -0.0981045 -9.30321 24.99
      vertex 0 -9.3 28
      vertex -0.0981045 -9.30321 28
    endloop
  endfacet
  facet normal 0.0327027 -0.999465 0
    outer loop
      vertex 0 -9.3 28
      vertex -0.0981045 -9.30321 24.99
      vertex 0 -9.3 24.99
    endloop
  endfacet
  facet normal 0.999465 -0.0327042 0
    outer loop
      vertex -1.5 -10.8 28
      vertex -1.49679 -10.7019 24.99
      vertex -1.49679 -10.7019 28
    endloop
  endfacet
  facet normal 0.999465 -0.0327042 0
    outer loop
      vertex -1.49679 -10.7019 24.99
      vertex -1.5 -10.8 28
      vertex -1.5 -10.8 24.99
    endloop
  endfacet
  facet normal -0.812568 0.582867 0
    outer loop
      vertex 1.19003 -11.7131 24.99
      vertex 1.2472 -11.6334 28
      vertex 1.2472 -11.6334 24.99
    endloop
  endfacet
  facet normal -0.812568 0.582867 0
    outer loop
      vertex 1.2472 -11.6334 28
      vertex 1.19003 -11.7131 24.99
      vertex 1.19003 -11.7131 28
    endloop
  endfacet
  facet normal 0.634389 -0.773014 0
    outer loop
      vertex -0.989018 -9.67224 24.99
      vertex -0.913141 -9.60997 28
      vertex -0.989018 -9.67224 28
    endloop
  endfacet
  facet normal 0.634389 -0.773014 0
    outer loop
      vertex -0.913141 -9.60997 28
      vertex -0.989018 -9.67224 24.99
      vertex -0.913141 -9.60997 24.99
    endloop
  endfacet
  facet normal -0.163 0.986626 0
    outer loop
      vertex 0.292635 -12.2712 24.99
      vertex 0.195788 -12.2872 28
      vertex 0.292635 -12.2712 28
    endloop
  endfacet
  facet normal -0.163 0.986626 0
    outer loop
      vertex 0.195788 -12.2872 28
      vertex 0.292635 -12.2712 24.99
      vertex 0.195788 -12.2872 24.99
    endloop
  endfacet
  facet normal -0.290344 0.956922 0
    outer loop
      vertex 0.482159 -12.2204 24.99
      vertex 0.388228 -12.2489 28
      vertex 0.482159 -12.2204 28
    endloop
  endfacet
  facet normal -0.290344 0.956922 0
    outer loop
      vertex 0.388228 -12.2489 28
      vertex 0.482159 -12.2204 24.99
      vertex 0.388228 -12.2489 24.99
    endloop
  endfacet
  facet normal -0.935842 0.352419 0
    outer loop
      vertex 1.38582 -11.374 24.99
      vertex 1.42039 -11.2822 28
      vertex 1.42039 -11.2822 24.99
    endloop
  endfacet
  facet normal -0.935842 0.352419 0
    outer loop
      vertex 1.42039 -11.2822 28
      vertex 1.38582 -11.374 24.99
      vertex 1.38582 -11.374 28
    endloop
  endfacet
  facet normal -0.683592 -0.729864 0
    outer loop
      vertex 0.989018 -9.67224 24.99
      vertex 1.06066 -9.73934 28
      vertex 0.989018 -9.67224 28
    endloop
  endfacet
  facet normal -0.683592 -0.729864 -0
    outer loop
      vertex 1.06066 -9.73934 28
      vertex 0.989018 -9.67224 24.99
      vertex 1.06066 -9.73934 24.99
    endloop
  endfacet
  facet normal -0.812844 -0.582481 0
    outer loop
      vertex 1.2472 -9.96664 24.99
      vertex 1.19003 -9.88686 28
      vertex 1.19003 -9.88686 24.99
    endloop
  endfacet
  facet normal -0.812844 -0.582481 0
    outer loop
      vertex 1.19003 -9.88686 28
      vertex 1.2472 -9.96664 24.99
      vertex 1.2472 -9.96664 28
    endloop
  endfacet
  facet normal 0.882 0.471249 0
    outer loop
      vertex -1.29904 -11.55 28
      vertex -1.34531 -11.4634 24.99
      vertex -1.34531 -11.4634 28
    endloop
  endfacet
  facet normal 0.882 0.471249 0
    outer loop
      vertex -1.34531 -11.4634 24.99
      vertex -1.29904 -11.55 28
      vertex -1.29904 -11.55 24.99
    endloop
  endfacet
  facet normal -0.527822 0.849355 0
    outer loop
      vertex 0.833355 -12.0472 24.99
      vertex 0.75 -12.099 28
      vertex 0.833355 -12.0472 28
    endloop
  endfacet
  facet normal -0.527822 0.849355 0
    outer loop
      vertex 0.75 -12.099 28
      vertex 0.833355 -12.0472 24.99
      vertex 0.75 -12.099 24.99
    endloop
  endfacet
  facet normal 0.729855 -0.683602 0
    outer loop
      vertex -1.12776 -9.81098 28
      vertex -1.06066 -9.73934 24.99
      vertex -1.06066 -9.73934 28
    endloop
  endfacet
  facet normal 0.729855 -0.683602 0
    outer loop
      vertex -1.06066 -9.73934 24.99
      vertex -1.12776 -9.81098 28
      vertex -1.12776 -9.81098 24.99
    endloop
  endfacet
  facet normal -0.1629 -0.986643 0
    outer loop
      vertex 0.195788 -9.31283 24.99
      vertex 0.292635 -9.32882 28
      vertex 0.195788 -9.31283 28
    endloop
  endfacet
  facet normal -0.1629 -0.986643 -0
    outer loop
      vertex 0.292635 -9.32882 28
      vertex 0.195788 -9.31283 24.99
      vertex 0.292635 -9.32882 24.99
    endloop
  endfacet
  facet normal 0.973879 -0.227069 0
    outer loop
      vertex -1.47118 -10.5074 28
      vertex -1.44889 -10.4118 24.99
      vertex -1.44889 -10.4118 28
    endloop
  endfacet
  facet normal 0.973879 -0.227069 0
    outer loop
      vertex -1.44889 -10.4118 24.99
      vertex -1.47118 -10.5074 28
      vertex -1.47118 -10.5074 24.99
    endloop
  endfacet
  facet normal -0.471622 0.881801 0
    outer loop
      vertex 0.75 -12.099 24.99
      vertex 0.663432 -12.1453 28
      vertex 0.75 -12.099 28
    endloop
  endfacet
  facet normal -0.471622 0.881801 0
    outer loop
      vertex 0.663432 -12.1453 28
      vertex 0.75 -12.099 24.99
      vertex 0.663432 -12.1453 24.99
    endloop
  endfacet
  facet normal -0.528116 -0.849172 0
    outer loop
      vertex 0.75 -9.50096 24.99
      vertex 0.833355 -9.5528 28
      vertex 0.75 -9.50096 28
    endloop
  endfacet
  facet normal -0.528116 -0.849172 -0
    outer loop
      vertex 0.833355 -9.5528 28
      vertex 0.75 -9.50096 24.99
      vertex 0.833355 -9.5528 24.99
    endloop
  endfacet
  facet normal -0.973879 0.227069 0
    outer loop
      vertex 1.44889 -11.1882 24.99
      vertex 1.47118 -11.0926 28
      vertex 1.47118 -11.0926 24.99
    endloop
  endfacet
  facet normal -0.973879 0.227069 0
    outer loop
      vertex 1.47118 -11.0926 28
      vertex 1.44889 -11.1882 24.99
      vertex 1.44889 -11.1882 28
    endloop
  endfacet
  facet normal -0.471384 -0.881928 0
    outer loop
      vertex 0.663432 -9.45469 24.99
      vertex 0.75 -9.50096 28
      vertex 0.663432 -9.45469 28
    endloop
  endfacet
  facet normal -0.471384 -0.881928 -0
    outer loop
      vertex 0.75 -9.50096 28
      vertex 0.663432 -9.45469 24.99
      vertex 0.75 -9.50096 24.99
    endloop
  endfacet
  facet normal -0.773108 0.634274 0
    outer loop
      vertex 1.12776 -11.789 24.99
      vertex 1.19003 -11.7131 28
      vertex 1.19003 -11.7131 24.99
    endloop
  endfacet
  facet normal -0.773108 0.634274 0
    outer loop
      vertex 1.19003 -11.7131 28
      vertex 1.12776 -11.789 24.99
      vertex 1.12776 -11.789 28
    endloop
  endfacet
  facet normal 0.0326009 0.999468 -0
    outer loop
      vertex 0 -12.3 24.99
      vertex -0.0981045 -12.2968 28
      vertex 0 -12.3 28
    endloop
  endfacet
  facet normal 0.0326009 0.999468 0
    outer loop
      vertex -0.0981045 -12.2968 28
      vertex 0 -12.3 24.99
      vertex -0.0981045 -12.2968 24.99
    endloop
  endfacet
  facet normal 0.582452 -0.812865 0
    outer loop
      vertex -0.913141 -9.60997 24.99
      vertex -0.833355 -9.5528 28
      vertex -0.913141 -9.60997 28
    endloop
  endfacet
  facet normal 0.582452 -0.812865 0
    outer loop
      vertex -0.833355 -9.5528 28
      vertex -0.913141 -9.60997 24.99
      vertex -0.833355 -9.5528 24.99
    endloop
  endfacet
  facet normal -0.412705 -0.910865 0
    outer loop
      vertex 0.574024 -9.41418 24.99
      vertex 0.663432 -9.45469 28
      vertex 0.574024 -9.41418 28
    endloop
  endfacet
  facet normal -0.412705 -0.910865 -0
    outer loop
      vertex 0.663432 -9.45469 28
      vertex 0.574024 -9.41418 24.99
      vertex 0.663432 -9.45469 24.99
    endloop
  endfacet
  facet normal -0.227181 0.973853 0
    outer loop
      vertex 0.388228 -12.2489 24.99
      vertex 0.292635 -12.2712 28
      vertex 0.388228 -12.2489 28
    endloop
  endfacet
  facet normal -0.227181 0.973853 0
    outer loop
      vertex 0.292635 -12.2712 28
      vertex 0.388228 -12.2489 24.99
      vertex 0.292635 -12.2712 24.99
    endloop
  endfacet
  facet normal 0.471384 -0.881928 0
    outer loop
      vertex -0.75 -9.50096 24.99
      vertex -0.663432 -9.45469 28
      vertex -0.75 -9.50096 28
    endloop
  endfacet
  facet normal 0.471384 -0.881928 0
    outer loop
      vertex -0.663432 -9.45469 28
      vertex -0.75 -9.50096 24.99
      vertex -0.663432 -9.45469 24.99
    endloop
  endfacet
  facet normal 0.471622 0.881801 -0
    outer loop
      vertex -0.663432 -12.1453 24.99
      vertex -0.75 -12.099 28
      vertex -0.663432 -12.1453 28
    endloop
  endfacet
  facet normal 0.471622 0.881801 0
    outer loop
      vertex -0.75 -12.099 28
      vertex -0.663432 -12.1453 24.99
      vertex -0.75 -12.099 24.99
    endloop
  endfacet
  facet normal -0.634389 -0.773014 0
    outer loop
      vertex 0.913141 -9.60997 24.99
      vertex 0.989018 -9.67224 28
      vertex 0.913141 -9.60997 28
    endloop
  endfacet
  facet normal -0.634389 -0.773014 -0
    outer loop
      vertex 0.989018 -9.67224 28
      vertex 0.913141 -9.60997 24.99
      vertex 0.989018 -9.67224 24.99
    endloop
  endfacet
  facet normal -0.849187 -0.528093 0
    outer loop
      vertex 1.29904 -10.05 24.99
      vertex 1.2472 -9.96664 28
      vertex 1.2472 -9.96664 24.99
    endloop
  endfacet
  facet normal -0.849187 -0.528093 0
    outer loop
      vertex 1.2472 -9.96664 28
      vertex 1.29904 -10.05 24.99
      vertex 1.29904 -10.05 28
    endloop
  endfacet
  facet normal -0.0978054 0.995206 0
    outer loop
      vertex 0.195788 -12.2872 24.99
      vertex 0.0981045 -12.2968 28
      vertex 0.195788 -12.2872 28
    endloop
  endfacet
  facet normal -0.0978054 0.995206 0
    outer loop
      vertex 0.0981045 -12.2968 28
      vertex 0.195788 -12.2872 24.99
      vertex 0.0981045 -12.2968 24.99
    endloop
  endfacet
  facet normal 0.812844 -0.582481 0
    outer loop
      vertex -1.2472 -9.96664 28
      vertex -1.19003 -9.88686 24.99
      vertex -1.19003 -9.88686 28
    endloop
  endfacet
  facet normal 0.812844 -0.582481 0
    outer loop
      vertex -1.19003 -9.88686 24.99
      vertex -1.2472 -9.96664 28
      vertex -1.2472 -9.96664 24.99
    endloop
  endfacet
  facet normal 0.0980072 -0.995186 0
    outer loop
      vertex -0.195788 -9.31283 24.99
      vertex -0.0981045 -9.30321 28
      vertex -0.195788 -9.31283 28
    endloop
  endfacet
  facet normal 0.0980072 -0.995186 0
    outer loop
      vertex -0.0981045 -9.30321 28
      vertex -0.195788 -9.31283 24.99
      vertex -0.0981045 -9.30321 24.99
    endloop
  endfacet
  facet normal 0.773026 -0.634374 0
    outer loop
      vertex -1.19003 -9.88686 28
      vertex -1.12776 -9.81098 24.99
      vertex -1.12776 -9.81098 28
    endloop
  endfacet
  facet normal 0.773026 -0.634374 0
    outer loop
      vertex -1.12776 -9.81098 24.99
      vertex -1.19003 -9.88686 28
      vertex -1.19003 -9.88686 24.99
    endloop
  endfacet
  facet normal 0.999465 0.0327042 0
    outer loop
      vertex -1.49679 -10.8981 28
      vertex -1.5 -10.8 24.99
      vertex -1.5 -10.8 28
    endloop
  endfacet
  facet normal 0.999465 0.0327042 0
    outer loop
      vertex -1.5 -10.8 24.99
      vertex -1.49679 -10.8981 28
      vertex -1.49679 -10.8981 24.99
    endloop
  endfacet
  facet normal 0.412705 -0.910865 0
    outer loop
      vertex -0.663432 -9.45469 24.99
      vertex -0.574024 -9.41418 28
      vertex -0.663432 -9.45469 28
    endloop
  endfacet
  facet normal 0.412705 -0.910865 0
    outer loop
      vertex -0.574024 -9.41418 28
      vertex -0.663432 -9.45469 24.99
      vertex -0.574024 -9.41418 24.99
    endloop
  endfacet
  facet normal -0.35229 -0.935891 0
    outer loop
      vertex 0.482159 -9.3796 24.99
      vertex 0.574024 -9.41418 28
      vertex 0.482159 -9.3796 28
    endloop
  endfacet
  facet normal -0.35229 -0.935891 -0
    outer loop
      vertex 0.574024 -9.41418 28
      vertex 0.482159 -9.3796 24.99
      vertex 0.574024 -9.41418 24.99
    endloop
  endfacet
  facet normal -0.633963 0.773363 0
    outer loop
      vertex 0.989018 -11.9278 24.99
      vertex 0.913141 -11.99 28
      vertex 0.989018 -11.9278 28
    endloop
  endfacet
  facet normal -0.633963 0.773363 0
    outer loop
      vertex 0.913141 -11.99 28
      vertex 0.989018 -11.9278 24.99
      vertex 0.913141 -11.99 24.99
    endloop
  endfacet
  facet normal -0.999465 0.0327042 0
    outer loop
      vertex 1.49679 -10.8981 24.99
      vertex 1.5 -10.8 28
      vertex 1.5 -10.8 24.99
    endloop
  endfacet
  facet normal -0.999465 0.0327042 0
    outer loop
      vertex 1.5 -10.8 28
      vertex 1.49679 -10.8981 24.99
      vertex 1.49679 -10.8981 28
    endloop
  endfacet
  facet normal -0.683592 0.729864 0
    outer loop
      vertex 1.06066 -11.8607 24.99
      vertex 0.989018 -11.9278 28
      vertex 1.06066 -11.8607 28
    endloop
  endfacet
  facet normal -0.683592 0.729864 0
    outer loop
      vertex 0.989018 -11.9278 28
      vertex 1.06066 -11.8607 24.99
      vertex 0.989018 -11.9278 24.99
    endloop
  endfacet
  facet normal 0.910851 -0.412736 0
    outer loop
      vertex -1.38582 -10.226 28
      vertex -1.34531 -10.1366 24.99
      vertex -1.34531 -10.1366 28
    endloop
  endfacet
  facet normal 0.910851 -0.412736 0
    outer loop
      vertex -1.34531 -10.1366 24.99
      vertex -1.38582 -10.226 28
      vertex -1.38582 -10.226 24.99
    endloop
  endfacet
  facet normal -0.8493 0.52791 0
    outer loop
      vertex 1.2472 -11.6334 24.99
      vertex 1.29904 -11.55 28
      vertex 1.29904 -11.55 24.99
    endloop
  endfacet
  facet normal -0.8493 0.52791 0
    outer loop
      vertex 1.29904 -11.55 28
      vertex 1.2472 -11.6334 24.99
      vertex 1.2472 -11.6334 28
    endloop
  endfacet
  facet normal -0.882 -0.471249 0
    outer loop
      vertex 1.34531 -10.1366 24.99
      vertex 1.29904 -10.05 28
      vertex 1.29904 -10.05 24.99
    endloop
  endfacet
  facet normal -0.882 -0.471249 0
    outer loop
      vertex 1.29904 -10.05 28
      vertex 1.34531 -10.1366 24.99
      vertex 1.34531 -10.1366 28
    endloop
  endfacet
  facet normal 0.910851 0.412736 0
    outer loop
      vertex -1.34531 -11.4634 28
      vertex -1.38582 -11.374 24.99
      vertex -1.38582 -11.374 28
    endloop
  endfacet
  facet normal 0.910851 0.412736 0
    outer loop
      vertex -1.38582 -11.374 24.99
      vertex -1.34531 -11.4634 28
      vertex -1.34531 -11.4634 24.99
    endloop
  endfacet
  facet normal -0.956982 -0.290149 0
    outer loop
      vertex 1.44889 -10.4118 24.99
      vertex 1.42039 -10.3178 28
      vertex 1.42039 -10.3178 24.99
    endloop
  endfacet
  facet normal -0.956982 -0.290149 0
    outer loop
      vertex 1.42039 -10.3178 28
      vertex 1.44889 -10.4118 24.99
      vertex 1.44889 -10.4118 28
    endloop
  endfacet
  facet normal -0.98663 0.162977 0
    outer loop
      vertex 1.47118 -11.0926 24.99
      vertex 1.48717 -10.9958 28
      vertex 1.48717 -10.9958 24.99
    endloop
  endfacet
  facet normal -0.98663 0.162977 0
    outer loop
      vertex 1.48717 -10.9958 28
      vertex 1.47118 -11.0926 24.99
      vertex 1.47118 -11.0926 28
    endloop
  endfacet
  facet normal 0.995187 -0.0979908 0
    outer loop
      vertex -1.49679 -10.7019 28
      vertex -1.48717 -10.6042 24.99
      vertex -1.48717 -10.6042 28
    endloop
  endfacet
  facet normal 0.995187 -0.0979908 0
    outer loop
      vertex -1.48717 -10.6042 24.99
      vertex -1.49679 -10.7019 28
      vertex -1.49679 -10.7019 24.99
    endloop
  endfacet
  facet normal 0.812568 0.582867 0
    outer loop
      vertex -1.19003 -11.7131 28
      vertex -1.2472 -11.6334 24.99
      vertex -1.2472 -11.6334 28
    endloop
  endfacet
  facet normal 0.812568 0.582867 0
    outer loop
      vertex -1.2472 -11.6334 24.99
      vertex -1.19003 -11.7131 28
      vertex -1.19003 -11.7131 24.99
    endloop
  endfacet
  facet normal 0.35229 -0.935891 0
    outer loop
      vertex -0.574024 -9.41418 24.99
      vertex -0.482159 -9.3796 28
      vertex -0.574024 -9.41418 28
    endloop
  endfacet
  facet normal 0.35229 -0.935891 0
    outer loop
      vertex -0.482159 -9.3796 28
      vertex -0.574024 -9.41418 24.99
      vertex -0.482159 -9.3796 24.99
    endloop
  endfacet
  facet normal -0.773026 -0.634374 0
    outer loop
      vertex 1.19003 -9.88686 24.99
      vertex 1.12776 -9.81098 28
      vertex 1.12776 -9.81098 24.99
    endloop
  endfacet
  facet normal -0.773026 -0.634374 0
    outer loop
      vertex 1.12776 -9.81098 28
      vertex 1.19003 -9.88686 24.99
      vertex 1.19003 -9.88686 28
    endloop
  endfacet
  facet normal 0.290344 0.956922 -0
    outer loop
      vertex -0.388228 -12.2489 24.99
      vertex -0.482159 -12.2204 28
      vertex -0.388228 -12.2489 28
    endloop
  endfacet
  facet normal 0.290344 0.956922 0
    outer loop
      vertex -0.482159 -12.2204 28
      vertex -0.388228 -12.2489 24.99
      vertex -0.482159 -12.2204 24.99
    endloop
  endfacet
  facet normal -0.41262 0.910903 0
    outer loop
      vertex 0.663432 -12.1453 24.99
      vertex 0.574024 -12.1858 28
      vertex 0.663432 -12.1453 28
    endloop
  endfacet
  facet normal -0.41262 0.910903 0
    outer loop
      vertex 0.574024 -12.1858 28
      vertex 0.663432 -12.1453 24.99
      vertex 0.574024 -12.1858 24.99
    endloop
  endfacet
  facet normal 0.98663 -0.162977 0
    outer loop
      vertex -1.48717 -10.6042 28
      vertex -1.47118 -10.5074 24.99
      vertex -1.47118 -10.5074 28
    endloop
  endfacet
  facet normal 0.98663 -0.162977 0
    outer loop
      vertex -1.47118 -10.5074 24.99
      vertex -1.48717 -10.6042 28
      vertex -1.48717 -10.6042 24.99
    endloop
  endfacet
  facet normal 0.973879 0.227069 0
    outer loop
      vertex -1.44889 -11.1882 28
      vertex -1.47118 -11.0926 24.99
      vertex -1.47118 -11.0926 28
    endloop
  endfacet
  facet normal 0.973879 0.227069 0
    outer loop
      vertex -1.47118 -11.0926 24.99
      vertex -1.44889 -11.1882 28
      vertex -1.44889 -11.1882 24.99
    endloop
  endfacet
  facet normal -0.729855 -0.683602 0
    outer loop
      vertex 1.12776 -9.81098 24.99
      vertex 1.06066 -9.73934 28
      vertex 1.06066 -9.73934 24.99
    endloop
  endfacet
  facet normal -0.729855 -0.683602 0
    outer loop
      vertex 1.06066 -9.73934 28
      vertex 1.12776 -9.81098 24.99
      vertex 1.12776 -9.81098 28
    endloop
  endfacet
  facet normal 0.956982 0.290149 0
    outer loop
      vertex -1.42039 -11.2822 28
      vertex -1.44889 -11.1882 24.99
      vertex -1.44889 -11.1882 28
    endloop
  endfacet
  facet normal 0.956982 0.290149 0
    outer loop
      vertex -1.44889 -11.1882 24.99
      vertex -1.42039 -11.2822 28
      vertex -1.42039 -11.2822 24.99
    endloop
  endfacet
  facet normal -0.0980072 -0.995186 0
    outer loop
      vertex 0.0981045 -9.30321 24.99
      vertex 0.195788 -9.31283 28
      vertex 0.0981045 -9.30321 28
    endloop
  endfacet
  facet normal -0.0980072 -0.995186 -0
    outer loop
      vertex 0.195788 -9.31283 28
      vertex 0.0981045 -9.30321 24.99
      vertex 0.195788 -9.31283 24.99
    endloop
  endfacet
  facet normal -0.882 0.471249 0
    outer loop
      vertex 1.29904 -11.55 24.99
      vertex 1.34531 -11.4634 28
      vertex 1.34531 -11.4634 24.99
    endloop
  endfacet
  facet normal -0.882 0.471249 0
    outer loop
      vertex 1.34531 -11.4634 28
      vertex 1.29904 -11.55 24.99
      vertex 1.29904 -11.55 28
    endloop
  endfacet
  facet normal 0 0 1
    outer loop
      vertex 1.49679 -10.7019 24.99
      vertex 1.49679 -10.8981 24.99
      vertex 1.5 -10.8 24.99
    endloop
  endfacet
  facet normal 0 0 1
    outer loop
      vertex 1.48717 -10.6042 24.99
      vertex 1.49679 -10.8981 24.99
      vertex 1.49679 -10.7019 24.99
    endloop
  endfacet
  facet normal 0 0 1
    outer loop
      vertex 1.48717 -10.6042 24.99
      vertex 1.48717 -10.9958 24.99
      vertex 1.49679 -10.8981 24.99
    endloop
  endfacet
  facet normal 0 0 1
    outer loop
      vertex 1.47118 -10.5074 24.99
      vertex 1.48717 -10.9958 24.99
      vertex 1.48717 -10.6042 24.99
    endloop
  endfacet
  facet normal 0 0 1
    outer loop
      vertex 1.47118 -10.5074 24.99
      vertex 1.47118 -11.0926 24.99
      vertex 1.48717 -10.9958 24.99
    endloop
  endfacet
  facet normal 0 0 1
    outer loop
      vertex 1.44889 -10.4118 24.99
      vertex 1.47118 -11.0926 24.99
      vertex 1.47118 -10.5074 24.99
    endloop
  endfacet
  facet normal 0 0 1
    outer loop
      vertex 1.44889 -10.4118 24.99
      vertex 1.44889 -11.1882 24.99
      vertex 1.47118 -11.0926 24.99
    endloop
  endfacet
  facet normal 0 0 1
    outer loop
      vertex 1.42039 -10.3178 24.99
      vertex 1.44889 -11.1882 24.99
      vertex 1.44889 -10.4118 24.99
    endloop
  endfacet
  facet normal 0 0 1
    outer loop
      vertex 1.42039 -10.3178 24.99
      vertex 1.42039 -11.2822 24.99
      vertex 1.44889 -11.1882 24.99
    endloop
  endfacet
  facet normal 0 0 1
    outer loop
      vertex 1.38582 -10.226 24.99
      vertex 1.42039 -11.2822 24.99
      vertex 1.42039 -10.3178 24.99
    endloop
  endfacet
  facet normal 0 0 1
    outer loop
      vertex 1.38582 -10.226 24.99
      vertex 1.38582 -11.374 24.99
      vertex 1.42039 -11.2822 24.99
    endloop
  endfacet
  facet normal 0 0 1
    outer loop
      vertex 1.34531 -10.1366 24.99
      vertex 1.38582 -11.374 24.99
      vertex 1.38582 -10.226 24.99
    endloop
  endfacet
  facet normal 0 0 1
    outer loop
      vertex 1.34531 -10.1366 24.99
      vertex 1.34531 -11.4634 24.99
      vertex 1.38582 -11.374 24.99
    endloop
  endfacet
  facet normal 0 0 1
    outer loop
      vertex 1.29904 -10.05 24.99
      vertex 1.34531 -11.4634 24.99
      vertex 1.34531 -10.1366 24.99
    endloop
  endfacet
  facet normal 0 0 1
    outer loop
      vertex 1.29904 -10.05 24.99
      vertex 1.29904 -11.55 24.99
      vertex 1.34531 -11.4634 24.99
    endloop
  endfacet
  facet normal 0 0 1
    outer loop
      vertex 1.2472 -9.96664 24.99
      vertex 1.29904 -11.55 24.99
      vertex 1.29904 -10.05 24.99
    endloop
  endfacet
  facet normal 0 0 1
    outer loop
      vertex 1.2472 -9.96664 24.99
      vertex 1.2472 -11.6334 24.99
      vertex 1.29904 -11.55 24.99
    endloop
  endfacet
  facet normal 0 0 1
    outer loop
      vertex 1.19003 -9.88686 24.99
      vertex 1.2472 -11.6334 24.99
      vertex 1.2472 -9.96664 24.99
    endloop
  endfacet
  facet normal 0 0 1
    outer loop
      vertex 1.19003 -9.88686 24.99
      vertex 1.19003 -11.7131 24.99
      vertex 1.2472 -11.6334 24.99
    endloop
  endfacet
  facet normal 0 0 1
    outer loop
      vertex 1.12776 -9.81098 24.99
      vertex 1.19003 -11.7131 24.99
      vertex 1.19003 -9.88686 24.99
    endloop
  endfacet
  facet normal 0 0 1
    outer loop
      vertex 1.12776 -9.81098 24.99
      vertex 1.12776 -11.789 24.99
      vertex 1.19003 -11.7131 24.99
    endloop
  endfacet
  facet normal 0 0 1
    outer loop
      vertex 1.06066 -9.73934 24.99
      vertex 1.12776 -11.789 24.99
      vertex 1.12776 -9.81098 24.99
    endloop
  endfacet
  facet normal 0 0 1
    outer loop
      vertex 1.06066 -9.73934 24.99
      vertex 1.06066 -11.8607 24.99
      vertex 1.12776 -11.789 24.99
    endloop
  endfacet
  facet normal 0 0 1
    outer loop
      vertex 0.989018 -9.67224 24.99
      vertex 1.06066 -11.8607 24.99
      vertex 1.06066 -9.73934 24.99
    endloop
  endfacet
  facet normal 0 0 1
    outer loop
      vertex 0.989018 -9.67224 24.99
      vertex 0.989018 -11.9278 24.99
      vertex 1.06066 -11.8607 24.99
    endloop
  endfacet
  facet normal 0 0 1
    outer loop
      vertex 0.913141 -9.60997 24.99
      vertex 0.989018 -11.9278 24.99
      vertex 0.989018 -9.67224 24.99
    endloop
  endfacet
  facet normal 0 0 1
    outer loop
      vertex 0.913141 -9.60997 24.99
      vertex 0.913141 -11.99 24.99
      vertex 0.989018 -11.9278 24.99
    endloop
  endfacet
  facet normal 0 0 1
    outer loop
      vertex 0.833355 -9.5528 24.99
      vertex 0.913141 -11.99 24.99
      vertex 0.913141 -9.60997 24.99
    endloop
  endfacet
  facet normal 0 0 1
    outer loop
      vertex 0.833355 -9.5528 24.99
      vertex 0.833355 -12.0472 24.99
      vertex 0.913141 -11.99 24.99
    endloop
  endfacet
  facet normal 0 0 1
    outer loop
      vertex 0.75 -9.50096 24.99
      vertex 0.833355 -12.0472 24.99
      vertex 0.833355 -9.5528 24.99
    endloop
  endfacet
  facet normal 0 0 1
    outer loop
      vertex 0.75 -9.50096 24.99
      vertex 0.75 -12.099 24.99
      vertex 0.833355 -12.0472 24.99
    endloop
  endfacet
  facet normal 0 0 1
    outer loop
      vertex 0.663432 -9.45469 24.99
      vertex 0.75 -12.099 24.99
      vertex 0.75 -9.50096 24.99
    endloop
  endfacet
  facet normal 0 0 1
    outer loop
      vertex 0.663432 -9.45469 24.99
      vertex 0.663432 -12.1453 24.99
      vertex 0.75 -12.099 24.99
    endloop
  endfacet
  facet normal 0 0 1
    outer loop
      vertex 0.574024 -9.41418 24.99
      vertex 0.663432 -12.1453 24.99
      vertex 0.663432 -9.45469 24.99
    endloop
  endfacet
  facet normal 0 0 1
    outer loop
      vertex 0.574024 -9.41418 24.99
      vertex 0.574024 -12.1858 24.99
      vertex 0.663432 -12.1453 24.99
    endloop
  endfacet
  facet normal 0 0 1
    outer loop
      vertex 0.482159 -9.3796 24.99
      vertex 0.574024 -12.1858 24.99
      vertex 0.574024 -9.41418 24.99
    endloop
  endfacet
  facet normal 0 0 1
    outer loop
      vertex 0.482159 -9.3796 24.99
      vertex 0.482159 -12.2204 24.99
      vertex 0.574024 -12.1858 24.99
    endloop
  endfacet
  facet normal 0 0 1
    outer loop
      vertex 0.388228 -9.35111 24.99
      vertex 0.482159 -12.2204 24.99
      vertex 0.482159 -9.3796 24.99
    endloop
  endfacet
  facet normal 0 0 1
    outer loop
      vertex 0.388228 -9.35111 24.99
      vertex 0.388228 -12.2489 24.99
      vertex 0.482159 -12.2204 24.99
    endloop
  endfacet
  facet normal 0 0 1
    outer loop
      vertex 0.292635 -9.32882 24.99
      vertex 0.388228 -12.2489 24.99
      vertex 0.388228 -9.35111 24.99
    endloop
  endfacet
  facet normal 0 0 1
    outer loop
      vertex 0.292635 -9.32882 24.99
      vertex 0.292635 -12.2712 24.99
      vertex 0.388228 -12.2489 24.99
    endloop
  endfacet
  facet normal 0 0 1
    outer loop
      vertex 0.195788 -9.31283 24.99
      vertex 0.292635 -12.2712 24.99
      vertex 0.292635 -9.32882 24.99
    endloop
  endfacet
  facet normal 0 0 1
    outer loop
      vertex 0.195788 -9.31283 24.99
      vertex 0.195788 -12.2872 24.99
      vertex 0.292635 -12.2712 24.99
    endloop
  endfacet
  facet normal 0 0 1
    outer loop
      vertex 0.0981045 -9.30321 24.99
      vertex 0.195788 -12.2872 24.99
      vertex 0.195788 -9.31283 24.99
    endloop
  endfacet
  facet normal 0 0 1
    outer loop
      vertex 0.0981045 -9.30321 24.99
      vertex 0.0981045 -12.2968 24.99
      vertex 0.195788 -12.2872 24.99
    endloop
  endfacet
  facet normal 0 0 1
    outer loop
      vertex 0 -9.3 24.99
      vertex 0.0981045 -12.2968 24.99
      vertex 0.0981045 -9.30321 24.99
    endloop
  endfacet
  facet normal 0 0 1
    outer loop
      vertex 0 -9.3 24.99
      vertex 0 -12.3 24.99
      vertex 0.0981045 -12.2968 24.99
    endloop
  endfacet
  facet normal -0 0 1
    outer loop
      vertex -0.0981045 -9.30321 24.99
      vertex 0 -12.3 24.99
      vertex 0 -9.3 24.99
    endloop
  endfacet
  facet normal 0 0 1
    outer loop
      vertex -0.0981045 -9.30321 24.99
      vertex -0.0981045 -12.2968 24.99
      vertex 0 -12.3 24.99
    endloop
  endfacet
  facet normal -0 0 1
    outer loop
      vertex -0.195788 -9.31283 24.99
      vertex -0.0981045 -12.2968 24.99
      vertex -0.0981045 -9.30321 24.99
    endloop
  endfacet
  facet normal 0 0 1
    outer loop
      vertex -0.195788 -9.31283 24.99
      vertex -0.195788 -12.2872 24.99
      vertex -0.0981045 -12.2968 24.99
    endloop
  endfacet
  facet normal -0 0 1
    outer loop
      vertex -0.292635 -9.32882 24.99
      vertex -0.195788 -12.2872 24.99
      vertex -0.195788 -9.31283 24.99
    endloop
  endfacet
  facet normal 0 0 1
    outer loop
      vertex -0.292635 -9.32882 24.99
      vertex -0.292635 -12.2712 24.99
      vertex -0.195788 -12.2872 24.99
    endloop
  endfacet
  facet normal -0 0 1
    outer loop
      vertex -0.388228 -9.35111 24.99
      vertex -0.292635 -12.2712 24.99
      vertex -0.292635 -9.32882 24.99
    endloop
  endfacet
  facet normal 0 0 1
    outer loop
      vertex -0.388228 -9.35111 24.99
      vertex -0.388228 -12.2489 24.99
      vertex -0.292635 -12.2712 24.99
    endloop
  endfacet
  facet normal -0 0 1
    outer loop
      vertex -0.482159 -9.3796 24.99
      vertex -0.388228 -12.2489 24.99
      vertex -0.388228 -9.35111 24.99
    endloop
  endfacet
  facet normal 0 0 1
    outer loop
      vertex -0.482159 -9.3796 24.99
      vertex -0.482159 -12.2204 24.99
      vertex -0.388228 -12.2489 24.99
    endloop
  endfacet
  facet normal -0 0 1
    outer loop
      vertex -0.574024 -9.41418 24.99
      vertex -0.482159 -12.2204 24.99
      vertex -0.482159 -9.3796 24.99
    endloop
  endfacet
  facet normal 0 0 1
    outer loop
      vertex -0.574024 -9.41418 24.99
      vertex -0.574024 -12.1858 24.99
      vertex -0.482159 -12.2204 24.99
    endloop
  endfacet
  facet normal -0 0 1
    outer loop
      vertex -0.663432 -9.45469 24.99
      vertex -0.574024 -12.1858 24.99
      vertex -0.574024 -9.41418 24.99
    endloop
  endfacet
  facet normal 0 0 1
    outer loop
      vertex -0.663432 -9.45469 24.99
      vertex -0.663432 -12.1453 24.99
      vertex -0.574024 -12.1858 24.99
    endloop
  endfacet
  facet normal -0 0 1
    outer loop
      vertex -0.75 -9.50096 24.99
      vertex -0.663432 -12.1453 24.99
      vertex -0.663432 -9.45469 24.99
    endloop
  endfacet
  facet normal 0 0 1
    outer loop
      vertex -0.75 -9.50096 24.99
      vertex -0.75 -12.099 24.99
      vertex -0.663432 -12.1453 24.99
    endloop
  endfacet
  facet normal -0 0 1
    outer loop
      vertex -0.833355 -9.5528 24.99
      vertex -0.75 -12.099 24.99
      vertex -0.75 -9.50096 24.99
    endloop
  endfacet
  facet normal 0 0 1
    outer loop
      vertex -0.833355 -9.5528 24.99
      vertex -0.833355 -12.0472 24.99
      vertex -0.75 -12.099 24.99
    endloop
  endfacet
  facet normal -0 0 1
    outer loop
      vertex -0.913141 -9.60997 24.99
      vertex -0.833355 -12.0472 24.99
      vertex -0.833355 -9.5528 24.99
    endloop
  endfacet
  facet normal 0 0 1
    outer loop
      vertex -0.913141 -9.60997 24.99
      vertex -0.913141 -11.99 24.99
      vertex -0.833355 -12.0472 24.99
    endloop
  endfacet
  facet normal -0 0 1
    outer loop
      vertex -0.989018 -9.67224 24.99
      vertex -0.913141 -11.99 24.99
      vertex -0.913141 -9.60997 24.99
    endloop
  endfacet
  facet normal 0 0 1
    outer loop
      vertex -0.989018 -9.67224 24.99
      vertex -0.989018 -11.9278 24.99
      vertex -0.913141 -11.99 24.99
    endloop
  endfacet
  facet normal -0 0 1
    outer loop
      vertex -1.06066 -9.73934 24.99
      vertex -0.989018 -11.9278 24.99
      vertex -0.989018 -9.67224 24.99
    endloop
  endfacet
  facet normal 0 0 1
    outer loop
      vertex -1.06066 -9.73934 24.99
      vertex -1.06066 -11.8607 24.99
      vertex -0.989018 -11.9278 24.99
    endloop
  endfacet
  facet normal -0 0 1
    outer loop
      vertex -1.12776 -9.81098 24.99
      vertex -1.06066 -11.8607 24.99
      vertex -1.06066 -9.73934 24.99
    endloop
  endfacet
  facet normal 0 0 1
    outer loop
      vertex -1.12776 -9.81098 24.99
      vertex -1.12776 -11.789 24.99
      vertex -1.06066 -11.8607 24.99
    endloop
  endfacet
  facet normal -0 0 1
    outer loop
      vertex -1.19003 -9.88686 24.99
      vertex -1.12776 -11.789 24.99
      vertex -1.12776 -9.81098 24.99
    endloop
  endfacet
  facet normal 0 0 1
    outer loop
      vertex -1.19003 -9.88686 24.99
      vertex -1.19003 -11.7131 24.99
      vertex -1.12776 -11.789 24.99
    endloop
  endfacet
  facet normal -0 0 1
    outer loop
      vertex -1.2472 -9.96664 24.99
      vertex -1.19003 -11.7131 24.99
      vertex -1.19003 -9.88686 24.99
    endloop
  endfacet
  facet normal 0 0 1
    outer loop
      vertex -1.2472 -9.96664 24.99
      vertex -1.2472 -11.6334 24.99
      vertex -1.19003 -11.7131 24.99
    endloop
  endfacet
  facet normal -0 0 1
    outer loop
      vertex -1.29904 -10.05 24.99
      vertex -1.2472 -11.6334 24.99
      vertex -1.2472 -9.96664 24.99
    endloop
  endfacet
  facet normal 0 0 1
    outer loop
      vertex -1.29904 -10.05 24.99
      vertex -1.29904 -11.55 24.99
      vertex -1.2472 -11.6334 24.99
    endloop
  endfacet
  facet normal -0 0 1
    outer loop
      vertex -1.34531 -10.1366 24.99
      vertex -1.29904 -11.55 24.99
      vertex -1.29904 -10.05 24.99
    endloop
  endfacet
  facet normal 0 0 1
    outer loop
      vertex -1.34531 -10.1366 24.99
      vertex -1.34531 -11.4634 24.99
      vertex -1.29904 -11.55 24.99
    endloop
  endfacet
  facet normal -0 0 1
    outer loop
      vertex -1.38582 -10.226 24.99
      vertex -1.34531 -11.4634 24.99
      vertex -1.34531 -10.1366 24.99
    endloop
  endfacet
  facet normal 0 0 1
    outer loop
      vertex -1.38582 -10.226 24.99
      vertex -1.38582 -11.374 24.99
      vertex -1.34531 -11.4634 24.99
    endloop
  endfacet
  facet normal -0 0 1
    outer loop
      vertex -1.42039 -10.3178 24.99
      vertex -1.38582 -11.374 24.99
      vertex -1.38582 -10.226 24.99
    endloop
  endfacet
  facet normal 0 0 1
    outer loop
      vertex -1.42039 -10.3178 24.99
      vertex -1.42039 -11.2822 24.99
      vertex -1.38582 -11.374 24.99
    endloop
  endfacet
  facet normal -0 0 1
    outer loop
      vertex -1.44889 -10.4118 24.99
      vertex -1.42039 -11.2822 24.99
      vertex -1.42039 -10.3178 24.99
    endloop
  endfacet
  facet normal 0 0 1
    outer loop
      vertex -1.44889 -10.4118 24.99
      vertex -1.44889 -11.1882 24.99
      vertex -1.42039 -11.2822 24.99
    endloop
  endfacet
  facet normal -0 0 1
    outer loop
      vertex -1.47118 -10.5074 24.99
      vertex -1.44889 -11.1882 24.99
      vertex -1.44889 -10.4118 24.99
    endloop
  endfacet
  facet normal 0 0 1
    outer loop
      vertex -1.47118 -10.5074 24.99
      vertex -1.47118 -11.0926 24.99
      vertex -1.44889 -11.1882 24.99
    endloop
  endfacet
  facet normal -0 0 1
    outer loop
      vertex -1.48717 -10.6042 24.99
      vertex -1.47118 -11.0926 24.99
      vertex -1.47118 -10.5074 24.99
    endloop
  endfacet
  facet normal 0 0 1
    outer loop
      vertex -1.48717 -10.6042 24.99
      vertex -1.48717 -10.9958 24.99
      vertex -1.47118 -11.0926 24.99
    endloop
  endfacet
  facet normal -0 0 1
    outer loop
      vertex -1.49679 -10.7019 24.99
      vertex -1.48717 -10.9958 24.99
      vertex -1.48717 -10.6042 24.99
    endloop
  endfacet
  facet normal 0 0 1
    outer loop
      vertex -1.49679 -10.7019 24.99
      vertex -1.49679 -10.8981 24.99
      vertex -1.48717 -10.9958 24.99
    endloop
  endfacet
  facet normal 0 -0 1
    outer loop
      vertex -1.49679 -10.8981 24.99
      vertex -1.49679 -10.7019 24.99
      vertex -1.5 -10.8 24.99
    endloop
  endfacet
  facet normal 0.527822 0.849355 -0
    outer loop
      vertex -0.75 -12.099 24.99
      vertex -0.833355 -12.0472 28
      vertex -0.75 -12.099 28
    endloop
  endfacet
  facet normal 0.527822 0.849355 0
    outer loop
      vertex -0.833355 -12.0472 28
      vertex -0.75 -12.099 24.99
      vertex -0.833355 -12.0472 24.99
    endloop
  endfacet
  facet normal -0.956982 0.290149 0
    outer loop
      vertex 1.42039 -11.2822 24.99
      vertex 1.44889 -11.1882 28
      vertex 1.44889 -11.1882 24.99
    endloop
  endfacet
  facet normal -0.956982 0.290149 0
    outer loop
      vertex 1.44889 -11.1882 28
      vertex 1.42039 -11.2822 24.99
      vertex 1.42039 -11.2822 28
    endloop
  endfacet
  facet normal 0.935842 0.352419 0
    outer loop
      vertex -1.38582 -11.374 28
      vertex -1.42039 -11.2822 24.99
      vertex -1.42039 -11.2822 28
    endloop
  endfacet
  facet normal 0.935842 0.352419 0
    outer loop
      vertex -1.42039 -11.2822 24.99
      vertex -1.38582 -11.374 28
      vertex -1.38582 -11.374 24.99
    endloop
  endfacet
  facet normal 0.227181 0.973853 -0
    outer loop
      vertex -0.292635 -12.2712 24.99
      vertex -0.388228 -12.2489 28
      vertex -0.292635 -12.2712 28
    endloop
  endfacet
  facet normal 0.227181 0.973853 0
    outer loop
      vertex -0.388228 -12.2489 28
      vertex -0.292635 -12.2712 24.99
      vertex -0.388228 -12.2489 24.99
    endloop
  endfacet
  facet normal 0.8493 0.52791 0
    outer loop
      vertex -1.2472 -11.6334 28
      vertex -1.29904 -11.55 24.99
      vertex -1.29904 -11.55 28
    endloop
  endfacet
  facet normal 0.8493 0.52791 0
    outer loop
      vertex -1.29904 -11.55 24.99
      vertex -1.2472 -11.6334 28
      vertex -1.2472 -11.6334 24.99
    endloop
  endfacet
  facet normal 0.582654 0.81272 -0
    outer loop
      vertex -0.833355 -12.0472 24.99
      vertex -0.913141 -11.99 28
      vertex -0.833355 -12.0472 28
    endloop
  endfacet
  facet normal 0.582654 0.81272 0
    outer loop
      vertex -0.913141 -11.99 28
      vertex -0.833355 -12.0472 24.99
      vertex -0.913141 -11.99 24.99
    endloop
  endfacet
  facet normal -0.290251 -0.956951 0
    outer loop
      vertex 0.388228 -9.35111 24.99
      vertex 0.482159 -9.3796 28
      vertex 0.388228 -9.35111 28
    endloop
  endfacet
  facet normal -0.290251 -0.956951 -0
    outer loop
      vertex 0.482159 -9.3796 28
      vertex 0.388228 -9.35111 24.99
      vertex 0.482159 -9.3796 24.99
    endloop
  endfacet
  facet normal -0.910851 0.412736 0
    outer loop
      vertex 1.34531 -11.4634 24.99
      vertex 1.38582 -11.374 28
      vertex 1.38582 -11.374 24.99
    endloop
  endfacet
  facet normal -0.910851 0.412736 0
    outer loop
      vertex 1.38582 -11.374 28
      vertex 1.34531 -11.4634 24.99
      vertex 1.34531 -11.4634 28
    endloop
  endfacet
  facet normal 0.849187 -0.528093 0
    outer loop
      vertex -1.29904 -10.05 28
      vertex -1.2472 -9.96664 24.99
      vertex -1.2472 -9.96664 28
    endloop
  endfacet
  facet normal 0.849187 -0.528093 0
    outer loop
      vertex -1.2472 -9.96664 24.99
      vertex -1.29904 -10.05 28
      vertex -1.29904 -10.05 24.99
    endloop
  endfacet
  facet normal 0.227084 -0.973875 0
    outer loop
      vertex -0.388228 -9.35111 24.99
      vertex -0.292635 -9.32882 28
      vertex -0.388228 -9.35111 28
    endloop
  endfacet
  facet normal 0.227084 -0.973875 0
    outer loop
      vertex -0.292635 -9.32882 28
      vertex -0.388228 -9.35111 24.99
      vertex -0.292635 -9.32882 24.99
    endloop
  endfacet
  facet normal 0.73014 0.683297 0
    outer loop
      vertex -1.06066 -11.8607 28
      vertex -1.12776 -11.789 24.99
      vertex -1.12776 -11.789 28
    endloop
  endfacet
  facet normal 0.73014 0.683297 0
    outer loop
      vertex -1.12776 -11.789 24.99
      vertex -1.06066 -11.8607 28
      vertex -1.06066 -11.8607 24.99
    endloop
  endfacet
  facet normal 0.683592 0.729864 -0
    outer loop
      vertex -0.989018 -11.9278 24.99
      vertex -1.06066 -11.8607 28
      vertex -0.989018 -11.9278 28
    endloop
  endfacet
  facet normal 0.683592 0.729864 0
    outer loop
      vertex -1.06066 -11.8607 28
      vertex -0.989018 -11.9278 24.99
      vertex -1.06066 -11.8607 24.99
    endloop
  endfacet
  facet normal 0.0978054 0.995206 -0
    outer loop
      vertex -0.0981045 -12.2968 24.99
      vertex -0.195788 -12.2872 28
      vertex -0.0981045 -12.2968 28
    endloop
  endfacet
  facet normal 0.0978054 0.995206 0
    outer loop
      vertex -0.195788 -12.2872 28
      vertex -0.0981045 -12.2968 24.99
      vertex -0.195788 -12.2872 24.99
    endloop
  endfacet
  facet normal -0.73014 0.683297 0
    outer loop
      vertex 1.06066 -11.8607 24.99
      vertex 1.12776 -11.789 28
      vertex 1.12776 -11.789 24.99
    endloop
  endfacet
  facet normal -0.73014 0.683297 0
    outer loop
      vertex 1.12776 -11.789 28
      vertex 1.06066 -11.8607 24.99
      vertex 1.06066 -11.8607 28
    endloop
  endfacet
  facet normal 0.163 0.986626 -0
    outer loop
      vertex -0.195788 -12.2872 24.99
      vertex -0.292635 -12.2712 28
      vertex -0.195788 -12.2872 28
    endloop
  endfacet
  facet normal 0.163 0.986626 0
    outer loop
      vertex -0.292635 -12.2712 28
      vertex -0.195788 -12.2872 24.99
      vertex -0.292635 -12.2712 24.99
    endloop
  endfacet
  facet normal 0.1629 -0.986643 0
    outer loop
      vertex -0.292635 -9.32882 24.99
      vertex -0.195788 -9.31283 28
      vertex -0.292635 -9.32882 28
    endloop
  endfacet
  facet normal 0.1629 -0.986643 0
    outer loop
      vertex -0.195788 -9.31283 28
      vertex -0.292635 -9.32882 24.99
      vertex -0.195788 -9.31283 24.99
    endloop
  endfacet
  facet normal 0.882 -0.471249 0
    outer loop
      vertex -1.34531 -10.1366 28
      vertex -1.29904 -10.05 24.99
      vertex -1.29904 -10.05 28
    endloop
  endfacet
  facet normal 0.882 -0.471249 0
    outer loop
      vertex -1.29904 -10.05 24.99
      vertex -1.34531 -10.1366 28
      vertex -1.34531 -10.1366 24.99
    endloop
  endfacet
  facet normal 0.956982 -0.290149 0
    outer loop
      vertex -1.44889 -10.4118 28
      vertex -1.42039 -10.3178 24.99
      vertex -1.42039 -10.3178 28
    endloop
  endfacet
  facet normal 0.956982 -0.290149 0
    outer loop
      vertex -1.42039 -10.3178 24.99
      vertex -1.44889 -10.4118 28
      vertex -1.44889 -10.4118 24.99
    endloop
  endfacet
  facet normal 0.995187 0.0979908 0
    outer loop
      vertex -1.48717 -10.9958 28
      vertex -1.49679 -10.8981 24.99
      vertex -1.49679 -10.8981 28
    endloop
  endfacet
  facet normal 0.995187 0.0979908 0
    outer loop
      vertex -1.49679 -10.8981 24.99
      vertex -1.48717 -10.9958 28
      vertex -1.48717 -10.9958 24.99
    endloop
  endfacet
  facet normal 0.98663 0.162977 0
    outer loop
      vertex -1.47118 -11.0926 28
      vertex -1.48717 -10.9958 24.99
      vertex -1.48717 -10.9958 28
    endloop
  endfacet
  facet normal 0.98663 0.162977 0
    outer loop
      vertex -1.48717 -10.9958 24.99
      vertex -1.47118 -11.0926 28
      vertex -1.47118 -11.0926 24.99
    endloop
  endfacet
  facet normal -0.0326009 0.999468 0
    outer loop
      vertex 0.0981045 -12.2968 24.99
      vertex 0 -12.3 28
      vertex 0.0981045 -12.2968 28
    endloop
  endfacet
  facet normal -0.0326009 0.999468 0
    outer loop
      vertex 0 -12.3 28
      vertex 0.0981045 -12.2968 24.99
      vertex 0 -12.3 24.99
    endloop
  endfacet
  facet normal -0.0327027 -0.999465 0
    outer loop
      vertex 0 -9.3 24.99
      vertex 0.0981045 -9.30321 28
      vertex 0 -9.3 28
    endloop
  endfacet
  facet normal -0.0327027 -0.999465 -0
    outer loop
      vertex 0.0981045 -9.30321 28
      vertex 0 -9.3 24.99
      vertex 0.0981045 -9.30321 24.99
    endloop
  endfacet
  facet normal -0.352468 0.935824 0
    outer loop
      vertex 0.574024 -12.1858 24.99
      vertex 0.482159 -12.2204 28
      vertex 0.574024 -12.1858 28
    endloop
  endfacet
  facet normal -0.352468 0.935824 0
    outer loop
      vertex 0.482159 -12.2204 28
      vertex 0.574024 -12.1858 24.99
      vertex 0.482159 -12.2204 24.99
    endloop
  endfacet
  facet normal -0.227084 -0.973875 0
    outer loop
      vertex 0.292635 -9.32882 24.99
      vertex 0.388228 -9.35111 28
      vertex 0.292635 -9.32882 28
    endloop
  endfacet
  facet normal -0.227084 -0.973875 -0
    outer loop
      vertex 0.388228 -9.35111 28
      vertex 0.292635 -9.32882 24.99
      vertex 0.388228 -9.35111 24.99
    endloop
  endfacet
  facet normal 0.290251 -0.956951 0
    outer loop
      vertex -0.482159 -9.3796 24.99
      vertex -0.388228 -9.35111 28
      vertex -0.482159 -9.3796 28
    endloop
  endfacet
  facet normal 0.290251 -0.956951 0
    outer loop
      vertex -0.388228 -9.35111 28
      vertex -0.482159 -9.3796 24.99
      vertex -0.388228 -9.35111 24.99
    endloop
  endfacet
  facet normal 0.683592 -0.729864 0
    outer loop
      vertex -1.06066 -9.73934 24.99
      vertex -0.989018 -9.67224 28
      vertex -1.06066 -9.73934 28
    endloop
  endfacet
  facet normal 0.683592 -0.729864 0
    outer loop
      vertex -0.989018 -9.67224 28
      vertex -1.06066 -9.73934 24.99
      vertex -0.989018 -9.67224 24.99
    endloop
  endfacet
  facet normal 0.41262 0.910903 -0
    outer loop
      vertex -0.574024 -12.1858 24.99
      vertex -0.663432 -12.1453 28
      vertex -0.574024 -12.1858 28
    endloop
  endfacet
  facet normal 0.41262 0.910903 0
    outer loop
      vertex -0.663432 -12.1453 28
      vertex -0.574024 -12.1858 24.99
      vertex -0.663432 -12.1453 24.99
    endloop
  endfacet
  facet normal 0.935842 -0.352419 0
    outer loop
      vertex -1.42039 -10.3178 28
      vertex -1.38582 -10.226 24.99
      vertex -1.38582 -10.226 28
    endloop
  endfacet
  facet normal 0.935842 -0.352419 0
    outer loop
      vertex -1.38582 -10.226 24.99
      vertex -1.42039 -10.3178 28
      vertex -1.42039 -10.3178 24.99
    endloop
  endfacet
  facet normal 0.633963 0.773363 -0
    outer loop
      vertex -0.913141 -11.99 24.99
      vertex -0.989018 -11.9278 28
      vertex -0.913141 -11.99 28
    endloop
  endfacet
  facet normal 0.633963 0.773363 0
    outer loop
      vertex -0.989018 -11.9278 28
      vertex -0.913141 -11.99 24.99
      vertex -0.989018 -11.9278 24.99
    endloop
  endfacet
  facet normal 0.352468 0.935824 -0
    outer loop
      vertex -0.482159 -12.2204 24.99
      vertex -0.574024 -12.1858 28
      vertex -0.482159 -12.2204 28
    endloop
  endfacet
  facet normal 0.352468 0.935824 0
    outer loop
      vertex -0.574024 -12.1858 28
      vertex -0.482159 -12.2204 24.99
      vertex -0.574024 -12.1858 24.99
    endloop
  endfacet
  facet normal 0 0 -1
    outer loop
      vertex 13.7 -1.5 5
      vertex 15 0 5
      vertex 14.9679 -0.981047 5
    endloop
  endfacet
  facet normal 0 0 -1
    outer loop
      vertex 13.7 -1.5 5
      vertex 14.9679 -0.981047 5
      vertex 14.9168 -1.5 5
    endloop
  endfacet
  facet normal 0 0 -1
    outer loop
      vertex 13.7 1.5 5
      vertex 15 0 5
      vertex 13.7 -1.5 5
    endloop
  endfacet
  facet normal 0 0 -1
    outer loop
      vertex 15 0 5
      vertex 13.7 1.5 5
      vertex 14.9679 0.981047 5
    endloop
  endfacet
  facet normal 0 0 -1
    outer loop
      vertex 14.9679 0.981047 5
      vertex 13.7 1.5 5
      vertex 14.9168 1.5 5
    endloop
  endfacet
  facet normal 0 0 1
    outer loop
      vertex 13.7 1.5 -5
      vertex 15 0 -5
      vertex 14.9679 0.981047 -5
    endloop
  endfacet
  facet normal -0 0 1
    outer loop
      vertex 13.7 1.5 -5
      vertex 14.9679 0.981047 -5
      vertex 14.9168 1.5 -5
    endloop
  endfacet
  facet normal 0 0 1
    outer loop
      vertex 13.7 -1.5 -5
      vertex 15 0 -5
      vertex 13.7 1.5 -5
    endloop
  endfacet
  facet normal 0 0 1
    outer loop
      vertex 15 0 -5
      vertex 13.7 -1.5 -5
      vertex 14.9679 -0.981047 -5
    endloop
  endfacet
  facet normal 0 0 1
    outer loop
      vertex 14.9679 -0.981047 -5
      vertex 13.7 -1.5 -5
      vertex 14.9168 -1.5 -5
    endloop
  endfacet
  facet normal 1 -0 0
    outer loop
      vertex 13.7 -1.5 5
      vertex 13.7 1.5 -5
      vertex 13.7 1.5 5
    endloop
  endfacet
  facet normal 1 0 0
    outer loop
      vertex 13.7 1.5 -5
      vertex 13.7 -1.5 5
      vertex 13.7 -1.5 -5
    endloop
  endfacet
  facet normal 0 -1 0
    outer loop
      vertex 13.7 1.5 -5
      vertex 14.9168 1.5 5
      vertex 13.7 1.5 5
    endloop
  endfacet
  facet normal 0 -1 -0
    outer loop
      vertex 14.9168 1.5 5
      vertex 13.7 1.5 -5
      vertex 14.9168 1.5 -5
    endloop
  endfacet
  facet normal 0 1 -0
    outer loop
      vertex 14.9168 -1.5 -5
      vertex 13.7 -1.5 5
      vertex 14.9168 -1.5 5
    endloop
  endfacet
  facet normal 0 1 0
    outer loop
      vertex 13.7 -1.5 5
      vertex 14.9168 -1.5 -5
      vertex 13.7 -1.5 -5
    endloop
  endfacet
  facet normal 0 0 -1
    outer loop
      vertex 10.748 8.6267 5
      vertex 11.2776 9.89019 5
      vertex 11.6084 9.48709 5
    endloop
  endfacet
  facet normal 0 0 -1
    outer loop
      vertex 10.748 8.6267 5
      vertex 10.6066 10.6066 5
      vertex 11.2776 9.89019 5
    endloop
  endfacet
  facet normal 0 0 -1
    outer loop
      vertex 8.6267 10.748 5
      vertex 10.6066 10.6066 5
      vertex 10.748 8.6267 5
    endloop
  endfacet
  facet normal 0 0 -1
    outer loop
      vertex 10.6066 10.6066 5
      vertex 8.6267 10.748 5
      vertex 9.89019 11.2776 5
    endloop
  endfacet
  facet normal -0 0 -1
    outer loop
      vertex 9.89019 11.2776 5
      vertex 8.6267 10.748 5
      vertex 9.48709 11.6084 5
    endloop
  endfacet
  facet normal 0.707107 0.707107 0
    outer loop
      vertex 10.748 8.6267 5
      vertex 8.6267 10.748 -5
      vertex 8.6267 10.748 5
    endloop
  endfacet
  facet normal 0.707107 0.707107 0
    outer loop
      vertex 8.6267 10.748 -5
      vertex 10.748 8.6267 5
      vertex 10.748 8.6267 -5
    endloop
  endfacet
  facet normal 0.707111 -0.707103 0
    outer loop
      vertex 8.6267 10.748 5
      vertex 9.48709 11.6084 -5
      vertex 9.48709 11.6084 5
    endloop
  endfacet
  facet normal 0.707111 -0.707103 0
    outer loop
      vertex 9.48709 11.6084 -5
      vertex 8.6267 10.748 5
      vertex 8.6267 10.748 -5
    endloop
  endfacet
  facet normal 0 0 1
    outer loop
      vertex 11.2776 9.89019 -5
      vertex 10.748 8.6267 -5
      vertex 11.6084 9.48709 -5
    endloop
  endfacet
  facet normal 0 0 1
    outer loop
      vertex 10.6066 10.6066 -5
      vertex 10.748 8.6267 -5
      vertex 11.2776 9.89019 -5
    endloop
  endfacet
  facet normal -0 0 1
    outer loop
      vertex 8.6267 10.748 -5
      vertex 10.6066 10.6066 -5
      vertex 9.89019 11.2776 -5
    endloop
  endfacet
  facet normal 0 0 1
    outer loop
      vertex 8.6267 10.748 -5
      vertex 9.89019 11.2776 -5
      vertex 9.48709 11.6084 -5
    endloop
  endfacet
  facet normal 0 0 1
    outer loop
      vertex 10.6066 10.6066 -5
      vertex 8.6267 10.748 -5
      vertex 10.748 8.6267 -5
    endloop
  endfacet
  facet normal -0.707103 0.707111 0
    outer loop
      vertex 10.748 8.6267 -5
      vertex 11.6084 9.48709 5
      vertex 11.6084 9.48709 -5
    endloop
  endfacet
  facet normal -0.707103 0.707111 0
    outer loop
      vertex 11.6084 9.48709 5
      vertex 10.748 8.6267 -5
      vertex 10.748 8.6267 5
    endloop
  endfacet
  facet normal 0 0 -1
    outer loop
      vertex 1.5 13.7 5
      vertex 0.981047 14.9679 5
      vertex 1.5 14.9168 5
    endloop
  endfacet
  facet normal 0 0 -1
    outer loop
      vertex 1.5 13.7 5
      vertex 0 15 5
      vertex 0.981047 14.9679 5
    endloop
  endfacet
  facet normal 0 0 -1
    outer loop
      vertex -1.5 13.7 5
      vertex 0 15 5
      vertex 1.5 13.7 5
    endloop
  endfacet
  facet normal 0 0 -1
    outer loop
      vertex 0 15 5
      vertex -1.5 13.7 5
      vertex -0.981047 14.9679 5
    endloop
  endfacet
  facet normal 0 0 -1
    outer loop
      vertex -0.981047 14.9679 5
      vertex -1.5 13.7 5
      vertex -1.5 14.9168 5
    endloop
  endfacet
  facet normal 0 1 -0
    outer loop
      vertex 1.5 13.7 -5
      vertex -1.5 13.7 5
      vertex 1.5 13.7 5
    endloop
  endfacet
  facet normal 0 1 0
    outer loop
      vertex -1.5 13.7 5
      vertex 1.5 13.7 -5
      vertex -1.5 13.7 -5
    endloop
  endfacet
  facet normal 1 -0 0
    outer loop
      vertex -1.5 13.7 5
      vertex -1.5 14.9168 -5
      vertex -1.5 14.9168 5
    endloop
  endfacet
  facet normal 1 0 0
    outer loop
      vertex -1.5 14.9168 -5
      vertex -1.5 13.7 5
      vertex -1.5 13.7 -5
    endloop
  endfacet
  facet normal 0 0 1
    outer loop
      vertex 0.981047 14.9679 -5
      vertex 1.5 13.7 -5
      vertex 1.5 14.9168 -5
    endloop
  endfacet
  facet normal 0 0 1
    outer loop
      vertex 0 15 -5
      vertex 1.5 13.7 -5
      vertex 0.981047 14.9679 -5
    endloop
  endfacet
  facet normal 0 0 1
    outer loop
      vertex -1.5 13.7 -5
      vertex 0 15 -5
      vertex -0.981047 14.9679 -5
    endloop
  endfacet
  facet normal 0 0 1
    outer loop
      vertex -1.5 13.7 -5
      vertex -0.981047 14.9679 -5
      vertex -1.5 14.9168 -5
    endloop
  endfacet
  facet normal 0 0 1
    outer loop
      vertex 0 15 -5
      vertex -1.5 13.7 -5
      vertex 1.5 13.7 -5
    endloop
  endfacet
  facet normal -1 0 0
    outer loop
      vertex 1.5 13.7 -5
      vertex 1.5 14.9168 5
      vertex 1.5 14.9168 -5
    endloop
  endfacet
  facet normal -1 -0 0
    outer loop
      vertex 1.5 14.9168 5
      vertex 1.5 13.7 -5
      vertex 1.5 13.7 5
    endloop
  endfacet
  facet normal 0 0 -1
    outer loop
      vertex -8.6267 10.748 5
      vertex -9.89019 11.2776 5
      vertex -9.48709 11.6084 5
    endloop
  endfacet
  facet normal -0 0 -1
    outer loop
      vertex -8.6267 10.748 5
      vertex -10.6066 10.6066 5
      vertex -9.89019 11.2776 5
    endloop
  endfacet
  facet normal 0 0 -1
    outer loop
      vertex -10.748 8.6267 5
      vertex -10.6066 10.6066 5
      vertex -8.6267 10.748 5
    endloop
  endfacet
  facet normal 0 0 -1
    outer loop
      vertex -10.748 8.6267 5
      vertex -11.2776 9.89019 5
      vertex -10.6066 10.6066 5
    endloop
  endfacet
  facet normal 0 -0 -1
    outer loop
      vertex -11.2776 9.89019 5
      vertex -10.748 8.6267 5
      vertex -11.6084 9.48709 5
    endloop
  endfacet
  facet normal -0.707107 0.707107 0
    outer loop
      vertex -10.748 8.6267 -5
      vertex -8.6267 10.748 5
      vertex -8.6267 10.748 -5
    endloop
  endfacet
  facet normal -0.707107 0.707107 0
    outer loop
      vertex -8.6267 10.748 5
      vertex -10.748 8.6267 -5
      vertex -10.748 8.6267 5
    endloop
  endfacet
  facet normal 0.707103 0.707111 0
    outer loop
      vertex -10.748 8.6267 5
      vertex -11.6084 9.48709 -5
      vertex -11.6084 9.48709 5
    endloop
  endfacet
  facet normal 0.707103 0.707111 0
    outer loop
      vertex -11.6084 9.48709 -5
      vertex -10.748 8.6267 5
      vertex -10.748 8.6267 -5
    endloop
  endfacet
  facet normal -0 0 1
    outer loop
      vertex -9.89019 11.2776 -5
      vertex -8.6267 10.748 -5
      vertex -9.48709 11.6084 -5
    endloop
  endfacet
  facet normal 0 0 1
    outer loop
      vertex -10.6066 10.6066 -5
      vertex -8.6267 10.748 -5
      vertex -9.89019 11.2776 -5
    endloop
  endfacet
  facet normal -0 0 1
    outer loop
      vertex -10.6066 10.6066 -5
      vertex -10.748 8.6267 -5
      vertex -8.6267 10.748 -5
    endloop
  endfacet
  facet normal -0 0 1
    outer loop
      vertex -11.2776 9.89019 -5
      vertex -10.748 8.6267 -5
      vertex -10.6066 10.6066 -5
    endloop
  endfacet
  facet normal 0 0 1
    outer loop
      vertex -10.748 8.6267 -5
      vertex -11.2776 9.89019 -5
      vertex -11.6084 9.48709 -5
    endloop
  endfacet
  facet normal -0.707111 -0.707103 0
    outer loop
      vertex -8.6267 10.748 -5
      vertex -9.48709 11.6084 5
      vertex -9.48709 11.6084 -5
    endloop
  endfacet
  facet normal -0.707111 -0.707103 0
    outer loop
      vertex -9.48709 11.6084 5
      vertex -8.6267 10.748 -5
      vertex -8.6267 10.748 5
    endloop
  endfacet
  facet normal 0 0 -1
    outer loop
      vertex -14.9679 -0.981047 5
      vertex -13.7 -1.5 5
      vertex -14.9168 -1.5 5
    endloop
  endfacet
  facet normal 0 0 -1
    outer loop
      vertex -15 0 5
      vertex -13.7 -1.5 5
      vertex -14.9679 -0.981047 5
    endloop
  endfacet
  facet normal 0 0 -1
    outer loop
      vertex -13.7 -1.5 5
      vertex -15 0 5
      vertex -13.7 1.5 5
    endloop
  endfacet
  facet normal 0 -0 -1
    outer loop
      vertex -14.9679 0.981047 5
      vertex -13.7 1.5 5
      vertex -15 0 5
    endloop
  endfacet
  facet normal -0 0 -1
    outer loop
      vertex -13.7 1.5 5
      vertex -14.9679 0.981047 5
      vertex -14.9168 1.5 5
    endloop
  endfacet
  facet normal -1 0 0
    outer loop
      vertex -13.7 -1.5 -5
      vertex -13.7 1.5 5
      vertex -13.7 1.5 -5
    endloop
  endfacet
  facet normal -1 -0 0
    outer loop
      vertex -13.7 1.5 5
      vertex -13.7 -1.5 -5
      vertex -13.7 -1.5 5
    endloop
  endfacet
  facet normal 0 1 -0
    outer loop
      vertex -13.7 -1.5 -5
      vertex -14.9168 -1.5 5
      vertex -13.7 -1.5 5
    endloop
  endfacet
  facet normal 0 1 0
    outer loop
      vertex -14.9168 -1.5 5
      vertex -13.7 -1.5 -5
      vertex -14.9168 -1.5 -5
    endloop
  endfacet
  facet normal 0 0 1
    outer loop
      vertex -14.9679 0.981047 -5
      vertex -13.7 1.5 -5
      vertex -14.9168 1.5 -5
    endloop
  endfacet
  facet normal 0 0 1
    outer loop
      vertex -15 0 -5
      vertex -13.7 1.5 -5
      vertex -14.9679 0.981047 -5
    endloop
  endfacet
  facet normal 0 0 1
    outer loop
      vertex -13.7 1.5 -5
      vertex -15 0 -5
      vertex -13.7 -1.5 -5
    endloop
  endfacet
  facet normal -0 -0 1
    outer loop
      vertex -14.9679 -0.981047 -5
      vertex -13.7 -1.5 -5
      vertex -15 0 -5
    endloop
  endfacet
  facet normal 0 0 1
    outer loop
      vertex -13.7 -1.5 -5
      vertex -14.9679 -0.981047 -5
      vertex -14.9168 -1.5 -5
    endloop
  endfacet
  facet normal 0 -1 0
    outer loop
      vertex -14.9168 1.5 -5
      vertex -13.7 1.5 5
      vertex -14.9168 1.5 5
    endloop
  endfacet
  facet normal 0 -1 -0
    outer loop
      vertex -13.7 1.5 5
      vertex -14.9168 1.5 -5
      vertex -13.7 1.5 -5
    endloop
  endfacet
  facet normal 0 0 -1
    outer loop
      vertex -9.89019 -11.2776 5
      vertex -8.6267 -10.748 5
      vertex -9.48709 -11.6084 5
    endloop
  endfacet
  facet normal 0 0 -1
    outer loop
      vertex -10.6066 -10.6066 5
      vertex -8.6267 -10.748 5
      vertex -9.89019 -11.2776 5
    endloop
  endfacet
  facet normal 0 0 -1
    outer loop
      vertex -10.6066 -10.6066 5
      vertex -10.748 -8.6267 5
      vertex -8.6267 -10.748 5
    endloop
  endfacet
  facet normal 0 0 -1
    outer loop
      vertex -11.2776 -9.89019 5
      vertex -10.748 -8.6267 5
      vertex -10.6066 -10.6066 5
    endloop
  endfacet
  facet normal 0 0 -1
    outer loop
      vertex -10.748 -8.6267 5
      vertex -11.2776 -9.89019 5
      vertex -11.6084 -9.48709 5
    endloop
  endfacet
  facet normal 0 0 1
    outer loop
      vertex -8.6267 -10.748 -5
      vertex -9.89019 -11.2776 -5
      vertex -9.48709 -11.6084 -5
    endloop
  endfacet
  facet normal 0 0 1
    outer loop
      vertex -8.6267 -10.748 -5
      vertex -10.6066 -10.6066 -5
      vertex -9.89019 -11.2776 -5
    endloop
  endfacet
  facet normal 0 0 1
    outer loop
      vertex -10.748 -8.6267 -5
      vertex -10.6066 -10.6066 -5
      vertex -8.6267 -10.748 -5
    endloop
  endfacet
  facet normal 0 0 1
    outer loop
      vertex -10.748 -8.6267 -5
      vertex -11.2776 -9.89019 -5
      vertex -10.6066 -10.6066 -5
    endloop
  endfacet
  facet normal 0 -0 1
    outer loop
      vertex -11.2776 -9.89019 -5
      vertex -10.748 -8.6267 -5
      vertex -11.6084 -9.48709 -5
    endloop
  endfacet
  facet normal -0.707107 -0.707107 0
    outer loop
      vertex -8.6267 -10.748 -5
      vertex -10.748 -8.6267 5
      vertex -10.748 -8.6267 -5
    endloop
  endfacet
  facet normal -0.707107 -0.707107 0
    outer loop
      vertex -10.748 -8.6267 5
      vertex -8.6267 -10.748 -5
      vertex -8.6267 -10.748 5
    endloop
  endfacet
  facet normal -0.707111 0.707103 0
    outer loop
      vertex -9.48709 -11.6084 -5
      vertex -8.6267 -10.748 5
      vertex -8.6267 -10.748 -5
    endloop
  endfacet
  facet normal -0.707111 0.707103 0
    outer loop
      vertex -8.6267 -10.748 5
      vertex -9.48709 -11.6084 -5
      vertex -9.48709 -11.6084 5
    endloop
  endfacet
  facet normal 0.707103 -0.707111 0
    outer loop
      vertex -11.6084 -9.48709 5
      vertex -10.748 -8.6267 -5
      vertex -10.748 -8.6267 5
    endloop
  endfacet
  facet normal 0.707103 -0.707111 0
    outer loop
      vertex -10.748 -8.6267 -5
      vertex -11.6084 -9.48709 5
      vertex -11.6084 -9.48709 -5
    endloop
  endfacet
  facet normal 0 0 -1
    outer loop
      vertex 0.981047 -14.9679 5
      vertex 1.5 -13.7 5
      vertex 1.5 -14.9168 5
    endloop
  endfacet
  facet normal 0 0 -1
    outer loop
      vertex 0 -15 5
      vertex 1.5 -13.7 5
      vertex 0.981047 -14.9679 5
    endloop
  endfacet
  facet normal 0 0 -1
    outer loop
      vertex -1.5 -13.7 5
      vertex 0 -15 5
      vertex -0.981047 -14.9679 5
    endloop
  endfacet
  facet normal 0 0 -1
    outer loop
      vertex -1.5 -13.7 5
      vertex -0.981047 -14.9679 5
      vertex -1.5 -14.9168 5
    endloop
  endfacet
  facet normal 0 0 -1
    outer loop
      vertex 0 -15 5
      vertex -1.5 -13.7 5
      vertex 1.5 -13.7 5
    endloop
  endfacet
  facet normal 0 0 1
    outer loop
      vertex 1.5 -13.7 -5
      vertex 0.981047 -14.9679 -5
      vertex 1.5 -14.9168 -5
    endloop
  endfacet
  facet normal 0 0 1
    outer loop
      vertex 1.5 -13.7 -5
      vertex 0 -15 -5
      vertex 0.981047 -14.9679 -5
    endloop
  endfacet
  facet normal -0 0 1
    outer loop
      vertex -1.5 -13.7 -5
      vertex 0 -15 -5
      vertex 1.5 -13.7 -5
    endloop
  endfacet
  facet normal 0 0 1
    outer loop
      vertex 0 -15 -5
      vertex -1.5 -13.7 -5
      vertex -0.981047 -14.9679 -5
    endloop
  endfacet
  facet normal 0 0 1
    outer loop
      vertex -0.981047 -14.9679 -5
      vertex -1.5 -13.7 -5
      vertex -1.5 -14.9168 -5
    endloop
  endfacet
  facet normal 0 -1 0
    outer loop
      vertex -1.5 -13.7 -5
      vertex 1.5 -13.7 5
      vertex -1.5 -13.7 5
    endloop
  endfacet
  facet normal 0 -1 -0
    outer loop
      vertex 1.5 -13.7 5
      vertex -1.5 -13.7 -5
      vertex 1.5 -13.7 -5
    endloop
  endfacet
  facet normal -1 0 0
    outer loop
      vertex 1.5 -14.9168 -5
      vertex 1.5 -13.7 5
      vertex 1.5 -13.7 -5
    endloop
  endfacet
  facet normal -1 -0 0
    outer loop
      vertex 1.5 -13.7 5
      vertex 1.5 -14.9168 -5
      vertex 1.5 -14.9168 5
    endloop
  endfacet
  facet normal 1 -0 0
    outer loop
      vertex -1.5 -14.9168 5
      vertex -1.5 -13.7 -5
      vertex -1.5 -13.7 5
    endloop
  endfacet
  facet normal 1 0 0
    outer loop
      vertex -1.5 -13.7 -5
      vertex -1.5 -14.9168 5
      vertex -1.5 -14.9168 -5
    endloop
  endfacet
  facet normal 0 0 -1
    outer loop
      vertex 11.2776 -9.89019 5
      vertex 10.748 -8.6267 5
      vertex 11.6084 -9.48709 5
    endloop
  endfacet
  facet normal 0 0 -1
    outer loop
      vertex 10.6066 -10.6066 5
      vertex 10.748 -8.6267 5
      vertex 11.2776 -9.89019 5
    endloop
  endfacet
  facet normal 0 0 -1
    outer loop
      vertex 8.6267 -10.748 5
      vertex 10.6066 -10.6066 5
      vertex 9.89019 -11.2776 5
    endloop
  endfacet
  facet normal 0 0 -1
    outer loop
      vertex 8.6267 -10.748 5
      vertex 9.89019 -11.2776 5
      vertex 9.48709 -11.6084 5
    endloop
  endfacet
  facet normal -0 0 -1
    outer loop
      vertex 10.6066 -10.6066 5
      vertex 8.6267 -10.748 5
      vertex 10.748 -8.6267 5
    endloop
  endfacet
  facet normal 0 0 1
    outer loop
      vertex 10.748 -8.6267 -5
      vertex 11.2776 -9.89019 -5
      vertex 11.6084 -9.48709 -5
    endloop
  endfacet
  facet normal 0 0 1
    outer loop
      vertex 10.748 -8.6267 -5
      vertex 10.6066 -10.6066 -5
      vertex 11.2776 -9.89019 -5
    endloop
  endfacet
  facet normal 0 0 1
    outer loop
      vertex 8.6267 -10.748 -5
      vertex 10.6066 -10.6066 -5
      vertex 10.748 -8.6267 -5
    endloop
  endfacet
  facet normal 0 0 1
    outer loop
      vertex 10.6066 -10.6066 -5
      vertex 8.6267 -10.748 -5
      vertex 9.89019 -11.2776 -5
    endloop
  endfacet
  facet normal 0 0 1
    outer loop
      vertex 9.89019 -11.2776 -5
      vertex 8.6267 -10.748 -5
      vertex 9.48709 -11.6084 -5
    endloop
  endfacet
  facet normal 0.707107 -0.707107 0
    outer loop
      vertex 8.6267 -10.748 5
      vertex 10.748 -8.6267 -5
      vertex 10.748 -8.6267 5
    endloop
  endfacet
  facet normal 0.707107 -0.707107 0
    outer loop
      vertex 10.748 -8.6267 -5
      vertex 8.6267 -10.748 5
      vertex 8.6267 -10.748 -5
    endloop
  endfacet
  facet normal -0.707103 -0.707111 0
    outer loop
      vertex 11.6084 -9.48709 -5
      vertex 10.748 -8.6267 5
      vertex 10.748 -8.6267 -5
    endloop
  endfacet
  facet normal -0.707103 -0.707111 0
    outer loop
      vertex 10.748 -8.6267 5
      vertex 11.6084 -9.48709 -5
      vertex 11.6084 -9.48709 5
    endloop
  endfacet
  facet normal 0.707111 0.707103 0
    outer loop
      vertex 9.48709 -11.6084 5
      vertex 8.6267 -10.748 -5
      vertex 8.6267 -10.748 5
    endloop
  endfacet
  facet normal 0.707111 0.707103 0
    outer loop
      vertex 8.6267 -10.748 -5
      vertex 9.48709 -11.6084 5
      vertex 9.48709 -11.6084 -5
    endloop
  endfacet
  facet normal -0.995184 -0.0980203 0
    outer loop
      vertex 2.794 0.183128 24.99
      vertex 2.77604 0.365473 30
      vertex 2.77604 0.365473 24.99
    endloop
  endfacet
  facet normal -0.995184 -0.0980203 0
    outer loop
      vertex 2.77604 0.365473 30
      vertex 2.794 0.183128 24.99
      vertex 2.794 0.183128 30
    endloop
  endfacet
  facet normal -0.999464 -0.0327464 0
    outer loop
      vertex 2.8 0 24.99
      vertex 2.794 0.183128 30
      vertex 2.794 0.183128 24.99
    endloop
  endfacet
  facet normal -0.999464 -0.0327464 0
    outer loop
      vertex 2.794 0.183128 30
      vertex 2.8 0 24.99
      vertex 2.8 0 30
    endloop
  endfacet
  facet normal -0.986649 -0.16286 0
    outer loop
      vertex 2.77604 0.365473 24.99
      vertex 2.7462 0.546252 30
      vertex 2.7462 0.546252 24.99
    endloop
  endfacet
  facet normal -0.986649 -0.16286 0
    outer loop
      vertex 2.7462 0.546252 30
      vertex 2.77604 0.365473 24.99
      vertex 2.77604 0.365473 30
    endloop
  endfacet
  facet normal -0.973873 -0.227094 0
    outer loop
      vertex 2.7462 0.546252 24.99
      vertex 2.70459 0.724693 30
      vertex 2.70459 0.724693 24.99
    endloop
  endfacet
  facet normal -0.973873 -0.227094 0
    outer loop
      vertex 2.70459 0.724693 30
      vertex 2.7462 0.546252 24.99
      vertex 2.7462 0.546252 30
    endloop
  endfacet
  facet normal -0.582471 -0.812851 0
    outer loop
      vertex 1.5556 2.32811 24.99
      vertex 1.70453 2.22139 30
      vertex 1.5556 2.32811 30
    endloop
  endfacet
  facet normal -0.582471 -0.812851 -0
    outer loop
      vertex 1.70453 2.22139 30
      vertex 1.5556 2.32811 24.99
      vertex 1.70453 2.22139 24.99
    endloop
  endfacet
  facet normal -0.412701 0.910867 0
    outer loop
      vertex 1.23841 -2.51124 24.99
      vertex 1.07151 -2.58686 30
      vertex 1.23841 -2.51124 30
    endloop
  endfacet
  facet normal -0.412701 0.910867 0
    outer loop
      vertex 1.07151 -2.58686 30
      vertex 1.23841 -2.51124 24.99
      vertex 1.07151 -2.58686 24.99
    endloop
  endfacet
  facet normal -0.999464 0.0327464 0
    outer loop
      vertex 2.794 -0.183128 24.99
      vertex 2.8 0 30
      vertex 2.8 0 24.99
    endloop
  endfacet
  facet normal -0.999464 0.0327464 0
    outer loop
      vertex 2.8 0 30
      vertex 2.794 -0.183128 24.99
      vertex 2.794 -0.183128 30
    endloop
  endfacet
  facet normal -0.986649 0.16286 0
    outer loop
      vertex 2.7462 -0.546252 24.99
      vertex 2.77604 -0.365473 30
      vertex 2.77604 -0.365473 24.99
    endloop
  endfacet
  facet normal -0.986649 0.16286 0
    outer loop
      vertex 2.77604 -0.365473 30
      vertex 2.7462 -0.546252 24.99
      vertex 2.7462 -0.546252 30
    endloop
  endfacet
  facet normal 0.47139 -0.881925 0
    outer loop
      vertex -1.4 2.42487 24.99
      vertex -1.23841 2.51124 30
      vertex -1.4 2.42487 30
    endloop
  endfacet
  facet normal 0.47139 -0.881925 0
    outer loop
      vertex -1.23841 2.51124 30
      vertex -1.4 2.42487 24.99
      vertex -1.23841 2.51124 24.99
    endloop
  endfacet
  facet normal -0.910867 0.412701 0
    outer loop
      vertex 2.51124 -1.23841 24.99
      vertex 2.58686 -1.07151 30
      vertex 2.58686 -1.07151 24.99
    endloop
  endfacet
  facet normal -0.910867 0.412701 0
    outer loop
      vertex 2.58686 -1.07151 30
      vertex 2.51124 -1.23841 24.99
      vertex 2.51124 -1.23841 30
    endloop
  endfacet
  facet normal -0.910867 -0.412701 0
    outer loop
      vertex 2.58686 1.07151 24.99
      vertex 2.51124 1.23841 30
      vertex 2.51124 1.23841 24.99
    endloop
  endfacet
  facet normal -0.910867 -0.412701 0
    outer loop
      vertex 2.51124 1.23841 30
      vertex 2.58686 1.07151 24.99
      vertex 2.58686 1.07151 30
    endloop
  endfacet
  facet normal 0.227094 0.973873 -0
    outer loop
      vertex -0.546252 -2.7462 24.99
      vertex -0.724693 -2.70459 30
      vertex -0.546252 -2.7462 30
    endloop
  endfacet
  facet normal 0.227094 0.973873 0
    outer loop
      vertex -0.724693 -2.70459 30
      vertex -0.546252 -2.7462 24.99
      vertex -0.724693 -2.70459 24.99
    endloop
  endfacet
  facet normal -0.0327464 -0.999464 0
    outer loop
      vertex 0 2.8 24.99
      vertex 0.183128 2.794 30
      vertex 0 2.8 30
    endloop
  endfacet
  facet normal -0.0327464 -0.999464 -0
    outer loop
      vertex 0.183128 2.794 30
      vertex 0 2.8 24.99
      vertex 0.183128 2.794 24.99
    endloop
  endfacet
  facet normal 0.683587 0.729869 -0
    outer loop
      vertex -1.84617 -2.10515 24.99
      vertex -1.9799 -1.9799 30
      vertex -1.84617 -2.10515 30
    endloop
  endfacet
  facet normal 0.683587 0.729869 0
    outer loop
      vertex -1.9799 -1.9799 30
      vertex -1.84617 -2.10515 24.99
      vertex -1.9799 -1.9799 24.99
    endloop
  endfacet
  facet normal -0.63439 0.773013 0
    outer loop
      vertex 1.84617 -2.10515 24.99
      vertex 1.70453 -2.22139 30
      vertex 1.84617 -2.10515 30
    endloop
  endfacet
  facet normal -0.63439 0.773013 0
    outer loop
      vertex 1.70453 -2.22139 30
      vertex 1.84617 -2.10515 24.99
      vertex 1.70453 -2.22139 24.99
    endloop
  endfacet
  facet normal 0.0980203 0.995184 -0
    outer loop
      vertex -0.183128 -2.794 24.99
      vertex -0.365473 -2.77604 30
      vertex -0.183128 -2.794 30
    endloop
  endfacet
  facet normal 0.0980203 0.995184 0
    outer loop
      vertex -0.365473 -2.77604 30
      vertex -0.183128 -2.794 24.99
      vertex -0.365473 -2.77604 24.99
    endloop
  endfacet
  facet normal -0.849198 -0.528075 0
    outer loop
      vertex 2.42487 1.4 24.99
      vertex 2.32811 1.5556 30
      vertex 2.32811 1.5556 24.99
    endloop
  endfacet
  facet normal -0.849198 -0.528075 0
    outer loop
      vertex 2.32811 1.5556 30
      vertex 2.42487 1.4 24.99
      vertex 2.42487 1.4 30
    endloop
  endfacet
  facet normal 0.528075 0.849198 -0
    outer loop
      vertex -1.4 -2.42487 24.99
      vertex -1.5556 -2.32811 30
      vertex -1.4 -2.42487 30
    endloop
  endfacet
  facet normal 0.528075 0.849198 0
    outer loop
      vertex -1.5556 -2.32811 30
      vertex -1.4 -2.42487 24.99
      vertex -1.5556 -2.32811 24.99
    endloop
  endfacet
  facet normal 0.995184 -0.0980203 0
    outer loop
      vertex -2.794 0.183128 30
      vertex -2.77604 0.365473 24.99
      vertex -2.77604 0.365473 30
    endloop
  endfacet
  facet normal 0.995184 -0.0980203 0
    outer loop
      vertex -2.77604 0.365473 24.99
      vertex -2.794 0.183128 30
      vertex -2.794 0.183128 24.99
    endloop
  endfacet
  facet normal 0.290295 0.956937 -0
    outer loop
      vertex -0.724693 -2.70459 24.99
      vertex -0.90003 -2.6514 30
      vertex -0.724693 -2.70459 30
    endloop
  endfacet
  facet normal 0.290295 0.956937 0
    outer loop
      vertex -0.90003 -2.6514 30
      vertex -0.724693 -2.70459 24.99
      vertex -0.90003 -2.6514 24.99
    endloop
  endfacet
  facet normal 0.412701 -0.910867 0
    outer loop
      vertex -1.23841 2.51124 24.99
      vertex -1.07151 2.58686 30
      vertex -1.23841 2.51124 30
    endloop
  endfacet
  facet normal 0.412701 -0.910867 0
    outer loop
      vertex -1.07151 2.58686 30
      vertex -1.23841 2.51124 24.99
      vertex -1.07151 2.58686 24.99
    endloop
  endfacet
  facet normal -0.956937 -0.290295 0
    outer loop
      vertex 2.70459 0.724693 24.99
      vertex 2.6514 0.90003 30
      vertex 2.6514 0.90003 24.99
    endloop
  endfacet
  facet normal -0.956937 -0.290295 0
    outer loop
      vertex 2.6514 0.90003 30
      vertex 2.70459 0.724693 24.99
      vertex 2.70459 0.724693 30
    endloop
  endfacet
  facet normal -0.812851 -0.582471 0
    outer loop
      vertex 2.32811 1.5556 24.99
      vertex 2.22139 1.70453 30
      vertex 2.22139 1.70453 24.99
    endloop
  endfacet
  facet normal -0.812851 -0.582471 0
    outer loop
      vertex 2.22139 1.70453 30
      vertex 2.32811 1.5556 24.99
      vertex 2.32811 1.5556 30
    endloop
  endfacet
  facet normal 0.973873 -0.227094 0
    outer loop
      vertex -2.7462 0.546252 30
      vertex -2.70459 0.724693 24.99
      vertex -2.70459 0.724693 30
    endloop
  endfacet
  facet normal 0.973873 -0.227094 0
    outer loop
      vertex -2.70459 0.724693 24.99
      vertex -2.7462 0.546252 30
      vertex -2.7462 0.546252 24.99
    endloop
  endfacet
  facet normal 0.910867 0.412701 0
    outer loop
      vertex -2.51124 -1.23841 30
      vertex -2.58686 -1.07151 24.99
      vertex -2.58686 -1.07151 30
    endloop
  endfacet
  facet normal 0.910867 0.412701 0
    outer loop
      vertex -2.58686 -1.07151 24.99
      vertex -2.51124 -1.23841 30
      vertex -2.51124 -1.23841 24.99
    endloop
  endfacet
  facet normal 0.999464 -0.0327464 0
    outer loop
      vertex -2.8 0 30
      vertex -2.794 0.183128 24.99
      vertex -2.794 0.183128 30
    endloop
  endfacet
  facet normal 0.999464 -0.0327464 0
    outer loop
      vertex -2.794 0.183128 24.99
      vertex -2.8 0 30
      vertex -2.8 0 24.99
    endloop
  endfacet
  facet normal -0.935907 0.352248 0
    outer loop
      vertex 2.58686 -1.07151 24.99
      vertex 2.6514 -0.90003 30
      vertex 2.6514 -0.90003 24.99
    endloop
  endfacet
  facet normal -0.935907 0.352248 0
    outer loop
      vertex 2.6514 -0.90003 30
      vertex 2.58686 -1.07151 24.99
      vertex 2.58686 -1.07151 30
    endloop
  endfacet
  facet normal 0.582471 0.812851 -0
    outer loop
      vertex -1.5556 -2.32811 24.99
      vertex -1.70453 -2.22139 30
      vertex -1.5556 -2.32811 30
    endloop
  endfacet
  facet normal 0.582471 0.812851 0
    outer loop
      vertex -1.70453 -2.22139 30
      vertex -1.5556 -2.32811 24.99
      vertex -1.70453 -2.22139 24.99
    endloop
  endfacet
  facet normal 0.582471 -0.812851 0
    outer loop
      vertex -1.70453 2.22139 24.99
      vertex -1.5556 2.32811 30
      vertex -1.70453 2.22139 30
    endloop
  endfacet
  facet normal 0.582471 -0.812851 0
    outer loop
      vertex -1.5556 2.32811 30
      vertex -1.70453 2.22139 24.99
      vertex -1.5556 2.32811 24.99
    endloop
  endfacet
  facet normal -0.227094 0.973873 0
    outer loop
      vertex 0.724693 -2.70459 24.99
      vertex 0.546252 -2.7462 30
      vertex 0.724693 -2.70459 30
    endloop
  endfacet
  facet normal -0.227094 0.973873 0
    outer loop
      vertex 0.546252 -2.7462 30
      vertex 0.724693 -2.70459 24.99
      vertex 0.546252 -2.7462 24.99
    endloop
  endfacet
  facet normal -0.352248 -0.935907 0
    outer loop
      vertex 0.90003 2.6514 24.99
      vertex 1.07151 2.58686 30
      vertex 0.90003 2.6514 30
    endloop
  endfacet
  facet normal -0.352248 -0.935907 -0
    outer loop
      vertex 1.07151 2.58686 30
      vertex 0.90003 2.6514 24.99
      vertex 1.07151 2.58686 24.99
    endloop
  endfacet
  facet normal 0.63439 -0.773013 0
    outer loop
      vertex -1.84617 2.10515 24.99
      vertex -1.70453 2.22139 30
      vertex -1.84617 2.10515 30
    endloop
  endfacet
  facet normal 0.63439 -0.773013 0
    outer loop
      vertex -1.70453 2.22139 30
      vertex -1.84617 2.10515 24.99
      vertex -1.70453 2.22139 24.99
    endloop
  endfacet
  facet normal 0.849198 0.528075 0
    outer loop
      vertex -2.32811 -1.5556 30
      vertex -2.42487 -1.4 24.99
      vertex -2.42487 -1.4 30
    endloop
  endfacet
  facet normal 0.849198 0.528075 0
    outer loop
      vertex -2.42487 -1.4 24.99
      vertex -2.32811 -1.5556 30
      vertex -2.32811 -1.5556 24.99
    endloop
  endfacet
  facet normal 0.528075 -0.849198 0
    outer loop
      vertex -1.5556 2.32811 24.99
      vertex -1.4 2.42487 30
      vertex -1.5556 2.32811 30
    endloop
  endfacet
  facet normal 0.528075 -0.849198 0
    outer loop
      vertex -1.4 2.42487 30
      vertex -1.5556 2.32811 24.99
      vertex -1.4 2.42487 24.99
    endloop
  endfacet
  facet normal -0.995184 0.0980203 0
    outer loop
      vertex 2.77604 -0.365473 24.99
      vertex 2.794 -0.183128 30
      vertex 2.794 -0.183128 24.99
    endloop
  endfacet
  facet normal -0.995184 0.0980203 0
    outer loop
      vertex 2.794 -0.183128 30
      vertex 2.77604 -0.365473 24.99
      vertex 2.77604 -0.365473 30
    endloop
  endfacet
  facet normal -0.973873 0.227094 0
    outer loop
      vertex 2.70459 -0.724693 24.99
      vertex 2.7462 -0.546252 30
      vertex 2.7462 -0.546252 24.99
    endloop
  endfacet
  facet normal -0.973873 0.227094 0
    outer loop
      vertex 2.7462 -0.546252 30
      vertex 2.70459 -0.724693 24.99
      vertex 2.70459 -0.724693 30
    endloop
  endfacet
  facet normal -0.47139 0.881925 0
    outer loop
      vertex 1.4 -2.42487 24.99
      vertex 1.23841 -2.51124 30
      vertex 1.4 -2.42487 30
    endloop
  endfacet
  facet normal -0.47139 0.881925 0
    outer loop
      vertex 1.23841 -2.51124 30
      vertex 1.4 -2.42487 24.99
      vertex 1.23841 -2.51124 24.99
    endloop
  endfacet
  facet normal -0.290295 0.956937 0
    outer loop
      vertex 0.90003 -2.6514 24.99
      vertex 0.724693 -2.70459 30
      vertex 0.90003 -2.6514 30
    endloop
  endfacet
  facet normal -0.290295 0.956937 0
    outer loop
      vertex 0.724693 -2.70459 30
      vertex 0.90003 -2.6514 24.99
      vertex 0.724693 -2.70459 24.99
    endloop
  endfacet
  facet normal -0.582471 0.812851 0
    outer loop
      vertex 1.70453 -2.22139 24.99
      vertex 1.5556 -2.32811 30
      vertex 1.70453 -2.22139 30
    endloop
  endfacet
  facet normal -0.582471 0.812851 0
    outer loop
      vertex 1.5556 -2.32811 30
      vertex 1.70453 -2.22139 24.99
      vertex 1.5556 -2.32811 24.99
    endloop
  endfacet
  facet normal -0.0980203 0.995184 0
    outer loop
      vertex 0.365473 -2.77604 24.99
      vertex 0.183128 -2.794 30
      vertex 0.365473 -2.77604 30
    endloop
  endfacet
  facet normal -0.0980203 0.995184 0
    outer loop
      vertex 0.183128 -2.794 30
      vertex 0.365473 -2.77604 24.99
      vertex 0.183128 -2.794 24.99
    endloop
  endfacet
  facet normal -0.0980203 -0.995184 0
    outer loop
      vertex 0.183128 2.794 24.99
      vertex 0.365473 2.77604 30
      vertex 0.183128 2.794 30
    endloop
  endfacet
  facet normal -0.0980203 -0.995184 -0
    outer loop
      vertex 0.365473 2.77604 30
      vertex 0.183128 2.794 24.99
      vertex 0.365473 2.77604 24.99
    endloop
  endfacet
  facet normal 0.16286 -0.986649 0
    outer loop
      vertex -0.546252 2.7462 24.99
      vertex -0.365473 2.77604 30
      vertex -0.546252 2.7462 30
    endloop
  endfacet
  facet normal 0.16286 -0.986649 0
    outer loop
      vertex -0.365473 2.77604 30
      vertex -0.546252 2.7462 24.99
      vertex -0.365473 2.77604 24.99
    endloop
  endfacet
  facet normal 0.986649 0.16286 0
    outer loop
      vertex -2.7462 -0.546252 30
      vertex -2.77604 -0.365473 24.99
      vertex -2.77604 -0.365473 30
    endloop
  endfacet
  facet normal 0.986649 0.16286 0
    outer loop
      vertex -2.77604 -0.365473 24.99
      vertex -2.7462 -0.546252 30
      vertex -2.7462 -0.546252 24.99
    endloop
  endfacet
  facet normal 0.999464 0.0327464 0
    outer loop
      vertex -2.794 -0.183128 30
      vertex -2.8 0 24.99
      vertex -2.8 0 30
    endloop
  endfacet
  facet normal 0.999464 0.0327464 0
    outer loop
      vertex -2.8 0 24.99
      vertex -2.794 -0.183128 30
      vertex -2.794 -0.183128 24.99
    endloop
  endfacet
  facet normal 0.956937 0.290295 0
    outer loop
      vertex -2.6514 -0.90003 30
      vertex -2.70459 -0.724693 24.99
      vertex -2.70459 -0.724693 30
    endloop
  endfacet
  facet normal 0.956937 0.290295 0
    outer loop
      vertex -2.70459 -0.724693 24.99
      vertex -2.6514 -0.90003 30
      vertex -2.6514 -0.90003 24.99
    endloop
  endfacet
  facet normal 0.812851 0.582471 0
    outer loop
      vertex -2.22139 -1.70453 30
      vertex -2.32811 -1.5556 24.99
      vertex -2.32811 -1.5556 30
    endloop
  endfacet
  facet normal 0.812851 0.582471 0
    outer loop
      vertex -2.32811 -1.5556 24.99
      vertex -2.22139 -1.70453 30
      vertex -2.22139 -1.70453 24.99
    endloop
  endfacet
  facet normal -0.528075 -0.849198 0
    outer loop
      vertex 1.4 2.42487 24.99
      vertex 1.5556 2.32811 30
      vertex 1.4 2.42487 30
    endloop
  endfacet
  facet normal -0.528075 -0.849198 -0
    outer loop
      vertex 1.5556 2.32811 30
      vertex 1.4 2.42487 24.99
      vertex 1.5556 2.32811 24.99
    endloop
  endfacet
  facet normal -0.352248 0.935907 0
    outer loop
      vertex 1.07151 -2.58686 24.99
      vertex 0.90003 -2.6514 30
      vertex 1.07151 -2.58686 30
    endloop
  endfacet
  facet normal -0.352248 0.935907 0
    outer loop
      vertex 0.90003 -2.6514 30
      vertex 1.07151 -2.58686 24.99
      vertex 0.90003 -2.6514 24.99
    endloop
  endfacet
  facet normal 0.227094 -0.973873 0
    outer loop
      vertex -0.724693 2.70459 24.99
      vertex -0.546252 2.7462 30
      vertex -0.724693 2.70459 30
    endloop
  endfacet
  facet normal 0.227094 -0.973873 0
    outer loop
      vertex -0.546252 2.7462 30
      vertex -0.724693 2.70459 24.99
      vertex -0.546252 2.7462 24.99
    endloop
  endfacet
  facet normal 0.995184 0.0980203 0
    outer loop
      vertex -2.77604 -0.365473 30
      vertex -2.794 -0.183128 24.99
      vertex -2.794 -0.183128 30
    endloop
  endfacet
  facet normal 0.995184 0.0980203 0
    outer loop
      vertex -2.794 -0.183128 24.99
      vertex -2.77604 -0.365473 30
      vertex -2.77604 -0.365473 24.99
    endloop
  endfacet
  facet normal -0.528075 0.849198 0
    outer loop
      vertex 1.5556 -2.32811 24.99
      vertex 1.4 -2.42487 30
      vertex 1.5556 -2.32811 30
    endloop
  endfacet
  facet normal -0.528075 0.849198 0
    outer loop
      vertex 1.4 -2.42487 30
      vertex 1.5556 -2.32811 24.99
      vertex 1.4 -2.42487 24.99
    endloop
  endfacet
  facet normal 0.910867 -0.412701 0
    outer loop
      vertex -2.58686 1.07151 30
      vertex -2.51124 1.23841 24.99
      vertex -2.51124 1.23841 30
    endloop
  endfacet
  facet normal 0.910867 -0.412701 0
    outer loop
      vertex -2.51124 1.23841 24.99
      vertex -2.58686 1.07151 30
      vertex -2.58686 1.07151 24.99
    endloop
  endfacet
  facet normal 0.881925 -0.47139 0
    outer loop
      vertex -2.51124 1.23841 30
      vertex -2.42487 1.4 24.99
      vertex -2.42487 1.4 30
    endloop
  endfacet
  facet normal 0.881925 -0.47139 0
    outer loop
      vertex -2.42487 1.4 24.99
      vertex -2.51124 1.23841 30
      vertex -2.51124 1.23841 24.99
    endloop
  endfacet
  facet normal 0.956937 -0.290295 0
    outer loop
      vertex -2.70459 0.724693 30
      vertex -2.6514 0.90003 24.99
      vertex -2.6514 0.90003 30
    endloop
  endfacet
  facet normal 0.956937 -0.290295 0
    outer loop
      vertex -2.6514 0.90003 24.99
      vertex -2.70459 0.724693 30
      vertex -2.70459 0.724693 24.99
    endloop
  endfacet
  facet normal -0.881925 0.47139 0
    outer loop
      vertex 2.42487 -1.4 24.99
      vertex 2.51124 -1.23841 30
      vertex 2.51124 -1.23841 24.99
    endloop
  endfacet
  facet normal -0.881925 0.47139 0
    outer loop
      vertex 2.51124 -1.23841 30
      vertex 2.42487 -1.4 24.99
      vertex 2.42487 -1.4 30
    endloop
  endfacet
  facet normal -0.0327464 0.999464 0
    outer loop
      vertex 0.183128 -2.794 24.99
      vertex 0 -2.8 30
      vertex 0.183128 -2.794 30
    endloop
  endfacet
  facet normal -0.0327464 0.999464 0
    outer loop
      vertex 0 -2.8 30
      vertex 0.183128 -2.794 24.99
      vertex 0 -2.8 24.99
    endloop
  endfacet
  facet normal 0.412701 0.910867 -0
    outer loop
      vertex -1.07151 -2.58686 24.99
      vertex -1.23841 -2.51124 30
      vertex -1.07151 -2.58686 30
    endloop
  endfacet
  facet normal 0.412701 0.910867 0
    outer loop
      vertex -1.23841 -2.51124 30
      vertex -1.07151 -2.58686 24.99
      vertex -1.23841 -2.51124 24.99
    endloop
  endfacet
  facet normal -0.935907 -0.352248 0
    outer loop
      vertex 2.6514 0.90003 24.99
      vertex 2.58686 1.07151 30
      vertex 2.58686 1.07151 24.99
    endloop
  endfacet
  facet normal -0.935907 -0.352248 0
    outer loop
      vertex 2.58686 1.07151 30
      vertex 2.6514 0.90003 24.99
      vertex 2.6514 0.90003 30
    endloop
  endfacet
  facet normal -0.773013 -0.63439 0
    outer loop
      vertex 2.22139 1.70453 24.99
      vertex 2.10515 1.84617 30
      vertex 2.10515 1.84617 24.99
    endloop
  endfacet
  facet normal -0.773013 -0.63439 0
    outer loop
      vertex 2.10515 1.84617 30
      vertex 2.22139 1.70453 24.99
      vertex 2.22139 1.70453 30
    endloop
  endfacet
  facet normal 0.812851 -0.582471 0
    outer loop
      vertex -2.32811 1.5556 30
      vertex -2.22139 1.70453 24.99
      vertex -2.22139 1.70453 30
    endloop
  endfacet
  facet normal 0.812851 -0.582471 0
    outer loop
      vertex -2.22139 1.70453 24.99
      vertex -2.32811 1.5556 30
      vertex -2.32811 1.5556 24.99
    endloop
  endfacet
  facet normal 0 0 1
    outer loop
      vertex 2.794 0.183128 24.99
      vertex 2.794 -0.183128 24.99
      vertex 2.8 0 24.99
    endloop
  endfacet
  facet normal 0 0 1
    outer loop
      vertex 2.77604 0.365473 24.99
      vertex 2.794 -0.183128 24.99
      vertex 2.794 0.183128 24.99
    endloop
  endfacet
  facet normal 0 0 1
    outer loop
      vertex 2.77604 0.365473 24.99
      vertex 2.77604 -0.365473 24.99
      vertex 2.794 -0.183128 24.99
    endloop
  endfacet
  facet normal 0 0 1
    outer loop
      vertex 2.7462 0.546252 24.99
      vertex 2.77604 -0.365473 24.99
      vertex 2.77604 0.365473 24.99
    endloop
  endfacet
  facet normal 0 0 1
    outer loop
      vertex 2.7462 0.546252 24.99
      vertex 2.7462 -0.546252 24.99
      vertex 2.77604 -0.365473 24.99
    endloop
  endfacet
  facet normal 0 0 1
    outer loop
      vertex 2.70459 0.724693 24.99
      vertex 2.7462 -0.546252 24.99
      vertex 2.7462 0.546252 24.99
    endloop
  endfacet
  facet normal 0 0 1
    outer loop
      vertex 2.70459 0.724693 24.99
      vertex 2.70459 -0.724693 24.99
      vertex 2.7462 -0.546252 24.99
    endloop
  endfacet
  facet normal 0 0 1
    outer loop
      vertex 2.6514 0.90003 24.99
      vertex 2.70459 -0.724693 24.99
      vertex 2.70459 0.724693 24.99
    endloop
  endfacet
  facet normal 0 0 1
    outer loop
      vertex 2.6514 0.90003 24.99
      vertex 2.6514 -0.90003 24.99
      vertex 2.70459 -0.724693 24.99
    endloop
  endfacet
  facet normal 0 0 1
    outer loop
      vertex 2.58686 1.07151 24.99
      vertex 2.6514 -0.90003 24.99
      vertex 2.6514 0.90003 24.99
    endloop
  endfacet
  facet normal 0 0 1
    outer loop
      vertex 2.58686 1.07151 24.99
      vertex 2.58686 -1.07151 24.99
      vertex 2.6514 -0.90003 24.99
    endloop
  endfacet
  facet normal 0 0 1
    outer loop
      vertex 2.51124 1.23841 24.99
      vertex 2.58686 -1.07151 24.99
      vertex 2.58686 1.07151 24.99
    endloop
  endfacet
  facet normal 0 0 1
    outer loop
      vertex 2.51124 1.23841 24.99
      vertex 2.51124 -1.23841 24.99
      vertex 2.58686 -1.07151 24.99
    endloop
  endfacet
  facet normal 0 0 1
    outer loop
      vertex 2.42487 1.4 24.99
      vertex 2.51124 -1.23841 24.99
      vertex 2.51124 1.23841 24.99
    endloop
  endfacet
  facet normal 0 0 1
    outer loop
      vertex 2.42487 1.4 24.99
      vertex 2.42487 -1.4 24.99
      vertex 2.51124 -1.23841 24.99
    endloop
  endfacet
  facet normal 0 0 1
    outer loop
      vertex 2.32811 1.5556 24.99
      vertex 2.42487 -1.4 24.99
      vertex 2.42487 1.4 24.99
    endloop
  endfacet
  facet normal 0 0 1
    outer loop
      vertex 2.32811 1.5556 24.99
      vertex 2.32811 -1.5556 24.99
      vertex 2.42487 -1.4 24.99
    endloop
  endfacet
  facet normal 0 0 1
    outer loop
      vertex 2.22139 1.70453 24.99
      vertex 2.32811 -1.5556 24.99
      vertex 2.32811 1.5556 24.99
    endloop
  endfacet
  facet normal 0 0 1
    outer loop
      vertex 2.22139 1.70453 24.99
      vertex 2.22139 -1.70453 24.99
      vertex 2.32811 -1.5556 24.99
    endloop
  endfacet
  facet normal 0 0 1
    outer loop
      vertex 2.10515 1.84617 24.99
      vertex 2.22139 -1.70453 24.99
      vertex 2.22139 1.70453 24.99
    endloop
  endfacet
  facet normal 0 0 1
    outer loop
      vertex 2.10515 1.84617 24.99
      vertex 2.10515 -1.84617 24.99
      vertex 2.22139 -1.70453 24.99
    endloop
  endfacet
  facet normal 0 0 1
    outer loop
      vertex 1.9799 1.9799 24.99
      vertex 2.10515 -1.84617 24.99
      vertex 2.10515 1.84617 24.99
    endloop
  endfacet
  facet normal 0 0 1
    outer loop
      vertex 1.9799 1.9799 24.99
      vertex 1.9799 -1.9799 24.99
      vertex 2.10515 -1.84617 24.99
    endloop
  endfacet
  facet normal 0 0 1
    outer loop
      vertex 1.84617 2.10515 24.99
      vertex 1.9799 -1.9799 24.99
      vertex 1.9799 1.9799 24.99
    endloop
  endfacet
  facet normal 0 0 1
    outer loop
      vertex 1.84617 2.10515 24.99
      vertex 1.84617 -2.10515 24.99
      vertex 1.9799 -1.9799 24.99
    endloop
  endfacet
  facet normal 0 0 1
    outer loop
      vertex 1.70453 2.22139 24.99
      vertex 1.84617 -2.10515 24.99
      vertex 1.84617 2.10515 24.99
    endloop
  endfacet
  facet normal 0 0 1
    outer loop
      vertex 1.70453 2.22139 24.99
      vertex 1.70453 -2.22139 24.99
      vertex 1.84617 -2.10515 24.99
    endloop
  endfacet
  facet normal 0 0 1
    outer loop
      vertex 1.5556 2.32811 24.99
      vertex 1.70453 -2.22139 24.99
      vertex 1.70453 2.22139 24.99
    endloop
  endfacet
  facet normal 0 0 1
    outer loop
      vertex 1.5556 2.32811 24.99
      vertex 1.5556 -2.32811 24.99
      vertex 1.70453 -2.22139 24.99
    endloop
  endfacet
  facet normal 0 0 1
    outer loop
      vertex 1.4 2.42487 24.99
      vertex 1.5556 -2.32811 24.99
      vertex 1.5556 2.32811 24.99
    endloop
  endfacet
  facet normal 0 0 1
    outer loop
      vertex 1.4 2.42487 24.99
      vertex 1.4 -2.42487 24.99
      vertex 1.5556 -2.32811 24.99
    endloop
  endfacet
  facet normal 0 0 1
    outer loop
      vertex 1.23841 2.51124 24.99
      vertex 1.4 -2.42487 24.99
      vertex 1.4 2.42487 24.99
    endloop
  endfacet
  facet normal 0 0 1
    outer loop
      vertex 1.23841 2.51124 24.99
      vertex 1.23841 -2.51124 24.99
      vertex 1.4 -2.42487 24.99
    endloop
  endfacet
  facet normal 0 0 1
    outer loop
      vertex 1.07151 2.58686 24.99
      vertex 1.23841 -2.51124 24.99
      vertex 1.23841 2.51124 24.99
    endloop
  endfacet
  facet normal 0 0 1
    outer loop
      vertex 1.07151 2.58686 24.99
      vertex 1.07151 -2.58686 24.99
      vertex 1.23841 -2.51124 24.99
    endloop
  endfacet
  facet normal 0 0 1
    outer loop
      vertex 0.90003 2.6514 24.99
      vertex 1.07151 -2.58686 24.99
      vertex 1.07151 2.58686 24.99
    endloop
  endfacet
  facet normal 0 0 1
    outer loop
      vertex 0.90003 2.6514 24.99
      vertex 0.90003 -2.6514 24.99
      vertex 1.07151 -2.58686 24.99
    endloop
  endfacet
  facet normal 0 0 1
    outer loop
      vertex 0.724693 2.70459 24.99
      vertex 0.90003 -2.6514 24.99
      vertex 0.90003 2.6514 24.99
    endloop
  endfacet
  facet normal 0 0 1
    outer loop
      vertex 0.724693 2.70459 24.99
      vertex 0.724693 -2.70459 24.99
      vertex 0.90003 -2.6514 24.99
    endloop
  endfacet
  facet normal 0 0 1
    outer loop
      vertex 0.546252 2.7462 24.99
      vertex 0.724693 -2.70459 24.99
      vertex 0.724693 2.70459 24.99
    endloop
  endfacet
  facet normal 0 0 1
    outer loop
      vertex 0.546252 2.7462 24.99
      vertex 0.546252 -2.7462 24.99
      vertex 0.724693 -2.70459 24.99
    endloop
  endfacet
  facet normal 0 0 1
    outer loop
      vertex 0.365473 2.77604 24.99
      vertex 0.546252 -2.7462 24.99
      vertex 0.546252 2.7462 24.99
    endloop
  endfacet
  facet normal 0 0 1
    outer loop
      vertex 0.365473 2.77604 24.99
      vertex 0.365473 -2.77604 24.99
      vertex 0.546252 -2.7462 24.99
    endloop
  endfacet
  facet normal 0 0 1
    outer loop
      vertex 0.183128 2.794 24.99
      vertex 0.365473 -2.77604 24.99
      vertex 0.365473 2.77604 24.99
    endloop
  endfacet
  facet normal 0 0 1
    outer loop
      vertex 0.183128 2.794 24.99
      vertex 0.183128 -2.794 24.99
      vertex 0.365473 -2.77604 24.99
    endloop
  endfacet
  facet normal 0 0 1
    outer loop
      vertex 0 2.8 24.99
      vertex 0.183128 -2.794 24.99
      vertex 0.183128 2.794 24.99
    endloop
  endfacet
  facet normal 0 0 1
    outer loop
      vertex 0 2.8 24.99
      vertex 0 -2.8 24.99
      vertex 0.183128 -2.794 24.99
    endloop
  endfacet
  facet normal -0 0 1
    outer loop
      vertex -0.183128 2.794 24.99
      vertex 0 -2.8 24.99
      vertex 0 2.8 24.99
    endloop
  endfacet
  facet normal 0 0 1
    outer loop
      vertex -0.183128 2.794 24.99
      vertex -0.183128 -2.794 24.99
      vertex 0 -2.8 24.99
    endloop
  endfacet
  facet normal -0 0 1
    outer loop
      vertex -0.365473 2.77604 24.99
      vertex -0.183128 -2.794 24.99
      vertex -0.183128 2.794 24.99
    endloop
  endfacet
  facet normal 0 0 1
    outer loop
      vertex -0.365473 2.77604 24.99
      vertex -0.365473 -2.77604 24.99
      vertex -0.183128 -2.794 24.99
    endloop
  endfacet
  facet normal -0 0 1
    outer loop
      vertex -0.546252 2.7462 24.99
      vertex -0.365473 -2.77604 24.99
      vertex -0.365473 2.77604 24.99
    endloop
  endfacet
  facet normal 0 0 1
    outer loop
      vertex -0.546252 2.7462 24.99
      vertex -0.546252 -2.7462 24.99
      vertex -0.365473 -2.77604 24.99
    endloop
  endfacet
  facet normal -0 0 1
    outer loop
      vertex -0.724693 2.70459 24.99
      vertex -0.546252 -2.7462 24.99
      vertex -0.546252 2.7462 24.99
    endloop
  endfacet
  facet normal 0 0 1
    outer loop
      vertex -0.724693 2.70459 24.99
      vertex -0.724693 -2.70459 24.99
      vertex -0.546252 -2.7462 24.99
    endloop
  endfacet
  facet normal -0 0 1
    outer loop
      vertex -0.90003 2.6514 24.99
      vertex -0.724693 -2.70459 24.99
      vertex -0.724693 2.70459 24.99
    endloop
  endfacet
  facet normal 0 0 1
    outer loop
      vertex -0.90003 2.6514 24.99
      vertex -0.90003 -2.6514 24.99
      vertex -0.724693 -2.70459 24.99
    endloop
  endfacet
  facet normal -0 0 1
    outer loop
      vertex -1.07151 2.58686 24.99
      vertex -0.90003 -2.6514 24.99
      vertex -0.90003 2.6514 24.99
    endloop
  endfacet
  facet normal 0 0 1
    outer loop
      vertex -1.07151 2.58686 24.99
      vertex -1.07151 -2.58686 24.99
      vertex -0.90003 -2.6514 24.99
    endloop
  endfacet
  facet normal -0 0 1
    outer loop
      vertex -1.23841 2.51124 24.99
      vertex -1.07151 -2.58686 24.99
      vertex -1.07151 2.58686 24.99
    endloop
  endfacet
  facet normal 0 0 1
    outer loop
      vertex -1.23841 2.51124 24.99
      vertex -1.23841 -2.51124 24.99
      vertex -1.07151 -2.58686 24.99
    endloop
  endfacet
  facet normal -0 0 1
    outer loop
      vertex -1.4 2.42487 24.99
      vertex -1.23841 -2.51124 24.99
      vertex -1.23841 2.51124 24.99
    endloop
  endfacet
  facet normal 0 0 1
    outer loop
      vertex -1.4 2.42487 24.99
      vertex -1.4 -2.42487 24.99
      vertex -1.23841 -2.51124 24.99
    endloop
  endfacet
  facet normal -0 0 1
    outer loop
      vertex -1.5556 2.32811 24.99
      vertex -1.4 -2.42487 24.99
      vertex -1.4 2.42487 24.99
    endloop
  endfacet
  facet normal 0 0 1
    outer loop
      vertex -1.5556 2.32811 24.99
      vertex -1.5556 -2.32811 24.99
      vertex -1.4 -2.42487 24.99
    endloop
  endfacet
  facet normal -0 0 1
    outer loop
      vertex -1.70453 2.22139 24.99
      vertex -1.5556 -2.32811 24.99
      vertex -1.5556 2.32811 24.99
    endloop
  endfacet
  facet normal 0 0 1
    outer loop
      vertex -1.70453 2.22139 24.99
      vertex -1.70453 -2.22139 24.99
      vertex -1.5556 -2.32811 24.99
    endloop
  endfacet
  facet normal -0 0 1
    outer loop
      vertex -1.84617 2.10515 24.99
      vertex -1.70453 -2.22139 24.99
      vertex -1.70453 2.22139 24.99
    endloop
  endfacet
  facet normal 0 0 1
    outer loop
      vertex -1.84617 2.10515 24.99
      vertex -1.84617 -2.10515 24.99
      vertex -1.70453 -2.22139 24.99
    endloop
  endfacet
  facet normal -0 0 1
    outer loop
      vertex -1.9799 1.9799 24.99
      vertex -1.84617 -2.10515 24.99
      vertex -1.84617 2.10515 24.99
    endloop
  endfacet
  facet normal 0 0 1
    outer loop
      vertex -1.9799 1.9799 24.99
      vertex -1.9799 -1.9799 24.99
      vertex -1.84617 -2.10515 24.99
    endloop
  endfacet
  facet normal -0 0 1
    outer loop
      vertex -2.10515 1.84617 24.99
      vertex -1.9799 -1.9799 24.99
      vertex -1.9799 1.9799 24.99
    endloop
  endfacet
  facet normal 0 0 1
    outer loop
      vertex -2.10515 1.84617 24.99
      vertex -2.10515 -1.84617 24.99
      vertex -1.9799 -1.9799 24.99
    endloop
  endfacet
  facet normal -0 0 1
    outer loop
      vertex -2.22139 1.70453 24.99
      vertex -2.10515 -1.84617 24.99
      vertex -2.10515 1.84617 24.99
    endloop
  endfacet
  facet normal 0 0 1
    outer loop
      vertex -2.22139 1.70453 24.99
      vertex -2.22139 -1.70453 24.99
      vertex -2.10515 -1.84617 24.99
    endloop
  endfacet
  facet normal -0 0 1
    outer loop
      vertex -2.32811 1.5556 24.99
      vertex -2.22139 -1.70453 24.99
      vertex -2.22139 1.70453 24.99
    endloop
  endfacet
  facet normal 0 0 1
    outer loop
      vertex -2.32811 1.5556 24.99
      vertex -2.32811 -1.5556 24.99
      vertex -2.22139 -1.70453 24.99
    endloop
  endfacet
  facet normal -0 0 1
    outer loop
      vertex -2.42487 1.4 24.99
      vertex -2.32811 -1.5556 24.99
      vertex -2.32811 1.5556 24.99
    endloop
  endfacet
  facet normal 0 0 1
    outer loop
      vertex -2.42487 1.4 24.99
      vertex -2.42487 -1.4 24.99
      vertex -2.32811 -1.5556 24.99
    endloop
  endfacet
  facet normal -0 0 1
    outer loop
      vertex -2.51124 1.23841 24.99
      vertex -2.42487 -1.4 24.99
      vertex -2.42487 1.4 24.99
    endloop
  endfacet
  facet normal 0 0 1
    outer loop
      vertex -2.51124 1.23841 24.99
      vertex -2.51124 -1.23841 24.99
      vertex -2.42487 -1.4 24.99
    endloop
  endfacet
  facet normal -0 0 1
    outer loop
      vertex -2.58686 1.07151 24.99
      vertex -2.51124 -1.23841 24.99
      vertex -2.51124 1.23841 24.99
    endloop
  endfacet
  facet normal 0 0 1
    outer loop
      vertex -2.58686 1.07151 24.99
      vertex -2.58686 -1.07151 24.99
      vertex -2.51124 -1.23841 24.99
    endloop
  endfacet
  facet normal -0 0 1
    outer loop
      vertex -2.6514 0.90003 24.99
      vertex -2.58686 -1.07151 24.99
      vertex -2.58686 1.07151 24.99
    endloop
  endfacet
  facet normal 0 0 1
    outer loop
      vertex -2.6514 0.90003 24.99
      vertex -2.6514 -0.90003 24.99
      vertex -2.58686 -1.07151 24.99
    endloop
  endfacet
  facet normal -0 0 1
    outer loop
      vertex -2.70459 0.724693 24.99
      vertex -2.6514 -0.90003 24.99
      vertex -2.6514 0.90003 24.99
    endloop
  endfacet
  facet normal 0 0 1
    outer loop
      vertex -2.70459 0.724693 24.99
      vertex -2.70459 -0.724693 24.99
      vertex -2.6514 -0.90003 24.99
    endloop
  endfacet
  facet normal -0 0 1
    outer loop
      vertex -2.7462 0.546252 24.99
      vertex -2.70459 -0.724693 24.99
      vertex -2.70459 0.724693 24.99
    endloop
  endfacet
  facet normal 0 0 1
    outer loop
      vertex -2.7462 0.546252 24.99
      vertex -2.7462 -0.546252 24.99
      vertex -2.70459 -0.724693 24.99
    endloop
  endfacet
  facet normal -0 0 1
    outer loop
      vertex -2.77604 0.365473 24.99
      vertex -2.7462 -0.546252 24.99
      vertex -2.7462 0.546252 24.99
    endloop
  endfacet
  facet normal 0 0 1
    outer loop
      vertex -2.77604 0.365473 24.99
      vertex -2.77604 -0.365473 24.99
      vertex -2.7462 -0.546252 24.99
    endloop
  endfacet
  facet normal -0 0 1
    outer loop
      vertex -2.794 0.183128 24.99
      vertex -2.77604 -0.365473 24.99
      vertex -2.77604 0.365473 24.99
    endloop
  endfacet
  facet normal 0 0 1
    outer loop
      vertex -2.794 0.183128 24.99
      vertex -2.794 -0.183128 24.99
      vertex -2.77604 -0.365473 24.99
    endloop
  endfacet
  facet normal 0 -0 1
    outer loop
      vertex -2.794 -0.183128 24.99
      vertex -2.794 0.183128 24.99
      vertex -2.8 0 24.99
    endloop
  endfacet
  facet normal -0.812851 0.582471 0
    outer loop
      vertex 2.22139 -1.70453 24.99
      vertex 2.32811 -1.5556 30
      vertex 2.32811 -1.5556 24.99
    endloop
  endfacet
  facet normal -0.812851 0.582471 0
    outer loop
      vertex 2.32811 -1.5556 30
      vertex 2.22139 -1.70453 24.99
      vertex 2.22139 -1.70453 30
    endloop
  endfacet
  facet normal 0.986649 -0.16286 0
    outer loop
      vertex -2.77604 0.365473 30
      vertex -2.7462 0.546252 24.99
      vertex -2.7462 0.546252 30
    endloop
  endfacet
  facet normal 0.986649 -0.16286 0
    outer loop
      vertex -2.7462 0.546252 24.99
      vertex -2.77604 0.365473 30
      vertex -2.77604 0.365473 24.99
    endloop
  endfacet
  facet normal -0.773013 0.63439 0
    outer loop
      vertex 2.10515 -1.84617 24.99
      vertex 2.22139 -1.70453 30
      vertex 2.22139 -1.70453 24.99
    endloop
  endfacet
  facet normal -0.773013 0.63439 0
    outer loop
      vertex 2.22139 -1.70453 30
      vertex 2.10515 -1.84617 24.99
      vertex 2.10515 -1.84617 30
    endloop
  endfacet
  facet normal -0.849198 0.528075 0
    outer loop
      vertex 2.32811 -1.5556 24.99
      vertex 2.42487 -1.4 30
      vertex 2.42487 -1.4 24.99
    endloop
  endfacet
  facet normal -0.849198 0.528075 0
    outer loop
      vertex 2.42487 -1.4 30
      vertex 2.32811 -1.5556 24.99
      vertex 2.32811 -1.5556 30
    endloop
  endfacet
  facet normal -0.63439 -0.773013 0
    outer loop
      vertex 1.70453 2.22139 24.99
      vertex 1.84617 2.10515 30
      vertex 1.70453 2.22139 30
    endloop
  endfacet
  facet normal -0.63439 -0.773013 -0
    outer loop
      vertex 1.84617 2.10515 30
      vertex 1.70453 2.22139 24.99
      vertex 1.84617 2.10515 24.99
    endloop
  endfacet
  facet normal 0.0327464 0.999464 -0
    outer loop
      vertex 0 -2.8 24.99
      vertex -0.183128 -2.794 30
      vertex 0 -2.8 30
    endloop
  endfacet
  facet normal 0.0327464 0.999464 0
    outer loop
      vertex -0.183128 -2.794 30
      vertex 0 -2.8 24.99
      vertex -0.183128 -2.794 24.99
    endloop
  endfacet
  facet normal -0.290295 -0.956937 0
    outer loop
      vertex 0.724693 2.70459 24.99
      vertex 0.90003 2.6514 30
      vertex 0.724693 2.70459 30
    endloop
  endfacet
  facet normal -0.290295 -0.956937 -0
    outer loop
      vertex 0.90003 2.6514 30
      vertex 0.724693 2.70459 24.99
      vertex 0.90003 2.6514 24.99
    endloop
  endfacet
  facet normal 0.973873 0.227094 0
    outer loop
      vertex -2.70459 -0.724693 30
      vertex -2.7462 -0.546252 24.99
      vertex -2.7462 -0.546252 30
    endloop
  endfacet
  facet normal 0.973873 0.227094 0
    outer loop
      vertex -2.7462 -0.546252 24.99
      vertex -2.70459 -0.724693 30
      vertex -2.70459 -0.724693 24.99
    endloop
  endfacet
  facet normal -0.16286 0.986649 0
    outer loop
      vertex 0.546252 -2.7462 24.99
      vertex 0.365473 -2.77604 30
      vertex 0.546252 -2.7462 30
    endloop
  endfacet
  facet normal -0.16286 0.986649 0
    outer loop
      vertex 0.365473 -2.77604 30
      vertex 0.546252 -2.7462 24.99
      vertex 0.365473 -2.77604 24.99
    endloop
  endfacet
  facet normal 0.881925 0.47139 0
    outer loop
      vertex -2.42487 -1.4 30
      vertex -2.51124 -1.23841 24.99
      vertex -2.51124 -1.23841 30
    endloop
  endfacet
  facet normal 0.881925 0.47139 0
    outer loop
      vertex -2.51124 -1.23841 24.99
      vertex -2.42487 -1.4 30
      vertex -2.42487 -1.4 24.99
    endloop
  endfacet
  facet normal -0.881925 -0.47139 0
    outer loop
      vertex 2.51124 1.23841 24.99
      vertex 2.42487 1.4 30
      vertex 2.42487 1.4 24.99
    endloop
  endfacet
  facet normal -0.881925 -0.47139 0
    outer loop
      vertex 2.42487 1.4 30
      vertex 2.51124 1.23841 24.99
      vertex 2.51124 1.23841 30
    endloop
  endfacet
  facet normal 0.683587 -0.729869 0
    outer loop
      vertex -1.9799 1.9799 24.99
      vertex -1.84617 2.10515 30
      vertex -1.9799 1.9799 30
    endloop
  endfacet
  facet normal 0.683587 -0.729869 0
    outer loop
      vertex -1.84617 2.10515 30
      vertex -1.9799 1.9799 24.99
      vertex -1.84617 2.10515 24.99
    endloop
  endfacet
  facet normal -0.956937 0.290295 0
    outer loop
      vertex 2.6514 -0.90003 24.99
      vertex 2.70459 -0.724693 30
      vertex 2.70459 -0.724693 24.99
    endloop
  endfacet
  facet normal -0.956937 0.290295 0
    outer loop
      vertex 2.70459 -0.724693 30
      vertex 2.6514 -0.90003 24.99
      vertex 2.6514 -0.90003 30
    endloop
  endfacet
  facet normal -0.729869 -0.683587 0
    outer loop
      vertex 2.10515 1.84617 24.99
      vertex 1.9799 1.9799 30
      vertex 1.9799 1.9799 24.99
    endloop
  endfacet
  facet normal -0.729869 -0.683587 0
    outer loop
      vertex 1.9799 1.9799 30
      vertex 2.10515 1.84617 24.99
      vertex 2.10515 1.84617 30
    endloop
  endfacet
  facet normal 0.16286 0.986649 -0
    outer loop
      vertex -0.365473 -2.77604 24.99
      vertex -0.546252 -2.7462 30
      vertex -0.365473 -2.77604 30
    endloop
  endfacet
  facet normal 0.16286 0.986649 0
    outer loop
      vertex -0.546252 -2.7462 30
      vertex -0.365473 -2.77604 24.99
      vertex -0.546252 -2.7462 24.99
    endloop
  endfacet
  facet normal 0.0980203 -0.995184 0
    outer loop
      vertex -0.365473 2.77604 24.99
      vertex -0.183128 2.794 30
      vertex -0.365473 2.77604 30
    endloop
  endfacet
  facet normal 0.0980203 -0.995184 0
    outer loop
      vertex -0.183128 2.794 30
      vertex -0.365473 2.77604 24.99
      vertex -0.183128 2.794 24.99
    endloop
  endfacet
  facet normal 0.352248 0.935907 -0
    outer loop
      vertex -0.90003 -2.6514 24.99
      vertex -1.07151 -2.58686 30
      vertex -0.90003 -2.6514 30
    endloop
  endfacet
  facet normal 0.352248 0.935907 0
    outer loop
      vertex -1.07151 -2.58686 30
      vertex -0.90003 -2.6514 24.99
      vertex -1.07151 -2.58686 24.99
    endloop
  endfacet
  facet normal 0.729869 -0.683587 0
    outer loop
      vertex -2.10515 1.84617 30
      vertex -1.9799 1.9799 24.99
      vertex -1.9799 1.9799 30
    endloop
  endfacet
  facet normal 0.729869 -0.683587 0
    outer loop
      vertex -1.9799 1.9799 24.99
      vertex -2.10515 1.84617 30
      vertex -2.10515 1.84617 24.99
    endloop
  endfacet
  facet normal -0.16286 -0.986649 0
    outer loop
      vertex 0.365473 2.77604 24.99
      vertex 0.546252 2.7462 30
      vertex 0.365473 2.77604 30
    endloop
  endfacet
  facet normal -0.16286 -0.986649 -0
    outer loop
      vertex 0.546252 2.7462 30
      vertex 0.365473 2.77604 24.99
      vertex 0.546252 2.7462 24.99
    endloop
  endfacet
  facet normal 0.729869 0.683587 0
    outer loop
      vertex -1.9799 -1.9799 30
      vertex -2.10515 -1.84617 24.99
      vertex -2.10515 -1.84617 30
    endloop
  endfacet
  facet normal 0.729869 0.683587 0
    outer loop
      vertex -2.10515 -1.84617 24.99
      vertex -1.9799 -1.9799 30
      vertex -1.9799 -1.9799 24.99
    endloop
  endfacet
  facet normal 0.773013 0.63439 0
    outer loop
      vertex -2.10515 -1.84617 30
      vertex -2.22139 -1.70453 24.99
      vertex -2.22139 -1.70453 30
    endloop
  endfacet
  facet normal 0.773013 0.63439 0
    outer loop
      vertex -2.22139 -1.70453 24.99
      vertex -2.10515 -1.84617 30
      vertex -2.10515 -1.84617 24.99
    endloop
  endfacet
  facet normal 0.773013 -0.63439 0
    outer loop
      vertex -2.22139 1.70453 30
      vertex -2.10515 1.84617 24.99
      vertex -2.10515 1.84617 30
    endloop
  endfacet
  facet normal 0.773013 -0.63439 0
    outer loop
      vertex -2.10515 1.84617 24.99
      vertex -2.22139 1.70453 30
      vertex -2.22139 1.70453 24.99
    endloop
  endfacet
  facet normal 0.935907 0.352248 0
    outer loop
      vertex -2.58686 -1.07151 30
      vertex -2.6514 -0.90003 24.99
      vertex -2.6514 -0.90003 30
    endloop
  endfacet
  facet normal 0.935907 0.352248 0
    outer loop
      vertex -2.6514 -0.90003 24.99
      vertex -2.58686 -1.07151 30
      vertex -2.58686 -1.07151 24.99
    endloop
  endfacet
  facet normal -0.683587 0.729869 0
    outer loop
      vertex 1.9799 -1.9799 24.99
      vertex 1.84617 -2.10515 30
      vertex 1.9799 -1.9799 30
    endloop
  endfacet
  facet normal -0.683587 0.729869 0
    outer loop
      vertex 1.84617 -2.10515 30
      vertex 1.9799 -1.9799 24.99
      vertex 1.84617 -2.10515 24.99
    endloop
  endfacet
  facet normal -0.683587 -0.729869 0
    outer loop
      vertex 1.84617 2.10515 24.99
      vertex 1.9799 1.9799 30
      vertex 1.84617 2.10515 30
    endloop
  endfacet
  facet normal -0.683587 -0.729869 -0
    outer loop
      vertex 1.9799 1.9799 30
      vertex 1.84617 2.10515 24.99
      vertex 1.9799 1.9799 24.99
    endloop
  endfacet
  facet normal 0.0327464 -0.999464 0
    outer loop
      vertex -0.183128 2.794 24.99
      vertex 0 2.8 30
      vertex -0.183128 2.794 30
    endloop
  endfacet
  facet normal 0.0327464 -0.999464 0
    outer loop
      vertex 0 2.8 30
      vertex -0.183128 2.794 24.99
      vertex 0 2.8 24.99
    endloop
  endfacet
  facet normal 0.935907 -0.352248 0
    outer loop
      vertex -2.6514 0.90003 30
      vertex -2.58686 1.07151 24.99
      vertex -2.58686 1.07151 30
    endloop
  endfacet
  facet normal 0.935907 -0.352248 0
    outer loop
      vertex -2.58686 1.07151 24.99
      vertex -2.6514 0.90003 30
      vertex -2.6514 0.90003 24.99
    endloop
  endfacet
  facet normal -0.47139 -0.881925 0
    outer loop
      vertex 1.23841 2.51124 24.99
      vertex 1.4 2.42487 30
      vertex 1.23841 2.51124 30
    endloop
  endfacet
  facet normal -0.47139 -0.881925 -0
    outer loop
      vertex 1.4 2.42487 30
      vertex 1.23841 2.51124 24.99
      vertex 1.4 2.42487 24.99
    endloop
  endfacet
  facet normal -0.412701 -0.910867 0
    outer loop
      vertex 1.07151 2.58686 24.99
      vertex 1.23841 2.51124 30
      vertex 1.07151 2.58686 30
    endloop
  endfacet
  facet normal -0.412701 -0.910867 -0
    outer loop
      vertex 1.23841 2.51124 30
      vertex 1.07151 2.58686 24.99
      vertex 1.23841 2.51124 24.99
    endloop
  endfacet
  facet normal 0.849198 -0.528075 0
    outer loop
      vertex -2.42487 1.4 30
      vertex -2.32811 1.5556 24.99
      vertex -2.32811 1.5556 30
    endloop
  endfacet
  facet normal 0.849198 -0.528075 0
    outer loop
      vertex -2.32811 1.5556 24.99
      vertex -2.42487 1.4 30
      vertex -2.42487 1.4 24.99
    endloop
  endfacet
  facet normal 0.352248 -0.935907 0
    outer loop
      vertex -1.07151 2.58686 24.99
      vertex -0.90003 2.6514 30
      vertex -1.07151 2.58686 30
    endloop
  endfacet
  facet normal 0.352248 -0.935907 0
    outer loop
      vertex -0.90003 2.6514 30
      vertex -1.07151 2.58686 24.99
      vertex -0.90003 2.6514 24.99
    endloop
  endfacet
  facet normal 0.290295 -0.956937 0
    outer loop
      vertex -0.90003 2.6514 24.99
      vertex -0.724693 2.70459 30
      vertex -0.90003 2.6514 30
    endloop
  endfacet
  facet normal 0.290295 -0.956937 0
    outer loop
      vertex -0.724693 2.70459 30
      vertex -0.90003 2.6514 24.99
      vertex -0.724693 2.70459 24.99
    endloop
  endfacet
  facet normal 0.47139 0.881925 -0
    outer loop
      vertex -1.23841 -2.51124 24.99
      vertex -1.4 -2.42487 30
      vertex -1.23841 -2.51124 30
    endloop
  endfacet
  facet normal 0.47139 0.881925 0
    outer loop
      vertex -1.4 -2.42487 30
      vertex -1.23841 -2.51124 24.99
      vertex -1.4 -2.42487 24.99
    endloop
  endfacet
  facet normal -0.729869 0.683587 0
    outer loop
      vertex 1.9799 -1.9799 24.99
      vertex 2.10515 -1.84617 30
      vertex 2.10515 -1.84617 24.99
    endloop
  endfacet
  facet normal -0.729869 0.683587 0
    outer loop
      vertex 2.10515 -1.84617 30
      vertex 1.9799 -1.9799 24.99
      vertex 1.9799 -1.9799 30
    endloop
  endfacet
  facet normal -0.227094 -0.973873 0
    outer loop
      vertex 0.546252 2.7462 24.99
      vertex 0.724693 2.70459 30
      vertex 0.546252 2.7462 30
    endloop
  endfacet
  facet normal -0.227094 -0.973873 -0
    outer loop
      vertex 0.724693 2.70459 30
      vertex 0.546252 2.7462 24.99
      vertex 0.724693 2.70459 24.99
    endloop
  endfacet
  facet normal 0.63439 0.773013 -0
    outer loop
      vertex -1.70453 -2.22139 24.99
      vertex -1.84617 -2.10515 30
      vertex -1.70453 -2.22139 30
    endloop
  endfacet
  facet normal 0.63439 0.773013 0
    outer loop
      vertex -1.84617 -2.10515 30
      vertex -1.70453 -2.22139 24.99
      vertex -1.84617 -2.10515 24.99
    endloop
  endfacet
  facet normal 0 0 -1
    outer loop
      vertex 2.49465 -0.163507 30.49
      vertex 2.49465 0.163507 30.49
      vertex 2.5 0 30.49
    endloop
  endfacet
  facet normal 0 0 -1
    outer loop
      vertex 2.47861 -0.326315 30.49
      vertex 2.49465 0.163507 30.49
      vertex 2.49465 -0.163507 30.49
    endloop
  endfacet
  facet normal 0 0 -1
    outer loop
      vertex 2.47861 -0.326315 30.49
      vertex 2.47861 0.326315 30.49
      vertex 2.49465 0.163507 30.49
    endloop
  endfacet
  facet normal 0 0 -1
    outer loop
      vertex 2.45196 -0.487725 30.49
      vertex 2.47861 0.326315 30.49
      vertex 2.47861 -0.326315 30.49
    endloop
  endfacet
  facet normal 0 0 -1
    outer loop
      vertex 2.45196 -0.487725 30.49
      vertex 2.45196 0.487725 30.49
      vertex 2.47861 0.326315 30.49
    endloop
  endfacet
  facet normal 0 0 -1
    outer loop
      vertex 2.41481 -0.647047 30.49
      vertex 2.45196 0.487725 30.49
      vertex 2.45196 -0.487725 30.49
    endloop
  endfacet
  facet normal 0 0 -1
    outer loop
      vertex 2.41481 -0.647047 30.49
      vertex 2.41481 0.647047 30.49
      vertex 2.45196 0.487725 30.49
    endloop
  endfacet
  facet normal 0 0 -1
    outer loop
      vertex 2.36732 -0.803598 30.49
      vertex 2.41481 0.647047 30.49
      vertex 2.41481 -0.647047 30.49
    endloop
  endfacet
  facet normal 0 0 -1
    outer loop
      vertex 2.36732 -0.803598 30.49
      vertex 2.36732 0.803598 30.49
      vertex 2.41481 0.647047 30.49
    endloop
  endfacet
  facet normal 0 0 -1
    outer loop
      vertex 2.3097 -0.956708 30.49
      vertex 2.36732 0.803598 30.49
      vertex 2.36732 -0.803598 30.49
    endloop
  endfacet
  facet normal 0 0 -1
    outer loop
      vertex 2.3097 -0.956708 30.49
      vertex 2.3097 0.956708 30.49
      vertex 2.36732 0.803598 30.49
    endloop
  endfacet
  facet normal 0 0 -1
    outer loop
      vertex 2.24218 -1.10572 30.49
      vertex 2.3097 0.956708 30.49
      vertex 2.3097 -0.956708 30.49
    endloop
  endfacet
  facet normal 0 0 -1
    outer loop
      vertex 2.24218 -1.10572 30.49
      vertex 2.24218 1.10572 30.49
      vertex 2.3097 0.956708 30.49
    endloop
  endfacet
  facet normal 0 0 -1
    outer loop
      vertex 2.16506 -1.25 30.49
      vertex 2.24218 1.10572 30.49
      vertex 2.24218 -1.10572 30.49
    endloop
  endfacet
  facet normal 0 0 -1
    outer loop
      vertex 2.16506 -1.25 30.49
      vertex 2.16506 1.25 30.49
      vertex 2.24218 1.10572 30.49
    endloop
  endfacet
  facet normal 0 0 -1
    outer loop
      vertex 2.07867 -1.38893 30.49
      vertex 2.16506 1.25 30.49
      vertex 2.16506 -1.25 30.49
    endloop
  endfacet
  facet normal 0 0 -1
    outer loop
      vertex 2.07867 -1.38893 30.49
      vertex 2.07867 1.38893 30.49
      vertex 2.16506 1.25 30.49
    endloop
  endfacet
  facet normal 0 0 -1
    outer loop
      vertex 1.98338 -1.5219 30.49
      vertex 2.07867 1.38893 30.49
      vertex 2.07867 -1.38893 30.49
    endloop
  endfacet
  facet normal 0 0 -1
    outer loop
      vertex 1.98338 -1.5219 30.49
      vertex 1.98338 1.5219 30.49
      vertex 2.07867 1.38893 30.49
    endloop
  endfacet
  facet normal 0 0 -1
    outer loop
      vertex 1.8796 -1.64836 30.49
      vertex 1.98338 1.5219 30.49
      vertex 1.98338 -1.5219 30.49
    endloop
  endfacet
  facet normal 0 0 -1
    outer loop
      vertex 1.8796 -1.64836 30.49
      vertex 1.8796 1.64836 30.49
      vertex 1.98338 1.5219 30.49
    endloop
  endfacet
  facet normal 0 0 -1
    outer loop
      vertex 1.76777 -1.76777 30.49
      vertex 1.8796 1.64836 30.49
      vertex 1.8796 -1.64836 30.49
    endloop
  endfacet
  facet normal 0 0 -1
    outer loop
      vertex 1.76777 -1.76777 30.49
      vertex 1.76777 1.76777 30.49
      vertex 1.8796 1.64836 30.49
    endloop
  endfacet
  facet normal 0 0 -1
    outer loop
      vertex 1.64836 -1.8796 30.49
      vertex 1.76777 1.76777 30.49
      vertex 1.76777 -1.76777 30.49
    endloop
  endfacet
  facet normal 0 0 -1
    outer loop
      vertex 1.64836 -1.8796 30.49
      vertex 1.64836 1.8796 30.49
      vertex 1.76777 1.76777 30.49
    endloop
  endfacet
  facet normal 0 0 -1
    outer loop
      vertex 1.5219 -1.98338 30.49
      vertex 1.64836 1.8796 30.49
      vertex 1.64836 -1.8796 30.49
    endloop
  endfacet
  facet normal 0 0 -1
    outer loop
      vertex 1.5219 -1.98338 30.49
      vertex 1.5219 1.98338 30.49
      vertex 1.64836 1.8796 30.49
    endloop
  endfacet
  facet normal 0 0 -1
    outer loop
      vertex 1.38893 -2.07867 30.49
      vertex 1.5219 1.98338 30.49
      vertex 1.5219 -1.98338 30.49
    endloop
  endfacet
  facet normal 0 0 -1
    outer loop
      vertex 1.38893 -2.07867 30.49
      vertex 1.38893 2.07867 30.49
      vertex 1.5219 1.98338 30.49
    endloop
  endfacet
  facet normal 0 0 -1
    outer loop
      vertex 1.25 -2.16506 30.49
      vertex 1.38893 2.07867 30.49
      vertex 1.38893 -2.07867 30.49
    endloop
  endfacet
  facet normal 0 0 -1
    outer loop
      vertex 1.25 -2.16506 30.49
      vertex 1.25 2.16506 30.49
      vertex 1.38893 2.07867 30.49
    endloop
  endfacet
  facet normal 0 0 -1
    outer loop
      vertex 1.10572 -2.24218 30.49
      vertex 1.25 2.16506 30.49
      vertex 1.25 -2.16506 30.49
    endloop
  endfacet
  facet normal 0 0 -1
    outer loop
      vertex 1.10572 -2.24218 30.49
      vertex 1.10572 2.24218 30.49
      vertex 1.25 2.16506 30.49
    endloop
  endfacet
  facet normal 0 0 -1
    outer loop
      vertex 0.956708 -2.3097 30.49
      vertex 1.10572 2.24218 30.49
      vertex 1.10572 -2.24218 30.49
    endloop
  endfacet
  facet normal 0 0 -1
    outer loop
      vertex 0.956708 -2.3097 30.49
      vertex 0.956708 2.3097 30.49
      vertex 1.10572 2.24218 30.49
    endloop
  endfacet
  facet normal 0 0 -1
    outer loop
      vertex 0.803598 -2.36732 30.49
      vertex 0.956708 2.3097 30.49
      vertex 0.956708 -2.3097 30.49
    endloop
  endfacet
  facet normal 0 0 -1
    outer loop
      vertex 0.803598 -2.36732 30.49
      vertex 0.803598 2.36732 30.49
      vertex 0.956708 2.3097 30.49
    endloop
  endfacet
  facet normal 0 0 -1
    outer loop
      vertex 0.647047 -2.41481 30.49
      vertex 0.803598 2.36732 30.49
      vertex 0.803598 -2.36732 30.49
    endloop
  endfacet
  facet normal 0 0 -1
    outer loop
      vertex 0.647047 -2.41481 30.49
      vertex 0.647047 2.41481 30.49
      vertex 0.803598 2.36732 30.49
    endloop
  endfacet
  facet normal 0 0 -1
    outer loop
      vertex 0.487725 -2.45196 30.49
      vertex 0.647047 2.41481 30.49
      vertex 0.647047 -2.41481 30.49
    endloop
  endfacet
  facet normal 0 0 -1
    outer loop
      vertex 0.487725 -2.45196 30.49
      vertex 0.487725 2.45196 30.49
      vertex 0.647047 2.41481 30.49
    endloop
  endfacet
  facet normal 0 0 -1
    outer loop
      vertex 0.326315 -2.47861 30.49
      vertex 0.487725 2.45196 30.49
      vertex 0.487725 -2.45196 30.49
    endloop
  endfacet
  facet normal 0 0 -1
    outer loop
      vertex 0.326315 -2.47861 30.49
      vertex 0.326315 2.47861 30.49
      vertex 0.487725 2.45196 30.49
    endloop
  endfacet
  facet normal 0 0 -1
    outer loop
      vertex 0.163507 -2.49465 30.49
      vertex 0.326315 2.47861 30.49
      vertex 0.326315 -2.47861 30.49
    endloop
  endfacet
  facet normal 0 0 -1
    outer loop
      vertex 0.163507 -2.49465 30.49
      vertex 0.163507 2.49465 30.49
      vertex 0.326315 2.47861 30.49
    endloop
  endfacet
  facet normal 0 0 -1
    outer loop
      vertex 0 -2.5 30.49
      vertex 0.163507 2.49465 30.49
      vertex 0.163507 -2.49465 30.49
    endloop
  endfacet
  facet normal 0 0 -1
    outer loop
      vertex 0 -2.5 30.49
      vertex 0 2.5 30.49
      vertex 0.163507 2.49465 30.49
    endloop
  endfacet
  facet normal 0 0 -1
    outer loop
      vertex -0.163507 -2.49465 30.49
      vertex 0 2.5 30.49
      vertex 0 -2.5 30.49
    endloop
  endfacet
  facet normal 0 0 -1
    outer loop
      vertex -0.163507 -2.49465 30.49
      vertex -0.163507 2.49465 30.49
      vertex 0 2.5 30.49
    endloop
  endfacet
  facet normal 0 0 -1
    outer loop
      vertex -0.326315 -2.47861 30.49
      vertex -0.163507 2.49465 30.49
      vertex -0.163507 -2.49465 30.49
    endloop
  endfacet
  facet normal 0 0 -1
    outer loop
      vertex -0.326315 -2.47861 30.49
      vertex -0.326315 2.47861 30.49
      vertex -0.163507 2.49465 30.49
    endloop
  endfacet
  facet normal 0 0 -1
    outer loop
      vertex -0.487725 -2.45196 30.49
      vertex -0.326315 2.47861 30.49
      vertex -0.326315 -2.47861 30.49
    endloop
  endfacet
  facet normal 0 0 -1
    outer loop
      vertex -0.487725 -2.45196 30.49
      vertex -0.487725 2.45196 30.49
      vertex -0.326315 2.47861 30.49
    endloop
  endfacet
  facet normal 0 0 -1
    outer loop
      vertex -0.647047 -2.41481 30.49
      vertex -0.487725 2.45196 30.49
      vertex -0.487725 -2.45196 30.49
    endloop
  endfacet
  facet normal 0 0 -1
    outer loop
      vertex -0.647047 -2.41481 30.49
      vertex -0.647047 2.41481 30.49
      vertex -0.487725 2.45196 30.49
    endloop
  endfacet
  facet normal 0 0 -1
    outer loop
      vertex -0.803598 -2.36732 30.49
      vertex -0.647047 2.41481 30.49
      vertex -0.647047 -2.41481 30.49
    endloop
  endfacet
  facet normal 0 0 -1
    outer loop
      vertex -0.803598 -2.36732 30.49
      vertex -0.803598 2.36732 30.49
      vertex -0.647047 2.41481 30.49
    endloop
  endfacet
  facet normal 0 0 -1
    outer loop
      vertex -0.956708 -2.3097 30.49
      vertex -0.803598 2.36732 30.49
      vertex -0.803598 -2.36732 30.49
    endloop
  endfacet
  facet normal 0 0 -1
    outer loop
      vertex -0.956708 -2.3097 30.49
      vertex -0.956708 2.3097 30.49
      vertex -0.803598 2.36732 30.49
    endloop
  endfacet
  facet normal 0 0 -1
    outer loop
      vertex -1.10572 -2.24218 30.49
      vertex -0.956708 2.3097 30.49
      vertex -0.956708 -2.3097 30.49
    endloop
  endfacet
  facet normal 0 0 -1
    outer loop
      vertex -1.10572 -2.24218 30.49
      vertex -1.10572 2.24218 30.49
      vertex -0.956708 2.3097 30.49
    endloop
  endfacet
  facet normal 0 0 -1
    outer loop
      vertex -1.25 -2.16506 30.49
      vertex -1.10572 2.24218 30.49
      vertex -1.10572 -2.24218 30.49
    endloop
  endfacet
  facet normal 0 0 -1
    outer loop
      vertex -1.25 -2.16506 30.49
      vertex -1.25 2.16506 30.49
      vertex -1.10572 2.24218 30.49
    endloop
  endfacet
  facet normal 0 0 -1
    outer loop
      vertex -1.38893 -2.07867 30.49
      vertex -1.25 2.16506 30.49
      vertex -1.25 -2.16506 30.49
    endloop
  endfacet
  facet normal 0 0 -1
    outer loop
      vertex -1.38893 -2.07867 30.49
      vertex -1.38893 2.07867 30.49
      vertex -1.25 2.16506 30.49
    endloop
  endfacet
  facet normal 0 0 -1
    outer loop
      vertex -1.5219 -1.98338 30.49
      vertex -1.38893 2.07867 30.49
      vertex -1.38893 -2.07867 30.49
    endloop
  endfacet
  facet normal 0 0 -1
    outer loop
      vertex -1.5219 -1.98338 30.49
      vertex -1.5219 1.98338 30.49
      vertex -1.38893 2.07867 30.49
    endloop
  endfacet
  facet normal 0 0 -1
    outer loop
      vertex -1.64836 -1.8796 30.49
      vertex -1.5219 1.98338 30.49
      vertex -1.5219 -1.98338 30.49
    endloop
  endfacet
  facet normal 0 0 -1
    outer loop
      vertex -1.64836 -1.8796 30.49
      vertex -1.64836 1.8796 30.49
      vertex -1.5219 1.98338 30.49
    endloop
  endfacet
  facet normal 0 0 -1
    outer loop
      vertex -1.76777 -1.76777 30.49
      vertex -1.64836 1.8796 30.49
      vertex -1.64836 -1.8796 30.49
    endloop
  endfacet
  facet normal 0 0 -1
    outer loop
      vertex -1.76777 -1.76777 30.49
      vertex -1.76777 1.76777 30.49
      vertex -1.64836 1.8796 30.49
    endloop
  endfacet
  facet normal 0 0 -1
    outer loop
      vertex -1.8796 -1.64836 30.49
      vertex -1.76777 1.76777 30.49
      vertex -1.76777 -1.76777 30.49
    endloop
  endfacet
  facet normal 0 0 -1
    outer loop
      vertex -1.8796 -1.64836 30.49
      vertex -1.8796 1.64836 30.49
      vertex -1.76777 1.76777 30.49
    endloop
  endfacet
  facet normal 0 0 -1
    outer loop
      vertex -1.98338 -1.5219 30.49
      vertex -1.8796 1.64836 30.49
      vertex -1.8796 -1.64836 30.49
    endloop
  endfacet
  facet normal 0 0 -1
    outer loop
      vertex -1.98338 -1.5219 30.49
      vertex -1.98338 1.5219 30.49
      vertex -1.8796 1.64836 30.49
    endloop
  endfacet
  facet normal 0 0 -1
    outer loop
      vertex -2.07867 -1.38893 30.49
      vertex -1.98338 1.5219 30.49
      vertex -1.98338 -1.5219 30.49
    endloop
  endfacet
  facet normal 0 0 -1
    outer loop
      vertex -2.07867 -1.38893 30.49
      vertex -2.07867 1.38893 30.49
      vertex -1.98338 1.5219 30.49
    endloop
  endfacet
  facet normal 0 0 -1
    outer loop
      vertex -2.16506 -1.25 30.49
      vertex -2.07867 1.38893 30.49
      vertex -2.07867 -1.38893 30.49
    endloop
  endfacet
  facet normal 0 0 -1
    outer loop
      vertex -2.16506 -1.25 30.49
      vertex -2.16506 1.25 30.49
      vertex -2.07867 1.38893 30.49
    endloop
  endfacet
  facet normal 0 0 -1
    outer loop
      vertex -2.24218 -1.10572 30.49
      vertex -2.16506 1.25 30.49
      vertex -2.16506 -1.25 30.49
    endloop
  endfacet
  facet normal 0 0 -1
    outer loop
      vertex -2.24218 -1.10572 30.49
      vertex -2.24218 1.10572 30.49
      vertex -2.16506 1.25 30.49
    endloop
  endfacet
  facet normal 0 0 -1
    outer loop
      vertex -2.3097 -0.956708 30.49
      vertex -2.24218 1.10572 30.49
      vertex -2.24218 -1.10572 30.49
    endloop
  endfacet
  facet normal 0 0 -1
    outer loop
      vertex -2.3097 -0.956708 30.49
      vertex -2.3097 0.956708 30.49
      vertex -2.24218 1.10572 30.49
    endloop
  endfacet
  facet normal 0 0 -1
    outer loop
      vertex -2.36732 -0.803598 30.49
      vertex -2.3097 0.956708 30.49
      vertex -2.3097 -0.956708 30.49
    endloop
  endfacet
  facet normal 0 0 -1
    outer loop
      vertex -2.36732 -0.803598 30.49
      vertex -2.36732 0.803598 30.49
      vertex -2.3097 0.956708 30.49
    endloop
  endfacet
  facet normal 0 0 -1
    outer loop
      vertex -2.41481 -0.647047 30.49
      vertex -2.36732 0.803598 30.49
      vertex -2.36732 -0.803598 30.49
    endloop
  endfacet
  facet normal 0 0 -1
    outer loop
      vertex -2.41481 -0.647047 30.49
      vertex -2.41481 0.647047 30.49
      vertex -2.36732 0.803598 30.49
    endloop
  endfacet
  facet normal 0 0 -1
    outer loop
      vertex -2.45196 -0.487725 30.49
      vertex -2.41481 0.647047 30.49
      vertex -2.41481 -0.647047 30.49
    endloop
  endfacet
  facet normal 0 0 -1
    outer loop
      vertex -2.45196 -0.487725 30.49
      vertex -2.45196 0.487725 30.49
      vertex -2.41481 0.647047 30.49
    endloop
  endfacet
  facet normal 0 0 -1
    outer loop
      vertex -2.47861 -0.326315 30.49
      vertex -2.45196 0.487725 30.49
      vertex -2.45196 -0.487725 30.49
    endloop
  endfacet
  facet normal 0 0 -1
    outer loop
      vertex -2.47861 -0.326315 30.49
      vertex -2.47861 0.326315 30.49
      vertex -2.45196 0.487725 30.49
    endloop
  endfacet
  facet normal 0 0 -1
    outer loop
      vertex -2.49465 -0.163507 30.49
      vertex -2.47861 0.326315 30.49
      vertex -2.47861 -0.326315 30.49
    endloop
  endfacet
  facet normal 0 0 -1
    outer loop
      vertex -2.49465 -0.163507 30.49
      vertex -2.49465 0.163507 30.49
      vertex -2.47861 0.326315 30.49
    endloop
  endfacet
  facet normal 0 -0 -1
    outer loop
      vertex -2.49465 0.163507 30.49
      vertex -2.49465 -0.163507 30.49
      vertex -2.5 0 30.49
    endloop
  endfacet
endsolid OpenSCAD_Model
