solid OpenSCAD_Model
  facet normal -0.965891 0.258949 0
    outer loop
      vertex 5.03466 -1.09337 -5.12739
      vertex 5.04055 -1.0714 -4.03561
      vertex 5.04055 -1.0714 -5.12739
    endloop
  endfacet
  facet normal -0.965891 0.258949 0
    outer loop
      vertex 5.03466 -1.09337 -4.03532
      vertex 5.04055 -1.0714 -4.03561
      vertex 5.03466 -1.09337 -5.12739
    endloop
  endfacet
  facet normal -0 0 -1
    outer loop
      vertex 5.04055 -1.0714 -4.03532
      vertex 5.03466 -1.09337 -4.03532
      vertex 5.0406 -1.07121 -4.03532
    endloop
  endfacet
  facet normal -0.965891 0.258949 0
    outer loop
      vertex 5.04055 -1.0714 -4.03561
      vertex 5.03466 -1.09337 -4.03532
      vertex 5.04055 -1.0714 -4.03532
    endloop
  endfacet
  facet normal -0.965891 0.258949 0
    outer loop
      vertex 5.03466 -1.09337 -3.7821
      vertex 5.04055 -1.0714 -2.69031
      vertex 5.04055 -1.0714 -3.7821
    endloop
  endfacet
  facet normal -0.965891 0.258949 0
    outer loop
      vertex 5.03466 -1.09337 -2.69003
      vertex 5.04055 -1.0714 -2.69031
      vertex 5.03466 -1.09337 -3.7821
    endloop
  endfacet
  facet normal -0 0 -1
    outer loop
      vertex 5.04055 -1.0714 -2.69003
      vertex 5.03466 -1.09337 -2.69003
      vertex 5.0406 -1.07121 -2.69003
    endloop
  endfacet
  facet normal -0.965891 0.258949 0
    outer loop
      vertex 5.04055 -1.0714 -2.69031
      vertex 5.03466 -1.09337 -2.69003
      vertex 5.04055 -1.0714 -2.69003
    endloop
  endfacet
  facet normal -0.965891 0.258949 0
    outer loop
      vertex 5.03466 -1.09337 -2.41902
      vertex 5.04055 -1.0714 -1.0769
      vertex 5.04055 -1.0714 -2.41902
    endloop
  endfacet
  facet normal -0.965891 0.258949 0
    outer loop
      vertex 5.03466 -1.09337 -1.07661
      vertex 5.04055 -1.0714 -1.0769
      vertex 5.03466 -1.09337 -2.41902
    endloop
  endfacet
  facet normal -0 0 -1
    outer loop
      vertex 5.04055 -1.0714 -1.07661
      vertex 5.03466 -1.09337 -1.07661
      vertex 5.0406 -1.07121 -1.07661
    endloop
  endfacet
  facet normal -0.965891 0.258949 0
    outer loop
      vertex 5.04055 -1.0714 -1.0769
      vertex 5.03466 -1.09337 -1.07661
      vertex 5.04055 -1.0714 -1.07661
    endloop
  endfacet
  facet normal -0.965663 0.259798 0
    outer loop
      vertex 5.04002 -1.07337 -0.373763
      vertex 5.04055 -1.0714 -0.379052
      vertex 5.04055 -1.0714 -0.379179
    endloop
  endfacet
  facet normal -0.964624 0.263627 0.00153046
    outer loop
      vertex 5.04055 -1.0714 -0.379052
      vertex 5.04002 -1.07337 -0.373763
      vertex 5.03584 -1.08898 -0.319472
    endloop
  endfacet
  facet normal -0.96594 0.258766 0
    outer loop
      vertex 5.02887 -1.115 -0.145125
      vertex 5.04055 -1.0714 -0.378442
      vertex 5.04055 -1.0714 -0.378668
    endloop
  endfacet
  facet normal -0.966166 0.257921 -0.000169106
    outer loop
      vertex 5.04055 -1.0714 -0.378442
      vertex 5.02887 -1.115 -0.145125
      vertex 5.0284 -1.11672 -0.08319
    endloop
  endfacet
  facet normal -0.965747 0.259484 0
    outer loop
      vertex 5.04055 -1.0714 0.226113
      vertex 5.03922 -1.07635 0.211623
      vertex 5.04055 -1.0714 0.226229
    endloop
  endfacet
  facet normal -0.96492 0.26254 -0.00112011
    outer loop
      vertex 5.03922 -1.07635 0.211623
      vertex 5.04055 -1.0714 0.226113
      vertex 5.03533 -1.09088 0.157012
    endloop
  endfacet
  facet normal -0.965921 0.258835 0
    outer loop
      vertex 5.04055 -1.0714 0.226008
      vertex 5.03533 -1.09088 0.157012
      vertex 5.04055 -1.0714 0.226113
    endloop
  endfacet
  facet normal -0.965885 0.25897 -4.08893e-05
    outer loop
      vertex 5.03533 -1.09088 0.157012
      vertex 5.04055 -1.0714 0.226008
      vertex 5.0323 -1.10219 0.100219
    endloop
  endfacet
  facet normal -0.965108 0.261851 0
    outer loop
      vertex 5.04055 -1.0714 1.81379
      vertex 5.0402 -1.07269 1.81081
      vertex 5.04055 -1.0714 1.81392
    endloop
  endfacet
  facet normal -0.962953 0.269646 -0.00362765
    outer loop
      vertex 5.0402 -1.07269 1.81081
      vertex 5.04055 -1.0714 1.81379
      vertex 5.03595 -1.08854 1.76082
    endloop
  endfacet
  facet normal -0.965927 0.258814 0
    outer loop
      vertex 5.04055 -1.0714 0.225878
      vertex 5.0323 -1.10219 0.100219
      vertex 5.04055 -1.0714 0.226008
    endloop
  endfacet
  facet normal -0.966218 0.257728 0.000285364
    outer loop
      vertex 5.0323 -1.10219 0.100219
      vertex 5.04055 -1.0714 0.225878
      vertex 5.03013 -1.11026 0.0412436
    endloop
  endfacet
  facet normal -0.965822 0.259205 0
    outer loop
      vertex 5.04055 -1.0714 1.81369
      vertex 5.03595 -1.08854 1.76082
      vertex 5.04055 -1.0714 1.81379
    endloop
  endfacet
  facet normal -0.965375 0.260864 -0.000576651
    outer loop
      vertex 5.03595 -1.08854 1.76082
      vertex 5.04055 -1.0714 1.81369
      vertex 5.03265 -1.10087 1.70755
    endloop
  endfacet
  facet normal -0.965879 0.258993 0
    outer loop
      vertex 5.04055 -1.0714 0.225709
      vertex 5.03013 -1.11026 0.0412436
      vertex 5.04055 -1.0714 0.225878
    endloop
  endfacet
  facet normal -0.965865 0.259048 -1.23991e-05
    outer loop
      vertex 5.03013 -1.11026 0.0412436
      vertex 5.04055 -1.0714 0.225709
      vertex 5.02883 -1.11511 -0.019866
    endloop
  endfacet
  facet normal -0.965897 0.258927 0
    outer loop
      vertex 5.04055 -1.0714 1.81356
      vertex 5.03265 -1.10087 1.70755
      vertex 5.04055 -1.0714 1.81369
    endloop
  endfacet
  facet normal -0.965743 0.259499 -0.000170246
    outer loop
      vertex 5.03265 -1.10087 1.70755
      vertex 5.04055 -1.0714 1.81356
      vertex 5.03029 -1.10969 1.65103
    endloop
  endfacet
  facet normal -0.965924 0.258824 0
    outer loop
      vertex 5.04055 -1.0714 1.8134
      vertex 5.03029 -1.10969 1.65103
      vertex 5.04055 -1.0714 1.81356
    endloop
  endfacet
  facet normal -0.966067 0.258293 0.000134211
    outer loop
      vertex 5.03029 -1.10969 1.65103
      vertex 5.04055 -1.0714 1.8134
      vertex 5.02887 -1.11497 1.59123
    endloop
  endfacet
  facet normal -0.965896 0.258932 0
    outer loop
      vertex 5.04055 -1.0714 1.81316
      vertex 5.02887 -1.11497 1.59123
      vertex 5.04055 -1.0714 1.8134
    endloop
  endfacet
  facet normal -0.965915 0.258858 1.55118e-05
    outer loop
      vertex 5.02887 -1.11497 1.59123
      vertex 5.04055 -1.0714 1.81316
      vertex 5.0284 -1.11672 1.52815
    endloop
  endfacet
  facet normal -0.965931 0.2588 0
    outer loop
      vertex 5.0305 -1.10891 1.39709
      vertex 5.04055 -1.0714 1.24119
      vertex 5.04055 -1.0714 1.24102
    endloop
  endfacet
  facet normal -0.966185 0.25785 -0.000245124
    outer loop
      vertex 5.04055 -1.0714 1.24119
      vertex 5.0305 -1.10891 1.39709
      vertex 5.02892 -1.11477 1.46062
    endloop
  endfacet
  facet normal -0.965933 0.258791 0
    outer loop
      vertex 5.03584 -1.08898 -0.319472
      vertex 5.04055 -1.0714 -0.378954
      vertex 5.04055 -1.0714 -0.379052
    endloop
  endfacet
  facet normal -0.966192 0.257822 -0.000306759
    outer loop
      vertex 5.04055 -1.0714 -0.378954
      vertex 5.03584 -1.08898 -0.319472
      vertex 5.03258 -1.10113 -0.263259
    endloop
  endfacet
  facet normal -0.965894 0.258936 0
    outer loop
      vertex 5.03258 -1.10113 -0.263259
      vertex 5.04055 -1.0714 -0.378831
      vertex 5.04055 -1.0714 -0.378954
    endloop
  endfacet
  facet normal -0.965834 0.259161 6.19019e-05
    outer loop
      vertex 5.04055 -1.0714 -0.378831
      vertex 5.03258 -1.10113 -0.263259
      vertex 5.03026 -1.10979 -0.205138
    endloop
  endfacet
  facet normal -0.965904 0.2589 0
    outer loop
      vertex 5.03026 -1.10979 -0.205138
      vertex 5.04055 -1.0714 -0.378668
      vertex 5.04055 -1.0714 -0.378831
    endloop
  endfacet
  facet normal -0.96571 0.259623 0.000171644
    outer loop
      vertex 5.04055 -1.0714 -0.378668
      vertex 5.03026 -1.10979 -0.205138
      vertex 5.02887 -1.115 -0.145125
    endloop
  endfacet
  facet normal -0.965891 0.258949 0
    outer loop
      vertex 5.0284 -1.11672 -0.08319
      vertex 5.04055 -1.0714 -0.378114
      vertex 5.04055 -1.0714 -0.378442
    endloop
  endfacet
  facet normal -0.965926 0.25882 -2.1342e-05
    outer loop
      vertex 5.04055 -1.0714 -0.378114
      vertex 5.0284 -1.11672 -0.08319
      vertex 5.02883 -1.11511 -0.019866
    endloop
  endfacet
  facet normal -0.965882 0.258983 0
    outer loop
      vertex 5.04055 -1.0714 0.225709
      vertex 5.04055 -1.0714 -0.378114
      vertex 5.02883 -1.11511 -0.019866
    endloop
  endfacet
  facet normal -0.965891 0.258949 0
    outer loop
      vertex 5.03466 -1.09337 2.31108
      vertex 5.04055 -1.0714 3.43914
      vertex 5.04055 -1.0714 2.31108
    endloop
  endfacet
  facet normal 0 0 1
    outer loop
      vertex 5.03466 -1.09337 2.31108
      vertex 5.04055 -1.0714 2.31108
      vertex 5.0406 -1.07121 2.31108
    endloop
  endfacet
  facet normal -0.965891 0.258949 0
    outer loop
      vertex 5.03466 -1.09337 3.43944
      vertex 5.04055 -1.0714 3.43914
      vertex 5.03466 -1.09337 2.31108
    endloop
  endfacet
  facet normal -0.965891 0.258949 0
    outer loop
      vertex 5.04055 -1.0714 3.43914
      vertex 5.03466 -1.09337 3.43944
      vertex 5.04055 -1.0714 3.43944
    endloop
  endfacet
  facet normal -0.965927 0.258816 0
    outer loop
      vertex 5.03678 -1.08547 1.28204
      vertex 5.04055 -1.0714 1.24088
      vertex 5.04055 -1.0714 1.24078
    endloop
  endfacet
  facet normal -0.966131 0.258051 -0.000280226
    outer loop
      vertex 5.04055 -1.0714 1.24088
      vertex 5.03678 -1.08547 1.28204
      vertex 5.03311 -1.09915 1.33757
    endloop
  endfacet
  facet normal -0.965887 0.258962 0
    outer loop
      vertex 5.03311 -1.09915 1.33757
      vertex 5.04055 -1.0714 1.24102
      vertex 5.04055 -1.0714 1.24088
    endloop
  endfacet
  facet normal -0.965666 0.259788 0.000254433
    outer loop
      vertex 5.04055 -1.0714 1.24102
      vertex 5.03311 -1.09915 1.33757
      vertex 5.0305 -1.10891 1.39709
    endloop
  endfacet
  facet normal -0.965875 0.259007 0
    outer loop
      vertex 5.02892 -1.11477 1.46062
      vertex 5.04055 -1.0714 1.24144
      vertex 5.04055 -1.0714 1.24119
    endloop
  endfacet
  facet normal -0.965814 0.259236 4.86889e-05
    outer loop
      vertex 5.04055 -1.0714 1.24144
      vertex 5.02892 -1.11477 1.46062
      vertex 5.0284 -1.11672 1.52815
    endloop
  endfacet
  facet normal -0.965891 0.258949 0
    outer loop
      vertex 5.04055 -1.0714 1.81316
      vertex 5.04055 -1.0714 1.24144
      vertex 5.0284 -1.11672 1.52815
    endloop
  endfacet
  facet normal -0.967075 0.254493 0
    outer loop
      vertex 5.0406 -1.07121 3.53944
      vertex 5.04055 -1.0714 3.53953
      vertex 5.0406 -1.07121 3.53961
    endloop
  endfacet
  facet normal -0.966438 0.256844 0.00531705
    outer loop
      vertex 5.03466 -1.09337 3.53023
      vertex 5.04055 -1.0714 3.53953
      vertex 5.0406 -1.07121 3.53944
    endloop
  endfacet
  facet normal -0.965891 0.258949 0
    outer loop
      vertex 5.03466 -1.09337 3.76607
      vertex 5.04055 -1.0714 3.53953
      vertex 5.03466 -1.09337 3.53023
    endloop
  endfacet
  facet normal -0.965891 0.258949 0
    outer loop
      vertex 5.04055 -1.0714 3.53953
      vertex 5.03466 -1.09337 3.76607
      vertex 5.04055 -1.0714 3.77496
    endloop
  endfacet
  facet normal -0.965891 0.258949 0
    outer loop
      vertex 5.04055 -1.0714 4.9242
      vertex 5.03466 -1.09337 4.93314
      vertex 5.04055 -1.0714 5.16316
    endloop
  endfacet
  facet normal -0.970143 0.242536 0
    outer loop
      vertex 5.04056 -1.07137 5.16314
      vertex 5.0406 -1.07121 5.16322
      vertex 5.0406 -1.07121 5.16307
    endloop
  endfacet
  facet normal -0.959264 0.274075 -0.0685189
    outer loop
      vertex 5.04055 -1.0714 5.16316
      vertex 5.0406 -1.07121 5.16322
      vertex 5.04056 -1.07137 5.16314
    endloop
  endfacet
  facet normal -0.966555 0.256378 -0.00640247
    outer loop
      vertex 5.04055 -1.0714 5.16316
      vertex 5.03466 -1.09337 5.17259
      vertex 5.0406 -1.07121 5.16322
    endloop
  endfacet
  facet normal -0.965891 0.258949 0
    outer loop
      vertex 5.03466 -1.09337 5.17259
      vertex 5.04055 -1.0714 5.16316
      vertex 5.03466 -1.09337 4.93314
    endloop
  endfacet
  facet normal 0.965931 -0.258801 0
    outer loop
      vertex 5.04221 -1.0954 -4.03532
      vertex 5.04815 -1.07323 -5.12739
      vertex 5.04815 -1.07323 -4.03532
    endloop
  endfacet
  facet normal 0.965931 -0.258801 0
    outer loop
      vertex 5.04815 -1.07323 -5.12739
      vertex 5.04221 -1.0954 -4.03532
      vertex 5.04221 -1.0954 -5.12739
    endloop
  endfacet
  facet normal 0.965931 -0.258801 0
    outer loop
      vertex 5.04221 -1.0954 -2.69003
      vertex 5.04815 -1.07323 -3.7821
      vertex 5.04815 -1.07323 -2.69003
    endloop
  endfacet
  facet normal 0.965931 -0.258801 0
    outer loop
      vertex 5.04815 -1.07323 -3.7821
      vertex 5.04221 -1.0954 -2.69003
      vertex 5.04221 -1.0954 -3.7821
    endloop
  endfacet
  facet normal 0.965931 -0.258801 0
    outer loop
      vertex 5.04221 -1.0954 -1.07661
      vertex 5.04815 -1.07323 -2.41902
      vertex 5.04815 -1.07323 -1.07661
    endloop
  endfacet
  facet normal 0.965931 -0.258801 0
    outer loop
      vertex 5.04815 -1.07323 -2.41902
      vertex 5.04221 -1.0954 -1.07661
      vertex 5.04221 -1.0954 -2.41902
    endloop
  endfacet
  facet normal 0.959471 -0.281719 -0.00712907
    outer loop
      vertex 5.04756 -1.07539 -0.373763
      vertex 5.04815 -1.07323 -0.379714
      vertex 5.04338 -1.091 -0.319472
    endloop
  endfacet
  facet normal 0.965862 -0.259056 -2.06674e-05
    outer loop
      vertex 5.03641 -1.11702 -0.145125
      vertex 5.04815 -1.07323 -0.379714
      vertex 5.03595 -1.11874 -0.08319
    endloop
  endfacet
  facet normal 0.965733 -0.259539 8.67835e-05
    outer loop
      vertex 5.04815 -1.07323 0.226806
      vertex 5.04677 -1.07837 0.211623
      vertex 5.04287 -1.0929 0.157012
    endloop
  endfacet
  facet normal 0.965504 -0.260389 0.000343783
    outer loop
      vertex 5.04815 -1.07323 0.226806
      vertex 5.04287 -1.0929 0.157012
      vertex 5.03984 -1.10421 0.100219
    endloop
  endfacet
  facet normal 0.965689 -0.259702 0.000190119
    outer loop
      vertex 5.04815 -1.07323 1.81439
      vertex 5.04775 -1.07472 1.81081
      vertex 5.0435 -1.09056 1.76082
    endloop
  endfacet
  facet normal 0.965576 -0.260122 0.00027374
    outer loop
      vertex 5.04815 -1.07323 0.226806
      vertex 5.03984 -1.10421 0.100219
      vertex 5.03768 -1.11229 0.0412436
    endloop
  endfacet
  facet normal 0.965287 -0.261192 0.000707074
    outer loop
      vertex 5.04815 -1.07323 1.81439
      vertex 5.0435 -1.09056 1.76082
      vertex 5.0402 -1.1029 1.70755
    endloop
  endfacet
  facet normal 0.965901 -0.258913 9.74369e-07
    outer loop
      vertex 5.04815 -1.07323 0.226806
      vertex 5.03768 -1.11229 0.0412436
      vertex 5.03638 -1.11714 -0.019866
    endloop
  endfacet
  facet normal 0.966255 -0.257589 -0.000365651
    outer loop
      vertex 5.04815 -1.07323 1.81439
      vertex 5.0402 -1.1029 1.70755
      vertex 5.03783 -1.11171 1.65103
    endloop
  endfacet
  facet normal 0.965701 -0.259656 0.000156278
    outer loop
      vertex 5.04815 -1.07323 1.81439
      vertex 5.03783 -1.11171 1.65103
      vertex 5.03642 -1.11699 1.59123
    endloop
  endfacet
  facet normal 0.965921 -0.258836 -1.61812e-05
    outer loop
      vertex 5.04815 -1.07323 1.81439
      vertex 5.03642 -1.11699 1.59123
      vertex 5.03595 -1.11874 1.52815
    endloop
  endfacet
  facet normal 0.965766 -0.259416 -0.00010266
    outer loop
      vertex 5.03804 -1.11093 1.39709
      vertex 5.04815 -1.07323 1.2402
      vertex 5.03647 -1.1168 1.46062
    endloop
  endfacet
  facet normal 0.965184 -0.261572 -0.000733926
    outer loop
      vertex 5.04338 -1.091 -0.319472
      vertex 5.04815 -1.07323 -0.379714
      vertex 5.04013 -1.10315 -0.263259
    endloop
  endfacet
  facet normal 0.965852 -0.259094 -5.1302e-05
    outer loop
      vertex 5.04013 -1.10315 -0.263259
      vertex 5.04815 -1.07323 -0.379714
      vertex 5.03781 -1.11181 -0.205138
    endloop
  endfacet
  facet normal 0.966019 -0.25847 9.66184e-05
    outer loop
      vertex 5.03781 -1.11181 -0.205138
      vertex 5.04815 -1.07323 -0.379714
      vertex 5.03641 -1.11702 -0.145125
    endloop
  endfacet
  facet normal 0.965873 -0.259017 -1.41874e-05
    outer loop
      vertex 5.04815 -1.07323 -0.379714
      vertex 5.03638 -1.11714 -0.019866
      vertex 5.03595 -1.11874 -0.08319
    endloop
  endfacet
  facet normal 0.965902 -0.258908 0
    outer loop
      vertex 5.04815 -1.07323 -0.379714
      vertex 5.04815 -1.07323 0.226806
      vertex 5.03638 -1.11714 -0.019866
    endloop
  endfacet
  facet normal 0.965931 -0.258801 0
    outer loop
      vertex 5.04221 -1.0954 3.43944
      vertex 5.04815 -1.07323 2.31108
      vertex 5.04815 -1.07323 3.43944
    endloop
  endfacet
  facet normal 0.965931 -0.258801 0
    outer loop
      vertex 5.04815 -1.07323 2.31108
      vertex 5.04221 -1.0954 3.43944
      vertex 5.04221 -1.0954 2.31108
    endloop
  endfacet
  facet normal 0.965114 -0.26183 -0.00089174
    outer loop
      vertex 5.04432 -1.08749 1.28204
      vertex 5.04815 -1.07323 1.2402
      vertex 5.04066 -1.10117 1.33757
    endloop
  endfacet
  facet normal 0.966014 -0.258489 0.000136093
    outer loop
      vertex 5.04066 -1.10117 1.33757
      vertex 5.04815 -1.07323 1.2402
      vertex 5.03804 -1.11093 1.39709
    endloop
  endfacet
  facet normal 0.965894 -0.258937 -1.07549e-06
    outer loop
      vertex 5.03647 -1.1168 1.46062
      vertex 5.04815 -1.07323 1.2402
      vertex 5.03595 -1.11874 1.52815
    endloop
  endfacet
  facet normal 0.965896 -0.258931 0
    outer loop
      vertex 5.04815 -1.07323 1.2402
      vertex 5.04815 -1.07323 1.81439
      vertex 5.03595 -1.11874 1.52815
    endloop
  endfacet
  facet normal 0.965931 -0.258801 0
    outer loop
      vertex 5.04221 -1.0954 3.76607
      vertex 5.04815 -1.07323 3.53944
      vertex 5.04815 -1.07323 3.77504
    endloop
  endfacet
  facet normal 0.965931 -0.258801 0
    outer loop
      vertex 5.04815 -1.07323 3.53944
      vertex 5.04221 -1.0954 3.76607
      vertex 5.04221 -1.0954 3.53023
    endloop
  endfacet
  facet normal 0.965931 -0.258801 0
    outer loop
      vertex 5.04221 -1.0954 4.93314
      vertex 5.04815 -1.07323 5.16322
      vertex 5.04221 -1.0954 5.17259
    endloop
  endfacet
  facet normal 0.965931 -0.258801 0
    outer loop
      vertex 5.04815 -1.07323 5.16322
      vertex 5.04221 -1.0954 4.93314
      vertex 5.04815 -1.07323 4.92412
    endloop
  endfacet
  facet normal 0 0 -1
    outer loop
      vertex 5.04221 -1.0954 -5.12739
      vertex 5.04432 -1.0722 -5.12739
      vertex 5.04815 -1.07323 -5.12739
    endloop
  endfacet
  facet normal 0 0 -1
    outer loop
      vertex 5.03466 -1.09337 -5.12739
      vertex 5.04432 -1.0722 -5.12739
      vertex 5.04221 -1.0954 -5.12739
    endloop
  endfacet
  facet normal -0 0 -1
    outer loop
      vertex 5.04432 -1.0722 -5.12739
      vertex 5.03466 -1.09337 -5.12739
      vertex 5.04051 -1.0716 -5.12739
    endloop
  endfacet
  facet normal 0 0 -1
    outer loop
      vertex 5.04055 -1.0714 -5.12739
      vertex 5.04051 -1.0716 -5.12739
      vertex 5.03466 -1.09337 -5.12739
    endloop
  endfacet
  facet normal 0 0 1
    outer loop
      vertex 5.04815 -1.07323 -4.03532
      vertex 5.04432 -1.0722 -4.03532
      vertex 5.0406 -1.07121 -4.03532
    endloop
  endfacet
  facet normal 0.259702 0.965689 -0
    outer loop
      vertex 5.04815 -1.07323 -5.12739
      vertex 5.04432 -1.0722 -4.03532
      vertex 5.04815 -1.07323 -4.03532
    endloop
  endfacet
  facet normal 0.259702 0.965689 0
    outer loop
      vertex 5.04432 -1.0722 -4.03532
      vertex 5.04815 -1.07323 -5.12739
      vertex 5.04432 -1.0722 -5.12739
    endloop
  endfacet
  facet normal 0 0 1
    outer loop
      vertex 5.0406 -1.07121 -4.03532
      vertex 5.04221 -1.0954 -4.03532
      vertex 5.04815 -1.07323 -4.03532
    endloop
  endfacet
  facet normal 0 0 1
    outer loop
      vertex 5.04221 -1.0954 -4.03532
      vertex 5.0406 -1.07121 -4.03532
      vertex 5.03466 -1.09337 -4.03532
    endloop
  endfacet
  facet normal -0.259652 -0.965702 0
    outer loop
      vertex 5.03466 -1.09337 -5.12739
      vertex 5.04221 -1.0954 -4.03532
      vertex 5.03466 -1.09337 -4.03532
    endloop
  endfacet
  facet normal -0.259652 -0.965702 -0
    outer loop
      vertex 5.04221 -1.0954 -4.03532
      vertex 5.03466 -1.09337 -5.12739
      vertex 5.04221 -1.0954 -5.12739
    endloop
  endfacet
  facet normal 0 0 -1
    outer loop
      vertex 5.04221 -1.0954 -3.7821
      vertex 5.04432 -1.0722 -3.7821
      vertex 5.04815 -1.07323 -3.7821
    endloop
  endfacet
  facet normal 0 0 -1
    outer loop
      vertex 5.03466 -1.09337 -3.7821
      vertex 5.04432 -1.0722 -3.7821
      vertex 5.04221 -1.0954 -3.7821
    endloop
  endfacet
  facet normal -0 0 -1
    outer loop
      vertex 5.04432 -1.0722 -3.7821
      vertex 5.03466 -1.09337 -3.7821
      vertex 5.04051 -1.0716 -3.7821
    endloop
  endfacet
  facet normal 0 0 -1
    outer loop
      vertex 5.04055 -1.0714 -3.7821
      vertex 5.04051 -1.0716 -3.7821
      vertex 5.03466 -1.09337 -3.7821
    endloop
  endfacet
  facet normal 0 0 1
    outer loop
      vertex 5.04815 -1.07323 -2.69003
      vertex 5.04432 -1.0722 -2.69003
      vertex 5.0406 -1.07121 -2.69003
    endloop
  endfacet
  facet normal 0.259702 0.965689 -0
    outer loop
      vertex 5.04815 -1.07323 -3.7821
      vertex 5.04432 -1.0722 -2.69003
      vertex 5.04815 -1.07323 -2.69003
    endloop
  endfacet
  facet normal 0.259702 0.965689 0
    outer loop
      vertex 5.04432 -1.0722 -2.69003
      vertex 5.04815 -1.07323 -3.7821
      vertex 5.04432 -1.0722 -3.7821
    endloop
  endfacet
  facet normal 0 0 1
    outer loop
      vertex 5.0406 -1.07121 -2.69003
      vertex 5.04221 -1.0954 -2.69003
      vertex 5.04815 -1.07323 -2.69003
    endloop
  endfacet
  facet normal 0 0 1
    outer loop
      vertex 5.04221 -1.0954 -2.69003
      vertex 5.0406 -1.07121 -2.69003
      vertex 5.03466 -1.09337 -2.69003
    endloop
  endfacet
  facet normal -0.259652 -0.965702 0
    outer loop
      vertex 5.03466 -1.09337 -3.7821
      vertex 5.04221 -1.0954 -2.69003
      vertex 5.03466 -1.09337 -2.69003
    endloop
  endfacet
  facet normal -0.259652 -0.965702 -0
    outer loop
      vertex 5.04221 -1.0954 -2.69003
      vertex 5.03466 -1.09337 -3.7821
      vertex 5.04221 -1.0954 -3.7821
    endloop
  endfacet
  facet normal 0 0 -1
    outer loop
      vertex 5.04221 -1.0954 -2.41902
      vertex 5.04432 -1.0722 -2.41902
      vertex 5.04815 -1.07323 -2.41902
    endloop
  endfacet
  facet normal 0 0 -1
    outer loop
      vertex 5.03466 -1.09337 -2.41902
      vertex 5.04432 -1.0722 -2.41902
      vertex 5.04221 -1.0954 -2.41902
    endloop
  endfacet
  facet normal -0 0 -1
    outer loop
      vertex 5.04432 -1.0722 -2.41902
      vertex 5.03466 -1.09337 -2.41902
      vertex 5.04051 -1.0716 -2.41902
    endloop
  endfacet
  facet normal 0 0 -1
    outer loop
      vertex 5.04055 -1.0714 -2.41902
      vertex 5.04051 -1.0716 -2.41902
      vertex 5.03466 -1.09337 -2.41902
    endloop
  endfacet
  facet normal 0 0 1
    outer loop
      vertex 5.04815 -1.07323 -1.07661
      vertex 5.04432 -1.0722 -1.07661
      vertex 5.0406 -1.07121 -1.07661
    endloop
  endfacet
  facet normal 0.259702 0.965689 -0
    outer loop
      vertex 5.04815 -1.07323 -2.41902
      vertex 5.04432 -1.0722 -1.07661
      vertex 5.04815 -1.07323 -1.07661
    endloop
  endfacet
  facet normal 0.259702 0.965689 0
    outer loop
      vertex 5.04432 -1.0722 -1.07661
      vertex 5.04815 -1.07323 -2.41902
      vertex 5.04432 -1.0722 -2.41902
    endloop
  endfacet
  facet normal 0 0 1
    outer loop
      vertex 5.0406 -1.07121 -1.07661
      vertex 5.04221 -1.0954 -1.07661
      vertex 5.04815 -1.07323 -1.07661
    endloop
  endfacet
  facet normal 0 0 1
    outer loop
      vertex 5.04221 -1.0954 -1.07661
      vertex 5.0406 -1.07121 -1.07661
      vertex 5.03466 -1.09337 -1.07661
    endloop
  endfacet
  facet normal -0.259652 -0.965702 0
    outer loop
      vertex 5.03466 -1.09337 -2.41902
      vertex 5.04221 -1.0954 -1.07661
      vertex 5.03466 -1.09337 -1.07661
    endloop
  endfacet
  facet normal -0.259652 -0.965702 -0
    outer loop
      vertex 5.04221 -1.0954 -1.07661
      vertex 5.03466 -1.09337 -2.41902
      vertex 5.04221 -1.0954 -2.41902
    endloop
  endfacet
  facet normal -0.24918 -0.931341 0.265545
    outer loop
      vertex 5.04677 -1.07837 0.211623
      vertex 5.03922 -1.07635 0.211623
      vertex 5.03533 -1.09088 0.157012
    endloop
  endfacet
  facet normal -0.249485 -0.931247 0.265588
    outer loop
      vertex 5.04287 -1.0929 0.157012
      vertex 5.04677 -1.07837 0.211623
      vertex 5.03533 -1.09088 0.157012
    endloop
  endfacet
  facet normal -0.253448 -0.94604 0.20192
    outer loop
      vertex 5.04287 -1.0929 0.157012
      vertex 5.03533 -1.09088 0.157012
      vertex 5.0323 -1.10219 0.100219
    endloop
  endfacet
  facet normal -0.253448 -0.94604 0.20192
    outer loop
      vertex 5.03984 -1.10421 0.100219
      vertex 5.04287 -1.0929 0.157012
      vertex 5.0323 -1.10219 0.100219
    endloop
  endfacet
  facet normal -0.256219 -0.956383 0.140296
    outer loop
      vertex 5.03984 -1.10421 0.100219
      vertex 5.0323 -1.10219 0.100219
      vertex 5.03013 -1.11026 0.0412436
    endloop
  endfacet
  facet normal -0.25708 -0.956135 0.140412
    outer loop
      vertex 5.03768 -1.11229 0.0412436
      vertex 5.03984 -1.10421 0.100219
      vertex 5.03013 -1.11026 0.0412436
    endloop
  endfacet
  facet normal -0.25878 -0.962459 0.0818912
    outer loop
      vertex 5.03768 -1.11229 0.0412436
      vertex 5.03013 -1.11026 0.0412436
      vertex 5.02883 -1.11511 -0.019866
    endloop
  endfacet
  facet normal -0.25878 -0.962459 0.0818912
    outer loop
      vertex 5.03638 -1.11714 -0.019866
      vertex 5.03768 -1.11229 0.0412436
      vertex 5.02883 -1.11511 -0.019866
    endloop
  endfacet
  facet normal -0.259563 -0.965368 0.0263068
    outer loop
      vertex 5.03638 -1.11714 -0.019866
      vertex 5.02883 -1.11511 -0.019866
      vertex 5.0284 -1.11672 -0.08319
    endloop
  endfacet
  facet normal -0.258371 -0.965692 0.0261545
    outer loop
      vertex 5.03595 -1.11874 -0.08319
      vertex 5.03638 -1.11714 -0.019866
      vertex 5.0284 -1.11672 -0.08319
    endloop
  endfacet
  facet normal -0.258352 -0.965622 -0.0287769
    outer loop
      vertex 5.02887 -1.115 -0.145125
      vertex 5.03595 -1.11874 -0.08319
      vertex 5.0284 -1.11672 -0.08319
    endloop
  endfacet
  facet normal -0.258672 -0.965538 -0.0287352
    outer loop
      vertex 5.03595 -1.11874 -0.08319
      vertex 5.02887 -1.115 -0.145125
      vertex 5.03641 -1.11702 -0.145125
    endloop
  endfacet
  facet normal -0.25774 -0.962061 -0.0894906
    outer loop
      vertex 5.03026 -1.10979 -0.205138
      vertex 5.03641 -1.11702 -0.145125
      vertex 5.02887 -1.115 -0.145125
    endloop
  endfacet
  facet normal -0.257421 -0.962143 -0.0895331
    outer loop
      vertex 5.03641 -1.11702 -0.145125
      vertex 5.03026 -1.10979 -0.205138
      vertex 5.03781 -1.11181 -0.205138
    endloop
  endfacet
  facet normal -0.255438 -0.95473 -0.152451
    outer loop
      vertex 5.03258 -1.10113 -0.263259
      vertex 5.03781 -1.11181 -0.205138
      vertex 5.03026 -1.10979 -0.205138
    endloop
  endfacet
  facet normal -0.255438 -0.95473 -0.152451
    outer loop
      vertex 5.03781 -1.11181 -0.205138
      vertex 5.03258 -1.10113 -0.263259
      vertex 5.04013 -1.10315 -0.263259
    endloop
  endfacet
  facet normal -0.25222 -0.942705 -0.218385
    outer loop
      vertex 5.03584 -1.08898 -0.319472
      vertex 5.04013 -1.10315 -0.263259
      vertex 5.03258 -1.10113 -0.263259
    endloop
  endfacet
  facet normal -0.252535 -0.942631 -0.218343
    outer loop
      vertex 5.04013 -1.10315 -0.263259
      vertex 5.03584 -1.08898 -0.319472
      vertex 5.04338 -1.091 -0.319472
    endloop
  endfacet
  facet normal -0.248025 -0.925795 -0.285285
    outer loop
      vertex 5.04002 -1.07337 -0.373763
      vertex 5.04338 -1.091 -0.319472
      vertex 5.03584 -1.08898 -0.319472
    endloop
  endfacet
  facet normal -0.248025 -0.925795 -0.285285
    outer loop
      vertex 5.04756 -1.07539 -0.373763
      vertex 5.04338 -1.091 -0.319472
      vertex 5.04002 -1.07337 -0.373763
    endloop
  endfacet
  facet normal -0.241903 -0.904141 -0.352154
    outer loop
      vertex 5.04152 -1.07176 -0.378927
      vertex 5.04002 -1.07337 -0.373763
      vertex 5.04051 -1.0716 -0.378644
    endloop
  endfacet
  facet normal -0.37536 -0.858643 -0.349052
    outer loop
      vertex 5.04051 -1.0716 -0.378644
      vertex 5.04002 -1.07337 -0.373763
      vertex 5.04055 -1.0714 -0.379179
    endloop
  endfacet
  facet normal -0.242197 -0.904041 -0.352208
    outer loop
      vertex 5.04002 -1.07337 -0.373763
      vertex 5.04152 -1.07176 -0.378927
      vertex 5.04756 -1.07539 -0.373763
    endloop
  endfacet
  facet normal -0.241305 -0.903909 -0.353158
    outer loop
      vertex 5.04432 -1.0722 -0.379714
      vertex 5.04756 -1.07539 -0.373763
      vertex 5.04152 -1.07176 -0.378927
    endloop
  endfacet
  facet normal -0.243066 -0.903828 -0.352156
    outer loop
      vertex 5.04756 -1.07539 -0.373763
      vertex 5.04432 -1.0722 -0.379714
      vertex 5.04815 -1.07323 -0.379714
    endloop
  endfacet
  facet normal 0.256503 0.957611 0.131101
    outer loop
      vertex 5.04815 -1.07323 0.226806
      vertex 5.04432 -1.0722 0.226776
      vertex 5.04423 -1.07218 0.226806
    endloop
  endfacet
  facet normal 0.259702 0.965689 -0
    outer loop
      vertex 5.04815 -1.07323 -0.379714
      vertex 5.04432 -1.0722 0.226776
      vertex 5.04815 -1.07323 0.226806
    endloop
  endfacet
  facet normal 0.259702 0.965689 0
    outer loop
      vertex 5.04432 -1.0722 0.226776
      vertex 5.04815 -1.07323 -0.379714
      vertex 5.04432 -1.0722 -0.379714
    endloop
  endfacet
  facet normal -0.407039 -0.853175 0.326207
    outer loop
      vertex 5.04055 -1.0714 0.226229
      vertex 5.03922 -1.07635 0.211623
      vertex 5.04051 -1.0716 0.225656
    endloop
  endfacet
  facet normal -0.239545 -0.8943 0.377948
    outer loop
      vertex 5.04422 -1.07219 0.226776
      vertex 5.04815 -1.07323 0.226806
      vertex 5.04423 -1.07218 0.226806
    endloop
  endfacet
  facet normal -0.244845 -0.91132 0.330978
    outer loop
      vertex 5.03922 -1.07635 0.211623
      vertex 5.04422 -1.07219 0.226776
      vertex 5.04051 -1.0716 0.225656
    endloop
  endfacet
  facet normal -0.243787 -0.911693 0.330732
    outer loop
      vertex 5.04422 -1.07219 0.226776
      vertex 5.03922 -1.07635 0.211623
      vertex 5.04815 -1.07323 0.226806
    endloop
  endfacet
  facet normal -0.243909 -0.911639 0.330792
    outer loop
      vertex 5.04677 -1.07837 0.211623
      vertex 5.04815 -1.07323 0.226806
      vertex 5.03922 -1.07635 0.211623
    endloop
  endfacet
  facet normal -0.245567 -0.917836 0.311889
    outer loop
      vertex 5.0435 -1.09056 1.76082
      vertex 5.0402 -1.07269 1.81081
      vertex 5.03595 -1.08854 1.76082
    endloop
  endfacet
  facet normal -0.246715 -0.917584 0.311724
    outer loop
      vertex 5.0402 -1.07269 1.81081
      vertex 5.0435 -1.09056 1.76082
      vertex 5.04775 -1.07472 1.81081
    endloop
  endfacet
  facet normal -0.251344 -0.939431 0.233013
    outer loop
      vertex 5.0435 -1.09056 1.76082
      vertex 5.03595 -1.08854 1.76082
      vertex 5.03265 -1.10087 1.70755
    endloop
  endfacet
  facet normal -0.252495 -0.939081 0.23318
    outer loop
      vertex 5.0402 -1.1029 1.70755
      vertex 5.0435 -1.09056 1.76082
      vertex 5.03265 -1.10087 1.70755
    endloop
  endfacet
  facet normal -0.255467 -0.953575 0.159473
    outer loop
      vertex 5.03783 -1.11171 1.65103
      vertex 5.03265 -1.10087 1.70755
      vertex 5.03029 -1.10969 1.65103
    endloop
  endfacet
  facet normal -0.256334 -0.953362 0.159353
    outer loop
      vertex 5.03265 -1.10087 1.70755
      vertex 5.03783 -1.11171 1.65103
      vertex 5.0402 -1.1029 1.70755
    endloop
  endfacet
  facet normal -0.257385 -0.96201 0.0910518
    outer loop
      vertex 5.03642 -1.11699 1.59123
      vertex 5.03029 -1.10969 1.65103
      vertex 5.02887 -1.11497 1.59123
    endloop
  endfacet
  facet normal -0.257705 -0.961928 0.0910091
    outer loop
      vertex 5.03029 -1.10969 1.65103
      vertex 5.03642 -1.11699 1.59123
      vertex 5.03783 -1.11171 1.65103
    endloop
  endfacet
  facet normal -0.258352 -0.965624 0.0287138
    outer loop
      vertex 5.03595 -1.11874 1.52815
      vertex 5.02887 -1.11497 1.59123
      vertex 5.0284 -1.11672 1.52815
    endloop
  endfacet
  facet normal -0.258352 -0.965624 0.0287138
    outer loop
      vertex 5.02887 -1.11497 1.59123
      vertex 5.03595 -1.11874 1.52815
      vertex 5.03642 -1.11699 1.59123
    endloop
  endfacet
  facet normal -0.258344 -0.965591 -0.0298718
    outer loop
      vertex 5.02892 -1.11477 1.46062
      vertex 5.03595 -1.11874 1.52815
      vertex 5.0284 -1.11672 1.52815
    endloop
  endfacet
  facet normal -0.259538 -0.965275 -0.0297289
    outer loop
      vertex 5.03595 -1.11874 1.52815
      vertex 5.02892 -1.11477 1.46062
      vertex 5.03647 -1.1168 1.46062
    endloop
  endfacet
  facet normal -0.258476 -0.961325 -0.0951009
    outer loop
      vertex 5.0305 -1.10891 1.39709
      vertex 5.03647 -1.1168 1.46062
      vertex 5.02892 -1.11477 1.46062
    endloop
  endfacet
  facet normal -0.257603 -0.961549 -0.0952106
    outer loop
      vertex 5.03647 -1.1168 1.46062
      vertex 5.0305 -1.10891 1.39709
      vertex 5.03804 -1.11093 1.39709
    endloop
  endfacet
  facet normal -0.255129 -0.952315 -0.167347
    outer loop
      vertex 5.03311 -1.09915 1.33757
      vertex 5.03804 -1.11093 1.39709
      vertex 5.0305 -1.10891 1.39709
    endloop
  endfacet
  facet normal -0.254812 -0.952393 -0.167388
    outer loop
      vertex 5.04066 -1.10117 1.33757
      vertex 5.03804 -1.11093 1.39709
      vertex 5.03311 -1.09915 1.33757
    endloop
  endfacet
  facet normal -0.250441 -0.936053 -0.247152
    outer loop
      vertex 5.03678 -1.08547 1.28204
      vertex 5.04066 -1.10117 1.33757
      vertex 5.03311 -1.09915 1.33757
    endloop
  endfacet
  facet normal -0.250753 -0.935981 -0.247109
    outer loop
      vertex 5.04066 -1.10117 1.33757
      vertex 5.03678 -1.08547 1.28204
      vertex 5.04432 -1.08749 1.28204
    endloop
  endfacet
  facet normal -0.244029 -0.910882 -0.332781
    outer loop
      vertex 5.03678 -1.08547 1.28204
      vertex 5.04051 -1.0716 1.24134
      vertex 5.04432 -1.08749 1.28204
    endloop
  endfacet
  facet normal -0.598592 -0.73989 -0.307003
    outer loop
      vertex 5.04051 -1.0716 1.24134
      vertex 5.03678 -1.08547 1.28204
      vertex 5.04055 -1.0714 1.24078
    endloop
  endfacet
  facet normal -0.232294 -0.913212 -0.334789
    outer loop
      vertex 5.04432 -1.08749 1.28204
      vertex 5.04051 -1.0716 1.24134
      vertex 5.0407 -1.07163 1.24129
    endloop
  endfacet
  facet normal -0.244371 -0.910381 -0.3339
    outer loop
      vertex 5.04815 -1.07323 1.2402
      vertex 5.0407 -1.07163 1.24129
      vertex 5.04417 -1.07218 1.24025
    endloop
  endfacet
  facet normal -0.242185 -0.900836 -0.360334
    outer loop
      vertex 5.04815 -1.07323 1.2402
      vertex 5.04417 -1.07218 1.24025
      vertex 5.04417 -1.07216 1.2402
    endloop
  endfacet
  facet normal -0.244299 -0.910808 -0.332786
    outer loop
      vertex 5.0407 -1.07163 1.24129
      vertex 5.04815 -1.07323 1.2402
      vertex 5.04432 -1.08749 1.28204
    endloop
  endfacet
  facet normal 0.259775 0.965581 -0.0130705
    outer loop
      vertex 5.04815 -1.07323 1.81439
      vertex 5.04432 -1.0722 1.81436
      vertex 5.04421 -1.07217 1.81439
    endloop
  endfacet
  facet normal 0.259702 0.965689 0
    outer loop
      vertex 5.04815 -1.07323 1.81439
      vertex 5.04432 -1.0722 1.24025
      vertex 5.04432 -1.0722 1.81436
    endloop
  endfacet
  facet normal 0.259702 0.965689 -0
    outer loop
      vertex 5.04815 -1.07323 1.2402
      vertex 5.04432 -1.0722 1.24025
      vertex 5.04815 -1.07323 1.81439
    endloop
  endfacet
  facet normal 0.25962 0.96569 -0.00630853
    outer loop
      vertex 5.04432 -1.0722 1.24025
      vertex 5.04815 -1.07323 1.2402
      vertex 5.04417 -1.07216 1.2402
    endloop
  endfacet
  facet normal -0.335254 -0.856287 0.39291
    outer loop
      vertex 5.04055 -1.0714 1.81392
      vertex 5.0402 -1.07269 1.81081
      vertex 5.04051 -1.0716 1.81345
    endloop
  endfacet
  facet normal -0.240506 -0.893956 0.378154
    outer loop
      vertex 5.0442 -1.07218 1.81436
      vertex 5.04815 -1.07323 1.81439
      vertex 5.04421 -1.07217 1.81439
    endloop
  endfacet
  facet normal -0.236826 -0.887896 0.394403
    outer loop
      vertex 5.0402 -1.07269 1.81081
      vertex 5.0442 -1.07218 1.81436
      vertex 5.04051 -1.0716 1.81345
    endloop
  endfacet
  facet normal -0.238677 -0.886557 0.396296
    outer loop
      vertex 5.0442 -1.07218 1.81436
      vertex 5.0402 -1.07269 1.81081
      vertex 5.04815 -1.07323 1.81439
    endloop
  endfacet
  facet normal -0.238453 -0.886859 0.395754
    outer loop
      vertex 5.04775 -1.07472 1.81081
      vertex 5.04815 -1.07323 1.81439
      vertex 5.0402 -1.07269 1.81081
    endloop
  endfacet
  facet normal 0 0 -1
    outer loop
      vertex 5.04221 -1.0954 2.31108
      vertex 5.0406 -1.07121 2.31108
      vertex 5.04815 -1.07323 2.31108
    endloop
  endfacet
  facet normal 0 -0 -1
    outer loop
      vertex 5.0406 -1.07121 2.31108
      vertex 5.04221 -1.0954 2.31108
      vertex 5.03466 -1.09337 2.31108
    endloop
  endfacet
  facet normal 0.259702 0.965689 0
    outer loop
      vertex 5.04815 -1.07323 3.43944
      vertex 5.04432 -1.0722 2.31108
      vertex 5.04432 -1.0722 3.43944
    endloop
  endfacet
  facet normal 0.259702 0.965689 -0
    outer loop
      vertex 5.04815 -1.07323 2.31108
      vertex 5.04432 -1.0722 2.31108
      vertex 5.04815 -1.07323 3.43944
    endloop
  endfacet
  facet normal 0 0 -1
    outer loop
      vertex 5.0406 -1.07121 2.31108
      vertex 5.04432 -1.0722 2.31108
      vertex 5.04815 -1.07323 2.31108
    endloop
  endfacet
  facet normal 0 0 1
    outer loop
      vertex 5.03466 -1.09337 3.43944
      vertex 5.04051 -1.0716 3.43944
      vertex 5.04055 -1.0714 3.43944
    endloop
  endfacet
  facet normal 0 0 1
    outer loop
      vertex 5.04432 -1.0722 3.43944
      vertex 5.04221 -1.0954 3.43944
      vertex 5.04815 -1.07323 3.43944
    endloop
  endfacet
  facet normal 0 0 1
    outer loop
      vertex 5.03466 -1.09337 3.43944
      vertex 5.04432 -1.0722 3.43944
      vertex 5.04051 -1.0716 3.43944
    endloop
  endfacet
  facet normal 0 0 1
    outer loop
      vertex 5.04432 -1.0722 3.43944
      vertex 5.03466 -1.09337 3.43944
      vertex 5.04221 -1.0954 3.43944
    endloop
  endfacet
  facet normal -0.259652 -0.965702 0
    outer loop
      vertex 5.03466 -1.09337 2.31108
      vertex 5.04221 -1.0954 3.43944
      vertex 5.03466 -1.09337 3.43944
    endloop
  endfacet
  facet normal -0.259652 -0.965702 -0
    outer loop
      vertex 5.04221 -1.0954 3.43944
      vertex 5.03466 -1.09337 2.31108
      vertex 5.04221 -1.0954 2.31108
    endloop
  endfacet
  facet normal -0.259652 -0.965702 0
    outer loop
      vertex 5.03466 -1.09337 3.53023
      vertex 5.04221 -1.0954 3.76607
      vertex 5.03466 -1.09337 3.76607
    endloop
  endfacet
  facet normal -0.259652 -0.965702 -0
    outer loop
      vertex 5.04221 -1.0954 3.76607
      vertex 5.03466 -1.09337 3.53023
      vertex 5.04221 -1.0954 3.53023
    endloop
  endfacet
  facet normal 0.0962524 0.359755 -0.928069
    outer loop
      vertex 5.04221 -1.0954 3.53023
      vertex 5.0406 -1.07121 3.53944
      vertex 5.04815 -1.07323 3.53944
    endloop
  endfacet
  facet normal 0.0967319 0.359767 -0.928015
    outer loop
      vertex 5.0406 -1.07121 3.53944
      vertex 5.04221 -1.0954 3.53023
      vertex 5.03466 -1.09337 3.53023
    endloop
  endfacet
  facet normal 0.258868 0.963819 0.0635612
    outer loop
      vertex 5.04815 -1.07323 3.77504
      vertex 5.04432 -1.0722 3.77502
      vertex 5.04398 -1.07211 3.77504
    endloop
  endfacet
  facet normal 0.259702 0.965689 0
    outer loop
      vertex 5.04815 -1.07323 3.77504
      vertex 5.04432 -1.0722 3.53944
      vertex 5.04432 -1.0722 3.77502
    endloop
  endfacet
  facet normal 0.259702 0.965689 0
    outer loop
      vertex 5.04432 -1.0722 3.53944
      vertex 5.04815 -1.07323 3.77504
      vertex 5.04815 -1.07323 3.53944
    endloop
  endfacet
  facet normal 0.257178 0.966364 0
    outer loop
      vertex 5.04432 -1.0722 3.53944
      vertex 5.0406 -1.07121 3.53944
      vertex 5.0406 -1.07121 3.53961
    endloop
  endfacet
  facet normal 0 0 -1
    outer loop
      vertex 5.0406 -1.07121 3.53944
      vertex 5.04432 -1.0722 3.53944
      vertex 5.04815 -1.07323 3.53944
    endloop
  endfacet
  facet normal -0.0634716 -0.359673 0.930917
    outer loop
      vertex 5.04055 -1.0714 3.77496
      vertex 5.03466 -1.09337 3.76607
      vertex 5.04051 -1.0716 3.77488
    endloop
  endfacet
  facet normal -0.119258 -0.444022 0.888044
    outer loop
      vertex 5.04398 -1.07215 3.77502
      vertex 5.04815 -1.07323 3.77504
      vertex 5.04398 -1.07211 3.77504
    endloop
  endfacet
  facet normal -0.0954439 -0.351271 0.931396
    outer loop
      vertex 5.04398 -1.07215 3.77502
      vertex 5.04221 -1.0954 3.76607
      vertex 5.04815 -1.07323 3.77504
    endloop
  endfacet
  facet normal -0.0933448 -0.351838 0.931395
    outer loop
      vertex 5.03466 -1.09337 3.76607
      vertex 5.04398 -1.07215 3.77502
      vertex 5.04051 -1.0716 3.77488
    endloop
  endfacet
  facet normal -0.0944741 -0.351369 0.931458
    outer loop
      vertex 5.04398 -1.07215 3.77502
      vertex 5.03466 -1.09337 3.76607
      vertex 5.04221 -1.0954 3.76607
    endloop
  endfacet
  facet normal -0.0945291 -0.353337 -0.930708
    outer loop
      vertex 5.04221 -1.0954 4.93314
      vertex 5.0443 -1.0722 4.92412
      vertex 5.04815 -1.07323 4.92412
    endloop
  endfacet
  facet normal -0.0949892 -0.353285 -0.930681
    outer loop
      vertex 5.03466 -1.09337 4.93314
      vertex 5.0443 -1.0722 4.92412
      vertex 5.04221 -1.0954 4.93314
    endloop
  endfacet
  facet normal -0.0952049 -0.353192 -0.930694
    outer loop
      vertex 5.0443 -1.0722 4.92412
      vertex 5.03466 -1.09337 4.93314
      vertex 5.04051 -1.0716 4.92428
    endloop
  endfacet
  facet normal -0.0945625 -0.353365 -0.930694
    outer loop
      vertex 5.04055 -1.0714 4.9242
      vertex 5.04051 -1.0716 4.92428
      vertex 5.03466 -1.09337 4.93314
    endloop
  endfacet
  facet normal 0.258736 0.965948 0
    outer loop
      vertex 5.0406 -1.07121 5.16322
      vertex 5.04396 -1.07211 5.16322
      vertex 5.0406 -1.07121 5.16307
    endloop
  endfacet
  facet normal 0.259702 0.965689 0
    outer loop
      vertex 5.04815 -1.07323 5.16322
      vertex 5.04432 -1.0722 4.92412
      vertex 5.04432 -1.0722 5.16322
    endloop
  endfacet
  facet normal 0.259702 0.965689 -0
    outer loop
      vertex 5.04815 -1.07323 4.92412
      vertex 5.04432 -1.0722 4.92412
      vertex 5.04815 -1.07323 5.16322
    endloop
  endfacet
  facet normal -0 -0 -1
    outer loop
      vertex 5.04432 -1.0722 4.92412
      vertex 5.04815 -1.07323 4.92412
      vertex 5.0443 -1.0722 4.92412
    endloop
  endfacet
  facet normal 0.138478 0.516986 0.844718
    outer loop
      vertex 5.0406 -1.07121 5.16322
      vertex 5.04395 -1.07214 5.16324
      vertex 5.04396 -1.07211 5.16322
    endloop
  endfacet
  facet normal 0.095999 0.365712 0.925764
    outer loop
      vertex 5.03466 -1.09337 5.17259
      vertex 5.04395 -1.07214 5.16324
      vertex 5.0406 -1.07121 5.16322
    endloop
  endfacet
  facet normal 0.0980979 0.364847 0.925885
    outer loop
      vertex 5.04395 -1.07214 5.16324
      vertex 5.03466 -1.09337 5.17259
      vertex 5.04221 -1.0954 5.17259
    endloop
  endfacet
  facet normal 0.108988 0.363721 0.92511
    outer loop
      vertex 5.04221 -1.0954 5.17259
      vertex 5.04432 -1.0722 5.16322
      vertex 5.04395 -1.07214 5.16324
    endloop
  endfacet
  facet normal 0.0981574 0.364993 0.925821
    outer loop
      vertex 5.04432 -1.0722 5.16322
      vertex 5.04221 -1.0954 5.17259
      vertex 5.04815 -1.07323 5.16322
    endloop
  endfacet
  facet normal -0.259652 -0.965702 0
    outer loop
      vertex 5.03466 -1.09337 4.93314
      vertex 5.04221 -1.0954 5.17259
      vertex 5.03466 -1.09337 5.17259
    endloop
  endfacet
  facet normal -0.259652 -0.965702 -0
    outer loop
      vertex 5.04221 -1.0954 5.17259
      vertex 5.03466 -1.09337 4.93314
      vertex 5.04221 -1.0954 4.93314
    endloop
  endfacet
  facet normal -0.987685 0.156455 0
    outer loop
      vertex 5.12493 -0.538658 -4.26631
      vertex 5.06644 -0.9079 -4.26631
      vertex 5.12493 -0.538658 -4.03545
    endloop
  endfacet
  facet normal 0 0 1
    outer loop
      vertex 5.06644 -0.9079 -4.26631
      vertex 5.12493 -0.538658 -4.26631
      vertex 5.12496 -0.538451 -4.26631
    endloop
  endfacet
  facet normal -0.987694 0.1564 0
    outer loop
      vertex 5.06644 -0.9079 -5.1274
      vertex 5.04055 -1.0714 -5.12739
      vertex 5.06644 -0.9079 -4.26631
    endloop
  endfacet
  facet normal -0.763085 0.120872 0.634894
    outer loop
      vertex 5.04051 -1.0716 -5.1274
      vertex 5.04055 -1.0714 -5.12739
      vertex 5.06644 -0.9079 -5.1274
    endloop
  endfacet
  facet normal -0.980581 0.196116 0
    outer loop
      vertex 5.04055 -1.0714 -5.12739
      vertex 5.04051 -1.0716 -5.1274
      vertex 5.04051 -1.0716 -5.12739
    endloop
  endfacet
  facet normal -0.987694 0.1564 0
    outer loop
      vertex 5.06644 -0.9079 -4.26631
      vertex 5.04055 -1.0714 -5.12739
      vertex 5.04055 -1.0714 -4.03561
    endloop
  endfacet
  facet normal -0.987685 0.156455 0
    outer loop
      vertex 5.06644 -0.9079 -4.26631
      vertex 5.12493 -0.538658 -4.03532
      vertex 5.12493 -0.538658 -4.03545
    endloop
  endfacet
  facet normal -0.987694 0.1564 0
    outer loop
      vertex 5.04055 -1.0714 -4.03532
      vertex 5.06644 -0.9079 -4.26631
      vertex 5.04055 -1.0714 -4.03561
    endloop
  endfacet
  facet normal -0.987688 0.156438 2.76071e-05
    outer loop
      vertex 5.06644 -0.9079 -4.26631
      vertex 5.04055 -1.0714 -4.03532
      vertex 5.12493 -0.538658 -4.03532
    endloop
  endfacet
  facet normal -0.987694 0.1564 0
    outer loop
      vertex 5.06644 -0.9079 -3.7821
      vertex 5.04055 -1.0714 -3.7821
      vertex 5.06644 -0.9079 -2.92102
    endloop
  endfacet
  facet normal 0 0 1
    outer loop
      vertex 5.04051 -1.0716 -3.7821
      vertex 5.04055 -1.0714 -3.7821
      vertex 5.06644 -0.9079 -3.7821
    endloop
  endfacet
  facet normal -0.987694 0.1564 0
    outer loop
      vertex 5.06644 -0.9079 -2.92102
      vertex 5.04055 -1.0714 -3.7821
      vertex 5.04055 -1.0714 -2.69031
    endloop
  endfacet
  facet normal -0.987685 0.156455 0
    outer loop
      vertex 5.12493 -0.538658 -2.92102
      vertex 5.06644 -0.9079 -2.92102
      vertex 5.12493 -0.538658 -2.69016
    endloop
  endfacet
  facet normal 0 0 1
    outer loop
      vertex 5.06644 -0.9079 -2.92102
      vertex 5.12493 -0.538658 -2.92102
      vertex 5.12496 -0.538451 -2.92102
    endloop
  endfacet
  facet normal -0.987685 0.156455 0
    outer loop
      vertex 5.06644 -0.9079 -2.92102
      vertex 5.12493 -0.538658 -2.69003
      vertex 5.12493 -0.538658 -2.69016
    endloop
  endfacet
  facet normal -0.987694 0.1564 0
    outer loop
      vertex 5.04055 -1.0714 -2.69003
      vertex 5.06644 -0.9079 -2.92102
      vertex 5.04055 -1.0714 -2.69031
    endloop
  endfacet
  facet normal -0.987688 0.156438 2.76071e-05
    outer loop
      vertex 5.06644 -0.9079 -2.92102
      vertex 5.04055 -1.0714 -2.69003
      vertex 5.12493 -0.538658 -2.69003
    endloop
  endfacet
  facet normal -0.987694 0.1564 0
    outer loop
      vertex 5.06644 -0.9079 -2.41902
      vertex 5.04055 -1.0714 -2.41902
      vertex 5.06644 -0.9079 -1.3076
    endloop
  endfacet
  facet normal 0 0 1
    outer loop
      vertex 5.04051 -1.0716 -2.41902
      vertex 5.04055 -1.0714 -2.41902
      vertex 5.06644 -0.9079 -2.41902
    endloop
  endfacet
  facet normal -0.987694 0.1564 0
    outer loop
      vertex 5.06644 -0.9079 -1.3076
      vertex 5.04055 -1.0714 -2.41902
      vertex 5.04055 -1.0714 -1.0769
    endloop
  endfacet
  facet normal -0.987685 0.156455 0
    outer loop
      vertex 5.06644 -0.9079 -1.3076
      vertex 5.12493 -0.538658 -1.07682
      vertex 5.12493 -0.538658 -1.3076
    endloop
  endfacet
  facet normal -0.987685 0.156455 0
    outer loop
      vertex 5.12493 -0.538658 -1.07682
      vertex 5.06644 -0.9079 -1.3076
      vertex 5.12493 -0.538658 -1.07674
    endloop
  endfacet
  facet normal 0 0 1
    outer loop
      vertex 5.06644 -0.9079 -1.3076
      vertex 5.12493 -0.538658 -1.3076
      vertex 5.12496 -0.538451 -1.3076
    endloop
  endfacet
  facet normal -0.987685 0.156455 0
    outer loop
      vertex 5.06644 -0.9079 -1.3076
      vertex 5.12493 -0.538658 -1.07661
      vertex 5.12493 -0.538658 -1.07674
    endloop
  endfacet
  facet normal -0.987694 0.1564 0
    outer loop
      vertex 5.04055 -1.0714 -1.07661
      vertex 5.06644 -0.9079 -1.3076
      vertex 5.04055 -1.0714 -1.0769
    endloop
  endfacet
  facet normal -0.987688 0.156438 2.76071e-05
    outer loop
      vertex 5.06644 -0.9079 -1.3076
      vertex 5.04055 -1.0714 -1.07661
      vertex 5.12493 -0.538658 -1.07661
    endloop
  endfacet
  facet normal -0.987688 0.156436 5.60787e-06
    outer loop
      vertex 5.10874 -0.640859 0.420868
      vertex 5.10039 -0.693577 0.387573
      vertex 5.08309 -0.802811 0.594208
    endloop
  endfacet
  facet normal -0.987696 0.156383 -0.000141798
    outer loop
      vertex 5.07448 -0.857126 0.210022
      vertex 5.0703 -0.883575 0.156418
      vertex 5.04256 -1.05868 0.264084
    endloop
  endfacet
  facet normal -0.987668 0.15656 -9.15682e-05
    outer loop
      vertex 5.07737 -0.838905 1.248
      vertex 5.08112 -0.815259 1.22896
      vertex 5.05871 -0.95673 1.0649
    endloop
  endfacet
  facet normal -0.987683 0.156471 8.82168e-05
    outer loop
      vertex 5.04989 -1.01243 0.362457
      vertex 5.07448 -0.857126 0.210022
      vertex 5.04596 -1.03721 0.314362
    endloop
  endfacet
  facet normal -0.987678 0.156502 9.46764e-05
    outer loop
      vertex 5.07316 -0.865505 1.78485
      vertex 5.06798 -0.898165 1.73399
      vertex 5.04341 -1.0533 1.85753
    endloop
  endfacet
  facet normal -0.987676 0.15651 7.03563e-05
    outer loop
      vertex 5.04256 -1.05868 0.264084
      vertex 5.0703 -0.883575 0.156418
      vertex 5.04051 -1.0716 0.226776
    endloop
  endfacet
  facet normal -0.987679 0.156492 0.000110471
    outer loop
      vertex 5.07961 -0.824784 0.26001
      vertex 5.07448 -0.857126 0.210022
      vertex 5.04989 -1.01243 0.362457
    endloop
  endfacet
  facet normal -0.9877 0.156361 -0.000102817
    outer loop
      vertex 5.06703 -0.904162 0.0992126
      vertex 5.06471 -0.918857 0.0383911
      vertex 5.04051 -1.0716 0.226776
    endloop
  endfacet
  facet normal -0.987697 0.156378 0
    outer loop
      vertex 5.04055 -1.0714 1.24088
      vertex 5.06133 -0.940152 1.52815
      vertex 5.04055 -1.0714 1.24078
    endloop
  endfacet
  facet normal -0.995147 -0.0396332 0.0900614
    outer loop
      vertex 5.04051 -1.0716 1.24025
      vertex 5.04055 -1.0714 1.24078
      vertex 5.06133 -0.940152 1.52815
    endloop
  endfacet
  facet normal -0.980581 0.196116 0
    outer loop
      vertex 5.04055 -1.0714 1.24078
      vertex 5.04051 -1.0716 1.24025
      vertex 5.04051 -1.0716 1.24134
    endloop
  endfacet
  facet normal -0.987697 0.156378 0
    outer loop
      vertex 5.04055 -1.0714 1.81392
      vertex 5.06133 -0.940152 1.52815
      vertex 5.04055 -1.0714 1.81379
    endloop
  endfacet
  facet normal -0.228488 -0.878292 -0.419995
    outer loop
      vertex 5.04055 -1.0714 1.81392
      vertex 5.04051 -1.0716 1.81436
      vertex 5.06133 -0.940152 1.52815
    endloop
  endfacet
  facet normal -0.980581 0.196116 0
    outer loop
      vertex 5.04051 -1.0716 1.81436
      vertex 5.04055 -1.0714 1.81392
      vertex 5.04051 -1.0716 1.81345
    endloop
  endfacet
  facet normal -0.987697 0.156378 0
    outer loop
      vertex 5.04055 -1.0714 1.24102
      vertex 5.06133 -0.940152 1.52815
      vertex 5.04055 -1.0714 1.24088
    endloop
  endfacet
  facet normal -0.987697 0.156378 0
    outer loop
      vertex 5.04055 -1.0714 1.24119
      vertex 5.06133 -0.940152 1.52815
      vertex 5.04055 -1.0714 1.24102
    endloop
  endfacet
  facet normal -0.987697 0.156378 0
    outer loop
      vertex 5.04055 -1.0714 1.24144
      vertex 5.06133 -0.940152 1.52815
      vertex 5.04055 -1.0714 1.24119
    endloop
  endfacet
  facet normal -0.987697 0.156378 0
    outer loop
      vertex 5.04055 -1.0714 1.81316
      vertex 5.06133 -0.940152 1.52815
      vertex 5.04055 -1.0714 1.24144
    endloop
  endfacet
  facet normal -0.987697 0.156378 0
    outer loop
      vertex 5.06133 -0.940152 1.52815
      vertex 5.04055 -1.0714 1.81316
      vertex 5.04055 -1.0714 1.81379
    endloop
  endfacet
  facet normal -0 0 0
    outer loop
      vertex 5.04055 -1.0714 1.8134
      vertex 5.04055 -1.0714 1.81379
      vertex 5.04055 -1.0714 1.81316
    endloop
  endfacet
  facet normal -0 0 0
    outer loop
      vertex 5.04055 -1.0714 1.81356
      vertex 5.04055 -1.0714 1.81379
      vertex 5.04055 -1.0714 1.8134
    endloop
  endfacet
  facet normal 0 0 0
    outer loop
      vertex 5.04055 -1.0714 1.81379
      vertex 5.04055 -1.0714 1.81356
      vertex 5.04055 -1.0714 1.81369
    endloop
  endfacet
  facet normal -0.987686 0.156451 1.38283e-05
    outer loop
      vertex 5.08566 -0.786594 0.306396
      vertex 5.07961 -0.824784 0.26001
      vertex 5.0543 -0.984581 0.408081
    endloop
  endfacet
  facet normal -0.98769 0.156421 -4.42839e-05
    outer loop
      vertex 5.07981 -0.823503 1.82681
      vertex 5.07316 -0.865505 1.78485
      vertex 5.0514 -1.00286 1.94116
    endloop
  endfacet
  facet normal -0.987654 0.156648 -9.78107e-05
    outer loop
      vertex 5.06133 -0.940152 1.52815
      vertex 5.06153 -0.938916 1.48814
      vertex 5.04051 -1.0716 1.24025
    endloop
  endfacet
  facet normal -0.997549 0.0296688 0.0633735
    outer loop
      vertex 5.04051 -1.0716 -0.379715
      vertex 5.04055 -1.0714 -0.379179
      vertex 5.06285 -0.930612 -0.0940704
    endloop
  endfacet
  facet normal -0.980581 0.196116 0
    outer loop
      vertex 5.04055 -1.0714 -0.379179
      vertex 5.04051 -1.0716 -0.379715
      vertex 5.04051 -1.0716 -0.378644
    endloop
  endfacet
  facet normal -0.987687 0.156444 0
    outer loop
      vertex 5.04055 -1.0714 -0.379052
      vertex 5.06285 -0.930612 -0.0940704
      vertex 5.04055 -1.0714 -0.379179
    endloop
  endfacet
  facet normal -0.987687 0.156444 0
    outer loop
      vertex 5.04055 -1.0714 -0.378954
      vertex 5.06285 -0.930612 -0.0940704
      vertex 5.04055 -1.0714 -0.379052
    endloop
  endfacet
  facet normal -0.987687 0.156444 0
    outer loop
      vertex 5.04055 -1.0714 -0.378831
      vertex 5.06285 -0.930612 -0.0940704
      vertex 5.04055 -1.0714 -0.378954
    endloop
  endfacet
  facet normal -0.987687 0.156444 0
    outer loop
      vertex 5.04055 -1.0714 -0.378668
      vertex 5.06285 -0.930612 -0.0940704
      vertex 5.04055 -1.0714 -0.378831
    endloop
  endfacet
  facet normal -0.987687 0.156444 0
    outer loop
      vertex 5.04055 -1.0714 -0.378442
      vertex 5.06285 -0.930612 -0.0940704
      vertex 5.04055 -1.0714 -0.378668
    endloop
  endfacet
  facet normal -0.987687 0.156444 0
    outer loop
      vertex 5.04055 -1.0714 -0.378114
      vertex 5.06285 -0.930612 -0.0940704
      vertex 5.04055 -1.0714 -0.378442
    endloop
  endfacet
  facet normal -0.987687 0.156444 0
    outer loop
      vertex 5.04055 -1.0714 0.225709
      vertex 5.06285 -0.930612 -0.0940704
      vertex 5.04055 -1.0714 -0.378114
    endloop
  endfacet
  facet normal -0.987687 0.156444 0
    outer loop
      vertex 5.04055 -1.0714 0.225878
      vertex 5.06285 -0.930612 -0.0940704
      vertex 5.04055 -1.0714 0.225709
    endloop
  endfacet
  facet normal -0.987687 0.156444 0
    outer loop
      vertex 5.04055 -1.0714 0.226008
      vertex 5.06285 -0.930612 -0.0940704
      vertex 5.04055 -1.0714 0.225878
    endloop
  endfacet
  facet normal -0.987687 0.156444 0
    outer loop
      vertex 5.04055 -1.0714 0.226113
      vertex 5.06285 -0.930612 -0.0940704
      vertex 5.04055 -1.0714 0.226008
    endloop
  endfacet
  facet normal -0.987687 0.156444 0
    outer loop
      vertex 5.04055 -1.0714 0.226229
      vertex 5.06285 -0.930612 -0.0940704
      vertex 5.04055 -1.0714 0.226113
    endloop
  endfacet
  facet normal -0.994826 -0.0471541 -0.0899888
    outer loop
      vertex 5.04055 -1.0714 0.226229
      vertex 5.04051 -1.0716 0.226776
      vertex 5.06285 -0.930612 -0.0940704
    endloop
  endfacet
  facet normal -0.980581 0.196116 0
    outer loop
      vertex 5.04051 -1.0716 0.226776
      vertex 5.04055 -1.0714 0.226229
      vertex 5.04051 -1.0716 0.225656
    endloop
  endfacet
  facet normal -0.9877 0.156358 -6.698e-05
    outer loop
      vertex 5.06162 -0.938329 2.01044
      vertex 5.07981 -0.823503 1.82681
      vertex 5.05624 -0.972328 1.97775
    endloop
  endfacet
  facet normal -0.9877 0.156363 6.96588e-05
    outer loop
      vertex 5.06285 -0.930612 -0.0940704
      vertex 5.06371 -0.925141 -0.180786
      vertex 5.04051 -1.0716 -0.379715
    endloop
  endfacet
  facet normal -0.987639 0.156748 -0.000206144
    outer loop
      vertex 5.06212 -0.935163 1.45035
      vertex 5.06312 -0.928909 1.41475
      vertex 5.04051 -1.0716 1.24025
    endloop
  endfacet
  facet normal -0.987685 0.156456 1.30039e-05
    outer loop
      vertex 5.06447 -0.920379 0.490921
      vertex 5.08566 -0.786594 0.306396
      vertex 5.05916 -0.953897 0.450897
    endloop
  endfacet
  facet normal -0.987677 0.156506 2.76548e-05
    outer loop
      vertex 5.08794 -0.772202 1.85991
      vertex 5.07981 -0.823503 1.82681
      vertex 5.06162 -0.938329 2.01044
    endloop
  endfacet
  facet normal -0.987697 0.156379 -4.39939e-05
    outer loop
      vertex 5.09264 -0.742496 0.349167
      vertex 5.08566 -0.786594 0.306396
      vertex 5.06447 -0.920379 0.490921
    endloop
  endfacet
  facet normal -0.987731 0.156164 -1.70937e-05
    outer loop
      vertex 5.11694 -0.589045 1.1779
      vertex 5.11677 -0.590145 0.951736
      vertex 5.11166 -0.622441 1.17624
    endloop
  endfacet
  facet normal -0.987695 0.156392 -1.85991e-05
    outer loop
      vertex 5.08309 -0.802811 0.594208
      vertex 5.10039 -0.693577 0.387573
      vertex 5.07644 -0.844813 0.562576
    endloop
  endfacet
  facet normal -0.987685 0.156458 -2.28152e-06
    outer loop
      vertex 5.06371 -0.925141 -0.180786
      vertex 5.06631 -0.908729 -0.261948
      vertex 5.04051 -1.0716 -0.379715
    endloop
  endfacet
  facet normal -0.987697 0.15638 -2.03975e-05
    outer loop
      vertex 5.1056 -0.660646 1.1777
      vertex 5.11052 -0.629601 0.950073
      vertex 5.10156 -0.686192 0.952423
    endloop
  endfacet
  facet normal -0.987667 0.156568 8.62608e-06
    outer loop
      vertex 5.09994 -0.696424 1.1821
      vertex 5.10156 -0.686192 0.952423
      vertex 5.09311 -0.739497 0.959442
    endloop
  endfacet
  facet normal -0.987691 0.156415 6.25199e-05
    outer loop
      vertex 5.0845 -0.793919 -0.472107
      vertex 5.06113 -0.941433 -0.615128
      vertex 5.05587 -0.974665 -0.571503
    endloop
  endfacet
  facet normal -0.987683 0.156467 -2.38349e-05
    outer loop
      vertex 5.09402 -0.733755 -0.531036
      vertex 5.08001 -0.822222 -0.730011
      vertex 5.0732 -0.865204 -0.694382
    endloop
  endfacet
  facet normal -0.987698 0.156374 5.26343e-05
    outer loop
      vertex 5.09402 -0.733755 -0.531036
      vertex 5.0732 -0.865204 -0.694382
      vertex 5.06691 -0.904946 -0.656082
    endloop
  endfacet
  facet normal -0.987688 0.156436 -9.50246e-06
    outer loop
      vertex 5.09402 -0.733755 -0.531036
      vertex 5.10528 -0.662666 -0.584427
      vertex 5.08001 -0.822222 -0.730011
    endloop
  endfacet
  facet normal -0.9877 0.15636 7.33409e-05
    outer loop
      vertex 5.0845 -0.793919 -0.472107
      vertex 5.09402 -0.733755 -0.531036
      vertex 5.06691 -0.904946 -0.656082
    endloop
  endfacet
  facet normal -0.987686 0.156447 -2.25588e-05
    outer loop
      vertex 5.10528 -0.662666 -0.584427
      vertex 5.08733 -0.776014 -0.76297
      vertex 5.08001 -0.822222 -0.730011
    endloop
  endfacet
  facet normal -0.987683 0.156468 6.16398e-06
    outer loop
      vertex 5.0845 -0.793919 -0.472107
      vertex 5.06691 -0.904946 -0.656082
      vertex 5.06113 -0.941433 -0.615128
    endloop
  endfacet
  facet normal -0.987687 0.156443 -2.00386e-05
    outer loop
      vertex 5.10528 -0.662666 -0.584427
      vertex 5.09517 -0.726521 -0.793274
      vertex 5.08733 -0.776014 -0.76297
    endloop
  endfacet
  facet normal -0.987678 0.156502 -3.82432e-05
    outer loop
      vertex 5.10528 -0.662666 -0.584427
      vertex 5.11828 -0.580635 -0.632248
      vertex 5.09517 -0.726521 -0.793274
    endloop
  endfacet
  facet normal -0.987686 0.156446 1.30068e-05
    outer loop
      vertex 5.11828 -0.580635 -0.632248
      vertex 5.10352 -0.673803 -0.820908
      vertex 5.09517 -0.726521 -0.793274
    endloop
  endfacet
  facet normal -0.987679 0.156496 -8.83665e-05
    outer loop
      vertex 5.0767 -0.84311 -0.407608
      vertex 5.0845 -0.793919 -0.472107
      vertex 5.05587 -0.974665 -0.571503
    endloop
  endfacet
  facet normal -0.987686 0.156452 2.02624e-05
    outer loop
      vertex 5.0902 -0.757929 0.623047
      vertex 5.10874 -0.640859 0.420868
      vertex 5.08309 -0.802811 0.594208
    endloop
  endfacet
  facet normal -0.987698 0.156376 1.05786e-05
    outer loop
      vertex 5.0767 -0.84311 -0.407608
      vertex 5.05587 -0.974665 -0.571503
      vertex 5.05112 -1.00467 -0.525208
    endloop
  endfacet
  facet normal -0.987701 0.156357 -3.58692e-05
    outer loop
      vertex 5.09775 -0.71023 0.649094
      vertex 5.10874 -0.640859 0.420868
      vertex 5.0902 -0.757929 0.623047
    endloop
  endfacet
  facet normal -0.987696 0.156383 4.14023e-07
    outer loop
      vertex 5.0767 -0.84311 -0.407608
      vertex 5.05112 -1.00467 -0.525208
      vertex 5.04691 -1.03126 -0.476639
    endloop
  endfacet
  facet normal -0.987697 0.156379 1.26085e-05
    outer loop
      vertex 5.07064 -0.881391 -0.337555
      vertex 5.0767 -0.84311 -0.407608
      vertex 5.04691 -1.03126 -0.476639
    endloop
  endfacet
  facet normal -0.987675 0.156518 -0.000141589
    outer loop
      vertex 5.07064 -0.881391 -0.337555
      vertex 5.04691 -1.03126 -0.476639
      vertex 5.04325 -1.05431 -0.426163
    endloop
  endfacet
  facet normal -0.987684 0.156459 -2.32324e-05
    outer loop
      vertex 5.07064 -0.881391 -0.337555
      vertex 5.04325 -1.05431 -0.426163
      vertex 5.04051 -1.0716 -0.379715
    endloop
  endfacet
  facet normal -0.987685 0.156453 5.65701e-06
    outer loop
      vertex 5.06631 -0.908729 -0.261948
      vertex 5.07064 -0.881391 -0.337555
      vertex 5.04051 -1.0716 -0.379715
    endloop
  endfacet
  facet normal -0.987672 0.156535 4.23378e-05
    outer loop
      vertex 5.06471 -0.918857 0.0383911
      vertex 5.06331 -0.927673 -0.0260315
      vertex 5.04051 -1.0716 0.226776
    endloop
  endfacet
  facet normal -0.987704 0.156334 -7.52597e-05
    outer loop
      vertex 5.06331 -0.927673 -0.0260315
      vertex 5.06285 -0.930612 -0.0940704
      vertex 5.04051 -1.0716 0.226776
    endloop
  endfacet
  facet normal -0.987673 0.15653 0.000125843
    outer loop
      vertex 5.0703 -0.883575 0.156418
      vertex 5.06703 -0.904162 0.0992126
      vertex 5.04051 -1.0716 0.226776
    endloop
  endfacet
  facet normal -0.987691 0.156419 -3.39303e-06
    outer loop
      vertex 5.04596 -1.03721 0.314362
      vertex 5.07448 -0.857126 0.210022
      vertex 5.04256 -1.05868 0.264084
    endloop
  endfacet
  facet normal -0.98769 0.156426 -1.32757e-05
    outer loop
      vertex 5.0543 -0.984581 0.408081
      vertex 5.07961 -0.824784 0.26001
      vertex 5.04989 -1.01243 0.362457
    endloop
  endfacet
  facet normal -0.987687 0.156442 -2.84627e-06
    outer loop
      vertex 5.05916 -0.953897 0.450897
      vertex 5.08566 -0.786594 0.306396
      vertex 5.0543 -0.984581 0.408081
    endloop
  endfacet
  facet normal -0.987687 0.156445 3.03071e-05
    outer loop
      vertex 5.07644 -0.844813 0.562576
      vertex 5.09264 -0.742496 0.349167
      vertex 5.07023 -0.884012 0.528152
    endloop
  endfacet
  facet normal -0.98769 0.156423 1.23852e-05
    outer loop
      vertex 5.07023 -0.884012 0.528152
      vertex 5.09264 -0.742496 0.349167
      vertex 5.06447 -0.920379 0.490921
    endloop
  endfacet
  facet normal -0.987686 0.156449 3.22336e-05
    outer loop
      vertex 5.10039 -0.693577 0.387573
      vertex 5.09264 -0.742496 0.349167
      vertex 5.07644 -0.844813 0.562576
    endloop
  endfacet
  facet normal -0.987691 0.156418 -1.67178e-05
    outer loop
      vertex 5.11769 -0.584342 0.44902
      vertex 5.10874 -0.640859 0.420868
      vertex 5.09775 -0.71023 0.649094
    endloop
  endfacet
  facet normal -0.987684 0.156464 1.24395e-05
    outer loop
      vertex 5.10571 -0.659984 0.672195
      vertex 5.11769 -0.584342 0.44902
      vertex 5.09775 -0.71023 0.649094
    endloop
  endfacet
  facet normal -0.989346 0.145463 0.00589716
    outer loop
      vertex 5.12496 -0.538451 0.466553
      vertex 5.12493 -0.538658 0.466626
      vertex 5.12495 -0.538524 0.466676
    endloop
  endfacet
  facet normal -0.988569 0.149673 0.0181528
    outer loop
      vertex 5.11769 -0.584342 0.44902
      vertex 5.12493 -0.538658 0.466626
      vertex 5.12496 -0.538451 0.466553
    endloop
  endfacet
  facet normal -0.987674 0.156527 0
    outer loop
      vertex 5.11769 -0.584342 0.44902
      vertex 5.12493 -0.538658 0.466902
      vertex 5.12493 -0.538658 0.466626
    endloop
  endfacet
  facet normal -0.987676 0.156515 3.02559e-05
    outer loop
      vertex 5.12493 -0.538658 0.466902
      vertex 5.11769 -0.584342 0.44902
      vertex 5.10571 -0.659984 0.672195
    endloop
  endfacet
  facet normal -0.987683 0.156465 0
    outer loop
      vertex 5.10571 -0.659984 0.672195
      vertex 5.12493 -0.538658 0.467227
      vertex 5.12493 -0.538658 0.466902
    endloop
  endfacet
  facet normal -0.987685 0.156458 -4.47189e-06
    outer loop
      vertex 5.12493 -0.538658 0.467227
      vertex 5.10571 -0.659984 0.672195
      vertex 5.11403 -0.607461 0.692215
    endloop
  endfacet
  facet normal -0.997497 0.0255277 -0.0659467
    outer loop
      vertex 5.12495 -0.538493 0.466688
      vertex 5.12496 -0.538451 0.466553
      vertex 5.12495 -0.538524 0.466676
    endloop
  endfacet
  facet normal -0.958748 0.283733 0.017254
    outer loop
      vertex 5.12496 -0.53846 0.466701
      vertex 5.12496 -0.538451 0.466553
      vertex 5.12495 -0.538493 0.466688
    endloop
  endfacet
  facet normal -0.98771 0.156296 -5.50533e-05
    outer loop
      vertex 5.11403 -0.607461 0.692215
      vertex 5.12493 -0.538657 0.470066
      vertex 5.12493 -0.538658 0.467227
    endloop
  endfacet
  facet normal -0.987699 0.156367 -3.26359e-05
    outer loop
      vertex 5.12493 -0.538657 0.470066
      vertex 5.11403 -0.607461 0.692215
      vertex 5.1227 -0.552693 0.709152
    endloop
  endfacet
  facet normal -1 0 -0
    outer loop
      vertex 5.12496 -0.538451 0.466704
      vertex 5.12496 -0.538451 0.466553
      vertex 5.12496 -0.53846 0.466701
    endloop
  endfacet
  facet normal -0.987613 0.156909 0
    outer loop
      vertex 5.1227 -0.552693 0.709152
      vertex 5.12493 -0.538657 0.709391
      vertex 5.12493 -0.538657 0.470066
    endloop
  endfacet
  facet normal -0.987613 0.156909 0
    outer loop
      vertex 5.12493 -0.538657 0.712068
      vertex 5.1227 -0.552693 0.709152
      vertex 5.12493 -0.538657 0.712566
    endloop
  endfacet
  facet normal -0.987613 0.156909 0
    outer loop
      vertex 5.12493 -0.538657 0.709391
      vertex 5.1227 -0.552693 0.709152
      vertex 5.12493 -0.538657 0.712068
    endloop
  endfacet
  facet normal -0.987717 0.156254 -5.70946e-06
    outer loop
      vertex 5.1056 -0.660646 1.1777
      vertex 5.10156 -0.686192 0.952423
      vertex 5.09994 -0.696424 1.1821
    endloop
  endfacet
  facet normal -0.987698 0.156374 4.70464e-05
    outer loop
      vertex 5.09466 -0.729776 1.18941
      vertex 5.09994 -0.696424 1.1821
      vertex 5.09311 -0.739497 0.959442
    endloop
  endfacet
  facet normal -0.987693 0.156402 0
    outer loop
      vertex 5.04055 -1.0714 2.31108
      vertex 5.06587 -0.911502 3.19998
      vertex 5.06587 -0.911502 2.31108
    endloop
  endfacet
  facet normal -0.987693 0.156402 0
    outer loop
      vertex 5.06587 -0.911502 3.19998
      vertex 5.04055 -1.0714 2.31108
      vertex 5.04055 -1.0714 3.43914
    endloop
  endfacet
  facet normal -0.987653 0.15666 1.87343e-05
    outer loop
      vertex 5.11166 -0.622441 1.17624
      vertex 5.11052 -0.629601 0.950073
      vertex 5.1056 -0.660646 1.1777
    endloop
  endfacet
  facet normal -0.987685 0.156453 2.54731e-05
    outer loop
      vertex 5.11166 -0.622441 1.17624
      vertex 5.11677 -0.590145 0.951736
      vertex 5.11052 -0.629601 0.950073
    endloop
  endfacet
  facet normal -0.987662 0.156601 -8.27088e-05
    outer loop
      vertex 5.08524 -0.789202 1.21284
      vertex 5.08976 -0.760702 1.19966
      vertex 5.07091 -0.879687 1.00865
    endloop
  endfacet
  facet normal -0.987676 0.156511 -1.88214e-05
    outer loop
      vertex 5.11694 -0.589045 1.1779
      vertex 5.12275 -0.552407 0.956726
      vertex 5.11677 -0.590145 0.951736
    endloop
  endfacet
  facet normal -0.987682 0.156476 0
    outer loop
      vertex 5.12194 -0.557531 1.18292
      vertex 5.12493 -0.538658 1.18636
      vertex 5.12493 -0.538658 0.962357
    endloop
  endfacet
  facet normal -0.987682 0.156476 0
    outer loop
      vertex 5.12493 -0.538658 1.18636
      vertex 5.12194 -0.557531 1.18292
      vertex 5.12493 -0.538658 1.18758
    endloop
  endfacet
  facet normal -0.987682 0.156476 0
    outer loop
      vertex 5.12493 -0.538658 1.18758
      vertex 5.12194 -0.557531 1.18292
      vertex 5.12493 -0.538658 1.18788
    endloop
  endfacet
  facet normal -0.987682 0.156476 0
    outer loop
      vertex 5.12493 -0.538658 1.18825
      vertex 5.12493 -0.538658 1.18788
      vertex 5.12194 -0.557531 1.18292
    endloop
  endfacet
  facet normal -1 0 -0
    outer loop
      vertex 5.12496 -0.538451 0.960037
      vertex 5.12496 -0.538451 0.959946
      vertex 5.12496 -0.538459 0.960035
    endloop
  endfacet
  facet normal -0.98766 0.156616 0
    outer loop
      vertex 5.11694 -0.589045 1.1779
      vertex 5.12493 -0.538658 0.962357
      vertex 5.12493 -0.538658 0.960835
    endloop
  endfacet
  facet normal -0.987647 0.156697 1.93645e-05
    outer loop
      vertex 5.12493 -0.538658 0.962357
      vertex 5.11694 -0.589045 1.1779
      vertex 5.12194 -0.557531 1.18292
    endloop
  endfacet
  facet normal -0.773911 0.630752 0.0566968
    outer loop
      vertex 5.12496 -0.538459 0.960035
      vertex 5.12496 -0.538451 0.959946
      vertex 5.12495 -0.538471 0.960032
    endloop
  endfacet
  facet normal -0.988389 0.12543 -0.0857592
    outer loop
      vertex 5.12496 -0.538451 0.959946
      vertex 5.12493 -0.538658 0.959989
      vertex 5.12495 -0.538471 0.960032
    endloop
  endfacet
  facet normal -0.988296 0.149518 0.0302657
    outer loop
      vertex 5.12275 -0.552407 0.956726
      vertex 5.12493 -0.538658 0.959989
      vertex 5.12496 -0.538451 0.959946
    endloop
  endfacet
  facet normal -0.987662 0.156601 0
    outer loop
      vertex 5.12275 -0.552407 0.956726
      vertex 5.12493 -0.538658 0.960835
      vertex 5.12493 -0.538658 0.959989
    endloop
  endfacet
  facet normal -0.987662 0.156602 -3.35774e-06
    outer loop
      vertex 5.12493 -0.538658 0.960835
      vertex 5.12275 -0.552407 0.956726
      vertex 5.11694 -0.589045 1.1779
    endloop
  endfacet
  facet normal -0.987672 0.156537 5.99619e-06
    outer loop
      vertex 5.08106 -0.81562 2.08502
      vertex 5.08794 -0.772202 1.85991
      vertex 5.07403 -0.859975 2.06407
    endloop
  endfacet
  facet normal -0.987694 0.156396 4.61006e-05
    outer loop
      vertex 5.09466 -0.729776 1.18941
      vertex 5.09311 -0.739497 0.959442
      vertex 5.08519 -0.789518 0.971161
    endloop
  endfacet
  facet normal -0.987679 0.156493 7.7872e-06
    outer loop
      vertex 5.08976 -0.760702 1.19966
      vertex 5.09466 -0.729776 1.18941
      vertex 5.07779 -0.836238 0.987564
    endloop
  endfacet
  facet normal -0.987686 0.156451 3.07179e-05
    outer loop
      vertex 5.09466 -0.729776 1.18941
      vertex 5.08519 -0.789518 0.971161
      vertex 5.07779 -0.836238 0.987564
    endloop
  endfacet
  facet normal -0.987691 0.156415 3.62658e-05
    outer loop
      vertex 5.08976 -0.760702 1.19966
      vertex 5.07779 -0.836238 0.987564
      vertex 5.07091 -0.879687 1.00865
    endloop
  endfacet
  facet normal -0.987693 0.156406 6.14291e-06
    outer loop
      vertex 5.08524 -0.789202 1.21284
      vertex 5.07091 -0.879687 1.00865
      vertex 5.06455 -0.919851 1.03444
    endloop
  endfacet
  facet normal -0.987689 0.156427 2.55275e-05
    outer loop
      vertex 5.08112 -0.815259 1.22896
      vertex 5.06455 -0.919851 1.03444
      vertex 5.05871 -0.95673 1.0649
    endloop
  endfacet
  facet normal -0.987718 0.156249 0.000123629
    outer loop
      vertex 5.08112 -0.815259 1.22896
      vertex 5.08524 -0.789202 1.21284
      vertex 5.06455 -0.919851 1.03444
    endloop
  endfacet
  facet normal -0.987691 0.156419 1.57187e-06
    outer loop
      vertex 5.07737 -0.838905 1.248
      vertex 5.05871 -0.95673 1.0649
      vertex 5.05339 -0.990323 1.10005
    endloop
  endfacet
  facet normal -0.987678 0.156498 -8.2212e-05
    outer loop
      vertex 5.07737 -0.838905 1.248
      vertex 5.05339 -0.990323 1.10005
      vertex 5.04864 -1.02028 1.13954
    endloop
  endfacet
  facet normal -0.987696 0.156387 0.000108426
    outer loop
      vertex 5.07401 -0.860141 1.26997
      vertex 5.07737 -0.838905 1.248
      vertex 5.04864 -1.02028 1.13954
    endloop
  endfacet
  facet normal -0.98769 0.156421 6.56071e-05
    outer loop
      vertex 5.07401 -0.860141 1.26997
      vertex 5.04864 -1.02028 1.13954
      vertex 5.04453 -1.04625 1.18303
    endloop
  endfacet
  facet normal -0.987685 0.156457 -1.30964e-05
    outer loop
      vertex 5.07104 -0.878888 1.29451
      vertex 5.07401 -0.860141 1.26997
      vertex 5.04453 -1.04625 1.18303
    endloop
  endfacet
  facet normal -0.987684 0.156465 -2.47125e-05
    outer loop
      vertex 5.07104 -0.878888 1.29451
      vertex 5.04453 -1.04625 1.18303
      vertex 5.04105 -1.06821 1.23053
    endloop
  endfacet
  facet normal -0.987678 0.156497 -0.000121887
    outer loop
      vertex 5.06846 -0.89515 1.32126
      vertex 5.07104 -0.878888 1.29451
      vertex 5.04105 -1.06821 1.23053
    endloop
  endfacet
  facet normal -0.987667 0.15657 -0.000264325
    outer loop
      vertex 5.06846 -0.89515 1.32126
      vertex 5.04105 -1.06821 1.23053
      vertex 5.04051 -1.0716 1.24025
    endloop
  endfacet
  facet normal -0.9877 0.15636 0.000202663
    outer loop
      vertex 5.06629 -0.908895 1.3502
      vertex 5.06846 -0.89515 1.32126
      vertex 5.04051 -1.0716 1.24025
    endloop
  endfacet
  facet normal -0.987709 0.156303 0.000166397
    outer loop
      vertex 5.06312 -0.928909 1.41475
      vertex 5.0645 -0.920153 1.38138
      vertex 5.04051 -1.0716 1.24025
    endloop
  endfacet
  facet normal -0.987662 0.156598 -0.000158176
    outer loop
      vertex 5.0645 -0.920153 1.38138
      vertex 5.06629 -0.908895 1.3502
      vertex 5.04051 -1.0716 1.24025
    endloop
  endfacet
  facet normal -0.987712 0.156287 0.000100442
    outer loop
      vertex 5.06153 -0.938916 1.48814
      vertex 5.06212 -0.935163 1.45035
      vertex 5.04051 -1.0716 1.24025
    endloop
  endfacet
  facet normal -0.987679 0.156496 2.68163e-05
    outer loop
      vertex 5.06207 -0.935495 1.60565
      vertex 5.06133 -0.940152 1.52815
      vertex 5.04051 -1.0716 1.81436
    endloop
  endfacet
  facet normal -0.987693 0.156406 -7.0447e-05
    outer loop
      vertex 5.06798 -0.898165 1.73399
      vertex 5.06429 -0.921494 1.67427
      vertex 5.04051 -1.0716 1.81436
    endloop
  endfacet
  facet normal -0.987679 0.156491 2.34836e-05
    outer loop
      vertex 5.06429 -0.921494 1.67427
      vertex 5.06207 -0.935495 1.60565
      vertex 5.04051 -1.0716 1.81436
    endloop
  endfacet
  facet normal -0.987686 0.156451 2.87222e-05
    outer loop
      vertex 5.04341 -1.0533 1.85753
      vertex 5.06798 -0.898165 1.73399
      vertex 5.04051 -1.0716 1.81436
    endloop
  endfacet
  facet normal -0.987684 0.156462 -7.68567e-06
    outer loop
      vertex 5.0514 -1.00286 1.94116
      vertex 5.07316 -0.865505 1.78485
      vertex 5.04712 -1.02988 1.90099
    endloop
  endfacet
  facet normal -0.987683 0.156465 -2.55839e-06
    outer loop
      vertex 5.04712 -1.02988 1.90099
      vertex 5.07316 -0.865505 1.78485
      vertex 5.04341 -1.0533 1.85753
    endloop
  endfacet
  facet normal -0.98768 0.15649 6.61884e-05
    outer loop
      vertex 5.05624 -0.972328 1.97775
      vertex 5.07981 -0.823503 1.82681
      vertex 5.0514 -1.00286 1.94116
    endloop
  endfacet
  facet normal -0.98771 0.156299 -9.89903e-05
    outer loop
      vertex 5.07403 -0.859975 2.06407
      vertex 5.08794 -0.772202 1.85991
      vertex 5.06756 -0.900877 2.03922
    endloop
  endfacet
  facet normal -0.987667 0.15657 0.00010027
    outer loop
      vertex 5.06756 -0.900877 2.03922
      vertex 5.08794 -0.772202 1.85991
      vertex 5.06162 -0.938329 2.01044
    endloop
  endfacet
  facet normal -0.987706 0.156325 -3.59241e-05
    outer loop
      vertex 5.09754 -0.711541 1.88411
      vertex 5.08794 -0.772202 1.85991
      vertex 5.08106 -0.81562 2.08502
    endloop
  endfacet
  facet normal -0.987687 0.156444 2.73812e-05
    outer loop
      vertex 5.08863 -0.767831 2.10205
      vertex 5.09754 -0.711541 1.88411
      vertex 5.08106 -0.81562 2.08502
    endloop
  endfacet
  facet normal -0.987684 0.156461 3.18304e-05
    outer loop
      vertex 5.09675 -0.716575 2.11519
      vertex 5.09754 -0.711541 1.88411
      vertex 5.08863 -0.767831 2.10205
    endloop
  endfacet
  facet normal -0.987679 0.156494 3.25627e-05
    outer loop
      vertex 5.10863 -0.641552 1.89943
      vertex 5.09754 -0.711541 1.88411
      vertex 5.09675 -0.716575 2.11519
    endloop
  endfacet
  facet normal -0.987702 0.156351 -1.83295e-05
    outer loop
      vertex 5.10541 -0.661867 2.12439
      vertex 5.10863 -0.641552 1.89943
      vertex 5.09675 -0.716575 2.11519
    endloop
  endfacet
  facet normal -0.9877 0.156359 5.26084e-05
    outer loop
      vertex 5.09571 -0.723145 3.31068
      vertex 5.10002 -0.695912 3.28888
      vertex 5.07938 -0.826246 3.15221
    endloop
  endfacet
  facet normal -0.987688 0.15644 -1.16029e-05
    outer loop
      vertex 5.1042 -0.669493 3.26651
      vertex 5.08632 -0.78239 3.11971
      vertex 5.08283 -0.804423 3.13667
    endloop
  endfacet
  facet normal -0.98766 0.156615 -0.000164043
    outer loop
      vertex 5.10828 -0.643722 3.24387
      vertex 5.11227 -0.618584 3.22093
      vertex 5.08984 -0.760159 3.1013
    endloop
  endfacet
  facet normal -0.987673 0.156531 -6.13686e-05
    outer loop
      vertex 5.11227 -0.618584 3.22093
      vertex 5.0934 -0.737704 3.08147
      vertex 5.08984 -0.760159 3.1013
    endloop
  endfacet
  facet normal -0.987699 0.156365 8.39528e-05
    outer loop
      vertex 5.11227 -0.618584 3.22093
      vertex 5.11615 -0.594063 3.19772
      vertex 5.0934 -0.737704 3.08147
    endloop
  endfacet
  facet normal -0.987707 0.156318 0.000143714
    outer loop
      vertex 5.11615 -0.594063 3.19772
      vertex 5.09702 -0.714811 3.06003
      vertex 5.0934 -0.737704 3.08147
    endloop
  endfacet
  facet normal -0.987689 0.15643 4.24206e-05
    outer loop
      vertex 5.11615 -0.594063 3.19772
      vertex 5.11993 -0.57019 3.17422
      vertex 5.09702 -0.714811 3.06003
    endloop
  endfacet
  facet normal -0.987666 0.156572 -0.000142154
    outer loop
      vertex 5.11993 -0.57019 3.17422
      vertex 5.10076 -0.69124 3.0368
      vertex 5.09702 -0.714811 3.06003
    endloop
  endfacet
  facet normal -0.987683 0.156465 -4.54132e-05
    outer loop
      vertex 5.11993 -0.57019 3.17422
      vertex 5.12361 -0.546967 3.15044
      vertex 5.10076 -0.69124 3.0368
    endloop
  endfacet
  facet normal -0.987703 0.156339 0.000118978
    outer loop
      vertex 5.12361 -0.546967 3.15044
      vertex 5.1046 -0.666961 3.0118
      vertex 5.10076 -0.69124 3.0368
    endloop
  endfacet
  facet normal -0.987615 0.156896 0
    outer loop
      vertex 5.12493 -0.538658 3.14116
      vertex 5.12361 -0.546967 3.15044
      vertex 5.12493 -0.538658 3.14118
    endloop
  endfacet
  facet normal -0.987648 0.156688 -0.000190942
    outer loop
      vertex 5.12361 -0.546967 3.15044
      vertex 5.12493 -0.538658 3.14116
      vertex 5.1046 -0.666961 3.0118
    endloop
  endfacet
  facet normal -0.994348 0.0789165 0.0710248
    outer loop
      vertex 5.12493 -0.538658 3.14118
      vertex 5.12496 -0.538451 3.14137
      vertex 5.12493 -0.538649 3.14117
    endloop
  endfacet
  facet normal -0.988736 0.149518 -0.00678009
    outer loop
      vertex 5.12496 -0.538451 3.14137
      vertex 5.12493 -0.538658 3.14118
      vertex 5.12361 -0.546967 3.15044
    endloop
  endfacet
  facet normal -0.987694 0.156401 1.51321e-05
    outer loop
      vertex 5.10828 -0.643722 3.24387
      vertex 5.08984 -0.760159 3.1013
      vertex 5.08632 -0.78239 3.11971
    endloop
  endfacet
  facet normal -0.987662 0.156603 -0.000104382
    outer loop
      vertex 5.1046 -0.666961 3.0118
      vertex 5.12493 -0.538658 3.14106
      vertex 5.10856 -0.642004 2.98502
    endloop
  endfacet
  facet normal -0.987678 0.156501 0
    outer loop
      vertex 5.12493 -0.538658 3.14106
      vertex 5.1046 -0.666961 3.0118
      vertex 5.12493 -0.538658 3.14116
    endloop
  endfacet
  facet normal -0.994361 0.0768836 0.0730394
    outer loop
      vertex 5.12496 -0.538451 3.14137
      vertex 5.12493 -0.538611 3.14113
      vertex 5.12493 -0.538649 3.14117
    endloop
  endfacet
  facet normal -0.97532 0.219447 -0.024383
    outer loop
      vertex 5.12496 -0.538451 3.14137
      vertex 5.12494 -0.538571 3.14109
      vertex 5.12493 -0.538611 3.14113
    endloop
  endfacet
  facet normal -0.987705 0.156331 8.06638e-05
    outer loop
      vertex 5.10856 -0.642004 2.98502
      vertex 5.12493 -0.538658 3.14088
      vertex 5.11262 -0.616338 2.95647
    endloop
  endfacet
  facet normal -0.987686 0.156449 0
    outer loop
      vertex 5.12493 -0.538658 3.14088
      vertex 5.10856 -0.642004 2.98502
      vertex 5.12493 -0.538658 3.14106
    endloop
  endfacet
  facet normal -0.976956 0.212382 -0.0212382
    outer loop
      vertex 5.12496 -0.538451 3.14137
      vertex 5.12495 -0.538529 3.14105
      vertex 5.12494 -0.538571 3.14109
    endloop
  endfacet
  facet normal -0.987684 0.156459 2.52859e-05
    outer loop
      vertex 5.11262 -0.616338 2.95647
      vertex 5.12493 -0.538658 3.14051
      vertex 5.11679 -0.590009 2.92613
    endloop
  endfacet
  facet normal -0.987675 0.156518 0
    outer loop
      vertex 5.12493 -0.538658 3.14051
      vertex 5.11262 -0.616338 2.95647
      vertex 5.12493 -0.538658 3.14088
    endloop
  endfacet
  facet normal -0.999279 0.029356 0.0240719
    outer loop
      vertex 5.12496 -0.538451 3.14137
      vertex 5.12495 -0.538488 3.141
      vertex 5.12495 -0.538529 3.14105
    endloop
  endfacet
  facet normal -0.987694 0.156401 3.98325e-05
    outer loop
      vertex 5.11679 -0.590009 2.92613
      vertex 5.12493 -0.538658 3.13929
      vertex 5.12107 -0.562972 2.89403
    endloop
  endfacet
  facet normal -0.987668 0.156562 0
    outer loop
      vertex 5.12493 -0.538658 3.13929
      vertex 5.11679 -0.590009 2.92613
      vertex 5.12493 -0.538658 3.14051
    endloop
  endfacet
  facet normal -0.965363 0.260909 0
    outer loop
      vertex 5.12496 -0.538451 3.14137
      vertex 5.12496 -0.538451 3.14096
      vertex 5.12495 -0.538488 3.141
    endloop
  endfacet
  facet normal 0 0 0
    outer loop
      vertex 5.12493 -0.538658 2.86431
      vertex 5.12493 -0.538658 2.86452
      vertex 5.12493 -0.538658 2.86438
    endloop
  endfacet
  facet normal 0 0 0
    outer loop
      vertex 5.12493 -0.538658 2.86431
      vertex 5.12493 -0.538658 2.86477
      vertex 5.12493 -0.538658 2.86452
    endloop
  endfacet
  facet normal -0.987632 0.156793 0
    outer loop
      vertex 5.12107 -0.562972 2.89403
      vertex 5.12493 -0.538658 2.86477
      vertex 5.12493 -0.538658 2.86431
    endloop
  endfacet
  facet normal -0.987632 0.156793 0
    outer loop
      vertex 5.12493 -0.538658 2.86477
      vertex 5.12107 -0.562972 2.89403
      vertex 5.12493 -0.538658 2.86533
    endloop
  endfacet
  facet normal -0.987632 0.156793 0
    outer loop
      vertex 5.12493 -0.538658 2.86533
      vertex 5.12107 -0.562972 2.89403
      vertex 5.12493 -0.538658 2.86765
    endloop
  endfacet
  facet normal -0.987632 0.156793 0
    outer loop
      vertex 5.12493 -0.538658 2.86765
      vertex 5.12107 -0.562972 2.89403
      vertex 5.12493 -0.538658 3.13929
    endloop
  endfacet
  facet normal -0.987695 0.156392 2.58205e-05
    outer loop
      vertex 5.1042 -0.669493 3.26651
      vertex 5.10828 -0.643722 3.24387
      vertex 5.08632 -0.78239 3.11971
    endloop
  endfacet
  facet normal 0 0 0
    outer loop
      vertex 5.12493 -0.538658 4.94228
      vertex 5.12493 -0.538658 4.94287
      vertex 5.12493 -0.538658 4.94248
    endloop
  endfacet
  facet normal -0.987686 0.156452 3.1308e-05
    outer loop
      vertex 5.04051 -1.0716 4.92412
      vertex 5.12493 -0.538658 4.94228
      vertex 5.11487 -0.602126 4.7372
    endloop
  endfacet
  facet normal -0.98721 0.158497 0.0172082
    outer loop
      vertex 5.12493 -0.538627 4.94285
      vertex 5.12496 -0.538451 4.94295
      vertex 5.12495 -0.538497 4.9428
    endloop
  endfacet
  facet normal -0.986311 0.0893938 0.13856
    outer loop
      vertex 5.12493 -0.538658 4.94287
      vertex 5.12496 -0.538451 4.94295
      vertex 5.12493 -0.538627 4.94285
    endloop
  endfacet
  facet normal -0.986771 0.15764 -0.0378544
    outer loop
      vertex 5.12493 -0.538658 4.94287
      vertex 5.04051 -1.0716 4.92412
      vertex 5.12496 -0.538451 4.94295
    endloop
  endfacet
  facet normal -0.987685 0.156453 0
    outer loop
      vertex 5.12493 -0.538658 4.94228
      vertex 5.04051 -1.0716 4.92412
      vertex 5.12493 -0.538658 4.94287
    endloop
  endfacet
  facet normal -0.987702 0.156347 8.67877e-05
    outer loop
      vertex 5.10002 -0.695912 3.28888
      vertex 5.1042 -0.669493 3.26651
      vertex 5.08283 -0.804423 3.13667
    endloop
  endfacet
  facet normal -0.987716 0.156257 0.000152739
    outer loop
      vertex 5.10002 -0.695912 3.28888
      vertex 5.08283 -0.804423 3.13667
      vertex 5.07938 -0.826246 3.15221
    endloop
  endfacet
  facet normal -0.990566 0.134223 -0.0276116
    outer loop
      vertex 5.12496 -0.538451 3.75629
      vertex 5.12493 -0.538658 3.75636
      vertex 5.12495 -0.538496 3.75643
    endloop
  endfacet
  facet normal 0 0 0
    outer loop
      vertex 5.12493 -0.538658 3.75636
      vertex 5.12493 -0.538658 3.75695
      vertex 5.12493 -0.538658 3.75675
    endloop
  endfacet
  facet normal -0.987685 0.156453 0
    outer loop
      vertex 5.04051 -1.0716 3.77502
      vertex 5.12493 -0.538658 3.75695
      vertex 5.12493 -0.538658 3.75636
    endloop
  endfacet
  facet normal -0.987686 0.156452 -3.15004e-05
    outer loop
      vertex 5.12493 -0.538658 3.75695
      vertex 5.04051 -1.0716 3.77502
      vertex 5.11487 -0.602126 3.96078
    endloop
  endfacet
  facet normal -0.986497 0.1578 0.0438535
    outer loop
      vertex 5.04051 -1.0716 3.77502
      vertex 5.12493 -0.538658 3.75636
      vertex 5.12496 -0.538451 3.75629
    endloop
  endfacet
  facet normal -0.987653 0.156659 -0.000147548
    outer loop
      vertex 5.09571 -0.723145 3.31068
      vertex 5.07938 -0.826246 3.15221
      vertex 5.07595 -0.847857 3.16631
    endloop
  endfacet
  facet normal -0.987679 0.156495 -2.29014e-06
    outer loop
      vertex 5.09123 -0.751419 3.33162
      vertex 5.09571 -0.723145 3.31068
      vertex 5.07595 -0.847857 3.16631
    endloop
  endfacet
  facet normal -0.987696 0.156384 6.46531e-05
    outer loop
      vertex 5.09123 -0.751419 3.33162
      vertex 5.07595 -0.847857 3.16631
      vertex 5.07256 -0.869273 3.17897
    endloop
  endfacet
  facet normal -0.98768 0.156489 -1.8623e-05
    outer loop
      vertex 5.08659 -0.780702 3.35172
      vertex 5.09123 -0.751419 3.33162
      vertex 5.07256 -0.869273 3.17897
    endloop
  endfacet
  facet normal -0.987693 0.156406 2.50213e-05
    outer loop
      vertex 5.08659 -0.780702 3.35172
      vertex 5.07256 -0.869273 3.17897
      vertex 5.0692 -0.890493 3.19019
    endloop
  endfacet
  facet normal -0.987689 0.156433 5.90869e-06
    outer loop
      vertex 5.08179 -0.811009 3.37097
      vertex 5.08659 -0.780702 3.35172
      vertex 5.0692 -0.890493 3.19019
    endloop
  endfacet
  facet normal -0.987673 0.156532 -3.85063e-05
    outer loop
      vertex 5.08179 -0.811009 3.37097
      vertex 5.0692 -0.890493 3.19019
      vertex 5.06587 -0.911502 3.19998
    endloop
  endfacet
  facet normal -0.987669 0.156556 -5.34443e-05
    outer loop
      vertex 5.07682 -0.842357 3.38936
      vertex 5.08179 -0.811009 3.37097
      vertex 5.06587 -0.911502 3.19998
    endloop
  endfacet
  facet normal -0.987717 0.156252 6.06555e-05
    outer loop
      vertex 5.0717 -0.874729 3.40691
      vertex 5.07682 -0.842357 3.38936
      vertex 5.06587 -0.911502 3.19998
    endloop
  endfacet
  facet normal -0.987685 0.156458 2.30153e-05
    outer loop
      vertex 5.06641 -0.908126 3.4236
      vertex 5.0717 -0.874729 3.40691
      vertex 5.06587 -0.911502 3.19998
    endloop
  endfacet
  facet normal -0.987695 0.156392 2.40434e-05
    outer loop
      vertex 5.06641 -0.908126 3.4236
      vertex 5.06587 -0.911502 3.19998
      vertex 5.06096 -0.942548 3.43944
    endloop
  endfacet
  facet normal -0.987686 0.156448 3.15383e-05
    outer loop
      vertex 5.04055 -1.0714 3.43914
      vertex 5.06096 -0.942548 3.43944
      vertex 5.06587 -0.911502 3.19998
    endloop
  endfacet
  facet normal -0.987686 0.156448 0
    outer loop
      vertex 5.04055 -1.0714 3.43944
      vertex 5.06096 -0.942548 3.43944
      vertex 5.04055 -1.0714 3.43914
    endloop
  endfacet
  facet normal -0 0 -1
    outer loop
      vertex 5.04055 -1.0714 3.43944
      vertex 5.04051 -1.0716 3.43944
      vertex 5.06096 -0.942548 3.43944
    endloop
  endfacet
  facet normal -0.98767 0.156551 0
    outer loop
      vertex 5.11487 -0.602126 3.96078
      vertex 5.12493 -0.538658 4.94228
      vertex 5.12493 -0.538658 3.75695
    endloop
  endfacet
  facet normal -0.98767 0.156551 0
    outer loop
      vertex 5.12493 -0.538658 4.94228
      vertex 5.11487 -0.602126 3.96078
      vertex 5.11487 -0.602126 4.7372
    endloop
  endfacet
  facet normal -0.977176 0.21243 0
    outer loop
      vertex 5.12496 -0.538451 4.94295
      vertex 5.12496 -0.538451 4.94278
      vertex 5.12495 -0.538497 4.9428
    endloop
  endfacet
  facet normal -0.976187 0.21693 0
    outer loop
      vertex 5.12496 -0.538451 3.75645
      vertex 5.12496 -0.538451 3.75629
      vertex 5.12495 -0.538496 3.75643
    endloop
  endfacet
  facet normal -0.982072 0.151602 0.112031
    outer loop
      vertex 5.04051 -1.0716 4.92412
      vertex 5.04055 -1.0714 4.9242
      vertex 5.12496 -0.538451 4.94295
    endloop
  endfacet
  facet normal -0.980581 0.196116 0
    outer loop
      vertex 5.04055 -1.0714 4.9242
      vertex 5.04051 -1.0716 4.92412
      vertex 5.04051 -1.0716 4.92428
    endloop
  endfacet
  facet normal -0.987689 0.156433 0
    outer loop
      vertex 5.12496 -0.538451 4.94295
      vertex 5.04055 -1.0714 4.9242
      vertex 5.04055 -1.0714 5.16316
    endloop
  endfacet
  facet normal -0.987689 0.156433 0
    outer loop
      vertex 5.04055 -1.0714 3.77496
      vertex 5.12496 -0.538451 3.75629
      vertex 5.04055 -1.0714 3.53953
    endloop
  endfacet
  facet normal -0.976811 0.149336 -0.153422
    outer loop
      vertex 5.04055 -1.0714 3.77496
      vertex 5.04051 -1.0716 3.77502
      vertex 5.12496 -0.538451 3.75629
    endloop
  endfacet
  facet normal -0.980581 0.196116 0
    outer loop
      vertex 5.04051 -1.0716 3.77502
      vertex 5.04055 -1.0714 3.77496
      vertex 5.04051 -1.0716 3.77488
    endloop
  endfacet
  facet normal 0.987686 -0.156451 0
    outer loop
      vertex 5.04823 -1.07282 -5.1274
      vertex 5.07416 -0.909122 -4.26631
      vertex 5.04823 -1.07282 -4.03532
    endloop
  endfacet
  facet normal 0.987686 -0.156451 0
    outer loop
      vertex 5.07416 -0.909122 -4.26631
      vertex 5.04823 -1.07282 -5.1274
      vertex 5.07416 -0.909122 -5.1274
    endloop
  endfacet
  facet normal 0.98769 -0.156422 0
    outer loop
      vertex 5.13267 -0.539674 -4.26631
      vertex 5.13267 -0.539674 -4.03532
      vertex 5.07416 -0.909122 -4.26631
    endloop
  endfacet
  facet normal 0.987689 -0.156431 1.45698e-05
    outer loop
      vertex 5.07416 -0.909122 -4.26631
      vertex 5.13267 -0.539674 -4.03532
      vertex 5.04823 -1.07282 -4.03532
    endloop
  endfacet
  facet normal 0.987686 -0.156451 0
    outer loop
      vertex 5.04823 -1.07282 -3.7821
      vertex 5.07416 -0.909122 -2.92102
      vertex 5.04823 -1.07282 -2.69003
    endloop
  endfacet
  facet normal 0.987686 -0.156451 0
    outer loop
      vertex 5.07416 -0.909122 -2.92102
      vertex 5.04823 -1.07282 -3.7821
      vertex 5.07416 -0.909122 -3.7821
    endloop
  endfacet
  facet normal 0.98769 -0.156422 0
    outer loop
      vertex 5.13267 -0.539674 -2.92102
      vertex 5.13267 -0.539674 -2.69003
      vertex 5.07416 -0.909122 -2.92102
    endloop
  endfacet
  facet normal 0.987689 -0.156431 1.45698e-05
    outer loop
      vertex 5.07416 -0.909122 -2.92102
      vertex 5.13267 -0.539674 -2.69003
      vertex 5.04823 -1.07282 -2.69003
    endloop
  endfacet
  facet normal 0.987686 -0.156451 0
    outer loop
      vertex 5.04823 -1.07282 -2.41902
      vertex 5.07416 -0.909122 -1.3076
      vertex 5.04823 -1.07282 -1.07661
    endloop
  endfacet
  facet normal 0.987686 -0.156451 0
    outer loop
      vertex 5.07416 -0.909122 -1.3076
      vertex 5.04823 -1.07282 -2.41902
      vertex 5.07416 -0.909122 -2.41902
    endloop
  endfacet
  facet normal 0.98769 -0.156422 0
    outer loop
      vertex 5.13267 -0.539674 -1.3076
      vertex 5.13267 -0.539674 -1.07661
      vertex 5.07416 -0.909122 -1.3076
    endloop
  endfacet
  facet normal 0.987689 -0.156431 1.45698e-05
    outer loop
      vertex 5.07416 -0.909122 -1.3076
      vertex 5.13267 -0.539674 -1.07661
      vertex 5.04823 -1.07282 -1.07661
    endloop
  endfacet
  facet normal 0.987688 -0.156436 -5.60787e-06
    outer loop
      vertex 5.1081 -0.694798 0.387573
      vertex 5.11645 -0.64208 0.420868
      vertex 5.0908 -0.804032 0.594208
    endloop
  endfacet
  facet normal 0.987691 -0.156419 -2.10528e-05
    outer loop
      vertex 5.07801 -0.884798 0.156418
      vertex 5.0822 -0.858348 0.210022
      vertex 5.05028 -1.05991 0.264084
    endloop
  endfacet
  facet normal 0.987711 -0.156292 -8.6044e-05
    outer loop
      vertex 5.08883 -0.816482 1.22896
      vertex 5.08509 -0.840128 1.248
      vertex 5.06643 -0.957952 1.0649
    endloop
  endfacet
  facet normal 0.987697 -0.156383 7.06228e-05
    outer loop
      vertex 5.0822 -0.858348 0.210022
      vertex 5.0576 -1.01365 0.362457
      vertex 5.05368 -1.03843 0.314362
    endloop
  endfacet
  facet normal 0.987694 -0.156399 2.58892e-05
    outer loop
      vertex 5.0757 -0.899386 1.73399
      vertex 5.08087 -0.866728 1.78485
      vertex 5.05113 -1.05453 1.85753
    endloop
  endfacet
  facet normal 0.987681 -0.156481 -0.000122827
    outer loop
      vertex 5.07801 -0.884798 0.156418
      vertex 5.05028 -1.05991 0.264084
      vertex 5.04823 -1.07282 0.226776
    endloop
  endfacet
  facet normal 0.987691 -0.156416 3.63351e-05
    outer loop
      vertex 5.0822 -0.858348 0.210022
      vertex 5.08732 -0.826006 0.26001
      vertex 5.0576 -1.01365 0.362457
    endloop
  endfacet
  facet normal 0.987683 -0.156466 -3.59317e-05
    outer loop
      vertex 5.07242 -0.920079 0.0383911
      vertex 5.07475 -0.905385 0.0992126
      vertex 5.04823 -1.07282 0.226776
    endloop
  endfacet
  facet normal 0.987687 -0.156442 0
    outer loop
      vertex 5.06905 -0.941374 1.52815
      vertex 5.04823 -1.07282 1.81436
      vertex 5.04823 -1.07282 1.24025
    endloop
  endfacet
  facet normal 0.987686 -0.156451 -1.38283e-05
    outer loop
      vertex 5.08732 -0.826006 0.26001
      vertex 5.09337 -0.787816 0.306396
      vertex 5.06201 -0.985803 0.408081
    endloop
  endfacet
  facet normal 0.987676 -0.15651 -9.60592e-05
    outer loop
      vertex 5.08087 -0.866728 1.78485
      vertex 5.08753 -0.824725 1.82681
      vertex 5.05912 -1.00408 1.94116
    endloop
  endfacet
  facet normal 0.987654 -0.156651 9.77417e-05
    outer loop
      vertex 5.06925 -0.940138 1.48814
      vertex 5.06905 -0.941374 1.52815
      vertex 5.04823 -1.07282 1.24025
    endloop
  endfacet
  facet normal 0.987688 -0.156435 0
    outer loop
      vertex 5.07056 -0.931834 -0.0940704
      vertex 5.04823 -1.07282 0.226776
      vertex 5.04823 -1.07282 -0.379715
    endloop
  endfacet
  facet normal 0.987673 -0.15653 -4.23394e-05
    outer loop
      vertex 5.08753 -0.824725 1.82681
      vertex 5.06934 -0.93955 2.01044
      vertex 5.06395 -0.973551 1.97775
    endloop
  endfacet
  facet normal 0.987677 -0.156504 3.5127e-05
    outer loop
      vertex 5.07143 -0.926363 -0.180786
      vertex 5.07056 -0.931834 -0.0940704
      vertex 5.04823 -1.07282 -0.379715
    endloop
  endfacet
  facet normal 0.98769 -0.156421 -1.25305e-05
    outer loop
      vertex 5.07083 -0.930131 1.41475
      vertex 5.06984 -0.936385 1.45035
      vertex 5.04823 -1.07282 1.24025
    endloop
  endfacet
  facet normal 0.987685 -0.156456 -1.30039e-05
    outer loop
      vertex 5.09337 -0.787816 0.306396
      vertex 5.07218 -0.921601 0.490921
      vertex 5.06687 -0.955119 0.450897
    endloop
  endfacet
  facet normal 0.987699 -0.15637 6.00913e-05
    outer loop
      vertex 5.08753 -0.824725 1.82681
      vertex 5.09565 -0.773423 1.85991
      vertex 5.06934 -0.93955 2.01044
    endloop
  endfacet
  facet normal 0.987676 -0.156509 -5.2859e-05
    outer loop
      vertex 5.09337 -0.787816 0.306396
      vertex 5.10036 -0.743719 0.349167
      vertex 5.07218 -0.921601 0.490921
    endloop
  endfacet
  facet normal 0.987687 -0.156443 1.9178e-05
    outer loop
      vertex 5.12449 -0.591367 0.951736
      vertex 5.12466 -0.590266 1.1779
      vertex 5.11937 -0.623664 1.17624
    endloop
  endfacet
  facet normal 0.987696 -0.156389 2.00069e-05
    outer loop
      vertex 5.1081 -0.694798 0.387573
      vertex 5.0908 -0.804032 0.594208
      vertex 5.08415 -0.846035 0.562576
    endloop
  endfacet
  facet normal 0.987684 -0.15646 1.94257e-06
    outer loop
      vertex 5.07403 -0.909951 -0.261948
      vertex 5.07143 -0.926363 -0.180786
      vertex 5.04823 -1.07282 -0.379715
    endloop
  endfacet
  facet normal 0.98767 -0.156549 -4.54552e-06
    outer loop
      vertex 5.11824 -0.630822 0.950073
      vertex 5.11332 -0.661869 1.1777
      vertex 5.10927 -0.687414 0.952423
    endloop
  endfacet
  facet normal 0.987696 -0.156383 -8.76413e-07
    outer loop
      vertex 5.10927 -0.687414 0.952423
      vertex 5.10765 -0.697647 1.1821
      vertex 5.10083 -0.74072 0.959442
    endloop
  endfacet
  facet normal 0.987678 -0.156503 9.91047e-05
    outer loop
      vertex 5.06885 -0.942655 -0.615128
      vertex 5.09221 -0.795141 -0.472107
      vertex 5.06358 -0.975886 -0.571503
    endloop
  endfacet
  facet normal 0.987683 -0.156468 2.32603e-05
    outer loop
      vertex 5.08773 -0.823444 -0.730011
      vertex 5.10174 -0.734978 -0.531036
      vertex 5.08092 -0.866426 -0.694382
    endloop
  endfacet
  facet normal 0.987698 -0.156375 -5.31735e-05
    outer loop
      vertex 5.08092 -0.866426 -0.694382
      vertex 5.10174 -0.734978 -0.531036
      vertex 5.07463 -0.906168 -0.656082
    endloop
  endfacet
  facet normal 0.987688 -0.156435 8.1796e-06
    outer loop
      vertex 5.113 -0.663888 -0.584427
      vertex 5.10174 -0.734978 -0.531036
      vertex 5.08773 -0.823444 -0.730011
    endloop
  endfacet
  facet normal 0.987689 -0.15643 2.36541e-05
    outer loop
      vertex 5.10174 -0.734978 -0.531036
      vertex 5.09221 -0.795141 -0.472107
      vertex 5.07463 -0.906168 -0.656082
    endloop
  endfacet
  facet normal 0.987686 -0.156449 2.46415e-05
    outer loop
      vertex 5.09505 -0.777237 -0.76297
      vertex 5.113 -0.663888 -0.584427
      vertex 5.08773 -0.823444 -0.730011
    endloop
  endfacet
  facet normal 0.987689 -0.156433 2.5842e-05
    outer loop
      vertex 5.07463 -0.906168 -0.656082
      vertex 5.09221 -0.795141 -0.472107
      vertex 5.06885 -0.942655 -0.615128
    endloop
  endfacet
  facet normal 0.987687 -0.156443 2.06696e-05
    outer loop
      vertex 5.10289 -0.727744 -0.793274
      vertex 5.113 -0.663888 -0.584427
      vertex 5.09505 -0.777237 -0.76297
    endloop
  endfacet
  facet normal 0.987694 -0.156402 7.63465e-06
    outer loop
      vertex 5.12599 -0.581857 -0.632248
      vertex 5.113 -0.663888 -0.584427
      vertex 5.10289 -0.727744 -0.793274
    endloop
  endfacet
  facet normal 0.98769 -0.156425 2.92392e-05
    outer loop
      vertex 5.11124 -0.675026 -0.820908
      vertex 5.12599 -0.581857 -0.632248
      vertex 5.10289 -0.727744 -0.793274
    endloop
  endfacet
  facet normal 0.987688 -0.156438 -2.16914e-05
    outer loop
      vertex 5.09221 -0.795141 -0.472107
      vertex 5.08442 -0.844333 -0.407608
      vertex 5.06358 -0.975886 -0.571503
    endloop
  endfacet
  facet normal 0.987685 -0.156454 -2.22975e-05
    outer loop
      vertex 5.11645 -0.64208 0.420868
      vertex 5.09791 -0.759151 0.623047
      vertex 5.0908 -0.804032 0.594208
    endloop
  endfacet
  facet normal 0.987691 -0.15642 -3.64838e-05
    outer loop
      vertex 5.06358 -0.975886 -0.571503
      vertex 5.08442 -0.844333 -0.407608
      vertex 5.05883 -1.00589 -0.525208
    endloop
  endfacet
  facet normal 0.987676 -0.15651 -5.58147e-05
    outer loop
      vertex 5.11645 -0.64208 0.420868
      vertex 5.10547 -0.711452 0.649094
      vertex 5.09791 -0.759151 0.623047
    endloop
  endfacet
  facet normal 0.987689 -0.156428 -2.54833e-05
    outer loop
      vertex 5.05883 -1.00589 -0.525208
      vertex 5.08442 -0.844333 -0.407608
      vertex 5.05462 -1.03248 -0.476639
    endloop
  endfacet
  facet normal 0.98769 -0.156425 -3.39191e-05
    outer loop
      vertex 5.08442 -0.844333 -0.407608
      vertex 5.07836 -0.882612 -0.337555
      vertex 5.05462 -1.03248 -0.476639
    endloop
  endfacet
  facet normal 0.987691 -0.15642 -3.90785e-05
    outer loop
      vertex 5.05462 -1.03248 -0.476639
      vertex 5.07836 -0.882612 -0.337555
      vertex 5.05097 -1.05554 -0.426163
    endloop
  endfacet
  facet normal 0.987683 -0.156466 5.40683e-05
    outer loop
      vertex 5.05097 -1.05554 -0.426163
      vertex 5.07836 -0.882612 -0.337555
      vertex 5.04823 -1.07282 -0.379715
    endloop
  endfacet
  facet normal 0.987685 -0.156453 -7.84811e-06
    outer loop
      vertex 5.07836 -0.882612 -0.337555
      vertex 5.07403 -0.909951 -0.261948
      vertex 5.04823 -1.07282 -0.379715
    endloop
  endfacet
  facet normal 0.987706 -0.156325 8.1506e-05
    outer loop
      vertex 5.07103 -0.928895 -0.0260315
      vertex 5.07242 -0.920079 0.0383911
      vertex 5.04823 -1.07282 0.226776
    endloop
  endfacet
  facet normal 0.987667 -0.156567 -5.95807e-05
    outer loop
      vertex 5.07056 -0.931834 -0.0940704
      vertex 5.07103 -0.928895 -0.0260315
      vertex 5.04823 -1.07282 0.226776
    endloop
  endfacet
  facet normal 0.987689 -0.156432 1.04512e-05
    outer loop
      vertex 5.07475 -0.905385 0.0992126
      vertex 5.07801 -0.884798 0.156418
      vertex 5.04823 -1.07282 0.226776
    endloop
  endfacet
  facet normal 0.987693 -0.156406 2.89259e-05
    outer loop
      vertex 5.0822 -0.858348 0.210022
      vertex 5.05368 -1.03843 0.314362
      vertex 5.05028 -1.05991 0.264084
    endloop
  endfacet
  facet normal 0.987689 -0.15643 8.89567e-06
    outer loop
      vertex 5.08732 -0.826006 0.26001
      vertex 5.06201 -0.985803 0.408081
      vertex 5.0576 -1.01365 0.362457
    endloop
  endfacet
  facet normal 0.987687 -0.156442 2.84627e-06
    outer loop
      vertex 5.09337 -0.787816 0.306396
      vertex 5.06687 -0.955119 0.450897
      vertex 5.06201 -0.985803 0.408081
    endloop
  endfacet
  facet normal 0.987683 -0.156471 4.12429e-06
    outer loop
      vertex 5.10036 -0.743719 0.349167
      vertex 5.08415 -0.846035 0.562576
      vertex 5.07794 -0.885235 0.528152
    endloop
  endfacet
  facet normal 0.987685 -0.156456 1.6232e-05
    outer loop
      vertex 5.10036 -0.743719 0.349167
      vertex 5.07794 -0.885235 0.528152
      vertex 5.07218 -0.921601 0.490921
    endloop
  endfacet
  facet normal 0.987705 -0.156328 7.44793e-05
    outer loop
      vertex 5.10036 -0.743719 0.349167
      vertex 5.1081 -0.694798 0.387573
      vertex 5.08415 -0.846035 0.562576
    endloop
  endfacet
  facet normal 0.98767 -0.156553 -6.90597e-05
    outer loop
      vertex 5.11645 -0.64208 0.420868
      vertex 5.12541 -0.585565 0.44902
      vertex 5.10547 -0.711452 0.649094
    endloop
  endfacet
  facet normal 0.987684 -0.156462 -1.03133e-05
    outer loop
      vertex 5.12541 -0.585565 0.44902
      vertex 5.11343 -0.661205 0.672195
      vertex 5.10547 -0.711452 0.649094
    endloop
  endfacet
  facet normal 0.987713 -0.156278 5.36023e-05
    outer loop
      vertex 5.12541 -0.585565 0.44902
      vertex 5.13267 -0.539674 0.466553
      vertex 5.11343 -0.661205 0.672195
    endloop
  endfacet
  facet normal 0.98771 -0.156294 4.3396e-05
    outer loop
      vertex 5.13267 -0.539674 0.466553
      vertex 5.12174 -0.608684 0.692215
      vertex 5.11343 -0.661205 0.672195
    endloop
  endfacet
  facet normal 0.987674 -0.156524 -2.86609e-05
    outer loop
      vertex 5.13267 -0.539674 0.466553
      vertex 5.13042 -0.553916 0.709152
      vertex 5.12174 -0.608684 0.692215
    endloop
  endfacet
  facet normal 0.987749 -0.156048 0
    outer loop
      vertex 5.13267 -0.539674 0.466553
      vertex 5.13267 -0.539674 0.712616
      vertex 5.13042 -0.553916 0.709152
    endloop
  endfacet
  facet normal 0.987674 -0.156525 -7.34197e-06
    outer loop
      vertex 5.10927 -0.687414 0.952423
      vertex 5.11332 -0.661869 1.1777
      vertex 5.10765 -0.697647 1.1821
    endloop
  endfacet
  facet normal 0.987699 -0.156365 -4.49131e-06
    outer loop
      vertex 5.10765 -0.697647 1.1821
      vertex 5.10237 -0.730999 1.18941
      vertex 5.10083 -0.74072 0.959442
    endloop
  endfacet
  facet normal 0.987685 -0.156454 0
    outer loop
      vertex 5.04823 -1.07282 2.31108
      vertex 5.07359 -0.912724 3.19998
      vertex 5.04823 -1.07282 3.43944
    endloop
  endfacet
  facet normal 0.987685 -0.156454 0
    outer loop
      vertex 5.07359 -0.912724 3.19998
      vertex 5.04823 -1.07282 2.31108
      vertex 5.07359 -0.912724 2.31108
    endloop
  endfacet
  facet normal 0.987693 -0.156407 1.53272e-05
    outer loop
      vertex 5.11824 -0.630822 0.950073
      vertex 5.11937 -0.623664 1.17624
      vertex 5.11332 -0.661869 1.1777
    endloop
  endfacet
  facet normal 0.987685 -0.156458 1.69961e-05
    outer loop
      vertex 5.12449 -0.591367 0.951736
      vertex 5.11937 -0.623664 1.17624
      vertex 5.11824 -0.630822 0.950073
    endloop
  endfacet
  facet normal 0.987705 -0.156329 -3.94385e-05
    outer loop
      vertex 5.09747 -0.761925 1.19966
      vertex 5.09296 -0.790423 1.21284
      vertex 5.07863 -0.88091 1.00865
    endloop
  endfacet
  facet normal 0.987717 -0.156255 1.82397e-05
    outer loop
      vertex 5.13046 -0.553629 0.956726
      vertex 5.12466 -0.590266 1.1779
      vertex 5.12449 -0.591367 0.951736
    endloop
  endfacet
  facet normal 0.987703 -0.156343 0
    outer loop
      vertex 5.13267 -0.539674 0.959946
      vertex 5.13267 -0.539674 1.18831
      vertex 5.12965 -0.558753 1.18292
    endloop
  endfacet
  facet normal 0.987694 -0.156398 -4.8467e-06
    outer loop
      vertex 5.13267 -0.539674 0.959946
      vertex 5.12965 -0.558753 1.18292
      vertex 5.12466 -0.590266 1.1779
    endloop
  endfacet
  facet normal 0.987691 -0.156415 -8.86762e-06
    outer loop
      vertex 5.13046 -0.553629 0.956726
      vertex 5.13267 -0.539674 0.959946
      vertex 5.12466 -0.590266 1.1779
    endloop
  endfacet
  facet normal 0.987703 -0.156341 3.14711e-05
    outer loop
      vertex 5.09565 -0.773423 1.85991
      vertex 5.08877 -0.816843 2.08502
      vertex 5.08175 -0.861197 2.06407
    endloop
  endfacet
  facet normal 0.987696 -0.156389 -3.4417e-06
    outer loop
      vertex 5.10083 -0.74072 0.959442
      vertex 5.10237 -0.730999 1.18941
      vertex 5.09291 -0.79074 0.971161
    endloop
  endfacet
  facet normal 0.987681 -0.15648 3.32041e-05
    outer loop
      vertex 5.10237 -0.730999 1.18941
      vertex 5.09747 -0.761925 1.19966
      vertex 5.08551 -0.83746 0.987564
    endloop
  endfacet
  facet normal 0.987688 -0.156437 9.9153e-06
    outer loop
      vertex 5.09291 -0.79074 0.971161
      vertex 5.10237 -0.730999 1.18941
      vertex 5.08551 -0.83746 0.987564
    endloop
  endfacet
  facet normal 0.987695 -0.156394 1.718e-06
    outer loop
      vertex 5.08551 -0.83746 0.987564
      vertex 5.09747 -0.761925 1.19966
      vertex 5.07863 -0.88091 1.00865
    endloop
  endfacet
  facet normal 0.987693 -0.156405 -4.9503e-06
    outer loop
      vertex 5.07863 -0.88091 1.00865
      vertex 5.09296 -0.790423 1.21284
      vertex 5.07227 -0.921074 1.03444
    endloop
  endfacet
  facet normal 0.987694 -0.156402 1.12123e-05
    outer loop
      vertex 5.07227 -0.921074 1.03444
      vertex 5.08883 -0.816482 1.22896
      vertex 5.06643 -0.957952 1.0649
    endloop
  endfacet
  facet normal 0.987679 -0.156495 6.25679e-05
    outer loop
      vertex 5.09296 -0.790423 1.21284
      vertex 5.08883 -0.816482 1.22896
      vertex 5.07227 -0.921074 1.03444
    endloop
  endfacet
  facet normal 0.987664 -0.156591 0.000110982
    outer loop
      vertex 5.06643 -0.957952 1.0649
      vertex 5.08509 -0.840128 1.248
      vertex 5.0611 -0.991545 1.10005
    endloop
  endfacet
  facet normal 0.987697 -0.156381 -0.000108491
    outer loop
      vertex 5.0611 -0.991545 1.10005
      vertex 5.08509 -0.840128 1.248
      vertex 5.05636 -1.02151 1.13954
    endloop
  endfacet
  facet normal 0.987669 -0.156555 0.000189196
    outer loop
      vertex 5.08509 -0.840128 1.248
      vertex 5.08172 -0.861362 1.26997
      vertex 5.05636 -1.02151 1.13954
    endloop
  endfacet
  facet normal 0.987695 -0.156394 -1.31034e-05
    outer loop
      vertex 5.05636 -1.02151 1.13954
      vertex 5.08172 -0.861362 1.26997
      vertex 5.05225 -1.04747 1.18303
    endloop
  endfacet
  facet normal 0.987691 -0.156415 3.31078e-05
    outer loop
      vertex 5.08172 -0.861362 1.26997
      vertex 5.07875 -0.880111 1.29451
      vertex 5.05225 -1.04747 1.18303
    endloop
  endfacet
  facet normal 0.98769 -0.156423 4.45815e-05
    outer loop
      vertex 5.05225 -1.04747 1.18303
      vertex 5.07875 -0.880111 1.29451
      vertex 5.04877 -1.06943 1.23053
    endloop
  endfacet
  facet normal 0.987701 -0.156357 -0.000154506
    outer loop
      vertex 5.07875 -0.880111 1.29451
      vertex 5.07618 -0.896372 1.32126
      vertex 5.04877 -1.06943 1.23053
    endloop
  endfacet
  facet normal 0.987667 -0.156571 0.000263792
    outer loop
      vertex 5.04877 -1.06943 1.23053
      vertex 5.07618 -0.896372 1.32126
      vertex 5.04823 -1.07282 1.24025
    endloop
  endfacet
  facet normal 0.98768 -0.156487 7.68388e-05
    outer loop
      vertex 5.07618 -0.896372 1.32126
      vertex 5.074 -0.910117 1.3502
      vertex 5.04823 -1.07282 1.24025
    endloop
  endfacet
  facet normal 0.987675 -0.156521 7.09978e-05
    outer loop
      vertex 5.07222 -0.921375 1.38138
      vertex 5.07083 -0.930131 1.41475
      vertex 5.04823 -1.07282 1.24025
    endloop
  endfacet
  facet normal 0.987696 -0.156384 -7.93989e-05
    outer loop
      vertex 5.074 -0.910117 1.3502
      vertex 5.07222 -0.921375 1.38138
      vertex 5.04823 -1.07282 1.24025
    endloop
  endfacet
  facet normal 0.987711 -0.156289 -0.000100639
    outer loop
      vertex 5.06984 -0.936385 1.45035
      vertex 5.06925 -0.940138 1.48814
      vertex 5.04823 -1.07282 1.24025
    endloop
  endfacet
  facet normal 0.987678 -0.156498 -2.66897e-05
    outer loop
      vertex 5.06905 -0.941374 1.52815
      vertex 5.06979 -0.936717 1.60565
      vertex 5.04823 -1.07282 1.81436
    endloop
  endfacet
  facet normal 0.987693 -0.156406 7.29628e-05
    outer loop
      vertex 5.07201 -0.922716 1.67427
      vertex 5.0757 -0.899386 1.73399
      vertex 5.04823 -1.07282 1.81436
    endloop
  endfacet
  facet normal 0.987679 -0.156493 -2.31262e-05
    outer loop
      vertex 5.06979 -0.936717 1.60565
      vertex 5.07201 -0.922716 1.67427
      vertex 5.04823 -1.07282 1.81436
    endloop
  endfacet
  facet normal 0.987683 -0.156465 -5.86957e-05
    outer loop
      vertex 5.0757 -0.899386 1.73399
      vertex 5.05113 -1.05453 1.85753
      vertex 5.04823 -1.07282 1.81436
    endloop
  endfacet
  facet normal 0.987694 -0.156399 3.6436e-06
    outer loop
      vertex 5.08087 -0.866728 1.78485
      vertex 5.05912 -1.00408 1.94116
      vertex 5.05484 -1.03111 1.90099
    endloop
  endfacet
  facet normal 0.987691 -0.156418 -2.34926e-05
    outer loop
      vertex 5.08087 -0.866728 1.78485
      vertex 5.05484 -1.03111 1.90099
      vertex 5.05113 -1.05453 1.85753
    endloop
  endfacet
  facet normal 0.987696 -0.156387 0.000102589
    outer loop
      vertex 5.08753 -0.824725 1.82681
      vertex 5.06395 -0.973551 1.97775
      vertex 5.05912 -1.00408 1.94116
    endloop
  endfacet
  facet normal 0.987684 -0.15646 -2.09898e-05
    outer loop
      vertex 5.09565 -0.773423 1.85991
      vertex 5.08175 -0.861197 2.06407
      vertex 5.07527 -0.9021 2.03922
    endloop
  endfacet
  facet normal 0.987692 -0.156408 1.67221e-05
    outer loop
      vertex 5.09565 -0.773423 1.85991
      vertex 5.07527 -0.9021 2.03922
      vertex 5.06934 -0.93955 2.01044
    endloop
  endfacet
  facet normal 0.987682 -0.156475 5.01029e-06
    outer loop
      vertex 5.09565 -0.773423 1.85991
      vertex 5.10526 -0.712763 1.88411
      vertex 5.08877 -0.816843 2.08502
    endloop
  endfacet
  facet normal 0.987685 -0.156456 1.48926e-05
    outer loop
      vertex 5.10526 -0.712763 1.88411
      vertex 5.09634 -0.769053 2.10205
      vertex 5.08877 -0.816843 2.08502
    endloop
  endfacet
  facet normal 0.987682 -0.156472 1.06743e-05
    outer loop
      vertex 5.10526 -0.712763 1.88411
      vertex 5.10446 -0.717797 2.11519
      vertex 5.09634 -0.769053 2.10205
    endloop
  endfacet
  facet normal 0.987699 -0.156366 1.30363e-05
    outer loop
      vertex 5.10526 -0.712763 1.88411
      vertex 5.11634 -0.642774 1.89943
      vertex 5.10446 -0.717797 2.11519
    endloop
  endfacet
  facet normal 0.987675 -0.15652 -4.1918e-05
    outer loop
      vertex 5.11634 -0.642774 1.89943
      vertex 5.11313 -0.66309 2.12439
      vertex 5.10446 -0.717797 2.11519
    endloop
  endfacet
  facet normal 0.9877 -0.15636 -5.32572e-05
    outer loop
      vertex 5.10773 -0.697135 3.28888
      vertex 5.10342 -0.724368 3.31068
      vertex 5.08709 -0.827468 3.15221
    endloop
  endfacet
  facet normal 0.987688 -0.156436 7.5036e-06
    outer loop
      vertex 5.09404 -0.783611 3.11971
      vertex 5.11192 -0.670715 3.26651
      vertex 5.09055 -0.805645 3.13667
    endloop
  endfacet
  facet normal 0.987695 -0.156392 -2.20935e-05
    outer loop
      vertex 5.11998 -0.619805 3.22093
      vertex 5.116 -0.644944 3.24387
      vertex 5.09756 -0.761382 3.1013
    endloop
  endfacet
  facet normal 0.987679 -0.156492 9.89858e-05
    outer loop
      vertex 5.10112 -0.738926 3.08147
      vertex 5.11998 -0.619805 3.22093
      vertex 5.09756 -0.761382 3.1013
    endloop
  endfacet
  facet normal 0.98767 -0.156549 0.000149083
    outer loop
      vertex 5.12387 -0.595285 3.19772
      vertex 5.11998 -0.619805 3.22093
      vertex 5.10112 -0.738926 3.08147
    endloop
  endfacet
  facet normal 0.987706 -0.156321 -0.000139803
    outer loop
      vertex 5.10474 -0.716034 3.06003
      vertex 5.12387 -0.595285 3.19772
      vertex 5.10112 -0.738926 3.08147
    endloop
  endfacet
  facet normal 0.987689 -0.156433 -3.87268e-05
    outer loop
      vertex 5.12765 -0.571413 3.17422
      vertex 5.12387 -0.595285 3.19772
      vertex 5.10474 -0.716034 3.06003
    endloop
  endfacet
  facet normal 0.987695 -0.156391 -9.39002e-05
    outer loop
      vertex 5.10847 -0.692463 3.0368
      vertex 5.12765 -0.571413 3.17422
      vertex 5.10474 -0.716034 3.06003
    endloop
  endfacet
  facet normal 0.987713 -0.156278 -0.000195585
    outer loop
      vertex 5.13132 -0.548188 3.15044
      vertex 5.12765 -0.571413 3.17422
      vertex 5.10847 -0.692463 3.0368
    endloop
  endfacet
  facet normal 0.987677 -0.156507 0.000102514
    outer loop
      vertex 5.11232 -0.668183 3.0118
      vertex 5.13132 -0.548188 3.15044
      vertex 5.10847 -0.692463 3.0368
    endloop
  endfacet
  facet normal 0.987677 -0.156503 9.89316e-05
    outer loop
      vertex 5.13267 -0.539674 3.14137
      vertex 5.13132 -0.548188 3.15044
      vertex 5.11232 -0.668183 3.0118
    endloop
  endfacet
  facet normal 0.987692 -0.156409 -7.62221e-06
    outer loop
      vertex 5.09756 -0.761382 3.1013
      vertex 5.116 -0.644944 3.24387
      vertex 5.09404 -0.783611 3.11971
    endloop
  endfacet
  facet normal 0.987699 -0.156367 -3.91224e-05
    outer loop
      vertex 5.11627 -0.643226 2.98502
      vertex 5.13267 -0.539674 3.14137
      vertex 5.11232 -0.668183 3.0118
    endloop
  endfacet
  facet normal 0.987672 -0.156536 7.57113e-05
    outer loop
      vertex 5.12034 -0.61756 2.95647
      vertex 5.13267 -0.539674 3.14137
      vertex 5.11627 -0.643226 2.98502
    endloop
  endfacet
  facet normal 0.987693 -0.156408 2.02215e-05
    outer loop
      vertex 5.12451 -0.591231 2.92613
      vertex 5.13267 -0.539674 3.14137
      vertex 5.12034 -0.61756 2.95647
    endloop
  endfacet
  facet normal 0.987702 -0.156348 5.55534e-06
    outer loop
      vertex 5.12879 -0.564194 2.89403
      vertex 5.13267 -0.539674 3.14137
      vertex 5.12451 -0.591231 2.92613
    endloop
  endfacet
  facet normal 0.987711 -0.156294 0
    outer loop
      vertex 5.13267 -0.539674 2.86406
      vertex 5.13267 -0.539674 3.14137
      vertex 5.12879 -0.564194 2.89403
    endloop
  endfacet
  facet normal 0.987695 -0.156393 -2.64563e-05
    outer loop
      vertex 5.116 -0.644944 3.24387
      vertex 5.11192 -0.670715 3.26651
      vertex 5.09404 -0.783611 3.11971
    endloop
  endfacet
  facet normal 0.987689 -0.156432 2.29488e-05
    outer loop
      vertex 5.12259 -0.603348 4.7372
      vertex 5.13267 -0.539674 4.94295
      vertex 5.04823 -1.07282 4.92412
    endloop
  endfacet
  facet normal 0.987672 -0.156538 0.000116598
    outer loop
      vertex 5.11192 -0.670715 3.26651
      vertex 5.10773 -0.697135 3.28888
      vertex 5.09055 -0.805645 3.13667
    endloop
  endfacet
  facet normal 0.987675 -0.15652 0.000103632
    outer loop
      vertex 5.09055 -0.805645 3.13667
      vertex 5.10773 -0.697135 3.28888
      vertex 5.08709 -0.827468 3.15221
    endloop
  endfacet
  facet normal 0.987689 -0.156432 -2.30904e-05
    outer loop
      vertex 5.13267 -0.539674 3.75629
      vertex 5.12259 -0.603348 3.96078
      vertex 5.04823 -1.07282 3.77502
    endloop
  endfacet
  facet normal 0.987703 -0.156342 -6.51833e-05
    outer loop
      vertex 5.08709 -0.827468 3.15221
      vertex 5.10342 -0.724368 3.31068
      vertex 5.08367 -0.84908 3.16631
    endloop
  endfacet
  facet normal 0.987683 -0.156469 4.69269e-05
    outer loop
      vertex 5.10342 -0.724368 3.31068
      vertex 5.09894 -0.752641 3.33162
      vertex 5.08367 -0.84908 3.16631
    endloop
  endfacet
  facet normal 0.987701 -0.156357 -1.95229e-05
    outer loop
      vertex 5.08367 -0.84908 3.16631
      vertex 5.09894 -0.752641 3.33162
      vertex 5.08028 -0.870496 3.17897
    endloop
  endfacet
  facet normal 0.987718 -0.156248 -0.000105934
    outer loop
      vertex 5.09894 -0.752641 3.33162
      vertex 5.09431 -0.781923 3.35172
      vertex 5.08028 -0.870496 3.17897
    endloop
  endfacet
  facet normal 0.987692 -0.156411 -2.06235e-05
    outer loop
      vertex 5.08028 -0.870496 3.17897
      vertex 5.09431 -0.781923 3.35172
      vertex 5.07692 -0.891715 3.19019
    endloop
  endfacet
  facet normal 0.987689 -0.156429 -7.68265e-06
    outer loop
      vertex 5.09431 -0.781923 3.35172
      vertex 5.08951 -0.812231 3.37097
      vertex 5.07692 -0.891715 3.19019
    endloop
  endfacet
  facet normal 0.987673 -0.156532 3.85063e-05
    outer loop
      vertex 5.07692 -0.891715 3.19019
      vertex 5.08951 -0.812231 3.37097
      vertex 5.07359 -0.912724 3.19998
    endloop
  endfacet
  facet normal 0.987668 -0.15656 5.56269e-05
    outer loop
      vertex 5.08951 -0.812231 3.37097
      vertex 5.08454 -0.843578 3.38936
      vertex 5.07359 -0.912724 3.19998
    endloop
  endfacet
  facet normal 0.987679 -0.156496 3.15535e-05
    outer loop
      vertex 5.08454 -0.843578 3.38936
      vertex 5.07941 -0.875951 3.40691
      vertex 5.07359 -0.912724 3.19998
    endloop
  endfacet
  facet normal 0.987688 -0.156437 2.0822e-05
    outer loop
      vertex 5.07941 -0.875951 3.40691
      vertex 5.07412 -0.909348 3.4236
      vertex 5.07359 -0.912724 3.19998
    endloop
  endfacet
  facet normal 0.987698 -0.156372 1.98204e-05
    outer loop
      vertex 5.07359 -0.912724 3.19998
      vertex 5.07412 -0.909348 3.4236
      vertex 5.06867 -0.94377 3.43944
    endloop
  endfacet
  facet normal 0.987688 -0.156438 1.1051e-05
    outer loop
      vertex 5.07359 -0.912724 3.19998
      vertex 5.06867 -0.94377 3.43944
      vertex 5.04823 -1.07282 3.43944
    endloop
  endfacet
  facet normal 0.9877 -0.156359 0
    outer loop
      vertex 5.12259 -0.603348 4.7372
      vertex 5.13267 -0.539674 3.75629
      vertex 5.13267 -0.539674 4.94295
    endloop
  endfacet
  facet normal 0.9877 -0.156359 0
    outer loop
      vertex 5.13267 -0.539674 3.75629
      vertex 5.12259 -0.603348 4.7372
      vertex 5.12259 -0.603348 3.96078
    endloop
  endfacet
  facet normal 0.987689 -0.156431 0
    outer loop
      vertex 5.13267 -0.539674 4.94295
      vertex 5.04823 -1.07282 5.16324
      vertex 5.04823 -1.07282 4.92412
    endloop
  endfacet
  facet normal 0.987689 -0.156431 0
    outer loop
      vertex 5.13267 -0.539674 3.75629
      vertex 5.04823 -1.07282 3.77502
      vertex 5.04823 -1.07282 3.53944
    endloop
  endfacet
  facet normal 0 0 -1
    outer loop
      vertex 5.04823 -1.07282 -5.1274
      vertex 5.06644 -0.9079 -5.1274
      vertex 5.07416 -0.909122 -5.1274
    endloop
  endfacet
  facet normal 0 0 -1
    outer loop
      vertex 5.06644 -0.9079 -5.1274
      vertex 5.04823 -1.07282 -5.1274
      vertex 5.04051 -1.0716 -5.1274
    endloop
  endfacet
  facet normal 0.156344 0.987703 -0
    outer loop
      vertex 5.07416 -0.909122 -5.1274
      vertex 5.06644 -0.9079 -4.26631
      vertex 5.07416 -0.909122 -4.26631
    endloop
  endfacet
  facet normal 0.156344 0.987703 0
    outer loop
      vertex 5.06644 -0.9079 -4.26631
      vertex 5.07416 -0.909122 -5.1274
      vertex 5.06644 -0.9079 -5.1274
    endloop
  endfacet
  facet normal 0 0 -1
    outer loop
      vertex 5.07416 -0.909122 -4.26631
      vertex 5.12496 -0.538451 -4.26631
      vertex 5.13267 -0.539674 -4.26631
    endloop
  endfacet
  facet normal 0 0 -1
    outer loop
      vertex 5.12496 -0.538451 -4.26631
      vertex 5.07416 -0.909122 -4.26631
      vertex 5.06644 -0.9079 -4.26631
    endloop
  endfacet
  facet normal 0.156756 0.987637 0
    outer loop
      vertex 5.13267 -0.539674 -4.03532
      vertex 5.12877 -0.539055 -4.26631
      vertex 5.12877 -0.539055 -4.03532
    endloop
  endfacet
  facet normal 0.156756 0.987637 -0
    outer loop
      vertex 5.13267 -0.539674 -4.26631
      vertex 5.12877 -0.539055 -4.26631
      vertex 5.13267 -0.539674 -4.03532
    endloop
  endfacet
  facet normal 0 0 -1
    outer loop
      vertex 5.12496 -0.538451 -4.26631
      vertex 5.12877 -0.539055 -4.26631
      vertex 5.13267 -0.539674 -4.26631
    endloop
  endfacet
  facet normal 0 0 1
    outer loop
      vertex 5.0406 -1.07121 -4.03532
      vertex 5.12492 -0.538853 -4.03532
      vertex 5.12493 -0.538658 -4.03532
    endloop
  endfacet
  facet normal 0 0 1
    outer loop
      vertex 5.12492 -0.538853 -4.03532
      vertex 5.0406 -1.07121 -4.03532
      vertex 5.04823 -1.07282 -4.03532
    endloop
  endfacet
  facet normal 0 0 1
    outer loop
      vertex 5.04823 -1.07282 -4.03532
      vertex 5.0406 -1.07121 -4.03532
      vertex 5.04432 -1.0722 -4.03532
    endloop
  endfacet
  facet normal 0 -0 1
    outer loop
      vertex 5.0406 -1.07121 -4.03532
      vertex 5.12493 -0.538658 -4.03532
      vertex 5.04055 -1.0714 -4.03532
    endloop
  endfacet
  facet normal 0 0 1
    outer loop
      vertex 5.12492 -0.538853 -4.03532
      vertex 5.13267 -0.539674 -4.03532
      vertex 5.12877 -0.539055 -4.03532
    endloop
  endfacet
  facet normal 0 0 1
    outer loop
      vertex 5.13267 -0.539674 -4.03532
      vertex 5.12492 -0.538853 -4.03532
      vertex 5.04823 -1.07282 -4.03532
    endloop
  endfacet
  facet normal -0.155563 -0.987826 -0
    outer loop
      vertex 5.04051 -1.0716 -5.12739
      vertex 5.04051 -1.0716 -5.1274
      vertex 5.04432 -1.0722 -5.12739
    endloop
  endfacet
  facet normal -0.156611 -0.98766 0
    outer loop
      vertex 5.04432 -1.0722 -5.12739
      vertex 5.04823 -1.07282 -4.03532
      vertex 5.04432 -1.0722 -4.03532
    endloop
  endfacet
  facet normal -0.156611 -0.98766 0
    outer loop
      vertex 5.04432 -1.0722 -5.12739
      vertex 5.04823 -1.07282 -5.1274
      vertex 5.04823 -1.07282 -4.03532
    endloop
  endfacet
  facet normal -0.152845 -0.967185 0.202958
    outer loop
      vertex 5.04823 -1.07282 -5.1274
      vertex 5.04432 -1.0722 -5.12739
      vertex 5.04051 -1.0716 -5.1274
    endloop
  endfacet
  facet normal 0 0 -1
    outer loop
      vertex 5.04823 -1.07282 -3.7821
      vertex 5.06644 -0.9079 -3.7821
      vertex 5.07416 -0.909122 -3.7821
    endloop
  endfacet
  facet normal 0 0 -1
    outer loop
      vertex 5.06644 -0.9079 -3.7821
      vertex 5.04823 -1.07282 -3.7821
      vertex 5.04051 -1.0716 -3.7821
    endloop
  endfacet
  facet normal 0.156344 0.987703 -0
    outer loop
      vertex 5.07416 -0.909122 -3.7821
      vertex 5.06644 -0.9079 -2.92102
      vertex 5.07416 -0.909122 -2.92102
    endloop
  endfacet
  facet normal 0.156344 0.987703 0
    outer loop
      vertex 5.06644 -0.9079 -2.92102
      vertex 5.07416 -0.909122 -3.7821
      vertex 5.06644 -0.9079 -3.7821
    endloop
  endfacet
  facet normal 0 0 -1
    outer loop
      vertex 5.07416 -0.909122 -2.92102
      vertex 5.12496 -0.538451 -2.92102
      vertex 5.13267 -0.539674 -2.92102
    endloop
  endfacet
  facet normal 0 0 -1
    outer loop
      vertex 5.12496 -0.538451 -2.92102
      vertex 5.07416 -0.909122 -2.92102
      vertex 5.06644 -0.9079 -2.92102
    endloop
  endfacet
  facet normal 0.156756 0.987637 0
    outer loop
      vertex 5.13267 -0.539674 -2.69003
      vertex 5.12877 -0.539055 -2.92102
      vertex 5.12877 -0.539055 -2.69003
    endloop
  endfacet
  facet normal 0.156756 0.987637 -0
    outer loop
      vertex 5.13267 -0.539674 -2.92102
      vertex 5.12877 -0.539055 -2.92102
      vertex 5.13267 -0.539674 -2.69003
    endloop
  endfacet
  facet normal 0 0 -1
    outer loop
      vertex 5.12496 -0.538451 -2.92102
      vertex 5.12877 -0.539055 -2.92102
      vertex 5.13267 -0.539674 -2.92102
    endloop
  endfacet
  facet normal 0 0 1
    outer loop
      vertex 5.0406 -1.07121 -2.69003
      vertex 5.12492 -0.538853 -2.69003
      vertex 5.12493 -0.538658 -2.69003
    endloop
  endfacet
  facet normal 0 0 1
    outer loop
      vertex 5.12492 -0.538853 -2.69003
      vertex 5.0406 -1.07121 -2.69003
      vertex 5.04823 -1.07282 -2.69003
    endloop
  endfacet
  facet normal 0 0 1
    outer loop
      vertex 5.04823 -1.07282 -2.69003
      vertex 5.0406 -1.07121 -2.69003
      vertex 5.04432 -1.0722 -2.69003
    endloop
  endfacet
  facet normal 0 -0 1
    outer loop
      vertex 5.0406 -1.07121 -2.69003
      vertex 5.12493 -0.538658 -2.69003
      vertex 5.04055 -1.0714 -2.69003
    endloop
  endfacet
  facet normal 0 0 1
    outer loop
      vertex 5.12492 -0.538853 -2.69003
      vertex 5.13267 -0.539674 -2.69003
      vertex 5.12877 -0.539055 -2.69003
    endloop
  endfacet
  facet normal 0 0 1
    outer loop
      vertex 5.13267 -0.539674 -2.69003
      vertex 5.12492 -0.538853 -2.69003
      vertex 5.04823 -1.07282 -2.69003
    endloop
  endfacet
  facet normal -0.156611 -0.98766 0
    outer loop
      vertex 5.04432 -1.0722 -3.7821
      vertex 5.04823 -1.07282 -2.69003
      vertex 5.04432 -1.0722 -2.69003
    endloop
  endfacet
  facet normal -0.156611 -0.98766 0
    outer loop
      vertex 5.04432 -1.0722 -3.7821
      vertex 5.04823 -1.07282 -3.7821
      vertex 5.04823 -1.07282 -2.69003
    endloop
  endfacet
  facet normal 0 0 1
    outer loop
      vertex 5.04823 -1.07282 -3.7821
      vertex 5.04432 -1.0722 -3.7821
      vertex 5.04051 -1.0716 -3.7821
    endloop
  endfacet
  facet normal 0 0 -1
    outer loop
      vertex 5.04823 -1.07282 -2.41902
      vertex 5.06644 -0.9079 -2.41902
      vertex 5.07416 -0.909122 -2.41902
    endloop
  endfacet
  facet normal 0 0 -1
    outer loop
      vertex 5.06644 -0.9079 -2.41902
      vertex 5.04823 -1.07282 -2.41902
      vertex 5.04051 -1.0716 -2.41902
    endloop
  endfacet
  facet normal 0.156344 0.987703 -0
    outer loop
      vertex 5.07416 -0.909122 -2.41902
      vertex 5.06644 -0.9079 -1.3076
      vertex 5.07416 -0.909122 -1.3076
    endloop
  endfacet
  facet normal 0.156344 0.987703 0
    outer loop
      vertex 5.06644 -0.9079 -1.3076
      vertex 5.07416 -0.909122 -2.41902
      vertex 5.06644 -0.9079 -2.41902
    endloop
  endfacet
  facet normal 0 0 -1
    outer loop
      vertex 5.07416 -0.909122 -1.3076
      vertex 5.12496 -0.538451 -1.3076
      vertex 5.13267 -0.539674 -1.3076
    endloop
  endfacet
  facet normal 0 0 -1
    outer loop
      vertex 5.12496 -0.538451 -1.3076
      vertex 5.07416 -0.909122 -1.3076
      vertex 5.06644 -0.9079 -1.3076
    endloop
  endfacet
  facet normal 0.156756 0.987637 0
    outer loop
      vertex 5.13267 -0.539674 -1.07661
      vertex 5.12877 -0.539055 -1.3076
      vertex 5.12877 -0.539055 -1.07661
    endloop
  endfacet
  facet normal 0.156756 0.987637 -0
    outer loop
      vertex 5.13267 -0.539674 -1.3076
      vertex 5.12877 -0.539055 -1.3076
      vertex 5.13267 -0.539674 -1.07661
    endloop
  endfacet
  facet normal 0 0 -1
    outer loop
      vertex 5.12496 -0.538451 -1.3076
      vertex 5.12877 -0.539055 -1.3076
      vertex 5.13267 -0.539674 -1.3076
    endloop
  endfacet
  facet normal 0 0 1
    outer loop
      vertex 5.0406 -1.07121 -1.07661
      vertex 5.12492 -0.538853 -1.07661
      vertex 5.12492 -0.538852 -1.07661
    endloop
  endfacet
  facet normal 0 0 1
    outer loop
      vertex 5.0406 -1.07121 -1.07661
      vertex 5.12492 -0.538852 -1.07661
      vertex 5.12493 -0.538658 -1.07661
    endloop
  endfacet
  facet normal 0 0 1
    outer loop
      vertex 5.12492 -0.538853 -1.07661
      vertex 5.0406 -1.07121 -1.07661
      vertex 5.04823 -1.07282 -1.07661
    endloop
  endfacet
  facet normal 0 0 1
    outer loop
      vertex 5.04823 -1.07282 -1.07661
      vertex 5.0406 -1.07121 -1.07661
      vertex 5.04432 -1.0722 -1.07661
    endloop
  endfacet
  facet normal 0 -0 1
    outer loop
      vertex 5.0406 -1.07121 -1.07661
      vertex 5.12493 -0.538658 -1.07661
      vertex 5.04055 -1.0714 -1.07661
    endloop
  endfacet
  facet normal 0 0 1
    outer loop
      vertex 5.12492 -0.538853 -1.07661
      vertex 5.13267 -0.539674 -1.07661
      vertex 5.12877 -0.539055 -1.07661
    endloop
  endfacet
  facet normal 0 0 1
    outer loop
      vertex 5.13267 -0.539674 -1.07661
      vertex 5.12492 -0.538853 -1.07661
      vertex 5.04823 -1.07282 -1.07661
    endloop
  endfacet
  facet normal -0.156611 -0.98766 0
    outer loop
      vertex 5.04432 -1.0722 -2.41902
      vertex 5.04823 -1.07282 -1.07661
      vertex 5.04432 -1.0722 -1.07661
    endloop
  endfacet
  facet normal -0.156611 -0.98766 0
    outer loop
      vertex 5.04432 -1.0722 -2.41902
      vertex 5.04823 -1.07282 -2.41902
      vertex 5.04823 -1.07282 -1.07661
    endloop
  endfacet
  facet normal 0 0 1
    outer loop
      vertex 5.04823 -1.07282 -2.41902
      vertex 5.04432 -1.0722 -2.41902
      vertex 5.04051 -1.0716 -2.41902
    endloop
  endfacet
  facet normal -0.0457068 -0.288517 0.956383
    outer loop
      vertex 5.1227 -0.552693 0.709152
      vertex 5.12174 -0.608684 0.692215
      vertex 5.13042 -0.553916 0.709152
    endloop
  endfacet
  facet normal -0.0457659 -0.288516 0.956381
    outer loop
      vertex 5.12174 -0.608684 0.692215
      vertex 5.1227 -0.552693 0.709152
      vertex 5.11403 -0.607461 0.692215
    endloop
  endfacet
  facet normal -0.0551984 -0.34798 0.935875
    outer loop
      vertex 5.12174 -0.608684 0.692215
      vertex 5.11403 -0.607461 0.692215
      vertex 5.10571 -0.659984 0.672195
    endloop
  endfacet
  facet normal -0.055044 -0.348026 0.935868
    outer loop
      vertex 5.11343 -0.661205 0.672195
      vertex 5.12174 -0.608684 0.692215
      vertex 5.10571 -0.659984 0.672195
    endloop
  endfacet
  facet normal -0.0645897 -0.40838 0.910524
    outer loop
      vertex 5.10571 -0.659984 0.672195
      vertex 5.10547 -0.711452 0.649094
      vertex 5.11343 -0.661205 0.672195
    endloop
  endfacet
  facet normal -0.0646423 -0.408379 0.910521
    outer loop
      vertex 5.10547 -0.711452 0.649094
      vertex 5.10571 -0.659984 0.672195
      vertex 5.09775 -0.71023 0.649094
    endloop
  endfacet
  facet normal -0.0742178 -0.468872 0.880142
    outer loop
      vertex 5.10547 -0.711452 0.649094
      vertex 5.09775 -0.71023 0.649094
      vertex 5.0902 -0.757929 0.623047
    endloop
  endfacet
  facet normal -0.0743099 -0.468845 0.880149
    outer loop
      vertex 5.09791 -0.759151 0.623047
      vertex 5.10547 -0.711452 0.649094
      vertex 5.0902 -0.757929 0.623047
    endloop
  endfacet
  facet normal -0.0838808 -0.529232 0.844321
    outer loop
      vertex 5.09791 -0.759151 0.623047
      vertex 5.0902 -0.757929 0.623047
      vertex 5.08309 -0.802811 0.594208
    endloop
  endfacet
  facet normal -0.0838152 -0.529251 0.844316
    outer loop
      vertex 5.0908 -0.804032 0.594208
      vertex 5.09791 -0.759151 0.623047
      vertex 5.08309 -0.802811 0.594208
    endloop
  endfacet
  facet normal -0.0933531 -0.589478 0.802372
    outer loop
      vertex 5.08309 -0.802811 0.594208
      vertex 5.08415 -0.846035 0.562576
      vertex 5.0908 -0.804032 0.594208
    endloop
  endfacet
  facet normal -0.0934291 -0.589475 0.802366
    outer loop
      vertex 5.08415 -0.846035 0.562576
      vertex 5.08309 -0.802811 0.594208
      vertex 5.07644 -0.844813 0.562576
    endloop
  endfacet
  facet normal -0.102571 -0.647155 0.755427
    outer loop
      vertex 5.08415 -0.846035 0.562576
      vertex 5.07644 -0.844813 0.562576
      vertex 5.07023 -0.884012 0.528152
    endloop
  endfacet
  facet normal -0.102652 -0.647133 0.755435
    outer loop
      vertex 5.07794 -0.885235 0.528152
      vertex 5.08415 -0.846035 0.562576
      vertex 5.07023 -0.884012 0.528152
    endloop
  endfacet
  facet normal -0.111394 -0.702247 0.703165
    outer loop
      vertex 5.07023 -0.884012 0.528152
      vertex 5.07218 -0.921601 0.490921
      vertex 5.07794 -0.885235 0.528152
    endloop
  endfacet
  facet normal -0.111304 -0.702251 0.703174
    outer loop
      vertex 5.07218 -0.921601 0.490921
      vertex 5.07023 -0.884012 0.528152
      vertex 5.06447 -0.920379 0.490921
    endloop
  endfacet
  facet normal -0.119399 -0.753329 0.646714
    outer loop
      vertex 5.06687 -0.955119 0.450897
      vertex 5.06447 -0.920379 0.490921
      vertex 5.05916 -0.953897 0.450897
    endloop
  endfacet
  facet normal -0.119399 -0.753329 0.646714
    outer loop
      vertex 5.06447 -0.920379 0.490921
      vertex 5.06687 -0.955119 0.450897
      vertex 5.07218 -0.921601 0.490921
    endloop
  endfacet
  facet normal -0.126703 -0.799408 0.587276
    outer loop
      vertex 5.06687 -0.955119 0.450897
      vertex 5.05916 -0.953897 0.450897
      vertex 5.0543 -0.984581 0.408081
    endloop
  endfacet
  facet normal -0.126703 -0.799408 0.587276
    outer loop
      vertex 5.06201 -0.985803 0.408081
      vertex 5.06687 -0.955119 0.450897
      vertex 5.0543 -0.984581 0.408081
    endloop
  endfacet
  facet normal -0.132951 -0.840207 0.525715
    outer loop
      vertex 5.0576 -1.01365 0.362457
      vertex 5.0543 -0.984581 0.408081
      vertex 5.04989 -1.01243 0.362457
    endloop
  endfacet
  facet normal -0.133166 -0.840189 0.525689
    outer loop
      vertex 5.0543 -0.984581 0.408081
      vertex 5.0576 -1.01365 0.362457
      vertex 5.06201 -0.985803 0.408081
    endloop
  endfacet
  facet normal -0.13857 -0.875715 0.462518
    outer loop
      vertex 5.0576 -1.01365 0.362457
      vertex 5.04989 -1.01243 0.362457
      vertex 5.04596 -1.03721 0.314362
    endloop
  endfacet
  facet normal -0.138396 -0.875754 0.462495
    outer loop
      vertex 5.05368 -1.03843 0.314362
      vertex 5.0576 -1.01365 0.362457
      vertex 5.04596 -1.03721 0.314362
    endloop
  endfacet
  facet normal -0.144422 -0.906453 0.396845
    outer loop
      vertex 5.05028 -1.05991 0.264084
      vertex 5.04596 -1.03721 0.314362
      vertex 5.04256 -1.05868 0.264084
    endloop
  endfacet
  facet normal -0.143266 -0.906569 0.396997
    outer loop
      vertex 5.04596 -1.03721 0.314362
      vertex 5.05028 -1.05991 0.264084
      vertex 5.05368 -1.03843 0.314362
    endloop
  endfacet
  facet normal -0.148479 -0.931916 0.330887
    outer loop
      vertex 5.05028 -1.05991 0.264084
      vertex 5.04256 -1.05868 0.264084
      vertex 5.04051 -1.0716 0.226776
    endloop
  endfacet
  facet normal -0.147984 -0.932028 0.330793
    outer loop
      vertex 5.04051 -1.0716 0.226776
      vertex 5.04423 -1.07218 0.226806
      vertex 5.05028 -1.05991 0.264084
    endloop
  endfacet
  facet normal -0.146738 -0.922707 0.356482
    outer loop
      vertex 5.04423 -1.07218 0.226806
      vertex 5.04051 -1.0716 0.226776
      vertex 5.04422 -1.07219 0.226776
    endloop
  endfacet
  facet normal -0.153898 -0.970549 0.185339
    outer loop
      vertex 5.04823 -1.07282 0.226776
      vertex 5.04423 -1.07218 0.226806
      vertex 5.04432 -1.0722 0.226776
    endloop
  endfacet
  facet normal -0.146685 -0.932279 0.330664
    outer loop
      vertex 5.04423 -1.07218 0.226806
      vertex 5.04823 -1.07282 0.226776
      vertex 5.05028 -1.05991 0.264084
    endloop
  endfacet
  facet normal -0.157056 -0.98759 0
    outer loop
      vertex 5.04422 -1.07219 0.226776
      vertex 5.04051 -1.0716 0.226776
      vertex 5.04051 -1.0716 0.225656
    endloop
  endfacet
  facet normal -0.155563 -0.987825 -0.00118489
    outer loop
      vertex 5.04152 -1.07176 -0.378927
      vertex 5.04051 -1.0716 -0.379715
      vertex 5.04432 -1.0722 -0.379714
    endloop
  endfacet
  facet normal -0.156465 -0.987684 0
    outer loop
      vertex 5.04051 -1.0716 -0.379715
      vertex 5.04152 -1.07176 -0.378927
      vertex 5.04051 -1.0716 -0.378644
    endloop
  endfacet
  facet normal -0.156611 -0.98766 0
    outer loop
      vertex 5.04432 -1.0722 -0.379714
      vertex 5.04823 -1.07282 0.226776
      vertex 5.04432 -1.0722 0.226776
    endloop
  endfacet
  facet normal -0.156611 -0.98766 0
    outer loop
      vertex 5.04432 -1.0722 -0.379714
      vertex 5.04823 -1.07282 -0.379715
      vertex 5.04823 -1.07282 0.226776
    endloop
  endfacet
  facet normal -0.0678273 -0.429202 0.900658
    outer loop
      vertex 5.04823 -1.07282 -0.379715
      vertex 5.04432 -1.0722 -0.379714
      vertex 5.04051 -1.0716 -0.379715
    endloop
  endfacet
  facet normal -0.146064 -0.924276 -0.352673
    outer loop
      vertex 5.04325 -1.05431 -0.426163
      vertex 5.04823 -1.07282 -0.379715
      vertex 5.04051 -1.0716 -0.379715
    endloop
  endfacet
  facet normal -0.147242 -0.924156 -0.352499
    outer loop
      vertex 5.04823 -1.07282 -0.379715
      vertex 5.04325 -1.05431 -0.426163
      vertex 5.05097 -1.05554 -0.426163
    endloop
  endfacet
  facet normal -0.142815 -0.896365 -0.419683
    outer loop
      vertex 5.04691 -1.03126 -0.476639
      vertex 5.05097 -1.05554 -0.426163
      vertex 5.04325 -1.05431 -0.426163
    endloop
  endfacet
  facet normal -0.141852 -0.89646 -0.419806
    outer loop
      vertex 5.05097 -1.05554 -0.426163
      vertex 5.04691 -1.03126 -0.476639
      vertex 5.05462 -1.03248 -0.476639
    endloop
  endfacet
  facet normal -0.136697 -0.863879 -0.484796
    outer loop
      vertex 5.05112 -1.00467 -0.525208
      vertex 5.05462 -1.03248 -0.476639
      vertex 5.04691 -1.03126 -0.476639
    endloop
  endfacet
  facet normal -0.136697 -0.863879 -0.484796
    outer loop
      vertex 5.05883 -1.00589 -0.525208
      vertex 5.05462 -1.03248 -0.476639
      vertex 5.05112 -1.00467 -0.525208
    endloop
  endfacet
  facet normal -0.13067 -0.825794 -0.548626
    outer loop
      vertex 5.05587 -0.974665 -0.571503
      vertex 5.05883 -1.00589 -0.525208
      vertex 5.05112 -1.00467 -0.525208
    endloop
  endfacet
  facet normal -0.130776 -0.825785 -0.548613
    outer loop
      vertex 5.06358 -0.975886 -0.571503
      vertex 5.05883 -1.00589 -0.525208
      vertex 5.05587 -0.974665 -0.571503
    endloop
  endfacet
  facet normal -0.123859 -0.782105 -0.610714
    outer loop
      vertex 5.06113 -0.941433 -0.615128
      vertex 5.06358 -0.975886 -0.571503
      vertex 5.05587 -0.974665 -0.571503
    endloop
  endfacet
  facet normal -0.1238 -0.782109 -0.61072
    outer loop
      vertex 5.06358 -0.975886 -0.571503
      vertex 5.06113 -0.941433 -0.615128
      vertex 5.06885 -0.942655 -0.615128
    endloop
  endfacet
  facet normal -0.116092 -0.733411 -0.669799
    outer loop
      vertex 5.06691 -0.904946 -0.656082
      vertex 5.06885 -0.942655 -0.615128
      vertex 5.06113 -0.941433 -0.615128
    endloop
  endfacet
  facet normal -0.116092 -0.733411 -0.669799
    outer loop
      vertex 5.06885 -0.942655 -0.615128
      vertex 5.06691 -0.904946 -0.656082
      vertex 5.07463 -0.906168 -0.656082
    endloop
  endfacet
  facet normal -0.107793 -0.680982 -0.724324
    outer loop
      vertex 5.0732 -0.865204 -0.694382
      vertex 5.07463 -0.906168 -0.656082
      vertex 5.06691 -0.904946 -0.656082
    endloop
  endfacet
  facet normal -0.107793 -0.680982 -0.724324
    outer loop
      vertex 5.08092 -0.866426 -0.694382
      vertex 5.07463 -0.906168 -0.656082
      vertex 5.0732 -0.865204 -0.694382
    endloop
  endfacet
  facet normal -0.0990414 -0.625695 -0.773755
    outer loop
      vertex 5.08001 -0.822222 -0.730011
      vertex 5.08092 -0.866426 -0.694382
      vertex 5.0732 -0.865204 -0.694382
    endloop
  endfacet
  facet normal -0.0990414 -0.625695 -0.773755
    outer loop
      vertex 5.08773 -0.823444 -0.730011
      vertex 5.08092 -0.866426 -0.694382
      vertex 5.08001 -0.822222 -0.730011
    endloop
  endfacet
  facet normal -0.0900419 -0.568841 -0.817504
    outer loop
      vertex 5.08733 -0.776014 -0.76297
      vertex 5.08773 -0.823444 -0.730011
      vertex 5.08001 -0.822222 -0.730011
    endloop
  endfacet
  facet normal -0.0901151 -0.568838 -0.817498
    outer loop
      vertex 5.09505 -0.777237 -0.76297
      vertex 5.08773 -0.823444 -0.730011
      vertex 5.08733 -0.776014 -0.76297
    endloop
  endfacet
  facet normal -0.0809693 -0.511106 -0.855695
    outer loop
      vertex 5.09505 -0.777237 -0.76297
      vertex 5.09517 -0.726521 -0.793274
      vertex 5.10289 -0.727744 -0.793274
    endloop
  endfacet
  facet normal -0.0809693 -0.511106 -0.855695
    outer loop
      vertex 5.09517 -0.726521 -0.793274
      vertex 5.09505 -0.777237 -0.76297
      vertex 5.08733 -0.776014 -0.76297
    endloop
  endfacet
  facet normal -0.0719389 -0.454103 -0.88804
    outer loop
      vertex 5.10289 -0.727744 -0.793274
      vertex 5.10352 -0.673803 -0.820908
      vertex 5.11124 -0.675026 -0.820908
    endloop
  endfacet
  facet normal -0.0719389 -0.454103 -0.88804
    outer loop
      vertex 5.10352 -0.673803 -0.820908
      vertex 5.10289 -0.727744 -0.793274
      vertex 5.09517 -0.726521 -0.793274
    endloop
  endfacet
  facet normal 0.13995 0.883411 -0.447213
    outer loop
      vertex 5.11828 -0.580635 -0.632248
      vertex 5.11124 -0.675026 -0.820908
      vertex 5.10352 -0.673803 -0.820908
    endloop
  endfacet
  facet normal 0.140015 0.883401 -0.447211
    outer loop
      vertex 5.11828 -0.580635 -0.632248
      vertex 5.12599 -0.581857 -0.632248
      vertex 5.11124 -0.675026 -0.820908
    endloop
  endfacet
  facet normal 0.0781117 0.492832 0.866611
    outer loop
      vertex 5.11828 -0.580635 -0.632248
      vertex 5.113 -0.663888 -0.584427
      vertex 5.12599 -0.581857 -0.632248
    endloop
  endfacet
  facet normal 0.0780119 0.492841 0.866615
    outer loop
      vertex 5.113 -0.663888 -0.584427
      vertex 5.11828 -0.580635 -0.632248
      vertex 5.10528 -0.662666 -0.584427
    endloop
  endfacet
  facet normal 0.0931456 0.588449 0.803151
    outer loop
      vertex 5.113 -0.663888 -0.584427
      vertex 5.10528 -0.662666 -0.584427
      vertex 5.09402 -0.733755 -0.531036
    endloop
  endfacet
  facet normal 0.0932192 0.588432 0.803155
    outer loop
      vertex 5.10174 -0.734978 -0.531036
      vertex 5.113 -0.663888 -0.584427
      vertex 5.09402 -0.733755 -0.531036
    endloop
  endfacet
  facet normal 0.108793 0.68674 0.718715
    outer loop
      vertex 5.09402 -0.733755 -0.531036
      vertex 5.09221 -0.795141 -0.472107
      vertex 5.10174 -0.734978 -0.531036
    endloop
  endfacet
  facet normal 0.108845 0.686736 0.718712
    outer loop
      vertex 5.09221 -0.795141 -0.472107
      vertex 5.09402 -0.733755 -0.531036
      vertex 5.0845 -0.793919 -0.472107
    endloop
  endfacet
  facet normal 0.123901 0.781732 0.611182
    outer loop
      vertex 5.09221 -0.795141 -0.472107
      vertex 5.0845 -0.793919 -0.472107
      vertex 5.0767 -0.84311 -0.407608
    endloop
  endfacet
  facet normal 0.123844 0.781745 0.611177
    outer loop
      vertex 5.08442 -0.844333 -0.407608
      vertex 5.09221 -0.795141 -0.472107
      vertex 5.0767 -0.84311 -0.407608
    endloop
  endfacet
  facet normal 0.136911 0.86423 0.484109
    outer loop
      vertex 5.08442 -0.844333 -0.407608
      vertex 5.0767 -0.84311 -0.407608
      vertex 5.07064 -0.881391 -0.337555
    endloop
  endfacet
  facet normal 0.136694 0.864275 0.48409
    outer loop
      vertex 5.07836 -0.882612 -0.337555
      vertex 5.08442 -0.844333 -0.407608
      vertex 5.07064 -0.881391 -0.337555
    endloop
  endfacet
  facet normal 0.146698 0.927523 0.343775
    outer loop
      vertex 5.07836 -0.882612 -0.337555
      vertex 5.07064 -0.881391 -0.337555
      vertex 5.06631 -0.908729 -0.261948
    endloop
  endfacet
  facet normal 0.146814 0.9275 0.343786
    outer loop
      vertex 5.07403 -0.909951 -0.261948
      vertex 5.07836 -0.882612 -0.337555
      vertex 5.06631 -0.908729 -0.261948
    endloop
  endfacet
  facet normal 0.153166 0.967631 0.200574
    outer loop
      vertex 5.07403 -0.909951 -0.261948
      vertex 5.06631 -0.908729 -0.261948
      vertex 5.06371 -0.925141 -0.180786
    endloop
  endfacet
  facet normal 0.153166 0.967631 0.200574
    outer loop
      vertex 5.07143 -0.926363 -0.180786
      vertex 5.07403 -0.909951 -0.261948
      vertex 5.06371 -0.925141 -0.180786
    endloop
  endfacet
  facet normal 0.156026 0.985695 0.0637361
    outer loop
      vertex 5.07143 -0.926363 -0.180786
      vertex 5.06371 -0.925141 -0.180786
      vertex 5.06285 -0.930612 -0.0940704
    endloop
  endfacet
  facet normal 0.156223 0.985662 0.0637541
    outer loop
      vertex 5.07056 -0.931834 -0.0940704
      vertex 5.07143 -0.926363 -0.180786
      vertex 5.06285 -0.930612 -0.0940704
    endloop
  endfacet
  facet normal 0.156392 0.986729 -0.04368
    outer loop
      vertex 5.06331 -0.927673 -0.0260315
      vertex 5.07056 -0.931834 -0.0940704
      vertex 5.06285 -0.930612 -0.0940704
    endloop
  endfacet
  facet normal 0.156194 0.986759 -0.0437029
    outer loop
      vertex 5.07103 -0.928895 -0.0260315
      vertex 5.07056 -0.931834 -0.0940704
      vertex 5.06331 -0.927673 -0.0260315
    endloop
  endfacet
  facet normal 0.154864 0.978356 -0.13725
    outer loop
      vertex 5.06471 -0.918857 0.0383911
      vertex 5.07103 -0.928895 -0.0260315
      vertex 5.06331 -0.927673 -0.0260315
    endloop
  endfacet
  facet normal 0.155061 0.978328 -0.137226
    outer loop
      vertex 5.07242 -0.920079 0.0383911
      vertex 5.07103 -0.928895 -0.0260315
      vertex 5.06471 -0.918857 0.0383911
    endloop
  endfacet
  facet normal 0.151987 0.959397 -0.237605
    outer loop
      vertex 5.07242 -0.920079 0.0383911
      vertex 5.06703 -0.904162 0.0992126
      vertex 5.07475 -0.905385 0.0992126
    endloop
  endfacet
  facet normal 0.152059 0.959388 -0.237597
    outer loop
      vertex 5.06703 -0.904162 0.0992126
      vertex 5.07242 -0.920079 0.0383911
      vertex 5.06471 -0.918857 0.0383911
    endloop
  endfacet
  facet normal 0.1472 0.927972 -0.342346
    outer loop
      vertex 5.07475 -0.905385 0.0992126
      vertex 5.0703 -0.883575 0.156418
      vertex 5.07801 -0.884798 0.156418
    endloop
  endfacet
  facet normal 0.147012 0.927993 -0.342368
    outer loop
      vertex 5.0703 -0.883575 0.156418
      vertex 5.07475 -0.905385 0.0992126
      vertex 5.06703 -0.904162 0.0992126
    endloop
  endfacet
  facet normal 0.140153 0.883545 -0.446883
    outer loop
      vertex 5.07448 -0.857126 0.210022
      vertex 5.07801 -0.884798 0.156418
      vertex 5.0703 -0.883575 0.156418
    endloop
  endfacet
  facet normal 0.139861 0.883574 -0.446917
    outer loop
      vertex 5.0822 -0.858348 0.210022
      vertex 5.07801 -0.884798 0.156418
      vertex 5.07448 -0.857126 0.210022
    endloop
  endfacet
  facet normal 0.130948 0.826194 -0.547956
    outer loop
      vertex 5.0822 -0.858348 0.210022
      vertex 5.07961 -0.824784 0.26001
      vertex 5.08732 -0.826006 0.26001
    endloop
  endfacet
  facet normal 0.130781 0.826209 -0.547974
    outer loop
      vertex 5.07961 -0.824784 0.26001
      vertex 5.0822 -0.858348 0.210022
      vertex 5.07448 -0.857126 0.210022
    endloop
  endfacet
  facet normal 0.120244 0.75866 -0.640294
    outer loop
      vertex 5.08566 -0.786594 0.306396
      vertex 5.08732 -0.826006 0.26001
      vertex 5.07961 -0.824784 0.26001
    endloop
  endfacet
  facet normal 0.120244 0.75866 -0.640294
    outer loop
      vertex 5.09337 -0.787816 0.306396
      vertex 5.08732 -0.826006 0.26001
      vertex 5.08566 -0.786594 0.306396
    endloop
  endfacet
  facet normal 0.108291 0.683244 -0.722115
    outer loop
      vertex 5.09264 -0.742496 0.349167
      vertex 5.09337 -0.787816 0.306396
      vertex 5.08566 -0.786594 0.306396
    endloop
  endfacet
  facet normal 0.10824 0.683248 -0.72212
    outer loop
      vertex 5.10036 -0.743719 0.349167
      vertex 5.09337 -0.787816 0.306396
      vertex 5.09264 -0.742496 0.349167
    endloop
  endfacet
  facet normal 0.0958808 0.605233 -0.790253
    outer loop
      vertex 5.10039 -0.693577 0.387573
      vertex 5.10036 -0.743719 0.349167
      vertex 5.09264 -0.742496 0.349167
    endloop
  endfacet
  facet normal 0.0958485 0.605235 -0.790256
    outer loop
      vertex 5.10039 -0.693577 0.387573
      vertex 5.1081 -0.694798 0.387573
      vertex 5.10036 -0.743719 0.349167
    endloop
  endfacet
  facet normal 0.0827852 0.522747 -0.848459
    outer loop
      vertex 5.1081 -0.694798 0.387573
      vertex 5.10874 -0.640859 0.420868
      vertex 5.11645 -0.64208 0.420868
    endloop
  endfacet
  facet normal 0.0827852 0.522747 -0.848459
    outer loop
      vertex 5.10874 -0.640859 0.420868
      vertex 5.1081 -0.694798 0.387573
      vertex 5.10039 -0.693577 0.387573
    endloop
  endfacet
  facet normal 0.0690502 0.436017 -0.897285
    outer loop
      vertex 5.11769 -0.584342 0.44902
      vertex 5.11645 -0.64208 0.420868
      vertex 5.10874 -0.640859 0.420868
    endloop
  endfacet
  facet normal 0.0690735 0.436016 -0.897284
    outer loop
      vertex 5.11769 -0.584342 0.44902
      vertex 5.12541 -0.585565 0.44902
      vertex 5.11645 -0.64208 0.420868
    endloop
  endfacet
  facet normal 0.0539617 0.339985 -0.938881
    outer loop
      vertex 5.13267 -0.539674 0.466553
      vertex 5.12874 -0.539053 0.466552
      vertex 5.12877 -0.539055 0.466553
    endloop
  endfacet
  facet normal 0.0553377 0.348698 -0.9356
    outer loop
      vertex 5.12541 -0.585565 0.44902
      vertex 5.12874 -0.539053 0.466552
      vertex 5.13267 -0.539674 0.466553
    endloop
  endfacet
  facet normal 0.0552419 0.348706 -0.935603
    outer loop
      vertex 5.11769 -0.584342 0.44902
      vertex 5.12874 -0.539053 0.466552
      vertex 5.12541 -0.585565 0.44902
    endloop
  endfacet
  facet normal 0.0552856 0.348696 -0.935604
    outer loop
      vertex 5.12496 -0.538451 0.466553
      vertex 5.12874 -0.539053 0.466552
      vertex 5.11769 -0.584342 0.44902
    endloop
  endfacet
  facet normal 0.0708081 0.446091 -0.892182
    outer loop
      vertex 5.12874 -0.539053 0.466552
      vertex 5.12496 -0.538451 0.466553
      vertex 5.12874 -0.539051 0.466553
    endloop
  endfacet
  facet normal 0.156768 0.987636 0
    outer loop
      vertex 5.12496 -0.538451 0.466704
      vertex 5.12874 -0.539051 0.466553
      vertex 5.12496 -0.538451 0.466553
    endloop
  endfacet
  facet normal 0.14829 0.93482 0.322679
    outer loop
      vertex 5.13267 -0.539674 0.712616
      vertex 5.12877 -0.539055 0.712615
      vertex 5.12873 -0.539049 0.712616
    endloop
  endfacet
  facet normal 0.156756 0.987637 -0
    outer loop
      vertex 5.13267 -0.539674 0.466553
      vertex 5.12877 -0.539055 0.712615
      vertex 5.13267 -0.539674 0.712616
    endloop
  endfacet
  facet normal 0.156756 0.987637 0
    outer loop
      vertex 5.12877 -0.539055 0.712615
      vertex 5.13267 -0.539674 0.466553
      vertex 5.12877 -0.539055 0.466553
    endloop
  endfacet
  facet normal 1 0 0
    outer loop
      vertex 5.12492 -0.538821 0.712527
      vertex 5.12492 -0.538853 0.712519
      vertex 5.12492 -0.538847 0.71252
    endloop
  endfacet
  facet normal 0.0406076 -0.242336 0.969342
    outer loop
      vertex 5.12492 -0.538821 0.712527
      vertex 5.1227 -0.552693 0.709152
      vertex 5.12492 -0.538853 0.712519
    endloop
  endfacet
  facet normal -0.0538898 -0.227906 0.972191
    outer loop
      vertex 5.1227 -0.552693 0.709152
      vertex 5.12492 -0.538821 0.712527
      vertex 5.12493 -0.538657 0.712566
    endloop
  endfacet
  facet normal -0.0384448 -0.242356 0.969425
    outer loop
      vertex 5.12873 -0.539053 0.712615
      vertex 5.13267 -0.539674 0.712616
      vertex 5.12873 -0.539049 0.712616
    endloop
  endfacet
  facet normal -0.0366102 -0.230711 0.972333
    outer loop
      vertex 5.13267 -0.539674 0.712616
      vertex 5.12873 -0.539053 0.712615
      vertex 5.13042 -0.553916 0.709152
    endloop
  endfacet
  facet normal -0.0366091 -0.230679 0.972341
    outer loop
      vertex 5.1227 -0.552693 0.709152
      vertex 5.12873 -0.539053 0.712615
      vertex 5.12492 -0.538853 0.712519
    endloop
  endfacet
  facet normal -0.0365482 -0.230705 0.972337
    outer loop
      vertex 5.12873 -0.539053 0.712615
      vertex 5.1227 -0.552693 0.709152
      vertex 5.13042 -0.553916 0.709152
    endloop
  endfacet
  facet normal -0.0384241 -0.24243 0.969408
    outer loop
      vertex 5.09675 -0.716575 2.11519
      vertex 5.09634 -0.769053 2.10205
      vertex 5.10446 -0.717797 2.11519
    endloop
  endfacet
  facet normal -0.0384241 -0.24243 0.969408
    outer loop
      vertex 5.09634 -0.769053 2.10205
      vertex 5.09675 -0.716575 2.11519
      vertex 5.08863 -0.767831 2.10205
    endloop
  endfacet
  facet normal -0.0519716 -0.327906 0.94328
    outer loop
      vertex 5.08863 -0.767831 2.10205
      vertex 5.08877 -0.816843 2.08502
      vertex 5.09634 -0.769053 2.10205
    endloop
  endfacet
  facet normal -0.052014 -0.327905 0.943278
    outer loop
      vertex 5.08877 -0.816843 2.08502
      vertex 5.08863 -0.767831 2.10205
      vertex 5.08106 -0.81562 2.08502
    endloop
  endfacet
  facet normal -0.0662328 -0.417543 0.90624
    outer loop
      vertex 5.08877 -0.816843 2.08502
      vertex 5.08106 -0.81562 2.08502
      vertex 5.07403 -0.859975 2.06407
    endloop
  endfacet
  facet normal -0.0660994 -0.417584 0.906231
    outer loop
      vertex 5.08175 -0.861197 2.06407
      vertex 5.08877 -0.816843 2.08502
      vertex 5.07403 -0.859975 2.06407
    endloop
  endfacet
  facet normal -0.0804468 -0.508224 0.857459
    outer loop
      vertex 5.08175 -0.861197 2.06407
      vertex 5.07403 -0.859975 2.06407
      vertex 5.06756 -0.900877 2.03922
    endloop
  endfacet
  facet normal -0.0806093 -0.508175 0.857473
    outer loop
      vertex 5.07527 -0.9021 2.03922
      vertex 5.08175 -0.861197 2.06407
      vertex 5.06756 -0.900877 2.03922
    endloop
  endfacet
  facet normal -0.0947142 -0.597095 0.79656
    outer loop
      vertex 5.07527 -0.9021 2.03922
      vertex 5.06756 -0.900877 2.03922
      vertex 5.06162 -0.938329 2.01044
    endloop
  endfacet
  facet normal -0.0944492 -0.597173 0.796532
    outer loop
      vertex 5.06934 -0.93955 2.01044
      vertex 5.07527 -0.9021 2.03922
      vertex 5.06162 -0.938329 2.01044
    endloop
  endfacet
  facet normal -0.107577 -0.680174 0.725114
    outer loop
      vertex 5.06934 -0.93955 2.01044
      vertex 5.06162 -0.938329 2.01044
      vertex 5.05624 -0.972328 1.97775
    endloop
  endfacet
  facet normal -0.107879 -0.680088 0.72515
    outer loop
      vertex 5.06395 -0.973551 1.97775
      vertex 5.06934 -0.93955 2.01044
      vertex 5.05624 -0.972328 1.97775
    endloop
  endfacet
  facet normal -0.119236 -0.754512 0.645364
    outer loop
      vertex 5.05912 -1.00408 1.94116
      vertex 5.05624 -0.972328 1.97775
      vertex 5.0514 -1.00286 1.94116
    endloop
  endfacet
  facet normal -0.119681 -0.754489 0.645309
    outer loop
      vertex 5.05624 -0.972328 1.97775
      vertex 5.05912 -1.00408 1.94116
      vertex 5.06395 -0.973551 1.97775
    endloop
  endfacet
  facet normal -0.129017 -0.8164 0.562891
    outer loop
      vertex 5.05912 -1.00408 1.94116
      vertex 5.0514 -1.00286 1.94116
      vertex 5.04712 -1.02988 1.90099
    endloop
  endfacet
  facet normal -0.130033 -0.816143 0.563029
    outer loop
      vertex 5.05484 -1.03111 1.90099
      vertex 5.05912 -1.00408 1.94116
      vertex 5.04712 -1.02988 1.90099
    endloop
  endfacet
  facet normal -0.138121 -0.866906 0.478954
    outer loop
      vertex 5.05113 -1.05453 1.85753
      vertex 5.04712 -1.02988 1.90099
      vertex 5.04341 -1.0533 1.85753
    endloop
  endfacet
  facet normal -0.138121 -0.866906 0.478954
    outer loop
      vertex 5.04712 -1.02988 1.90099
      vertex 5.05113 -1.05453 1.85753
      vertex 5.05484 -1.03111 1.90099
    endloop
  endfacet
  facet normal -0.143815 -0.907639 0.394346
    outer loop
      vertex 5.04823 -1.07282 1.81436
      vertex 5.04341 -1.0533 1.85753
      vertex 5.04421 -1.07217 1.81439
    endloop
  endfacet
  facet normal -0.143038 -0.907737 0.394403
    outer loop
      vertex 5.04051 -1.0716 1.81436
      vertex 5.04421 -1.07217 1.81439
      vertex 5.04341 -1.0533 1.85753
    endloop
  endfacet
  facet normal -0.145098 -0.923124 0.356074
    outer loop
      vertex 5.04421 -1.07217 1.81439
      vertex 5.04051 -1.0716 1.81436
      vertex 5.0442 -1.07218 1.81436
    endloop
  endfacet
  facet normal -0.14473 -0.912735 0.382057
    outer loop
      vertex 5.04823 -1.07282 1.81436
      vertex 5.04421 -1.07217 1.81439
      vertex 5.04432 -1.0722 1.81436
    endloop
  endfacet
  facet normal -0.144599 -0.907567 0.394226
    outer loop
      vertex 5.04341 -1.0533 1.85753
      vertex 5.04823 -1.07282 1.81436
      vertex 5.05113 -1.05453 1.85753
    endloop
  endfacet
  facet normal -0.155275 -0.987871 0
    outer loop
      vertex 5.0442 -1.07218 1.81436
      vertex 5.04051 -1.0716 1.81436
      vertex 5.04051 -1.0716 1.81345
    endloop
  endfacet
  facet normal -0.155963 -0.987763 0
    outer loop
      vertex 5.04051 -1.0716 1.24025
      vertex 5.0407 -1.07163 1.24129
      vertex 5.04051 -1.0716 1.24134
    endloop
  endfacet
  facet normal -0.156517 -0.987675 0.000103791
    outer loop
      vertex 5.0407 -1.07163 1.24129
      vertex 5.04051 -1.0716 1.24025
      vertex 5.04417 -1.07218 1.24025
    endloop
  endfacet
  facet normal -0.156611 -0.98766 0
    outer loop
      vertex 5.04432 -1.0722 1.24025
      vertex 5.04823 -1.07282 1.81436
      vertex 5.04432 -1.0722 1.81436
    endloop
  endfacet
  facet normal -0.156611 -0.98766 -0
    outer loop
      vertex 5.04823 -1.07282 1.81436
      vertex 5.04432 -1.0722 1.24025
      vertex 5.04823 -1.07282 1.24025
    endloop
  endfacet
  facet normal -0.145568 -0.918587 -0.367435
    outer loop
      vertex 5.04051 -1.0716 1.24025
      vertex 5.04417 -1.07216 1.2402
      vertex 5.04417 -1.07218 1.24025
    endloop
  endfacet
  facet normal -0.147057 -0.931387 -0.333005
    outer loop
      vertex 5.04417 -1.07216 1.2402
      vertex 5.04051 -1.0716 1.24025
      vertex 5.04105 -1.06821 1.23053
    endloop
  endfacet
  facet normal -0.139078 -0.933759 -0.329775
    outer loop
      vertex 5.04877 -1.06943 1.23053
      vertex 5.04432 -1.0722 1.24025
      vertex 5.04417 -1.07216 1.2402
    endloop
  endfacet
  facet normal -0.147187 -0.931382 -0.332961
    outer loop
      vertex 5.04877 -1.06943 1.23053
      vertex 5.04417 -1.07216 1.2402
      vertex 5.04105 -1.06821 1.23053
    endloop
  endfacet
  facet normal -0.147673 -0.931289 -0.333006
    outer loop
      vertex 5.04432 -1.0722 1.24025
      vertex 5.04877 -1.06943 1.23053
      vertex 5.04823 -1.07282 1.24025
    endloop
  endfacet
  facet normal -0.141373 -0.894589 -0.42394
    outer loop
      vertex 5.04453 -1.04625 1.18303
      vertex 5.04877 -1.06943 1.23053
      vertex 5.04105 -1.06821 1.23053
    endloop
  endfacet
  facet normal -0.141373 -0.894589 -0.42394
    outer loop
      vertex 5.04877 -1.06943 1.23053
      vertex 5.04453 -1.04625 1.18303
      vertex 5.05225 -1.04747 1.18303
    endloop
  endfacet
  facet normal -0.133579 -0.845269 -0.517375
    outer loop
      vertex 5.04864 -1.02028 1.13954
      vertex 5.05225 -1.04747 1.18303
      vertex 5.04453 -1.04625 1.18303
    endloop
  endfacet
  facet normal -0.13466 -0.845185 -0.517233
    outer loop
      vertex 5.05636 -1.02151 1.13954
      vertex 5.05225 -1.04747 1.18303
      vertex 5.04864 -1.02028 1.13954
    endloop
  endfacet
  facet normal -0.124783 -0.783189 -0.609134
    outer loop
      vertex 5.05339 -0.990323 1.10005
      vertex 5.05636 -1.02151 1.13954
      vertex 5.04864 -1.02028 1.13954
    endloop
  endfacet
  facet normal -0.124138 -0.783229 -0.609214
    outer loop
      vertex 5.0611 -0.991545 1.10005
      vertex 5.05636 -1.02151 1.13954
      vertex 5.05339 -0.990323 1.10005
    endloop
  endfacet
  facet normal -0.112498 -0.709788 -0.695374
    outer loop
      vertex 5.05871 -0.95673 1.0649
      vertex 5.0611 -0.991545 1.10005
      vertex 5.05339 -0.990323 1.10005
    endloop
  endfacet
  facet normal -0.112354 -0.709795 -0.695391
    outer loop
      vertex 5.06643 -0.957952 1.0649
      vertex 5.0611 -0.991545 1.10005
      vertex 5.05871 -0.95673 1.0649
    endloop
  endfacet
  facet normal -0.0989087 -0.624346 -0.774861
    outer loop
      vertex 5.06643 -0.957952 1.0649
      vertex 5.06455 -0.919851 1.03444
      vertex 5.07227 -0.921074 1.03444
    endloop
  endfacet
  facet normal -0.0988282 -0.624349 -0.774869
    outer loop
      vertex 5.06455 -0.919851 1.03444
      vertex 5.06643 -0.957952 1.0649
      vertex 5.05871 -0.95673 1.0649
    endloop
  endfacet
  facet normal -0.0838019 -0.528987 -0.844482
    outer loop
      vertex 5.07227 -0.921074 1.03444
      vertex 5.07091 -0.879687 1.00865
      vertex 5.07863 -0.88091 1.00865
    endloop
  endfacet
  facet normal -0.0838019 -0.528987 -0.844482
    outer loop
      vertex 5.07091 -0.879687 1.00865
      vertex 5.07227 -0.921074 1.03444
      vertex 5.06455 -0.919851 1.03444
    endloop
  endfacet
  facet normal -0.0676322 -0.426918 -0.901758
    outer loop
      vertex 5.07779 -0.836238 0.987564
      vertex 5.07863 -0.88091 1.00865
      vertex 5.07091 -0.879687 1.00865
    endloop
  endfacet
  facet normal -0.067577 -0.426919 -0.901762
    outer loop
      vertex 5.08551 -0.83746 0.987564
      vertex 5.07863 -0.88091 1.00865
      vertex 5.07779 -0.836238 0.987564
    endloop
  endfacet
  facet normal -0.0512228 -0.3236 -0.944806
    outer loop
      vertex 5.08551 -0.83746 0.987564
      vertex 5.08519 -0.789518 0.971161
      vertex 5.09291 -0.79074 0.971161
    endloop
  endfacet
  facet normal -0.0512228 -0.3236 -0.944806
    outer loop
      vertex 5.08519 -0.789518 0.971161
      vertex 5.08551 -0.83746 0.987564
      vertex 5.07779 -0.836238 0.987564
    endloop
  endfacet
  facet normal -0.0352464 -0.22267 -0.974257
    outer loop
      vertex 5.09311 -0.739497 0.959442
      vertex 5.09291 -0.79074 0.971161
      vertex 5.08519 -0.789518 0.971161
    endloop
  endfacet
  facet normal -0.0352752 -0.222669 -0.974256
    outer loop
      vertex 5.09311 -0.739497 0.959442
      vertex 5.10083 -0.74072 0.959442
      vertex 5.09291 -0.79074 0.971161
    endloop
  endfacet
  facet normal -0.0201888 -0.127378 -0.991649
    outer loop
      vertex 5.10083 -0.74072 0.959442
      vertex 5.10156 -0.686192 0.952423
      vertex 5.10927 -0.687414 0.952423
    endloop
  endfacet
  facet normal -0.0201791 -0.127378 -0.991649
    outer loop
      vertex 5.10156 -0.686192 0.952423
      vertex 5.10083 -0.74072 0.959442
      vertex 5.09311 -0.739497 0.959442
    endloop
  endfacet
  facet normal -0.00641517 -0.0404754 -0.99916
    outer loop
      vertex 5.11052 -0.629601 0.950073
      vertex 5.10927 -0.687414 0.952423
      vertex 5.10156 -0.686192 0.952423
    endloop
  endfacet
  facet normal -0.00640167 -0.0404757 -0.99916
    outer loop
      vertex 5.11052 -0.629601 0.950073
      vertex 5.11824 -0.630822 0.950073
      vertex 5.10927 -0.687414 0.952423
    endloop
  endfacet
  facet normal 0.00649763 0.0410825 -0.999135
    outer loop
      vertex 5.11677 -0.590145 0.951736
      vertex 5.11824 -0.630822 0.950073
      vertex 5.11052 -0.629601 0.950073
    endloop
  endfacet
  facet normal 0.00650298 0.0410827 -0.999135
    outer loop
      vertex 5.12449 -0.591367 0.951736
      vertex 5.11824 -0.630822 0.950073
      vertex 5.11677 -0.590145 0.951736
    endloop
  endfacet
  facet normal 0.0202462 0.127906 -0.99158
    outer loop
      vertex 5.12275 -0.552407 0.956726
      vertex 5.12449 -0.591367 0.951736
      vertex 5.11677 -0.590145 0.951736
    endloop
  endfacet
  facet normal 0.0202727 0.127907 -0.991579
    outer loop
      vertex 5.13046 -0.553629 0.956726
      vertex 5.12449 -0.591367 0.951736
      vertex 5.12275 -0.552407 0.956726
    endloop
  endfacet
  facet normal 0.0347818 0.21945 -0.975004
    outer loop
      vertex 5.12496 -0.538451 0.959946
      vertex 5.13046 -0.553629 0.956726
      vertex 5.12275 -0.552407 0.956726
    endloop
  endfacet
  facet normal 0.0348318 0.219457 -0.975
    outer loop
      vertex 5.13046 -0.553629 0.956726
      vertex 5.12877 -0.539055 0.959946
      vertex 5.13267 -0.539674 0.959946
    endloop
  endfacet
  facet normal 0.0353498 0.21951 -0.97497
    outer loop
      vertex 5.13046 -0.553629 0.956726
      vertex 5.12873 -0.539053 0.959945
      vertex 5.12877 -0.539055 0.959946
    endloop
  endfacet
  facet normal 0.0347836 0.219451 -0.975003
    outer loop
      vertex 5.12873 -0.539053 0.959945
      vertex 5.13046 -0.553629 0.956726
      vertex 5.12496 -0.538451 0.959946
    endloop
  endfacet
  facet normal 0.0310411 0.196022 -0.980108
    outer loop
      vertex 5.12873 -0.539048 0.959946
      vertex 5.12873 -0.539053 0.959945
      vertex 5.12496 -0.538451 0.959946
    endloop
  endfacet
  facet normal 0.156407 0.987693 0
    outer loop
      vertex 5.12496 -0.538451 0.960037
      vertex 5.12873 -0.539048 0.959946
      vertex 5.12496 -0.538451 0.959946
    endloop
  endfacet
  facet normal 0 0 1
    outer loop
      vertex 5.13267 -0.539674 1.18831
      vertex 5.12877 -0.539055 1.18831
      vertex 5.12873 -0.53905 1.18831
    endloop
  endfacet
  facet normal 0.156756 0.987637 -0
    outer loop
      vertex 5.13267 -0.539674 0.959946
      vertex 5.12877 -0.539055 1.18831
      vertex 5.13267 -0.539674 1.18831
    endloop
  endfacet
  facet normal 0.156756 0.987637 0
    outer loop
      vertex 5.12877 -0.539055 1.18831
      vertex 5.13267 -0.539674 0.959946
      vertex 5.12877 -0.539055 0.959946
    endloop
  endfacet
  facet normal -0.966054 0.125462 -0.225831
    outer loop
      vertex 5.12493 -0.538658 1.18825
      vertex 5.12492 -0.538825 1.1882
      vertex 5.12492 -0.538807 1.18821
    endloop
  endfacet
  facet normal 0.980581 0 -0.196116
    outer loop
      vertex 5.12493 -0.538658 1.18825
      vertex 5.12492 -0.538842 1.1882
      vertex 5.12492 -0.538825 1.1882
    endloop
  endfacet
  facet normal -0.87087 0 0.491514
    outer loop
      vertex 5.12492 -0.538842 1.1882
      vertex 5.12194 -0.557531 1.18292
      vertex 5.12492 -0.538853 1.1882
    endloop
  endfacet
  facet normal -0.0986308 -0.255956 0.961644
    outer loop
      vertex 5.12194 -0.557531 1.18292
      vertex 5.12492 -0.538842 1.1882
      vertex 5.12493 -0.538658 1.18825
    endloop
  endfacet
  facet normal -0 0 1
    outer loop
      vertex 5.12873 -0.539053 1.18831
      vertex 5.13267 -0.539674 1.18831
      vertex 5.12873 -0.53905 1.18831
    endloop
  endfacet
  facet normal -0.0417512 -0.265614 0.963175
    outer loop
      vertex 5.12194 -0.557531 1.18292
      vertex 5.12873 -0.539053 1.18831
      vertex 5.12492 -0.538853 1.1882
    endloop
  endfacet
  facet normal -0.0418586 -0.265577 0.963181
    outer loop
      vertex 5.12873 -0.539053 1.18831
      vertex 5.12194 -0.557531 1.18292
      vertex 5.13267 -0.539674 1.18831
    endloop
  endfacet
  facet normal -0.0420734 -0.265455 0.963205
    outer loop
      vertex 5.12965 -0.558753 1.18292
      vertex 5.13267 -0.539674 1.18831
      vertex 5.12194 -0.557531 1.18292
    endloop
  endfacet
  facet normal -0.0243308 -0.153511 0.987847
    outer loop
      vertex 5.12194 -0.557531 1.18292
      vertex 5.12466 -0.590266 1.1779
      vertex 5.12965 -0.558753 1.18292
    endloop
  endfacet
  facet normal -0.0242787 -0.153507 0.987849
    outer loop
      vertex 5.12466 -0.590266 1.1779
      vertex 5.12194 -0.557531 1.18292
      vertex 5.11694 -0.589045 1.1779
    endloop
  endfacet
  facet normal -0.0076606 -0.0484356 0.998797
    outer loop
      vertex 5.12466 -0.590266 1.1779
      vertex 5.11694 -0.589045 1.1779
      vertex 5.11166 -0.622441 1.17624
    endloop
  endfacet
  facet normal -0.00768175 -0.0484271 0.998797
    outer loop
      vertex 5.11937 -0.623664 1.17624
      vertex 5.12466 -0.590266 1.1779
      vertex 5.11166 -0.622441 1.17624
    endloop
  endfacet
  facet normal 0.0059091 0.037252 0.999288
    outer loop
      vertex 5.11166 -0.622441 1.17624
      vertex 5.11332 -0.661869 1.1777
      vertex 5.11937 -0.623664 1.17624
    endloop
  endfacet
  facet normal 0.00590139 0.0372516 0.999288
    outer loop
      vertex 5.11332 -0.661869 1.1777
      vertex 5.11166 -0.622441 1.17624
      vertex 5.1056 -0.660646 1.1777
    endloop
  endfacet
  facet normal 0.0188667 0.119093 0.992704
    outer loop
      vertex 5.1056 -0.660646 1.1777
      vertex 5.10765 -0.697647 1.1821
      vertex 5.11332 -0.661869 1.1777
    endloop
  endfacet
  facet normal 0.0188914 0.119095 0.992703
    outer loop
      vertex 5.10765 -0.697647 1.1821
      vertex 5.1056 -0.660646 1.1777
      vertex 5.09994 -0.696424 1.1821
    endloop
  endfacet
  facet normal 0.0331475 0.208968 0.977361
    outer loop
      vertex 5.09994 -0.696424 1.1821
      vertex 5.10237 -0.730999 1.18941
      vertex 5.10765 -0.697647 1.1821
    endloop
  endfacet
  facet normal 0.0331475 0.208968 0.977361
    outer loop
      vertex 5.10237 -0.730999 1.18941
      vertex 5.09994 -0.696424 1.1821
      vertex 5.09466 -0.729776 1.18941
    endloop
  endfacet
  facet normal 0.0487401 0.307266 0.950375
    outer loop
      vertex 5.10237 -0.730999 1.18941
      vertex 5.09466 -0.729776 1.18941
      vertex 5.08976 -0.760702 1.19966
    endloop
  endfacet
  facet normal 0.0487401 0.307266 0.950375
    outer loop
      vertex 5.09747 -0.761925 1.19966
      vertex 5.10237 -0.730999 1.18941
      vertex 5.08976 -0.760702 1.19966
    endloop
  endfacet
  facet normal 0.065089 0.410332 0.90961
    outer loop
      vertex 5.09747 -0.761925 1.19966
      vertex 5.08976 -0.760702 1.19966
      vertex 5.08524 -0.789202 1.21284
    endloop
  endfacet
  facet normal 0.0649096 0.410403 0.909591
    outer loop
      vertex 5.09296 -0.790423 1.21284
      vertex 5.09747 -0.761925 1.19966
      vertex 5.08524 -0.789202 1.21284
    endloop
  endfacet
  facet normal 0.0814546 0.515012 0.853304
    outer loop
      vertex 5.09296 -0.790423 1.21284
      vertex 5.08524 -0.789202 1.21284
      vertex 5.08112 -0.815259 1.22896
    endloop
  endfacet
  facet normal 0.08168 0.514925 0.853335
    outer loop
      vertex 5.08883 -0.816482 1.22896
      vertex 5.09296 -0.790423 1.21284
      vertex 5.08112 -0.815259 1.22896
    endloop
  endfacet
  facet normal 0.0975187 0.614774 0.782651
    outer loop
      vertex 5.08112 -0.815259 1.22896
      vertex 5.08509 -0.840128 1.248
      vertex 5.08883 -0.816482 1.22896
    endloop
  endfacet
  facet normal 0.0973916 0.614769 0.782671
    outer loop
      vertex 5.08509 -0.840128 1.248
      vertex 5.08112 -0.815259 1.22896
      vertex 5.07737 -0.838905 1.248
    endloop
  endfacet
  facet normal 0.111829 0.705904 0.699423
    outer loop
      vertex 5.08509 -0.840128 1.248
      vertex 5.07737 -0.838905 1.248
      vertex 5.07401 -0.860141 1.26997
    endloop
  endfacet
  facet normal 0.111793 0.705917 0.699417
    outer loop
      vertex 5.08172 -0.861362 1.26997
      vertex 5.08509 -0.840128 1.248
      vertex 5.07401 -0.860141 1.26997
    endloop
  endfacet
  facet normal 0.123726 0.781267 0.611812
    outer loop
      vertex 5.08172 -0.861362 1.26997
      vertex 5.07401 -0.860141 1.26997
      vertex 5.07104 -0.878888 1.29451
    endloop
  endfacet
  facet normal 0.123919 0.781205 0.611852
    outer loop
      vertex 5.07875 -0.880111 1.29451
      vertex 5.08172 -0.861362 1.26997
      vertex 5.07104 -0.878888 1.29451
    endloop
  endfacet
  facet normal 0.133418 0.841088 0.524186
    outer loop
      vertex 5.07875 -0.880111 1.29451
      vertex 5.07104 -0.878888 1.29451
      vertex 5.06846 -0.89515 1.32126
    endloop
  endfacet
  facet normal 0.133148 0.841167 0.524127
    outer loop
      vertex 5.07618 -0.896372 1.32126
      vertex 5.07875 -0.880111 1.29451
      vertex 5.06846 -0.89515 1.32126
    endloop
  endfacet
  facet normal 0.140902 0.890148 0.433339
    outer loop
      vertex 5.07618 -0.896372 1.32126
      vertex 5.06846 -0.89515 1.32126
      vertex 5.06629 -0.908895 1.3502
    endloop
  endfacet
  facet normal 0.141077 0.890101 0.433379
    outer loop
      vertex 5.074 -0.910117 1.3502
      vertex 5.07618 -0.896372 1.32126
      vertex 5.06629 -0.908895 1.3502
    endloop
  endfacet
  facet normal 0.147026 0.927636 0.34333
    outer loop
      vertex 5.06629 -0.908895 1.3502
      vertex 5.07222 -0.921375 1.38138
      vertex 5.074 -0.910117 1.3502
    endloop
  endfacet
  facet normal 0.146838 0.92765 0.343372
    outer loop
      vertex 5.07222 -0.921375 1.38138
      vertex 5.06629 -0.908895 1.3502
      vertex 5.0645 -0.920153 1.38138
    endloop
  endfacet
  facet normal 0.151104 0.954599 0.256727
    outer loop
      vertex 5.07222 -0.921375 1.38138
      vertex 5.0645 -0.920153 1.38138
      vertex 5.06312 -0.928909 1.41475
    endloop
  endfacet
  facet normal 0.151293 0.954557 0.25677
    outer loop
      vertex 5.07083 -0.930131 1.41475
      vertex 5.07222 -0.921375 1.38138
      vertex 5.06312 -0.928909 1.41475
    endloop
  endfacet
  facet normal 0.154123 0.97241 0.175113
    outer loop
      vertex 5.06312 -0.928909 1.41475
      vertex 5.06984 -0.936385 1.45035
      vertex 5.07083 -0.930131 1.41475
    endloop
  endfacet
  facet normal 0.153927 0.972434 0.175155
    outer loop
      vertex 5.06984 -0.936385 1.45035
      vertex 5.06312 -0.928909 1.41475
      vertex 5.06212 -0.935163 1.45035
    endloop
  endfacet
  facet normal 0.15556 0.982749 0.100027
    outer loop
      vertex 5.06212 -0.935163 1.45035
      vertex 5.06925 -0.940138 1.48814
      vertex 5.06984 -0.936385 1.45035
    endloop
  endfacet
  facet normal 0.15556 0.982749 0.100027
    outer loop
      vertex 5.06925 -0.940138 1.48814
      vertex 5.06212 -0.935163 1.45035
      vertex 5.06153 -0.938916 1.48814
    endloop
  endfacet
  facet normal 0.156267 0.987219 0.0312786
    outer loop
      vertex 5.06925 -0.940138 1.48814
      vertex 5.06133 -0.940152 1.52815
      vertex 5.06905 -0.941374 1.52815
    endloop
  endfacet
  facet normal 0.156267 0.987219 0.0312786
    outer loop
      vertex 5.06133 -0.940152 1.52815
      vertex 5.06925 -0.940138 1.48814
      vertex 5.06153 -0.938916 1.48814
    endloop
  endfacet
  facet normal 0.156055 0.98588 -0.0607319
    outer loop
      vertex 5.06905 -0.941374 1.52815
      vertex 5.06207 -0.935495 1.60565
      vertex 5.06979 -0.936717 1.60565
    endloop
  endfacet
  facet normal 0.156055 0.98588 -0.0607319
    outer loop
      vertex 5.06207 -0.935495 1.60565
      vertex 5.06905 -0.941374 1.52815
      vertex 5.06133 -0.940152 1.52815
    endloop
  endfacet
  facet normal 0.153111 0.967278 -0.202314
    outer loop
      vertex 5.06979 -0.936717 1.60565
      vertex 5.06429 -0.921494 1.67427
      vertex 5.07201 -0.922716 1.67427
    endloop
  endfacet
  facet normal 0.153111 0.967278 -0.202314
    outer loop
      vertex 5.06429 -0.921494 1.67427
      vertex 5.06979 -0.936717 1.60565
      vertex 5.06207 -0.935495 1.60565
    endloop
  endfacet
  facet normal 0.145269 0.918492 -0.367791
    outer loop
      vertex 5.07201 -0.922716 1.67427
      vertex 5.06798 -0.898165 1.73399
      vertex 5.0757 -0.899386 1.73399
    endloop
  endfacet
  facet normal 0.145386 0.918478 -0.367777
    outer loop
      vertex 5.06798 -0.898165 1.73399
      vertex 5.07201 -0.922716 1.67427
      vertex 5.06429 -0.921494 1.67427
    endloop
  endfacet
  facet normal 0.13097 0.828081 -0.545095
    outer loop
      vertex 5.07316 -0.865505 1.78485
      vertex 5.0757 -0.899386 1.73399
      vertex 5.06798 -0.898165 1.73399
    endloop
  endfacet
  facet normal 0.131349 0.828048 -0.545054
    outer loop
      vertex 5.08087 -0.866728 1.78485
      vertex 5.0757 -0.899386 1.73399
      vertex 5.07316 -0.865505 1.78485
    endloop
  endfacet
  facet normal 0.109806 0.693703 -0.711842
    outer loop
      vertex 5.08087 -0.866728 1.78485
      vertex 5.07981 -0.823503 1.82681
      vertex 5.08753 -0.824725 1.82681
    endloop
  endfacet
  facet normal 0.110036 0.693688 -0.711821
    outer loop
      vertex 5.07981 -0.823503 1.82681
      vertex 5.08087 -0.866728 1.78485
      vertex 5.07316 -0.865505 1.78485
    endloop
  endfacet
  facet normal 0.0840211 0.530804 -0.843319
    outer loop
      vertex 5.08794 -0.772202 1.85991
      vertex 5.08753 -0.824725 1.82681
      vertex 5.07981 -0.823503 1.82681
    endloop
  endfacet
  facet normal 0.0840609 0.530802 -0.843317
    outer loop
      vertex 5.08794 -0.772202 1.85991
      vertex 5.09565 -0.773423 1.85991
      vertex 5.08753 -0.824725 1.82681
    endloop
  endfacet
  facet normal 0.0573153 0.36209 -0.930379
    outer loop
      vertex 5.09565 -0.773423 1.85991
      vertex 5.09754 -0.711541 1.88411
      vertex 5.10526 -0.712763 1.88411
    endloop
  endfacet
  facet normal 0.0573425 0.362089 -0.930378
    outer loop
      vertex 5.09754 -0.711541 1.88411
      vertex 5.09565 -0.773423 1.85991
      vertex 5.08794 -0.772202 1.85991
    endloop
  endfacet
  facet normal 0.0330798 0.208712 -0.977418
    outer loop
      vertex 5.10526 -0.712763 1.88411
      vertex 5.10863 -0.641552 1.89943
      vertex 5.11634 -0.642774 1.89943
    endloop
  endfacet
  facet normal 0.0330373 0.208714 -0.977419
    outer loop
      vertex 5.10863 -0.641552 1.89943
      vertex 5.10526 -0.712763 1.88411
      vertex 5.09754 -0.711541 1.88411
    endloop
  endfacet
  facet normal 0.155891 0.983569 0.0910525
    outer loop
      vertex 5.11634 -0.642774 1.89943
      vertex 5.10863 -0.641552 1.89943
      vertex 5.10541 -0.661867 2.12439
    endloop
  endfacet
  facet normal 0.155819 0.98358 0.09105
    outer loop
      vertex 5.11313 -0.66309 2.12439
      vertex 5.11634 -0.642774 1.89943
      vertex 5.10541 -0.661867 2.12439
    endloop
  endfacet
  facet normal -0.0256375 -0.161833 0.986485
    outer loop
      vertex 5.10541 -0.661867 2.12439
      vertex 5.10446 -0.717797 2.11519
      vertex 5.11313 -0.66309 2.12439
    endloop
  endfacet
  facet normal -0.0256497 -0.161833 0.986485
    outer loop
      vertex 5.10446 -0.717797 2.11519
      vertex 5.10541 -0.661867 2.12439
      vertex 5.09675 -0.716575 2.11519
    endloop
  endfacet
  facet normal 0 0 -1
    outer loop
      vertex 5.0406 -1.07121 2.31108
      vertex 5.07359 -0.912724 2.31108
      vertex 5.04823 -1.07282 2.31108
    endloop
  endfacet
  facet normal 0 0 -1
    outer loop
      vertex 5.0406 -1.07121 2.31108
      vertex 5.04823 -1.07282 2.31108
      vertex 5.04432 -1.0722 2.31108
    endloop
  endfacet
  facet normal -0 0 -1
    outer loop
      vertex 5.07359 -0.912724 2.31108
      vertex 5.0406 -1.07121 2.31108
      vertex 5.06587 -0.911502 2.31108
    endloop
  endfacet
  facet normal 0 0 -1
    outer loop
      vertex 5.06587 -0.911502 2.31108
      vertex 5.0406 -1.07121 2.31108
      vertex 5.04055 -1.0714 2.31108
    endloop
  endfacet
  facet normal 0.156344 0.987703 -0
    outer loop
      vertex 5.07359 -0.912724 2.31108
      vertex 5.06587 -0.911502 3.19998
      vertex 5.07359 -0.912724 3.19998
    endloop
  endfacet
  facet normal 0.156344 0.987703 0
    outer loop
      vertex 5.06587 -0.911502 3.19998
      vertex 5.07359 -0.912724 2.31108
      vertex 5.06587 -0.911502 2.31108
    endloop
  endfacet
  facet normal -0.0653656 -0.412948 -0.908406
    outer loop
      vertex 5.0692 -0.890493 3.19019
      vertex 5.07359 -0.912724 3.19998
      vertex 5.06587 -0.911502 3.19998
    endloop
  endfacet
  facet normal -0.0653656 -0.412948 -0.908406
    outer loop
      vertex 5.07692 -0.891715 3.19019
      vertex 5.07359 -0.912724 3.19998
      vertex 5.0692 -0.890493 3.19019
    endloop
  endfacet
  facet normal -0.0723738 -0.457222 -0.886403
    outer loop
      vertex 5.07256 -0.869273 3.17897
      vertex 5.07692 -0.891715 3.19019
      vertex 5.0692 -0.890493 3.19019
    endloop
  endfacet
  facet normal -0.0724342 -0.45723 -0.886394
    outer loop
      vertex 5.08028 -0.870496 3.17897
      vertex 5.07692 -0.891715 3.19019
      vertex 5.07256 -0.869273 3.17897
    endloop
  endfacet
  facet normal -0.0788947 -0.498011 -0.863574
    outer loop
      vertex 5.08028 -0.870496 3.17897
      vertex 5.07595 -0.847857 3.16631
      vertex 5.08367 -0.84908 3.16631
    endloop
  endfacet
  facet normal -0.0788947 -0.498011 -0.863574
    outer loop
      vertex 5.07595 -0.847857 3.16631
      vertex 5.08028 -0.870496 3.17897
      vertex 5.07256 -0.869273 3.17897
    endloop
  endfacet
  facet normal -0.0847532 -0.534991 -0.840596
    outer loop
      vertex 5.07938 -0.826246 3.15221
      vertex 5.08367 -0.84908 3.16631
      vertex 5.07595 -0.847857 3.16631
    endloop
  endfacet
  facet normal -0.0847943 -0.534995 -0.840589
    outer loop
      vertex 5.08709 -0.827468 3.15221
      vertex 5.08367 -0.84908 3.16631
      vertex 5.07938 -0.826246 3.15221
    endloop
  endfacet
  facet normal -0.0900589 -0.568211 -0.81794
    outer loop
      vertex 5.08283 -0.804423 3.13667
      vertex 5.08709 -0.827468 3.15221
      vertex 5.07938 -0.826246 3.15221
    endloop
  endfacet
  facet normal -0.0899409 -0.568203 -0.817959
    outer loop
      vertex 5.09055 -0.805645 3.13667
      vertex 5.08709 -0.827468 3.15221
      vertex 5.08283 -0.804423 3.13667
    endloop
  endfacet
  facet normal -0.0946227 -0.59778 -0.796056
    outer loop
      vertex 5.08632 -0.78239 3.11971
      vertex 5.09055 -0.805645 3.13667
      vertex 5.08283 -0.804423 3.13667
    endloop
  endfacet
  facet normal -0.0945445 -0.597775 -0.796069
    outer loop
      vertex 5.09404 -0.783611 3.11971
      vertex 5.09055 -0.805645 3.13667
      vertex 5.08632 -0.78239 3.11971
    endloop
  endfacet
  facet normal -0.0989056 -0.625349 -0.774052
    outer loop
      vertex 5.08984 -0.760159 3.1013
      vertex 5.09404 -0.783611 3.11971
      vertex 5.08632 -0.78239 3.11971
    endloop
  endfacet
  facet normal -0.0990689 -0.625357 -0.774024
    outer loop
      vertex 5.09756 -0.761382 3.1013
      vertex 5.09404 -0.783611 3.11971
      vertex 5.08984 -0.760159 3.1013
    endloop
  endfacet
  facet normal -0.102848 -0.649215 -0.753619
    outer loop
      vertex 5.0934 -0.737704 3.08147
      vertex 5.09756 -0.761382 3.1013
      vertex 5.08984 -0.760159 3.1013
    endloop
  endfacet
  facet normal -0.102764 -0.649212 -0.753633
    outer loop
      vertex 5.10112 -0.738926 3.08147
      vertex 5.09756 -0.761382 3.1013
      vertex 5.0934 -0.737704 3.08147
    endloop
  endfacet
  facet normal -0.106166 -0.670706 -0.734086
    outer loop
      vertex 5.09702 -0.714811 3.06003
      vertex 5.10112 -0.738926 3.08147
      vertex 5.0934 -0.737704 3.08147
    endloop
  endfacet
  facet normal -0.106253 -0.670708 -0.734071
    outer loop
      vertex 5.10474 -0.716034 3.06003
      vertex 5.10112 -0.738926 3.08147
      vertex 5.09702 -0.714811 3.06003
    endloop
  endfacet
  facet normal -0.109278 -0.688906 -0.716566
    outer loop
      vertex 5.10474 -0.716034 3.06003
      vertex 5.10076 -0.69124 3.0368
      vertex 5.10847 -0.692463 3.0368
    endloop
  endfacet
  facet normal -0.109136 -0.688905 -0.716589
    outer loop
      vertex 5.10076 -0.69124 3.0368
      vertex 5.10474 -0.716034 3.06003
      vertex 5.09702 -0.714811 3.06003
    endloop
  endfacet
  facet normal -0.111713 -0.704255 -0.701103
    outer loop
      vertex 5.1046 -0.666961 3.0118
      vertex 5.10847 -0.692463 3.0368
      vertex 5.10076 -0.69124 3.0368
    endloop
  endfacet
  facet normal -0.111477 -0.704255 -0.70114
    outer loop
      vertex 5.10847 -0.692463 3.0368
      vertex 5.1046 -0.666961 3.0118
      vertex 5.11232 -0.668183 3.0118
    endloop
  endfacet
  facet normal -0.113713 -0.718381 -0.686293
    outer loop
      vertex 5.10856 -0.642004 2.98502
      vertex 5.11232 -0.668183 3.0118
      vertex 5.1046 -0.666961 3.0118
    endloop
  endfacet
  facet normal -0.11386 -0.718379 -0.686271
    outer loop
      vertex 5.11627 -0.643226 2.98502
      vertex 5.11232 -0.668183 3.0118
      vertex 5.10856 -0.642004 2.98502
    endloop
  endfacet
  facet normal -0.11577 -0.730428 -0.673106
    outer loop
      vertex 5.11262 -0.616338 2.95647
      vertex 5.11627 -0.643226 2.98502
      vertex 5.10856 -0.642004 2.98502
    endloop
  endfacet
  facet normal -0.11562 -0.730431 -0.673129
    outer loop
      vertex 5.12034 -0.61756 2.95647
      vertex 5.11627 -0.643226 2.98502
      vertex 5.11262 -0.616338 2.95647
    endloop
  endfacet
  facet normal -0.11745 -0.741991 -0.660041
    outer loop
      vertex 5.11679 -0.590009 2.92613
      vertex 5.12034 -0.61756 2.95647
      vertex 5.11262 -0.616338 2.95647
    endloop
  endfacet
  facet normal -0.11745 -0.741991 -0.660041
    outer loop
      vertex 5.12034 -0.61756 2.95647
      vertex 5.11679 -0.590009 2.92613
      vertex 5.12451 -0.591231 2.92613
    endloop
  endfacet
  facet normal -0.118962 -0.751544 -0.648868
    outer loop
      vertex 5.12107 -0.562972 2.89403
      vertex 5.12451 -0.591231 2.92613
      vertex 5.11679 -0.590009 2.92613
    endloop
  endfacet
  facet normal -0.118962 -0.751544 -0.648868
    outer loop
      vertex 5.12879 -0.564194 2.89403
      vertex 5.12451 -0.591231 2.92613
      vertex 5.12107 -0.562972 2.89403
    endloop
  endfacet
  facet normal -0.120392 -0.760577 -0.637987
    outer loop
      vertex 5.12107 -0.562972 2.89403
      vertex 5.12492 -0.538853 2.86455
      vertex 5.12879 -0.564194 2.89403
    endloop
  endfacet
  facet normal -0.0889722 -0.765175 -0.637645
    outer loop
      vertex 5.12107 -0.562972 2.89403
      vertex 5.12492 -0.538828 2.86452
      vertex 5.12492 -0.538853 2.86455
    endloop
  endfacet
  facet normal 0.334498 -0.750301 -0.570228
    outer loop
      vertex 5.12107 -0.562972 2.89403
      vertex 5.12492 -0.53879 2.86447
      vertex 5.12492 -0.538828 2.86452
    endloop
  endfacet
  facet normal -0.51621 -0.628728 -0.581574
    outer loop
      vertex 5.12107 -0.562972 2.89403
      vertex 5.12492 -0.538753 2.86443
      vertex 5.12492 -0.53879 2.86447
    endloop
  endfacet
  facet normal 0.43518 -0.723734 -0.535563
    outer loop
      vertex 5.12107 -0.562972 2.89403
      vertex 5.12492 -0.538716 2.86438
      vertex 5.12492 -0.538753 2.86443
    endloop
  endfacet
  facet normal -0.548924 0.680484 0.485412
    outer loop
      vertex 5.12493 -0.538658 2.86431
      vertex 5.12492 -0.538716 2.86438
      vertex 5.12107 -0.562972 2.89403
    endloop
  endfacet
  facet normal 0.237584 0.731028 0.63965
    outer loop
      vertex 5.12492 -0.538716 2.86438
      vertex 5.12493 -0.538658 2.86431
      vertex 5.12492 -0.538681 2.86434
    endloop
  endfacet
  facet normal -0.164043 -0.758605 -0.630562
    outer loop
      vertex 5.12879 -0.564194 2.89403
      vertex 5.12492 -0.538853 2.86455
      vertex 5.12502 -0.538858 2.86453
    endloop
  endfacet
  facet normal -0.119919 -0.760666 -0.637971
    outer loop
      vertex 5.12877 -0.539055 2.86406
      vertex 5.12879 -0.564194 2.89403
      vertex 5.12502 -0.538858 2.86453
    endloop
  endfacet
  facet normal -0.12072 -0.760592 -0.637908
    outer loop
      vertex 5.12879 -0.564194 2.89403
      vertex 5.12877 -0.539055 2.86406
      vertex 5.13267 -0.539674 2.86406
    endloop
  endfacet
  facet normal 0.156471 0.987675 -0.00375746
    outer loop
      vertex 5.12514 -0.538481 3.14098
      vertex 5.12496 -0.538451 3.14137
      vertex 5.12864 -0.539034 3.14137
    endloop
  endfacet
  facet normal 0.164399 0.986394 0
    outer loop
      vertex 5.12496 -0.538451 3.14137
      vertex 5.12514 -0.538481 3.14098
      vertex 5.12496 -0.538451 3.14096
    endloop
  endfacet
  facet normal 0.156756 0.987637 -0
    outer loop
      vertex 5.13267 -0.539674 2.86406
      vertex 5.12877 -0.539055 3.14137
      vertex 5.13267 -0.539674 3.14137
    endloop
  endfacet
  facet normal 0.156756 0.987637 0
    outer loop
      vertex 5.12877 -0.539055 3.14137
      vertex 5.13267 -0.539674 2.86406
      vertex 5.12877 -0.539055 2.86406
    endloop
  endfacet
  facet normal 0.113607 0.715779 0.689024
    outer loop
      vertex 5.12877 -0.539055 3.14137
      vertex 5.12361 -0.546967 3.15044
      vertex 5.13267 -0.539674 3.14137
    endloop
  endfacet
  facet normal 0.144941 0.703297 0.695963
    outer loop
      vertex 5.12361 -0.546967 3.15044
      vertex 5.12877 -0.539055 3.14137
      vertex 5.12864 -0.539048 3.14139
    endloop
  endfacet
  facet normal 0.128706 0.812418 0.568693
    outer loop
      vertex 5.12496 -0.538451 3.14137
      vertex 5.12864 -0.539048 3.14139
      vertex 5.12864 -0.539034 3.14137
    endloop
  endfacet
  facet normal 0.11241 0.715996 0.688994
    outer loop
      vertex 5.12864 -0.539048 3.14139
      vertex 5.12496 -0.538451 3.14137
      vertex 5.12361 -0.546967 3.15044
    endloop
  endfacet
  facet normal 0.113378 0.715923 0.688912
    outer loop
      vertex 5.13132 -0.548188 3.15044
      vertex 5.13267 -0.539674 3.14137
      vertex 5.12361 -0.546967 3.15044
    endloop
  endfacet
  facet normal 0.111226 0.702338 0.7031
    outer loop
      vertex 5.13132 -0.548188 3.15044
      vertex 5.12361 -0.546967 3.15044
      vertex 5.11993 -0.57019 3.17422
    endloop
  endfacet
  facet normal 0.111262 0.702326 0.703106
    outer loop
      vertex 5.12765 -0.571413 3.17422
      vertex 5.13132 -0.548188 3.15044
      vertex 5.11993 -0.57019 3.17422
    endloop
  endfacet
  facet normal 0.109075 0.688522 0.716966
    outer loop
      vertex 5.11993 -0.57019 3.17422
      vertex 5.12387 -0.595285 3.19772
      vertex 5.12765 -0.571413 3.17422
    endloop
  endfacet
  facet normal 0.108986 0.688521 0.71698
    outer loop
      vertex 5.12387 -0.595285 3.19772
      vertex 5.11993 -0.57019 3.17422
      vertex 5.11615 -0.594063 3.19772
    endloop
  endfacet
  facet normal 0.106772 0.674533 0.730483
    outer loop
      vertex 5.12387 -0.595285 3.19772
      vertex 5.11615 -0.594063 3.19772
      vertex 5.11227 -0.618584 3.22093
    endloop
  endfacet
  facet normal 0.10682 0.674517 0.730491
    outer loop
      vertex 5.11998 -0.619805 3.22093
      vertex 5.12387 -0.595285 3.19772
      vertex 5.11227 -0.618584 3.22093
    endloop
  endfacet
  facet normal 0.104719 0.661249 0.742821
    outer loop
      vertex 5.11998 -0.619805 3.22093
      vertex 5.11227 -0.618584 3.22093
      vertex 5.10828 -0.643722 3.24387
    endloop
  endfacet
  facet normal 0.104672 0.661265 0.742814
    outer loop
      vertex 5.116 -0.644944 3.24387
      vertex 5.11998 -0.619805 3.22093
      vertex 5.10828 -0.643722 3.24387
    endloop
  endfacet
  facet normal 0.102464 0.647317 0.755303
    outer loop
      vertex 5.10828 -0.643722 3.24387
      vertex 5.11192 -0.670715 3.26651
      vertex 5.116 -0.644944 3.24387
    endloop
  endfacet
  facet normal 0.102464 0.647317 0.755303
    outer loop
      vertex 5.11192 -0.670715 3.26651
      vertex 5.10828 -0.643722 3.24387
      vertex 5.1042 -0.669493 3.26651
    endloop
  endfacet
  facet normal 0.100301 0.633653 0.767087
    outer loop
      vertex 5.11192 -0.670715 3.26651
      vertex 5.1042 -0.669493 3.26651
      vertex 5.10002 -0.695912 3.28888
    endloop
  endfacet
  facet normal 0.100503 0.633585 0.767118
    outer loop
      vertex 5.10773 -0.697135 3.28888
      vertex 5.11192 -0.670715 3.26651
      vertex 5.10002 -0.695912 3.28888
    endloop
  endfacet
  facet normal 0.0971671 0.612558 0.78443
    outer loop
      vertex 5.10002 -0.695912 3.28888
      vertex 5.10342 -0.724368 3.31068
      vertex 5.10773 -0.697135 3.28888
    endloop
  endfacet
  facet normal 0.0971671 0.612558 0.78443
    outer loop
      vertex 5.10342 -0.724368 3.31068
      vertex 5.10002 -0.695912 3.28888
      vertex 5.09571 -0.723145 3.31068
    endloop
  endfacet
  facet normal 0.0924947 0.583102 0.807116
    outer loop
      vertex 5.10342 -0.724368 3.31068
      vertex 5.09571 -0.723145 3.31068
      vertex 5.09123 -0.751419 3.33162
    endloop
  endfacet
  facet normal 0.092423 0.583127 0.807106
    outer loop
      vertex 5.09894 -0.752641 3.33162
      vertex 5.10342 -0.724368 3.31068
      vertex 5.09123 -0.751419 3.33162
    endloop
  endfacet
  facet normal 0.087848 0.554262 0.827693
    outer loop
      vertex 5.09123 -0.751419 3.33162
      vertex 5.09431 -0.781923 3.35172
      vertex 5.09894 -0.752641 3.33162
    endloop
  endfacet
  facet normal 0.0876618 0.554258 0.827716
    outer loop
      vertex 5.09431 -0.781923 3.35172
      vertex 5.09123 -0.751419 3.33162
      vertex 5.08659 -0.780702 3.35172
    endloop
  endfacet
  facet normal 0.0830171 0.524891 0.847111
    outer loop
      vertex 5.08659 -0.780702 3.35172
      vertex 5.08951 -0.812231 3.37097
      vertex 5.09431 -0.781923 3.35172
    endloop
  endfacet
  facet normal 0.0830854 0.524893 0.847103
    outer loop
      vertex 5.08951 -0.812231 3.37097
      vertex 5.08659 -0.780702 3.35172
      vertex 5.08179 -0.811009 3.37097
    endloop
  endfacet
  facet normal 0.0783819 0.495178 0.865248
    outer loop
      vertex 5.08179 -0.811009 3.37097
      vertex 5.08454 -0.843578 3.38936
      vertex 5.08951 -0.812231 3.37097
    endloop
  endfacet
  facet normal 0.0783175 0.495177 0.865255
    outer loop
      vertex 5.08454 -0.843578 3.38936
      vertex 5.08179 -0.811009 3.37097
      vertex 5.07682 -0.842357 3.38936
    endloop
  endfacet
  facet normal 0.0737402 0.466236 0.881582
    outer loop
      vertex 5.07682 -0.842357 3.38936
      vertex 5.07941 -0.875951 3.40691
      vertex 5.08454 -0.843578 3.38936
    endloop
  endfacet
  facet normal 0.073897 0.46624 0.881566
    outer loop
      vertex 5.07941 -0.875951 3.40691
      vertex 5.07682 -0.842357 3.38936
      vertex 5.0717 -0.874729 3.40691
    endloop
  endfacet
  facet normal 0.0692869 0.437154 0.896714
    outer loop
      vertex 5.07941 -0.875951 3.40691
      vertex 5.0717 -0.874729 3.40691
      vertex 5.06641 -0.908126 3.4236
    endloop
  endfacet
  facet normal 0.0692869 0.437154 0.896714
    outer loop
      vertex 5.07412 -0.909348 3.4236
      vertex 5.07941 -0.875951 3.40691
      vertex 5.06641 -0.908126 3.4236
    endloop
  endfacet
  facet normal 0.064773 0.408674 0.910379
    outer loop
      vertex 5.06641 -0.908126 3.4236
      vertex 5.06867 -0.94377 3.43944
      vertex 5.07412 -0.909348 3.4236
    endloop
  endfacet
  facet normal 0.064773 0.408674 0.910379
    outer loop
      vertex 5.06867 -0.94377 3.43944
      vertex 5.06641 -0.908126 3.4236
      vertex 5.06096 -0.942548 3.43944
    endloop
  endfacet
  facet normal 0 0 1
    outer loop
      vertex 5.06096 -0.942548 3.43944
      vertex 5.04823 -1.07282 3.43944
      vertex 5.06867 -0.94377 3.43944
    endloop
  endfacet
  facet normal 0 -0 1
    outer loop
      vertex 5.04823 -1.07282 3.43944
      vertex 5.06096 -0.942548 3.43944
      vertex 5.04051 -1.0716 3.43944
    endloop
  endfacet
  facet normal 0 0 -1
    outer loop
      vertex 5.04051 -1.0716 3.43944
      vertex 5.04432 -1.0722 3.43944
      vertex 5.04823 -1.07282 3.43944
    endloop
  endfacet
  facet normal -0.156611 -0.98766 0
    outer loop
      vertex 5.04432 -1.0722 2.31108
      vertex 5.04823 -1.07282 3.43944
      vertex 5.04432 -1.0722 3.43944
    endloop
  endfacet
  facet normal -0.156611 -0.98766 -0
    outer loop
      vertex 5.04823 -1.07282 3.43944
      vertex 5.04432 -1.0722 2.31108
      vertex 5.04823 -1.07282 2.31108
    endloop
  endfacet
  facet normal -0.0572166 -0.361466 -0.930628
    outer loop
      vertex 5.04823 -1.07282 4.92412
      vertex 5.11487 -0.602126 4.7372
      vertex 5.12259 -0.603348 4.7372
    endloop
  endfacet
  facet normal -0 0 1
    outer loop
      vertex 5.0443 -1.0722 4.92412
      vertex 5.04823 -1.07282 4.92412
      vertex 5.04432 -1.0722 4.92412
    endloop
  endfacet
  facet normal -0.0570295 -0.361493 -0.930629
    outer loop
      vertex 5.04823 -1.07282 4.92412
      vertex 5.0443 -1.0722 4.92412
      vertex 5.11487 -0.602126 4.7372
    endloop
  endfacet
  facet normal -0.0572238 -0.361464 -0.930628
    outer loop
      vertex 5.0443 -1.0722 4.92412
      vertex 5.04051 -1.0716 4.92412
      vertex 5.11487 -0.602126 4.7372
    endloop
  endfacet
  facet normal -0.156344 -0.987703 0
    outer loop
      vertex 5.11487 -0.602126 3.96078
      vertex 5.12259 -0.603348 4.7372
      vertex 5.11487 -0.602126 4.7372
    endloop
  endfacet
  facet normal -0.156344 -0.987703 -0
    outer loop
      vertex 5.12259 -0.603348 4.7372
      vertex 5.11487 -0.602126 3.96078
      vertex 5.12259 -0.603348 3.96078
    endloop
  endfacet
  facet normal -0.0569072 -0.359512 0.931404
    outer loop
      vertex 5.04398 -1.07211 3.77504
      vertex 5.12259 -0.603348 3.96078
      vertex 5.11487 -0.602126 3.96078
    endloop
  endfacet
  facet normal -0.0557098 -0.359711 0.931399
    outer loop
      vertex 5.12259 -0.603348 3.96078
      vertex 5.04398 -1.07211 3.77504
      vertex 5.04823 -1.07282 3.77502
    endloop
  endfacet
  facet normal -0.0766393 -0.483322 0.872081
    outer loop
      vertex 5.04823 -1.07282 3.77502
      vertex 5.04398 -1.07211 3.77504
      vertex 5.04432 -1.0722 3.77502
    endloop
  endfacet
  facet normal -0.0581788 -0.359318 0.9314
    outer loop
      vertex 5.04051 -1.0716 3.77502
      vertex 5.04398 -1.07211 3.77504
      vertex 5.11487 -0.602126 3.96078
    endloop
  endfacet
  facet normal -0.0707066 -0.446094 0.892189
    outer loop
      vertex 5.04398 -1.07211 3.77504
      vertex 5.04051 -1.0716 3.77502
      vertex 5.04398 -1.07215 3.77502
    endloop
  endfacet
  facet normal -0.156547 -0.98767 0
    outer loop
      vertex 5.04398 -1.07215 3.77502
      vertex 5.04051 -1.0716 3.77502
      vertex 5.04051 -1.0716 3.77488
    endloop
  endfacet
  facet normal -0.156611 -0.98766 0
    outer loop
      vertex 5.04432 -1.0722 3.53944
      vertex 5.04823 -1.07282 3.77502
      vertex 5.04432 -1.0722 3.77502
    endloop
  endfacet
  facet normal -0.156611 -0.98766 -0
    outer loop
      vertex 5.04823 -1.07282 3.77502
      vertex 5.04432 -1.0722 3.53944
      vertex 5.04823 -1.07282 3.53944
    endloop
  endfacet
  facet normal 0.0618867 0.390285 -0.918612
    outer loop
      vertex 5.0406 -1.07121 3.53961
      vertex 5.04823 -1.07282 3.53944
      vertex 5.04432 -1.0722 3.53944
    endloop
  endfacet
  facet normal 0.057054 0.368366 -0.927928
    outer loop
      vertex 5.04823 -1.07282 3.53944
      vertex 5.0406 -1.07121 3.53961
      vertex 5.12496 -0.538451 3.75629
    endloop
  endfacet
  facet normal 0.126647 0.356438 -0.925696
    outer loop
      vertex 5.12496 -0.538451 3.75629
      vertex 5.0406 -1.07121 3.53961
      vertex 5.04055 -1.0714 3.53953
    endloop
  endfacet
  facet normal 0 0 -1
    outer loop
      vertex 5.13267 -0.539674 3.75629
      vertex 5.12874 -0.539053 3.75629
      vertex 5.12877 -0.539055 3.75629
    endloop
  endfacet
  facet normal 0 0 -1
    outer loop
      vertex 5.12874 -0.539053 3.75629
      vertex 5.12496 -0.538451 3.75629
      vertex 5.12874 -0.539051 3.75629
    endloop
  endfacet
  facet normal 0.0586292 0.368137 -0.927921
    outer loop
      vertex 5.12874 -0.539053 3.75629
      vertex 5.04823 -1.07282 3.53944
      vertex 5.12496 -0.538451 3.75629
    endloop
  endfacet
  facet normal 0.058182 0.368205 -0.927922
    outer loop
      vertex 5.04823 -1.07282 3.53944
      vertex 5.12874 -0.539053 3.75629
      vertex 5.13267 -0.539674 3.75629
    endloop
  endfacet
  facet normal 0 0 1
    outer loop
      vertex 5.13267 -0.539674 4.94295
      vertex 5.12877 -0.539055 4.94295
      vertex 5.12496 -0.538451 4.94295
    endloop
  endfacet
  facet normal 0.156756 0.987637 -0
    outer loop
      vertex 5.13267 -0.539674 3.75629
      vertex 5.12877 -0.539055 4.94295
      vertex 5.13267 -0.539674 4.94295
    endloop
  endfacet
  facet normal 0.156756 0.987637 0
    outer loop
      vertex 5.12877 -0.539055 4.94295
      vertex 5.13267 -0.539674 3.75629
      vertex 5.12877 -0.539055 3.75629
    endloop
  endfacet
  facet normal 0.156575 0.987666 0
    outer loop
      vertex 5.12496 -0.538451 4.94295
      vertex 5.12877 -0.539055 4.94295
      vertex 5.12496 -0.538451 4.94278
    endloop
  endfacet
  facet normal 0.156768 0.987636 0
    outer loop
      vertex 5.12496 -0.538451 3.75645
      vertex 5.12874 -0.539051 3.75629
      vertex 5.12496 -0.538451 3.75629
    endloop
  endfacet
  facet normal 0.0591948 0.373174 0.925871
    outer loop
      vertex 5.12496 -0.538451 4.94295
      vertex 5.04056 -1.07137 5.16314
      vertex 5.13267 -0.539674 4.94295
    endloop
  endfacet
  facet normal 0.818555 0.103797 0.564973
    outer loop
      vertex 5.04056 -1.07137 5.16314
      vertex 5.12496 -0.538451 4.94295
      vertex 5.04055 -1.0714 5.16316
    endloop
  endfacet
  facet normal 0.0581511 0.373348 0.925867
    outer loop
      vertex 5.0406 -1.07121 5.16307
      vertex 5.04823 -1.07282 5.16324
      vertex 5.13267 -0.539674 4.94295
    endloop
  endfacet
  facet normal 0.0564196 0.365484 0.929106
    outer loop
      vertex 5.04823 -1.07282 5.16324
      vertex 5.0406 -1.07121 5.16307
      vertex 5.04396 -1.07211 5.16322
    endloop
  endfacet
  facet normal 0.27529 0.326736 0.904134
    outer loop
      vertex 5.0406 -1.07121 5.16307
      vertex 5.13267 -0.539674 4.94295
      vertex 5.04056 -1.07137 5.16314
    endloop
  endfacet
  facet normal 0.0846841 0.533012 0.841859
    outer loop
      vertex 5.04823 -1.07282 5.16324
      vertex 5.04396 -1.07211 5.16322
      vertex 5.04395 -1.07214 5.16324
    endloop
  endfacet
  facet normal -0.156364 -0.987699 0
    outer loop
      vertex 5.0443 -1.0722 4.92412
      vertex 5.04051 -1.0716 4.92428
      vertex 5.04051 -1.0716 4.92412
    endloop
  endfacet
  facet normal -0.156629 -0.98584 0.0598875
    outer loop
      vertex 5.04432 -1.0722 5.16322
      vertex 5.04823 -1.07282 5.16324
      vertex 5.04395 -1.07214 5.16324
    endloop
  endfacet
  facet normal -0.156611 -0.98766 0
    outer loop
      vertex 5.04432 -1.0722 4.92412
      vertex 5.04823 -1.07282 5.16324
      vertex 5.04432 -1.0722 5.16322
    endloop
  endfacet
  facet normal -0.156611 -0.98766 -0
    outer loop
      vertex 5.04823 -1.07282 5.16324
      vertex 5.04432 -1.0722 4.92412
      vertex 5.04823 -1.07282 4.92412
    endloop
  endfacet
  facet normal -0.99863 0.0523362 0
    outer loop
      vertex 5.12493 -0.538658 -4.26631
      vertex 5.15316 0 -4.03532
      vertex 5.15316 0 -4.26631
    endloop
  endfacet
  facet normal -0.99863 0.0523362 0
    outer loop
      vertex 5.12493 -0.538658 -4.03545
      vertex 5.15316 0 -4.03532
      vertex 5.12493 -0.538658 -4.26631
    endloop
  endfacet
  facet normal -0.99863 0.0523362 0
    outer loop
      vertex 5.12493 -0.538658 -4.03532
      vertex 5.15316 0 -4.03532
      vertex 5.12493 -0.538658 -4.03545
    endloop
  endfacet
  facet normal -0 0 1
    outer loop
      vertex 5.12493 -0.538658 -4.03532
      vertex 5.12492 -0.538853 -4.03532
      vertex 5.15316 0 -4.03532
    endloop
  endfacet
  facet normal -0.99863 0.0523362 0
    outer loop
      vertex 5.12493 -0.538658 -2.92102
      vertex 5.15316 0 -2.69003
      vertex 5.15316 0 -2.92102
    endloop
  endfacet
  facet normal -0.99863 0.0523362 0
    outer loop
      vertex 5.12493 -0.538658 -2.69016
      vertex 5.15316 0 -2.69003
      vertex 5.12493 -0.538658 -2.92102
    endloop
  endfacet
  facet normal -0.99863 0.0523362 0
    outer loop
      vertex 5.12493 -0.538658 -2.69003
      vertex 5.15316 0 -2.69003
      vertex 5.12493 -0.538658 -2.69016
    endloop
  endfacet
  facet normal -0 0 1
    outer loop
      vertex 5.12493 -0.538658 -2.69003
      vertex 5.12492 -0.538853 -2.69003
      vertex 5.15316 0 -2.69003
    endloop
  endfacet
  facet normal -0.99863 0.0523351 0
    outer loop
      vertex 5.12493 -0.538658 -1.07682
      vertex 5.13642 -0.319412 -1.3076
      vertex 5.12493 -0.538658 -1.3076
    endloop
  endfacet
  facet normal -0.998631 0.0523001 5.1191e-05
    outer loop
      vertex 5.13642 -0.319412 -1.3076
      vertex 5.15316 4.87521e-09 -1.07696
      vertex 5.14616 -0.133434 -1.3076
    endloop
  endfacet
  facet normal -0.99863 0.0523364 7.50824e-07
    outer loop
      vertex 5.15316 4.87521e-09 -1.07696
      vertex 5.13642 -0.319412 -1.3076
      vertex 5.15316 2.00599e-09 -1.07676
    endloop
  endfacet
  facet normal -0.998631 0.0523001 0
    outer loop
      vertex 5.13642 -0.319412 -2.29687
      vertex 5.14616 -0.133434 -1.3076
      vertex 5.14616 -0.133434 -2.29687
    endloop
  endfacet
  facet normal -0.998631 0.0523001 0
    outer loop
      vertex 5.14616 -0.133434 -1.3076
      vertex 5.13642 -0.319412 -2.29687
      vertex 5.13642 -0.319412 -1.3076
    endloop
  endfacet
  facet normal -0.998627 0.0523884 0
    outer loop
      vertex 5.15316 4.87521e-09 -1.07696
      vertex 5.15316 4.87521e-09 -1.3076
      vertex 5.14616 -0.133434 -1.3076
    endloop
  endfacet
  facet normal -1 0 0
    outer loop
      vertex 5.15316 2.00599e-09 -1.07676
      vertex 5.15316 0 -1.07661
      vertex 5.15316 1.92584e-09 -1.07673
    endloop
  endfacet
  facet normal -0.99863 0.0523365 6.9991e-07
    outer loop
      vertex 5.13642 -0.319412 -1.3076
      vertex 5.15316 0 -1.07661
      vertex 5.15316 2.00599e-09 -1.07676
    endloop
  endfacet
  facet normal -0.99863 0.0523351 0
    outer loop
      vertex 5.12493 -0.538658 -1.07674
      vertex 5.13642 -0.319412 -1.3076
      vertex 5.12493 -0.538658 -1.07682
    endloop
  endfacet
  facet normal -0.99863 0.0523351 0
    outer loop
      vertex 5.12493 -0.538658 -1.07661
      vertex 5.13642 -0.319412 -1.3076
      vertex 5.12493 -0.538658 -1.07674
    endloop
  endfacet
  facet normal -0.99863 0.0523362 1.07677e-06
    outer loop
      vertex 5.13642 -0.319412 -1.3076
      vertex 5.12493 -0.538658 -1.07661
      vertex 5.15316 0 -1.07661
    endloop
  endfacet
  facet normal 0 0 1
    outer loop
      vertex 5.12492 -0.538853 -1.07661
      vertex 5.12493 -0.538658 -1.07661
      vertex 5.12492 -0.538852 -1.07661
    endloop
  endfacet
  facet normal -0 0 1
    outer loop
      vertex 5.12493 -0.538658 -1.07661
      vertex 5.12492 -0.538853 -1.07661
      vertex 5.15316 0 -1.07661
    endloop
  endfacet
  facet normal -0.998631 0.0523127 -1.7134e-05
    outer loop
      vertex 5.13032 -0.435647 0.733779
      vertex 5.13267 -0.390862 0.502791
      vertex 5.12718 -0.495592 0.723006
    endloop
  endfacet
  facet normal -0.998633 0.0522682 0
    outer loop
      vertex 5.14047 -0.242126 0.747649
      vertex 5.1445 -0.165129 0.510573
      vertex 5.14047 -0.242126 0.51303
    endloop
  endfacet
  facet normal -0.99863 0.052332 -5.18022e-05
    outer loop
      vertex 5.14063 -0.238972 1.30756
      vertex 5.14015 -0.248175 1.26376
      vertex 5.13361 -0.372897 1.3427
    endloop
  endfacet
  facet normal -0.998634 0.0522568 -4.37757e-05
    outer loop
      vertex 5.13267 -0.390862 0.502791
      vertex 5.12908 -0.459478 0.489989
      vertex 5.12718 -0.495592 0.723006
    endloop
  endfacet
  facet normal -0.99863 0.0523349 1.19286e-05
    outer loop
      vertex 5.13876 -0.274734 1.1841
      vertex 5.13785 -0.29209 1.14822
      vertex 5.13076 -0.427403 1.25818
    endloop
  endfacet
  facet normal -0.998637 0.0521892 -5.42889e-05
    outer loop
      vertex 5.12493 -0.538657 0.712068
      vertex 5.12718 -0.495592 0.723006
      vertex 5.12908 -0.459478 0.489989
    endloop
  endfacet
  facet normal -0.998638 0.0521754 0
    outer loop
      vertex 5.12493 -0.538657 0.712566
      vertex 5.12718 -0.495592 0.723006
      vertex 5.12493 -0.538657 0.712068
    endloop
  endfacet
  facet normal -0.998222 0.0560226 0.0203719
    outer loop
      vertex 5.12492 -0.538853 0.712615
      vertex 5.12493 -0.538657 0.712566
      vertex 5.12492 -0.538821 0.712527
    endloop
  endfacet
  facet normal -0.998666 0.0515741 0.0024868
    outer loop
      vertex 5.12493 -0.538657 0.712566
      vertex 5.12492 -0.538853 0.712615
      vertex 5.12718 -0.495592 0.723006
    endloop
  endfacet
  facet normal -0.998632 0.0522938 -5.13352e-05
    outer loop
      vertex 5.13785 -0.29209 1.14822
      vertex 5.1368 -0.312174 1.115
      vertex 5.12959 -0.449741 1.23643
    endloop
  endfacet
  facet normal -1 0 0
    outer loop
      vertex 5.12492 -0.538853 0.712615
      vertex 5.12492 -0.538847 0.71252
      vertex 5.12492 -0.538853 0.712519
    endloop
  endfacet
  facet normal -0.998641 0.0521103 0
    outer loop
      vertex 5.12493 -0.538658 0.466902
      vertex 5.12568 -0.524285 0.47206
      vertex 5.12493 -0.538658 0.466626
    endloop
  endfacet
  facet normal -0.998641 0.0521103 0
    outer loop
      vertex 5.12493 -0.538658 0.467227
      vertex 5.12568 -0.524285 0.47206
      vertex 5.12493 -0.538658 0.466902
    endloop
  endfacet
  facet normal -0.998641 0.0521164 -1.83573e-05
    outer loop
      vertex 5.12568 -0.524285 0.47206
      vertex 5.12493 -0.538658 0.467227
      vertex 5.12493 -0.538657 0.470066
    endloop
  endfacet
  facet normal -0.998641 0.0521139 0
    outer loop
      vertex 5.12568 -0.524285 0.47206
      vertex 5.12493 -0.538657 0.470066
      vertex 5.12493 -0.538657 0.709391
    endloop
  endfacet
  facet normal -0.998643 0.0520796 -0.000188973
    outer loop
      vertex 5.12831 -0.473985 1.21803
      vertex 5.13426 -0.360478 1.0565
      vertex 5.12695 -0.500118 1.20299
    endloop
  endfacet
  facet normal -0.998627 0.0523868 1.65742e-05
    outer loop
      vertex 5.12493 -0.538657 0.709391
      vertex 5.12908 -0.459478 0.489989
      vertex 5.12568 -0.524285 0.47206
    endloop
  endfacet
  facet normal -0.998629 0.052341 0
    outer loop
      vertex 5.12908 -0.459478 0.489989
      vertex 5.12493 -0.538657 0.709391
      vertex 5.12493 -0.538657 0.712068
    endloop
  endfacet
  facet normal -1 -0 0
    outer loop
      vertex 5.12492 -0.538821 0.712527
      vertex 5.12492 -0.538847 0.71252
      vertex 5.12492 -0.538853 0.712615
    endloop
  endfacet
  facet normal -0.998622 0.0524712 1.3687e-05
    outer loop
      vertex 5.13359 -0.373415 0.741485
      vertex 5.13267 -0.390862 0.502791
      vertex 5.13032 -0.435647 0.733779
    endloop
  endfacet
  facet normal -0.998628 0.0523714 2.10027e-05
    outer loop
      vertex 5.13359 -0.373415 0.741485
      vertex 5.13647 -0.318406 0.510467
      vertex 5.13267 -0.390862 0.502791
    endloop
  endfacet
  facet normal -0.998631 0.052317 8.00148e-06
    outer loop
      vertex 5.13697 -0.308898 0.746108
      vertex 5.13647 -0.318406 0.510467
      vertex 5.13359 -0.373415 0.741485
    endloop
  endfacet
  facet normal -0.998628 0.0523662 6.00835e-06
    outer loop
      vertex 5.13697 -0.308898 0.746108
      vertex 5.14047 -0.242126 0.51303
      vertex 5.13647 -0.318406 0.510467
    endloop
  endfacet
  facet normal -0.998629 0.0523453 0
    outer loop
      vertex 5.14047 -0.242126 0.747649
      vertex 5.14047 -0.242126 0.51303
      vertex 5.13697 -0.308898 0.746108
    endloop
  endfacet
  facet normal -0.987072 0.03028 0.157394
    outer loop
      vertex 5.15316 -5.60717e-09 0.724111
      vertex 5.15317 0.000201225 0.724135
      vertex 5.15316 0.000176725 0.724077
    endloop
  endfacet
  facet normal -0.998672 0.0507145 -0.00910797
    outer loop
      vertex 5.15316 -5.60717e-09 0.724111
      vertex 5.15055 -0.0496407 0.733886
      vertex 5.15317 0.000201225 0.724135
    endloop
  endfacet
  facet normal -0.998621 0.0525052 -7.18322e-07
    outer loop
      vertex 5.15316 -1.18457e-08 0.723655
      vertex 5.15055 -0.0496407 0.733886
      vertex 5.15316 -5.60717e-09 0.724111
    endloop
  endfacet
  facet normal -0.998621 0.0524925 -6.2176e-05
    outer loop
      vertex 5.15055 -0.0496407 0.733886
      vertex 5.15316 -1.18457e-08 0.723655
      vertex 5.14832 -0.0923376 0.503203
    endloop
  endfacet
  facet normal -0.998633 0.0522764 2.87979e-05
    outer loop
      vertex 5.14832 -0.0923376 0.503203
      vertex 5.15316 -2.61183e-08 0.722176
      vertex 5.15191 -0.0237513 0.49092
    endloop
  endfacet
  facet normal -0.998629 0.0523457 -5.05145e-07
    outer loop
      vertex 5.15316 -2.61183e-08 0.722176
      vertex 5.14832 -0.0923376 0.503203
      vertex 5.15316 -1.18457e-08 0.723655
    endloop
  endfacet
  facet normal -0.879101 0.47414 -0.048714
    outer loop
      vertex 5.15317 0.000201225 0.724135
      vertex 5.15317 0.000194855 0.724073
      vertex 5.15316 0.000176725 0.724077
    endloop
  endfacet
  facet normal -1 0 -0
    outer loop
      vertex 5.15317 0.000201225 0.724135
      vertex 5.15317 0.000201225 0.724072
      vertex 5.15317 0.000194855 0.724073
    endloop
  endfacet
  facet normal -0.998618 0.052556 0
    outer loop
      vertex 5.15316 -2.61183e-08 0.485751
      vertex 5.15191 -0.0237513 0.49092
      vertex 5.15316 -2.61183e-08 0.722176
    endloop
  endfacet
  facet normal -0.998618 0.052556 8.33406e-08
    outer loop
      vertex 5.15316 -2.47276e-08 0.484874
      vertex 5.15191 -0.0237513 0.49092
      vertex 5.15316 -2.61183e-08 0.485751
    endloop
  endfacet
  facet normal -0.998618 0.0525567 2.58157e-06
    outer loop
      vertex 5.15191 -0.0237513 0.49092
      vertex 5.15316 -2.47276e-08 0.484874
      vertex 5.15316 -1.02864e-08 0.48458
    endloop
  endfacet
  facet normal -0.998629 0.0523391 -3.36989e-05
    outer loop
      vertex 5.15055 -0.0496407 0.733886
      vertex 5.14832 -0.0923376 0.503203
      vertex 5.14565 -0.143126 0.744201
    endloop
  endfacet
  facet normal -0.998626 0.0524046 -1.98553e-05
    outer loop
      vertex 5.14565 -0.143126 0.744201
      vertex 5.14832 -0.0923376 0.503203
      vertex 5.1445 -0.165129 0.510573
    endloop
  endfacet
  facet normal -0.998623 0.0524572 -6.58938e-05
    outer loop
      vertex 5.14601 -0.136268 1.13937
      vertex 5.15316 -1.02452e-07 1.26191
      vertex 5.14719 -0.113838 1.11265
    endloop
  endfacet
  facet normal -0.998627 0.0523933 5.3081e-06
    outer loop
      vertex 5.15316 -1.02452e-07 1.26191
      vertex 5.14601 -0.136268 1.13937
      vertex 5.15316 -1.10557e-07 1.26199
    endloop
  endfacet
  facet normal -0.999101 0.0271094 0.0325993
    outer loop
      vertex 5.15317 0.000201225 1.26218
      vertex 5.15316 6.11579e-05 1.26199
      vertex 5.15316 2.50826e-05 1.26202
    endloop
  endfacet
  facet normal -0.998634 0.0522516 -5.40264e-06
    outer loop
      vertex 5.14565 -0.143126 0.744201
      vertex 5.1445 -0.165129 0.510573
      vertex 5.14047 -0.242126 0.747649
    endloop
  endfacet
  facet normal -0.998627 0.052385 0.000141982
    outer loop
      vertex 5.13489 -0.348547 1.41402
      vertex 5.14097 -0.23248 1.354
      vertex 5.13431 -0.359503 1.37688
    endloop
  endfacet
  facet normal -0.998628 0.0523581 -8.07491e-06
    outer loop
      vertex 5.14097 -0.23248 1.354
      vertex 5.14063 -0.238972 1.30756
      vertex 5.13431 -0.359503 1.37688
    endloop
  endfacet
  facet normal -0.998627 0.0523766 7.94891e-06
    outer loop
      vertex 5.14636 -0.129731 1.47415
      vertex 5.14097 -0.23248 1.354
      vertex 5.13533 -0.340029 1.45413
    endloop
  endfacet
  facet normal -0.998625 0.0524157 5.60417e-05
    outer loop
      vertex 5.12493 -0.538658 1.18758
      vertex 5.12963 -0.448904 0.991652
      vertex 5.1279 -0.481848 0.976684
    endloop
  endfacet
  facet normal -0.998632 0.0522937 0
    outer loop
      vertex 5.12963 -0.448904 0.991652
      vertex 5.12493 -0.538658 1.18758
      vertex 5.12493 -0.538658 1.18788
    endloop
  endfacet
  facet normal -1 -0 0
    outer loop
      vertex 5.12492 -0.538807 1.18821
      vertex 5.12492 -0.538825 1.1882
      vertex 5.12492 -0.538853 1.18831
    endloop
  endfacet
  facet normal -0.998626 0.0524014 9.55501e-05
    outer loop
      vertex 5.14015 -0.248175 1.26376
      vertex 5.13952 -0.260106 1.22259
      vertex 5.13278 -0.388714 1.31149
    endloop
  endfacet
  facet normal -0.998615 0.0526123 0.000167746
    outer loop
      vertex 5.12695 -0.500118 1.20299
      vertex 5.13126 -0.417696 1.00995
      vertex 5.12547 -0.528172 1.19128
    endloop
  endfacet
  facet normal -0.998635 0.0522306 -0.000131617
    outer loop
      vertex 5.13952 -0.260106 1.22259
      vertex 5.13876 -0.274734 1.1841
      vertex 5.13183 -0.406984 1.28325
    endloop
  endfacet
  facet normal -0.999094 0.0223187 0.0362349
    outer loop
      vertex 5.15317 0.000201225 1.26218
      vertex 5.15316 0.000126986 1.26195
      vertex 5.15316 9.45156e-05 1.26197
    endloop
  endfacet
  facet normal -0.998624 0.0524358 -9.37919e-06
    outer loop
      vertex 5.14847 -0.0893507 1.08855
      vertex 5.15316 -1.23982e-07 1.26155
      vertex 5.14986 -0.0628824 1.06714
    endloop
  endfacet
  facet normal -0.998625 0.0524242 -3.37437e-06
    outer loop
      vertex 5.15316 -1.23982e-07 1.26155
      vertex 5.14847 -0.0893507 1.08855
      vertex 5.15316 -1.08534e-07 1.26179
    endloop
  endfacet
  facet normal -0.998617 0.0525666 0.000206806
    outer loop
      vertex 5.12959 -0.449741 1.23643
      vertex 5.1356 -0.33497 1.08444
      vertex 5.12831 -0.473985 1.21803
    endloop
  endfacet
  facet normal -0.998636 0.0522061 -8.04117e-05
    outer loop
      vertex 5.13126 -0.417696 1.00995
      vertex 5.12963 -0.448904 0.991652
      vertex 5.12547 -0.528172 1.19128
    endloop
  endfacet
  facet normal -0.998671 0.0515408 -0.000345332
    outer loop
      vertex 5.12493 -0.538658 1.18788
      vertex 5.12547 -0.528172 1.19128
      vertex 5.12963 -0.448904 0.991652
    endloop
  endfacet
  facet normal -0.998677 0.0514291 0
    outer loop
      vertex 5.12547 -0.528172 1.19128
      vertex 5.12493 -0.538658 1.18788
      vertex 5.12493 -0.538658 1.18825
    endloop
  endfacet
  facet normal -0.997845 0.0596084 0.0274199
    outer loop
      vertex 5.12492 -0.538853 1.18831
      vertex 5.12493 -0.538658 1.18825
      vertex 5.12492 -0.538807 1.18821
    endloop
  endfacet
  facet normal -0.998682 0.0513253 0.000360177
    outer loop
      vertex 5.12493 -0.538658 1.18825
      vertex 5.12492 -0.538853 1.18831
      vertex 5.12547 -0.528172 1.19128
    endloop
  endfacet
  facet normal -0.99864 0.0521265 -2.22142e-05
    outer loop
      vertex 5.12493 -0.538658 1.18636
      vertex 5.1279 -0.481848 0.976684
      vertex 5.12609 -0.516529 0.965041
    endloop
  endfacet
  facet normal -0.998636 0.0522082 0
    outer loop
      vertex 5.1279 -0.481848 0.976684
      vertex 5.12493 -0.538658 1.18636
      vertex 5.12493 -0.538658 1.18758
    endloop
  endfacet
  facet normal -1 0 0
    outer loop
      vertex 5.12492 -0.538825 1.1882
      vertex 5.12492 -0.538842 1.1882
      vertex 5.12492 -0.538853 1.18831
    endloop
  endfacet
  facet normal -1 0 0
    outer loop
      vertex 5.12492 -0.538853 1.18831
      vertex 5.12492 -0.538842 1.1882
      vertex 5.12492 -0.538853 1.1882
    endloop
  endfacet
  facet normal -0.998629 0.052348 0
    outer loop
      vertex 5.12493 -0.538658 0.960835
      vertex 5.12609 -0.516529 0.965041
      vertex 5.12493 -0.538658 0.959989
    endloop
  endfacet
  facet normal -0.998629 0.052348 0
    outer loop
      vertex 5.12493 -0.538658 0.962357
      vertex 5.12609 -0.516529 0.965041
      vertex 5.12493 -0.538658 0.960835
    endloop
  endfacet
  facet normal -0.998629 0.052348 0
    outer loop
      vertex 5.12609 -0.516529 0.965041
      vertex 5.12493 -0.538658 0.962357
      vertex 5.12493 -0.538658 1.18636
    endloop
  endfacet
  facet normal -0.998625 0.0524308 9.00249e-05
    outer loop
      vertex 5.13281 -0.388211 1.03157
      vertex 5.13126 -0.417696 1.00995
      vertex 5.12695 -0.500118 1.20299
    endloop
  endfacet
  facet normal -0.998634 0.0522427 -3.31248e-05
    outer loop
      vertex 5.13426 -0.360478 1.0565
      vertex 5.13281 -0.388211 1.03157
      vertex 5.12695 -0.500118 1.20299
    endloop
  endfacet
  facet normal -0.998626 0.0524113 4.47538e-05
    outer loop
      vertex 5.1356 -0.33497 1.08444
      vertex 5.13426 -0.360478 1.0565
      vertex 5.12831 -0.473985 1.21803
    endloop
  endfacet
  facet normal -0.998625 0.0524299 0.000103303
    outer loop
      vertex 5.1368 -0.312174 1.115
      vertex 5.1356 -0.33497 1.08444
      vertex 5.12959 -0.449741 1.23643
    endloop
  endfacet
  facet normal -0.998631 0.0523162 -1.11361e-05
    outer loop
      vertex 5.13076 -0.427403 1.25818
      vertex 5.13785 -0.29209 1.14822
      vertex 5.12959 -0.449741 1.23643
    endloop
  endfacet
  facet normal -0.99863 0.0523295 7.16239e-07
    outer loop
      vertex 5.13183 -0.406984 1.28325
      vertex 5.13876 -0.274734 1.1841
      vertex 5.13076 -0.427403 1.25818
    endloop
  endfacet
  facet normal -0.998636 0.0522095 -0.000182814
    outer loop
      vertex 5.13278 -0.388714 1.31149
      vertex 5.13952 -0.260106 1.22259
      vertex 5.13183 -0.406984 1.28325
    endloop
  endfacet
  facet normal -0.998628 0.052374 1.47779e-05
    outer loop
      vertex 5.13361 -0.372897 1.3427
      vertex 5.14015 -0.248175 1.26376
      vertex 5.13278 -0.388714 1.31149
    endloop
  endfacet
  facet normal -0.99863 0.0523311 -5.50686e-05
    outer loop
      vertex 5.13431 -0.359503 1.37688
      vertex 5.14063 -0.238972 1.30756
      vertex 5.13361 -0.372897 1.3427
    endloop
  endfacet
  facet normal -0.998635 0.0522401 -0.000139156
    outer loop
      vertex 5.13533 -0.340029 1.45413
      vertex 5.14097 -0.23248 1.354
      vertex 5.13489 -0.348547 1.41402
    endloop
  endfacet
  facet normal -0.998663 0.0516906 0.000596195
    outer loop
      vertex 5.14636 -0.129731 1.47415
      vertex 5.14122 -0.22765 1.354
      vertex 5.14097 -0.23248 1.354
    endloop
  endfacet
  facet normal -0.998628 0.0523679 7.71993e-05
    outer loop
      vertex 5.14738 -0.110257 1.40477
      vertex 5.14808 -0.0968628 1.37385
      vertex 5.14122 -0.22765 1.354
    endloop
  endfacet
  facet normal -0.998627 0.0523795 -1.37253e-05
    outer loop
      vertex 5.14808 -0.0968628 1.37385
      vertex 5.14891 -0.0810461 1.34544
      vertex 5.14175 -0.217562 1.31177
    endloop
  endfacet
  facet normal -0.963655 0.2671 -0.00513499
    outer loop
      vertex 5.15317 0.000201225 1.26218
      vertex 5.15317 0.000195842 1.2619
      vertex 5.15316 0.000160148 1.26192
    endloop
  endfacet
  facet normal -0.99864 0.0521315 3.79849e-05
    outer loop
      vertex 5.15135 -0.0345249 1.0486
      vertex 5.15316 -2.81646e-07 1.25179
      vertex 5.15293 -0.00424671 1.0329
    endloop
  endfacet
  facet normal -0.998628 0.0523598 -9.15559e-07
    outer loop
      vertex 5.15316 -2.81646e-07 1.25179
      vertex 5.15135 -0.0345249 1.0486
      vertex 5.15316 -1.2165e-07 1.26094
    endloop
  endfacet
  facet normal -0.99863 0.0523343 0.000115104
    outer loop
      vertex 5.14987 -0.0627909 1.31955
      vertex 5.14313 -0.191216 1.23505
      vertex 5.14239 -0.205418 1.27211
    endloop
  endfacet
  facet normal -1 0 -0
    outer loop
      vertex 5.15317 0.000201225 1.26218
      vertex 5.15317 0.000201225 1.26189
      vertex 5.15317 0.000195842 1.2619
    endloop
  endfacet
  facet normal -0.998537 0.0540815 -3.33288e-06
    outer loop
      vertex 5.15293 -0.00424671 1.0329
      vertex 5.15316 -1.57907e-07 1.03184
      vertex 5.15316 -1.7393e-07 1.03158
    endloop
  endfacet
  facet normal -0.998536 0.054082 -1.64029e-06
    outer loop
      vertex 5.15293 -0.00424671 1.0329
      vertex 5.15316 -1.7393e-07 1.03158
      vertex 5.15316 -1.85152e-07 1.03121
    endloop
  endfacet
  facet normal -0.998536 0.0540824 5.04745e-07
    outer loop
      vertex 5.15316 -1.57907e-07 1.03184
      vertex 5.15293 -0.00424671 1.0329
      vertex 5.15316 -1.6472e-07 1.03257
    endloop
  endfacet
  facet normal -0.998536 0.0540839 0
    outer loop
      vertex 5.15316 -2.81646e-07 1.04303
      vertex 5.15293 -0.00424671 1.0329
      vertex 5.15316 -2.81646e-07 1.25179
    endloop
  endfacet
  facet normal -0.998536 0.0540825 6.04555e-07
    outer loop
      vertex 5.15316 -1.6472e-07 1.03257
      vertex 5.15293 -0.00424671 1.0329
      vertex 5.15316 -2.81646e-07 1.04303
    endloop
  endfacet
  facet normal -0.998972 0.0304119 0.0336173
    outer loop
      vertex 5.15317 0.000201225 1.26218
      vertex 5.15316 0.000160148 1.26192
      vertex 5.15316 0.000126986 1.26195
    endloop
  endfacet
  facet normal -0.998623 0.0524598 -1.72163e-05
    outer loop
      vertex 5.14986 -0.0628824 1.06714
      vertex 5.15316 -1.2165e-07 1.26094
      vertex 5.15135 -0.0345249 1.0486
    endloop
  endfacet
  facet normal -0.998626 0.0524063 2.00347e-07
    outer loop
      vertex 5.15316 -1.2165e-07 1.26094
      vertex 5.14986 -0.0628824 1.06714
      vertex 5.15316 -1.23982e-07 1.26155
    endloop
  endfacet
  facet normal -0.998633 0.0522738 7.44314e-05
    outer loop
      vertex 5.14719 -0.113838 1.11265
      vertex 5.15316 -1.08534e-07 1.26179
      vertex 5.14847 -0.0893507 1.08855
    endloop
  endfacet
  facet normal -0.998628 0.0523745 -2.65451e-06
    outer loop
      vertex 5.15316 -1.08534e-07 1.26179
      vertex 5.14719 -0.113838 1.11265
      vertex 5.15316 -1.02452e-07 1.26191
    endloop
  endfacet
  facet normal -0.999096 0.0218637 0.0364662
    outer loop
      vertex 5.15317 0.000201225 1.26218
      vertex 5.15316 9.45156e-05 1.26197
      vertex 5.15316 6.11579e-05 1.26199
    endloop
  endfacet
  facet normal -0.998611 0.0526797 4.08531e-06
    outer loop
      vertex 5.15316 -1.10557e-07 1.26199
      vertex 5.1521 -0.0200949 1.27643
      vertex 5.15316 -1.13659e-07 1.26203
    endloop
  endfacet
  facet normal -0.998618 0.052553 -0.000172655
    outer loop
      vertex 5.1521 -0.0200949 1.27643
      vertex 5.15316 -1.10557e-07 1.26199
      vertex 5.14601 -0.136268 1.13937
    endloop
  endfacet
  facet normal -0.998907 0.0172439 0.0434481
    outer loop
      vertex 5.15316 -1.13659e-07 1.26203
      vertex 5.15317 0.000201225 1.26218
      vertex 5.15316 2.50826e-05 1.26202
    endloop
  endfacet
  facet normal -0.998688 0.0511715 -0.00210616
    outer loop
      vertex 5.15317 0.000201225 1.26218
      vertex 5.15316 -1.13659e-07 1.26203
      vertex 5.1521 -0.0200949 1.27643
    endloop
  endfacet
  facet normal -0.998638 0.0521739 0.000149579
    outer loop
      vertex 5.1521 -0.0200949 1.27643
      vertex 5.14601 -0.136268 1.13937
      vertex 5.14495 -0.156641 1.16867
    endloop
  endfacet
  facet normal -0.998639 0.052155 0.000173651
    outer loop
      vertex 5.15094 -0.0423727 1.29645
      vertex 5.1521 -0.0200949 1.27643
      vertex 5.14495 -0.156641 1.16867
    endloop
  endfacet
  facet normal -0.998629 0.0523458 2.54846e-06
    outer loop
      vertex 5.15094 -0.0423727 1.29645
      vertex 5.14495 -0.156641 1.16867
      vertex 5.14399 -0.174957 1.20056
    endloop
  endfacet
  facet normal -0.998623 0.0524677 -0.000166513
    outer loop
      vertex 5.15094 -0.0423727 1.29645
      vertex 5.14399 -0.174957 1.20056
      vertex 5.14313 -0.191216 1.23505
    endloop
  endfacet
  facet normal -0.998627 0.0523814 4.33787e-05
    outer loop
      vertex 5.14987 -0.0627909 1.31955
      vertex 5.15094 -0.0423727 1.29645
      vertex 5.14313 -0.191216 1.23505
    endloop
  endfacet
  facet normal -0.998635 0.0522323 0.000153513
    outer loop
      vertex 5.14636 -0.129731 1.47415
      vertex 5.1468 -0.121213 1.43822
      vertex 5.14122 -0.22765 1.354
    endloop
  endfacet
  facet normal -0.998629 0.0523523 0.000179738
    outer loop
      vertex 5.13585 -0.330292 1.54324
      vertex 5.14604 -0.135811 1.51262
      vertex 5.13565 -0.333949 1.49721
    endloop
  endfacet
  facet normal -0.998626 0.0523996 -8.17365e-05
    outer loop
      vertex 5.14891 -0.0810461 1.34544
      vertex 5.14987 -0.0627909 1.31955
      vertex 5.14239 -0.205418 1.27211
    endloop
  endfacet
  facet normal -0.998626 0.0523938 -7.18792e-05
    outer loop
      vertex 5.14891 -0.0810461 1.34544
      vertex 5.14239 -0.205418 1.27211
      vertex 5.14175 -0.217562 1.31177
    endloop
  endfacet
  facet normal -0.998627 0.0523826 -1.981e-05
    outer loop
      vertex 5.14808 -0.0968628 1.37385
      vertex 5.14175 -0.217562 1.31177
      vertex 5.14122 -0.22765 1.354
    endloop
  endfacet
  facet normal -0.998623 0.0524588 -0.000133426
    outer loop
      vertex 5.1468 -0.121213 1.43822
      vertex 5.14738 -0.110257 1.40477
      vertex 5.14122 -0.22765 1.354
    endloop
  endfacet
  facet normal -0.998627 0.0523749 2.60285e-05
    outer loop
      vertex 5.13565 -0.333949 1.49721
      vertex 5.14636 -0.129731 1.47415
      vertex 5.13533 -0.340029 1.45413
    endloop
  endfacet
  facet normal -0.998628 0.0523686 -3.01501e-05
    outer loop
      vertex 5.14604 -0.135811 1.51262
      vertex 5.14636 -0.129731 1.47415
      vertex 5.13565 -0.333949 1.49721
    endloop
  endfacet
  facet normal -0.99863 0.0523303 3.9844e-05
    outer loop
      vertex 5.14585 -0.139468 1.55359
      vertex 5.14604 -0.135811 1.51262
      vertex 5.13585 -0.330292 1.54324
    endloop
  endfacet
  facet normal -0.998629 0.0523368 -7.91832e-05
    outer loop
      vertex 5.13591 -0.329073 1.59225
      vertex 5.14585 -0.139468 1.55359
      vertex 5.13585 -0.330292 1.54324
    endloop
  endfacet
  facet normal -0.99863 0.0523243 -0.000140709
    outer loop
      vertex 5.14578 -0.140687 1.59709
      vertex 5.14585 -0.139468 1.55359
      vertex 5.13591 -0.329073 1.59225
    endloop
  endfacet
  facet normal -0.99863 0.0523207 0
    outer loop
      vertex 5.13591 -0.329073 1.71562
      vertex 5.14578 -0.140687 1.59709
      vertex 5.13591 -0.329073 1.59225
    endloop
  endfacet
  facet normal -0.99863 0.0523207 0
    outer loop
      vertex 5.14578 -0.140687 1.59709
      vertex 5.13591 -0.329073 1.71562
      vertex 5.14578 -0.140687 1.71562
    endloop
  endfacet
  facet normal -0.998637 0.0521999 0.000148057
    outer loop
      vertex 5.14721 -0.113518 2.66438
      vertex 5.14824 -0.09377 2.6492
      vertex 5.14097 -0.23248 2.51788
    endloop
  endfacet
  facet normal -0.998631 0.0523095 4.06547e-05
    outer loop
      vertex 5.13632 -0.321225 2.88418
      vertex 5.1373 -0.302498 2.86102
      vertex 5.13011 -0.43967 2.74397
    endloop
  endfacet
  facet normal -0.998631 0.0523058 4.07783e-05
    outer loop
      vertex 5.13926 -0.265089 2.81647
      vertex 5.14024 -0.246362 2.79506
      vertex 5.13236 -0.396729 2.69353
    endloop
  endfacet
  facet normal -0.998633 0.0522696 9.9344e-06
    outer loop
      vertex 5.14417 -0.171376 2.71548
      vertex 5.13806 -0.288083 2.57283
      vertex 5.13634 -0.320951 2.60797
    endloop
  endfacet
  facet normal -0.998631 0.0523012 4.07213e-05
    outer loop
      vertex 5.14824 -0.09377 2.6492
      vertex 5.14225 -0.208023 2.4962
      vertex 5.14097 -0.23248 2.51788
    endloop
  endfacet
  facet normal -0.998623 0.052467 -8.34504e-05
    outer loop
      vertex 5.14824 -0.09377 2.6492
      vertex 5.14929 -0.0738077 2.63493
      vertex 5.14225 -0.208023 2.4962
    endloop
  endfacet
  facet normal -0.998619 0.0525426 -0.000156751
    outer loop
      vertex 5.14929 -0.0738077 2.63493
      vertex 5.14354 -0.183566 2.47589
      vertex 5.14225 -0.208023 2.4962
    endloop
  endfacet
  facet normal -0.998632 0.0522954 4.21674e-05
    outer loop
      vertex 5.15142 -0.0331993 2.60919
      vertex 5.1461 -0.134653 2.43942
      vertex 5.14482 -0.15911 2.45697
    endloop
  endfacet
  facet normal -0.998172 0.0272122 0.05397
    outer loop
      vertex 5.15317 0.000201225 2.59236
      vertex 5.15316 0.000171576 2.59219
      vertex 5.15316 0.000151743 2.5922
    endloop
  endfacet
  facet normal -0.998615 0.0526191 -4.62774e-05
    outer loop
      vertex 5.14994 -0.0612822 2.39506
      vertex 5.15316 1.06338e-07 2.59122
      vertex 5.15123 -0.0368109 2.38304
    endloop
  endfacet
  facet normal -0.998622 0.0524731 -5.64506e-07
    outer loop
      vertex 5.15316 1.06338e-07 2.59122
      vertex 5.14994 -0.0612822 2.39506
      vertex 5.15316 1.11717e-07 2.59172
    endloop
  endfacet
  facet normal -0.998179 0.0265184 0.054185
    outer loop
      vertex 5.15317 0.000201225 2.59236
      vertex 5.15316 0.000151743 2.5922
      vertex 5.15316 0.00013131 2.59221
    endloop
  endfacet
  facet normal -0.99863 0.0523232 4.62875e-05
    outer loop
      vertex 5.14866 -0.0857239 2.40848
      vertex 5.15316 1.11717e-07 2.59172
      vertex 5.14994 -0.0612822 2.39506
    endloop
  endfacet
  facet normal -0.998625 0.0524188 1.41731e-06
    outer loop
      vertex 5.15316 1.11717e-07 2.59172
      vertex 5.14866 -0.0857239 2.40848
      vertex 5.15316 1.06039e-07 2.59193
    endloop
  endfacet
  facet normal -1 0 -0
    outer loop
      vertex 5.15317 0.000201225 2.59236
      vertex 5.15317 0.000201225 2.59218
      vertex 5.15317 0.000191165 2.59218
    endloop
  endfacet
  facet normal -0.998615 0.0526079 1.65925e-06
    outer loop
      vertex 5.15316 -1.44378e-08 2.36822
      vertex 5.15251 -0.0123386 2.37241
      vertex 5.15316 -2.23228e-08 2.36847
    endloop
  endfacet
  facet normal -0.998615 0.0526079 1.72298e-06
    outer loop
      vertex 5.15251 -0.0123386 2.37241
      vertex 5.15316 -1.44378e-08 2.36822
      vertex 5.15316 -2.72139e-11 2.36778
    endloop
  endfacet
  facet normal -0.998615 0.0526069 -1.32664e-06
    outer loop
      vertex 5.15251 -0.0123386 2.37241
      vertex 5.15316 8.76174e-08 2.37262
      vertex 5.15316 -1.90627e-09 2.36907
    endloop
  endfacet
  facet normal -0.998615 0.0526068 -1.79008e-06
    outer loop
      vertex 5.15251 -0.0123386 2.37241
      vertex 5.15316 -1.90627e-09 2.36907
      vertex 5.15316 -2.23228e-08 2.36847
    endloop
  endfacet
  facet normal -0.998615 0.0526069 0
    outer loop
      vertex 5.15316 8.76174e-08 2.37262
      vertex 5.15251 -0.0123386 2.37241
      vertex 5.15316 8.76174e-08 2.58883
    endloop
  endfacet
  facet normal -0.895462 0.444445 -0.0248395
    outer loop
      vertex 5.15317 0.000201225 2.59236
      vertex 5.15317 0.000191165 2.59218
      vertex 5.15316 0.000171576 2.59219
    endloop
  endfacet
  facet normal -0.998634 0.0522417 2.0879e-05
    outer loop
      vertex 5.15123 -0.0368109 2.38304
      vertex 5.15316 8.76174e-08 2.58883
      vertex 5.15251 -0.0123386 2.37241
    endloop
  endfacet
  facet normal -0.998628 0.0523604 -4.10133e-07
    outer loop
      vertex 5.15316 8.76174e-08 2.58883
      vertex 5.15123 -0.0368109 2.38304
      vertex 5.15316 1.06338e-07 2.59122
    endloop
  endfacet
  facet normal -0.998179 0.0254573 0.0546797
    outer loop
      vertex 5.15317 0.000201225 2.59236
      vertex 5.15316 0.00013131 2.59221
      vertex 5.15316 0.000109831 2.59222
    endloop
  endfacet
  facet normal -0.998633 0.0522746 6.89976e-05
    outer loop
      vertex 5.14738 -0.110196 2.42326
      vertex 5.15316 1.06039e-07 2.59193
      vertex 5.14866 -0.0857239 2.40848
    endloop
  endfacet
  facet normal -0.998627 0.0523814 -9.56834e-07
    outer loop
      vertex 5.15316 1.06039e-07 2.59193
      vertex 5.14738 -0.110196 2.42326
      vertex 5.15316 1.08231e-07 2.59205
    endloop
  endfacet
  facet normal -0.998612 0.0526743 5.7726e-06
    outer loop
      vertex 5.15316 1.08231e-07 2.59205
      vertex 5.15251 -0.0123234 2.59801
      vertex 5.15316 8.41211e-08 2.59227
    endloop
  endfacet
  facet normal -0.998616 0.0526015 -0.000145073
    outer loop
      vertex 5.15251 -0.0123234 2.59801
      vertex 5.15316 1.08231e-07 2.59205
      vertex 5.14738 -0.110196 2.42326
    endloop
  endfacet
  facet normal -0.998175 0.0250367 0.0549539
    outer loop
      vertex 5.15316 8.41211e-08 2.59227
      vertex 5.15317 0.000201225 2.59236
      vertex 5.15316 0.000109831 2.59222
    endloop
  endfacet
  facet normal -0.998686 0.051133 -0.00331183
    outer loop
      vertex 5.15317 0.000201225 2.59236
      vertex 5.15316 8.41211e-08 2.59227
      vertex 5.15251 -0.0123234 2.59801
    endloop
  endfacet
  facet normal -0.998632 0.0522863 3.19744e-05
    outer loop
      vertex 5.15251 -0.0123234 2.59801
      vertex 5.14738 -0.110196 2.42326
      vertex 5.1461 -0.134653 2.43942
    endloop
  endfacet
  facet normal -0.998637 0.0521965 0.000101447
    outer loop
      vertex 5.15142 -0.0331993 2.60919
      vertex 5.15251 -0.0123234 2.59801
      vertex 5.1461 -0.134653 2.43942
    endloop
  endfacet
  facet normal -0.998629 0.052337 7.62481e-06
    outer loop
      vertex 5.15035 -0.0536175 2.62161
      vertex 5.15142 -0.0331993 2.60919
      vertex 5.14482 -0.15911 2.45697
    endloop
  endfacet
  facet normal -0.998632 0.0522944 3.50346e-05
    outer loop
      vertex 5.15035 -0.0536175 2.62161
      vertex 5.14482 -0.15911 2.45697
      vertex 5.14354 -0.183566 2.47589
    endloop
  endfacet
  facet normal -0.998627 0.0523933 -5.34566e-05
    outer loop
      vertex 5.14929 -0.0738077 2.63493
      vertex 5.15035 -0.0536175 2.62161
      vertex 5.14354 -0.183566 2.47589
    endloop
  endfacet
  facet normal -0.998631 0.052305 2.83091e-05
    outer loop
      vertex 5.13435 -0.358863 2.93199
      vertex 5.13632 -0.321225 2.88418
      vertex 5.12769 -0.485947 2.7995
    endloop
  endfacet
  facet normal -0.998628 0.0523651 1.35171e-05
    outer loop
      vertex 5.14721 -0.113518 2.66438
      vertex 5.14097 -0.23248 2.51788
      vertex 5.1396 -0.258613 2.54282
    endloop
  endfacet
  facet normal -0.998632 0.0522933 3.96337e-05
    outer loop
      vertex 5.13334 -0.378169 2.9561
      vertex 5.13435 -0.358863 2.93199
      vertex 5.12769 -0.485947 2.7995
    endloop
  endfacet
  facet normal -0.998619 0.0525359 -0.000190884
    outer loop
      vertex 5.14618 -0.133038 2.6805
      vertex 5.14721 -0.113518 2.66438
      vertex 5.1396 -0.258613 2.54282
    endloop
  endfacet
  facet normal -0.99863 0.0523275 -2.60545e-07
    outer loop
      vertex 5.14517 -0.152313 2.69752
      vertex 5.14618 -0.133038 2.6805
      vertex 5.1396 -0.258613 2.54282
    endloop
  endfacet
  facet normal -0.998634 0.0522437 5.74638e-05
    outer loop
      vertex 5.14517 -0.152313 2.69752
      vertex 5.1396 -0.258613 2.54282
      vertex 5.13806 -0.288083 2.57283
    endloop
  endfacet
  facet normal -0.998629 0.0523404 -4.81273e-05
    outer loop
      vertex 5.14417 -0.171376 2.71548
      vertex 5.14517 -0.152313 2.69752
      vertex 5.13806 -0.288083 2.57283
    endloop
  endfacet
  facet normal -0.998639 0.0521459 0.000182568
    outer loop
      vertex 5.14319 -0.19021 2.73437
      vertex 5.14417 -0.171376 2.71548
      vertex 5.13634 -0.320951 2.60797
    endloop
  endfacet
  facet normal -0.998632 0.0522906 3.25028e-05
    outer loop
      vertex 5.14221 -0.208938 2.75401
      vertex 5.14319 -0.19021 2.73437
      vertex 5.13634 -0.320951 2.60797
    endloop
  endfacet
  facet normal -0.998628 0.052372 -3.01321e-05
    outer loop
      vertex 5.14221 -0.208938 2.75401
      vertex 5.13634 -0.320951 2.60797
      vertex 5.13444 -0.357157 2.64819
    endloop
  endfacet
  facet normal -0.998619 0.0525425 -0.000269618
    outer loop
      vertex 5.14122 -0.22765 2.77425
      vertex 5.14221 -0.208938 2.75401
      vertex 5.13444 -0.357157 2.64819
    endloop
  endfacet
  facet normal -0.998632 0.0522903 -9.78106e-06
    outer loop
      vertex 5.14024 -0.246362 2.79506
      vertex 5.14122 -0.22765 2.77425
      vertex 5.13444 -0.357157 2.64819
    endloop
  endfacet
  facet normal -0.998627 0.0523914 -8.6265e-05
    outer loop
      vertex 5.14024 -0.246362 2.79506
      vertex 5.13444 -0.357157 2.64819
      vertex 5.13236 -0.396729 2.69353
    endloop
  endfacet
  facet normal -0.998629 0.0523434 4.0391e-07
    outer loop
      vertex 5.13828 -0.283786 2.83845
      vertex 5.13926 -0.265089 2.81647
      vertex 5.13236 -0.396729 2.69353
    endloop
  endfacet
  facet normal -0.99863 0.0523344 7.45379e-06
    outer loop
      vertex 5.13828 -0.283786 2.83845
      vertex 5.13236 -0.396729 2.69353
      vertex 5.13011 -0.43967 2.74397
    endloop
  endfacet
  facet normal -0.99863 0.0523263 2.09164e-05
    outer loop
      vertex 5.1373 -0.302498 2.86102
      vertex 5.13828 -0.283786 2.83845
      vertex 5.13011 -0.43967 2.74397
    endloop
  endfacet
  facet normal -0.998632 0.0522904 5.68091e-05
    outer loop
      vertex 5.13632 -0.321225 2.88418
      vertex 5.13011 -0.43967 2.74397
      vertex 5.12769 -0.485947 2.7995
    endloop
  endfacet
  facet normal -0.998631 0.0523147 2.48534e-05
    outer loop
      vertex 5.13334 -0.378169 2.9561
      vertex 5.12769 -0.485947 2.7995
      vertex 5.12509 -0.535607 2.86014
    endloop
  endfacet
  facet normal -0.998624 0.0524429 -0.000186096
    outer loop
      vertex 5.1323 -0.397887 2.98028
      vertex 5.13334 -0.378169 2.9561
      vertex 5.12509 -0.535607 2.86014
    endloop
  endfacet
  facet normal -0.998632 0.0522892 -9.38664e-06
    outer loop
      vertex 5.1323 -0.397887 2.98028
      vertex 5.12509 -0.535607 2.86014
      vertex 5.12492 -0.538853 2.86406
    endloop
  endfacet
  facet normal -0.998635 0.0522363 5.49092e-05
    outer loop
      vertex 5.13125 -0.417986 3.00452
      vertex 5.1323 -0.397887 2.98028
      vertex 5.12492 -0.538853 2.86406
    endloop
  endfacet
  facet normal -0.998631 0.0523017 0
    outer loop
      vertex 5.12493 -0.538658 2.86438
      vertex 5.13125 -0.417986 3.00452
      vertex 5.12493 -0.538658 2.86431
    endloop
  endfacet
  facet normal -0.962139 0.232241 -0.142662
    outer loop
      vertex 5.12493 -0.538658 2.86431
      vertex 5.12492 -0.538853 2.86406
      vertex 5.12492 -0.538681 2.86434
    endloop
  endfacet
  facet normal -0.997985 0.062801 -0.00906537
    outer loop
      vertex 5.12492 -0.538853 2.86406
      vertex 5.12493 -0.538658 2.86431
      vertex 5.13125 -0.417986 3.00452
    endloop
  endfacet
  facet normal -0.998624 0.0524404 -0.000119762
    outer loop
      vertex 5.13125 -0.417986 3.00452
      vertex 5.12493 -0.538658 2.86438
      vertex 5.13017 -0.438497 3.02881
    endloop
  endfacet
  facet normal -1 0 -0
    outer loop
      vertex 5.12492 -0.538716 2.86438
      vertex 5.12492 -0.538681 2.86434
      vertex 5.12492 -0.538853 2.86406
    endloop
  endfacet
  facet normal -0.998634 0.0522443 0
    outer loop
      vertex 5.12493 -0.538658 2.86452
      vertex 5.13017 -0.438497 3.02881
      vertex 5.12493 -0.538658 2.86438
    endloop
  endfacet
  facet normal -0.998639 0.0521627 4.9897e-05
    outer loop
      vertex 5.13017 -0.438497 3.02881
      vertex 5.12493 -0.538658 2.86452
      vertex 5.12908 -0.459388 3.05316
    endloop
  endfacet
  facet normal -1 0 -0
    outer loop
      vertex 5.12492 -0.538753 2.86443
      vertex 5.12492 -0.538716 2.86438
      vertex 5.12492 -0.538853 2.86406
    endloop
  endfacet
  facet normal -0.998632 0.0522811 0
    outer loop
      vertex 5.12493 -0.538658 2.86477
      vertex 5.12908 -0.459388 3.05316
      vertex 5.12493 -0.538658 2.86452
    endloop
  endfacet
  facet normal -0.998624 0.052432 -6.36558e-05
    outer loop
      vertex 5.12908 -0.459388 3.05316
      vertex 5.12493 -0.538658 2.86477
      vertex 5.12796 -0.48069 3.07756
    endloop
  endfacet
  facet normal -1 0 -0
    outer loop
      vertex 5.12492 -0.53879 2.86447
      vertex 5.12492 -0.538753 2.86443
      vertex 5.12492 -0.538853 2.86406
    endloop
  endfacet
  facet normal -0.998637 0.052199 0
    outer loop
      vertex 5.12493 -0.538658 2.86533
      vertex 5.12796 -0.48069 3.07756
      vertex 5.12493 -0.538658 2.86477
    endloop
  endfacet
  facet normal -0.998644 0.0520512 4.04736e-05
    outer loop
      vertex 5.12796 -0.48069 3.07756
      vertex 5.12493 -0.538658 2.86533
      vertex 5.12683 -0.502389 3.10203
    endloop
  endfacet
  facet normal -1 0 -0
    outer loop
      vertex 5.12492 -0.538828 2.86452
      vertex 5.12492 -0.53879 2.86447
      vertex 5.12492 -0.538853 2.86406
    endloop
  endfacet
  facet normal -0.998631 0.0523146 0
    outer loop
      vertex 5.12493 -0.538658 2.86765
      vertex 5.12683 -0.502389 3.10203
      vertex 5.12493 -0.538658 2.86533
    endloop
  endfacet
  facet normal -0.998617 0.0525819 -4.14837e-05
    outer loop
      vertex 5.12683 -0.502389 3.10203
      vertex 5.12493 -0.538658 2.86765
      vertex 5.12566 -0.52459 3.12637
    endloop
  endfacet
  facet normal -1 0 0
    outer loop
      vertex 5.12492 -0.538853 2.86455
      vertex 5.12492 -0.538828 2.86452
      vertex 5.12492 -0.538853 2.86406
    endloop
  endfacet
  facet normal -0.998656 0.0518211 0
    outer loop
      vertex 5.12493 -0.538658 3.13929
      vertex 5.12566 -0.52459 3.12637
      vertex 5.12493 -0.538658 2.86765
    endloop
  endfacet
  facet normal -0.998656 0.0518211 0
    outer loop
      vertex 5.12493 -0.538658 3.14051
      vertex 5.12566 -0.52459 3.12637
      vertex 5.12493 -0.538658 3.13929
    endloop
  endfacet
  facet normal -0.998656 0.0518211 0
    outer loop
      vertex 5.12493 -0.538658 3.14088
      vertex 5.12566 -0.52459 3.12637
      vertex 5.12493 -0.538658 3.14051
    endloop
  endfacet
  facet normal -0.998656 0.0518211 0
    outer loop
      vertex 5.12493 -0.538658 3.14106
      vertex 5.12566 -0.52459 3.12637
      vertex 5.12493 -0.538658 3.14088
    endloop
  endfacet
  facet normal -0.998656 0.0518211 0
    outer loop
      vertex 5.12493 -0.538658 3.14116
      vertex 5.12566 -0.52459 3.12637
      vertex 5.12493 -0.538658 3.14106
    endloop
  endfacet
  facet normal -0.998656 0.0518211 0
    outer loop
      vertex 5.12566 -0.52459 3.12637
      vertex 5.12493 -0.538658 3.14116
      vertex 5.12493 -0.538658 3.14118
    endloop
  endfacet
  facet normal -0.998767 0.0496339 0
    outer loop
      vertex 5.15317 0.000201225 3.97313
      vertex 5.15316 -2.05195e-09 3.97321
      vertex 5.15317 0.000201225 3.97329
    endloop
  endfacet
  facet normal -0.998629 0.0523529 3.61279e-07
    outer loop
      vertex 5.15316 -2.05195e-09 3.97321
      vertex 5.13097 -0.423273 4.02972
      vertex 5.15316 -3.70815e-09 3.97345
    endloop
  endfacet
  facet normal -0.998502 0.0537244 0.0103221
    outer loop
      vertex 5.13097 -0.423273 4.02972
      vertex 5.15316 -2.05195e-09 3.97321
      vertex 5.15317 0.000201225 3.97313
    endloop
  endfacet
  facet normal -1 -0 0
    outer loop
      vertex 5.15316 1.0054e-09 3.97343
      vertex 5.15316 -2.05195e-09 3.97321
      vertex 5.15316 -3.70815e-09 3.97345
    endloop
  endfacet
  facet normal -0.998629 0.0523529 -1.28382e-07
    outer loop
      vertex 5.13097 -0.423273 4.02972
      vertex 5.15316 -3.05237e-09 3.97353
      vertex 5.15316 -3.15046e-09 3.97349
    endloop
  endfacet
  facet normal -0.998629 0.0523528 -7.29916e-07
    outer loop
      vertex 5.13097 -0.423273 4.02972
      vertex 5.15316 -3.15046e-09 3.97349
      vertex 5.15316 -3.70815e-09 3.97345
    endloop
  endfacet
  facet normal -0.998629 0.0523529 0
    outer loop
      vertex 5.15316 -3.05237e-09 3.97353
      vertex 5.13097 -0.423273 4.02972
      vertex 5.15316 -3.05237e-09 4.1947
    endloop
  endfacet
  facet normal -0.998629 0.0523529 0
    outer loop
      vertex 5.15316 -4.63691e-09 4.50227
      vertex 5.13097 -0.423273 4.66707
      vertex 5.15316 -4.63691e-09 4.72225
    endloop
  endfacet
  facet normal -1 -0 0
    outer loop
      vertex 5.15316 9.3359e-10 4.72232
      vertex 5.15316 -4.63691e-09 4.72225
      vertex 5.15316 -3.25786e-09 4.72237
    endloop
  endfacet
  facet normal -0.998252 0.059098 0
    outer loop
      vertex 5.15316 3.23102e-05 4.72256
      vertex 5.15317 0.000201225 4.72266
      vertex 5.15317 0.000201225 4.72249
    endloop
  endfacet
  facet normal -0.997646 0.0202758 0.0655157
    outer loop
      vertex 5.15316 -2.05195e-09 4.72257
      vertex 5.15317 0.000201225 4.72266
      vertex 5.15316 3.23102e-05 4.72256
    endloop
  endfacet
  facet normal -1 0 0
    outer loop
      vertex 5.15316 -4.63691e-09 4.72225
      vertex 5.15316 -2.05195e-09 4.72257
      vertex 5.15316 -3.25786e-09 4.72237
    endloop
  endfacet
  facet normal -0.998532 0.0534783 -0.00862189
    outer loop
      vertex 5.15316 -2.05195e-09 4.72257
      vertex 5.13097 -0.423273 4.66707
      vertex 5.15317 0.000201225 4.72266
    endloop
  endfacet
  facet normal -0.998629 0.052353 -4.22907e-07
    outer loop
      vertex 5.13097 -0.423273 4.66707
      vertex 5.15316 -2.05195e-09 4.72257
      vertex 5.15316 -4.63691e-09 4.72225
    endloop
  endfacet
  facet normal -0.99863 0.0523352 0
    outer loop
      vertex 5.12493 -0.538658 3.75675
      vertex 5.15317 0.000201225 3.97313
      vertex 5.12493 -0.538658 3.75636
    endloop
  endfacet
  facet normal -0.998629 0.0523475 -3.07677e-05
    outer loop
      vertex 5.15317 0.000201225 3.97313
      vertex 5.12493 -0.538658 3.75675
      vertex 5.13097 -0.423273 4.02972
    endloop
  endfacet
  facet normal -0.998633 0.0522749 0
    outer loop
      vertex 5.12493 -0.538658 3.75695
      vertex 5.13097 -0.423273 4.02972
      vertex 5.12493 -0.538658 3.75675
    endloop
  endfacet
  facet normal -0.998633 0.0522749 0
    outer loop
      vertex 5.13097 -0.423273 4.02972
      vertex 5.12493 -0.538658 3.75695
      vertex 5.13097 -0.423273 4.66707
    endloop
  endfacet
  facet normal -0.998633 0.0522749 0
    outer loop
      vertex 5.12493 -0.538658 4.94228
      vertex 5.13097 -0.423273 4.66707
      vertex 5.12493 -0.538658 3.75695
    endloop
  endfacet
  facet normal -0.998633 0.0522749 0
    outer loop
      vertex 5.13097 -0.423273 4.66707
      vertex 5.12493 -0.538658 4.94228
      vertex 5.12493 -0.538658 4.94248
    endloop
  endfacet
  facet normal -0.998629 0.0523476 3.05382e-05
    outer loop
      vertex 5.12493 -0.538658 4.94248
      vertex 5.15317 0.000201225 4.72266
      vertex 5.13097 -0.423273 4.66707
    endloop
  endfacet
  facet normal -0.99863 0.0523352 0
    outer loop
      vertex 5.15317 0.000201225 4.72266
      vertex 5.12493 -0.538658 4.94248
      vertex 5.12493 -0.538658 4.94287
    endloop
  endfacet
  facet normal 0.99863 -0.0523347 0
    outer loop
      vertex 5.13272 -0.539262 -4.03532
      vertex 5.16097 -0.000206947 -4.26631
      vertex 5.16097 -0.000206947 -4.03532
    endloop
  endfacet
  facet normal 0.99863 -0.0523347 0
    outer loop
      vertex 5.16097 -0.000206947 -4.26631
      vertex 5.13272 -0.539262 -4.03532
      vertex 5.13272 -0.539262 -4.26631
    endloop
  endfacet
  facet normal 0.99863 -0.0523347 0
    outer loop
      vertex 5.13272 -0.539262 -2.69003
      vertex 5.16097 -0.000206947 -2.92102
      vertex 5.16097 -0.000206947 -2.69003
    endloop
  endfacet
  facet normal 0.99863 -0.0523347 0
    outer loop
      vertex 5.16097 -0.000206947 -2.92102
      vertex 5.13272 -0.539262 -2.69003
      vertex 5.13272 -0.539262 -2.92102
    endloop
  endfacet
  facet normal 0.99863 -0.0523341 0
    outer loop
      vertex 5.14422 -0.319821 -1.3076
      vertex 5.13272 -0.539262 -1.07661
      vertex 5.13272 -0.539262 -1.3076
    endloop
  endfacet
  facet normal 0.998631 -0.0522998 -4.8988e-05
    outer loop
      vertex 5.15396 -0.133842 -1.3076
      vertex 5.16097 -0.000206947 -1.07661
      vertex 5.14422 -0.319821 -1.3076
    endloop
  endfacet
  facet normal 0.998631 -0.0522998 0
    outer loop
      vertex 5.14422 -0.319821 -1.3076
      vertex 5.15396 -0.133842 -2.29687
      vertex 5.15396 -0.133842 -1.3076
    endloop
  endfacet
  facet normal 0.998631 -0.0522998 0
    outer loop
      vertex 5.15396 -0.133842 -2.29687
      vertex 5.14422 -0.319821 -1.3076
      vertex 5.14422 -0.319821 -2.29687
    endloop
  endfacet
  facet normal 0.998627 -0.0523843 0
    outer loop
      vertex 5.16097 -0.000206947 -1.3076
      vertex 5.16097 -0.000206947 -1.07661
      vertex 5.15396 -0.133842 -1.3076
    endloop
  endfacet
  facet normal 0.99863 -0.0523347 -6.02632e-07
    outer loop
      vertex 5.14422 -0.319821 -1.3076
      vertex 5.16097 -0.000206947 -1.07661
      vertex 5.13272 -0.539262 -1.07661
    endloop
  endfacet
  facet normal 0.998623 -0.052465 -5.52519e-05
    outer loop
      vertex 5.14047 -0.391272 0.502791
      vertex 5.13813 -0.436055 0.733779
      vertex 5.13498 -0.496001 0.723006
    endloop
  endfacet
  facet normal 0.998633 -0.0522682 0
    outer loop
      vertex 5.1523 -0.165538 0.510573
      vertex 5.14827 -0.242535 0.747649
      vertex 5.14827 -0.242535 0.51303
    endloop
  endfacet
  facet normal 0.99863 -0.0523313 5.28568e-05
    outer loop
      vertex 5.14795 -0.248584 1.26376
      vertex 5.14843 -0.23938 1.30756
      vertex 5.14141 -0.373306 1.3427
    endloop
  endfacet
  facet normal 0.998634 -0.0522569 4.39936e-05
    outer loop
      vertex 5.13688 -0.459888 0.489989
      vertex 5.14047 -0.391272 0.502791
      vertex 5.13498 -0.496001 0.723006
    endloop
  endfacet
  facet normal 0.99863 -0.0523352 -1.17943e-05
    outer loop
      vertex 5.14565 -0.2925 1.14822
      vertex 5.14656 -0.275144 1.1841
      vertex 5.13856 -0.427812 1.25818
    endloop
  endfacet
  facet normal 0.998638 -0.0521832 5.54457e-05
    outer loop
      vertex 5.13688 -0.459888 0.489989
      vertex 5.13498 -0.496001 0.723006
      vertex 5.13272 -0.539262 0.712615
    endloop
  endfacet
  facet normal 0.998632 -0.0522947 5.03088e-05
    outer loop
      vertex 5.1446 -0.312583 1.115
      vertex 5.14565 -0.2925 1.14822
      vertex 5.13739 -0.45015 1.23643
    endloop
  endfacet
  facet normal 0.998642 -0.0520983 0
    outer loop
      vertex 5.13348 -0.524694 0.47206
      vertex 5.13272 -0.539262 0.712615
      vertex 5.13272 -0.539262 0.466552
    endloop
  endfacet
  facet normal 0.998629 -0.0523511 -1.99948e-06
    outer loop
      vertex 5.14207 -0.360888 1.0565
      vertex 5.13612 -0.474394 1.21803
      vertex 5.13475 -0.500527 1.20299
    endloop
  endfacet
  facet normal 0.998627 -0.0523874 -1.7555e-05
    outer loop
      vertex 5.13348 -0.524694 0.47206
      vertex 5.13688 -0.459888 0.489989
      vertex 5.13272 -0.539262 0.712615
    endloop
  endfacet
  facet normal 0.998631 -0.0523106 -2.52403e-05
    outer loop
      vertex 5.14047 -0.391272 0.502791
      vertex 5.14139 -0.373824 0.741485
      vertex 5.13813 -0.436055 0.733779
    endloop
  endfacet
  facet normal 0.998628 -0.0523707 -2.08348e-05
    outer loop
      vertex 5.14427 -0.318815 0.510467
      vertex 5.14139 -0.373824 0.741485
      vertex 5.14047 -0.391272 0.502791
    endloop
  endfacet
  facet normal 0.998631 -0.052317 -8.00148e-06
    outer loop
      vertex 5.14427 -0.318815 0.510467
      vertex 5.14477 -0.309307 0.746108
      vertex 5.14139 -0.373824 0.741485
    endloop
  endfacet
  facet normal 0.998628 -0.0523662 -6.00835e-06
    outer loop
      vertex 5.14827 -0.242535 0.51303
      vertex 5.14477 -0.309307 0.746108
      vertex 5.14427 -0.318815 0.510467
    endloop
  endfacet
  facet normal 0.998629 -0.0523453 0
    outer loop
      vertex 5.14827 -0.242535 0.51303
      vertex 5.14827 -0.242535 0.747649
      vertex 5.14477 -0.309307 0.746108
    endloop
  endfacet
  facet normal 0.998632 -0.0522964 -1.77218e-05
    outer loop
      vertex 5.16097 -0.000206947 0.724135
      vertex 5.15836 -0.0500498 0.733886
      vertex 5.15612 -0.0927458 0.503203
    endloop
  endfacet
  facet normal 0.998633 -0.0522766 -2.60371e-05
    outer loop
      vertex 5.15971 -0.0241604 0.49092
      vertex 5.16097 -0.000206947 0.724135
      vertex 5.15612 -0.0927458 0.503203
    endloop
  endfacet
  facet normal 0.998619 -0.0525294 0
    outer loop
      vertex 5.16097 -0.000206947 0.484527
      vertex 5.16097 -0.000206947 0.724135
      vertex 5.15971 -0.0241604 0.49092
    endloop
  endfacet
  facet normal 0.998629 -0.0523444 -8.81328e-06
    outer loop
      vertex 5.15612 -0.0927458 0.503203
      vertex 5.15836 -0.0500498 0.733886
      vertex 5.15346 -0.143534 0.744201
    endloop
  endfacet
  facet normal 0.998626 -0.0524083 -2.23168e-05
    outer loop
      vertex 5.15612 -0.0927458 0.503203
      vertex 5.15346 -0.143534 0.744201
      vertex 5.1523 -0.165538 0.510573
    endloop
  endfacet
  facet normal 0.998636 -0.052221 -0.000111028
    outer loop
      vertex 5.15499 -0.114246 1.11265
      vertex 5.16097 -0.000206947 1.26218
      vertex 5.15382 -0.136677 1.13937
    endloop
  endfacet
  facet normal 0.998629 -0.0523528 -2.75593e-05
    outer loop
      vertex 5.1523 -0.165538 0.510573
      vertex 5.15346 -0.143534 0.744201
      vertex 5.14827 -0.242535 0.747649
    endloop
  endfacet
  facet normal 0.998633 -0.0522647 9.13126e-05
    outer loop
      vertex 5.14877 -0.232889 1.354
      vertex 5.14269 -0.348956 1.41402
      vertex 5.14212 -0.359912 1.37688
    endloop
  endfacet
  facet normal 0.998632 -0.0522818 -3.74355e-06
    outer loop
      vertex 5.14843 -0.23938 1.30756
      vertex 5.14877 -0.232889 1.354
      vertex 5.14212 -0.359912 1.37688
    endloop
  endfacet
  facet normal 0.99863 -0.0523251 -5.21571e-05
    outer loop
      vertex 5.14877 -0.232889 1.354
      vertex 5.15416 -0.13014 1.47415
      vertex 5.14314 -0.340438 1.45413
    endloop
  endfacet
  facet normal 0.998625 -0.0524139 -5.64762e-05
    outer loop
      vertex 5.1357 -0.482257 0.976684
      vertex 5.13743 -0.449312 0.991652
      vertex 5.13272 -0.539262 1.18831
    endloop
  endfacet
  facet normal 0.998633 -0.0522621 0.000106531
    outer loop
      vertex 5.14733 -0.260515 1.22259
      vertex 5.14795 -0.248584 1.26376
      vertex 5.14059 -0.389123 1.31149
    endloop
  endfacet
  facet normal 0.99863 -0.0523309 4.47939e-06
    outer loop
      vertex 5.13907 -0.418105 1.00995
      vertex 5.13475 -0.500527 1.20299
      vertex 5.13328 -0.52858 1.19128
    endloop
  endfacet
  facet normal 0.998627 -0.052381 -6.91266e-05
    outer loop
      vertex 5.14656 -0.275144 1.1841
      vertex 5.14733 -0.260515 1.22259
      vertex 5.13963 -0.407393 1.28325
    endloop
  endfacet
  facet normal 0.998624 -0.0524338 1.18761e-05
    outer loop
      vertex 5.15766 -0.0632915 1.06714
      vertex 5.16097 -0.000206947 1.26218
      vertex 5.15627 -0.0897598 1.08855
    endloop
  endfacet
  facet normal 0.998631 -0.0523055 -9.08421e-06
    outer loop
      vertex 5.1434 -0.335379 1.08444
      vertex 5.13739 -0.45015 1.23643
      vertex 5.13612 -0.474394 1.21803
    endloop
  endfacet
  facet normal 0.998624 -0.0524426 -6.37734e-05
    outer loop
      vertex 5.13743 -0.449312 0.991652
      vertex 5.13907 -0.418105 1.00995
      vertex 5.13328 -0.52858 1.19128
    endloop
  endfacet
  facet normal 0.998629 -0.0523458 -2.52119e-05
    outer loop
      vertex 5.13743 -0.449312 0.991652
      vertex 5.13328 -0.52858 1.19128
      vertex 5.13272 -0.539262 1.18831
    endloop
  endfacet
  facet normal 0.998641 -0.0521261 2.1254e-05
    outer loop
      vertex 5.13389 -0.516938 0.965041
      vertex 5.1357 -0.482257 0.976684
      vertex 5.13272 -0.539262 1.18831
    endloop
  endfacet
  facet normal 0.998629 -0.0523381 0
    outer loop
      vertex 5.13389 -0.516938 0.965041
      vertex 5.13272 -0.539262 1.18831
      vertex 5.13272 -0.539262 0.959945
    endloop
  endfacet
  facet normal 0.998637 -0.0522024 5.95033e-05
    outer loop
      vertex 5.13907 -0.418105 1.00995
      vertex 5.14061 -0.38862 1.03157
      vertex 5.13475 -0.500527 1.20299
    endloop
  endfacet
  facet normal 0.998622 -0.0524701 -0.000115792
    outer loop
      vertex 5.14061 -0.38862 1.03157
      vertex 5.14207 -0.360888 1.0565
      vertex 5.13475 -0.500527 1.20299
    endloop
  endfacet
  facet normal 0.998637 -0.0521897 0.000111695
    outer loop
      vertex 5.14207 -0.360888 1.0565
      vertex 5.1434 -0.335379 1.08444
      vertex 5.13612 -0.474394 1.21803
    endloop
  endfacet
  facet normal 0.998625 -0.0524299 -0.000103303
    outer loop
      vertex 5.1434 -0.335379 1.08444
      vertex 5.1446 -0.312583 1.115
      vertex 5.13739 -0.45015 1.23643
    endloop
  endfacet
  facet normal 0.998631 -0.0523164 1.13525e-05
    outer loop
      vertex 5.14565 -0.2925 1.14822
      vertex 5.13856 -0.427812 1.25818
      vertex 5.13739 -0.45015 1.23643
    endloop
  endfacet
  facet normal 0.99863 -0.0523297 -5.16143e-07
    outer loop
      vertex 5.14656 -0.275144 1.1841
      vertex 5.13963 -0.407393 1.28325
      vertex 5.13856 -0.427812 1.25818
    endloop
  endfacet
  facet normal 0.998627 -0.0523779 -6.15353e-05
    outer loop
      vertex 5.14733 -0.260515 1.22259
      vertex 5.14059 -0.389123 1.31149
      vertex 5.13963 -0.407393 1.28325
    endloop
  endfacet
  facet normal 0.998636 -0.0522211 0.000227486
    outer loop
      vertex 5.14795 -0.248584 1.26376
      vertex 5.14141 -0.373306 1.3427
      vertex 5.14059 -0.389123 1.31149
    endloop
  endfacet
  facet normal 0.998626 -0.0524001 -0.000209998
    outer loop
      vertex 5.14843 -0.23938 1.30756
      vertex 5.14212 -0.359912 1.37688
      vertex 5.14141 -0.373306 1.3427
    endloop
  endfacet
  facet normal 0.998628 -0.0523557 -8.51812e-05
    outer loop
      vertex 5.14877 -0.232889 1.354
      vertex 5.14314 -0.340438 1.45413
      vertex 5.14269 -0.348956 1.41402
    endloop
  endfacet
  facet normal 0.998554 -0.0537524 0.00117185
    outer loop
      vertex 5.14903 -0.228059 1.354
      vertex 5.15416 -0.13014 1.47415
      vertex 5.14877 -0.232889 1.354
    endloop
  endfacet
  facet normal 0.998632 -0.0522965 -4.60213e-05
    outer loop
      vertex 5.15588 -0.0972719 1.37385
      vertex 5.15518 -0.110666 1.40477
      vertex 5.14903 -0.228059 1.354
    endloop
  endfacet
  facet normal 0.998631 -0.0523154 4.95152e-05
    outer loop
      vertex 5.15671 -0.0814552 1.34544
      vertex 5.15588 -0.0972719 1.37385
      vertex 5.14956 -0.217971 1.31177
    endloop
  endfacet
  facet normal 0.998624 -0.0524328 1.5632e-05
    outer loop
      vertex 5.16074 -0.00465584 1.0329
      vertex 5.16097 -0.000206947 1.26218
      vertex 5.15915 -0.034934 1.0486
    endloop
  endfacet
  facet normal 0.998625 -0.0524136 0.000123882
    outer loop
      vertex 5.15094 -0.191625 1.23505
      vertex 5.15767 -0.0632 1.31955
      vertex 5.15019 -0.205827 1.27211
    endloop
  endfacet
  facet normal 0.998666 -0.0516293 0
    outer loop
      vertex 5.16097 -0.000206947 1.03113
      vertex 5.16097 -0.000206947 1.26218
      vertex 5.16074 -0.00465584 1.0329
    endloop
  endfacet
  facet normal 0.998623 -0.0524581 1.97713e-05
    outer loop
      vertex 5.15915 -0.034934 1.0486
      vertex 5.16097 -0.000206947 1.26218
      vertex 5.15766 -0.0632915 1.06714
    endloop
  endfacet
  facet normal 0.998633 -0.052273 -7.12761e-05
    outer loop
      vertex 5.15627 -0.0897598 1.08855
      vertex 5.16097 -0.000206947 1.26218
      vertex 5.15499 -0.114246 1.11265
    endloop
  endfacet
  facet normal 0.998621 -0.0525037 0.000203939
    outer loop
      vertex 5.16097 -0.000206947 1.26218
      vertex 5.1599 -0.020503 1.27643
      vertex 5.15382 -0.136677 1.13937
    endloop
  endfacet
  facet normal 0.998629 -0.0523469 7.06461e-05
    outer loop
      vertex 5.15382 -0.136677 1.13937
      vertex 5.1599 -0.020503 1.27643
      vertex 5.15275 -0.15705 1.16867
    endloop
  endfacet
  facet normal 0.998639 -0.0521547 -0.000173586
    outer loop
      vertex 5.1599 -0.020503 1.27643
      vertex 5.15874 -0.0427809 1.29645
      vertex 5.15275 -0.15705 1.16867
    endloop
  endfacet
  facet normal 0.998629 -0.0523455 -2.42029e-06
    outer loop
      vertex 5.15275 -0.15705 1.16867
      vertex 5.15874 -0.0427809 1.29645
      vertex 5.15179 -0.175366 1.20056
    endloop
  endfacet
  facet normal 0.998631 -0.0523117 -4.92994e-05
    outer loop
      vertex 5.15179 -0.175366 1.20056
      vertex 5.15874 -0.0427809 1.29645
      vertex 5.15094 -0.191625 1.23505
    endloop
  endfacet
  facet normal 0.99863 -0.0523315 -1.23295e-06
    outer loop
      vertex 5.15874 -0.0427809 1.29645
      vertex 5.15767 -0.0632 1.31955
      vertex 5.15094 -0.191625 1.23505
    endloop
  endfacet
  facet normal 0.998639 -0.0521536 -0.000134784
    outer loop
      vertex 5.1546 -0.121622 1.43822
      vertex 5.15416 -0.13014 1.47415
      vertex 5.14903 -0.228059 1.354
    endloop
  endfacet
  facet normal 0.99863 -0.0523187 3.45336e-05
    outer loop
      vertex 5.15384 -0.13622 1.51262
      vertex 5.14365 -0.330701 1.54324
      vertex 5.14346 -0.334358 1.49721
    endloop
  endfacet
  facet normal 0.998626 -0.0523996 8.17155e-05
    outer loop
      vertex 5.15767 -0.0632 1.31955
      vertex 5.15671 -0.0814552 1.34544
      vertex 5.15019 -0.205827 1.27211
    endloop
  endfacet
  facet normal 0.998633 -0.0522684 -0.000141423
    outer loop
      vertex 5.15019 -0.205827 1.27211
      vertex 5.15671 -0.0814552 1.34544
      vertex 5.14956 -0.217971 1.31177
    endloop
  endfacet
  facet normal 0.998631 -0.0523092 3.74026e-05
    outer loop
      vertex 5.14956 -0.217971 1.31177
      vertex 5.15588 -0.0972719 1.37385
      vertex 5.14903 -0.228059 1.354
    endloop
  endfacet
  facet normal 0.998627 -0.0523845 0.000157832
    outer loop
      vertex 5.15518 -0.110666 1.40477
      vertex 5.1546 -0.121622 1.43822
      vertex 5.14903 -0.228059 1.354
    endloop
  endfacet
  facet normal 0.99863 -0.0523269 -3.28217e-05
    outer loop
      vertex 5.15416 -0.13014 1.47415
      vertex 5.14346 -0.334358 1.49721
      vertex 5.14314 -0.340438 1.45413
    endloop
  endfacet
  facet normal 0.99863 -0.0523189 3.80191e-05
    outer loop
      vertex 5.15416 -0.13014 1.47415
      vertex 5.15384 -0.13622 1.51262
      vertex 5.14346 -0.334358 1.49721
    endloop
  endfacet
  facet normal 0.99863 -0.0523303 -3.9844e-05
    outer loop
      vertex 5.15384 -0.13622 1.51262
      vertex 5.15365 -0.139877 1.55359
      vertex 5.14365 -0.330701 1.54324
    endloop
  endfacet
  facet normal 0.998629 -0.0523368 7.91832e-05
    outer loop
      vertex 5.15365 -0.139877 1.55359
      vertex 5.14371 -0.329482 1.59225
      vertex 5.14365 -0.330701 1.54324
    endloop
  endfacet
  facet normal 0.99863 -0.0523243 0.000140709
    outer loop
      vertex 5.15365 -0.139877 1.55359
      vertex 5.15358 -0.141096 1.59709
      vertex 5.14371 -0.329482 1.59225
    endloop
  endfacet
  facet normal 0.99863 -0.0523207 0
    outer loop
      vertex 5.14371 -0.329482 1.71562
      vertex 5.15358 -0.141096 1.59709
      vertex 5.15358 -0.141096 1.71562
    endloop
  endfacet
  facet normal 0.99863 -0.0523207 0
    outer loop
      vertex 5.15358 -0.141096 1.59709
      vertex 5.14371 -0.329482 1.71562
      vertex 5.14371 -0.329482 1.59225
    endloop
  endfacet
  facet normal 0.998637 -0.0521986 -0.000149115
    outer loop
      vertex 5.15604 -0.0941782 2.6492
      vertex 5.15501 -0.113927 2.66438
      vertex 5.14877 -0.232889 2.51788
    endloop
  endfacet
  facet normal 0.998633 -0.0522665 -5.8219e-06
    outer loop
      vertex 5.1451 -0.302907 2.86102
      vertex 5.14412 -0.321634 2.88418
      vertex 5.13792 -0.440079 2.74397
    endloop
  endfacet
  facet normal 0.998621 -0.0525033 0.000252462
    outer loop
      vertex 5.14805 -0.246771 2.79506
      vertex 5.14706 -0.265498 2.81647
      vertex 5.14017 -0.397138 2.69353
    endloop
  endfacet
  facet normal 0.998631 -0.0523094 -4.72769e-05
    outer loop
      vertex 5.14586 -0.288492 2.57283
      vertex 5.15198 -0.171785 2.71548
      vertex 5.14414 -0.32136 2.60797
    endloop
  endfacet
  facet normal 0.998631 -0.0523011 -4.05568e-05
    outer loop
      vertex 5.15005 -0.208432 2.4962
      vertex 5.15604 -0.0941782 2.6492
      vertex 5.14877 -0.232889 2.51788
    endloop
  endfacet
  facet normal 0.998623 -0.0524685 8.4781e-05
    outer loop
      vertex 5.15709 -0.0742168 2.63493
      vertex 5.15604 -0.0941782 2.6492
      vertex 5.15005 -0.208432 2.4962
    endloop
  endfacet
  facet normal 0.998619 -0.0525426 0.00015673
    outer loop
      vertex 5.15134 -0.183975 2.47589
      vertex 5.15709 -0.0742168 2.63493
      vertex 5.15005 -0.208432 2.4962
    endloop
  endfacet
  facet normal 0.998632 -0.0522969 -4.12946e-05
    outer loop
      vertex 5.1539 -0.135062 2.43942
      vertex 5.15922 -0.0336084 2.60919
      vertex 5.15262 -0.159518 2.45697
    endloop
  endfacet
  facet normal 0.998634 -0.0522415 -1.80867e-05
    outer loop
      vertex 5.15903 -0.037219 2.38304
      vertex 5.16097 -0.000206947 2.59236
      vertex 5.15775 -0.0616913 2.39506
    endloop
  endfacet
  facet normal 0.998613 -0.052646 0.000108313
    outer loop
      vertex 5.15775 -0.0616913 2.39506
      vertex 5.16097 -0.000206947 2.59236
      vertex 5.15646 -0.086133 2.40848
    endloop
  endfacet
  facet normal 0.998618 -0.0525553 0
    outer loop
      vertex 5.16097 -0.000206947 2.36771
      vertex 5.16097 -0.000206947 2.59236
      vertex 5.16031 -0.0127478 2.37241
    endloop
  endfacet
  facet normal 0.998634 -0.0522427 -1.78698e-05
    outer loop
      vertex 5.16031 -0.0127478 2.37241
      vertex 5.16097 -0.000206947 2.59236
      vertex 5.15903 -0.037219 2.38304
    endloop
  endfacet
  facet normal 0.998633 -0.0522732 -6.63526e-05
    outer loop
      vertex 5.15646 -0.086133 2.40848
      vertex 5.16097 -0.000206947 2.59236
      vertex 5.15518 -0.110605 2.42326
    endloop
  endfacet
  facet normal 0.998618 -0.0525636 0.000123748
    outer loop
      vertex 5.16097 -0.000206947 2.59236
      vertex 5.16031 -0.0127325 2.59801
      vertex 5.15518 -0.110605 2.42326
    endloop
  endfacet
  facet normal 0.998632 -0.0522863 -3.19962e-05
    outer loop
      vertex 5.15518 -0.110605 2.42326
      vertex 5.16031 -0.0127325 2.59801
      vertex 5.1539 -0.135062 2.43942
    endloop
  endfacet
  facet normal 0.998637 -0.0521965 -0.000101471
    outer loop
      vertex 5.16031 -0.0127325 2.59801
      vertex 5.15922 -0.0336084 2.60919
      vertex 5.1539 -0.135062 2.43942
    endloop
  endfacet
  facet normal 0.998629 -0.0523372 -7.87642e-06
    outer loop
      vertex 5.15922 -0.0336084 2.60919
      vertex 5.15815 -0.0540266 2.62161
      vertex 5.15262 -0.159518 2.45697
    endloop
  endfacet
  facet normal 0.998632 -0.0522931 -3.61842e-05
    outer loop
      vertex 5.15262 -0.159518 2.45697
      vertex 5.15815 -0.0540266 2.62161
      vertex 5.15134 -0.183975 2.47589
    endloop
  endfacet
  facet normal 0.998627 -0.0523934 5.3434e-05
    outer loop
      vertex 5.15815 -0.0540266 2.62161
      vertex 5.15709 -0.0742168 2.63493
      vertex 5.15134 -0.183975 2.47589
    endloop
  endfacet
  facet normal 0.998631 -0.052305 -2.83091e-05
    outer loop
      vertex 5.14412 -0.321634 2.88418
      vertex 5.14215 -0.359272 2.93199
      vertex 5.13549 -0.486356 2.7995
    endloop
  endfacet
  facet normal 0.998628 -0.0523651 -1.35171e-05
    outer loop
      vertex 5.14877 -0.232889 2.51788
      vertex 5.15501 -0.113927 2.66438
      vertex 5.1474 -0.259022 2.54282
    endloop
  endfacet
  facet normal 0.998632 -0.0522933 -3.96337e-05
    outer loop
      vertex 5.14215 -0.359272 2.93199
      vertex 5.14114 -0.378578 2.9561
      vertex 5.13549 -0.486356 2.7995
    endloop
  endfacet
  facet normal 0.998633 -0.052279 -0.000116633
    outer loop
      vertex 5.15501 -0.113927 2.66438
      vertex 5.15399 -0.133447 2.6805
      vertex 5.1474 -0.259022 2.54282
    endloop
  endfacet
  facet normal 0.998628 -0.0523628 -3.99154e-05
    outer loop
      vertex 5.15399 -0.133447 2.6805
      vertex 5.15298 -0.152722 2.69752
      vertex 5.1474 -0.259022 2.54282
    endloop
  endfacet
  facet normal 0.998632 -0.0522823 -9.5442e-05
    outer loop
      vertex 5.1474 -0.259022 2.54282
      vertex 5.15298 -0.152722 2.69752
      vertex 5.14586 -0.288492 2.57283
    endloop
  endfacet
  facet normal 0.998627 -0.0523775 8.59392e-06
    outer loop
      vertex 5.15298 -0.152722 2.69752
      vertex 5.15198 -0.171785 2.71548
      vertex 5.14586 -0.288492 2.57283
    endloop
  endfacet
  facet normal 0.998626 -0.0524054 8.66154e-05
    outer loop
      vertex 5.15198 -0.171785 2.71548
      vertex 5.15099 -0.190619 2.73437
      vertex 5.14414 -0.32136 2.60797
    endloop
  endfacet
  facet normal 0.998632 -0.0522906 -3.25028e-05
    outer loop
      vertex 5.15099 -0.190619 2.73437
      vertex 5.15001 -0.209347 2.75401
      vertex 5.14414 -0.32136 2.60797
    endloop
  endfacet
  facet normal 0.998628 -0.0523728 3.07312e-05
    outer loop
      vertex 5.14414 -0.32136 2.60797
      vertex 5.15001 -0.209347 2.75401
      vertex 5.14224 -0.357565 2.64819
    endloop
  endfacet
  facet normal 0.99863 -0.0523311 -2.7793e-05
    outer loop
      vertex 5.15001 -0.209347 2.75401
      vertex 5.14903 -0.228059 2.77425
      vertex 5.14224 -0.357565 2.64819
    endloop
  endfacet
  facet normal 0.99863 -0.0523315 -2.7387e-05
    outer loop
      vertex 5.14903 -0.228059 2.77425
      vertex 5.14805 -0.246771 2.79506
      vertex 5.14224 -0.357565 2.64819
    endloop
  endfacet
  facet normal 0.998632 -0.0522976 -5.30444e-05
    outer loop
      vertex 5.14224 -0.357565 2.64819
      vertex 5.14805 -0.246771 2.79506
      vertex 5.14017 -0.397138 2.69353
    endloop
  endfacet
  facet normal 0.998631 -0.0523013 3.55576e-05
    outer loop
      vertex 5.14706 -0.265498 2.81647
      vertex 5.14608 -0.284195 2.83845
      vertex 5.14017 -0.397138 2.69353
    endloop
  endfacet
  facet normal 0.998632 -0.0522923 2.85217e-05
    outer loop
      vertex 5.14017 -0.397138 2.69353
      vertex 5.14608 -0.284195 2.83845
      vertex 5.13792 -0.440079 2.74397
    endloop
  endfacet
  facet normal 0.998632 -0.0522838 1.44329e-05
    outer loop
      vertex 5.14608 -0.284195 2.83845
      vertex 5.1451 -0.302907 2.86102
      vertex 5.13792 -0.440079 2.74397
    endloop
  endfacet
  facet normal 0.998629 -0.052355 6.90898e-05
    outer loop
      vertex 5.13792 -0.440079 2.74397
      vertex 5.14412 -0.321634 2.88418
      vertex 5.13549 -0.486356 2.7995
    endloop
  endfacet
  facet normal 0.998631 -0.0523147 -2.48534e-05
    outer loop
      vertex 5.13549 -0.486356 2.7995
      vertex 5.14114 -0.378578 2.9561
      vertex 5.13289 -0.536016 2.86014
    endloop
  endfacet
  facet normal 0.998633 -0.0522752 -8.97807e-05
    outer loop
      vertex 5.14114 -0.378578 2.9561
      vertex 5.14011 -0.398296 2.98028
      vertex 5.13289 -0.536016 2.86014
    endloop
  endfacet
  facet normal 0.99863 -0.0523312 -2.54749e-05
    outer loop
      vertex 5.13289 -0.536016 2.86014
      vertex 5.14011 -0.398296 2.98028
      vertex 5.13272 -0.539262 2.86406
    endloop
  endfacet
  facet normal 0.998622 -0.0524795 0.000154899
    outer loop
      vertex 5.14011 -0.398296 2.98028
      vertex 5.13905 -0.418395 3.00452
      vertex 5.13272 -0.539262 2.86406
    endloop
  endfacet
  facet normal 0.998637 -0.0522003 -8.5947e-05
    outer loop
      vertex 5.13905 -0.418395 3.00452
      vertex 5.13798 -0.438905 3.02881
      vertex 5.13272 -0.539262 2.86406
    endloop
  endfacet
  facet normal 0.998622 -0.0524816 8.58625e-05
    outer loop
      vertex 5.13798 -0.438905 3.02881
      vertex 5.13688 -0.459796 3.05316
      vertex 5.13272 -0.539262 2.86406
    endloop
  endfacet
  facet normal 0.998641 -0.0521137 -6.91525e-05
    outer loop
      vertex 5.13688 -0.459796 3.05316
      vertex 5.13577 -0.481099 3.07756
      vertex 5.13272 -0.539262 2.86406
    endloop
  endfacet
  facet normal 0.998624 -0.0524435 2.09297e-05
    outer loop
      vertex 5.13577 -0.481099 3.07756
      vertex 5.13463 -0.502797 3.10203
      vertex 5.13272 -0.539262 2.86406
    endloop
  endfacet
  facet normal 0.998617 -0.0525792 4.17881e-05
    outer loop
      vertex 5.13463 -0.502797 3.10203
      vertex 5.13346 -0.524999 3.12637
      vertex 5.13272 -0.539262 2.86406
    endloop
  endfacet
  facet normal 0.998657 -0.0518128 0
    outer loop
      vertex 5.13346 -0.524999 3.12637
      vertex 5.13272 -0.539262 3.14139
      vertex 5.13272 -0.539262 2.86406
    endloop
  endfacet
  facet normal 0.998629 -0.0523515 0
    outer loop
      vertex 5.16097 -0.000206947 3.97313
      vertex 5.16097 -0.000206947 4.19478
      vertex 5.13877 -0.423682 4.02972
    endloop
  endfacet
  facet normal 0.998633 -0.0522731 0
    outer loop
      vertex 5.13272 -0.539262 4.94295
      vertex 5.13877 -0.423682 4.02972
      vertex 5.13877 -0.423682 4.66707
    endloop
  endfacet
  facet normal 0.998633 -0.0522731 0
    outer loop
      vertex 5.13877 -0.423682 4.02972
      vertex 5.13272 -0.539262 4.94295
      vertex 5.13272 -0.539262 3.75629
    endloop
  endfacet
  facet normal 0.998629 -0.0523515 0
    outer loop
      vertex 5.16097 -0.000206947 4.5022
      vertex 5.16097 -0.000206947 4.72266
      vertex 5.13877 -0.423682 4.66707
    endloop
  endfacet
  facet normal 0.998629 -0.0523473 3.14445e-05
    outer loop
      vertex 5.16097 -0.000206947 3.97313
      vertex 5.13877 -0.423682 4.02972
      vertex 5.13272 -0.539262 3.75629
    endloop
  endfacet
  facet normal 0.998629 -0.0523474 -3.12093e-05
    outer loop
      vertex 5.13877 -0.423682 4.66707
      vertex 5.16097 -0.000206947 4.72266
      vertex 5.13272 -0.539262 4.94295
    endloop
  endfacet
  facet normal 0.0521881 0.998637 -0
    outer loop
      vertex 5.16097 -0.000206947 -4.26631
      vertex 5.15701 0 -4.03532
      vertex 5.16097 -0.000206947 -4.03532
    endloop
  endfacet
  facet normal 0.0521881 0.998637 0
    outer loop
      vertex 5.15701 0 -4.03532
      vertex 5.16097 -0.000206947 -4.26631
      vertex 5.15701 0 -4.26631
    endloop
  endfacet
  facet normal 0 0 1
    outer loop
      vertex 5.16097 0.000206947 -4.03532
      vertex 5.15316 0 -4.03532
      vertex 5.15701 0 -4.03532
    endloop
  endfacet
  facet normal 0 0 1
    outer loop
      vertex 5.13272 0.539262 -4.03532
      vertex 5.15316 0 -4.03532
      vertex 5.16097 0.000206947 -4.03532
    endloop
  endfacet
  facet normal 0 0 1
    outer loop
      vertex 5.15316 0 -4.03532
      vertex 5.13272 0.539262 -4.03532
      vertex 5.12492 0.538853 -4.03532
    endloop
  endfacet
  facet normal -0 0 1
    outer loop
      vertex 5.15316 0 -4.03532
      vertex 5.16097 -0.000206947 -4.03532
      vertex 5.15701 0 -4.03532
    endloop
  endfacet
  facet normal 0 0 1
    outer loop
      vertex 5.15316 0 -4.03532
      vertex 5.13272 -0.539262 -4.03532
      vertex 5.16097 -0.000206947 -4.03532
    endloop
  endfacet
  facet normal 0 -0 1
    outer loop
      vertex 5.13272 -0.539262 -4.03532
      vertex 5.15316 0 -4.03532
      vertex 5.12492 -0.538853 -4.03532
    endloop
  endfacet
  facet normal 0 0 1
    outer loop
      vertex 5.12492 -0.538853 -4.03532
      vertex 5.12877 -0.539055 -4.03532
      vertex 5.13272 -0.539262 -4.03532
    endloop
  endfacet
  facet normal -0.0523333 -0.99863 0
    outer loop
      vertex 5.12877 -0.539055 -4.26631
      vertex 5.13272 -0.539262 -4.03532
      vertex 5.12877 -0.539055 -4.03532
    endloop
  endfacet
  facet normal -0.0523333 -0.99863 -0
    outer loop
      vertex 5.13272 -0.539262 -4.03532
      vertex 5.12877 -0.539055 -4.26631
      vertex 5.13272 -0.539262 -4.26631
    endloop
  endfacet
  facet normal 0 0 -1
    outer loop
      vertex 5.16097 -0.000206947 -4.26631
      vertex 5.15316 0 -4.26631
      vertex 5.15701 0 -4.26631
    endloop
  endfacet
  facet normal 0 0 -1
    outer loop
      vertex 5.12496 -0.538451 -4.26631
      vertex 5.16097 -0.000206947 -4.26631
      vertex 5.13272 -0.539262 -4.26631
    endloop
  endfacet
  facet normal 0 0 -1
    outer loop
      vertex 5.12496 -0.538451 -4.26631
      vertex 5.13272 -0.539262 -4.26631
      vertex 5.12877 -0.539055 -4.26631
    endloop
  endfacet
  facet normal -0 0 -1
    outer loop
      vertex 5.16097 -0.000206947 -4.26631
      vertex 5.12496 -0.538451 -4.26631
      vertex 5.15316 0 -4.26631
    endloop
  endfacet
  facet normal 0 0 -1
    outer loop
      vertex 5.15316 0 -4.26631
      vertex 5.12496 -0.538451 -4.26631
      vertex 5.12493 -0.538658 -4.26631
    endloop
  endfacet
  facet normal 0 0 -1
    outer loop
      vertex 5.15316 0 -4.26631
      vertex 5.16097 0.000206947 -4.26631
      vertex 5.15701 0 -4.26631
    endloop
  endfacet
  facet normal 0 0 -1
    outer loop
      vertex 5.12496 0.538451 -4.26631
      vertex 5.16097 0.000206947 -4.26631
      vertex 5.15316 0 -4.26631
    endloop
  endfacet
  facet normal 0 0 -1
    outer loop
      vertex 5.16097 0.000206947 -4.26631
      vertex 5.12496 0.538451 -4.26631
      vertex 5.13272 0.539262 -4.26631
    endloop
  endfacet
  facet normal 0 0 -1
    outer loop
      vertex 5.13272 0.539262 -4.26631
      vertex 5.12496 0.538451 -4.26631
      vertex 5.12877 0.539055 -4.26631
    endloop
  endfacet
  facet normal -0 -0 -1
    outer loop
      vertex 5.12496 0.538451 -4.26631
      vertex 5.15316 0 -4.26631
      vertex 5.12493 0.538658 -4.26631
    endloop
  endfacet
  facet normal 0.0521881 0.998637 -0
    outer loop
      vertex 5.16097 -0.000206947 -2.92102
      vertex 5.15701 0 -2.69003
      vertex 5.16097 -0.000206947 -2.69003
    endloop
  endfacet
  facet normal 0.0521881 0.998637 0
    outer loop
      vertex 5.15701 0 -2.69003
      vertex 5.16097 -0.000206947 -2.92102
      vertex 5.15701 0 -2.92102
    endloop
  endfacet
  facet normal 0 0 1
    outer loop
      vertex 5.16097 0.000206947 -2.69003
      vertex 5.15316 0 -2.69003
      vertex 5.15701 0 -2.69003
    endloop
  endfacet
  facet normal 0 0 1
    outer loop
      vertex 5.13272 0.539262 -2.69003
      vertex 5.15316 0 -2.69003
      vertex 5.16097 0.000206947 -2.69003
    endloop
  endfacet
  facet normal 0 0 1
    outer loop
      vertex 5.15316 0 -2.69003
      vertex 5.13272 0.539262 -2.69003
      vertex 5.12492 0.538853 -2.69003
    endloop
  endfacet
  facet normal -0 0 1
    outer loop
      vertex 5.15316 0 -2.69003
      vertex 5.16097 -0.000206947 -2.69003
      vertex 5.15701 0 -2.69003
    endloop
  endfacet
  facet normal 0 0 1
    outer loop
      vertex 5.15316 0 -2.69003
      vertex 5.13272 -0.539262 -2.69003
      vertex 5.16097 -0.000206947 -2.69003
    endloop
  endfacet
  facet normal 0 -0 1
    outer loop
      vertex 5.13272 -0.539262 -2.69003
      vertex 5.15316 0 -2.69003
      vertex 5.12492 -0.538853 -2.69003
    endloop
  endfacet
  facet normal 0 0 1
    outer loop
      vertex 5.12492 -0.538853 -2.69003
      vertex 5.12877 -0.539055 -2.69003
      vertex 5.13272 -0.539262 -2.69003
    endloop
  endfacet
  facet normal -0.0523333 -0.99863 0
    outer loop
      vertex 5.12877 -0.539055 -2.92102
      vertex 5.13272 -0.539262 -2.69003
      vertex 5.12877 -0.539055 -2.69003
    endloop
  endfacet
  facet normal -0.0523333 -0.99863 -0
    outer loop
      vertex 5.13272 -0.539262 -2.69003
      vertex 5.12877 -0.539055 -2.92102
      vertex 5.13272 -0.539262 -2.92102
    endloop
  endfacet
  facet normal 0 0 -1
    outer loop
      vertex 5.16097 -0.000206947 -2.92102
      vertex 5.15316 0 -2.92102
      vertex 5.15701 0 -2.92102
    endloop
  endfacet
  facet normal 0 0 -1
    outer loop
      vertex 5.12496 -0.538451 -2.92102
      vertex 5.16097 -0.000206947 -2.92102
      vertex 5.13272 -0.539262 -2.92102
    endloop
  endfacet
  facet normal 0 0 -1
    outer loop
      vertex 5.12496 -0.538451 -2.92102
      vertex 5.13272 -0.539262 -2.92102
      vertex 5.12877 -0.539055 -2.92102
    endloop
  endfacet
  facet normal -0 0 -1
    outer loop
      vertex 5.16097 -0.000206947 -2.92102
      vertex 5.12496 -0.538451 -2.92102
      vertex 5.15316 0 -2.92102
    endloop
  endfacet
  facet normal 0 0 -1
    outer loop
      vertex 5.15316 0 -2.92102
      vertex 5.12496 -0.538451 -2.92102
      vertex 5.12493 -0.538658 -2.92102
    endloop
  endfacet
  facet normal 0 0 -1
    outer loop
      vertex 5.15316 0 -2.92102
      vertex 5.16097 0.000206947 -2.92102
      vertex 5.15701 0 -2.92102
    endloop
  endfacet
  facet normal 0 0 -1
    outer loop
      vertex 5.12496 0.538451 -2.92102
      vertex 5.16097 0.000206947 -2.92102
      vertex 5.15316 0 -2.92102
    endloop
  endfacet
  facet normal 0 0 -1
    outer loop
      vertex 5.16097 0.000206947 -2.92102
      vertex 5.12496 0.538451 -2.92102
      vertex 5.13272 0.539262 -2.92102
    endloop
  endfacet
  facet normal 0 0 -1
    outer loop
      vertex 5.13272 0.539262 -2.92102
      vertex 5.12496 0.538451 -2.92102
      vertex 5.12877 0.539055 -2.92102
    endloop
  endfacet
  facet normal -0 -0 -1
    outer loop
      vertex 5.12496 0.538451 -2.92102
      vertex 5.15316 0 -2.92102
      vertex 5.12493 0.538658 -2.92102
    endloop
  endfacet
  facet normal 0 0 -1
    outer loop
      vertex 5.12496 -0.538451 -1.3076
      vertex 5.14422 -0.319821 -1.3076
      vertex 5.13272 -0.539262 -1.3076
    endloop
  endfacet
  facet normal 0 0 -1
    outer loop
      vertex 5.12496 -0.538451 -1.3076
      vertex 5.13272 -0.539262 -1.3076
      vertex 5.12877 -0.539055 -1.3076
    endloop
  endfacet
  facet normal -0 0 -1
    outer loop
      vertex 5.14422 -0.319821 -1.3076
      vertex 5.12496 -0.538451 -1.3076
      vertex 5.13642 -0.319412 -1.3076
    endloop
  endfacet
  facet normal 0 0 -1
    outer loop
      vertex 5.13642 -0.319412 -1.3076
      vertex 5.12496 -0.538451 -1.3076
      vertex 5.12493 -0.538658 -1.3076
    endloop
  endfacet
  facet normal -0.052364 -0.998628 0
    outer loop
      vertex 5.13642 -0.319412 -2.29687
      vertex 5.14422 -0.319821 -1.3076
      vertex 5.13642 -0.319412 -1.3076
    endloop
  endfacet
  facet normal -0.052364 -0.998628 -0
    outer loop
      vertex 5.14422 -0.319821 -1.3076
      vertex 5.13642 -0.319412 -2.29687
      vertex 5.14422 -0.319821 -2.29687
    endloop
  endfacet
  facet normal 0 0 -1
    outer loop
      vertex 5.14422 -0.319821 -2.29687
      vertex 5.14616 -0.133434 -2.29687
      vertex 5.15396 -0.133842 -2.29687
    endloop
  endfacet
  facet normal 0 0 -1
    outer loop
      vertex 5.14616 -0.133434 -2.29687
      vertex 5.14422 -0.319821 -2.29687
      vertex 5.13642 -0.319412 -2.29687
    endloop
  endfacet
  facet normal 0.0522363 0.998635 -0
    outer loop
      vertex 5.15396 -0.133842 -2.29687
      vertex 5.14616 -0.133434 -1.3076
      vertex 5.15396 -0.133842 -1.3076
    endloop
  endfacet
  facet normal 0.0522363 0.998635 0
    outer loop
      vertex 5.14616 -0.133434 -1.3076
      vertex 5.15396 -0.133842 -2.29687
      vertex 5.14616 -0.133434 -2.29687
    endloop
  endfacet
  facet normal -0 0 -1
    outer loop
      vertex 5.16097 -0.000206947 -1.3076
      vertex 5.15396 -0.133842 -1.3076
      vertex 5.15701 0 -1.3076
    endloop
  endfacet
  facet normal 0 0 -1
    outer loop
      vertex 5.15316 4.87521e-09 -1.3076
      vertex 5.15701 0 -1.3076
      vertex 5.15396 -0.133842 -1.3076
    endloop
  endfacet
  facet normal 0 0 -1
    outer loop
      vertex 5.15316 4.87521e-09 -1.3076
      vertex 5.16097 0.000206947 -1.3076
      vertex 5.15701 0 -1.3076
    endloop
  endfacet
  facet normal 0 0 -1
    outer loop
      vertex 5.15316 4.87521e-09 -1.3076
      vertex 5.13936 0.412452 -1.3076
      vertex 5.16097 0.000206947 -1.3076
    endloop
  endfacet
  facet normal 0 -0 -1
    outer loop
      vertex 5.13936 0.412452 -1.3076
      vertex 5.15316 4.87521e-09 -1.3076
      vertex 5.13156 0.412044 -1.3076
    endloop
  endfacet
  facet normal 0 0 -1
    outer loop
      vertex 5.15396 -0.133842 -1.3076
      vertex 5.14616 -0.133434 -1.3076
      vertex 5.15316 4.87521e-09 -1.3076
    endloop
  endfacet
  facet normal 0.0521881 0.998637 -0
    outer loop
      vertex 5.16097 -0.000206947 -1.3076
      vertex 5.15701 0 -1.07661
      vertex 5.16097 -0.000206947 -1.07661
    endloop
  endfacet
  facet normal 0.0521881 0.998637 0
    outer loop
      vertex 5.15701 0 -1.07661
      vertex 5.16097 -0.000206947 -1.3076
      vertex 5.15701 0 -1.3076
    endloop
  endfacet
  facet normal 0 0 1
    outer loop
      vertex 5.16097 0.000206947 -1.07661
      vertex 5.15316 0 -1.07661
      vertex 5.15701 0 -1.07661
    endloop
  endfacet
  facet normal 0 0 1
    outer loop
      vertex 5.13272 0.539262 -1.07661
      vertex 5.15316 0 -1.07661
      vertex 5.16097 0.000206947 -1.07661
    endloop
  endfacet
  facet normal 0 0 1
    outer loop
      vertex 5.15316 0 -1.07661
      vertex 5.13272 0.539262 -1.07661
      vertex 5.12492 0.538853 -1.07661
    endloop
  endfacet
  facet normal -0 0 1
    outer loop
      vertex 5.15316 0 -1.07661
      vertex 5.16097 -0.000206947 -1.07661
      vertex 5.15701 0 -1.07661
    endloop
  endfacet
  facet normal 0 0 1
    outer loop
      vertex 5.15316 0 -1.07661
      vertex 5.13272 -0.539262 -1.07661
      vertex 5.16097 -0.000206947 -1.07661
    endloop
  endfacet
  facet normal 0 -0 1
    outer loop
      vertex 5.13272 -0.539262 -1.07661
      vertex 5.15316 0 -1.07661
      vertex 5.12492 -0.538853 -1.07661
    endloop
  endfacet
  facet normal 0 0 1
    outer loop
      vertex 5.12492 -0.538853 -1.07661
      vertex 5.12877 -0.539055 -1.07661
      vertex 5.13272 -0.539262 -1.07661
    endloop
  endfacet
  facet normal -0.0523333 -0.99863 0
    outer loop
      vertex 5.12877 -0.539055 -1.3076
      vertex 5.13272 -0.539262 -1.07661
      vertex 5.12877 -0.539055 -1.07661
    endloop
  endfacet
  facet normal -0.0523333 -0.99863 -0
    outer loop
      vertex 5.13272 -0.539262 -1.07661
      vertex 5.12877 -0.539055 -1.3076
      vertex 5.13272 -0.539262 -1.3076
    endloop
  endfacet
  facet normal -0.00373747 -0.071277 0.99745
    outer loop
      vertex 5.14477 -0.309307 0.746108
      vertex 5.13697 -0.308898 0.746108
      vertex 5.13359 -0.373415 0.741485
    endloop
  endfacet
  facet normal -0.00373747 -0.071277 0.99745
    outer loop
      vertex 5.14139 -0.373824 0.741485
      vertex 5.14477 -0.309307 0.746108
      vertex 5.13359 -0.373415 0.741485
    endloop
  endfacet
  facet normal -0.00642619 -0.122553 0.992441
    outer loop
      vertex 5.14139 -0.373824 0.741485
      vertex 5.13359 -0.373415 0.741485
      vertex 5.13032 -0.435647 0.733779
    endloop
  endfacet
  facet normal -0.00640249 -0.122558 0.992441
    outer loop
      vertex 5.13813 -0.436055 0.733779
      vertex 5.14139 -0.373824 0.741485
      vertex 5.13032 -0.435647 0.733779
    endloop
  endfacet
  facet normal -0.00921557 -0.176406 0.984274
    outer loop
      vertex 5.13813 -0.436055 0.733779
      vertex 5.13032 -0.435647 0.733779
      vertex 5.12718 -0.495592 0.723006
    endloop
  endfacet
  facet normal -0.00924968 -0.1764 0.984275
    outer loop
      vertex 5.13498 -0.496001 0.723006
      vertex 5.13813 -0.436055 0.733779
      vertex 5.12718 -0.495592 0.723006
    endloop
  endfacet
  facet normal -0.0122139 -0.23293 0.972417
    outer loop
      vertex 5.13498 -0.496001 0.723006
      vertex 5.12718 -0.495592 0.723006
      vertex 5.12492 -0.538853 0.712615
    endloop
  endfacet
  facet normal -0.012191 -0.232931 0.972417
    outer loop
      vertex 5.12873 -0.539049 0.712616
      vertex 5.13272 -0.539262 0.712615
      vertex 5.13498 -0.496001 0.723006
    endloop
  endfacet
  facet normal -0.0130031 -0.248128 0.96864
    outer loop
      vertex 5.13272 -0.539262 0.712615
      vertex 5.12873 -0.539049 0.712616
      vertex 5.12877 -0.539055 0.712615
    endloop
  endfacet
  facet normal -0.0127305 -0.242516 0.970064
    outer loop
      vertex 5.12873 -0.539049 0.712616
      vertex 5.12492 -0.538853 0.712615
      vertex 5.12873 -0.539053 0.712615
    endloop
  endfacet
  facet normal -0.0122377 -0.232925 0.972418
    outer loop
      vertex 5.12492 -0.538853 0.712615
      vertex 5.12873 -0.539049 0.712616
      vertex 5.13498 -0.496001 0.723006
    endloop
  endfacet
  facet normal -0.0524213 -0.998625 0
    outer loop
      vertex 5.12873 -0.539053 0.712615
      vertex 5.12492 -0.538853 0.712615
      vertex 5.12492 -0.538853 0.712519
    endloop
  endfacet
  facet normal -0.0523333 -0.99863 0
    outer loop
      vertex 5.12877 -0.539055 0.466553
      vertex 5.13272 -0.539262 0.712615
      vertex 5.12877 -0.539055 0.712615
    endloop
  endfacet
  facet normal -0.0523333 -0.99863 0
    outer loop
      vertex 5.12877 -0.539055 0.466553
      vertex 5.13272 -0.539262 0.466552
      vertex 5.13272 -0.539262 0.712615
    endloop
  endfacet
  facet normal -0.0482791 -0.919382 -0.390391
    outer loop
      vertex 5.13272 -0.539262 0.466552
      vertex 5.12877 -0.539055 0.466553
      vertex 5.12874 -0.539053 0.466552
    endloop
  endfacet
  facet normal 0.0234779 0.44709 -0.894181
    outer loop
      vertex 5.12874 -0.539051 0.466553
      vertex 5.13272 -0.539262 0.466552
      vertex 5.12874 -0.539053 0.466552
    endloop
  endfacet
  facet normal 0.0184661 0.352752 -0.935535
    outer loop
      vertex 5.13272 -0.539262 0.466552
      vertex 5.12874 -0.539051 0.466553
      vertex 5.13348 -0.524694 0.47206
    endloop
  endfacet
  facet normal 0.0184964 0.352743 -0.935537
    outer loop
      vertex 5.12874 -0.539051 0.466553
      vertex 5.12568 -0.524285 0.47206
      vertex 5.13348 -0.524694 0.47206
    endloop
  endfacet
  facet normal 0.0186229 0.352765 -0.935527
    outer loop
      vertex 5.12496 -0.538451 0.466704
      vertex 5.12568 -0.524285 0.47206
      vertex 5.12874 -0.539051 0.466553
    endloop
  endfacet
  facet normal -0.641106 -0.24269 0.72807
    outer loop
      vertex 5.12496 -0.53846 0.466701
      vertex 5.12568 -0.524285 0.47206
      vertex 5.12496 -0.538451 0.466704
    endloop
  endfacet
  facet normal 0.0588466 0.350402 -0.934749
    outer loop
      vertex 5.12495 -0.538493 0.466688
      vertex 5.12568 -0.524285 0.47206
      vertex 5.12496 -0.53846 0.466701
    endloop
  endfacet
  facet normal 0.161217 -0.356272 0.920369
    outer loop
      vertex 5.12495 -0.538524 0.466676
      vertex 5.12568 -0.524285 0.47206
      vertex 5.12495 -0.538493 0.466688
    endloop
  endfacet
  facet normal -0.0474642 0.355407 -0.933506
    outer loop
      vertex 5.12568 -0.524285 0.47206
      vertex 5.12495 -0.538524 0.466676
      vertex 5.12493 -0.538658 0.466626
    endloop
  endfacet
  facet normal 0.0139785 0.265933 -0.96389
    outer loop
      vertex 5.13348 -0.524694 0.47206
      vertex 5.12908 -0.459478 0.489989
      vertex 5.13688 -0.459888 0.489989
    endloop
  endfacet
  facet normal 0.0139443 0.265931 -0.963891
    outer loop
      vertex 5.12908 -0.459478 0.489989
      vertex 5.13348 -0.524694 0.47206
      vertex 5.12568 -0.524285 0.47206
    endloop
  endfacet
  facet normal 0.00961476 0.182915 -0.983082
    outer loop
      vertex 5.13688 -0.459888 0.489989
      vertex 5.13267 -0.390862 0.502791
      vertex 5.14047 -0.391272 0.502791
    endloop
  endfacet
  facet normal 0.00961476 0.182915 -0.983082
    outer loop
      vertex 5.13267 -0.390862 0.502791
      vertex 5.13688 -0.459888 0.489989
      vertex 5.12908 -0.459478 0.489989
    endloop
  endfacet
  facet normal 0.00552252 0.105063 -0.99445
    outer loop
      vertex 5.13647 -0.318406 0.510467
      vertex 5.14047 -0.391272 0.502791
      vertex 5.13267 -0.390862 0.502791
    endloop
  endfacet
  facet normal 0.00550901 0.105062 -0.99445
    outer loop
      vertex 5.14427 -0.318815 0.510467
      vertex 5.14047 -0.391272 0.502791
      vertex 5.13647 -0.318406 0.510467
    endloop
  endfacet
  facet normal 0.00175602 0.0334889 -0.999438
    outer loop
      vertex 5.14047 -0.242126 0.51303
      vertex 5.14427 -0.318815 0.510467
      vertex 5.13647 -0.318406 0.510467
    endloop
  endfacet
  facet normal 0.00175602 0.0334889 -0.999438
    outer loop
      vertex 5.14827 -0.242535 0.51303
      vertex 5.14427 -0.318815 0.510467
      vertex 5.14047 -0.242126 0.51303
    endloop
  endfacet
  facet normal -0.00166782 -0.0318069 -0.999493
    outer loop
      vertex 5.14827 -0.242535 0.51303
      vertex 5.1445 -0.165129 0.510573
      vertex 5.1523 -0.165538 0.510573
    endloop
  endfacet
  facet normal -0.00166782 -0.0318069 -0.999493
    outer loop
      vertex 5.1445 -0.165129 0.510573
      vertex 5.14827 -0.242535 0.51303
      vertex 5.14047 -0.242126 0.51303
    endloop
  endfacet
  facet normal -0.00526762 -0.100458 -0.994927
    outer loop
      vertex 5.14832 -0.0923376 0.503203
      vertex 5.1523 -0.165538 0.510573
      vertex 5.1445 -0.165129 0.510573
    endloop
  endfacet
  facet normal -0.00525728 -0.100458 -0.994927
    outer loop
      vertex 5.15612 -0.0927458 0.503203
      vertex 5.1523 -0.165538 0.510573
      vertex 5.14832 -0.0923376 0.503203
    endloop
  endfacet
  facet normal -0.0092007 -0.17581 -0.984381
    outer loop
      vertex 5.15191 -0.0237513 0.49092
      vertex 5.15612 -0.0927458 0.503203
      vertex 5.14832 -0.0923376 0.503203
    endloop
  endfacet
  facet normal -0.00922104 -0.175811 -0.984381
    outer loop
      vertex 5.15971 -0.0241604 0.49092
      vertex 5.15612 -0.0927458 0.503203
      vertex 5.15191 -0.0237513 0.49092
    endloop
  endfacet
  facet normal -0.0134898 -0.257199 -0.966264
    outer loop
      vertex 5.15191 -0.0237513 0.49092
      vertex 5.15327 -0.000195645 0.484631
      vertex 5.15971 -0.0241604 0.49092
    endloop
  endfacet
  facet normal -1 0 0
    outer loop
      vertex 5.15316 -0.000184362 0.484629
      vertex 5.15316 -1.02864e-08 0.48458
      vertex 5.15316 -0.000147416 0.484619
    endloop
  endfacet
  facet normal -0.0208672 -0.256821 -0.966234
    outer loop
      vertex 5.15316 -0.000184362 0.484629
      vertex 5.15191 -0.0237513 0.49092
      vertex 5.15316 -1.02864e-08 0.48458
    endloop
  endfacet
  facet normal 0.0441448 -0.259844 -0.964641
    outer loop
      vertex 5.15317 -0.000201225 0.484634
      vertex 5.15191 -0.0237513 0.49092
      vertex 5.15316 -0.000184362 0.484629
    endloop
  endfacet
  facet normal -0.0146399 -0.257133 -0.966265
    outer loop
      vertex 5.15327 -0.000195645 0.484631
      vertex 5.15191 -0.0237513 0.49092
      vertex 5.15317 -0.000201225 0.484634
    endloop
  endfacet
  facet normal -0.0134402 -0.257183 -0.966269
    outer loop
      vertex 5.15971 -0.0241604 0.49092
      vertex 5.15701 0 0.484527
      vertex 5.16097 -0.000206947 0.484527
    endloop
  endfacet
  facet normal -0.013416 -0.257181 -0.96627
    outer loop
      vertex 5.15701 0 0.484527
      vertex 5.15971 -0.0241604 0.49092
      vertex 5.15327 -0.000195645 0.484631
    endloop
  endfacet
  facet normal 0.0523939 0.998626 4.76326e-05
    outer loop
      vertex 5.15323 0.00019808 0.724073
      vertex 5.15317 0.000201225 0.724135
      vertex 5.15626 3.91052e-05 0.724135
    endloop
  endfacet
  facet normal 0.0523448 0.998629 0
    outer loop
      vertex 5.15317 0.000201225 0.724135
      vertex 5.15323 0.00019808 0.724073
      vertex 5.15317 0.000201225 0.724072
    endloop
  endfacet
  facet normal 0.0521881 0.998637 -0
    outer loop
      vertex 5.16097 -0.000206947 0.484527
      vertex 5.15701 0 0.724135
      vertex 5.16097 -0.000206947 0.724135
    endloop
  endfacet
  facet normal 0.0521881 0.998637 0
    outer loop
      vertex 5.15701 0 0.724135
      vertex 5.16097 -0.000206947 0.484527
      vertex 5.15701 0 0.484527
    endloop
  endfacet
  facet normal 0.0105147 0.20041 0.979656
    outer loop
      vertex 5.15626 3.91052e-05 0.724135
      vertex 5.15317 0.000201225 0.724135
      vertex 5.15626 -3.91068e-05 0.724151
    endloop
  endfacet
  facet normal 0.0104618 0.200191 0.979701
    outer loop
      vertex 5.15626 -3.91068e-05 0.724151
      vertex 5.16097 -0.000206947 0.724135
      vertex 5.15701 0 0.724135
    endloop
  endfacet
  facet normal 0.0101564 0.191454 0.981449
    outer loop
      vertex 5.15626 -3.91068e-05 0.724151
      vertex 5.15055 -0.0496407 0.733886
      vertex 5.16097 -0.000206947 0.724135
    endloop
  endfacet
  facet normal 0.00981186 0.191493 0.981445
    outer loop
      vertex 5.15055 -0.0496407 0.733886
      vertex 5.15626 -3.91068e-05 0.724151
      vertex 5.15317 0.000201225 0.724135
    endloop
  endfacet
  facet normal 0.01003 0.19148 0.981445
    outer loop
      vertex 5.15836 -0.0500498 0.733886
      vertex 5.16097 -0.000206947 0.724135
      vertex 5.15055 -0.0496407 0.733886
    endloop
  endfacet
  facet normal 0.00572919 0.109374 0.993984
    outer loop
      vertex 5.15836 -0.0500498 0.733886
      vertex 5.15055 -0.0496407 0.733886
      vertex 5.14565 -0.143126 0.744201
    endloop
  endfacet
  facet normal 0.00571389 0.109376 0.993984
    outer loop
      vertex 5.15346 -0.143534 0.744201
      vertex 5.15836 -0.0500498 0.733886
      vertex 5.14565 -0.143126 0.744201
    endloop
  endfacet
  facet normal 0.0018134 0.0347124 0.999396
    outer loop
      vertex 5.15346 -0.143534 0.744201
      vertex 5.14565 -0.143126 0.744201
      vertex 5.14047 -0.242126 0.747649
    endloop
  endfacet
  facet normal 0.00182013 0.0347115 0.999396
    outer loop
      vertex 5.14827 -0.242535 0.747649
      vertex 5.15346 -0.143534 0.744201
      vertex 5.14047 -0.242126 0.747649
    endloop
  endfacet
  facet normal -0.00120651 -0.0230092 0.999735
    outer loop
      vertex 5.14047 -0.242126 0.747649
      vertex 5.14477 -0.309307 0.746108
      vertex 5.14827 -0.242535 0.747649
    endloop
  endfacet
  facet normal -0.00120651 -0.0230092 0.999735
    outer loop
      vertex 5.14477 -0.309307 0.746108
      vertex 5.14047 -0.242126 0.747649
      vertex 5.13697 -0.308898 0.746108
    endloop
  endfacet
  facet normal -0.0523477 -0.998319 0.0248947
    outer loop
      vertex 5.13585 -0.330292 1.54324
      vertex 5.14371 -0.329482 1.59225
      vertex 5.13591 -0.329073 1.59225
    endloop
  endfacet
  facet normal -0.0523477 -0.998319 0.0248947
    outer loop
      vertex 5.14371 -0.329482 1.59225
      vertex 5.13585 -0.330292 1.54324
      vertex 5.14365 -0.330701 1.54324
    endloop
  endfacet
  facet normal -0.052199 -0.995482 0.079316
    outer loop
      vertex 5.13565 -0.333949 1.49721
      vertex 5.14365 -0.330701 1.54324
      vertex 5.13585 -0.330292 1.54324
    endloop
  endfacet
  facet normal -0.0521324 -0.995486 0.0793048
    outer loop
      vertex 5.14365 -0.330701 1.54324
      vertex 5.13565 -0.333949 1.49721
      vertex 5.14346 -0.334358 1.49721
    endloop
  endfacet
  facet normal -0.0517825 -0.988805 0.139937
    outer loop
      vertex 5.14314 -0.340438 1.45413
      vertex 5.13565 -0.333949 1.49721
      vertex 5.13533 -0.340029 1.45413
    endloop
  endfacet
  facet normal -0.0517825 -0.988805 0.139937
    outer loop
      vertex 5.13565 -0.333949 1.49721
      vertex 5.14314 -0.340438 1.45413
      vertex 5.14346 -0.334358 1.49721
    endloop
  endfacet
  facet normal -0.0512187 -0.976787 0.207998
    outer loop
      vertex 5.14269 -0.348956 1.41402
      vertex 5.13533 -0.340029 1.45413
      vertex 5.13489 -0.348547 1.41402
    endloop
  endfacet
  facet normal -0.0511532 -0.976788 0.20801
    outer loop
      vertex 5.13533 -0.340029 1.45413
      vertex 5.14269 -0.348956 1.41402
      vertex 5.14314 -0.340438 1.45413
    endloop
  endfacet
  facet normal -0.0501545 -0.957718 0.283302
    outer loop
      vertex 5.14212 -0.359912 1.37688
      vertex 5.13489 -0.348547 1.41402
      vertex 5.13431 -0.359503 1.37688
    endloop
  endfacet
  facet normal -0.0502188 -0.957719 0.28329
    outer loop
      vertex 5.13489 -0.348547 1.41402
      vertex 5.14212 -0.359912 1.37688
      vertex 5.14269 -0.348956 1.41402
    endloop
  endfacet
  facet normal -0.0487454 -0.929619 0.365285
    outer loop
      vertex 5.14141 -0.373306 1.3427
      vertex 5.13431 -0.359503 1.37688
      vertex 5.13361 -0.372897 1.3427
    endloop
  endfacet
  facet normal -0.0486829 -0.929617 0.365297
    outer loop
      vertex 5.13431 -0.359503 1.37688
      vertex 5.14141 -0.373306 1.3427
      vertex 5.14212 -0.359912 1.37688
    endloop
  endfacet
  facet normal -0.0466354 -0.890519 0.452549
    outer loop
      vertex 5.14059 -0.389123 1.31149
      vertex 5.13361 -0.372897 1.3427
      vertex 5.13278 -0.388714 1.31149
    endloop
  endfacet
  facet normal -0.0466953 -0.890522 0.452537
    outer loop
      vertex 5.13361 -0.372897 1.3427
      vertex 5.14059 -0.389123 1.31149
      vertex 5.14141 -0.373306 1.3427
    endloop
  endfacet
  facet normal -0.0439478 -0.838124 0.543707
    outer loop
      vertex 5.13963 -0.407393 1.28325
      vertex 5.13278 -0.388714 1.31149
      vertex 5.13183 -0.406984 1.28325
    endloop
  endfacet
  facet normal -0.0438913 -0.83812 0.543718
    outer loop
      vertex 5.13278 -0.388714 1.31149
      vertex 5.13963 -0.407393 1.28325
      vertex 5.14059 -0.389123 1.31149
    endloop
  endfacet
  facet normal -0.0405788 -0.773875 0.632037
    outer loop
      vertex 5.13963 -0.407393 1.28325
      vertex 5.13183 -0.406984 1.28325
      vertex 5.13076 -0.427403 1.25818
    endloop
  endfacet
  facet normal -0.0405788 -0.773875 0.632037
    outer loop
      vertex 5.13856 -0.427812 1.25818
      vertex 5.13963 -0.407393 1.28325
      vertex 5.13076 -0.427403 1.25818
    endloop
  endfacet
  facet normal -0.0365041 -0.696167 0.716951
    outer loop
      vertex 5.13856 -0.427812 1.25818
      vertex 5.13076 -0.427403 1.25818
      vertex 5.12959 -0.449741 1.23643
    endloop
  endfacet
  facet normal -0.0365041 -0.696167 0.716951
    outer loop
      vertex 5.13739 -0.45015 1.23643
      vertex 5.13856 -0.427812 1.25818
      vertex 5.12959 -0.449741 1.23643
    endloop
  endfacet
  facet normal -0.0316293 -0.603199 0.796963
    outer loop
      vertex 5.12959 -0.449741 1.23643
      vertex 5.13612 -0.474394 1.21803
      vertex 5.13739 -0.45015 1.23643
    endloop
  endfacet
  facet normal -0.0315885 -0.603193 0.79697
    outer loop
      vertex 5.13612 -0.474394 1.21803
      vertex 5.12959 -0.449741 1.23643
      vertex 5.12831 -0.473985 1.21803
    endloop
  endfacet
  facet normal -0.0260593 -0.497612 0.867008
    outer loop
      vertex 5.12831 -0.473985 1.21803
      vertex 5.13475 -0.500527 1.20299
      vertex 5.13612 -0.474394 1.21803
    endloop
  endfacet
  facet normal -0.026093 -0.497618 0.867004
    outer loop
      vertex 5.13475 -0.500527 1.20299
      vertex 5.12831 -0.473985 1.21803
      vertex 5.12695 -0.500118 1.20299
    endloop
  endfacet
  facet normal -0.0201467 -0.384216 0.923024
    outer loop
      vertex 5.13475 -0.500527 1.20299
      vertex 5.12695 -0.500118 1.20299
      vertex 5.12547 -0.528172 1.19128
    endloop
  endfacet
  facet normal -0.0200728 -0.384237 0.923016
    outer loop
      vertex 5.13328 -0.52858 1.19128
      vertex 5.13475 -0.500527 1.20299
      vertex 5.12547 -0.528172 1.19128
    endloop
  endfacet
  facet normal -0.0139591 -0.267206 0.963538
    outer loop
      vertex 5.13328 -0.52858 1.19128
      vertex 5.12547 -0.528172 1.19128
      vertex 5.12492 -0.538853 1.18831
    endloop
  endfacet
  facet normal -0.014001 -0.267169 0.963548
    outer loop
      vertex 5.13328 -0.52858 1.19128
      vertex 5.12877 -0.539055 1.18831
      vertex 5.13272 -0.539262 1.18831
    endloop
  endfacet
  facet normal -0.0324595 -0.259676 0.96515
    outer loop
      vertex 5.13328 -0.52858 1.19128
      vertex 5.12873 -0.53905 1.18831
      vertex 5.12877 -0.539055 1.18831
    endloop
  endfacet
  facet normal 0 0 1
    outer loop
      vertex 5.12873 -0.53905 1.18831
      vertex 5.12492 -0.538853 1.18831
      vertex 5.12873 -0.539053 1.18831
    endloop
  endfacet
  facet normal -0.0138216 -0.26731 0.963511
    outer loop
      vertex 5.12492 -0.538853 1.18831
      vertex 5.12873 -0.53905 1.18831
      vertex 5.13328 -0.52858 1.19128
    endloop
  endfacet
  facet normal -0.0524213 -0.998625 0
    outer loop
      vertex 5.12873 -0.539053 1.18831
      vertex 5.12492 -0.538853 1.18831
      vertex 5.12492 -0.538853 1.1882
    endloop
  endfacet
  facet normal -0.0523333 -0.99863 0
    outer loop
      vertex 5.12877 -0.539055 0.959946
      vertex 5.13272 -0.539262 1.18831
      vertex 5.12877 -0.539055 1.18831
    endloop
  endfacet
  facet normal -0.0523333 -0.99863 0
    outer loop
      vertex 5.12877 -0.539055 0.959946
      vertex 5.13272 -0.539262 0.959945
      vertex 5.13272 -0.539262 1.18831
    endloop
  endfacet
  facet normal -0.0520743 -0.994145 0.0946805
    outer loop
      vertex 5.13272 -0.539262 0.959945
      vertex 5.12877 -0.539055 0.959946
      vertex 5.12873 -0.539053 0.959945
    endloop
  endfacet
  facet normal 0.0102722 0.196106 -0.980529
    outer loop
      vertex 5.13272 -0.539262 0.959945
      vertex 5.12873 -0.539053 0.959945
      vertex 5.12873 -0.539048 0.959946
    endloop
  endfacet
  facet normal 0.0116599 0.221954 -0.974987
    outer loop
      vertex 5.12873 -0.539048 0.959946
      vertex 5.13389 -0.516938 0.965041
      vertex 5.13272 -0.539262 0.959945
    endloop
  endfacet
  facet normal 0.0116386 0.221958 -0.974987
    outer loop
      vertex 5.12873 -0.539048 0.959946
      vertex 5.12609 -0.516529 0.965041
      vertex 5.13389 -0.516938 0.965041
    endloop
  endfacet
  facet normal 0.0116137 0.221956 -0.974988
    outer loop
      vertex 5.12496 -0.538451 0.960037
      vertex 5.12609 -0.516529 0.965041
      vertex 5.12873 -0.539048 0.959946
    endloop
  endfacet
  facet normal 0.378633 -0.224478 0.897912
    outer loop
      vertex 5.12496 -0.538459 0.960035
      vertex 5.12609 -0.516529 0.965041
      vertex 5.12496 -0.538451 0.960037
    endloop
  endfacet
  facet normal 0.0270938 0.221138 -0.974866
    outer loop
      vertex 5.12495 -0.538471 0.960032
      vertex 5.12609 -0.516529 0.965041
      vertex 5.12496 -0.538459 0.960035
    endloop
  endfacet
  facet normal 0.0294746 0.221006 -0.974827
    outer loop
      vertex 5.12609 -0.516529 0.965041
      vertex 5.12495 -0.538471 0.960032
      vertex 5.12493 -0.538658 0.959989
    endloop
  endfacet
  facet normal 0.016645 0.317436 -0.948134
    outer loop
      vertex 5.13389 -0.516938 0.965041
      vertex 5.1279 -0.481848 0.976684
      vertex 5.1357 -0.482257 0.976684
    endloop
  endfacet
  facet normal 0.016645 0.317436 -0.948134
    outer loop
      vertex 5.1279 -0.481848 0.976684
      vertex 5.13389 -0.516938 0.965041
      vertex 5.12609 -0.516529 0.965041
    endloop
  endfacet
  facet normal 0.0216358 0.412614 -0.910649
    outer loop
      vertex 5.12963 -0.448904 0.991652
      vertex 5.1357 -0.482257 0.976684
      vertex 5.1279 -0.481848 0.976684
    endloop
  endfacet
  facet normal 0.0215825 0.412607 -0.910654
    outer loop
      vertex 5.13743 -0.449312 0.991652
      vertex 5.1357 -0.482257 0.976684
      vertex 5.12963 -0.448904 0.991652
    endloop
  endfacet
  facet normal 0.0263941 0.504592 -0.862954
    outer loop
      vertex 5.13126 -0.417696 1.00995
      vertex 5.13743 -0.449312 0.991652
      vertex 5.12963 -0.448904 0.991652
    endloop
  endfacet
  facet normal 0.0264251 0.504596 -0.862951
    outer loop
      vertex 5.13907 -0.418105 1.00995
      vertex 5.13743 -0.449312 0.991652
      vertex 5.13126 -0.417696 1.00995
    endloop
  endfacet
  facet normal 0.0308967 0.589983 -0.806824
    outer loop
      vertex 5.13281 -0.388211 1.03157
      vertex 5.13907 -0.418105 1.00995
      vertex 5.13126 -0.417696 1.00995
    endloop
  endfacet
  facet normal 0.0309365 0.589988 -0.806819
    outer loop
      vertex 5.14061 -0.38862 1.03157
      vertex 5.13907 -0.418105 1.00995
      vertex 5.13281 -0.388211 1.03157
    endloop
  endfacet
  facet normal 0.035021 0.667108 -0.744138
    outer loop
      vertex 5.14061 -0.38862 1.03157
      vertex 5.13426 -0.360478 1.0565
      vertex 5.14207 -0.360888 1.0565
    endloop
  endfacet
  facet normal 0.0349802 0.667103 -0.744144
    outer loop
      vertex 5.13426 -0.360478 1.0565
      vertex 5.14061 -0.38862 1.03157
      vertex 5.13281 -0.388211 1.03157
    endloop
  endfacet
  facet normal 0.0386922 0.73704 -0.674741
    outer loop
      vertex 5.1356 -0.33497 1.08444
      vertex 5.14207 -0.360888 1.0565
      vertex 5.13426 -0.360478 1.0565
    endloop
  endfacet
  facet normal 0.0386471 0.737036 -0.674748
    outer loop
      vertex 5.1434 -0.335379 1.08444
      vertex 5.14207 -0.360888 1.0565
      vertex 5.1356 -0.33497 1.08444
    endloop
  endfacet
  facet normal 0.041952 0.800063 -0.598448
    outer loop
      vertex 5.1368 -0.312174 1.115
      vertex 5.1434 -0.335379 1.08444
      vertex 5.1356 -0.33497 1.08444
    endloop
  endfacet
  facet normal 0.041952 0.800063 -0.598448
    outer loop
      vertex 5.1446 -0.312583 1.115
      vertex 5.1434 -0.335379 1.08444
      vertex 5.1368 -0.312174 1.115
    endloop
  endfacet
  facet normal 0.0449045 0.85428 -0.51787
    outer loop
      vertex 5.1446 -0.312583 1.115
      vertex 5.13785 -0.29209 1.14822
      vertex 5.14565 -0.2925 1.14822
    endloop
  endfacet
  facet normal 0.0447946 0.854274 -0.517889
    outer loop
      vertex 5.13785 -0.29209 1.14822
      vertex 5.1446 -0.312583 1.115
      vertex 5.1368 -0.312174 1.115
    endloop
  endfacet
  facet normal 0.0472413 0.898736 -0.435938
    outer loop
      vertex 5.13876 -0.274734 1.1841
      vertex 5.14565 -0.2925 1.14822
      vertex 5.13785 -0.29209 1.14822
    endloop
  endfacet
  facet normal 0.0472413 0.898736 -0.435938
    outer loop
      vertex 5.14656 -0.275144 1.1841
      vertex 5.14565 -0.2925 1.14822
      vertex 5.13876 -0.274734 1.1841
    endloop
  endfacet
  facet normal 0.0490592 0.933321 -0.355674
    outer loop
      vertex 5.13952 -0.260106 1.22259
      vertex 5.14656 -0.275144 1.1841
      vertex 5.13876 -0.274734 1.1841
    endloop
  endfacet
  facet normal 0.0488767 0.933319 -0.355707
    outer loop
      vertex 5.14733 -0.260515 1.22259
      vertex 5.14656 -0.275144 1.1841
      vertex 5.13952 -0.260106 1.22259
    endloop
  endfacet
  facet normal 0.0502893 0.959063 -0.278692
    outer loop
      vertex 5.14733 -0.260515 1.22259
      vertex 5.14015 -0.248175 1.26376
      vertex 5.14795 -0.248584 1.26376
    endloop
  endfacet
  facet normal 0.0502249 0.959063 -0.278703
    outer loop
      vertex 5.14015 -0.248175 1.26376
      vertex 5.14733 -0.260515 1.22259
      vertex 5.13952 -0.260106 1.22259
    endloop
  endfacet
  facet normal 0.051242 0.977232 -0.205892
    outer loop
      vertex 5.14063 -0.238972 1.30756
      vertex 5.14795 -0.248584 1.26376
      vertex 5.14015 -0.248175 1.26376
    endloop
  endfacet
  facet normal 0.0511169 0.977234 -0.205913
    outer loop
      vertex 5.14843 -0.23938 1.30756
      vertex 5.14795 -0.248584 1.26376
      vertex 5.14063 -0.238972 1.30756
    endloop
  endfacet
  facet normal 0.0517319 0.988992 -0.138633
    outer loop
      vertex 5.14097 -0.23248 1.354
      vertex 5.14843 -0.23938 1.30756
      vertex 5.14063 -0.238972 1.30756
    endloop
  endfacet
  facet normal 0.0518585 0.988988 -0.138612
    outer loop
      vertex 5.14877 -0.232889 1.354
      vertex 5.14843 -0.23938 1.30756
      vertex 5.14097 -0.23248 1.354
    endloop
  endfacet
  facet normal 0 0 -1
    outer loop
      vertex 5.14877 -0.232889 1.354
      vertex 5.14122 -0.22765 1.354
      vertex 5.14903 -0.228059 1.354
    endloop
  endfacet
  facet normal 0 -0 -1
    outer loop
      vertex 5.14122 -0.22765 1.354
      vertex 5.14877 -0.232889 1.354
      vertex 5.14097 -0.23248 1.354
    endloop
  endfacet
  facet normal -0.0508621 -0.97123 -0.232648
    outer loop
      vertex 5.14175 -0.217562 1.31177
      vertex 5.14903 -0.228059 1.354
      vertex 5.14122 -0.22765 1.354
    endloop
  endfacet
  facet normal -0.0508621 -0.97123 -0.232648
    outer loop
      vertex 5.14903 -0.228059 1.354
      vertex 5.14175 -0.217562 1.31177
      vertex 5.14956 -0.217971 1.31177
    endloop
  endfacet
  facet normal -0.0499994 -0.954756 -0.293156
    outer loop
      vertex 5.14239 -0.205418 1.27211
      vertex 5.14956 -0.217971 1.31177
      vertex 5.14175 -0.217562 1.31177
    endloop
  endfacet
  facet normal -0.0500635 -0.954757 -0.293144
    outer loop
      vertex 5.15019 -0.205827 1.27211
      vertex 5.14956 -0.217971 1.31177
      vertex 5.14239 -0.205418 1.27211
    endloop
  endfacet
  facet normal -0.0488881 -0.932339 -0.358264
    outer loop
      vertex 5.14313 -0.191216 1.23505
      vertex 5.15019 -0.205827 1.27211
      vertex 5.14239 -0.205418 1.27211
    endloop
  endfacet
  facet normal -0.0488254 -0.932338 -0.358275
    outer loop
      vertex 5.15094 -0.191625 1.23505
      vertex 5.15019 -0.205827 1.27211
      vertex 5.14313 -0.191216 1.23505
    endloop
  endfacet
  facet normal -0.0472923 -0.903064 -0.426894
    outer loop
      vertex 5.14399 -0.174957 1.20056
      vertex 5.15094 -0.191625 1.23505
      vertex 5.14313 -0.191216 1.23505
    endloop
  endfacet
  facet normal -0.0473531 -0.903066 -0.426883
    outer loop
      vertex 5.15179 -0.175366 1.20056
      vertex 5.15094 -0.191625 1.23505
      vertex 5.14399 -0.174957 1.20056
    endloop
  endfacet
  facet normal -0.0453919 -0.865665 -0.498561
    outer loop
      vertex 5.14495 -0.156641 1.16867
      vertex 5.15179 -0.175366 1.20056
      vertex 5.14399 -0.174957 1.20056
    endloop
  endfacet
  facet normal -0.0453919 -0.865665 -0.498561
    outer loop
      vertex 5.15275 -0.15705 1.16867
      vertex 5.15179 -0.175366 1.20056
      vertex 5.14495 -0.156641 1.16867
    endloop
  endfacet
  facet normal -0.0429735 -0.819544 -0.571403
    outer loop
      vertex 5.14601 -0.136268 1.13937
      vertex 5.15275 -0.15705 1.16867
      vertex 5.14495 -0.156641 1.16867
    endloop
  endfacet
  facet normal -0.0429183 -0.81954 -0.571413
    outer loop
      vertex 5.15275 -0.15705 1.16867
      vertex 5.14601 -0.136268 1.13937
      vertex 5.15382 -0.136677 1.13937
    endloop
  endfacet
  facet normal -0.0400322 -0.764429 -0.643464
    outer loop
      vertex 5.14719 -0.113838 1.11265
      vertex 5.15382 -0.136677 1.13937
      vertex 5.14601 -0.136268 1.13937
    endloop
  endfacet
  facet normal -0.0399853 -0.764424 -0.643472
    outer loop
      vertex 5.15499 -0.114246 1.11265
      vertex 5.15382 -0.136677 1.13937
      vertex 5.14719 -0.113838 1.11265
    endloop
  endfacet
  facet normal -0.0366156 -0.700005 -0.713199
    outer loop
      vertex 5.14847 -0.0893507 1.08855
      vertex 5.15499 -0.114246 1.11265
      vertex 5.14719 -0.113838 1.11265
    endloop
  endfacet
  facet normal -0.0367149 -0.700016 -0.713183
    outer loop
      vertex 5.15627 -0.0897598 1.08855
      vertex 5.15499 -0.114246 1.11265
      vertex 5.14847 -0.0893507 1.08855
    endloop
  endfacet
  facet normal -0.0329124 -0.627515 -0.777908
    outer loop
      vertex 5.14986 -0.0628824 1.06714
      vertex 5.15627 -0.0897598 1.08855
      vertex 5.14847 -0.0893507 1.08855
    endloop
  endfacet
  facet normal -0.0329124 -0.627515 -0.777908
    outer loop
      vertex 5.15766 -0.0632915 1.06714
      vertex 5.15627 -0.0897598 1.08855
      vertex 5.14986 -0.0628824 1.06714
    endloop
  endfacet
  facet normal -0.0286339 -0.545941 -0.837334
    outer loop
      vertex 5.15135 -0.0345249 1.0486
      vertex 5.15766 -0.0632915 1.06714
      vertex 5.14986 -0.0628824 1.06714
    endloop
  endfacet
  facet normal -0.0286339 -0.545941 -0.837334
    outer loop
      vertex 5.15915 -0.034934 1.0486
      vertex 5.15766 -0.0632915 1.06714
      vertex 5.15135 -0.0345249 1.0486
    endloop
  endfacet
  facet normal -0.024055 -0.459193 -0.888011
    outer loop
      vertex 5.15915 -0.034934 1.0486
      vertex 5.15293 -0.00424671 1.0329
      vertex 5.16074 -0.00465584 1.0329
    endloop
  endfacet
  facet normal -0.0240843 -0.459197 -0.888008
    outer loop
      vertex 5.15293 -0.00424671 1.0329
      vertex 5.15915 -0.034934 1.0486
      vertex 5.15135 -0.0345249 1.0486
    endloop
  endfacet
  facet normal -0.0193753 -0.36986 -0.928885
    outer loop
      vertex 5.15293 -0.00424671 1.0329
      vertex 5.15375 -0.000170887 1.03126
      vertex 5.16074 -0.00465584 1.0329
    endloop
  endfacet
  facet normal 0.707107 0 -0.707107
    outer loop
      vertex 5.15317 -0.000201225 1.03129
      vertex 5.15316 -0.000180149 1.03128
      vertex 5.15317 -0.000198548 1.03129
    endloop
  endfacet
  facet normal 0.0595077 0.450816 0.890631
    outer loop
      vertex 5.15316 -0.000140637 1.03126
      vertex 5.15316 -0.000180149 1.03128
      vertex 5.15317 -0.000201225 1.03129
    endloop
  endfacet
  facet normal -1 0 0
    outer loop
      vertex 5.15316 -0.000180149 1.03128
      vertex 5.15316 -0.000140637 1.03126
      vertex 5.15316 -0.000160514 1.03127
    endloop
  endfacet
  facet normal -0.589701 -0.270857 -0.760848
    outer loop
      vertex 5.15316 -0.000140637 1.03126
      vertex 5.15293 -0.00424671 1.0329
      vertex 5.15316 -1.85152e-07 1.03121
    endloop
  endfacet
  facet normal 0.370407 -0.362353 -0.855277
    outer loop
      vertex 5.15317 -0.000201225 1.03129
      vertex 5.15293 -0.00424671 1.0329
      vertex 5.15316 -0.000140637 1.03126
    endloop
  endfacet
  facet normal -0.0288123 -0.368138 -0.929325
    outer loop
      vertex 5.15375 -0.000170887 1.03126
      vertex 5.15293 -0.00424671 1.0329
      vertex 5.15317 -0.000201225 1.03129
    endloop
  endfacet
  facet normal -0.0192701 -0.36874 -0.929333
    outer loop
      vertex 5.16074 -0.00465584 1.0329
      vertex 5.15701 0 1.03113
      vertex 5.16097 -0.000206947 1.03113
    endloop
  endfacet
  facet normal -0.0178005 -0.367727 -0.929763
    outer loop
      vertex 5.15701 0 1.03113
      vertex 5.16074 -0.00465584 1.0329
      vertex 5.15375 -0.000170887 1.03126
    endloop
  endfacet
  facet normal 0.0523305 0.998629 -0.0011296
    outer loop
      vertex 5.15382 0.000166892 1.26194
      vertex 5.15317 0.000201225 1.26218
      vertex 5.15701 0 1.26218
    endloop
  endfacet
  facet normal 0.0527465 0.998608 0
    outer loop
      vertex 5.15317 0.000201225 1.26218
      vertex 5.15382 0.000166892 1.26194
      vertex 5.15317 0.000201225 1.26189
    endloop
  endfacet
  facet normal 0.0521881 0.998637 -0
    outer loop
      vertex 5.16097 -0.000206947 1.03113
      vertex 5.15701 0 1.26218
      vertex 5.16097 -0.000206947 1.26218
    endloop
  endfacet
  facet normal 0.0521881 0.998637 0
    outer loop
      vertex 5.15701 0 1.26218
      vertex 5.16097 -0.000206947 1.03113
      vertex 5.15701 0 1.03113
    endloop
  endfacet
  facet normal 0.0299604 0.573303 0.818796
    outer loop
      vertex 5.15701 0 1.26218
      vertex 5.1599 -0.020503 1.27643
      vertex 5.16097 -0.000206947 1.26218
    endloop
  endfacet
  facet normal 0.0300421 0.573297 0.818797
    outer loop
      vertex 5.1521 -0.0200949 1.27643
      vertex 5.15701 0 1.26218
      vertex 5.15317 0.000201225 1.26218
    endloop
  endfacet
  facet normal 0.0299956 0.573305 0.818793
    outer loop
      vertex 5.15701 0 1.26218
      vertex 5.1521 -0.0200949 1.27643
      vertex 5.1599 -0.020503 1.27643
    endloop
  endfacet
  facet normal 0.0348977 0.666998 0.744242
    outer loop
      vertex 5.1599 -0.020503 1.27643
      vertex 5.1521 -0.0200949 1.27643
      vertex 5.15094 -0.0423727 1.29645
    endloop
  endfacet
  facet normal 0.0349061 0.666996 0.744243
    outer loop
      vertex 5.15874 -0.0427809 1.29645
      vertex 5.1599 -0.020503 1.27643
      vertex 5.15094 -0.0423727 1.29645
    endloop
  endfacet
  facet normal 0.0391342 0.747787 0.662785
    outer loop
      vertex 5.15874 -0.0427809 1.29645
      vertex 5.15094 -0.0423727 1.29645
      vertex 5.14987 -0.0627909 1.31955
    endloop
  endfacet
  facet normal 0.0392195 0.747768 0.662801
    outer loop
      vertex 5.15767 -0.0632 1.31955
      vertex 5.15874 -0.0427809 1.29645
      vertex 5.14987 -0.0627909 1.31955
    endloop
  endfacet
  facet normal 0.0427861 0.81577 0.576791
    outer loop
      vertex 5.15767 -0.0632 1.31955
      vertex 5.14987 -0.0627909 1.31955
      vertex 5.14891 -0.0810461 1.34544
    endloop
  endfacet
  facet normal 0.0427861 0.81577 0.576791
    outer loop
      vertex 5.15671 -0.0814552 1.34544
      vertex 5.15767 -0.0632 1.31955
      vertex 5.14891 -0.0810461 1.34544
    endloop
  endfacet
  facet normal 0.0457478 0.872238 0.486938
    outer loop
      vertex 5.14891 -0.0810461 1.34544
      vertex 5.15588 -0.0972719 1.37385
      vertex 5.15671 -0.0814552 1.34544
    endloop
  endfacet
  facet normal 0.0457478 0.872238 0.486938
    outer loop
      vertex 5.15588 -0.0972719 1.37385
      vertex 5.14891 -0.0810461 1.34544
      vertex 5.14808 -0.0968628 1.37385
    endloop
  endfacet
  facet normal 0.0480508 0.916148 0.39795
    outer loop
      vertex 5.14808 -0.0968628 1.37385
      vertex 5.15518 -0.110666 1.40477
      vertex 5.15588 -0.0972719 1.37385
    endloop
  endfacet
  facet normal 0.048039 0.916147 0.397952
    outer loop
      vertex 5.15518 -0.110666 1.40477
      vertex 5.14808 -0.0968628 1.37385
      vertex 5.14738 -0.110257 1.40477
    endloop
  endfacet
  facet normal 0.049756 0.948891 0.311657
    outer loop
      vertex 5.14738 -0.110257 1.40477
      vertex 5.1546 -0.121622 1.43822
      vertex 5.15518 -0.110666 1.40477
    endloop
  endfacet
  facet normal 0.049756 0.948891 0.311657
    outer loop
      vertex 5.1546 -0.121622 1.43822
      vertex 5.14738 -0.110257 1.40477
      vertex 5.1468 -0.121213 1.43822
    endloop
  endfacet
  facet normal 0.0509481 0.971626 0.230969
    outer loop
      vertex 5.1468 -0.121213 1.43822
      vertex 5.15416 -0.13014 1.47415
      vertex 5.1546 -0.121622 1.43822
    endloop
  endfacet
  facet normal 0.0509481 0.971626 0.230969
    outer loop
      vertex 5.15416 -0.13014 1.47415
      vertex 5.1468 -0.121213 1.43822
      vertex 5.14636 -0.129731 1.47415
    endloop
  endfacet
  facet normal 0.0517202 0.986352 0.156318
    outer loop
      vertex 5.14636 -0.129731 1.47415
      vertex 5.15384 -0.13622 1.51262
      vertex 5.15416 -0.13014 1.47415
    endloop
  endfacet
  facet normal 0.0517202 0.986352 0.156318
    outer loop
      vertex 5.15384 -0.13622 1.51262
      vertex 5.14636 -0.129731 1.47415
      vertex 5.14604 -0.135811 1.51262
    endloop
  endfacet
  facet normal 0.052156 0.994663 0.0890259
    outer loop
      vertex 5.15384 -0.13622 1.51262
      vertex 5.14585 -0.139468 1.55359
      vertex 5.15365 -0.139877 1.55359
    endloop
  endfacet
  facet normal 0.052156 0.994663 0.0890259
    outer loop
      vertex 5.14585 -0.139468 1.55359
      vertex 5.15384 -0.13622 1.51262
      vertex 5.14604 -0.135811 1.51262
    endloop
  endfacet
  facet normal 0.0523433 0.998235 0.0280578
    outer loop
      vertex 5.15365 -0.139877 1.55359
      vertex 5.14578 -0.140687 1.59709
      vertex 5.15358 -0.141096 1.59709
    endloop
  endfacet
  facet normal 0.0523433 0.998235 0.0280578
    outer loop
      vertex 5.14578 -0.140687 1.59709
      vertex 5.15365 -0.139877 1.55359
      vertex 5.14585 -0.139468 1.55359
    endloop
  endfacet
  facet normal 0.052364 0.998628 -0
    outer loop
      vertex 5.15358 -0.141096 1.59709
      vertex 5.14578 -0.140687 1.71562
      vertex 5.15358 -0.141096 1.71562
    endloop
  endfacet
  facet normal 0.052364 0.998628 0
    outer loop
      vertex 5.14578 -0.140687 1.71562
      vertex 5.15358 -0.141096 1.59709
      vertex 5.14578 -0.140687 1.59709
    endloop
  endfacet
  facet normal 0 0 1
    outer loop
      vertex 5.14578 -0.140687 1.71562
      vertex 5.14371 -0.329482 1.71562
      vertex 5.15358 -0.141096 1.71562
    endloop
  endfacet
  facet normal 0 -0 1
    outer loop
      vertex 5.14371 -0.329482 1.71562
      vertex 5.14578 -0.140687 1.71562
      vertex 5.13591 -0.329073 1.71562
    endloop
  endfacet
  facet normal -0.052364 -0.998628 0
    outer loop
      vertex 5.13591 -0.329073 1.59225
      vertex 5.14371 -0.329482 1.71562
      vertex 5.13591 -0.329073 1.71562
    endloop
  endfacet
  facet normal -0.052364 -0.998628 -0
    outer loop
      vertex 5.14371 -0.329482 1.71562
      vertex 5.13591 -0.329073 1.59225
      vertex 5.14371 -0.329482 1.59225
    endloop
  endfacet
  facet normal -0.040309 -0.768729 -0.638303
    outer loop
      vertex 5.12509 -0.535607 2.86014
      vertex 5.13272 -0.539262 2.86406
      vertex 5.12492 -0.538853 2.86406
    endloop
  endfacet
  facet normal -0.040309 -0.768729 -0.638303
    outer loop
      vertex 5.13289 -0.536016 2.86014
      vertex 5.13272 -0.539262 2.86406
      vertex 5.12509 -0.535607 2.86014
    endloop
  endfacet
  facet normal -0.0404903 -0.772187 -0.634104
    outer loop
      vertex 5.12769 -0.485947 2.7995
      vertex 5.13289 -0.536016 2.86014
      vertex 5.12509 -0.535607 2.86014
    endloop
  endfacet
  facet normal -0.0404903 -0.772187 -0.634104
    outer loop
      vertex 5.13289 -0.536016 2.86014
      vertex 5.12769 -0.485947 2.7995
      vertex 5.13549 -0.486356 2.7995
    endloop
  endfacet
  facet normal -0.0402039 -0.766724 -0.640717
    outer loop
      vertex 5.13011 -0.43967 2.74397
      vertex 5.13549 -0.486356 2.7995
      vertex 5.12769 -0.485947 2.7995
    endloop
  endfacet
  facet normal -0.0401523 -0.766723 -0.640721
    outer loop
      vertex 5.13792 -0.440079 2.74397
      vertex 5.13549 -0.486356 2.7995
      vertex 5.13011 -0.43967 2.74397
    endloop
  endfacet
  facet normal -0.0397981 -0.75996 -0.648751
    outer loop
      vertex 5.13236 -0.396729 2.69353
      vertex 5.13792 -0.440079 2.74397
      vertex 5.13011 -0.43967 2.74397
    endloop
  endfacet
  facet normal -0.0397981 -0.75996 -0.648751
    outer loop
      vertex 5.14017 -0.397138 2.69353
      vertex 5.13792 -0.440079 2.74397
      vertex 5.13236 -0.396729 2.69353
    endloop
  endfacet
  facet normal -0.0393773 -0.751924 -0.658073
    outer loop
      vertex 5.13444 -0.357157 2.64819
      vertex 5.14017 -0.397138 2.69353
      vertex 5.13236 -0.396729 2.69353
    endloop
  endfacet
  facet normal -0.0393313 -0.751922 -0.658078
    outer loop
      vertex 5.14017 -0.397138 2.69353
      vertex 5.13444 -0.357157 2.64819
      vertex 5.14224 -0.357565 2.64819
    endloop
  endfacet
  facet normal -0.0387992 -0.741749 -0.669554
    outer loop
      vertex 5.13634 -0.320951 2.60797
      vertex 5.14224 -0.357565 2.64819
      vertex 5.13444 -0.357157 2.64819
    endloop
  endfacet
  facet normal -0.0388945 -0.741753 -0.669544
    outer loop
      vertex 5.14224 -0.357565 2.64819
      vertex 5.13634 -0.320951 2.60797
      vertex 5.14414 -0.32136 2.60797
    endloop
  endfacet
  facet normal -0.0382182 -0.728855 -0.683601
    outer loop
      vertex 5.13806 -0.288083 2.57283
      vertex 5.14414 -0.32136 2.60797
      vertex 5.13634 -0.320951 2.60797
    endloop
  endfacet
  facet normal -0.0382182 -0.728855 -0.683601
    outer loop
      vertex 5.14586 -0.288492 2.57283
      vertex 5.14414 -0.32136 2.60797
      vertex 5.13806 -0.288083 2.57283
    endloop
  endfacet
  facet normal -0.0373365 -0.712041 -0.701144
    outer loop
      vertex 5.1396 -0.258613 2.54282
      vertex 5.14586 -0.288492 2.57283
      vertex 5.13806 -0.288083 2.57283
    endloop
  endfacet
  facet normal -0.0373365 -0.712041 -0.701144
    outer loop
      vertex 5.14586 -0.288492 2.57283
      vertex 5.1396 -0.258613 2.54282
      vertex 5.1474 -0.259022 2.54282
    endloop
  endfacet
  facet normal -0.0361262 -0.688959 -0.7239
    outer loop
      vertex 5.14097 -0.23248 2.51788
      vertex 5.1474 -0.259022 2.54282
      vertex 5.1396 -0.258613 2.54282
    endloop
  endfacet
  facet normal -0.0361262 -0.688959 -0.7239
    outer loop
      vertex 5.14877 -0.232889 2.51788
      vertex 5.1474 -0.259022 2.54282
      vertex 5.14097 -0.23248 2.51788
    endloop
  endfacet
  facet normal -0.0347088 -0.661928 -0.748764
    outer loop
      vertex 5.14877 -0.232889 2.51788
      vertex 5.14225 -0.208023 2.4962
      vertex 5.15005 -0.208432 2.4962
    endloop
  endfacet
  facet normal -0.0347088 -0.661928 -0.748764
    outer loop
      vertex 5.14225 -0.208023 2.4962
      vertex 5.14877 -0.232889 2.51788
      vertex 5.14097 -0.23248 2.51788
    endloop
  endfacet
  facet normal -0.0334262 -0.637467 -0.769752
    outer loop
      vertex 5.15005 -0.208432 2.4962
      vertex 5.14354 -0.183566 2.47589
      vertex 5.15134 -0.183975 2.47589
    endloop
  endfacet
  facet normal -0.0334262 -0.637467 -0.769752
    outer loop
      vertex 5.14354 -0.183566 2.47589
      vertex 5.15005 -0.208432 2.4962
      vertex 5.14225 -0.208023 2.4962
    endloop
  endfacet
  facet normal -0.0320139 -0.610534 -0.791343
    outer loop
      vertex 5.14482 -0.15911 2.45697
      vertex 5.15134 -0.183975 2.47589
      vertex 5.14354 -0.183566 2.47589
    endloop
  endfacet
  facet normal -0.031935 -0.610523 -0.791355
    outer loop
      vertex 5.15262 -0.159518 2.45697
      vertex 5.15134 -0.183975 2.47589
      vertex 5.14482 -0.15911 2.45697
    endloop
  endfacet
  facet normal -0.0304269 -0.581691 -0.812841
    outer loop
      vertex 5.1461 -0.134653 2.43942
      vertex 5.15262 -0.159518 2.45697
      vertex 5.14482 -0.15911 2.45697
    endloop
  endfacet
  facet normal -0.0305021 -0.581702 -0.81283
    outer loop
      vertex 5.1539 -0.135062 2.43942
      vertex 5.15262 -0.159518 2.45697
      vertex 5.1461 -0.134653 2.43942
    endloop
  endfacet
  facet normal -0.0288397 -0.549998 -0.834668
    outer loop
      vertex 5.1539 -0.135062 2.43942
      vertex 5.14738 -0.110196 2.42326
      vertex 5.15518 -0.110605 2.42326
    endloop
  endfacet
  facet normal -0.0288397 -0.549998 -0.834668
    outer loop
      vertex 5.14738 -0.110196 2.42326
      vertex 5.1539 -0.135062 2.43942
      vertex 5.1461 -0.134653 2.43942
    endloop
  endfacet
  facet normal -0.0270508 -0.515757 -0.856308
    outer loop
      vertex 5.15518 -0.110605 2.42326
      vertex 5.14866 -0.0857239 2.40848
      vertex 5.15646 -0.086133 2.40848
    endloop
  endfacet
  facet normal -0.0270441 -0.515756 -0.856309
    outer loop
      vertex 5.14866 -0.0857239 2.40848
      vertex 5.15518 -0.110605 2.42326
      vertex 5.14738 -0.110196 2.42326
    endloop
  endfacet
  facet normal -0.0251492 -0.480115 -0.876845
    outer loop
      vertex 5.15646 -0.086133 2.40848
      vertex 5.14994 -0.0612822 2.39506
      vertex 5.15775 -0.0616913 2.39506
    endloop
  endfacet
  facet normal -0.0251817 -0.480121 -0.876841
    outer loop
      vertex 5.14994 -0.0612822 2.39506
      vertex 5.15646 -0.086133 2.40848
      vertex 5.14866 -0.0857239 2.40848
    endloop
  endfacet
  facet normal -0.0230363 -0.439779 -0.897811
    outer loop
      vertex 5.15123 -0.0368109 2.38304
      vertex 5.15775 -0.0616913 2.39506
      vertex 5.14994 -0.0612822 2.39506
    endloop
  endfacet
  facet normal -0.0230092 -0.439774 -0.897814
    outer loop
      vertex 5.15903 -0.037219 2.38304
      vertex 5.15775 -0.0616913 2.39506
      vertex 5.15123 -0.0368109 2.38304
    endloop
  endfacet
  facet normal -0.0207925 -0.397406 -0.917407
    outer loop
      vertex 5.15251 -0.0123386 2.37241
      vertex 5.15903 -0.037219 2.38304
      vertex 5.15123 -0.0368109 2.38304
    endloop
  endfacet
  facet normal -0.0208491 -0.397418 -0.917401
    outer loop
      vertex 5.16031 -0.0127478 2.37241
      vertex 5.15903 -0.037219 2.38304
      vertex 5.15251 -0.0123386 2.37241
    endloop
  endfacet
  facet normal -0.0183719 -0.350198 -0.936496
    outer loop
      vertex 5.15251 -0.0123386 2.37241
      vertex 5.15338 -0.000189934 2.36785
      vertex 5.16031 -0.0127478 2.37241
    endloop
  endfacet
  facet normal 0.636241 0.426292 0.643019
    outer loop
      vertex 5.15317 -0.000195157 2.36785
      vertex 5.15316 -0.000165148 2.36784
      vertex 5.15316 -0.000180232 2.36785
    endloop
  endfacet
  facet normal -0.707107 0 0.707107
    outer loop
      vertex 5.15317 -0.000195157 2.36785
      vertex 5.15316 -0.000150241 2.36784
      vertex 5.15316 -0.000165148 2.36784
    endloop
  endfacet
  facet normal 0.391207 -0.341319 -0.854669
    outer loop
      vertex 5.15316 -0.000150241 2.36784
      vertex 5.15251 -0.0123386 2.37241
      vertex 5.15316 -2.72139e-11 2.36778
    endloop
  endfacet
  facet normal -0.462506 -0.289543 -0.838005
    outer loop
      vertex 5.15317 -0.000195157 2.36785
      vertex 5.15251 -0.0123386 2.37241
      vertex 5.15316 -0.000150241 2.36784
    endloop
  endfacet
  facet normal 0.996628 -0.0701518 -0.0425681
    outer loop
      vertex 5.15317 -0.000201225 2.36786
      vertex 5.15251 -0.0123386 2.37241
      vertex 5.15317 -0.000195157 2.36785
    endloop
  endfacet
  facet normal -0.0257952 -0.349674 -0.936516
    outer loop
      vertex 5.15338 -0.000189934 2.36785
      vertex 5.15251 -0.0123386 2.37241
      vertex 5.15317 -0.000201225 2.36786
    endloop
  endfacet
  facet normal -0.0182926 -0.350036 -0.936558
    outer loop
      vertex 5.16031 -0.0127478 2.37241
      vertex 5.15701 0 2.36771
      vertex 5.16097 -0.000206947 2.36771
    endloop
  endfacet
  facet normal -0.017813 -0.34993 -0.936607
    outer loop
      vertex 5.15701 0 2.36771
      vertex 5.16031 -0.0127478 2.37241
      vertex 5.15338 -0.000189934 2.36785
    endloop
  endfacet
  facet normal 0.0523305 0.99863 0.000127491
    outer loop
      vertex 5.15347 0.000185526 2.59219
      vertex 5.15317 0.000201225 2.59236
      vertex 5.15701 0 2.59236
    endloop
  endfacet
  facet normal 0.0522585 0.998634 0
    outer loop
      vertex 5.15317 0.000201225 2.59236
      vertex 5.15347 0.000185526 2.59219
      vertex 5.15317 0.000201225 2.59218
    endloop
  endfacet
  facet normal 0.0521881 0.998637 -0
    outer loop
      vertex 5.16097 -0.000206947 2.36771
      vertex 5.15701 0 2.59236
      vertex 5.16097 -0.000206947 2.59236
    endloop
  endfacet
  facet normal 0.0521881 0.998637 0
    outer loop
      vertex 5.15701 0 2.59236
      vertex 5.16097 -0.000206947 2.36771
      vertex 5.15701 0 2.36771
    endloop
  endfacet
  facet normal 0.0214362 0.410189 0.911749
    outer loop
      vertex 5.15701 0 2.59236
      vertex 5.15251 -0.0123234 2.59801
      vertex 5.16097 -0.000206947 2.59236
    endloop
  endfacet
  facet normal 0.0214939 0.410171 0.911756
    outer loop
      vertex 5.15251 -0.0123234 2.59801
      vertex 5.15701 0 2.59236
      vertex 5.15317 0.000201225 2.59236
    endloop
  endfacet
  facet normal 0.0215115 0.410144 0.911767
    outer loop
      vertex 5.16031 -0.0127325 2.59801
      vertex 5.16097 -0.000206947 2.59236
      vertex 5.15251 -0.0123234 2.59801
    endloop
  endfacet
  facet normal 0.0247012 0.470959 0.881809
    outer loop
      vertex 5.15251 -0.0123234 2.59801
      vertex 5.15922 -0.0336084 2.60919
      vertex 5.16031 -0.0127325 2.59801
    endloop
  endfacet
  facet normal 0.0247012 0.470959 0.881809
    outer loop
      vertex 5.15922 -0.0336084 2.60919
      vertex 5.15251 -0.0123234 2.59801
      vertex 5.15142 -0.0331993 2.60919
    endloop
  endfacet
  facet normal 0.0271923 0.518456 0.854672
    outer loop
      vertex 5.15922 -0.0336084 2.60919
      vertex 5.15142 -0.0331993 2.60919
      vertex 5.15035 -0.0536175 2.62161
    endloop
  endfacet
  facet normal 0.0271923 0.518456 0.854672
    outer loop
      vertex 5.15815 -0.0540266 2.62161
      vertex 5.15922 -0.0336084 2.60919
      vertex 5.15035 -0.0536175 2.62161
    endloop
  endfacet
  facet normal 0.0288153 0.5494 0.835063
    outer loop
      vertex 5.15815 -0.0540266 2.62161
      vertex 5.15035 -0.0536175 2.62161
      vertex 5.14929 -0.0738077 2.63493
    endloop
  endfacet
  facet normal 0.0288153 0.5494 0.835063
    outer loop
      vertex 5.15709 -0.0742168 2.63493
      vertex 5.15815 -0.0540266 2.62161
      vertex 5.14929 -0.0738077 2.63493
    endloop
  endfacet
  facet normal 0.0304314 0.580212 0.813897
    outer loop
      vertex 5.15709 -0.0742168 2.63493
      vertex 5.14929 -0.0738077 2.63493
      vertex 5.14824 -0.09377 2.6492
    endloop
  endfacet
  facet normal 0.0303655 0.580232 0.813885
    outer loop
      vertex 5.15604 -0.0941782 2.6492
      vertex 5.15709 -0.0742168 2.63493
      vertex 5.14824 -0.09377 2.6492
    endloop
  endfacet
  facet normal 0.0318232 0.608087 0.793233
    outer loop
      vertex 5.15604 -0.0941782 2.6492
      vertex 5.14824 -0.09377 2.6492
      vertex 5.14721 -0.113518 2.66438
    endloop
  endfacet
  facet normal 0.0318846 0.608068 0.793245
    outer loop
      vertex 5.15501 -0.113927 2.66438
      vertex 5.15604 -0.0941782 2.6492
      vertex 5.14721 -0.113518 2.66438
    endloop
  endfacet
  facet normal 0.0333162 0.63537 0.771489
    outer loop
      vertex 5.14721 -0.113518 2.66438
      vertex 5.15399 -0.133447 2.6805
      vertex 5.15501 -0.113927 2.66438
    endloop
  endfacet
  facet normal 0.0332731 0.635362 0.771497
    outer loop
      vertex 5.15399 -0.133447 2.6805
      vertex 5.14721 -0.113518 2.66438
      vertex 5.14618 -0.133038 2.6805
    endloop
  endfacet
  facet normal 0.0345887 0.660483 0.750044
    outer loop
      vertex 5.14618 -0.133038 2.6805
      vertex 5.15298 -0.152722 2.69752
      vertex 5.15399 -0.133447 2.6805
    endloop
  endfacet
  facet normal 0.0345887 0.660483 0.750044
    outer loop
      vertex 5.15298 -0.152722 2.69752
      vertex 5.14618 -0.133038 2.6805
      vertex 5.14517 -0.152313 2.69752
    endloop
  endfacet
  facet normal 0.0358359 0.684299 0.72832
    outer loop
      vertex 5.14517 -0.152313 2.69752
      vertex 5.15198 -0.171785 2.71548
      vertex 5.15298 -0.152722 2.69752
    endloop
  endfacet
  facet normal 0.0358359 0.684299 0.72832
    outer loop
      vertex 5.15198 -0.171785 2.71548
      vertex 5.14517 -0.152313 2.69752
      vertex 5.14417 -0.171376 2.71548
    endloop
  endfacet
  facet normal 0.037009 0.7067 0.706545
    outer loop
      vertex 5.14417 -0.171376 2.71548
      vertex 5.15099 -0.190619 2.73437
      vertex 5.15198 -0.171785 2.71548
    endloop
  endfacet
  facet normal 0.0370568 0.706707 0.706535
    outer loop
      vertex 5.15099 -0.190619 2.73437
      vertex 5.14417 -0.171376 2.71548
      vertex 5.14319 -0.19021 2.73437
    endloop
  endfacet
  facet normal 0.0378716 0.722246 0.690598
    outer loop
      vertex 5.14319 -0.19021 2.73437
      vertex 5.15001 -0.209347 2.75401
      vertex 5.15099 -0.190619 2.73437
    endloop
  endfacet
  facet normal 0.0378716 0.722246 0.690598
    outer loop
      vertex 5.15001 -0.209347 2.75401
      vertex 5.14319 -0.19021 2.73437
      vertex 5.14221 -0.208938 2.75401
    endloop
  endfacet
  facet normal 0.0384255 0.73281 0.679348
    outer loop
      vertex 5.14221 -0.208938 2.75401
      vertex 5.14903 -0.228059 2.77425
      vertex 5.15001 -0.209347 2.75401
    endloop
  endfacet
  facet normal 0.038376 0.732803 0.679358
    outer loop
      vertex 5.14903 -0.228059 2.77425
      vertex 5.14221 -0.208938 2.75401
      vertex 5.14122 -0.22765 2.77425
    endloop
  endfacet
  facet normal 0.0388641 0.742124 0.669135
    outer loop
      vertex 5.14903 -0.228059 2.77425
      vertex 5.14122 -0.22765 2.77425
      vertex 5.14024 -0.246362 2.79506
    endloop
  endfacet
  facet normal 0.0388641 0.742124 0.669135
    outer loop
      vertex 5.14805 -0.246771 2.79506
      vertex 5.14903 -0.228059 2.77425
      vertex 5.14024 -0.246362 2.79506
    endloop
  endfacet
  facet normal 0.0393399 0.751209 0.658891
    outer loop
      vertex 5.14024 -0.246362 2.79506
      vertex 5.14706 -0.265498 2.81647
      vertex 5.14805 -0.246771 2.79506
    endloop
  endfacet
  facet normal 0.0393907 0.751216 0.65888
    outer loop
      vertex 5.14706 -0.265498 2.81647
      vertex 5.14024 -0.246362 2.79506
      vertex 5.13926 -0.265089 2.81647
    endloop
  endfacet
  facet normal 0.0398626 0.760217 0.648446
    outer loop
      vertex 5.14706 -0.265498 2.81647
      vertex 5.13926 -0.265089 2.81647
      vertex 5.13828 -0.283786 2.83845
    endloop
  endfacet
  facet normal 0.0398626 0.760217 0.648446
    outer loop
      vertex 5.14608 -0.284195 2.83845
      vertex 5.14706 -0.265498 2.81647
      vertex 5.13828 -0.283786 2.83845
    endloop
  endfacet
  facet normal 0.0402891 0.76835 0.638761
    outer loop
      vertex 5.13828 -0.283786 2.83845
      vertex 5.1451 -0.302907 2.86102
      vertex 5.14608 -0.284195 2.83845
    endloop
  endfacet
  facet normal 0.0402891 0.76835 0.638761
    outer loop
      vertex 5.1451 -0.302907 2.86102
      vertex 5.13828 -0.283786 2.83845
      vertex 5.1373 -0.302498 2.86102
    endloop
  endfacet
  facet normal 0.0406961 0.776112 0.62928
    outer loop
      vertex 5.1451 -0.302907 2.86102
      vertex 5.1373 -0.302498 2.86102
      vertex 5.13632 -0.321225 2.88418
    endloop
  endfacet
  facet normal 0.0406961 0.776112 0.62928
    outer loop
      vertex 5.14412 -0.321634 2.88418
      vertex 5.1451 -0.302907 2.86102
      vertex 5.13632 -0.321225 2.88418
    endloop
  endfacet
  facet normal 0.0411227 0.784246 0.619085
    outer loop
      vertex 5.14412 -0.321634 2.88418
      vertex 5.13632 -0.321225 2.88418
      vertex 5.13435 -0.358863 2.93199
    endloop
  endfacet
  facet normal 0.0411227 0.784246 0.619085
    outer loop
      vertex 5.14215 -0.359272 2.93199
      vertex 5.14412 -0.321634 2.88418
      vertex 5.13435 -0.358863 2.93199
    endloop
  endfacet
  facet normal 0.0408527 0.779097 0.625571
    outer loop
      vertex 5.13435 -0.358863 2.93199
      vertex 5.14114 -0.378578 2.9561
      vertex 5.14215 -0.359272 2.93199
    endloop
  endfacet
  facet normal 0.0408527 0.779097 0.625571
    outer loop
      vertex 5.14114 -0.378578 2.9561
      vertex 5.13435 -0.358863 2.93199
      vertex 5.13334 -0.378169 2.9561
    endloop
  endfacet
  facet normal 0.0405593 0.773503 0.632494
    outer loop
      vertex 5.13334 -0.378169 2.9561
      vertex 5.14011 -0.398296 2.98028
      vertex 5.14114 -0.378578 2.9561
    endloop
  endfacet
  facet normal 0.0405071 0.773497 0.632504
    outer loop
      vertex 5.14011 -0.398296 2.98028
      vertex 5.13334 -0.378169 2.9561
      vertex 5.1323 -0.397887 2.98028
    endloop
  endfacet
  facet normal 0.0402353 0.768308 0.638815
    outer loop
      vertex 5.1323 -0.397887 2.98028
      vertex 5.13905 -0.418395 3.00452
      vertex 5.14011 -0.398296 2.98028
    endloop
  endfacet
  facet normal 0.0402872 0.768313 0.638805
    outer loop
      vertex 5.13905 -0.418395 3.00452
      vertex 5.1323 -0.397887 2.98028
      vertex 5.13125 -0.417986 3.00452
    endloop
  endfacet
  facet normal 0.039985 0.76255 0.645692
    outer loop
      vertex 5.13905 -0.418395 3.00452
      vertex 5.13125 -0.417986 3.00452
      vertex 5.13017 -0.438497 3.02881
    endloop
  endfacet
  facet normal 0.0398378 0.762582 0.645664
    outer loop
      vertex 5.13798 -0.438905 3.02881
      vertex 5.13905 -0.418395 3.00452
      vertex 5.13017 -0.438497 3.02881
    endloop
  endfacet
  facet normal 0.0395711 0.757477 0.651662
    outer loop
      vertex 5.13017 -0.438497 3.02881
      vertex 5.13688 -0.459796 3.05316
      vertex 5.13798 -0.438905 3.02881
    endloop
  endfacet
  facet normal 0.0396221 0.757482 0.651653
    outer loop
      vertex 5.13688 -0.459796 3.05316
      vertex 5.13017 -0.438497 3.02881
      vertex 5.12908 -0.459388 3.05316
    endloop
  endfacet
  facet normal 0.0393266 0.751833 0.65818
    outer loop
      vertex 5.13688 -0.459796 3.05316
      vertex 5.12908 -0.459388 3.05316
      vertex 5.12796 -0.48069 3.07756
    endloop
  endfacet
  facet normal 0.039372 0.751823 0.658188
    outer loop
      vertex 5.13577 -0.481099 3.07756
      vertex 5.13688 -0.459796 3.05316
      vertex 5.12796 -0.48069 3.07756
    endloop
  endfacet
  facet normal 0.0391054 0.746731 0.663976
    outer loop
      vertex 5.13577 -0.481099 3.07756
      vertex 5.12796 -0.48069 3.07756
      vertex 5.12683 -0.502389 3.10203
    endloop
  endfacet
  facet normal 0.0390603 0.74674 0.663968
    outer loop
      vertex 5.13463 -0.502797 3.10203
      vertex 5.13577 -0.481099 3.07756
      vertex 5.12683 -0.502389 3.10203
    endloop
  endfacet
  facet normal 0.0385684 0.737337 0.674424
    outer loop
      vertex 5.12683 -0.502389 3.10203
      vertex 5.13346 -0.524999 3.12637
      vertex 5.13463 -0.502797 3.10203
    endloop
  endfacet
  facet normal 0.0386634 0.737347 0.674407
    outer loop
      vertex 5.13346 -0.524999 3.12637
      vertex 5.12683 -0.502389 3.10203
      vertex 5.12566 -0.52459 3.12637
    endloop
  endfacet
  facet normal 0.0379383 0.723518 0.689262
    outer loop
      vertex 5.12566 -0.52459 3.12637
      vertex 5.12514 -0.538481 3.14098
      vertex 5.13346 -0.524999 3.12637
    endloop
  endfacet
  facet normal 1 0 0
    outer loop
      vertex 5.12493 -0.538611 3.14113
      vertex 5.12493 -0.538658 3.14118
      vertex 5.12493 -0.538649 3.14117
    endloop
  endfacet
  facet normal 0.172257 -0.717736 -0.674672
    outer loop
      vertex 5.12494 -0.538571 3.14109
      vertex 5.12493 -0.538658 3.14118
      vertex 5.12493 -0.538611 3.14113
    endloop
  endfacet
  facet normal -0.579684 0.630091 0.516674
    outer loop
      vertex 5.12495 -0.538488 3.141
      vertex 5.12494 -0.538571 3.14109
      vertex 5.12495 -0.538529 3.14105
    endloop
  endfacet
  facet normal 0.014717 -0.735851 -0.676983
    outer loop
      vertex 5.12496 -0.538451 3.14096
      vertex 5.12494 -0.538571 3.14109
      vertex 5.12495 -0.538488 3.141
    endloop
  endfacet
  facet normal -0.194205 0.715994 0.67055
    outer loop
      vertex 5.12494 -0.538571 3.14109
      vertex 5.12566 -0.52459 3.12637
      vertex 5.12493 -0.538658 3.14118
    endloop
  endfacet
  facet normal 0.180469 0.708745 0.681991
    outer loop
      vertex 5.12496 -0.538451 3.14096
      vertex 5.12566 -0.52459 3.12637
      vertex 5.12494 -0.538571 3.14109
    endloop
  endfacet
  facet normal 0.0439604 0.723232 0.689204
    outer loop
      vertex 5.12514 -0.538481 3.14098
      vertex 5.12566 -0.52459 3.12637
      vertex 5.12496 -0.538451 3.14096
    endloop
  endfacet
  facet normal 0.0429299 0.818477 0.572934
    outer loop
      vertex 5.13272 -0.539262 3.14139
      vertex 5.12864 -0.539034 3.14137
      vertex 5.12864 -0.539048 3.14139
    endloop
  endfacet
  facet normal 0.0370661 0.723733 0.689084
    outer loop
      vertex 5.13346 -0.524999 3.12637
      vertex 5.12864 -0.539034 3.14137
      vertex 5.13272 -0.539262 3.14139
    endloop
  endfacet
  facet normal 0.0375443 0.723643 0.689153
    outer loop
      vertex 5.12864 -0.539034 3.14137
      vertex 5.13346 -0.524999 3.12637
      vertex 5.12514 -0.538481 3.14098
    endloop
  endfacet
  facet normal -0.0523955 -0.998626 0.000524286
    outer loop
      vertex 5.12502 -0.538858 2.86453
      vertex 5.12492 -0.538853 2.86406
      vertex 5.12877 -0.539055 2.86406
    endloop
  endfacet
  facet normal -0.0499376 -0.998752 0
    outer loop
      vertex 5.12492 -0.538853 2.86406
      vertex 5.12502 -0.538858 2.86453
      vertex 5.12492 -0.538853 2.86455
    endloop
  endfacet
  facet normal -0.0523768 -0.998586 0.00905581
    outer loop
      vertex 5.12877 -0.539055 3.14137
      vertex 5.13272 -0.539262 3.14139
      vertex 5.12864 -0.539048 3.14139
    endloop
  endfacet
  facet normal -0.0523333 -0.99863 0
    outer loop
      vertex 5.12877 -0.539055 2.86406
      vertex 5.13272 -0.539262 3.14139
      vertex 5.12877 -0.539055 3.14137
    endloop
  endfacet
  facet normal -0.0523333 -0.99863 0
    outer loop
      vertex 5.12877 -0.539055 2.86406
      vertex 5.13272 -0.539262 2.86406
      vertex 5.13272 -0.539262 3.14139
    endloop
  endfacet
  facet normal 0 0 -1
    outer loop
      vertex 5.13272 -0.539262 2.86406
      vertex 5.12877 -0.539055 2.86406
      vertex 5.12492 -0.538853 2.86406
    endloop
  endfacet
  facet normal 0 0 -1
    outer loop
      vertex 5.12874 -0.539051 3.75629
      vertex 5.13272 -0.539262 3.75629
      vertex 5.12874 -0.539053 3.75629
    endloop
  endfacet
  facet normal 0.0197023 0.371637 -0.928169
    outer loop
      vertex 5.12496 -0.538451 3.75645
      vertex 5.13272 -0.539262 3.75629
      vertex 5.12874 -0.539051 3.75629
    endloop
  endfacet
  facet normal 0.01977 0.372236 -0.927928
    outer loop
      vertex 5.13272 -0.539262 3.75629
      vertex 5.12496 -0.538451 3.75645
      vertex 5.15317 0.000201225 3.97313
    endloop
  endfacet
  facet normal 0.225469 0.353404 -0.907893
    outer loop
      vertex 5.12495 -0.538496 3.75643
      vertex 5.15317 0.000201225 3.97313
      vertex 5.12496 -0.538451 3.75645
    endloop
  endfacet
  facet normal 0.365233 0.330889 -0.870125
    outer loop
      vertex 5.15317 0.000201225 3.97313
      vertex 5.12495 -0.538496 3.75643
      vertex 5.12493 -0.538658 3.75636
    endloop
  endfacet
  facet normal 0.0195066 0.372246 -0.927929
    outer loop
      vertex 5.15701 0 3.97313
      vertex 5.13272 -0.539262 3.75629
      vertex 5.15317 0.000201225 3.97313
    endloop
  endfacet
  facet normal 0.0194535 0.372249 -0.927929
    outer loop
      vertex 5.13272 -0.539262 3.75629
      vertex 5.15701 0 3.97313
      vertex 5.16097 -0.000206947 3.97313
    endloop
  endfacet
  facet normal 0.0523305 0.99863 0
    outer loop
      vertex 5.15317 0.000201225 3.97329
      vertex 5.15701 0 3.97313
      vertex 5.15317 0.000201225 3.97313
    endloop
  endfacet
  facet normal 0.0521881 0.998637 -0
    outer loop
      vertex 5.16097 -0.000206947 3.97313
      vertex 5.15701 0 4.19478
      vertex 5.16097 -0.000206947 4.19478
    endloop
  endfacet
  facet normal 0.0521881 0.998637 0
    outer loop
      vertex 5.15701 0 4.19478
      vertex 5.16097 -0.000206947 3.97313
      vertex 5.15701 0 3.97313
    endloop
  endfacet
  facet normal -0.0193258 -0.369806 0.928908
    outer loop
      vertex 5.15317 -0.000201225 4.19462
      vertex 5.16097 -0.000206947 4.19478
      vertex 5.15701 0 4.19478
    endloop
  endfacet
  facet normal -0.0193815 -0.362207 0.931896
    outer loop
      vertex 5.15317 -0.000201225 4.19462
      vertex 5.13097 -0.423273 4.02972
      vertex 5.16097 -0.000206947 4.19478
    endloop
  endfacet
  facet normal 0.0708793 -0.365471 0.92812
    outer loop
      vertex 5.13097 -0.423273 4.02972
      vertex 5.15317 -0.000201225 4.19462
      vertex 5.15316 -3.05237e-09 4.1947
    endloop
  endfacet
  facet normal -0.018994 -0.362233 0.931894
    outer loop
      vertex 5.13877 -0.423682 4.02972
      vertex 5.16097 -0.000206947 4.19478
      vertex 5.13097 -0.423273 4.02972
    endloop
  endfacet
  facet normal 0.052364 0.998628 -0
    outer loop
      vertex 5.13877 -0.423682 4.02972
      vertex 5.13097 -0.423273 4.66707
      vertex 5.13877 -0.423682 4.66707
    endloop
  endfacet
  facet normal 0.052364 0.998628 0
    outer loop
      vertex 5.13097 -0.423273 4.66707
      vertex 5.13877 -0.423682 4.02972
      vertex 5.13097 -0.423273 4.02972
    endloop
  endfacet
  facet normal -0.0189756 -0.361881 -0.932031
    outer loop
      vertex 5.13097 -0.423273 4.66707
      vertex 5.15316 -4.30112e-05 4.50229
      vertex 5.13877 -0.423682 4.66707
    endloop
  endfacet
  facet normal 0.794716 -0.255951 -0.550378
    outer loop
      vertex 5.15316 -4.30112e-05 4.50229
      vertex 5.13097 -0.423273 4.66707
      vertex 5.15316 -4.63691e-09 4.50227
    endloop
  endfacet
  facet normal -0.0182703 -0.349608 -0.936718
    outer loop
      vertex 5.16097 -0.000206947 4.5022
      vertex 5.15317 -0.000201225 4.50235
      vertex 5.15701 0 4.5022
    endloop
  endfacet
  facet normal -0.0930176 -0.358189 -0.929004
    outer loop
      vertex 5.15317 -0.000201225 4.50235
      vertex 5.13877 -0.423682 4.66707
      vertex 5.15316 -4.30112e-05 4.50229
    endloop
  endfacet
  facet normal -0.0181892 -0.361912 -0.932035
    outer loop
      vertex 5.13877 -0.423682 4.66707
      vertex 5.15317 -0.000201225 4.50235
      vertex 5.16097 -0.000206947 4.5022
    endloop
  endfacet
  facet normal 0.0523305 0.99863 0
    outer loop
      vertex 5.15317 0.000201225 4.72266
      vertex 5.15701 0 4.72266
      vertex 5.15317 0.000201225 4.72249
    endloop
  endfacet
  facet normal 0.0521881 0.998637 -0
    outer loop
      vertex 5.16097 -0.000206947 4.5022
      vertex 5.15701 0 4.72266
      vertex 5.16097 -0.000206947 4.72266
    endloop
  endfacet
  facet normal 0.0521881 0.998637 0
    outer loop
      vertex 5.15701 0 4.72266
      vertex 5.16097 -0.000206947 4.5022
      vertex 5.15701 0 4.5022
    endloop
  endfacet
  facet normal 0.0197186 0.377321 0.925873
    outer loop
      vertex 5.15701 0 4.72266
      vertex 5.12493 -0.538627 4.94285
      vertex 5.16097 -0.000206947 4.72266
    endloop
  endfacet
  facet normal 0.0197723 0.377318 0.925873
    outer loop
      vertex 5.15317 0.000201225 4.72266
      vertex 5.12493 -0.538627 4.94285
      vertex 5.15701 0 4.72266
    endloop
  endfacet
  facet normal 0.966944 -0.138237 -0.214267
    outer loop
      vertex 5.12493 -0.538627 4.94285
      vertex 5.15317 0.000201225 4.72266
      vertex 5.12493 -0.538658 4.94287
    endloop
  endfacet
  facet normal 0.0191549 0.377361 0.925868
    outer loop
      vertex 5.12496 -0.538451 4.94278
      vertex 5.13272 -0.539262 4.94295
      vertex 5.16097 -0.000206947 4.72266
    endloop
  endfacet
  facet normal 0.0203069 0.387499 0.921647
    outer loop
      vertex 5.13272 -0.539262 4.94295
      vertex 5.12496 -0.538451 4.94278
      vertex 5.12877 -0.539055 4.94295
    endloop
  endfacet
  facet normal 0.157471 0.364762 0.917688
    outer loop
      vertex 5.16097 -0.000206947 4.72266
      vertex 5.12495 -0.538497 4.9428
      vertex 5.12496 -0.538451 4.94278
    endloop
  endfacet
  facet normal -0.249367 0.380821 0.890388
    outer loop
      vertex 5.12495 -0.538497 4.9428
      vertex 5.16097 -0.000206947 4.72266
      vertex 5.12493 -0.538627 4.94285
    endloop
  endfacet
  facet normal -0.0523333 -0.99863 0
    outer loop
      vertex 5.12877 -0.539055 3.75629
      vertex 5.13272 -0.539262 4.94295
      vertex 5.12877 -0.539055 4.94295
    endloop
  endfacet
  facet normal -0.0523333 -0.99863 0
    outer loop
      vertex 5.12877 -0.539055 3.75629
      vertex 5.13272 -0.539262 3.75629
      vertex 5.13272 -0.539262 4.94295
    endloop
  endfacet
  facet normal 0 0 -1
    outer loop
      vertex 5.13272 -0.539262 3.75629
      vertex 5.12877 -0.539055 3.75629
      vertex 5.12874 -0.539053 3.75629
    endloop
  endfacet
  facet normal -0 -0 1
    outer loop
      vertex 5.12493 0.538658 -4.03532
      vertex 5.15316 0 -4.03532
      vertex 5.12492 0.538853 -4.03532
    endloop
  endfacet
  facet normal -0.99863 -0.0523362 -0
    outer loop
      vertex 5.15316 0 -4.03532
      vertex 5.12493 0.538658 -4.03532
      vertex 5.15316 0 -4.26631
    endloop
  endfacet
  facet normal -0.99863 -0.0523362 0
    outer loop
      vertex 5.12493 0.538658 -4.26631
      vertex 5.15316 0 -4.26631
      vertex 5.12493 0.538658 -4.03532
    endloop
  endfacet
  facet normal -0 -0 1
    outer loop
      vertex 5.12493 0.538658 -2.69003
      vertex 5.15316 0 -2.69003
      vertex 5.12492 0.538853 -2.69003
    endloop
  endfacet
  facet normal -0.99863 -0.0523362 -0
    outer loop
      vertex 5.15316 0 -2.69003
      vertex 5.12493 0.538658 -2.69003
      vertex 5.15316 0 -2.92102
    endloop
  endfacet
  facet normal -0.99863 -0.0523362 0
    outer loop
      vertex 5.12493 0.538658 -2.92102
      vertex 5.15316 0 -2.92102
      vertex 5.12493 0.538658 -2.69003
    endloop
  endfacet
  facet normal -0.998629 -0.0523497 -0
    outer loop
      vertex 5.15316 4.87521e-09 -1.07696
      vertex 5.13156 0.412044 -1.3076
      vertex 5.15316 4.87521e-09 -1.3076
    endloop
  endfacet
  facet normal -0.998629 -0.0523501 -7.5102e-07
    outer loop
      vertex 5.15316 2.00599e-09 -1.07676
      vertex 5.13156 0.412044 -1.3076
      vertex 5.15316 4.87521e-09 -1.07696
    endloop
  endfacet
  facet normal -0.998629 -0.0523498 -1.39861e-07
    outer loop
      vertex 5.13156 0.412044 -1.3076
      vertex 5.15316 2.00599e-09 -1.07676
      vertex 5.15316 1.92584e-09 -1.07673
    endloop
  endfacet
  facet normal -0.998632 -0.0522922 -0
    outer loop
      vertex 5.13156 0.412044 -1.3076
      vertex 5.12493 0.538658 -2.36944
      vertex 5.13156 0.412044 -2.36944
    endloop
  endfacet
  facet normal -0.998632 -0.0522922 0
    outer loop
      vertex 5.12493 0.538658 -2.36944
      vertex 5.13156 0.412044 -1.3076
      vertex 5.12493 0.538658 -1.07697
    endloop
  endfacet
  facet normal -0.998632 -0.0522922 0
    outer loop
      vertex 5.12493 0.538658 -1.07697
      vertex 5.13156 0.412044 -1.3076
      vertex 5.12493 0.538658 -1.07661
    endloop
  endfacet
  facet normal 0 0 1
    outer loop
      vertex 5.12493 0.538658 -1.07661
      vertex 5.12492 0.538853 -1.07661
      vertex 5.12492 0.538852 -1.07661
    endloop
  endfacet
  facet normal -0.99863 -0.0523362 2.41667e-05
    outer loop
      vertex 5.15316 1.92584e-09 -1.07673
      vertex 5.12493 0.538658 -1.07661
      vertex 5.13156 0.412044 -1.3076
    endloop
  endfacet
  facet normal -0.99863 -0.0523362 -8.39926e-07
    outer loop
      vertex 5.15316 0 -1.07661
      vertex 5.12493 0.538658 -1.07661
      vertex 5.15316 1.92584e-09 -1.07673
    endloop
  endfacet
  facet normal -0 -0 1
    outer loop
      vertex 5.12493 0.538658 -1.07661
      vertex 5.15316 0 -1.07661
      vertex 5.12492 0.538853 -1.07661
    endloop
  endfacet
  facet normal -0.998625 -0.0524208 -9.49135e-05
    outer loop
      vertex 5.13795 0.290186 -0.484099
      vertex 5.13663 0.315283 -0.456923
      vertex 5.12905 0.459982 -0.621963
    endloop
  endfacet
  facet normal -0.998632 -0.0522866 -1.61613e-05
    outer loop
      vertex 5.14496 0.156367 0.424605
      vertex 5.14789 0.100398 0.451629
      vertex 5.14281 0.197357 0.661666
    endloop
  endfacet
  facet normal -0.998686 -0.0509837 0.00512843
    outer loop
      vertex 5.15317 -0.000201225 0.484527
      vertex 5.15316 -1.02864e-08 0.48458
      vertex 5.15105 0.0402393 0.473723
    endloop
  endfacet
  facet normal -0.995293 -0.0247872 -0.0936865
    outer loop
      vertex 5.15316 -1.02864e-08 0.48458
      vertex 5.15317 -0.000201225 0.484527
      vertex 5.15316 -0.000147416 0.484619
    endloop
  endfacet
  facet normal -0.998628 -0.052365 -2.57216e-06
    outer loop
      vertex 5.15316 -2.47276e-08 0.484874
      vertex 5.15105 0.0402393 0.473723
      vertex 5.15316 -1.02864e-08 0.48458
    endloop
  endfacet
  facet normal -0.998628 -0.0523717 -2.65476e-05
    outer loop
      vertex 5.15105 0.0402393 0.473723
      vertex 5.15316 -2.47276e-08 0.484874
      vertex 5.14684 0.120405 0.692626
    endloop
  endfacet
  facet normal -0.99863 -0.0523195 -3.58034e-05
    outer loop
      vertex 5.14225 0.208115 0.392669
      vertex 5.14496 0.156367 0.424605
      vertex 5.13561 0.334726 0.579131
    endloop
  endfacet
  facet normal -0.998626 -0.0524007 5.3892e-05
    outer loop
      vertex 5.13976 0.255657 0.355819
      vertex 5.13245 0.395144 0.527556
      vertex 5.12961 0.449208 0.469878
    endloop
  endfacet
  facet normal -0.998633 -0.0522723 -5.83163e-05
    outer loop
      vertex 5.13559 0.335168 0.269347
      vertex 5.13752 0.298246 0.314544
      vertex 5.12716 0.496065 0.406905
    endloop
  endfacet
  facet normal -0.998629 -0.052344 2.58043e-05
    outer loop
      vertex 5.13559 0.335168 0.269347
      vertex 5.12716 0.496065 0.406905
      vertex 5.12508 0.535714 0.338653
    endloop
  endfacet
  facet normal -0.998629 -0.0523521 4.94041e-05
    outer loop
      vertex 5.13395 0.366405 0.220214
      vertex 5.13559 0.335168 0.269347
      vertex 5.12508 0.535714 0.338653
    endloop
  endfacet
  facet normal -0.998633 -0.0522778 -4.65237e-05
    outer loop
      vertex 5.13752 0.298246 0.314544
      vertex 5.12961 0.449208 0.469878
      vertex 5.12716 0.496065 0.406905
    endloop
  endfacet
  facet normal -0.998648 -0.0519845 -0.000477536
    outer loop
      vertex 5.13395 0.366405 0.220214
      vertex 5.12508 0.535714 0.338653
      vertex 5.12492 0.538853 0.331542
    endloop
  endfacet
  facet normal -0.998631 -0.052309 2.65265e-05
    outer loop
      vertex 5.13261 0.39196 0.167144
      vertex 5.13395 0.366405 0.220214
      vertex 5.12492 0.538853 0.331542
    endloop
  endfacet
  facet normal -0.998633 -0.0522654 -1.26048e-05
    outer loop
      vertex 5.13157 0.411845 0.110152
      vertex 5.13261 0.39196 0.167144
      vertex 5.12492 0.538853 0.331542
    endloop
  endfacet
  facet normal -0.998636 -0.0522166 -4.16442e-05
    outer loop
      vertex 5.13157 0.411845 0.110152
      vertex 5.12493 0.538658 0.331054
      vertex 5.13083 0.426046 0.0492239
    endloop
  endfacet
  facet normal -0.999588 -0.0268706 -0.0100765
    outer loop
      vertex 5.12493 0.538658 0.33107
      vertex 5.12492 0.538853 0.331542
      vertex 5.12493 0.538661 0.331062
    endloop
  endfacet
  facet normal -0.998483 -0.0550463 0.00158729
    outer loop
      vertex 5.12493 0.538658 0.33107
      vertex 5.13157 0.411845 0.110152
      vertex 5.12492 0.538853 0.331542
    endloop
  endfacet
  facet normal -0.998632 -0.0522889 0
    outer loop
      vertex 5.12493 0.538658 0.331054
      vertex 5.13157 0.411845 0.110152
      vertex 5.12493 0.538658 0.33107
    endloop
  endfacet
  facet normal 0 0 0
    outer loop
      vertex 5.12493 0.538658 -0.499594
      vertex 5.12493 0.538658 -0.499491
      vertex 5.12493 0.538658 -0.499542
    endloop
  endfacet
  facet normal -0.998631 -0.052307 0
    outer loop
      vertex 5.13049 0.432508 -0.171432
      vertex 5.12493 0.538658 -0.499491
      vertex 5.12493 0.538658 -0.499594
    endloop
  endfacet
  facet normal -0.998638 -0.0521742 4.30915e-05
    outer loop
      vertex 5.12493 0.538658 -0.499491
      vertex 5.13049 0.432508 -0.171432
      vertex 5.1303 0.43618 -0.128676
    endloop
  endfacet
  facet normal -1 0 0
    outer loop
      vertex 5.12492 0.5387 -0.499725
      vertex 5.12492 0.538715 -0.499697
      vertex 5.12492 0.538853 -0.500197
    endloop
  endfacet
  facet normal -1 0 0
    outer loop
      vertex 5.12492 0.538709 0.330954
      vertex 5.12492 0.538853 0.331542
      vertex 5.12492 0.538853 0.33063
    endloop
  endfacet
  facet normal -1 0 0
    outer loop
      vertex 5.12492 0.538726 -0.499677
      vertex 5.12492 0.538853 -0.499438
      vertex 5.12492 0.538853 -0.500197
    endloop
  endfacet
  facet normal -0.998633 -0.0522695 0
    outer loop
      vertex 5.13023 0.437399 -0.0843954
      vertex 5.12493 0.538658 -0.499339
      vertex 5.12493 0.538658 -0.499398
    endloop
  endfacet
  facet normal -0.998633 -0.0522695 0
    outer loop
      vertex 5.12493 0.538658 -0.499339
      vertex 5.13023 0.437399 -0.0843954
      vertex 5.12493 0.538658 0.330742
    endloop
  endfacet
  facet normal 0 0 0
    outer loop
      vertex 5.12493 0.538658 -0.499339
      vertex 5.12493 0.538658 0.330551
      vertex 5.12493 0.538658 -0.499195
    endloop
  endfacet
  facet normal 0 -0 0
    outer loop
      vertex 5.12493 0.538658 0.330551
      vertex 5.12493 0.538658 -0.499339
      vertex 5.12493 0.538658 0.330742
    endloop
  endfacet
  facet normal -0.998632 -0.0522923 0
    outer loop
      vertex 5.13081 0.426367 -0.212661
      vertex 5.12493 0.538658 -0.499679
      vertex 5.12493 0.538658 -0.499699
    endloop
  endfacet
  facet normal -0.998635 -0.0522222 2.74896e-05
    outer loop
      vertex 5.12493 0.538658 -0.499679
      vertex 5.13081 0.426367 -0.212661
      vertex 5.13049 0.432508 -0.171432
    endloop
  endfacet
  facet normal 0 0 0
    outer loop
      vertex 5.12493 0.538658 -0.499679
      vertex 5.12493 0.538658 -0.499594
      vertex 5.12493 0.538658 -0.499616
    endloop
  endfacet
  facet normal -0.998631 -0.052307 -0
    outer loop
      vertex 5.12493 0.538658 -0.499594
      vertex 5.12493 0.538658 -0.499679
      vertex 5.13049 0.432508 -0.171432
    endloop
  endfacet
  facet normal -1 0 0
    outer loop
      vertex 5.12492 0.538681 -0.49976
      vertex 5.12492 0.5387 -0.499725
      vertex 5.12492 0.538853 -0.500197
    endloop
  endfacet
  facet normal -0.962515 -0.252382 -0.0993356
    outer loop
      vertex 5.12493 0.538659 -0.499801
      vertex 5.12492 0.538681 -0.49976
      vertex 5.12492 0.538853 -0.500197
    endloop
  endfacet
  facet normal -1 0 0
    outer loop
      vertex 5.12493 0.538657 -0.499798
      vertex 5.12493 0.538658 -0.499699
      vertex 5.12493 0.538658 -0.499735
    endloop
  endfacet
  facet normal -0.998686 -0.0512357 0.000517532
    outer loop
      vertex 5.13126 0.417772 -0.252349
      vertex 5.12493 0.538658 -0.499699
      vertex 5.12493 0.538657 -0.499798
    endloop
  endfacet
  facet normal -0.998632 -0.0522895 1.10339e-06
    outer loop
      vertex 5.12493 0.538658 -0.499699
      vertex 5.13126 0.417772 -0.252349
      vertex 5.13081 0.426367 -0.212661
    endloop
  endfacet
  facet normal -0.999594 -0.0254998 0.0127499
    outer loop
      vertex 5.12492 0.538853 -0.500197
      vertex 5.12493 0.538657 -0.499805
      vertex 5.12493 0.538659 -0.499801
    endloop
  endfacet
  facet normal -0.998631 -0.0523097 0
    outer loop
      vertex 5.13184 0.40674 -0.290511
      vertex 5.12493 0.538657 -0.499798
      vertex 5.12493 0.538657 -0.499805
    endloop
  endfacet
  facet normal -0.998628 -0.0523701 -3.81795e-05
    outer loop
      vertex 5.12493 0.538657 -0.499798
      vertex 5.13184 0.40674 -0.290511
      vertex 5.13126 0.417772 -0.252349
    endloop
  endfacet
  facet normal -0.99834 -0.0575086 -0.00328644
    outer loop
      vertex 5.13184 0.40674 -0.290511
      vertex 5.12493 0.538657 -0.499805
      vertex 5.12492 0.538853 -0.500197
    endloop
  endfacet
  facet normal -0.998626 -0.0524075 -6.30553e-05
    outer loop
      vertex 5.13255 0.393255 -0.327132
      vertex 5.13184 0.40674 -0.290511
      vertex 5.12492 0.538853 -0.500197
    endloop
  endfacet
  facet normal -0.998626 -0.0523994 -0.000122161
    outer loop
      vertex 5.13435 0.358893 -0.395797
      vertex 5.13338 0.377301 -0.362243
      vertex 5.12492 0.538853 -0.500197
    endloop
  endfacet
  facet normal -0.998634 -0.052249 0.000108773
    outer loop
      vertex 5.13543 0.338185 -0.427489
      vertex 5.13435 0.358893 -0.395797
      vertex 5.12593 0.519531 -0.536696
    endloop
  endfacet
  facet normal -0.998634 -0.0522557 9.76697e-05
    outer loop
      vertex 5.1274 0.491356 -0.58084
      vertex 5.13543 0.338185 -0.427489
      vertex 5.12593 0.519531 -0.536696
    endloop
  endfacet
  facet normal -0.998626 -0.0524087 -8.42114e-05
    outer loop
      vertex 5.12905 0.459982 -0.621963
      vertex 5.13663 0.315283 -0.456923
      vertex 5.1274 0.491356 -0.58084
    endloop
  endfacet
  facet normal -0.998628 -0.05236 5.33983e-06
    outer loop
      vertex 5.13938 0.26291 -0.509032
      vertex 5.13795 0.290186 -0.484099
      vertex 5.13086 0.425391 -0.660064
    endloop
  endfacet
  facet normal -0.998634 -0.0522528 8.78391e-05
    outer loop
      vertex 5.14092 0.23344 -0.531722
      vertex 5.13938 0.26291 -0.509032
      vertex 5.13284 0.387587 -0.695128
    endloop
  endfacet
  facet normal -0.998629 -0.0523536 -7.51131e-06
    outer loop
      vertex 5.13499 0.346581 -0.727187
      vertex 5.14092 0.23344 -0.531722
      vertex 5.13284 0.387587 -0.695128
    endloop
  endfacet
  facet normal -0.998627 -0.0523755 -2.65758e-05
    outer loop
      vertex 5.13731 0.302361 -0.756209
      vertex 5.14258 0.201776 -0.552169
      vertex 5.13499 0.346581 -0.727187
    endloop
  endfacet
  facet normal -0.998623 -0.0524615 -6.90702e-05
    outer loop
      vertex 5.14436 0.167917 -0.570357
      vertex 5.14258 0.201776 -0.552169
      vertex 5.13731 0.302361 -0.756209
    endloop
  endfacet
  facet normal -0.998633 -0.0522785 6.36322e-05
    outer loop
      vertex 5.13979 0.254956 -0.78221
      vertex 5.14436 0.167917 -0.570357
      vertex 5.13731 0.302361 -0.756209
    endloop
  endfacet
  facet normal -0.998639 -0.0521493 0.000116874
    outer loop
      vertex 5.14624 0.13188 -0.586287
      vertex 5.14436 0.167917 -0.570357
      vertex 5.13979 0.254956 -0.78221
    endloop
  endfacet
  facet normal -0.998624 -0.0524326 -6.15999e-05
    outer loop
      vertex 5.14245 0.204321 -0.80519
      vertex 5.14624 0.13188 -0.586287
      vertex 5.13979 0.254956 -0.78221
    endloop
  endfacet
  facet normal -0.998629 -0.0523501 -5.46612e-06
    outer loop
      vertex 5.14258 0.201776 -0.552169
      vertex 5.14092 0.23344 -0.531722
      vertex 5.13499 0.346581 -0.727187
    endloop
  endfacet
  facet normal -0.99863 -0.0523343 3.30663e-05
    outer loop
      vertex 5.13284 0.387587 -0.695128
      vertex 5.13938 0.26291 -0.509032
      vertex 5.13086 0.425391 -0.660064
    endloop
  endfacet
  facet normal -0.998631 -0.0523059 4.70194e-05
    outer loop
      vertex 5.13086 0.425391 -0.660064
      vertex 5.13795 0.290186 -0.484099
      vertex 5.12905 0.459982 -0.621963
    endloop
  endfacet
  facet normal -0.998629 -0.052341 1.21845e-05
    outer loop
      vertex 5.13663 0.315283 -0.456923
      vertex 5.13543 0.338185 -0.427489
      vertex 5.1274 0.491356 -0.58084
    endloop
  endfacet
  facet normal -0.998631 -0.0522987 5.19765e-05
    outer loop
      vertex 5.12593 0.519531 -0.536696
      vertex 5.13435 0.358893 -0.395797
      vertex 5.12492 0.538853 -0.500197
    endloop
  endfacet
  facet normal -0.998637 -0.0522 0.00011196
    outer loop
      vertex 5.13338 0.377301 -0.362243
      vertex 5.13255 0.393255 -0.327132
      vertex 5.12492 0.538853 -0.500197
    endloop
  endfacet
  facet normal 0 0 0
    outer loop
      vertex 5.12493 0.538658 -0.499491
      vertex 5.12493 0.538658 -0.499398
      vertex 5.12493 0.538658 -0.499451
    endloop
  endfacet
  facet normal -0.99863 -0.0523297 0
    outer loop
      vertex 5.1303 0.43618 -0.128676
      vertex 5.12493 0.538658 -0.499398
      vertex 5.12493 0.538658 -0.499491
    endloop
  endfacet
  facet normal -0.998606 -0.0527827 -0.00012557
    outer loop
      vertex 5.12493 0.538658 -0.499398
      vertex 5.1303 0.43618 -0.128676
      vertex 5.13023 0.437399 -0.0843954
    endloop
  endfacet
  facet normal -1 0 0
    outer loop
      vertex 5.12492 0.538715 -0.499697
      vertex 5.12492 0.538726 -0.499677
      vertex 5.12492 0.538853 -0.500197
    endloop
  endfacet
  facet normal -1 0 0
    outer loop
      vertex 5.12492 0.538709 0.330954
      vertex 5.12492 0.538689 0.330998
      vertex 5.12492 0.538853 0.331542
    endloop
  endfacet
  facet normal 0 0 0
    outer loop
      vertex 5.12493 0.538658 0.330742
      vertex 5.12493 0.538658 0.330883
      vertex 5.12493 0.538658 0.330745
    endloop
  endfacet
  facet normal 0 0 0
    outer loop
      vertex 5.12493 0.538658 0.330742
      vertex 5.12493 0.538658 0.330893
      vertex 5.12493 0.538658 0.330883
    endloop
  endfacet
  facet normal -0.998629 -0.0523541 2.06858e-05
    outer loop
      vertex 5.13038 0.434565 -0.0156088
      vertex 5.12493 0.538658 0.330742
      vertex 5.13023 0.437399 -0.0843954
    endloop
  endfacet
  facet normal -0.998632 -0.0522854 0
    outer loop
      vertex 5.12493 0.538658 0.330742
      vertex 5.13038 0.434565 -0.0156088
      vertex 5.12493 0.538658 0.330893
    endloop
  endfacet
  facet normal -0.976472 -0.206468 0.062244
    outer loop
      vertex 5.12492 0.538689 0.330998
      vertex 5.12493 0.538661 0.331062
      vertex 5.12492 0.538853 0.331542
    endloop
  endfacet
  facet normal 0 0 0
    outer loop
      vertex 5.12493 0.538658 0.330893
      vertex 5.12493 0.538658 0.331054
      vertex 5.12493 0.538658 0.330987
    endloop
  endfacet
  facet normal -0.998625 -0.0524267 4.25476e-05
    outer loop
      vertex 5.13083 0.426046 0.0492239
      vertex 5.12493 0.538658 0.330893
      vertex 5.13038 0.434565 -0.0156088
    endloop
  endfacet
  facet normal -0.99863 -0.0523205 0
    outer loop
      vertex 5.12493 0.538658 0.330893
      vertex 5.13083 0.426046 0.0492239
      vertex 5.12493 0.538658 0.331054
    endloop
  endfacet
  facet normal -0.998625 -0.0524273 9.91817e-05
    outer loop
      vertex 5.13752 0.298246 0.314544
      vertex 5.13976 0.255657 0.355819
      vertex 5.12961 0.449208 0.469878
    endloop
  endfacet
  facet normal -0.998629 -0.0523556 1.22568e-06
    outer loop
      vertex 5.13824 0.284639 1.84335
      vertex 5.13965 0.257745 1.85512
      vertex 5.13384 0.368569 2.03989
    endloop
  endfacet
  facet normal -0.998631 -0.0523152 -1.57164e-05
    outer loop
      vertex 5.13976 0.255657 0.355819
      vertex 5.14225 0.208115 0.392669
      vertex 5.13245 0.395144 0.527556
    endloop
  endfacet
  facet normal -0.998631 -0.0523157 -2.98908e-05
    outer loop
      vertex 5.14116 0.228945 1.86455
      vertex 5.13841 0.281318 2.07544
      vertex 5.13605 0.326376 2.05962
    endloop
  endfacet
  facet normal -0.998632 -0.0522827 -6.08732e-05
    outer loop
      vertex 5.14225 0.208115 0.392669
      vertex 5.13561 0.334726 0.579131
      vertex 5.13245 0.395144 0.527556
    endloop
  endfacet
  facet normal -0.998641 -0.0521208 -7.42324e-05
    outer loop
      vertex 5.14277 0.198256 1.87167
      vertex 5.14447 0.165677 1.87646
      vertex 5.14092 0.233395 2.08736
    endloop
  endfacet
  facet normal -0.998627 -0.0523875 4.28639e-05
    outer loop
      vertex 5.14496 0.156367 0.424605
      vertex 5.13907 0.268807 0.623839
      vertex 5.13561 0.334726 0.579131
    endloop
  endfacet
  facet normal -0.998632 -0.0522807 0
    outer loop
      vertex 5.13076 0.427297 1.40132
      vertex 5.12493 0.538658 1.18411
      vertex 5.12493 0.538658 1.18407
    endloop
  endfacet
  facet normal -0.998632 -0.0522807 0
    outer loop
      vertex 5.13076 0.427297 1.40132
      vertex 5.12493 0.538658 1.18407
      vertex 5.12493 0.538658 1.18402
    endloop
  endfacet
  facet normal -0.998639 -0.0521569 6.3643e-05
    outer loop
      vertex 5.12493 0.538658 1.18411
      vertex 5.13076 0.427297 1.40132
      vertex 5.13031 0.435951 1.4324
    endloop
  endfacet
  facet normal -1 0 0
    outer loop
      vertex 5.12492 0.538673 1.18399
      vertex 5.12492 0.538694 1.18402
      vertex 5.12492 0.538853 1.18364
    endloop
  endfacet
  facet normal -0.998632 -0.0522817 -1.70089e-05
    outer loop
      vertex 5.14496 0.156367 0.424605
      vertex 5.14281 0.197357 0.661666
      vertex 5.13907 0.268807 0.623839
    endloop
  endfacet
  facet normal -0.998619 -0.0525417 -0.000183489
    outer loop
      vertex 5.13206 0.40258 1.3465
      vertex 5.13134 0.416173 1.37269
      vertex 5.12492 0.538853 1.18364
    endloop
  endfacet
  facet normal -0.998631 -0.0523022 -8.9308e-06
    outer loop
      vertex 5.14789 0.100398 0.451629
      vertex 5.14684 0.120405 0.692626
      vertex 5.14281 0.197357 0.661666
    endloop
  endfacet
  facet normal -0.998623 -0.0524541 3.70872e-06
    outer loop
      vertex 5.14789 0.100398 0.451629
      vertex 5.15105 0.0402393 0.473723
      vertex 5.14684 0.120405 0.692626
    endloop
  endfacet
  facet normal -0.998625 -0.0524172 -8.31204e-08
    outer loop
      vertex 5.15316 -2.61183e-08 0.485751
      vertex 5.14684 0.120405 0.692626
      vertex 5.15316 -2.47276e-08 0.484874
    endloop
  endfacet
  facet normal -0.998625 -0.0524313 8.15381e-06
    outer loop
      vertex 5.14684 0.120405 0.692626
      vertex 5.15316 -2.61183e-08 0.485751
      vertex 5.15117 0.0379381 0.716689
    endloop
  endfacet
  facet normal -0.995308 -0.0252801 -0.0933998
    outer loop
      vertex 5.15317 -0.000201225 0.484527
      vertex 5.15316 -0.000184362 0.484629
      vertex 5.15316 -0.000147416 0.484619
    endloop
  endfacet
  facet normal -0.998627 -0.0523775 -6.67171e-05
    outer loop
      vertex 5.13613 0.324821 1.26622
      vertex 5.13495 0.347298 1.28256
      vertex 5.12823 0.475646 1.10603
    endloop
  endfacet
  facet normal -0.860132 -0.510071 0
    outer loop
      vertex 5.15317 -0.000201225 0.484527
      vertex 5.15317 -0.000201225 0.484634
      vertex 5.15316 -0.000184362 0.484629
    endloop
  endfacet
  facet normal -0.998627 -0.0523817 7.16633e-07
    outer loop
      vertex 5.15117 0.0379381 0.716689
      vertex 5.15316 -1.18457e-08 0.723655
      vertex 5.15316 -5.60717e-09 0.724111
    endloop
  endfacet
  facet normal -0.998627 -0.0523818 -0
    outer loop
      vertex 5.15316 -2.61183e-08 0.722176
      vertex 5.15117 0.0379381 0.716689
      vertex 5.15316 -2.61183e-08 0.485751
    endloop
  endfacet
  facet normal -0.998627 -0.0523817 5.05493e-07
    outer loop
      vertex 5.15117 0.0379381 0.716689
      vertex 5.15316 -2.61183e-08 0.722176
      vertex 5.15316 -1.18457e-08 0.723655
    endloop
  endfacet
  facet normal -0.998628 -0.0523727 6.61896e-06
    outer loop
      vertex 5.14023 0.246682 1.23228
      vertex 5.13877 0.274522 1.24109
      vertex 5.1363 0.321591 1.01721
    endloop
  endfacet
  facet normal -0.998631 -0.0523137 2.71927e-05
    outer loop
      vertex 5.1387 0.275771 1.0061
      vertex 5.14023 0.246682 1.23228
      vertex 5.1363 0.321591 1.01721
    endloop
  endfacet
  facet normal -0.998629 -0.052342 -3.31501e-05
    outer loop
      vertex 5.13002 0.441513 1.07716
      vertex 5.13613 0.324821 1.26622
      vertex 5.12823 0.475646 1.10603
    endloop
  endfacet
  facet normal -0.998627 -0.0523774 -7.66127e-06
    outer loop
      vertex 5.14858 0.0872936 1.22714
      vertex 5.15316 -1.57907e-07 1.03184
      vertex 5.15014 0.0575495 1.23483
    endloop
  endfacet
  facet normal -0.998626 -0.0524017 3.22935e-06
    outer loop
      vertex 5.15316 -1.57907e-07 1.03184
      vertex 5.14858 0.0872936 1.22714
      vertex 5.15316 -1.7393e-07 1.03158
    endloop
  endfacet
  facet normal -0.997576 -0.0312731 -0.0621615
    outer loop
      vertex 5.15317 -0.000201225 1.03113
      vertex 5.15316 -0.000160514 1.03127
      vertex 5.15316 -0.000140637 1.03126
    endloop
  endfacet
  facet normal 0 0 0
    outer loop
      vertex 5.12493 0.538658 1.18411
      vertex 5.12493 0.538658 1.18421
      vertex 5.12493 0.538658 1.18414
    endloop
  endfacet
  facet normal -0.998631 -0.0523103 0
    outer loop
      vertex 5.13031 0.435951 1.4324
      vertex 5.12493 0.538658 1.18421
      vertex 5.12493 0.538658 1.18411
    endloop
  endfacet
  facet normal -0.998615 -0.0526039 -0.000121836
    outer loop
      vertex 5.12493 0.538658 1.18421
      vertex 5.13031 0.435951 1.4324
      vertex 5.12998 0.442138 1.46591
    endloop
  endfacet
  facet normal -1 0 0
    outer loop
      vertex 5.12492 0.538694 1.18402
      vertex 5.12492 0.538711 1.18405
      vertex 5.12492 0.538853 1.18364
    endloop
  endfacet
  facet normal -0.998629 -0.0523372 -7.41672e-06
    outer loop
      vertex 5.13693 0.30966 1.82927
      vertex 5.13178 0.407899 2.01623
      vertex 5.12987 0.444347 1.98868
    endloop
  endfacet
  facet normal -0.99863 -0.0523213 1.36836e-05
    outer loop
      vertex 5.1346 0.354033 1.79411
      vertex 5.12811 0.477947 1.9572
      vertex 5.1265 0.508667 1.92181
    endloop
  endfacet
  facet normal -0.998636 -0.0522106 -0.000120704
    outer loop
      vertex 5.13359 0.3734 1.77306
      vertex 5.1346 0.354033 1.79411
      vertex 5.1265 0.508667 1.92181
    endloop
  endfacet
  facet normal -0.998629 -0.0523556 1.15005e-05
    outer loop
      vertex 5.13359 0.3734 1.77306
      vertex 5.1265 0.508667 1.92181
      vertex 5.12506 0.536125 1.88315
    endloop
  endfacet
  facet normal -0.998645 -0.0520413 -0.000454386
    outer loop
      vertex 5.13359 0.3734 1.77306
      vertex 5.12506 0.536125 1.88315
      vertex 5.12492 0.538853 1.8784
    endloop
  endfacet
  facet normal -0.998625 -0.0524291 0.000156437
    outer loop
      vertex 5.13268 0.390664 1.74997
      vertex 5.13359 0.3734 1.77306
      vertex 5.12492 0.538853 1.8784
    endloop
  endfacet
  facet normal -0.998636 -0.0522117 -9.51404e-05
    outer loop
      vertex 5.1319 0.405628 1.72517
      vertex 5.13268 0.390664 1.74997
      vertex 5.12492 0.538853 1.8784
    endloop
  endfacet
  facet normal -0.998635 -0.0522318 -5.45422e-05
    outer loop
      vertex 5.1346 0.354033 1.79411
      vertex 5.13571 0.332791 1.81285
      vertex 5.12811 0.477947 1.9572
    endloop
  endfacet
  facet normal -0.998621 -0.0525035 0.000159278
    outer loop
      vertex 5.13123 0.418291 1.69865
      vertex 5.1319 0.405628 1.72517
      vertex 5.12492 0.538853 1.8784
    endloop
  endfacet
  facet normal -0.998637 -0.0521887 -5.36403e-05
    outer loop
      vertex 5.13123 0.418291 1.69865
      vertex 5.12493 0.538658 1.87803
      vertex 5.13069 0.428653 1.67041
    endloop
  endfacet
  facet normal -0.999614 0 -0.0277671
    outer loop
      vertex 5.12493 0.538658 1.87804
      vertex 5.12492 0.538853 1.8784
      vertex 5.12493 0.538659 1.87804
    endloop
  endfacet
  facet normal -0.998388 -0.0566797 0.00296848
    outer loop
      vertex 5.12493 0.538658 1.87804
      vertex 5.13123 0.418291 1.69865
      vertex 5.12492 0.538853 1.8784
    endloop
  endfacet
  facet normal -0.998633 -0.0522684 0
    outer loop
      vertex 5.12493 0.538658 1.87803
      vertex 5.13123 0.418291 1.69865
      vertex 5.12493 0.538658 1.87804
    endloop
  endfacet
  facet normal -0.961839 -0.251133 0.108615
    outer loop
      vertex 5.12492 0.53868 1.878
      vertex 5.12493 0.538659 1.87804
      vertex 5.12492 0.538853 1.8784
    endloop
  endfacet
  facet normal 0 0 0
    outer loop
      vertex 5.12493 0.538658 1.87795
      vertex 5.12493 0.538658 1.87803
      vertex 5.12493 0.538658 1.87799
    endloop
  endfacet
  facet normal -0.998636 -0.0522051 -4.49318e-05
    outer loop
      vertex 5.13069 0.428653 1.67041
      vertex 5.12493 0.538658 1.87795
      vertex 5.13027 0.436713 1.64046
    endloop
  endfacet
  facet normal -0.998632 -0.0522896 0
    outer loop
      vertex 5.12493 0.538658 1.87795
      vertex 5.13069 0.428653 1.67041
      vertex 5.12493 0.538658 1.87803
    endloop
  endfacet
  facet normal -1 0 0
    outer loop
      vertex 5.12492 0.538724 1.87793
      vertex 5.12492 0.538713 1.87795
      vertex 5.12492 0.538853 1.8784
    endloop
  endfacet
  facet normal -0.998629 -0.0523484 2.3793e-06
    outer loop
      vertex 5.12979 0.445932 1.57536
      vertex 5.12493 0.538658 1.87768
      vertex 5.12973 0.447075 1.54025
    endloop
  endfacet
  facet normal -0.998629 -0.0523406 0
    outer loop
      vertex 5.12493 0.538658 1.87768
      vertex 5.12979 0.445932 1.57536
      vertex 5.12493 0.538658 1.87771
    endloop
  endfacet
  facet normal -0.998629 -0.0523406 0
    outer loop
      vertex 5.12493 0.538658 1.87771
      vertex 5.12979 0.445932 1.57536
      vertex 5.12493 0.538658 1.87777
    endloop
  endfacet
  facet normal -1 0 0
    outer loop
      vertex 5.12492 0.538711 1.18405
      vertex 5.12492 0.538725 1.18408
      vertex 5.12492 0.538853 1.18364
    endloop
  endfacet
  facet normal 0 0 0
    outer loop
      vertex 5.12493 0.538658 1.18421
      vertex 5.12493 0.538658 1.18431
      vertex 5.12493 0.538658 1.18422
    endloop
  endfacet
  facet normal -0.998634 -0.0522493 0
    outer loop
      vertex 5.12998 0.442138 1.46591
      vertex 5.12493 0.538658 1.18431
      vertex 5.12493 0.538658 1.18421
    endloop
  endfacet
  facet normal -0.998646 -0.0520166 7.99663e-05
    outer loop
      vertex 5.12493 0.538658 1.18431
      vertex 5.12998 0.442138 1.46591
      vertex 5.12979 0.445841 1.50186
    endloop
  endfacet
  facet normal -1 0 0
    outer loop
      vertex 5.12492 0.538725 1.18408
      vertex 5.12492 0.538736 1.18409
      vertex 5.12492 0.538853 1.18364
    endloop
  endfacet
  facet normal -0.998632 -0.0522895 0
    outer loop
      vertex 5.12979 0.445841 1.50186
      vertex 5.12493 0.538658 1.18432
      vertex 5.12493 0.538658 1.18431
    endloop
  endfacet
  facet normal -0.998651 -0.0519206 0.000108125
    outer loop
      vertex 5.12493 0.538658 1.18432
      vertex 5.12979 0.445841 1.50186
      vertex 5.12973 0.447075 1.54025
    endloop
  endfacet
  facet normal -0.998629 -0.0523396 -0
    outer loop
      vertex 5.12493 0.538658 1.1844
      vertex 5.12493 0.538658 1.18432
      vertex 5.12973 0.447075 1.54025
    endloop
  endfacet
  facet normal -0.998633 -0.0522764 3.47076e-05
    outer loop
      vertex 5.13387 0.36796 1.30141
      vertex 5.1329 0.386504 1.32274
      vertex 5.12492 0.538853 1.18364
    endloop
  endfacet
  facet normal -0.998654 -0.0518609 0.000639242
    outer loop
      vertex 5.12513 0.534723 1.17665
      vertex 5.13387 0.36796 1.30141
      vertex 5.12492 0.538853 1.18364
    endloop
  endfacet
  facet normal -0.998633 -0.0522618 6.94404e-05
    outer loop
      vertex 5.13495 0.347298 1.28256
      vertex 5.13387 0.36796 1.30141
      vertex 5.12659 0.506853 1.13933
    endloop
  endfacet
  facet normal -0.99862 -0.0525141 -5.22679e-05
    outer loop
      vertex 5.13877 0.274522 1.24109
      vertex 5.1374 0.300563 1.25239
      vertex 5.13405 0.364486 1.03276
    endloop
  endfacet
  facet normal -0.998632 -0.0522956 -6.60028e-06
    outer loop
      vertex 5.13196 0.40447 1.05273
      vertex 5.1374 0.300563 1.25239
      vertex 5.13002 0.441513 1.07716
    endloop
  endfacet
  facet normal -0.998636 -0.0522168 3.44848e-05
    outer loop
      vertex 5.13405 0.364486 1.03276
      vertex 5.1374 0.300563 1.25239
      vertex 5.13196 0.40447 1.05273
    endloop
  endfacet
  facet normal -0.998635 -0.0522343 3.74426e-05
    outer loop
      vertex 5.14178 0.217044 1.226
      vertex 5.14023 0.246682 1.23228
      vertex 5.1387 0.275771 1.0061
    endloop
  endfacet
  facet normal -0.998625 -0.0524134 -1.70072e-05
    outer loop
      vertex 5.14343 0.185608 1.22223
      vertex 5.14178 0.217044 1.226
      vertex 5.14126 0.227025 0.99945
    endloop
  endfacet
  facet normal -0.998631 -0.0523091 -1.25834e-05
    outer loop
      vertex 5.14397 0.175353 0.997222
      vertex 5.14517 0.15239 1.22098
      vertex 5.14343 0.185608 1.22223
    endloop
  endfacet
  facet normal -0.998637 -0.0522017 4.29329e-06
    outer loop
      vertex 5.14605 0.135537 0.998656
      vertex 5.14692 0.118912 1.22252
      vertex 5.14517 0.15239 1.22098
    endloop
  endfacet
  facet normal -0.998624 -0.05244 -1.34563e-05
    outer loop
      vertex 5.14804 0.09764 1.00293
      vertex 5.14692 0.118912 1.22252
      vertex 5.14605 0.135537 0.998656
    endloop
  endfacet
  facet normal -0.998625 -0.0524208 -1.53224e-05
    outer loop
      vertex 5.14804 0.09764 1.00293
      vertex 5.14993 0.0616331 1.01007
      vertex 5.14692 0.118912 1.22252
    endloop
  endfacet
  facet normal -0.998625 -0.0524307 -1.26452e-05
    outer loop
      vertex 5.14993 0.0616331 1.01007
      vertex 5.14858 0.0872936 1.22714
      vertex 5.14692 0.118912 1.22252
    endloop
  endfacet
  facet normal -0.998639 -0.052161 -4.46174e-05
    outer loop
      vertex 5.14993 0.0616331 1.01007
      vertex 5.15171 0.0275459 1.02005
      vertex 5.14858 0.0872936 1.22714
    endloop
  endfacet
  facet normal -0.998623 -0.0524689 3.0455e-05
    outer loop
      vertex 5.15125 0.0363226 2.35541
      vertex 5.15254 0.011775 2.3632
      vertex 5.14909 0.0775566 2.56813
    endloop
  endfacet
  facet normal -0.998619 -0.0525392 6.48137e-05
    outer loop
      vertex 5.15171 0.0275459 1.02005
      vertex 5.15316 -1.7393e-07 1.03158
      vertex 5.14858 0.0872936 1.22714
    endloop
  endfacet
  facet normal -0.998617 -0.0525656 1.5943e-06
    outer loop
      vertex 5.15171 0.0275459 1.02005
      vertex 5.15316 -1.85152e-07 1.03121
      vertex 5.15316 -1.7393e-07 1.03158
    endloop
  endfacet
  facet normal -0.998687 -0.05111 0.00360351
    outer loop
      vertex 5.15317 -0.000201225 1.03113
      vertex 5.15316 -1.85152e-07 1.03121
      vertex 5.15171 0.0275459 1.02005
    endloop
  endfacet
  facet normal -0.997557 -0.0234299 -0.0658154
    outer loop
      vertex 5.15316 -1.85152e-07 1.03121
      vertex 5.15317 -0.000201225 1.03113
      vertex 5.15316 -0.000140637 1.03126
    endloop
  endfacet
  facet normal -0.998626 -0.0524026 -4.89067e-07
    outer loop
      vertex 5.15316 -1.6472e-07 1.03257
      vertex 5.15014 0.0575495 1.23483
      vertex 5.15316 -1.57907e-07 1.03184
    endloop
  endfacet
  facet normal -0.998632 -0.0522971 -3.05757e-05
    outer loop
      vertex 5.15014 0.0575495 1.23483
      vertex 5.15316 -1.6472e-07 1.03257
      vertex 5.1516 0.029664 1.24562
    endloop
  endfacet
  facet normal -0.997572 -0.0316086 -0.0620635
    outer loop
      vertex 5.15317 -0.000201225 1.03113
      vertex 5.15316 -0.000180149 1.03128
      vertex 5.15316 -0.000160514 1.03127
    endloop
  endfacet
  facet normal -0.880389 -0.474186 0.00793373
    outer loop
      vertex 5.15317 -0.000201225 1.03113
      vertex 5.15317 -0.000198548 1.03129
      vertex 5.15316 -0.000180149 1.03128
    endloop
  endfacet
  facet normal -0.99862 -0.0525119 -5.86999e-07
    outer loop
      vertex 5.15316 -2.81646e-07 1.04303
      vertex 5.1516 0.029664 1.24562
      vertex 5.15316 -1.6472e-07 1.03257
    endloop
  endfacet
  facet normal -0.998635 -0.0522353 -4.1209e-05
    outer loop
      vertex 5.1516 0.029664 1.24562
      vertex 5.15316 -2.81646e-07 1.04303
      vertex 5.15296 0.00365257 1.25947
    endloop
  endfacet
  facet normal -0.998635 -0.0522316 7.4433e-05
    outer loop
      vertex 5.13865 0.276776 2.58198
      vertex 5.13728 0.302986 2.59355
      vertex 5.13224 0.39906 2.39178
    endloop
  endfacet
  facet normal -1 0 0
    outer loop
      vertex 5.15317 -0.000201225 1.03113
      vertex 5.15317 -0.000201225 1.03129
      vertex 5.15317 -0.000198548 1.03129
    endloop
  endfacet
  facet normal -0.998504 -0.0546707 2.77089e-06
    outer loop
      vertex 5.15296 0.00365257 1.25947
      vertex 5.15316 -1.08534e-07 1.26179
      vertex 5.15316 -1.02452e-07 1.26191
    endloop
  endfacet
  facet normal -0.998504 -0.0546723 -2.0901e-07
    outer loop
      vertex 5.15316 -1.23982e-07 1.26155
      vertex 5.15296 0.00365257 1.25947
      vertex 5.15316 -1.2165e-07 1.26094
    endloop
  endfacet
  facet normal -0.998504 -0.0546699 -0
    outer loop
      vertex 5.15316 -2.81646e-07 1.25179
      vertex 5.15296 0.00365257 1.25947
      vertex 5.15316 -2.81646e-07 1.04303
    endloop
  endfacet
  facet normal -0.998504 -0.0546719 9.55987e-07
    outer loop
      vertex 5.15296 0.00365257 1.25947
      vertex 5.15316 -2.81646e-07 1.25179
      vertex 5.15316 -1.2165e-07 1.26094
    endloop
  endfacet
  facet normal -0.998504 -0.0546762 -5.53939e-06
    outer loop
      vertex 5.15316 -1.10557e-07 1.26199
      vertex 5.15296 0.00365257 1.25947
      vertex 5.15316 -1.02452e-07 1.26191
    endloop
  endfacet
  facet normal -0.998504 -0.0546753 -4.24007e-06
    outer loop
      vertex 5.15296 0.00365257 1.25947
      vertex 5.15316 -1.10557e-07 1.26199
      vertex 5.15316 -1.13659e-07 1.26203
    endloop
  endfacet
  facet normal -0.998504 -0.0546702 3.51894e-06
    outer loop
      vertex 5.15296 0.00365257 1.25947
      vertex 5.15316 -1.23982e-07 1.26155
      vertex 5.15316 -1.08534e-07 1.26179
    endloop
  endfacet
  facet normal -0.998638 -0.0521691 1.81812e-06
    outer loop
      vertex 5.14605 0.135537 0.998656
      vertex 5.14517 0.15239 1.22098
      vertex 5.14397 0.175353 0.997222
    endloop
  endfacet
  facet normal -0.998628 -0.0523738 -9.62416e-06
    outer loop
      vertex 5.14397 0.175353 0.997222
      vertex 5.14343 0.185608 1.22223
      vertex 5.14126 0.227025 0.99945
    endloop
  endfacet
  facet normal -0.998624 -0.0524424 -1.82866e-05
    outer loop
      vertex 5.14126 0.227025 0.99945
      vertex 5.14178 0.217044 1.226
      vertex 5.1387 0.275771 1.0061
    endloop
  endfacet
  facet normal -0.998627 -0.0523832 4.3867e-06
    outer loop
      vertex 5.1363 0.321591 1.01721
      vertex 5.13877 0.274522 1.24109
      vertex 5.13405 0.364486 1.03276
    endloop
  endfacet
  facet normal -0.998632 -0.0522839 2.82513e-06
    outer loop
      vertex 5.1374 0.300563 1.25239
      vertex 5.13613 0.324821 1.26622
      vertex 5.13002 0.441513 1.07716
    endloop
  endfacet
  facet normal -0.998626 -0.0523952 -7.95883e-05
    outer loop
      vertex 5.12823 0.475646 1.10603
      vertex 5.13495 0.347298 1.28256
      vertex 5.12659 0.506853 1.13933
    endloop
  endfacet
  facet normal -0.99863 -0.0523294 1.13054e-05
    outer loop
      vertex 5.12659 0.506853 1.13933
      vertex 5.13387 0.36796 1.30141
      vertex 5.12513 0.534723 1.17665
    endloop
  endfacet
  facet normal -0.998634 -0.0522594 5.34311e-05
    outer loop
      vertex 5.1329 0.386504 1.32274
      vertex 5.13206 0.40258 1.3465
      vertex 5.12492 0.538853 1.18364
    endloop
  endfacet
  facet normal -0.937998 -0.308262 -0.158535
    outer loop
      vertex 5.12492 0.538853 1.18364
      vertex 5.12493 0.538658 1.18396
      vertex 5.12492 0.538673 1.18399
    endloop
  endfacet
  facet normal 0 0 0
    outer loop
      vertex 5.12493 0.538658 1.18396
      vertex 5.12493 0.538658 1.18402
      vertex 5.12493 0.538658 1.18401
    endloop
  endfacet
  facet normal -0.998633 -0.0522614 0
    outer loop
      vertex 5.13134 0.416173 1.37269
      vertex 5.12493 0.538658 1.18402
      vertex 5.12493 0.538658 1.18396
    endloop
  endfacet
  facet normal -0.998637 -0.0521893 4.69504e-05
    outer loop
      vertex 5.12493 0.538658 1.18402
      vertex 5.13134 0.416173 1.37269
      vertex 5.13076 0.427297 1.40132
    endloop
  endfacet
  facet normal -0.997608 -0.0683319 -0.0104645
    outer loop
      vertex 5.13134 0.416173 1.37269
      vertex 5.12493 0.538658 1.18396
      vertex 5.12492 0.538853 1.18364
    endloop
  endfacet
  facet normal -1 0 0
    outer loop
      vertex 5.12492 0.538736 1.18409
      vertex 5.12492 0.538853 1.18429
      vertex 5.12492 0.538853 1.18364
    endloop
  endfacet
  facet normal -1 0 0
    outer loop
      vertex 5.12492 0.538724 1.87793
      vertex 5.12492 0.538853 1.8784
      vertex 5.12492 0.538853 1.8777
    endloop
  endfacet
  facet normal -0.998629 -0.0523396 0
    outer loop
      vertex 5.12973 0.447075 1.54025
      vertex 5.12493 0.538658 1.18446
      vertex 5.12493 0.538658 1.1844
    endloop
  endfacet
  facet normal -0.998629 -0.0523396 0
    outer loop
      vertex 5.12493 0.538658 1.18446
      vertex 5.12973 0.447075 1.54025
      vertex 5.12493 0.538658 1.87759
    endloop
  endfacet
  facet normal -0.998629 -0.0523396 0
    outer loop
      vertex 5.12493 0.538658 1.87759
      vertex 5.12973 0.447075 1.54025
      vertex 5.12493 0.538658 1.87768
    endloop
  endfacet
  facet normal -1 0 0
    outer loop
      vertex 5.12492 0.538713 1.87795
      vertex 5.12492 0.538698 1.87797
      vertex 5.12492 0.538853 1.8784
    endloop
  endfacet
  facet normal 0 0 0
    outer loop
      vertex 5.12493 0.538658 1.87777
      vertex 5.12493 0.538658 1.87786
      vertex 5.12493 0.538658 1.8778
    endloop
  endfacet
  facet normal -0.998634 -0.0522465 -2.89388e-05
    outer loop
      vertex 5.12997 0.442473 1.60876
      vertex 5.12493 0.538658 1.87777
      vertex 5.12979 0.445932 1.57536
    endloop
  endfacet
  facet normal -0.99863 -0.0523272 0
    outer loop
      vertex 5.12493 0.538658 1.87777
      vertex 5.12997 0.442473 1.60876
      vertex 5.12493 0.538658 1.87786
    endloop
  endfacet
  facet normal -1 0 0
    outer loop
      vertex 5.12492 0.538698 1.87797
      vertex 5.12492 0.53868 1.878
      vertex 5.12492 0.538853 1.8784
    endloop
  endfacet
  facet normal 0 0 0
    outer loop
      vertex 5.12493 0.538658 1.87786
      vertex 5.12493 0.538658 1.87794
      vertex 5.12493 0.538658 1.87788
    endloop
  endfacet
  facet normal 0 0 0
    outer loop
      vertex 5.12493 0.538658 1.87786
      vertex 5.12493 0.538658 1.87795
      vertex 5.12493 0.538658 1.87794
    endloop
  endfacet
  facet normal -0.998636 -0.0522213 -3.79775e-05
    outer loop
      vertex 5.13027 0.436713 1.64046
      vertex 5.12493 0.538658 1.87786
      vertex 5.12997 0.442473 1.60876
    endloop
  endfacet
  facet normal -0.998631 -0.0523095 0
    outer loop
      vertex 5.12493 0.538658 1.87786
      vertex 5.13027 0.436713 1.64046
      vertex 5.12493 0.538658 1.87795
    endloop
  endfacet
  facet normal -0.998632 -0.0522979 1.21451e-05
    outer loop
      vertex 5.13571 0.332791 1.81285
      vertex 5.12987 0.444347 1.98868
      vertex 5.12811 0.477947 1.9572
    endloop
  endfacet
  facet normal -0.998643 -0.0520875 -0.000114202
    outer loop
      vertex 5.13844 0.28086 3.17293
      vertex 5.13987 0.253417 3.185
      vertex 5.13411 0.363435 3.3743
    endloop
  endfacet
  facet normal -0.998618 -0.0525484 0.000171538
    outer loop
      vertex 5.13571 0.332791 1.81285
      vertex 5.13693 0.30966 1.82927
      vertex 5.12987 0.444347 1.98868
    endloop
  endfacet
  facet normal -0.998633 -0.0522746 4.62083e-06
    outer loop
      vertex 5.14141 0.224069 3.19473
      vertex 5.13864 0.277005 3.40985
      vertex 5.13631 0.321515 3.39403
    endloop
  endfacet
  facet normal -0.998631 -0.0522997 -2.71953e-05
    outer loop
      vertex 5.13693 0.30966 1.82927
      vertex 5.13824 0.284639 1.84335
      vertex 5.13178 0.407899 2.01623
    endloop
  endfacet
  facet normal -0.998626 -0.0523991 3.13384e-05
    outer loop
      vertex 5.14305 0.192801 3.20215
      vertex 5.14479 0.159643 3.20723
      vertex 5.14111 0.229905 3.42177
    endloop
  endfacet
  facet normal -0.998631 -0.0523153 -1.60551e-05
    outer loop
      vertex 5.13824 0.284639 1.84335
      vertex 5.13384 0.368569 2.03989
      vertex 5.13178 0.407899 2.01623
    endloop
  endfacet
  facet normal -0.998631 -0.0523154 0
    outer loop
      vertex 5.13074 0.427753 2.74193
      vertex 5.12493 0.538658 2.52276
      vertex 5.12493 0.538658 2.52275
    endloop
  endfacet
  facet normal -0.998615 -0.0526092 -0.000149071
    outer loop
      vertex 5.12493 0.538658 2.52276
      vertex 5.13074 0.427753 2.74193
      vertex 5.13029 0.436211 2.7715
    endloop
  endfacet
  facet normal 0 0 0
    outer loop
      vertex 5.12493 0.538658 2.52276
      vertex 5.12493 0.538658 2.52284
      vertex 5.12493 0.538658 2.52282
    endloop
  endfacet
  facet normal -0.998634 -0.0522483 -0
    outer loop
      vertex 5.12493 0.538658 2.52284
      vertex 5.12493 0.538658 2.52276
      vertex 5.13029 0.436211 2.7715
    endloop
  endfacet
  facet normal -1 0 0
    outer loop
      vertex 5.12492 0.53867 2.52273
      vertex 5.12492 0.53869 2.52276
      vertex 5.12492 0.538853 2.52237
    endloop
  endfacet
  facet normal -0.998631 -0.0523169 -2.20373e-05
    outer loop
      vertex 5.13965 0.257745 1.85512
      vertex 5.13605 0.326376 2.05962
      vertex 5.13384 0.368569 2.03989
    endloop
  endfacet
  facet normal -0.998641 -0.0521136 0.000131948
    outer loop
      vertex 5.132 0.403602 2.6888
      vertex 5.13131 0.416889 2.71435
      vertex 5.12492 0.538853 2.52237
    endloop
  endfacet
  facet normal -0.998628 -0.052361 -7.20924e-06
    outer loop
      vertex 5.13965 0.257745 1.85512
      vertex 5.14116 0.228945 1.86455
      vertex 5.13605 0.326376 2.05962
    endloop
  endfacet
  facet normal -0.998636 -0.05222 0.000159426
    outer loop
      vertex 5.12523 0.532895 2.51265
      vertex 5.13378 0.369788 2.64368
      vertex 5.12492 0.538853 2.52237
    endloop
  endfacet
  facet normal -0.998627 -0.0523923 -1.08282e-05
    outer loop
      vertex 5.14116 0.228945 1.86455
      vertex 5.14277 0.198256 1.87167
      vertex 5.13841 0.281318 2.07544
    endloop
  endfacet
  facet normal -0.998631 -0.0523146 -4.25864e-05
    outer loop
      vertex 5.14277 0.198256 1.87167
      vertex 5.14092 0.233395 2.08736
      vertex 5.13841 0.281318 2.07544
    endloop
  endfacet
  facet normal -0.998621 -0.0524919 4.52261e-05
    outer loop
      vertex 5.14447 0.165677 1.87646
      vertex 5.14359 0.182607 2.09537
      vertex 5.14092 0.233395 2.08736
    endloop
  endfacet
  facet normal -0.998633 -0.0522725 5.58946e-05
    outer loop
      vertex 5.12839 0.472507 2.44371
      vertex 5.13484 0.349477 2.62439
      vertex 5.12672 0.504446 2.47616
    endloop
  endfacet
  facet normal -0.998628 -0.0523724 2.62491e-05
    outer loop
      vertex 5.14996 0.0609169 2.34903
      vertex 5.15125 0.0363226 2.35541
      vertex 5.14782 0.10183 2.56441
    endloop
  endfacet
  facet normal -0.998626 -0.0524014 -1.65274e-06
    outer loop
      vertex 5.15316 -2.23228e-08 2.36847
      vertex 5.14909 0.0775566 2.56813
      vertex 5.15316 -1.44378e-08 2.36822
    endloop
  endfacet
  facet normal -0.998622 -0.052489 3.24537e-05
    outer loop
      vertex 5.14909 0.0775566 2.56813
      vertex 5.15316 -2.23228e-08 2.36847
      vertex 5.15033 0.0539684 2.57336
    endloop
  endfacet
  facet normal -0.997054 0 -0.0766965
    outer loop
      vertex 5.15317 -0.000201225 2.36771
      vertex 5.15316 -0.000165148 2.36784
      vertex 5.15316 -0.000150241 2.36784
    endloop
  endfacet
  facet normal 0 0 0
    outer loop
      vertex 5.12493 0.538658 2.52284
      vertex 5.12493 0.538658 2.52294
      vertex 5.12493 0.538658 2.52289
    endloop
  endfacet
  facet normal -0.998634 -0.0522483 0
    outer loop
      vertex 5.13029 0.436211 2.7715
      vertex 5.12493 0.538658 2.52294
      vertex 5.12493 0.538658 2.52284
    endloop
  endfacet
  facet normal -0.99865 -0.0519504 0.000123125
    outer loop
      vertex 5.12493 0.538658 2.52294
      vertex 5.13029 0.436211 2.7715
      vertex 5.12998 0.442245 2.80307
    endloop
  endfacet
  facet normal -1 0 0
    outer loop
      vertex 5.12492 0.53869 2.52276
      vertex 5.12492 0.538707 2.52279
      vertex 5.12492 0.538853 2.52237
    endloop
  endfacet
  facet normal -0.998633 -0.0522652 -4.2604e-05
    outer loop
      vertex 5.1371 0.306399 3.15854
      vertex 5.13205 0.402733 3.35065
      vertex 5.13013 0.439441 3.32309
    endloop
  endfacet
  facet normal -0.99863 -0.0523294 8.66274e-06
    outer loop
      vertex 5.13472 0.351762 3.12279
      vertex 5.12834 0.473543 3.29161
      vertex 5.12669 0.505025 3.25622
    endloop
  endfacet
  facet normal -0.998629 -0.0523509 3.35273e-05
    outer loop
      vertex 5.13368 0.371587 3.10142
      vertex 5.13472 0.351762 3.12279
      vertex 5.12669 0.505025 3.25622
    endloop
  endfacet
  facet normal -0.998625 -0.0524238 9.64713e-05
    outer loop
      vertex 5.13368 0.371587 3.10142
      vertex 5.12669 0.505025 3.25622
      vertex 5.1252 0.533337 3.21756
    endloop
  endfacet
  facet normal -0.998654 -0.051859 -0.000692246
    outer loop
      vertex 5.13368 0.371587 3.10142
      vertex 5.1252 0.533337 3.21756
      vertex 5.12492 0.538853 3.20827
    endloop
  endfacet
  facet normal -0.998628 -0.0523652 0.000102378
    outer loop
      vertex 5.13275 0.389277 3.07814
      vertex 5.13368 0.371587 3.10142
      vertex 5.12492 0.538853 3.20827
    endloop
  endfacet
  facet normal -0.998636 -0.0522198 -6.52653e-05
    outer loop
      vertex 5.13195 0.404607 3.05331
      vertex 5.13275 0.389277 3.07814
      vertex 5.12492 0.538853 3.20827
    endloop
  endfacet
  facet normal -0.998628 -0.0523633 3.32465e-05
    outer loop
      vertex 5.13472 0.351762 3.12279
      vertex 5.13586 0.330033 3.14183
      vertex 5.12834 0.473543 3.29161
    endloop
  endfacet
  facet normal -0.998625 -0.0524269 8.80953e-05
    outer loop
      vertex 5.13127 0.41759 3.02696
      vertex 5.12493 0.538658 3.2079
      vertex 5.13071 0.42821 2.99908
    endloop
  endfacet
  facet normal -0.930358 -0.3253 0.169156
    outer loop
      vertex 5.12493 0.538658 3.20795
      vertex 5.12492 0.538853 3.20827
      vertex 5.12492 0.538671 3.20792
    endloop
  endfacet
  facet normal -0.997964 -0.0633438 0.00741374
    outer loop
      vertex 5.12493 0.538658 3.20795
      vertex 5.13127 0.41759 3.02696
      vertex 5.12492 0.538853 3.20827
    endloop
  endfacet
  facet normal -0.998632 -0.0522956 0
    outer loop
      vertex 5.12493 0.538658 3.2079
      vertex 5.13127 0.41759 3.02696
      vertex 5.12493 0.538658 3.20795
    endloop
  endfacet
  facet normal -1 0 0
    outer loop
      vertex 5.12492 0.538691 3.20789
      vertex 5.12492 0.538671 3.20792
      vertex 5.12492 0.538853 3.20827
    endloop
  endfacet
  facet normal 0 0 0
    outer loop
      vertex 5.12493 0.538658 3.20781
      vertex 5.12493 0.538658 3.2079
      vertex 5.12493 0.538658 3.20785
    endloop
  endfacet
  facet normal -0.998637 -0.0521989 -3.28421e-05
    outer loop
      vertex 5.13071 0.42821 2.99908
      vertex 5.12493 0.538658 3.20781
      vertex 5.13028 0.436455 2.96966
    endloop
  endfacet
  facet normal -0.998633 -0.0522608 0
    outer loop
      vertex 5.12493 0.538658 3.20781
      vertex 5.13071 0.42821 2.99908
      vertex 5.12493 0.538658 3.2079
    endloop
  endfacet
  facet normal -1 0 0
    outer loop
      vertex 5.12492 0.538708 3.20786
      vertex 5.12492 0.538691 3.20789
      vertex 5.12492 0.538853 3.20827
    endloop
  endfacet
  facet normal -0.998633 -0.0522752 0
    outer loop
      vertex 5.12493 0.538658 3.20772
      vertex 5.13028 0.436455 2.96966
      vertex 5.12493 0.538658 3.20778
    endloop
  endfacet
  facet normal -0.998633 -0.0522752 0
    outer loop
      vertex 5.12493 0.538658 3.20778
      vertex 5.13028 0.436455 2.96966
      vertex 5.12493 0.538658 3.20781
    endloop
  endfacet
  facet normal -0.998631 -0.0523025 1.17421e-05
    outer loop
      vertex 5.13028 0.436455 2.96966
      vertex 5.12493 0.538658 3.20772
      vertex 5.12997 0.442367 2.93872
    endloop
  endfacet
  facet normal -1 0 0
    outer loop
      vertex 5.12492 0.538731 3.20782
      vertex 5.12492 0.538721 3.20784
      vertex 5.12492 0.538853 3.20827
    endloop
  endfacet
  facet normal 0 0 0
    outer loop
      vertex 5.12493 0.538658 3.20755
      vertex 5.12493 0.538658 3.20763
      vertex 5.12493 0.538658 3.20761
    endloop
  endfacet
  facet normal -0.998637 -0.0521989 -3.85499e-05
    outer loop
      vertex 5.12979 0.445902 2.90625
      vertex 5.12493 0.538658 3.20755
      vertex 5.12973 0.447075 2.87224
    endloop
  endfacet
  facet normal -0.99863 -0.0523238 0
    outer loop
      vertex 5.12493 0.538658 3.20755
      vertex 5.12979 0.445902 2.90625
      vertex 5.12493 0.538658 3.20763
    endloop
  endfacet
  facet normal -1 0 0
    outer loop
      vertex 5.12492 0.538707 2.52279
      vertex 5.12492 0.538721 2.52281
      vertex 5.12492 0.538853 2.52237
    endloop
  endfacet
  facet normal 0 0 0
    outer loop
      vertex 5.12493 0.538658 2.52294
      vertex 5.12493 0.538658 2.52303
      vertex 5.12493 0.538658 2.52297
    endloop
  endfacet
  facet normal -0.998631 -0.0523071 0
    outer loop
      vertex 5.12998 0.442245 2.80307
      vertex 5.12493 0.538658 2.52303
      vertex 5.12493 0.538658 2.52294
    endloop
  endfacet
  facet normal -0.998631 -0.052312 -1.68357e-06
    outer loop
      vertex 5.12493 0.538658 2.52303
      vertex 5.12998 0.442245 2.80307
      vertex 5.12979 0.445871 2.83665
    endloop
  endfacet
  facet normal -1 0 0
    outer loop
      vertex 5.12492 0.538721 2.52281
      vertex 5.12492 0.538732 2.52283
      vertex 5.12492 0.538853 2.52237
    endloop
  endfacet
  facet normal 0 0 0
    outer loop
      vertex 5.12493 0.538658 2.52303
      vertex 5.12493 0.538658 2.52311
      vertex 5.12493 0.538658 2.52307
    endloop
  endfacet
  facet normal -0.998631 -0.0523063 0
    outer loop
      vertex 5.12979 0.445871 2.83665
      vertex 5.12493 0.538658 2.52311
      vertex 5.12493 0.538658 2.52303
    endloop
  endfacet
  facet normal -0.998645 -0.0520464 7.71334e-05
    outer loop
      vertex 5.12493 0.538658 2.52311
      vertex 5.12979 0.445871 2.83665
      vertex 5.12973 0.447075 2.87224
    endloop
  endfacet
  facet normal -0.99862 -0.0525145 -0.000194711
    outer loop
      vertex 5.13283 0.387906 2.66524
      vertex 5.132 0.403602 2.6888
      vertex 5.12492 0.538853 2.52237
    endloop
  endfacet
  facet normal -0.99863 -0.0523304 2.16162e-05
    outer loop
      vertex 5.12672 0.504446 2.47616
      vertex 5.13378 0.369788 2.64368
      vertex 5.12523 0.532895 2.51265
    endloop
  endfacet
  facet normal -0.99863 -0.0523258 4.25986e-05
    outer loop
      vertex 5.13023 0.437368 2.41559
      vertex 5.13601 0.327214 2.60768
      vertex 5.12839 0.472507 2.44371
    endloop
  endfacet
  facet normal -0.998628 -0.0523601 2.28752e-05
    outer loop
      vertex 5.13728 0.302986 2.59355
      vertex 5.13601 0.327214 2.60768
      vertex 5.13023 0.437368 2.41559
    endloop
  endfacet
  facet normal -0.998632 -0.0522866 3.13034e-06
    outer loop
      vertex 5.13676 0.31286 2.35716
      vertex 5.13865 0.276776 2.58198
      vertex 5.13442 0.357553 2.37231
    endloop
  endfacet
  facet normal -0.998637 -0.0521955 1.77903e-05
    outer loop
      vertex 5.14012 0.248648 2.57298
      vertex 5.13865 0.276776 2.58198
      vertex 5.13676 0.31286 2.35716
    endloop
  endfacet
  facet normal -0.998636 -0.0522035 5.95849e-06
    outer loop
      vertex 5.14194 0.213905 2.33986
      vertex 5.1417 0.218522 2.56656
      vertex 5.13927 0.264982 2.34634
    endloop
  endfacet
  facet normal -0.998628 -0.0523683 -2.88988e-05
    outer loop
      vertex 5.1417 0.218522 2.56656
      vertex 5.14012 0.248648 2.57298
      vertex 5.13927 0.264982 2.34634
    endloop
  endfacet
  facet normal -0.998622 -0.0524878 -5.44431e-06
    outer loop
      vertex 5.14479 0.159643 2.33769
      vertex 5.14517 0.15239 2.56142
      vertex 5.14338 0.186446 2.5627
    endloop
  endfacet
  facet normal -0.998634 -0.0522423 -2.15987e-05
    outer loop
      vertex 5.14609 0.134896 2.33839
      vertex 5.14651 0.126775 2.56216
      vertex 5.14517 0.15239 2.56142
    endloop
  endfacet
  facet normal -0.998631 -0.0523134 1.50079e-05
    outer loop
      vertex 5.14867 0.0855408 2.34407
      vertex 5.14996 0.0609169 2.34903
      vertex 5.14782 0.10183 2.56441
    endloop
  endfacet
  facet normal -0.998634 -0.052251 -1.19014e-05
    outer loop
      vertex 5.15125 0.0363226 2.35541
      vertex 5.14909 0.0775566 2.56813
      vertex 5.14782 0.10183 2.56441
    endloop
  endfacet
  facet normal -0.998689 -0.0510253 0.00400965
    outer loop
      vertex 5.15317 -0.000201225 2.36771
      vertex 5.15316 -2.72139e-11 2.36778
      vertex 5.15254 0.011775 2.3632
    endloop
  endfacet
  facet normal -0.997446 -0.0264921 -0.0663368
    outer loop
      vertex 5.15316 -2.72139e-11 2.36778
      vertex 5.15317 -0.000201225 2.36771
      vertex 5.15316 -0.000150241 2.36784
    endloop
  endfacet
  facet normal -0.998617 -0.0525818 -1.72212e-06
    outer loop
      vertex 5.15316 -1.44378e-08 2.36822
      vertex 5.15254 0.011775 2.3632
      vertex 5.15316 -2.72139e-11 2.36778
    endloop
  endfacet
  facet normal -0.998618 -0.0525561 5.85322e-05
    outer loop
      vertex 5.15254 0.011775 2.3632
      vertex 5.15316 -1.44378e-08 2.36822
      vertex 5.14909 0.0775566 2.56813
    endloop
  endfacet
  facet normal -0.996976 -0.0429418 -0.0647734
    outer loop
      vertex 5.15317 -0.000201225 2.36771
      vertex 5.15316 -0.000180232 2.36785
      vertex 5.15316 -0.000165148 2.36784
    endloop
  endfacet
  facet normal -0.99863 -0.0523273 -1.0299e-05
    outer loop
      vertex 5.15033 0.0539684 2.57336
      vertex 5.15316 -1.90627e-09 2.36907
      vertex 5.15153 0.0310659 2.58008
    endloop
  endfacet
  facet normal -0.998628 -0.0523729 1.78212e-06
    outer loop
      vertex 5.15316 -1.90627e-09 2.36907
      vertex 5.15033 0.0539684 2.57336
      vertex 5.15316 -2.23228e-08 2.36847
    endloop
  endfacet
  facet normal -0.998629 -0.0523521 -0
    outer loop
      vertex 5.15316 -3.05237e-09 4.1947
      vertex 5.14593 0.137914 4.24861
      vertex 5.15316 -3.05237e-09 3.97353
    endloop
  endfacet
  facet normal -0.998767 -0.0496351 -0
    outer loop
      vertex 5.15317 -0.000201225 4.19478
      vertex 5.15316 -3.05237e-09 4.1947
      vertex 5.15317 -0.000201225 4.19462
    endloop
  endfacet
  facet normal -0.998692 -0.0510049 -0.00345486
    outer loop
      vertex 5.15316 -3.05237e-09 4.1947
      vertex 5.15317 -0.000201225 4.19478
      vertex 5.14593 0.137914 4.24861
    endloop
  endfacet
  facet normal -0.830522 -0.556464 0.0241187
    outer loop
      vertex 5.15317 -0.000201225 2.36771
      vertex 5.15317 -0.000195157 2.36785
      vertex 5.15316 -0.000180232 2.36785
    endloop
  endfacet
  facet normal -0.998641 -0.0521214 -4.14109e-05
    outer loop
      vertex 5.15153 0.0310659 2.58008
      vertex 5.15316 8.76174e-08 2.37262
      vertex 5.15269 0.00883389 2.58829
    endloop
  endfacet
  facet normal -0.998626 -0.052406 1.32157e-06
    outer loop
      vertex 5.15316 8.76174e-08 2.37262
      vertex 5.15153 0.0310659 2.58008
      vertex 5.15316 -1.90627e-09 2.36907
    endloop
  endfacet
  facet normal -1 0 0
    outer loop
      vertex 5.15317 -0.000201225 2.36771
      vertex 5.15317 -0.000201225 2.36786
      vertex 5.15317 -0.000195157 2.36785
    endloop
  endfacet
  facet normal -0.998588 -0.0531293 9.70495e-07
    outer loop
      vertex 5.15269 0.00883389 2.58829
      vertex 5.15316 1.06039e-07 2.59193
      vertex 5.15316 1.08231e-07 2.59205
    endloop
  endfacet
  facet normal -0.998588 -0.0531295 5.71567e-07
    outer loop
      vertex 5.15269 0.00883389 2.58829
      vertex 5.15316 1.06338e-07 2.59122
      vertex 5.15316 1.11717e-07 2.59172
    endloop
  endfacet
  facet normal -0.998588 -0.0531296 -0
    outer loop
      vertex 5.15316 8.76174e-08 2.58883
      vertex 5.15269 0.00883389 2.58829
      vertex 5.15316 8.76174e-08 2.37262
    endloop
  endfacet
  facet normal -0.998588 -0.0531296 4.16158e-07
    outer loop
      vertex 5.15269 0.00883389 2.58829
      vertex 5.15316 8.76174e-08 2.58883
      vertex 5.15316 1.06338e-07 2.59122
    endloop
  endfacet
  facet normal -0.998588 -0.0531303 -1.43654e-06
    outer loop
      vertex 5.15316 1.06039e-07 2.59193
      vertex 5.15269 0.00883389 2.58829
      vertex 5.15316 1.11717e-07 2.59172
    endloop
  endfacet
  facet normal -0.998587 -0.0531322 -5.82278e-06
    outer loop
      vertex 5.15269 0.00883389 2.58829
      vertex 5.15316 1.08231e-07 2.59205
      vertex 5.15316 8.41211e-08 2.59227
    endloop
  endfacet
  facet normal -0.998624 -0.0524411 2.4474e-05
    outer loop
      vertex 5.14867 0.0855408 2.34407
      vertex 5.14782 0.10183 2.56441
      vertex 5.14651 0.126775 2.56216
    endloop
  endfacet
  facet normal -0.998634 -0.0522518 -1.14101e-05
    outer loop
      vertex 5.14738 0.110196 2.34051
      vertex 5.14867 0.0855408 2.34407
      vertex 5.14651 0.126775 2.56216
    endloop
  endfacet
  facet normal -0.998639 -0.0521572 -1.85032e-05
    outer loop
      vertex 5.14738 0.110196 2.34051
      vertex 5.14651 0.126775 2.56216
      vertex 5.14609 0.134896 2.33839
    endloop
  endfacet
  facet normal -0.998623 -0.0524594 -4.52051e-06
    outer loop
      vertex 5.14609 0.134896 2.33839
      vertex 5.14517 0.15239 2.56142
      vertex 5.14479 0.159643 2.33769
    endloop
  endfacet
  facet normal -0.998624 -0.0524503 -9.93337e-06
    outer loop
      vertex 5.14479 0.159643 2.33769
      vertex 5.14338 0.186446 2.5627
      vertex 5.14194 0.213905 2.33986
    endloop
  endfacet
  facet normal -0.998631 -0.0523049 8.02891e-06
    outer loop
      vertex 5.14194 0.213905 2.33986
      vertex 5.14338 0.186446 2.5627
      vertex 5.1417 0.218522 2.56656
    endloop
  endfacet
  facet normal -0.998629 -0.0523469 -2.73514e-05
    outer loop
      vertex 5.13927 0.264982 2.34634
      vertex 5.14012 0.248648 2.57298
      vertex 5.13676 0.31286 2.35716
    endloop
  endfacet
  facet normal -0.998625 -0.0524254 -5.04633e-05
    outer loop
      vertex 5.13442 0.357553 2.37231
      vertex 5.13865 0.276776 2.58198
      vertex 5.13224 0.39906 2.39178
    endloop
  endfacet
  facet normal -0.998626 -0.0523951 -3.63085e-06
    outer loop
      vertex 5.13224 0.39906 2.39178
      vertex 5.13728 0.302986 2.59355
      vertex 5.13023 0.437368 2.41559
    endloop
  endfacet
  facet normal -0.998624 -0.0524383 -5.72972e-05
    outer loop
      vertex 5.13601 0.327214 2.60768
      vertex 5.13484 0.349477 2.62439
      vertex 5.12839 0.472507 2.44371
    endloop
  endfacet
  facet normal -0.998636 -0.0522213 0.000109546
    outer loop
      vertex 5.13484 0.349477 2.62439
      vertex 5.13378 0.369788 2.64368
      vertex 5.12672 0.504446 2.47616
    endloop
  endfacet
  facet normal -0.998629 -0.0523446 -1.47446e-05
    outer loop
      vertex 5.13378 0.369788 2.64368
      vertex 5.13283 0.387906 2.66524
      vertex 5.12492 0.538853 2.52237
    endloop
  endfacet
  facet normal -0.900035 -0.388504 -0.19749
    outer loop
      vertex 5.12492 0.538853 2.52237
      vertex 5.12493 0.538657 2.52271
      vertex 5.12492 0.53867 2.52273
    endloop
  endfacet
  facet normal -0.998629 -0.0523502 -1.76249e-05
    outer loop
      vertex 5.12493 0.538658 2.52275
      vertex 5.13131 0.416889 2.71435
      vertex 5.13074 0.427753 2.74193
    endloop
  endfacet
  facet normal -0.997803 -0.0656942 -0.00852361
    outer loop
      vertex 5.13131 0.416889 2.71435
      vertex 5.12493 0.538657 2.52271
      vertex 5.12492 0.538853 2.52237
    endloop
  endfacet
  facet normal -0.998731 -0.0503473 0.00125868
    outer loop
      vertex 5.13131 0.416889 2.71435
      vertex 5.12493 0.538658 2.52275
      vertex 5.12493 0.538657 2.52271
    endloop
  endfacet
  facet normal -1 0 0
    outer loop
      vertex 5.12492 0.538732 2.52283
      vertex 5.12492 0.538853 2.52303
      vertex 5.12492 0.538853 2.52237
    endloop
  endfacet
  facet normal -1 0 0
    outer loop
      vertex 5.12492 0.538731 3.20782
      vertex 5.12492 0.538853 3.20827
      vertex 5.12492 0.538853 3.20762
    endloop
  endfacet
  facet normal -0.998629 -0.0523396 0
    outer loop
      vertex 5.12973 0.447075 2.87224
      vertex 5.12493 0.538658 2.52321
      vertex 5.12493 0.538658 2.52311
    endloop
  endfacet
  facet normal -0.998629 -0.0523396 0
    outer loop
      vertex 5.12493 0.538658 2.52321
      vertex 5.12973 0.447075 2.87224
      vertex 5.12493 0.538658 3.20749
    endloop
  endfacet
  facet normal -0.998629 -0.0523396 0
    outer loop
      vertex 5.12493 0.538658 3.20749
      vertex 5.12973 0.447075 2.87224
      vertex 5.12493 0.538658 3.20755
    endloop
  endfacet
  facet normal -1 0 0
    outer loop
      vertex 5.12492 0.538721 3.20784
      vertex 5.12492 0.538708 3.20786
      vertex 5.12492 0.538853 3.20827
    endloop
  endfacet
  facet normal -0.99865 -0.0519396 -0.000118555
    outer loop
      vertex 5.12997 0.442367 2.93872
      vertex 5.12493 0.538658 3.20763
      vertex 5.12979 0.445902 2.90625
    endloop
  endfacet
  facet normal -0.998633 -0.0522698 0
    outer loop
      vertex 5.12493 0.538658 3.20763
      vertex 5.12997 0.442367 2.93872
      vertex 5.12493 0.538658 3.20771
    endloop
  endfacet
  facet normal -0.998633 -0.0522698 0
    outer loop
      vertex 5.12493 0.538658 3.20771
      vertex 5.12997 0.442367 2.93872
      vertex 5.12493 0.538658 3.20772
    endloop
  endfacet
  facet normal -0.998632 -0.0522984 3.02151e-06
    outer loop
      vertex 5.13127 0.41759 3.02696
      vertex 5.13195 0.404607 3.05331
      vertex 5.12492 0.538853 3.20827
    endloop
  endfacet
  facet normal -0.998627 -0.0523758 4.52197e-05
    outer loop
      vertex 5.13586 0.330033 3.14183
      vertex 5.13013 0.439441 3.32309
      vertex 5.12834 0.473543 3.29161
    endloop
  endfacet
  facet normal -0.998695 -0.0509396 0.00375916
    outer loop
      vertex 5.15317 -0.000201225 4.5022
      vertex 5.15316 -4.63691e-09 4.50227
      vertex 5.14605 0.135491 4.44937
    endloop
  endfacet
  facet normal -0.997735 -0.0283654 -0.060995
    outer loop
      vertex 5.15316 -4.63691e-09 4.50227
      vertex 5.15317 -0.000201225 4.5022
      vertex 5.15316 -4.30112e-05 4.50229
    endloop
  endfacet
  facet normal -0.998008 -0.0630797 0
    outer loop
      vertex 5.15316 -4.30112e-05 4.50229
      vertex 5.15317 -0.000201225 4.5022
      vertex 5.15317 -0.000201225 4.50235
    endloop
  endfacet
  facet normal -0.998626 -0.0524037 0
    outer loop
      vertex 5.14605 0.135491 4.44937
      vertex 5.15316 -4.63691e-09 4.50227
      vertex 5.15316 -4.63691e-09 4.72225
    endloop
  endfacet
  facet normal -0.998628 -0.0523667 3.97189e-05
    outer loop
      vertex 5.13586 0.330033 3.14183
      vertex 5.1371 0.306399 3.15854
      vertex 5.13013 0.439441 3.32309
    endloop
  endfacet
  facet normal -0.998627 -0.0523864 1.83473e-05
    outer loop
      vertex 5.1371 0.306399 3.15854
      vertex 5.13844 0.28086 3.17293
      vertex 5.13205 0.402733 3.35065
    endloop
  endfacet
  facet normal -0.998629 -0.0523515 -5.65189e-06
    outer loop
      vertex 5.13844 0.28086 3.17293
      vertex 5.13411 0.363435 3.3743
      vertex 5.13205 0.402733 3.35065
    endloop
  endfacet
  facet normal -0.998627 -0.0523819 5.73518e-05
    outer loop
      vertex 5.13987 0.253417 3.185
      vertex 5.13631 0.321515 3.39403
      vertex 5.13411 0.363435 3.3743
    endloop
  endfacet
  facet normal -0.998627 -0.0523826 5.75975e-05
    outer loop
      vertex 5.13987 0.253417 3.185
      vertex 5.14141 0.224069 3.19473
      vertex 5.13631 0.321515 3.39403
    endloop
  endfacet
  facet normal -0.998628 -0.0523711 2.84306e-05
    outer loop
      vertex 5.14141 0.224069 3.19473
      vertex 5.14305 0.192801 3.20215
      vertex 5.13864 0.277005 3.40985
    endloop
  endfacet
  facet normal -0.998628 -0.0523633 2.52639e-05
    outer loop
      vertex 5.14305 0.192801 3.20215
      vertex 5.14111 0.229905 3.42177
      vertex 5.13864 0.277005 3.40985
    endloop
  endfacet
  facet normal -0.998636 -0.0522087 -3.12e-05
    outer loop
      vertex 5.14479 0.159643 3.20723
      vertex 5.14371 0.180168 3.42978
      vertex 5.14111 0.229905 3.42177
    endloop
  endfacet
  facet normal -0.998631 -0.0523006 0
    outer loop
      vertex 5.12493 0.538658 4.19005
      vertex 5.13741 0.300364 4.30788
      vertex 5.12493 0.538658 4.19007
    endloop
  endfacet
  facet normal -0.998622 -0.0524817 -0.00036718
    outer loop
      vertex 5.13741 0.300364 4.30788
      vertex 5.12493 0.538658 4.19005
      vertex 5.13874 0.275116 4.29941
    endloop
  endfacet
  facet normal -1 0 0
    outer loop
      vertex 5.12492 0.538671 4.19005
      vertex 5.12492 0.538688 4.19005
      vertex 5.12492 0.538853 4.18997
    endloop
  endfacet
  facet normal -0.821107 -0.22968 -0.522523
    outer loop
      vertex 5.12492 0.538853 4.18997
      vertex 5.12493 0.538658 4.19004
      vertex 5.12492 0.538671 4.19005
    endloop
  endfacet
  facet normal -0.99863 -0.0523297 0
    outer loop
      vertex 5.12493 0.538658 4.19004
      vertex 5.13874 0.275116 4.29941
      vertex 5.12493 0.538658 4.19005
    endloop
  endfacet
  facet normal -0.998637 -0.0521878 0.000342808
    outer loop
      vertex 5.12493 0.538658 4.19004
      vertex 5.14002 0.250567 4.29094
      vertex 5.13874 0.275116 4.29941
    endloop
  endfacet
  facet normal -0.987704 -0.0951747 -0.124029
    outer loop
      vertex 5.14002 0.250567 4.29094
      vertex 5.12493 0.538658 4.19004
      vertex 5.12492 0.538853 4.18997
    endloop
  endfacet
  facet normal -0.998632 -0.0522939 5.46699e-05
    outer loop
      vertex 5.15316 -4.63691e-09 4.72225
      vertex 5.14404 0.17386 4.43501
      vertex 5.14605 0.135491 4.44937
    endloop
  endfacet
  facet normal -0.998627 -0.0523771 4.1681e-06
    outer loop
      vertex 5.14404 0.17386 4.43501
      vertex 5.15316 -4.63691e-09 4.72225
      vertex 5.15316 9.3359e-10 4.72232
    endloop
  endfacet
  facet normal -0.998644 -0.0520634 0.000194528
    outer loop
      vertex 5.15316 9.3359e-10 4.72232
      vertex 5.14213 0.210446 4.42155
      vertex 5.14404 0.17386 4.43501
    endloop
  endfacet
  facet normal -0.998629 -0.0523469 -4.38819e-06
    outer loop
      vertex 5.14213 0.210446 4.42155
      vertex 5.15316 9.3359e-10 4.72232
      vertex 5.15316 -3.25786e-09 4.72237
    endloop
  endfacet
  facet normal -0.998626 -0.0523945 0.000252056
    outer loop
      vertex 5.1403 0.245265 4.40901
      vertex 5.14213 0.210446 4.42155
      vertex 5.12492 0.538853 4.50238
    endloop
  endfacet
  facet normal -0.998631 -0.0523063 -2.62735e-05
    outer loop
      vertex 5.13857 0.2783 4.39737
      vertex 5.1403 0.245265 4.40901
      vertex 5.12492 0.538853 4.50238
    endloop
  endfacet
  facet normal -0.998631 -0.0523094 0
    outer loop
      vertex 5.12493 0.538658 4.50228
      vertex 5.13693 0.309568 4.38664
      vertex 5.12493 0.538658 4.5023
    endloop
  endfacet
  facet normal -0.842701 -0.240772 0.481543
    outer loop
      vertex 5.12493 0.538658 4.5023
      vertex 5.12492 0.538853 4.50238
      vertex 5.12492 0.538673 4.50229
    endloop
  endfacet
  facet normal -0.982262 -0.112055 0.150352
    outer loop
      vertex 5.12493 0.538658 4.5023
      vertex 5.13857 0.2783 4.39737
      vertex 5.12492 0.538853 4.50238
    endloop
  endfacet
  facet normal -0.998629 -0.0523501 8.08163e-05
    outer loop
      vertex 5.13857 0.2783 4.39737
      vertex 5.12493 0.538658 4.5023
      vertex 5.13693 0.309568 4.38664
    endloop
  endfacet
  facet normal -1 0 0
    outer loop
      vertex 5.12492 0.538695 4.50228
      vertex 5.12492 0.538673 4.50229
      vertex 5.12492 0.538853 4.50238
    endloop
  endfacet
  facet normal -0.99863 -0.052332 0
    outer loop
      vertex 5.13539 0.339054 4.37681
      vertex 5.12493 0.538658 4.50228
      vertex 5.12493 0.538658 4.50226
    endloop
  endfacet
  facet normal -0.998636 -0.0522177 -0.000182275
    outer loop
      vertex 5.12493 0.538658 4.50228
      vertex 5.13539 0.339054 4.37681
      vertex 5.13693 0.309568 4.38664
    endloop
  endfacet
  facet normal -1 0 0
    outer loop
      vertex 5.12492 0.538715 4.50227
      vertex 5.12492 0.538695 4.50228
      vertex 5.12492 0.538853 4.50238
    endloop
  endfacet
  facet normal -0.998632 -0.0522887 0
    outer loop
      vertex 5.13393 0.366772 4.36789
      vertex 5.12493 0.538658 4.50226
      vertex 5.12493 0.538658 4.50223
    endloop
  endfacet
  facet normal -0.99862 -0.0525095 0.0002833
    outer loop
      vertex 5.12493 0.538658 4.50226
      vertex 5.13393 0.366772 4.36789
      vertex 5.13539 0.339054 4.37681
    endloop
  endfacet
  facet normal -1 0 0
    outer loop
      vertex 5.12492 0.538734 4.50226
      vertex 5.12492 0.538715 4.50227
      vertex 5.12492 0.538853 4.50238
    endloop
  endfacet
  facet normal -0.99863 -0.0523245 4.60025e-05
    outer loop
      vertex 5.13393 0.366772 4.36789
      vertex 5.12493 0.538658 4.50219
      vertex 5.13257 0.392721 4.35988
    endloop
  endfacet
  facet normal -0.998632 -0.0522887 0
    outer loop
      vertex 5.12493 0.538658 4.50219
      vertex 5.13393 0.366772 4.36789
      vertex 5.12493 0.538658 4.50223
    endloop
  endfacet
  facet normal -1 0 0
    outer loop
      vertex 5.12492 0.53876 4.50225
      vertex 5.12492 0.538734 4.50226
      vertex 5.12492 0.538853 4.50238
    endloop
  endfacet
  facet normal -0.998634 -0.0522578 -2.26284e-05
    outer loop
      vertex 5.13257 0.392721 4.35988
      vertex 5.12493 0.538658 4.50211
      vertex 5.1308 0.42655 4.34898
    endloop
  endfacet
  facet normal -0.998632 -0.0522798 0
    outer loop
      vertex 5.12493 0.538658 4.50211
      vertex 5.13257 0.392721 4.35988
      vertex 5.12493 0.538658 4.50219
    endloop
  endfacet
  facet normal -1 0 0
    outer loop
      vertex 5.12492 0.538688 4.19005
      vertex 5.12492 0.538771 4.19009
      vertex 5.12492 0.538853 4.18997
    endloop
  endfacet
  facet normal -0.998631 -0.0523006 0
    outer loop
      vertex 5.13741 0.300364 4.30788
      vertex 5.12493 0.538658 4.19025
      vertex 5.12493 0.538658 4.19007
    endloop
  endfacet
  facet normal -0.998631 -0.052307 -1.30542e-05
    outer loop
      vertex 5.12493 0.538658 4.19025
      vertex 5.13741 0.300364 4.30788
      vertex 5.1308 0.42655 4.34898
    endloop
  endfacet
  facet normal -0.99863 -0.0523338 4.77312e-06
    outer loop
      vertex 5.15316 -3.25786e-09 4.72237
      vertex 5.12492 0.538853 4.50238
      vertex 5.14213 0.210446 4.42155
    endloop
  endfacet
  facet normal -0.99863 -0.0523357 3.1556e-07
    outer loop
      vertex 5.12492 0.538853 4.50238
      vertex 5.15316 -3.25786e-09 4.72237
      vertex 5.15316 -2.05195e-09 4.72257
    endloop
  endfacet
  facet normal -0.998622 -0.0524833 -0.000505262
    outer loop
      vertex 5.14128 0.226674 4.28247
      vertex 5.14002 0.250567 4.29094
      vertex 5.12492 0.538853 4.18997
    endloop
  endfacet
  facet normal -0.998636 -0.052215 0.000402816
    outer loop
      vertex 5.14249 0.203467 4.27402
      vertex 5.14128 0.226674 4.28247
      vertex 5.12492 0.538853 4.18997
    endloop
  endfacet
  facet normal -0.99863 -0.0523234 -3.09413e-05
    outer loop
      vertex 5.12492 0.538853 4.18997
      vertex 5.15316 1.0054e-09 3.97343
      vertex 5.14249 0.203467 4.27402
    endloop
  endfacet
  facet normal -0.99863 -0.0523361 7.27317e-07
    outer loop
      vertex 5.15316 1.0054e-09 3.97343
      vertex 5.12492 0.538853 4.18997
      vertex 5.15316 -2.05195e-09 3.97321
    endloop
  endfacet
  facet normal -0.998629 -0.0523508 -1.23379e-05
    outer loop
      vertex 5.15316 -3.70815e-09 3.97345
      vertex 5.14249 0.203467 4.27402
      vertex 5.15316 1.0054e-09 3.97343
    endloop
  endfacet
  facet normal -0.998634 -0.0522587 -7.48841e-05
    outer loop
      vertex 5.14249 0.203467 4.27402
      vertex 5.15316 -3.70815e-09 3.97345
      vertex 5.14367 0.18093 4.26555
    endloop
  endfacet
  facet normal -0.998612 -0.052663 0.000176311
    outer loop
      vertex 5.14367 0.18093 4.26555
      vertex 5.15316 -3.15046e-09 3.97349
      vertex 5.14482 0.159095 4.25708
    endloop
  endfacet
  facet normal -0.998627 -0.0523804 7.30301e-07
    outer loop
      vertex 5.15316 -3.15046e-09 3.97349
      vertex 5.14367 0.18093 4.26555
      vertex 5.15316 -3.70815e-09 3.97345
    endloop
  endfacet
  facet normal -0.99863 -0.052329 -1.15948e-05
    outer loop
      vertex 5.14482 0.159095 4.25708
      vertex 5.15316 -3.05237e-09 3.97353
      vertex 5.14593 0.137914 4.24861
    endloop
  endfacet
  facet normal -0.998629 -0.0523499 1.28375e-07
    outer loop
      vertex 5.15316 -3.05237e-09 3.97353
      vertex 5.14482 0.159095 4.25708
      vertex 5.15316 -3.15046e-09 3.97349
    endloop
  endfacet
  facet normal -1 0 0
    outer loop
      vertex 5.12492 0.538771 4.19009
      vertex 5.12492 0.538853 4.19012
      vertex 5.12492 0.538853 4.18997
    endloop
  endfacet
  facet normal -1 0 0
    outer loop
      vertex 5.12492 0.53876 4.50225
      vertex 5.12492 0.538853 4.50238
      vertex 5.12492 0.538853 4.50222
    endloop
  endfacet
  facet normal -0.998632 -0.0522886 0
    outer loop
      vertex 5.1308 0.42655 4.34898
      vertex 5.12493 0.538658 4.50211
      vertex 5.12493 0.538658 4.19025
    endloop
  endfacet
  facet normal 0.99863 0.0523347 0
    outer loop
      vertex 5.16097 0.000206947 -4.03532
      vertex 5.13272 0.539262 -4.26631
      vertex 5.13272 0.539262 -4.03532
    endloop
  endfacet
  facet normal 0.99863 0.0523347 0
    outer loop
      vertex 5.13272 0.539262 -4.26631
      vertex 5.16097 0.000206947 -4.03532
      vertex 5.16097 0.000206947 -4.26631
    endloop
  endfacet
  facet normal 0.99863 0.0523347 0
    outer loop
      vertex 5.16097 0.000206947 -2.69003
      vertex 5.13272 0.539262 -2.92102
      vertex 5.13272 0.539262 -2.69003
    endloop
  endfacet
  facet normal 0.99863 0.0523347 0
    outer loop
      vertex 5.13272 0.539262 -2.92102
      vertex 5.16097 0.000206947 -2.69003
      vertex 5.16097 0.000206947 -2.92102
    endloop
  endfacet
  facet normal 0.998629 0.0523484 0
    outer loop
      vertex 5.16097 0.000206947 -1.07661
      vertex 5.16097 0.000206947 -1.3076
      vertex 5.13936 0.412452 -1.3076
    endloop
  endfacet
  facet normal 0.998632 0.0522902 0
    outer loop
      vertex 5.13936 0.412452 -1.3076
      vertex 5.13272 0.539262 -2.36944
      vertex 5.13272 0.539262 -1.07661
    endloop
  endfacet
  facet normal 0.998632 0.0522902 0
    outer loop
      vertex 5.13272 0.539262 -2.36944
      vertex 5.13936 0.412452 -1.3076
      vertex 5.13936 0.412452 -2.36944
    endloop
  endfacet
  facet normal 0.99863 0.0523347 -2.45169e-05
    outer loop
      vertex 5.16097 0.000206947 -1.07661
      vertex 5.13936 0.412452 -1.3076
      vertex 5.13272 0.539262 -1.07661
    endloop
  endfacet
  facet normal 0.998625 0.052421 9.47506e-05
    outer loop
      vertex 5.14443 0.315692 -0.456923
      vertex 5.14575 0.290595 -0.484099
      vertex 5.13685 0.46039 -0.621963
    endloop
  endfacet
  facet normal 0.998623 0.0524517 -1.24623e-05
    outer loop
      vertex 5.1557 0.100807 0.451629
      vertex 5.15276 0.156775 0.424605
      vertex 5.15061 0.197765 0.661666
    endloop
  endfacet
  facet normal 0.998629 0.0523479 -1.05484e-05
    outer loop
      vertex 5.16097 0.000206947 0.484527
      vertex 5.15885 0.0406475 0.473723
      vertex 5.15465 0.120814 0.692626
    endloop
  endfacet
  facet normal 0.998632 0.0522956 -1.45426e-06
    outer loop
      vertex 5.15276 0.156775 0.424605
      vertex 5.15005 0.208524 0.392669
      vertex 5.14342 0.335135 0.579131
    endloop
  endfacet
  facet normal 0.998626 0.0524008 -5.46407e-05
    outer loop
      vertex 5.14025 0.395554 0.527556
      vertex 5.14756 0.256065 0.355819
      vertex 5.13741 0.449617 0.469878
    endloop
  endfacet
  facet normal 0.998627 0.052384 -7.23016e-05
    outer loop
      vertex 5.14533 0.298656 0.314544
      vertex 5.14339 0.335577 0.269347
      vertex 5.13496 0.496473 0.406905
    endloop
  endfacet
  facet normal 0.998629 0.0523442 -2.5678e-05
    outer loop
      vertex 5.13496 0.496473 0.406905
      vertex 5.14339 0.335577 0.269347
      vertex 5.13288 0.536122 0.338653
    endloop
  endfacet
  facet normal 0.998632 0.0522946 0.000118243
    outer loop
      vertex 5.14339 0.335577 0.269347
      vertex 5.14176 0.366815 0.220214
      vertex 5.13288 0.536122 0.338653
    endloop
  endfacet
  facet normal 0.998631 0.0523158 7.40769e-05
    outer loop
      vertex 5.13741 0.449617 0.469878
      vertex 5.14533 0.298656 0.314544
      vertex 5.13496 0.496473 0.406905
    endloop
  endfacet
  facet normal 0.998646 0.052026 0.000503226
    outer loop
      vertex 5.13288 0.536122 0.338653
      vertex 5.14176 0.366815 0.220214
      vertex 5.13272 0.539262 0.331542
    endloop
  endfacet
  facet normal 0.998629 0.0523543 -6.6478e-06
    outer loop
      vertex 5.14176 0.366815 0.220214
      vertex 5.14042 0.392368 0.167144
      vertex 5.13272 0.539262 0.331542
    endloop
  endfacet
  facet normal 0.998623 0.0524538 -9.5779e-05
    outer loop
      vertex 5.14042 0.392368 0.167144
      vertex 5.13937 0.412254 0.110152
      vertex 5.13272 0.539262 0.331542
    endloop
  endfacet
  facet normal 0.998636 0.0522154 4.13621e-05
    outer loop
      vertex 5.13937 0.412254 0.110152
      vertex 5.13863 0.426455 0.0492239
      vertex 5.13272 0.539262 0.331542
    endloop
  endfacet
  facet normal 0.998638 0.0521726 -4.29524e-05
    outer loop
      vertex 5.1381 0.436589 -0.128676
      vertex 5.13829 0.432917 -0.171432
      vertex 5.13272 0.539262 -0.500197
    endloop
  endfacet
  facet normal 0.998633 0.0522675 0
    outer loop
      vertex 5.13272 0.539262 0.331542
      vertex 5.13803 0.437808 -0.0843954
      vertex 5.13272 0.539262 -0.500197
    endloop
  endfacet
  facet normal 0.998636 0.0522209 -2.72871e-05
    outer loop
      vertex 5.13829 0.432917 -0.171432
      vertex 5.13861 0.426776 -0.212661
      vertex 5.13272 0.539262 -0.500197
    endloop
  endfacet
  facet normal 0.998632 0.0522883 -8.42306e-07
    outer loop
      vertex 5.13861 0.426776 -0.212661
      vertex 5.13906 0.418181 -0.252349
      vertex 5.13272 0.539262 -0.500197
    endloop
  endfacet
  facet normal 0.998628 0.0523688 3.8574e-05
    outer loop
      vertex 5.13906 0.418181 -0.252349
      vertex 5.13964 0.407149 -0.290511
      vertex 5.13272 0.539262 -0.500197
    endloop
  endfacet
  facet normal 0.998626 0.0524061 6.21522e-05
    outer loop
      vertex 5.13964 0.407149 -0.290511
      vertex 5.14035 0.393663 -0.327132
      vertex 5.13272 0.539262 -0.500197
    endloop
  endfacet
  facet normal 0.998626 0.052401 0.000124409
    outer loop
      vertex 5.14118 0.377709 -0.362243
      vertex 5.14215 0.359303 -0.395797
      vertex 5.13272 0.539262 -0.500197
    endloop
  endfacet
  facet normal 0.998634 0.0522483 -0.000109956
    outer loop
      vertex 5.14215 0.359303 -0.395797
      vertex 5.14323 0.338594 -0.427489
      vertex 5.13373 0.51994 -0.536696
    endloop
  endfacet
  facet normal 0.998629 0.0523538 6.57429e-05
    outer loop
      vertex 5.14323 0.338594 -0.427489
      vertex 5.13521 0.491765 -0.58084
      vertex 5.13373 0.51994 -0.536696
    endloop
  endfacet
  facet normal 0.998633 0.0522604 -4.64636e-05
    outer loop
      vertex 5.14443 0.315692 -0.456923
      vertex 5.13685 0.46039 -0.621963
      vertex 5.13521 0.491765 -0.58084
    endloop
  endfacet
  facet normal 0.998628 0.05236 -5.33983e-06
    outer loop
      vertex 5.14575 0.290595 -0.484099
      vertex 5.14718 0.263319 -0.509032
      vertex 5.13866 0.4258 -0.660064
    endloop
  endfacet
  facet normal 0.998635 0.0522256 -5.24378e-05
    outer loop
      vertex 5.14718 0.263319 -0.509032
      vertex 5.14872 0.233849 -0.531722
      vertex 5.14065 0.387996 -0.695128
    endloop
  endfacet
  facet normal 0.998637 0.0521871 -8.88452e-05
    outer loop
      vertex 5.14872 0.233849 -0.531722
      vertex 5.14279 0.346991 -0.727187
      vertex 5.14065 0.387996 -0.695128
    endloop
  endfacet
  facet normal 0.998628 0.0523746 2.61347e-05
    outer loop
      vertex 5.15038 0.202185 -0.552169
      vertex 5.14511 0.30277 -0.756209
      vertex 5.14279 0.346991 -0.727187
    endloop
  endfacet
  facet normal 0.998623 0.0524615 6.90702e-05
    outer loop
      vertex 5.15038 0.202185 -0.552169
      vertex 5.15216 0.168326 -0.570357
      vertex 5.14511 0.30277 -0.756209
    endloop
  endfacet
  facet normal 0.998625 0.0524281 4.48961e-05
    outer loop
      vertex 5.15216 0.168326 -0.570357
      vertex 5.1476 0.255364 -0.78221
      vertex 5.14511 0.30277 -0.756209
    endloop
  endfacet
  facet normal 0.998628 0.0523657 1.91621e-05
    outer loop
      vertex 5.15216 0.168326 -0.570357
      vertex 5.15405 0.132289 -0.586287
      vertex 5.1476 0.255364 -0.78221
    endloop
  endfacet
  facet normal 0.998632 0.0522797 -3.50141e-05
    outer loop
      vertex 5.15405 0.132289 -0.586287
      vertex 5.15025 0.204729 -0.80519
      vertex 5.1476 0.255364 -0.78221
    endloop
  endfacet
  facet normal 0.998629 0.0523499 5.66107e-06
    outer loop
      vertex 5.14872 0.233849 -0.531722
      vertex 5.15038 0.202185 -0.552169
      vertex 5.14279 0.346991 -0.727187
    endloop
  endfacet
  facet normal 0.998623 0.0524662 0.000109179
    outer loop
      vertex 5.14718 0.263319 -0.509032
      vertex 5.14065 0.387996 -0.695128
      vertex 5.13866 0.4258 -0.660064
    endloop
  endfacet
  facet normal 0.998631 0.0523067 -4.63901e-05
    outer loop
      vertex 5.14575 0.290595 -0.484099
      vertex 5.13866 0.4258 -0.660064
      vertex 5.13685 0.46039 -0.621963
    endloop
  endfacet
  facet normal 0.998631 0.0523045 1.63308e-05
    outer loop
      vertex 5.14323 0.338594 -0.427489
      vertex 5.14443 0.315692 -0.456923
      vertex 5.13521 0.491765 -0.58084
    endloop
  endfacet
  facet normal 0.998631 0.0522989 -5.20942e-05
    outer loop
      vertex 5.14215 0.359303 -0.395797
      vertex 5.13373 0.51994 -0.536696
      vertex 5.13272 0.539262 -0.500197
    endloop
  endfacet
  facet normal 0.998637 0.0521998 -0.000111854
    outer loop
      vertex 5.14035 0.393663 -0.327132
      vertex 5.14118 0.377709 -0.362243
      vertex 5.13272 0.539262 -0.500197
    endloop
  endfacet
  facet normal 0.998606 0.0527809 0.00012562
    outer loop
      vertex 5.13803 0.437808 -0.0843954
      vertex 5.1381 0.436589 -0.128676
      vertex 5.13272 0.539262 -0.500197
    endloop
  endfacet
  facet normal 0.998629 0.0523523 -2.07574e-05
    outer loop
      vertex 5.13818 0.434974 -0.0156088
      vertex 5.13803 0.437808 -0.0843954
      vertex 5.13272 0.539262 0.331542
    endloop
  endfacet
  facet normal 0.998625 0.0524253 -4.2731e-05
    outer loop
      vertex 5.13863 0.426455 0.0492239
      vertex 5.13818 0.434974 -0.0156088
      vertex 5.13272 0.539262 0.331542
    endloop
  endfacet
  facet normal 0.998629 0.0523378 5.26796e-05
    outer loop
      vertex 5.14756 0.256065 0.355819
      vertex 5.14533 0.298656 0.314544
      vertex 5.13741 0.449617 0.469878
    endloop
  endfacet
  facet normal 0.998629 0.0523539 -7.4971e-07
    outer loop
      vertex 5.14745 0.258153 1.85512
      vertex 5.14604 0.285048 1.84335
      vertex 5.14164 0.368979 2.03989
    endloop
  endfacet
  facet normal 0.998631 0.0523156 1.4794e-05
    outer loop
      vertex 5.15005 0.208524 0.392669
      vertex 5.14756 0.256065 0.355819
      vertex 5.14025 0.395554 0.527556
    endloop
  endfacet
  facet normal 0.998631 0.0523147 3.03842e-05
    outer loop
      vertex 5.14621 0.281726 2.07544
      vertex 5.14896 0.229354 1.86455
      vertex 5.14385 0.326785 2.05962
    endloop
  endfacet
  facet normal 0.998628 0.0523577 -4.37087e-05
    outer loop
      vertex 5.14342 0.335135 0.579131
      vertex 5.15005 0.208524 0.392669
      vertex 5.14025 0.395554 0.527556
    endloop
  endfacet
  facet normal 0.998641 0.0521142 2.92516e-05
    outer loop
      vertex 5.15227 0.166086 1.87646
      vertex 5.15057 0.198665 1.87167
      vertex 5.14873 0.233803 2.08736
    endloop
  endfacet
  facet normal 0.998633 0.0522781 1.87768e-05
    outer loop
      vertex 5.14687 0.269216 0.623839
      vertex 5.15276 0.156775 0.424605
      vertex 5.14342 0.335135 0.579131
    endloop
  endfacet
  facet normal 0.998639 0.0521532 -6.42997e-05
    outer loop
      vertex 5.13811 0.43636 1.4324
      vertex 5.13856 0.427705 1.40132
      vertex 5.13272 0.539262 1.18364
    endloop
  endfacet
  facet normal 0.998632 0.052281 1.71248e-05
    outer loop
      vertex 5.15061 0.197765 0.661666
      vertex 5.15276 0.156775 0.424605
      vertex 5.14687 0.269216 0.623839
    endloop
  endfacet
  facet normal 0.998633 0.0522627 -5.06088e-05
    outer loop
      vertex 5.13915 0.416581 1.37269
      vertex 5.13986 0.402989 1.3465
      vertex 5.13272 0.539262 1.18364
    endloop
  endfacet
  facet normal 0.998625 0.0524281 -1.54918e-06
    outer loop
      vertex 5.15465 0.120814 0.692626
      vertex 5.1557 0.100807 0.451629
      vertex 5.15061 0.197765 0.661666
    endloop
  endfacet
  facet normal 0.998632 0.0522927 9.72043e-06
    outer loop
      vertex 5.15885 0.0406475 0.473723
      vertex 5.1557 0.100807 0.451629
      vertex 5.15465 0.120814 0.692626
    endloop
  endfacet
  facet normal 0.998631 0.0523154 8.3474e-06
    outer loop
      vertex 5.15897 0.0383472 0.716689
      vertex 5.16097 0.000206947 0.484527
      vertex 5.15465 0.120814 0.692626
    endloop
  endfacet
  facet normal 0.998641 0.052116 -0.000180519
    outer loop
      vertex 5.14276 0.347707 1.28256
      vertex 5.14393 0.325231 1.26622
      vertex 5.13603 0.476055 1.10603
    endloop
  endfacet
  facet normal 0.998628 0.0523661 0
    outer loop
      vertex 5.16097 0.000206947 0.724151
      vertex 5.16097 0.000206947 0.484527
      vertex 5.15897 0.0383472 0.716689
    endloop
  endfacet
  facet normal 0.998628 0.0523725 -6.18029e-06
    outer loop
      vertex 5.14657 0.27493 1.24109
      vertex 5.14803 0.24709 1.23228
      vertex 5.1441 0.322001 1.01721
    endloop
  endfacet
  facet normal 0.998631 0.0523115 -2.74775e-05
    outer loop
      vertex 5.14803 0.24709 1.23228
      vertex 5.1465 0.276179 1.0061
      vertex 5.1441 0.322001 1.01721
    endloop
  endfacet
  facet normal 0.998629 0.0523421 3.29682e-05
    outer loop
      vertex 5.14393 0.325231 1.26622
      vertex 5.13782 0.441922 1.07716
      vertex 5.13603 0.476055 1.10603
    endloop
  endfacet
  facet normal 0.998627 0.0523749 5.67207e-06
    outer loop
      vertex 5.15794 0.0579576 1.23483
      vertex 5.16097 0.000206947 1.03113
      vertex 5.15638 0.0877028 1.22714
    endloop
  endfacet
  facet normal 0.998642 0.0521058 -8.39569e-05
    outer loop
      vertex 5.13779 0.442547 1.46591
      vertex 5.13811 0.43636 1.4324
      vertex 5.13272 0.539262 1.18364
    endloop
  endfacet
  facet normal 0.99863 0.0523353 8.6971e-06
    outer loop
      vertex 5.13958 0.408307 2.01623
      vertex 5.14473 0.310069 1.82927
      vertex 5.13767 0.444757 1.98868
    endloop
  endfacet
  facet normal 0.99863 0.0523222 -1.43737e-05
    outer loop
      vertex 5.13591 0.478356 1.9572
      vertex 5.1424 0.354442 1.79411
      vertex 5.1343 0.509075 1.92181
    endloop
  endfacet
  facet normal 0.998636 0.0522108 0.00012088
    outer loop
      vertex 5.1424 0.354442 1.79411
      vertex 5.14139 0.373809 1.77306
      vertex 5.1343 0.509075 1.92181
    endloop
  endfacet
  facet normal 0.998629 0.052355 -1.05857e-05
    outer loop
      vertex 5.1343 0.509075 1.92181
      vertex 5.14139 0.373809 1.77306
      vertex 5.13286 0.536534 1.88315
    endloop
  endfacet
  facet normal 0.998645 0.0520413 0.000454386
    outer loop
      vertex 5.13286 0.536534 1.88315
      vertex 5.14139 0.373809 1.77306
      vertex 5.13272 0.539262 1.8784
    endloop
  endfacet
  facet normal 0.998625 0.0524291 -0.000156437
    outer loop
      vertex 5.14139 0.373809 1.77306
      vertex 5.14048 0.391073 1.74997
      vertex 5.13272 0.539262 1.8784
    endloop
  endfacet
  facet normal 0.998636 0.0522117 9.51404e-05
    outer loop
      vertex 5.14048 0.391073 1.74997
      vertex 5.1397 0.406037 1.72517
      vertex 5.13272 0.539262 1.8784
    endloop
  endfacet
  facet normal 0.99862 0.0525124 -0.000159306
    outer loop
      vertex 5.14352 0.3332 1.81285
      vertex 5.1424 0.354442 1.79411
      vertex 5.13591 0.478356 1.9572
    endloop
  endfacet
  facet normal 0.998635 0.0522262 8.25171e-05
    outer loop
      vertex 5.1397 0.406037 1.72517
      vertex 5.13904 0.418699 1.69865
      vertex 5.13272 0.539262 1.8784
    endloop
  endfacet
  facet normal 0.998617 0.0525805 -0.000155806
    outer loop
      vertex 5.13904 0.418699 1.69865
      vertex 5.13849 0.429061 1.67041
      vertex 5.13272 0.539262 1.8784
    endloop
  endfacet
  facet normal 0.998637 0.0522013 4.56568e-05
    outer loop
      vertex 5.13849 0.429061 1.67041
      vertex 5.13807 0.437122 1.64046
      vertex 5.13272 0.539262 1.8784
    endloop
  endfacet
  facet normal 0.998629 0.0523511 -3.78032e-06
    outer loop
      vertex 5.13759 0.446342 1.57536
      vertex 5.13753 0.447484 1.54025
      vertex 5.13272 0.539262 1.8784
    endloop
  endfacet
  facet normal 0.99861 0.0527158 0.000125604
    outer loop
      vertex 5.13759 0.44625 1.50186
      vertex 5.13779 0.442547 1.46591
      vertex 5.13272 0.539262 1.18364
    endloop
  endfacet
  facet normal 0.998651 0.0519185 -0.000108059
    outer loop
      vertex 5.13753 0.447484 1.54025
      vertex 5.13759 0.44625 1.50186
      vertex 5.13272 0.539262 1.18364
    endloop
  endfacet
  facet normal 0.998633 0.0522764 -3.47076e-05
    outer loop
      vertex 5.1407 0.386913 1.32274
      vertex 5.14167 0.368369 1.30141
      vertex 5.13272 0.539262 1.18364
    endloop
  endfacet
  facet normal 0.998654 0.0518609 -0.000639242
    outer loop
      vertex 5.14167 0.368369 1.30141
      vertex 5.13293 0.535132 1.17665
      vertex 5.13272 0.539262 1.18364
    endloop
  endfacet
  facet normal 0.998619 0.0525323 0.000163007
    outer loop
      vertex 5.14167 0.368369 1.30141
      vertex 5.14276 0.347707 1.28256
      vertex 5.13439 0.507262 1.13933
    endloop
  endfacet
  facet normal 0.998638 0.0521728 -4.73467e-05
    outer loop
      vertex 5.14521 0.300972 1.25239
      vertex 5.14657 0.27493 1.24109
      vertex 5.14186 0.364895 1.03276
    endloop
  endfacet
  facet normal 0.99863 0.05232 -3.06361e-05
    outer loop
      vertex 5.14521 0.300972 1.25239
      vertex 5.13976 0.404879 1.05273
      vertex 5.13782 0.441922 1.07716
    endloop
  endfacet
  facet normal 0.998624 0.0524343 2.89811e-05
    outer loop
      vertex 5.14521 0.300972 1.25239
      vertex 5.14186 0.364895 1.03276
      vertex 5.13976 0.404879 1.05273
    endloop
  endfacet
  facet normal 0.998635 0.052236 -3.7222e-05
    outer loop
      vertex 5.14803 0.24709 1.23228
      vertex 5.14958 0.217453 1.226
      vertex 5.1465 0.276179 1.0061
    endloop
  endfacet
  facet normal 0.998625 0.0524134 1.70072e-05
    outer loop
      vertex 5.14958 0.217453 1.226
      vertex 5.15123 0.186017 1.22223
      vertex 5.14906 0.227434 0.99945
    endloop
  endfacet
  facet normal 0.998631 0.0523091 1.25834e-05
    outer loop
      vertex 5.15297 0.152799 1.22098
      vertex 5.15177 0.175762 0.997222
      vertex 5.15123 0.186017 1.22223
    endloop
  endfacet
  facet normal 0.998621 0.0524981 -2.70616e-05
    outer loop
      vertex 5.15473 0.119321 1.22252
      vertex 5.15385 0.135945 0.998656
      vertex 5.15297 0.152799 1.22098
    endloop
  endfacet
  facet normal 0.998624 0.0524366 -3.16409e-05
    outer loop
      vertex 5.15473 0.119321 1.22252
      vertex 5.15584 0.0980492 1.00293
      vertex 5.15385 0.135945 0.998656
    endloop
  endfacet
  facet normal 0.998626 0.0524119 -2.92366e-05
    outer loop
      vertex 5.15773 0.0620422 1.01007
      vertex 5.15584 0.0980492 1.00293
      vertex 5.15473 0.119321 1.22252
    endloop
  endfacet
  facet normal 0.998641 0.0521214 4.92861e-05
    outer loop
      vertex 5.15638 0.0877028 1.22714
      vertex 5.15773 0.0620422 1.01007
      vertex 5.15473 0.119321 1.22252
    endloop
  endfacet
  facet normal 0.998639 0.0521611 4.45767e-05
    outer loop
      vertex 5.15951 0.0279551 1.02005
      vertex 5.15773 0.0620422 1.01007
      vertex 5.15638 0.0877028 1.22714
    endloop
  endfacet
  facet normal 0.998623 0.0524671 -3.01037e-05
    outer loop
      vertex 5.16034 0.0121832 2.3632
      vertex 5.15905 0.0367317 2.35541
      vertex 5.15689 0.0779657 2.56813
    endloop
  endfacet
  facet normal 0.99862 0.0525199 -5.92036e-05
    outer loop
      vertex 5.16097 0.000206947 1.03113
      vertex 5.15951 0.0279551 1.02005
      vertex 5.15638 0.0877028 1.22714
    endloop
  endfacet
  facet normal 0.998632 0.052298 2.75323e-05
    outer loop
      vertex 5.1594 0.0300732 1.24562
      vertex 5.16097 0.000206947 1.03113
      vertex 5.15794 0.0579576 1.23483
    endloop
  endfacet
  facet normal 0.998616 0.0525891 -1.31161e-05
    outer loop
      vertex 5.16077 0.0040617 1.25947
      vertex 5.16097 0.000206947 1.03113
      vertex 5.1594 0.0300732 1.24562
    endloop
  endfacet
  facet normal 0.998635 0.0522332 -7.3435e-05
    outer loop
      vertex 5.14508 0.303394 2.59355
      vertex 5.14645 0.277185 2.58198
      vertex 5.14004 0.399469 2.39178
    endloop
  endfacet
  facet normal 0.998657 0.0518143 0
    outer loop
      vertex 5.16097 0.000206947 1.26218
      vertex 5.16097 0.000206947 1.03113
      vertex 5.16077 0.0040617 1.25947
    endloop
  endfacet
  facet normal 0.998638 0.0521678 -1.95308e-06
    outer loop
      vertex 5.15297 0.152799 1.22098
      vertex 5.15385 0.135945 0.998656
      vertex 5.15177 0.175762 0.997222
    endloop
  endfacet
  facet normal 0.998628 0.0523738 9.62416e-06
    outer loop
      vertex 5.15123 0.186017 1.22223
      vertex 5.15177 0.175762 0.997222
      vertex 5.14906 0.227434 0.99945
    endloop
  endfacet
  facet normal 0.998624 0.0524434 1.83337e-05
    outer loop
      vertex 5.14958 0.217453 1.226
      vertex 5.14906 0.227434 0.99945
      vertex 5.1465 0.276179 1.0061
    endloop
  endfacet
  facet normal 0.998638 0.0521685 -4.91963e-05
    outer loop
      vertex 5.14657 0.27493 1.24109
      vertex 5.1441 0.322001 1.01721
      vertex 5.14186 0.364895 1.03276
    endloop
  endfacet
  facet normal 0.998616 0.0525861 0.00018393
    outer loop
      vertex 5.14393 0.325231 1.26622
      vertex 5.14521 0.300972 1.25239
      vertex 5.13782 0.441922 1.07716
    endloop
  endfacet
  facet normal 0.998625 0.0524291 4.77327e-05
    outer loop
      vertex 5.14276 0.347707 1.28256
      vertex 5.13603 0.476055 1.10603
      vertex 5.13439 0.507262 1.13933
    endloop
  endfacet
  facet normal 0.99863 0.0523294 -1.13054e-05
    outer loop
      vertex 5.14167 0.368369 1.30141
      vertex 5.13439 0.507262 1.13933
      vertex 5.13293 0.535132 1.17665
    endloop
  endfacet
  facet normal 0.998634 0.0522594 -5.34311e-05
    outer loop
      vertex 5.13986 0.402989 1.3465
      vertex 5.1407 0.386913 1.32274
      vertex 5.13272 0.539262 1.18364
    endloop
  endfacet
  facet normal 0.998617 0.052574 0.000151956
    outer loop
      vertex 5.13856 0.427705 1.40132
      vertex 5.13915 0.416581 1.37269
      vertex 5.13272 0.539262 1.18364
    endloop
  endfacet
  facet normal 0.998629 0.0523372 0
    outer loop
      vertex 5.13272 0.539262 1.8784
      vertex 5.13753 0.447484 1.54025
      vertex 5.13272 0.539262 1.18364
    endloop
  endfacet
  facet normal 0.998634 0.0522452 2.87991e-05
    outer loop
      vertex 5.13777 0.442883 1.60876
      vertex 5.13759 0.446342 1.57536
      vertex 5.13272 0.539262 1.8784
    endloop
  endfacet
  facet normal 0.998636 0.0522171 3.88632e-05
    outer loop
      vertex 5.13807 0.437122 1.64046
      vertex 5.13777 0.442883 1.60876
      vertex 5.13272 0.539262 1.8784
    endloop
  endfacet
  facet normal 0.99863 0.052332 2.26696e-05
    outer loop
      vertex 5.13767 0.444757 1.98868
      vertex 5.14352 0.3332 1.81285
      vertex 5.13591 0.478356 1.9572
    endloop
  endfacet
  facet normal 0.998626 0.052395 -1.19982e-05
    outer loop
      vertex 5.14768 0.253826 3.185
      vertex 5.14624 0.281269 3.17293
      vertex 5.14191 0.363843 3.3743
    endloop
  endfacet
  facet normal 0.998633 0.0522792 5.62691e-05
    outer loop
      vertex 5.14473 0.310069 1.82927
      vertex 5.14352 0.3332 1.81285
      vertex 5.13767 0.444757 1.98868
    endloop
  endfacet
  facet normal 0.998633 0.0522746 -4.62083e-06
    outer loop
      vertex 5.14644 0.277414 3.40985
      vertex 5.14921 0.224478 3.19473
      vertex 5.14411 0.321924 3.39403
    endloop
  endfacet
  facet normal 0.998631 0.0522998 2.74112e-05
    outer loop
      vertex 5.14604 0.285048 1.84335
      vertex 5.14473 0.310069 1.82927
      vertex 5.13958 0.408307 2.01623
    endloop
  endfacet
  facet normal 0.998626 0.0523992 -3.11058e-05
    outer loop
      vertex 5.15259 0.160052 3.20723
      vertex 5.15085 0.19321 3.20215
      vertex 5.14891 0.230313 3.42177
    endloop
  endfacet
  facet normal 0.998631 0.0523172 1.49394e-05
    outer loop
      vertex 5.14164 0.368979 2.03989
      vertex 5.14604 0.285048 1.84335
      vertex 5.13958 0.408307 2.01623
    endloop
  endfacet
  facet normal 0.998637 0.0521853 -6.52899e-05
    outer loop
      vertex 5.1381 0.43662 2.7715
      vertex 5.13854 0.428163 2.74193
      vertex 5.13272 0.539262 2.52237
    endloop
  endfacet
  facet normal 0.998631 0.0523158 2.21758e-05
    outer loop
      vertex 5.14385 0.326785 2.05962
      vertex 5.14745 0.258153 1.85512
      vertex 5.14164 0.368979 2.03989
    endloop
  endfacet
  facet normal 0.998623 0.0524525 8.4227e-05
    outer loop
      vertex 5.13911 0.417297 2.71435
      vertex 5.13981 0.404011 2.6888
      vertex 5.13272 0.539262 2.52237
    endloop
  endfacet
  facet normal 0.998628 0.0523626 6.42877e-06
    outer loop
      vertex 5.14896 0.229354 1.86455
      vertex 5.14745 0.258153 1.85512
      vertex 5.14385 0.326785 2.05962
    endloop
  endfacet
  facet normal 0.998636 0.0522173 -0.000163157
    outer loop
      vertex 5.14158 0.370197 2.64368
      vertex 5.13303 0.533303 2.51265
      vertex 5.13272 0.539262 2.52237
    endloop
  endfacet
  facet normal 0.998627 0.0523923 1.10631e-05
    outer loop
      vertex 5.15057 0.198665 1.87167
      vertex 5.14896 0.229354 1.86455
      vertex 5.14621 0.281726 2.07544
    endloop
  endfacet
  facet normal 0.998621 0.0525033 -3.4302e-05
    outer loop
      vertex 5.14873 0.233803 2.08736
      vertex 5.15057 0.198665 1.87167
      vertex 5.14621 0.281726 2.07544
    endloop
  endfacet
  facet normal 0.998631 0.0522992 -3.02818e-05
    outer loop
      vertex 5.15139 0.183016 2.09537
      vertex 5.15227 0.166086 1.87646
      vertex 5.14873 0.233803 2.08736
    endloop
  endfacet
  facet normal 0.998633 0.0522733 -5.50649e-05
    outer loop
      vertex 5.14264 0.349885 2.62439
      vertex 5.13619 0.472916 2.44371
      vertex 5.13452 0.504854 2.47616
    endloop
  endfacet
  facet normal 0.998628 0.0523723 -2.64577e-05
    outer loop
      vertex 5.15905 0.0367317 2.35541
      vertex 5.15776 0.061326 2.34903
      vertex 5.15562 0.10224 2.56441
    endloop
  endfacet
  facet normal 0.998622 0.0524886 -3.52841e-05
    outer loop
      vertex 5.15813 0.0543776 2.57336
      vertex 5.16097 0.000206947 2.36771
      vertex 5.15689 0.0779657 2.56813
    endloop
  endfacet
  facet normal 0.998619 0.0525383 8.05268e-05
    outer loop
      vertex 5.13778 0.442654 2.80307
      vertex 5.1381 0.43662 2.7715
      vertex 5.13272 0.539262 2.52237
    endloop
  endfacet
  facet normal 0.998633 0.0522652 4.2604e-05
    outer loop
      vertex 5.13985 0.403142 3.35065
      vertex 5.1449 0.306808 3.15854
      vertex 5.13793 0.43985 3.32309
    endloop
  endfacet
  facet normal 0.99863 0.0523294 -8.66274e-06
    outer loop
      vertex 5.13614 0.473952 3.29161
      vertex 5.14252 0.352171 3.12279
      vertex 5.13449 0.505434 3.25622
    endloop
  endfacet
  facet normal 0.998629 0.0523509 -3.35273e-05
    outer loop
      vertex 5.14252 0.352171 3.12279
      vertex 5.14148 0.371996 3.10142
      vertex 5.13449 0.505434 3.25622
    endloop
  endfacet
  facet normal 0.998633 0.0522622 4.31882e-05
    outer loop
      vertex 5.13449 0.505434 3.25622
      vertex 5.14148 0.371996 3.10142
      vertex 5.13301 0.533746 3.21756
    endloop
  endfacet
  facet normal 0.998629 0.0523555 -8.71202e-05
    outer loop
      vertex 5.13301 0.533746 3.21756
      vertex 5.14148 0.371996 3.10142
      vertex 5.13272 0.539262 3.20827
    endloop
  endfacet
  facet normal 0.998638 0.0521803 0.000187917
    outer loop
      vertex 5.14148 0.371996 3.10142
      vertex 5.14056 0.389687 3.07814
      vertex 5.13272 0.539262 3.20827
    endloop
  endfacet
  facet normal 0.998621 0.0524915 -0.000170799
    outer loop
      vertex 5.14056 0.389687 3.07814
      vertex 5.13975 0.405016 3.05331
      vertex 5.13272 0.539262 3.20827
    endloop
  endfacet
  facet normal 0.998628 0.0523619 -3.21814e-05
    outer loop
      vertex 5.14366 0.330441 3.14183
      vertex 5.14252 0.352171 3.12279
      vertex 5.13614 0.473952 3.29161
    endloop
  endfacet
  facet normal 0.998643 0.0520835 0.000140795
    outer loop
      vertex 5.13907 0.417998 3.02696
      vertex 5.13852 0.428619 2.99908
      vertex 5.13272 0.539262 3.20827
    endloop
  endfacet
  facet normal 0.998612 0.0526771 -0.00017401
    outer loop
      vertex 5.13852 0.428619 2.99908
      vertex 5.13808 0.436863 2.96966
      vertex 5.13272 0.539262 3.20827
    endloop
  endfacet
  facet normal 0.998632 0.052298 -1.09064e-05
    outer loop
      vertex 5.13808 0.436863 2.96966
      vertex 5.13777 0.442776 2.93872
      vertex 5.13272 0.539262 3.20827
    endloop
  endfacet
  facet normal 0.998637 0.0521968 3.84765e-05
    outer loop
      vertex 5.13759 0.446311 2.90625
      vertex 5.13753 0.447484 2.87224
      vertex 5.13272 0.539262 3.20827
    endloop
  endfacet
  facet normal 0.998631 0.0523103 1.86515e-06
    outer loop
      vertex 5.13759 0.44628 2.83665
      vertex 5.13778 0.442654 2.80307
      vertex 5.13272 0.539262 2.52237
    endloop
  endfacet
  facet normal 0.998645 0.0520443 -7.70617e-05
    outer loop
      vertex 5.13753 0.447484 2.87224
      vertex 5.13759 0.44628 2.83665
      vertex 5.13272 0.539262 2.52237
    endloop
  endfacet
  facet normal 0.998633 0.0522691 -6.5238e-05
    outer loop
      vertex 5.13981 0.404011 2.6888
      vertex 5.14063 0.388315 2.66524
      vertex 5.13272 0.539262 2.52237
    endloop
  endfacet
  facet normal 0.99863 0.0523306 -2.177e-05
    outer loop
      vertex 5.14158 0.370197 2.64368
      vertex 5.13452 0.504854 2.47616
      vertex 5.13303 0.533303 2.51265
    endloop
  endfacet
  facet normal 0.998621 0.0524924 0.000105705
    outer loop
      vertex 5.14381 0.327622 2.60768
      vertex 5.13804 0.437778 2.41559
      vertex 5.13619 0.472916 2.44371
    endloop
  endfacet
  facet normal 0.998629 0.0523372 1.64914e-05
    outer loop
      vertex 5.14381 0.327622 2.60768
      vertex 5.14508 0.303394 2.59355
      vertex 5.13804 0.437778 2.41559
    endloop
  endfacet
  facet normal 0.998632 0.0522866 -3.13034e-06
    outer loop
      vertex 5.14645 0.277185 2.58198
      vertex 5.14456 0.313269 2.35716
      vertex 5.14222 0.357962 2.37231
    endloop
  endfacet
  facet normal 0.998619 0.0525305 3.61239e-05
    outer loop
      vertex 5.14645 0.277185 2.58198
      vertex 5.14793 0.249056 2.57298
      vertex 5.14456 0.313269 2.35716
    endloop
  endfacet
  facet normal 0.998627 0.0523934 3.42141e-05
    outer loop
      vertex 5.1495 0.218931 2.56656
      vertex 5.14975 0.214314 2.33986
      vertex 5.14707 0.265391 2.34634
    endloop
  endfacet
  facet normal 0.998644 0.0520536 -3.76775e-05
    outer loop
      vertex 5.14793 0.249056 2.57298
      vertex 5.1495 0.218931 2.56656
      vertex 5.14707 0.265391 2.34634
    endloop
  endfacet
  facet normal 0.998637 0.0521958 -4.05024e-06
    outer loop
      vertex 5.15297 0.152799 2.56142
      vertex 5.15259 0.160052 2.33769
      vertex 5.15119 0.186855 2.5627
    endloop
  endfacet
  facet normal 0.998634 0.0522423 2.15987e-05
    outer loop
      vertex 5.15431 0.127184 2.56216
      vertex 5.15389 0.135305 2.33839
      vertex 5.15297 0.152799 2.56142
    endloop
  endfacet
  facet normal 0.998631 0.0523133 -1.52184e-05
    outer loop
      vertex 5.15776 0.061326 2.34903
      vertex 5.15647 0.0859499 2.34407
      vertex 5.15562 0.10224 2.56441
    endloop
  endfacet
  facet normal 0.998634 0.0522491 1.2266e-05
    outer loop
      vertex 5.15689 0.0779657 2.56813
      vertex 5.15905 0.0367317 2.35541
      vertex 5.15562 0.10224 2.56441
    endloop
  endfacet
  facet normal 0.99862 0.0525144 -4.53403e-05
    outer loop
      vertex 5.16097 0.000206947 2.36771
      vertex 5.16034 0.0121832 2.3632
      vertex 5.15689 0.0779657 2.56813
    endloop
  endfacet
  facet normal 0.99863 0.0523265 7.54128e-06
    outer loop
      vertex 5.15933 0.0314751 2.58008
      vertex 5.16097 0.000206947 2.36771
      vertex 5.15813 0.0543776 2.57336
    endloop
  endfacet
  facet normal 0.998629 0.0523478 0
    outer loop
      vertex 5.16097 0.000206947 4.19478
      vertex 5.16097 0.000206947 3.97313
      vertex 5.15373 0.138323 4.24861
    endloop
  endfacet
  facet normal 0.998641 0.05212 3.80288e-05
    outer loop
      vertex 5.16049 0.00924301 2.58829
      vertex 5.16097 0.000206947 2.36771
      vertex 5.15933 0.0314751 2.58008
    endloop
  endfacet
  facet normal 0.998592 0.0530457 0
    outer loop
      vertex 5.16097 0.000206947 2.59236
      vertex 5.16097 0.000206947 2.36771
      vertex 5.16049 0.00924301 2.58829
    endloop
  endfacet
  facet normal 0.998624 0.0524431 -2.48412e-05
    outer loop
      vertex 5.15562 0.10224 2.56441
      vertex 5.15647 0.0859499 2.34407
      vertex 5.15431 0.127184 2.56216
    endloop
  endfacet
  facet normal 0.998634 0.052252 1.13944e-05
    outer loop
      vertex 5.15647 0.0859499 2.34407
      vertex 5.15518 0.110605 2.34051
      vertex 5.15431 0.127184 2.56216
    endloop
  endfacet
  facet normal 0.998639 0.0521572 1.85032e-05
    outer loop
      vertex 5.15431 0.127184 2.56216
      vertex 5.15518 0.110605 2.34051
      vertex 5.15389 0.135305 2.33839
    endloop
  endfacet
  facet normal 0.998623 0.0524594 4.52051e-06
    outer loop
      vertex 5.15297 0.152799 2.56142
      vertex 5.15389 0.135305 2.33839
      vertex 5.15259 0.160052 2.33769
    endloop
  endfacet
  facet normal 0.998633 0.0522676 -1.26332e-05
    outer loop
      vertex 5.15119 0.186855 2.5627
      vertex 5.15259 0.160052 2.33769
      vertex 5.14975 0.214314 2.33986
    endloop
  endfacet
  facet normal 0.998615 0.0526108 2.97734e-05
    outer loop
      vertex 5.15119 0.186855 2.5627
      vertex 5.14975 0.214314 2.33986
      vertex 5.1495 0.218931 2.56656
    endloop
  endfacet
  facet normal 0.998628 0.0523566 -1.57775e-05
    outer loop
      vertex 5.14793 0.249056 2.57298
      vertex 5.14707 0.265391 2.34634
      vertex 5.14456 0.313269 2.35716
    endloop
  endfacet
  facet normal 0.998625 0.0524254 5.04633e-05
    outer loop
      vertex 5.14645 0.277185 2.58198
      vertex 5.14222 0.357962 2.37231
      vertex 5.14004 0.399469 2.39178
    endloop
  endfacet
  facet normal 0.998637 0.0521934 -9.2451e-05
    outer loop
      vertex 5.14508 0.303394 2.59355
      vertex 5.14004 0.399469 2.39178
      vertex 5.13804 0.437778 2.41559
    endloop
  endfacet
  facet normal 0.998624 0.0524381 5.74893e-05
    outer loop
      vertex 5.14264 0.349885 2.62439
      vertex 5.14381 0.327622 2.60768
      vertex 5.13619 0.472916 2.44371
    endloop
  endfacet
  facet normal 0.998636 0.05222 -0.000110895
    outer loop
      vertex 5.14158 0.370197 2.64368
      vertex 5.14264 0.349885 2.62439
      vertex 5.13452 0.504854 2.47616
    endloop
  endfacet
  facet normal 0.998629 0.0523446 1.47446e-05
    outer loop
      vertex 5.14063 0.388315 2.66524
      vertex 5.14158 0.370197 2.64368
      vertex 5.13272 0.539262 2.52237
    endloop
  endfacet
  facet normal 0.998629 0.0523451 1.58154e-05
    outer loop
      vertex 5.13854 0.428163 2.74193
      vertex 5.13911 0.417297 2.71435
      vertex 5.13272 0.539262 2.52237
    endloop
  endfacet
  facet normal 0.998629 0.0523372 0
    outer loop
      vertex 5.13272 0.539262 3.20827
      vertex 5.13753 0.447484 2.87224
      vertex 5.13272 0.539262 2.52237
    endloop
  endfacet
  facet normal 0.99865 0.0519379 0.000118366
    outer loop
      vertex 5.13777 0.442776 2.93872
      vertex 5.13759 0.446311 2.90625
      vertex 5.13272 0.539262 3.20827
    endloop
  endfacet
  facet normal 0.998631 0.0522998 -4.28673e-06
    outer loop
      vertex 5.13975 0.405016 3.05331
      vertex 5.13907 0.417998 3.02696
      vertex 5.13272 0.539262 3.20827
    endloop
  endfacet
  facet normal 0.998627 0.0523756 -4.54052e-05
    outer loop
      vertex 5.13793 0.43985 3.32309
      vertex 5.14366 0.330441 3.14183
      vertex 5.13614 0.473952 3.29161
    endloop
  endfacet
  facet normal 0.99863 0.0523259 0
    outer loop
      vertex 5.16097 0.000206947 4.72266
      vertex 5.16097 0.000206947 4.5022
      vertex 5.15386 0.1359 4.44937
    endloop
  endfacet
  facet normal 0.998628 0.0523681 -4.08588e-05
    outer loop
      vertex 5.1449 0.306808 3.15854
      vertex 5.14366 0.330441 3.14183
      vertex 5.13793 0.43985 3.32309
    endloop
  endfacet
  facet normal 0.998627 0.0523864 -1.83473e-05
    outer loop
      vertex 5.14624 0.281269 3.17293
      vertex 5.1449 0.306808 3.15854
      vertex 5.13985 0.403142 3.35065
    endloop
  endfacet
  facet normal 0.998629 0.0523505 6.29854e-06
    outer loop
      vertex 5.14191 0.363843 3.3743
      vertex 5.14624 0.281269 3.17293
      vertex 5.13985 0.403142 3.35065
    endloop
  endfacet
  facet normal 0.998626 0.0524024 -1.62819e-05
    outer loop
      vertex 5.14411 0.321924 3.39403
      vertex 5.14768 0.253826 3.185
      vertex 5.14191 0.363843 3.3743
    endloop
  endfacet
  facet normal 0.998642 0.0520906 8.55689e-05
    outer loop
      vertex 5.14921 0.224478 3.19473
      vertex 5.14768 0.253826 3.185
      vertex 5.14411 0.321924 3.39403
    endloop
  endfacet
  facet normal 0.998628 0.0523711 -2.84306e-05
    outer loop
      vertex 5.15085 0.19321 3.20215
      vertex 5.14921 0.224478 3.19473
      vertex 5.14644 0.277414 3.40985
    endloop
  endfacet
  facet normal 0.998628 0.0523623 -2.48551e-05
    outer loop
      vertex 5.14891 0.230313 3.42177
      vertex 5.15085 0.19321 3.20215
      vertex 5.14644 0.277414 3.40985
    endloop
  endfacet
  facet normal 0.998626 0.0523999 -3.13577e-05
    outer loop
      vertex 5.15152 0.180577 3.42978
      vertex 5.15259 0.160052 3.20723
      vertex 5.14891 0.230313 3.42177
    endloop
  endfacet
  facet normal 0.998633 0.0522608 -0.000164035
    outer loop
      vertex 5.14522 0.300774 4.30788
      vertex 5.14654 0.275524 4.29941
      vertex 5.13272 0.539262 4.18997
    endloop
  endfacet
  facet normal 0.998626 0.0524112 0.000199405
    outer loop
      vertex 5.14654 0.275524 4.29941
      vertex 5.14783 0.250977 4.29094
      vertex 5.13272 0.539262 4.18997
    endloop
  endfacet
  facet normal 0.998631 0.0523117 -7.08309e-06
    outer loop
      vertex 5.16097 0.000206947 4.72266
      vertex 5.15386 0.1359 4.44937
      vertex 5.15185 0.174269 4.43501
    endloop
  endfacet
  facet normal 0.998625 0.0524309 6.5283e-05
    outer loop
      vertex 5.16097 0.000206947 4.72266
      vertex 5.15185 0.174269 4.43501
      vertex 5.14993 0.210855 4.42155
    endloop
  endfacet
  facet normal 0.998626 0.0523952 -0.000254538
    outer loop
      vertex 5.14993 0.210855 4.42155
      vertex 5.1481 0.245673 4.40901
      vertex 5.13272 0.539262 4.50238
    endloop
  endfacet
  facet normal 0.998631 0.0523054 2.83695e-05
    outer loop
      vertex 5.1481 0.245673 4.40901
      vertex 5.14637 0.278709 4.39737
      vertex 5.13272 0.539262 4.50238
    endloop
  endfacet
  facet normal 0.998629 0.0523489 -7.96811e-05
    outer loop
      vertex 5.14637 0.278709 4.39737
      vertex 5.14473 0.309978 4.38664
      vertex 5.13272 0.539262 4.50238
    endloop
  endfacet
  facet normal 0.998636 0.0522195 0.000177206
    outer loop
      vertex 5.14473 0.309978 4.38664
      vertex 5.14319 0.339462 4.37681
      vertex 5.13272 0.539262 4.50238
    endloop
  endfacet
  facet normal 0.998633 0.0522702 9.63797e-05
    outer loop
      vertex 5.14319 0.339462 4.37681
      vertex 5.14174 0.367181 4.36789
      vertex 5.13272 0.539262 4.50238
    endloop
  endfacet
  facet normal 0.998629 0.0523405 6.11701e-06
    outer loop
      vertex 5.14174 0.367181 4.36789
      vertex 5.14038 0.39313 4.35988
      vertex 5.13272 0.539262 4.50238
    endloop
  endfacet
  facet normal 0.998621 0.0524968 -0.000154539
    outer loop
      vertex 5.14038 0.39313 4.35988
      vertex 5.1386 0.426958 4.34898
      vertex 5.13272 0.539262 4.50238
    endloop
  endfacet
  facet normal 0.998628 0.0523714 6.03121e-05
    outer loop
      vertex 5.1386 0.426958 4.34898
      vertex 5.14522 0.300774 4.30788
      vertex 5.13272 0.539262 4.18997
    endloop
  endfacet
  facet normal 0.99863 0.0523334 -3.10399e-06
    outer loop
      vertex 5.16097 0.000206947 4.72266
      vertex 5.14993 0.210855 4.42155
      vertex 5.13272 0.539262 4.50238
    endloop
  endfacet
  facet normal 0.998632 0.0522926 -0.000140319
    outer loop
      vertex 5.14783 0.250977 4.29094
      vertex 5.14908 0.227083 4.28247
      vertex 5.13272 0.539262 4.18997
    endloop
  endfacet
  facet normal 0.998636 0.052215 -0.000402816
    outer loop
      vertex 5.14908 0.227083 4.28247
      vertex 5.15029 0.203876 4.27402
      vertex 5.13272 0.539262 4.18997
    endloop
  endfacet
  facet normal 0.99863 0.052323 2.92502e-05
    outer loop
      vertex 5.15029 0.203876 4.27402
      vertex 5.16097 0.000206947 3.97313
      vertex 5.13272 0.539262 4.18997
    endloop
  endfacet
  facet normal 0.998634 0.0522597 7.22255e-05
    outer loop
      vertex 5.15147 0.181339 4.26555
      vertex 5.16097 0.000206947 3.97313
      vertex 5.15029 0.203876 4.27402
    endloop
  endfacet
  facet normal 0.998612 0.0526609 -0.000177005
    outer loop
      vertex 5.15262 0.159503 4.25708
      vertex 5.16097 0.000206947 3.97313
      vertex 5.15147 0.181339 4.26555
    endloop
  endfacet
  facet normal 0.99863 0.0523332 7.3602e-06
    outer loop
      vertex 5.15373 0.138323 4.24861
      vertex 5.16097 0.000206947 3.97313
      vertex 5.15262 0.159503 4.25708
    endloop
  endfacet
  facet normal 0.998632 0.0522863 0
    outer loop
      vertex 5.13272 0.539262 4.50238
      vertex 5.1386 0.426958 4.34898
      vertex 5.13272 0.539262 4.18997
    endloop
  endfacet
  facet normal 0 0 1
    outer loop
      vertex 5.13272 0.539262 -4.03532
      vertex 5.12877 0.539055 -4.03532
      vertex 5.12492 0.538853 -4.03532
    endloop
  endfacet
  facet normal -0.0523333 0.99863 0
    outer loop
      vertex 5.13272 0.539262 -4.26631
      vertex 5.12877 0.539055 -4.03532
      vertex 5.13272 0.539262 -4.03532
    endloop
  endfacet
  facet normal -0.0523333 0.99863 0
    outer loop
      vertex 5.12877 0.539055 -4.03532
      vertex 5.13272 0.539262 -4.26631
      vertex 5.12877 0.539055 -4.26631
    endloop
  endfacet
  facet normal 0.0521881 -0.998637 0
    outer loop
      vertex 5.15701 0 -4.26631
      vertex 5.16097 0.000206947 -4.03532
      vertex 5.15701 0 -4.03532
    endloop
  endfacet
  facet normal 0.0521881 -0.998637 0
    outer loop
      vertex 5.16097 0.000206947 -4.03532
      vertex 5.15701 0 -4.26631
      vertex 5.16097 0.000206947 -4.26631
    endloop
  endfacet
  facet normal 0 0 1
    outer loop
      vertex 5.13272 0.539262 -2.69003
      vertex 5.12877 0.539055 -2.69003
      vertex 5.12492 0.538853 -2.69003
    endloop
  endfacet
  facet normal -0.0523333 0.99863 0
    outer loop
      vertex 5.13272 0.539262 -2.92102
      vertex 5.12877 0.539055 -2.69003
      vertex 5.13272 0.539262 -2.69003
    endloop
  endfacet
  facet normal -0.0523333 0.99863 0
    outer loop
      vertex 5.12877 0.539055 -2.69003
      vertex 5.13272 0.539262 -2.92102
      vertex 5.12877 0.539055 -2.92102
    endloop
  endfacet
  facet normal 0.0521881 -0.998637 0
    outer loop
      vertex 5.15701 0 -2.92102
      vertex 5.16097 0.000206947 -2.69003
      vertex 5.15701 0 -2.69003
    endloop
  endfacet
  facet normal 0.0521881 -0.998637 0
    outer loop
      vertex 5.16097 0.000206947 -2.69003
      vertex 5.15701 0 -2.92102
      vertex 5.16097 0.000206947 -2.92102
    endloop
  endfacet
  facet normal 0.0522363 -0.998635 0
    outer loop
      vertex 5.13156 0.412044 -2.36944
      vertex 5.13936 0.412452 -1.3076
      vertex 5.13156 0.412044 -1.3076
    endloop
  endfacet
  facet normal 0.0522363 -0.998635 0
    outer loop
      vertex 5.13936 0.412452 -1.3076
      vertex 5.13156 0.412044 -2.36944
      vertex 5.13936 0.412452 -2.36944
    endloop
  endfacet
  facet normal 0 0 -1
    outer loop
      vertex 5.12496 0.538451 -2.36944
      vertex 5.13936 0.412452 -2.36944
      vertex 5.13156 0.412044 -2.36944
    endloop
  endfacet
  facet normal 0 0 -1
    outer loop
      vertex 5.13936 0.412452 -2.36944
      vertex 5.12496 0.538451 -2.36944
      vertex 5.13272 0.539262 -2.36944
    endloop
  endfacet
  facet normal 0 0 -1
    outer loop
      vertex 5.13272 0.539262 -2.36944
      vertex 5.12496 0.538451 -2.36944
      vertex 5.12877 0.539055 -2.36944
    endloop
  endfacet
  facet normal -0 -0 -1
    outer loop
      vertex 5.12496 0.538451 -2.36944
      vertex 5.13156 0.412044 -2.36944
      vertex 5.12493 0.538658 -2.36944
    endloop
  endfacet
  facet normal 0 0 1
    outer loop
      vertex 5.13272 0.539262 -1.07661
      vertex 5.12877 0.539055 -1.07661
      vertex 5.12492 0.538853 -1.07661
    endloop
  endfacet
  facet normal -0.0523333 0.99863 0
    outer loop
      vertex 5.13272 0.539262 -2.36944
      vertex 5.12877 0.539055 -1.07661
      vertex 5.13272 0.539262 -1.07661
    endloop
  endfacet
  facet normal -0.0523333 0.99863 0
    outer loop
      vertex 5.12877 0.539055 -1.07661
      vertex 5.13272 0.539262 -2.36944
      vertex 5.12877 0.539055 -2.36944
    endloop
  endfacet
  facet normal 0.0521881 -0.998637 0
    outer loop
      vertex 5.15701 0 -1.3076
      vertex 5.16097 0.000206947 -1.07661
      vertex 5.15701 0 -1.07661
    endloop
  endfacet
  facet normal 0.0521881 -0.998637 0
    outer loop
      vertex 5.16097 0.000206947 -1.07661
      vertex 5.15701 0 -1.3076
      vertex 5.16097 0.000206947 -1.3076
    endloop
  endfacet
  facet normal 0.0134528 -0.257424 -0.966205
    outer loop
      vertex 5.15701 0 0.484527
      vertex 5.15885 0.0406475 0.473723
      vertex 5.16097 0.000206947 0.484527
    endloop
  endfacet
  facet normal 0.0134895 -0.257422 -0.966205
    outer loop
      vertex 5.15105 0.0402393 0.473723
      vertex 5.15701 0 0.484527
      vertex 5.15317 -0.000201225 0.484527
    endloop
  endfacet
  facet normal 0.0134719 -0.257424 -0.966205
    outer loop
      vertex 5.15701 0 0.484527
      vertex 5.15105 0.0402393 0.473723
      vertex 5.15885 0.0406475 0.473723
    endloop
  endfacet
  facet normal 0.0179953 -0.343858 -0.938849
    outer loop
      vertex 5.15885 0.0406475 0.473723
      vertex 5.15105 0.0402393 0.473723
      vertex 5.14789 0.100398 0.451629
    endloop
  endfacet
  facet normal 0.0180073 -0.343856 -0.93885
    outer loop
      vertex 5.1557 0.100807 0.451629
      vertex 5.15885 0.0406475 0.473723
      vertex 5.14789 0.100398 0.451629
    endloop
  endfacet
  facet normal 0.0227139 -0.433731 -0.900756
    outer loop
      vertex 5.1557 0.100807 0.451629
      vertex 5.14789 0.100398 0.451629
      vertex 5.14496 0.156367 0.424605
    endloop
  endfacet
  facet normal 0.0226877 -0.433735 -0.900755
    outer loop
      vertex 5.15276 0.156775 0.424605
      vertex 5.1557 0.100807 0.451629
      vertex 5.14496 0.156367 0.424605
    endloop
  endfacet
  facet normal 0.0274064 -0.523946 -0.85131
    outer loop
      vertex 5.15276 0.156775 0.424605
      vertex 5.14496 0.156367 0.424605
      vertex 5.14225 0.208115 0.392669
    endloop
  endfacet
  facet normal 0.027473 -0.523935 -0.851315
    outer loop
      vertex 5.15005 0.208524 0.392669
      vertex 5.15276 0.156775 0.424605
      vertex 5.14225 0.208115 0.392669
    endloop
  endfacet
  facet normal 0.0320519 -0.611259 -0.790781
    outer loop
      vertex 5.15005 0.208524 0.392669
      vertex 5.14225 0.208115 0.392669
      vertex 5.13976 0.255657 0.355819
    endloop
  endfacet
  facet normal 0.0319742 -0.611271 -0.790775
    outer loop
      vertex 5.14756 0.256065 0.355819
      vertex 5.15005 0.208524 0.392669
      vertex 5.13976 0.255657 0.355819
    endloop
  endfacet
  facet normal 0.0363275 -0.694497 -0.718578
    outer loop
      vertex 5.14756 0.256065 0.355819
      vertex 5.13976 0.255657 0.355819
      vertex 5.13752 0.298246 0.314544
    endloop
  endfacet
  facet normal 0.0364579 -0.694478 -0.71859
    outer loop
      vertex 5.14533 0.298656 0.314544
      vertex 5.14756 0.256065 0.355819
      vertex 5.13752 0.298246 0.314544
    endloop
  endfacet
  facet normal 0.0405305 -0.772954 -0.633166
    outer loop
      vertex 5.14339 0.335577 0.269347
      vertex 5.13752 0.298246 0.314544
      vertex 5.13559 0.335168 0.269347
    endloop
  endfacet
  facet normal 0.0405777 -0.772955 -0.633162
    outer loop
      vertex 5.13752 0.298246 0.314544
      vertex 5.14339 0.335577 0.269347
      vertex 5.14533 0.298656 0.314544
    endloop
  endfacet
  facet normal 0.0442231 -0.842396 -0.537041
    outer loop
      vertex 5.14176 0.366815 0.220214
      vertex 5.13559 0.335168 0.269347
      vertex 5.13395 0.366405 0.220214
    endloop
  endfacet
  facet normal 0.0441717 -0.842395 -0.537047
    outer loop
      vertex 5.13559 0.335168 0.269347
      vertex 5.14176 0.366815 0.220214
      vertex 5.14339 0.335577 0.269347
    endloop
  endfacet
  facet normal 0.0472215 -0.899512 -0.434338
    outer loop
      vertex 5.14176 0.366815 0.220214
      vertex 5.13395 0.366405 0.220214
      vertex 5.13261 0.39196 0.167144
    endloop
  endfacet
  facet normal 0.0469924 -0.899537 -0.43431
    outer loop
      vertex 5.14042 0.392368 0.167144
      vertex 5.14176 0.366815 0.220214
      vertex 5.13261 0.39196 0.167144
    endloop
  endfacet
  facet normal 0.0492501 -0.942754 -0.329834
    outer loop
      vertex 5.14042 0.392368 0.167144
      vertex 5.13261 0.39196 0.167144
      vertex 5.13157 0.411845 0.110152
    endloop
  endfacet
  facet normal 0.0494332 -0.942736 -0.329856
    outer loop
      vertex 5.13937 0.412254 0.110152
      vertex 5.14042 0.392368 0.167144
      vertex 5.13157 0.411845 0.110152
    endloop
  endfacet
  facet normal 0.0509935 -0.972492 -0.227286
    outer loop
      vertex 5.13863 0.426455 0.0492239
      vertex 5.13157 0.411845 0.110152
      vertex 5.13083 0.426046 0.0492239
    endloop
  endfacet
  facet normal 0.0509935 -0.972492 -0.227286
    outer loop
      vertex 5.13157 0.411845 0.110152
      vertex 5.13863 0.426455 0.0492239
      vertex 5.13937 0.412254 0.110152
    endloop
  endfacet
  facet normal 0.0519164 -0.990094 -0.130458
    outer loop
      vertex 5.13818 0.434974 -0.0156088
      vertex 5.13083 0.426046 0.0492239
      vertex 5.13038 0.434565 -0.0156088
    endloop
  endfacet
  facet normal 0.0519164 -0.990094 -0.130458
    outer loop
      vertex 5.13083 0.426046 0.0492239
      vertex 5.13818 0.434974 -0.0156088
      vertex 5.13863 0.426455 0.0492239
    endloop
  endfacet
  facet normal 0.0523194 -0.997779 -0.0412225
    outer loop
      vertex 5.13818 0.434974 -0.0156088
      vertex 5.13038 0.434565 -0.0156088
      vertex 5.13023 0.437399 -0.0843954
    endloop
  endfacet
  facet normal 0.0523194 -0.997779 -0.0412225
    outer loop
      vertex 5.13803 0.437808 -0.0843954
      vertex 5.13818 0.434974 -0.0156088
      vertex 5.13023 0.437399 -0.0843954
    endloop
  endfacet
  facet normal 0.0523441 -0.998249 0.0275635
    outer loop
      vertex 5.1303 0.43618 -0.128676
      vertex 5.13803 0.437808 -0.0843954
      vertex 5.13023 0.437399 -0.0843954
    endloop
  endfacet
  facet normal 0.0523441 -0.998249 0.0275635
    outer loop
      vertex 5.13803 0.437808 -0.0843954
      vertex 5.1303 0.43618 -0.128676
      vertex 5.1381 0.436589 -0.128676
    endloop
  endfacet
  facet normal 0.0521714 -0.994956 0.0856813
    outer loop
      vertex 5.13049 0.432508 -0.171432
      vertex 5.1381 0.436589 -0.128676
      vertex 5.1303 0.43618 -0.128676
    endloop
  endfacet
  facet normal 0.0521714 -0.994956 0.0856813
    outer loop
      vertex 5.13829 0.432917 -0.171432
      vertex 5.1381 0.436589 -0.128676
      vertex 5.13049 0.432508 -0.171432
    endloop
  endfacet
  facet normal 0.0517911 -0.987702 0.147519
    outer loop
      vertex 5.13081 0.426367 -0.212661
      vertex 5.13829 0.432917 -0.171432
      vertex 5.13049 0.432508 -0.171432
    endloop
  endfacet
  facet normal 0.0517911 -0.987702 0.147519
    outer loop
      vertex 5.13829 0.432917 -0.171432
      vertex 5.13081 0.426367 -0.212661
      vertex 5.13861 0.426776 -0.212661
    endloop
  endfacet
  facet normal 0.0511745 -0.975943 0.211935
    outer loop
      vertex 5.13126 0.417772 -0.252349
      vertex 5.13861 0.426776 -0.212661
      vertex 5.13081 0.426367 -0.212661
    endloop
  endfacet
  facet normal 0.0511745 -0.975943 0.211935
    outer loop
      vertex 5.13861 0.426776 -0.212661
      vertex 5.13126 0.417772 -0.252349
      vertex 5.13906 0.418181 -0.252349
    endloop
  endfacet
  facet normal 0.0502988 -0.959244 0.278066
    outer loop
      vertex 5.13184 0.40674 -0.290511
      vertex 5.13906 0.418181 -0.252349
      vertex 5.13126 0.417772 -0.252349
    endloop
  endfacet
  facet normal 0.0502988 -0.959244 0.278066
    outer loop
      vertex 5.13906 0.418181 -0.252349
      vertex 5.13184 0.40674 -0.290511
      vertex 5.13964 0.407149 -0.290511
    endloop
  endfacet
  facet normal 0.0491303 -0.936958 0.34597
    outer loop
      vertex 5.13255 0.393255 -0.327132
      vertex 5.13964 0.407149 -0.290511
      vertex 5.13184 0.40674 -0.290511
    endloop
  endfacet
  facet normal 0.04901 -0.936956 0.345992
    outer loop
      vertex 5.14035 0.393663 -0.327132
      vertex 5.13964 0.407149 -0.290511
      vertex 5.13255 0.393255 -0.327132
    endloop
  endfacet
  facet normal 0.047546 -0.908967 0.414147
    outer loop
      vertex 5.13338 0.377301 -0.362243
      vertex 5.14035 0.393663 -0.327132
      vertex 5.13255 0.393255 -0.327132
    endloop
  endfacet
  facet normal 0.047546 -0.908967 0.414147
    outer loop
      vertex 5.14035 0.393663 -0.327132
      vertex 5.13338 0.377301 -0.362243
      vertex 5.14118 0.377709 -0.362243
    endloop
  endfacet
  facet normal 0.0457824 -0.875253 0.481494
    outer loop
      vertex 5.13435 0.358893 -0.395797
      vertex 5.14118 0.377709 -0.362243
      vertex 5.13338 0.377301 -0.362243
    endloop
  endfacet
  facet normal 0.0460074 -0.875263 0.481454
    outer loop
      vertex 5.14215 0.359303 -0.395797
      vertex 5.14118 0.377709 -0.362243
      vertex 5.13435 0.358893 -0.395797
    endloop
  endfacet
  facet normal 0.0439247 -0.835641 0.547517
    outer loop
      vertex 5.13543 0.338185 -0.427489
      vertex 5.14215 0.359303 -0.395797
      vertex 5.13435 0.358893 -0.395797
    endloop
  endfacet
  facet normal 0.0438173 -0.835635 0.547535
    outer loop
      vertex 5.14215 0.359303 -0.395797
      vertex 5.13543 0.338185 -0.427489
      vertex 5.14323 0.338594 -0.427489
    endloop
  endfacet
  facet normal 0.0413062 -0.787746 0.614613
    outer loop
      vertex 5.13663 0.315283 -0.456923
      vertex 5.14323 0.338594 -0.427489
      vertex 5.13543 0.338185 -0.427489
    endloop
  endfacet
  facet normal 0.0413062 -0.787746 0.614613
    outer loop
      vertex 5.14443 0.315692 -0.456923
      vertex 5.14323 0.338594 -0.427489
      vertex 5.13663 0.315283 -0.456923
    endloop
  endfacet
  facet normal 0.0384447 -0.733174 0.678953
    outer loop
      vertex 5.13795 0.290186 -0.484099
      vertex 5.14443 0.315692 -0.456923
      vertex 5.13663 0.315283 -0.456923
    endloop
  endfacet
  facet normal 0.0384447 -0.733174 0.678953
    outer loop
      vertex 5.14443 0.315692 -0.456923
      vertex 5.13795 0.290186 -0.484099
      vertex 5.14575 0.290595 -0.484099
    endloop
  endfacet
  facet normal 0.0353033 -0.673265 0.738558
    outer loop
      vertex 5.14575 0.290595 -0.484099
      vertex 5.13938 0.26291 -0.509032
      vertex 5.14718 0.263319 -0.509032
    endloop
  endfacet
  facet normal 0.0353033 -0.673265 0.738558
    outer loop
      vertex 5.13938 0.26291 -0.509032
      vertex 5.14575 0.290595 -0.484099
      vertex 5.13795 0.290186 -0.484099
    endloop
  endfacet
  facet normal 0.0319179 -0.608703 0.792756
    outer loop
      vertex 5.14092 0.23344 -0.531722
      vertex 5.14718 0.263319 -0.509032
      vertex 5.13938 0.26291 -0.509032
    endloop
  endfacet
  facet normal 0.0319179 -0.608703 0.792756
    outer loop
      vertex 5.14872 0.233849 -0.531722
      vertex 5.14718 0.263319 -0.509032
      vertex 5.14092 0.23344 -0.531722
    endloop
  endfacet
  facet normal 0.0283787 -0.541207 0.840411
    outer loop
      vertex 5.14258 0.201776 -0.552169
      vertex 5.14872 0.233849 -0.531722
      vertex 5.14092 0.23344 -0.531722
    endloop
  endfacet
  facet normal 0.0283787 -0.541207 0.840411
    outer loop
      vertex 5.15038 0.202185 -0.552169
      vertex 5.14872 0.233849 -0.531722
      vertex 5.14258 0.201776 -0.552169
    endloop
  endfacet
  facet normal 0.024753 -0.472062 0.881218
    outer loop
      vertex 5.14436 0.167917 -0.570357
      vertex 5.15038 0.202185 -0.552169
      vertex 5.14258 0.201776 -0.552169
    endloop
  endfacet
  facet normal 0.024753 -0.472062 0.881218
    outer loop
      vertex 5.15216 0.168326 -0.570357
      vertex 5.15038 0.202185 -0.552169
      vertex 5.14436 0.167917 -0.570357
    endloop
  endfacet
  facet normal 0.021147 -0.403292 0.914827
    outer loop
      vertex 5.14624 0.13188 -0.586287
      vertex 5.15216 0.168326 -0.570357
      vertex 5.14436 0.167917 -0.570357
    endloop
  endfacet
  facet normal 0.0211197 -0.403289 0.914829
    outer loop
      vertex 5.15405 0.132289 -0.586287
      vertex 5.15216 0.168326 -0.570357
      vertex 5.14624 0.13188 -0.586287
    endloop
  endfacet
  facet normal 0.0496424 -0.947939 -0.314559
    outer loop
      vertex 5.15405 0.132289 -0.586287
      vertex 5.14624 0.13188 -0.586287
      vertex 5.14245 0.204321 -0.80519
    endloop
  endfacet
  facet normal 0.0495847 -0.947943 -0.314557
    outer loop
      vertex 5.15025 0.204729 -0.80519
      vertex 5.15405 0.132289 -0.586287
      vertex 5.14245 0.204321 -0.80519
    endloop
  endfacet
  facet normal -0.0215631 0.412236 -0.910822
    outer loop
      vertex 5.14245 0.204321 -0.80519
      vertex 5.1476 0.255364 -0.78221
      vertex 5.15025 0.204729 -0.80519
    endloop
  endfacet
  facet normal -0.0215354 0.412234 -0.910824
    outer loop
      vertex 5.1476 0.255364 -0.78221
      vertex 5.14245 0.204321 -0.80519
      vertex 5.13979 0.254956 -0.78221
    endloop
  endfacet
  facet normal -0.025062 0.47974 -0.877053
    outer loop
      vertex 5.1476 0.255364 -0.78221
      vertex 5.13979 0.254956 -0.78221
      vertex 5.13731 0.302361 -0.756209
    endloop
  endfacet
  facet normal -0.0251547 0.479724 -0.877059
    outer loop
      vertex 5.14511 0.30277 -0.756209
      vertex 5.1476 0.255364 -0.78221
      vertex 5.13731 0.302361 -0.756209
    endloop
  endfacet
  facet normal -0.0287036 0.547403 -0.836376
    outer loop
      vertex 5.13731 0.302361 -0.756209
      vertex 5.14279 0.346991 -0.727187
      vertex 5.14511 0.30277 -0.756209
    endloop
  endfacet
  facet normal -0.028774 0.547408 -0.836371
    outer loop
      vertex 5.14279 0.346991 -0.727187
      vertex 5.13731 0.302361 -0.756209
      vertex 5.13499 0.346581 -0.727187
    endloop
  endfacet
  facet normal -0.0323038 0.61456 -0.788208
    outer loop
      vertex 5.13499 0.346581 -0.727187
      vertex 5.14065 0.387996 -0.695128
      vertex 5.14279 0.346991 -0.727187
    endloop
  endfacet
  facet normal -0.0321833 0.614552 -0.788219
    outer loop
      vertex 5.14065 0.387996 -0.695128
      vertex 5.13499 0.346581 -0.727187
      vertex 5.13284 0.387587 -0.695128
    endloop
  endfacet
  facet normal -0.0355375 0.678602 -0.733646
    outer loop
      vertex 5.13284 0.387587 -0.695128
      vertex 5.13866 0.4258 -0.660064
      vertex 5.14065 0.387996 -0.695128
    endloop
  endfacet
  facet normal -0.0355832 0.678604 -0.733642
    outer loop
      vertex 5.13866 0.4258 -0.660064
      vertex 5.13284 0.387587 -0.695128
      vertex 5.13086 0.425391 -0.660064
    endloop
  endfacet
  facet normal -0.0387457 0.738915 -0.672684
    outer loop
      vertex 5.13866 0.4258 -0.660064
      vertex 5.13086 0.425391 -0.660064
      vertex 5.12905 0.459982 -0.621963
    endloop
  endfacet
  facet normal -0.0386517 0.738929 -0.672673
    outer loop
      vertex 5.13685 0.46039 -0.621963
      vertex 5.13866 0.4258 -0.660064
      vertex 5.12905 0.459982 -0.621963
    endloop
  endfacet
  facet normal -0.0415087 0.793549 -0.607089
    outer loop
      vertex 5.13685 0.46039 -0.621963
      vertex 5.12905 0.459982 -0.621963
      vertex 5.1274 0.491356 -0.58084
    endloop
  endfacet
  facet normal -0.0415568 0.793542 -0.607094
    outer loop
      vertex 5.13521 0.491765 -0.58084
      vertex 5.13685 0.46039 -0.621963
      vertex 5.1274 0.491356 -0.58084
    endloop
  endfacet
  facet normal -0.0440657 0.84145 -0.538535
    outer loop
      vertex 5.1274 0.491356 -0.58084
      vertex 5.13373 0.51994 -0.536696
      vertex 5.13521 0.491765 -0.58084
    endloop
  endfacet
  facet normal -0.0441223 0.841452 -0.538528
    outer loop
      vertex 5.13373 0.51994 -0.536696
      vertex 5.1274 0.491356 -0.58084
      vertex 5.12593 0.519531 -0.536696
    endloop
  endfacet
  facet normal -0.047266 0.901936 -0.429276
    outer loop
      vertex 5.13272 0.539262 -0.500197
      vertex 5.12876 0.539054 -0.500198
      vertex 5.12877 0.539055 -0.500197
    endloop
  endfacet
  facet normal -0.046226 0.882324 -0.468368
    outer loop
      vertex 5.12876 0.539054 -0.500198
      vertex 5.13272 0.539262 -0.500197
      vertex 5.13373 0.51994 -0.536696
    endloop
  endfacet
  facet normal -0.0522722 0.998633 0
    outer loop
      vertex 5.12876 0.539054 -0.500198
      vertex 5.12492 0.538853 -0.500197
      vertex 5.12876 0.539054 -0.500197
    endloop
  endfacet
  facet normal -0.0462652 0.88232 -0.468371
    outer loop
      vertex 5.12593 0.519531 -0.536696
      vertex 5.12876 0.539054 -0.500198
      vertex 5.13373 0.51994 -0.536696
    endloop
  endfacet
  facet normal -0.0463059 0.882319 -0.468368
    outer loop
      vertex 5.12876 0.539054 -0.500198
      vertex 5.12593 0.519531 -0.536696
      vertex 5.12492 0.538853 -0.500197
    endloop
  endfacet
  facet normal -0.0522722 0.998633 0
    outer loop
      vertex 5.12492 0.538853 0.331542
      vertex 5.12876 0.539054 0.331542
      vertex 5.12492 0.538853 0.33063
    endloop
  endfacet
  facet normal -0.0522722 0.998633 0
    outer loop
      vertex 5.12492 0.538853 -0.499438
      vertex 5.12876 0.539054 -0.500197
      vertex 5.12492 0.538853 -0.500197
    endloop
  endfacet
  facet normal -0.0523333 0.99863 0
    outer loop
      vertex 5.13272 0.539262 -0.500197
      vertex 5.12877 0.539055 0.331542
      vertex 5.13272 0.539262 0.331542
    endloop
  endfacet
  facet normal -0.0523333 0.99863 0
    outer loop
      vertex 5.12877 0.539055 0.331542
      vertex 5.13272 0.539262 -0.500197
      vertex 5.12877 0.539055 -0.500197
    endloop
  endfacet
  facet normal -0.0478654 0.913374 0.404298
    outer loop
      vertex 5.12877 0.539055 0.331542
      vertex 5.12508 0.535714 0.338653
      vertex 5.13272 0.539262 0.331542
    endloop
  endfacet
  facet normal -0.0511004 0.913843 0.402839
    outer loop
      vertex 5.12508 0.535714 0.338653
      vertex 5.12877 0.539055 0.331542
      vertex 5.12876 0.539054 0.331543
    endloop
  endfacet
  facet normal -0.0522722 0.998633 0
    outer loop
      vertex 5.12492 0.538853 0.331542
      vertex 5.12876 0.539054 0.331543
      vertex 5.12876 0.539054 0.331542
    endloop
  endfacet
  facet normal -0.0479152 0.913383 0.404272
    outer loop
      vertex 5.12876 0.539054 0.331543
      vertex 5.12492 0.538853 0.331542
      vertex 5.12508 0.535714 0.338653
    endloop
  endfacet
  facet normal -0.0477749 0.913343 0.404379
    outer loop
      vertex 5.13288 0.536122 0.338653
      vertex 5.13272 0.539262 0.331542
      vertex 5.12508 0.535714 0.338653
    endloop
  endfacet
  facet normal -0.0451523 0.863205 0.50283
    outer loop
      vertex 5.12716 0.496065 0.406905
      vertex 5.13288 0.536122 0.338653
      vertex 5.12508 0.535714 0.338653
    endloop
  endfacet
  facet normal -0.0451523 0.863205 0.50283
    outer loop
      vertex 5.13496 0.496473 0.406905
      vertex 5.13288 0.536122 0.338653
      vertex 5.12716 0.496065 0.406905
    endloop
  endfacet
  facet normal -0.0418874 0.800788 0.597481
    outer loop
      vertex 5.12961 0.449208 0.469878
      vertex 5.13496 0.496473 0.406905
      vertex 5.12716 0.496065 0.406905
    endloop
  endfacet
  facet normal -0.0419901 0.800789 0.597473
    outer loop
      vertex 5.13741 0.449617 0.469878
      vertex 5.13496 0.496473 0.406905
      vertex 5.12961 0.449208 0.469878
    endloop
  endfacet
  facet normal -0.0382733 0.728126 0.684374
    outer loop
      vertex 5.13741 0.449617 0.469878
      vertex 5.13245 0.395144 0.527556
      vertex 5.14025 0.395554 0.527556
    endloop
  endfacet
  facet normal -0.0381798 0.728124 0.684381
    outer loop
      vertex 5.13245 0.395144 0.527556
      vertex 5.13741 0.449617 0.469878
      vertex 5.12961 0.449208 0.469878
    endloop
  endfacet
  facet normal -0.0340534 0.647845 0.761011
    outer loop
      vertex 5.13561 0.334726 0.579131
      vertex 5.14025 0.395554 0.527556
      vertex 5.13245 0.395144 0.527556
    endloop
  endfacet
  facet normal -0.0339267 0.647842 0.761019
    outer loop
      vertex 5.14342 0.335135 0.579131
      vertex 5.14025 0.395554 0.527556
      vertex 5.13561 0.334726 0.579131
    endloop
  endfacet
  facet normal -0.029327 0.56001 0.827967
    outer loop
      vertex 5.13907 0.268807 0.623839
      vertex 5.14342 0.335135 0.579131
      vertex 5.13561 0.334726 0.579131
    endloop
  endfacet
  facet normal -0.0293647 0.560011 0.827965
    outer loop
      vertex 5.14687 0.269216 0.623839
      vertex 5.14342 0.335135 0.579131
      vertex 5.13907 0.268807 0.623839
    endloop
  endfacet
  facet normal -0.0244745 0.466752 0.88405
    outer loop
      vertex 5.14281 0.197357 0.661666
      vertex 5.14687 0.269216 0.623839
      vertex 5.13907 0.268807 0.623839
    endloop
  endfacet
  facet normal -0.0244146 0.46675 0.884052
    outer loop
      vertex 5.15061 0.197765 0.661666
      vertex 5.14687 0.269216 0.623839
      vertex 5.14281 0.197357 0.661666
    endloop
  endfacet
  facet normal -0.0194743 0.372304 0.927907
    outer loop
      vertex 5.14684 0.120405 0.692626
      vertex 5.15061 0.197765 0.661666
      vertex 5.14281 0.197357 0.661666
    endloop
  endfacet
  facet normal -0.0194971 0.372304 0.927906
    outer loop
      vertex 5.15465 0.120814 0.692626
      vertex 5.15061 0.197765 0.661666
      vertex 5.14684 0.120405 0.692626
    endloop
  endfacet
  facet normal -0.0146527 0.279372 0.960071
    outer loop
      vertex 5.15465 0.120814 0.692626
      vertex 5.15117 0.0379381 0.716689
      vertex 5.15897 0.0383472 0.716689
    endloop
  endfacet
  facet normal -0.0146303 0.279371 0.960072
    outer loop
      vertex 5.15117 0.0379381 0.716689
      vertex 5.15465 0.120814 0.692626
      vertex 5.14684 0.120405 0.692626
    endloop
  endfacet
  facet normal -0.0100427 0.191476 0.981446
    outer loop
      vertex 5.15117 0.0379381 0.716689
      vertex 5.15323 0.00019808 0.724073
      vertex 5.15897 0.0383472 0.716689
    endloop
  endfacet
  facet normal -0.0607542 0.18857 0.980179
    outer loop
      vertex 5.15316 0.000176725 0.724077
      vertex 5.15117 0.0379381 0.716689
      vertex 5.15316 -5.60717e-09 0.724111
    endloop
  endfacet
  facet normal 0.0405184 0.193908 0.980183
    outer loop
      vertex 5.15317 0.000194855 0.724073
      vertex 5.15117 0.0379381 0.716689
      vertex 5.15316 0.000176725 0.724077
    endloop
  endfacet
  facet normal -0.584623 0.125822 0.801489
    outer loop
      vertex 5.15317 0.000201225 0.724072
      vertex 5.15117 0.0379381 0.716689
      vertex 5.15317 0.000194855 0.724073
    endloop
  endfacet
  facet normal -0.00631016 0.191678 0.981438
    outer loop
      vertex 5.15323 0.00019808 0.724073
      vertex 5.15117 0.0379381 0.716689
      vertex 5.15317 0.000201225 0.724072
    endloop
  endfacet
  facet normal -0.0100363 0.191475 0.981446
    outer loop
      vertex 5.15897 0.0383472 0.716689
      vertex 5.15323 0.00019808 0.724073
      vertex 5.15626 3.91052e-05 0.724135
    endloop
  endfacet
  facet normal -0.0101575 0.191483 0.981443
    outer loop
      vertex 5.15626 3.91052e-05 0.724135
      vertex 5.16097 0.000206947 0.724151
      vertex 5.15897 0.0383472 0.716689
    endloop
  endfacet
  facet normal -0.0104696 0.20041 0.979656
    outer loop
      vertex 5.16097 0.000206947 0.724151
      vertex 5.15626 3.91052e-05 0.724135
      vertex 5.15626 -3.91068e-05 0.724151
    endloop
  endfacet
  facet normal 0.0557133 -0.998447 0
    outer loop
      vertex 5.15317 -0.000201225 0.484527
      vertex 5.15327 -0.000195645 0.484631
      vertex 5.15317 -0.000201225 0.484634
    endloop
  endfacet
  facet normal 0.0523303 -0.998625 0.00326248
    outer loop
      vertex 5.15327 -0.000195645 0.484631
      vertex 5.15317 -0.000201225 0.484527
      vertex 5.15701 0 0.484527
    endloop
  endfacet
  facet normal 0.052169 -0.998628 0.00460251
    outer loop
      vertex 5.15701 0 0.724135
      vertex 5.16097 0.000206947 0.724151
      vertex 5.15626 -3.91068e-05 0.724151
    endloop
  endfacet
  facet normal 0.0521881 -0.998637 0
    outer loop
      vertex 5.15701 0 0.484527
      vertex 5.16097 0.000206947 0.724151
      vertex 5.15701 0 0.724135
    endloop
  endfacet
  facet normal 0.0521881 -0.998637 0
    outer loop
      vertex 5.16097 0.000206947 0.724151
      vertex 5.15701 0 0.484527
      vertex 5.16097 0.000206947 0.484527
    endloop
  endfacet
  facet normal 0.00760691 -0.145071 -0.989392
    outer loop
      vertex 5.15227 0.166086 1.87646
      vertex 5.14447 0.165677 1.87646
      vertex 5.14277 0.198256 1.87167
    endloop
  endfacet
  facet normal 0.00760691 -0.145071 -0.989392
    outer loop
      vertex 5.15057 0.198665 1.87167
      vertex 5.15227 0.166086 1.87646
      vertex 5.14277 0.198256 1.87167
    endloop
  endfacet
  facet normal 0.0118189 -0.225398 -0.974195
    outer loop
      vertex 5.14277 0.198256 1.87167
      vertex 5.14896 0.229354 1.86455
      vertex 5.15057 0.198665 1.87167
    endloop
  endfacet
  facet normal 0.0118189 -0.225398 -0.974195
    outer loop
      vertex 5.14896 0.229354 1.86455
      vertex 5.14277 0.198256 1.87167
      vertex 5.14116 0.228945 1.86455
    endloop
  endfacet
  facet normal 0.0162741 -0.310363 -0.950479
    outer loop
      vertex 5.14896 0.229354 1.86455
      vertex 5.14116 0.228945 1.86455
      vertex 5.13965 0.257745 1.85512
    endloop
  endfacet
  facet normal 0.016235 -0.310374 -0.950476
    outer loop
      vertex 5.14745 0.258153 1.85512
      vertex 5.14896 0.229354 1.86455
      vertex 5.13965 0.257745 1.85512
    endloop
  endfacet
  facet normal 0.020919 -0.399921 -0.916311
    outer loop
      vertex 5.14745 0.258153 1.85512
      vertex 5.13965 0.257745 1.85512
      vertex 5.13824 0.284639 1.84335
    endloop
  endfacet
  facet normal 0.0209694 -0.399906 -0.916316
    outer loop
      vertex 5.14604 0.285048 1.84335
      vertex 5.14745 0.258153 1.85512
      vertex 5.13824 0.284639 1.84335
    endloop
  endfacet
  facet normal 0.0256532 -0.48923 -0.871778
    outer loop
      vertex 5.13824 0.284639 1.84335
      vertex 5.14473 0.310069 1.82927
      vertex 5.14604 0.285048 1.84335
    endloop
  endfacet
  facet normal 0.0256532 -0.48923 -0.871778
    outer loop
      vertex 5.14473 0.310069 1.82927
      vertex 5.13824 0.284639 1.84335
      vertex 5.13693 0.30966 1.82927
    endloop
  endfacet
  facet normal 0.030283 -0.577523 -0.815812
    outer loop
      vertex 5.14473 0.310069 1.82927
      vertex 5.13693 0.30966 1.82927
      vertex 5.13571 0.332791 1.81285
    endloop
  endfacet
  facet normal 0.0302447 -0.577534 -0.815806
    outer loop
      vertex 5.14352 0.3332 1.81285
      vertex 5.14473 0.310069 1.82927
      vertex 5.13571 0.332791 1.81285
    endloop
  endfacet
  facet normal 0.0345713 -0.660151 -0.750337
    outer loop
      vertex 5.14352 0.3332 1.81285
      vertex 5.13571 0.332791 1.81285
      vertex 5.1346 0.354033 1.79411
    endloop
  endfacet
  facet normal 0.034615 -0.66014 -0.750345
    outer loop
      vertex 5.1424 0.354442 1.79411
      vertex 5.14352 0.3332 1.81285
      vertex 5.1346 0.354033 1.79411
    endloop
  endfacet
  facet normal 0.0385113 -0.734446 -0.677573
    outer loop
      vertex 5.14139 0.373809 1.77306
      vertex 5.1346 0.354033 1.79411
      vertex 5.13359 0.3734 1.77306
    endloop
  endfacet
  facet normal 0.0385113 -0.734446 -0.677573
    outer loop
      vertex 5.1346 0.354033 1.79411
      vertex 5.14139 0.373809 1.77306
      vertex 5.1424 0.354442 1.79411
    endloop
  endfacet
  facet normal 0.0419169 -0.799393 -0.599345
    outer loop
      vertex 5.14048 0.391073 1.74997
      vertex 5.13359 0.3734 1.77306
      vertex 5.13268 0.390664 1.74997
    endloop
  endfacet
  facet normal 0.0419169 -0.799393 -0.599345
    outer loop
      vertex 5.13359 0.3734 1.77306
      vertex 5.14048 0.391073 1.74997
      vertex 5.14139 0.373809 1.77306
    endloop
  endfacet
  facet normal 0.0448183 -0.854726 -0.51714
    outer loop
      vertex 5.1397 0.406037 1.72517
      vertex 5.13268 0.390664 1.74997
      vertex 5.1319 0.405628 1.72517
    endloop
  endfacet
  facet normal 0.0448183 -0.854726 -0.51714
    outer loop
      vertex 5.13268 0.390664 1.74997
      vertex 5.1397 0.406037 1.72517
      vertex 5.14048 0.391073 1.74997
    endloop
  endfacet
  facet normal 0.0472412 -0.900933 -0.431379
    outer loop
      vertex 5.1397 0.406037 1.72517
      vertex 5.1319 0.405628 1.72517
      vertex 5.13123 0.418291 1.69865
    endloop
  endfacet
  facet normal 0.0470669 -0.900962 -0.431337
    outer loop
      vertex 5.13904 0.418699 1.69865
      vertex 5.1397 0.406037 1.72517
      vertex 5.13123 0.418291 1.69865
    endloop
  endfacet
  facet normal 0.0489688 -0.937368 -0.344881
    outer loop
      vertex 5.13904 0.418699 1.69865
      vertex 5.13123 0.418291 1.69865
      vertex 5.13069 0.428653 1.67041
    endloop
  endfacet
  facet normal 0.0490311 -0.937359 -0.344897
    outer loop
      vertex 5.13849 0.429061 1.67041
      vertex 5.13904 0.418699 1.69865
      vertex 5.13069 0.428653 1.67041
    endloop
  endfacet
  facet normal 0.050437 -0.964237 -0.260198
    outer loop
      vertex 5.13849 0.429061 1.67041
      vertex 5.13069 0.428653 1.67041
      vertex 5.13027 0.436713 1.64046
    endloop
  endfacet
  facet normal 0.0505599 -0.964222 -0.260228
    outer loop
      vertex 5.13807 0.437122 1.64046
      vertex 5.13849 0.429061 1.67041
      vertex 5.13027 0.436713 1.64046
    endloop
  endfacet
  facet normal 0.0515181 -0.982497 -0.179011
    outer loop
      vertex 5.13807 0.437122 1.64046
      vertex 5.13027 0.436713 1.64046
      vertex 5.12997 0.442473 1.60876
    endloop
  endfacet
  facet normal 0.0516435 -0.982485 -0.179041
    outer loop
      vertex 5.13777 0.442883 1.60876
      vertex 5.13807 0.437122 1.64046
      vertex 5.12997 0.442473 1.60876
    endloop
  endfacet
  facet normal 0.0522116 -0.993295 -0.10315
    outer loop
      vertex 5.13759 0.446342 1.57536
      vertex 5.12997 0.442473 1.60876
      vertex 5.12979 0.445932 1.57536
    endloop
  endfacet
  facet normal 0.0522116 -0.993295 -0.10315
    outer loop
      vertex 5.12997 0.442473 1.60876
      vertex 5.13759 0.446342 1.57536
      vertex 5.13777 0.442883 1.60876
    endloop
  endfacet
  facet normal 0.0524638 -0.998091 -0.0325823
    outer loop
      vertex 5.13759 0.446342 1.57536
      vertex 5.12979 0.445932 1.57536
      vertex 5.12973 0.447075 1.54025
    endloop
  endfacet
  facet normal 0.0523362 -0.998099 -0.0325539
    outer loop
      vertex 5.13753 0.447484 1.54025
      vertex 5.13759 0.446342 1.57536
      vertex 5.12973 0.447075 1.54025
    endloop
  endfacet
  facet normal 0.0523369 -0.998111 0.0321649
    outer loop
      vertex 5.12979 0.445841 1.50186
      vertex 5.13753 0.447484 1.54025
      vertex 5.12973 0.447075 1.54025
    endloop
  endfacet
  facet normal 0.0523369 -0.998111 0.0321649
    outer loop
      vertex 5.13759 0.44625 1.50186
      vertex 5.13753 0.447484 1.54025
      vertex 5.12979 0.445841 1.50186
    endloop
  endfacet
  facet normal 0.0520876 -0.993358 0.102595
    outer loop
      vertex 5.12998 0.442138 1.46591
      vertex 5.13759 0.44625 1.50186
      vertex 5.12979 0.445841 1.50186
    endloop
  endfacet
  facet normal 0.0520211 -0.99336 0.10261
    outer loop
      vertex 5.13779 0.442547 1.46591
      vertex 5.13759 0.44625 1.50186
      vertex 5.12998 0.442138 1.46591
    endloop
  endfacet
  facet normal 0.0514255 -0.981988 0.181812
    outer loop
      vertex 5.13031 0.435951 1.4324
      vertex 5.13779 0.442547 1.46591
      vertex 5.12998 0.442138 1.46591
    endloop
  endfacet
  facet normal 0.0514914 -0.981987 0.181797
    outer loop
      vertex 5.13779 0.442547 1.46591
      vertex 5.13031 0.435951 1.4324
      vertex 5.13811 0.43636 1.4324
    endloop
  endfacet
  facet normal 0.05044 -0.961937 0.268575
    outer loop
      vertex 5.13076 0.427297 1.40132
      vertex 5.13811 0.43636 1.4324
      vertex 5.13031 0.435951 1.4324
    endloop
  endfacet
  facet normal 0.0503166 -0.961936 0.268603
    outer loop
      vertex 5.13856 0.427705 1.40132
      vertex 5.13811 0.43636 1.4324
      vertex 5.13076 0.427297 1.40132
    endloop
  endfacet
  facet normal 0.0486815 -0.930675 0.362594
    outer loop
      vertex 5.13134 0.416173 1.37269
      vertex 5.13856 0.427705 1.40132
      vertex 5.13076 0.427297 1.40132
    endloop
  endfacet
  facet normal 0.048619 -0.930672 0.362609
    outer loop
      vertex 5.13915 0.416581 1.37269
      vertex 5.13856 0.427705 1.40132
      vertex 5.13134 0.416173 1.37269
    endloop
  endfacet
  facet normal 0.0462906 -0.886102 0.461173
    outer loop
      vertex 5.13206 0.40258 1.3465
      vertex 5.13915 0.416581 1.37269
      vertex 5.13134 0.416173 1.37269
    endloop
  endfacet
  facet normal 0.0464642 -0.886114 0.461132
    outer loop
      vertex 5.13986 0.402989 1.3465
      vertex 5.13915 0.416581 1.37269
      vertex 5.13206 0.40258 1.3465
    endloop
  endfacet
  facet normal 0.043351 -0.826743 0.560907
    outer loop
      vertex 5.1329 0.386504 1.32274
      vertex 5.13986 0.402989 1.3465
      vertex 5.13206 0.40258 1.3465
    endloop
  endfacet
  facet normal 0.043351 -0.826743 0.560907
    outer loop
      vertex 5.13986 0.402989 1.3465
      vertex 5.1329 0.386504 1.32274
      vertex 5.1407 0.386913 1.32274
    endloop
  endfacet
  facet normal 0.0394944 -0.753194 0.656612
    outer loop
      vertex 5.13387 0.36796 1.30141
      vertex 5.1407 0.386913 1.32274
      vertex 5.1329 0.386504 1.32274
    endloop
  endfacet
  facet normal 0.0394944 -0.753194 0.656612
    outer loop
      vertex 5.1407 0.386913 1.32274
      vertex 5.13387 0.36796 1.30141
      vertex 5.14167 0.368369 1.30141
    endloop
  endfacet
  facet normal 0.03522 -0.672538 0.739224
    outer loop
      vertex 5.14167 0.368369 1.30141
      vertex 5.13495 0.347298 1.28256
      vertex 5.14276 0.347707 1.28256
    endloop
  endfacet
  facet normal 0.0352655 -0.672545 0.739215
    outer loop
      vertex 5.13495 0.347298 1.28256
      vertex 5.14167 0.368369 1.30141
      vertex 5.13387 0.36796 1.30141
    endloop
  endfacet
  facet normal 0.0308391 -0.586696 0.80922
    outer loop
      vertex 5.14276 0.347707 1.28256
      vertex 5.13613 0.324821 1.26622
      vertex 5.14393 0.325231 1.26622
    endloop
  endfacet
  facet normal 0.0307235 -0.586676 0.809239
    outer loop
      vertex 5.13613 0.324821 1.26622
      vertex 5.14276 0.347707 1.28256
      vertex 5.13495 0.347298 1.28256
    endloop
  endfacet
  facet normal 0.0258739 -0.494071 0.869037
    outer loop
      vertex 5.14393 0.325231 1.26622
      vertex 5.1374 0.300563 1.25239
      vertex 5.14521 0.300972 1.25239
    endloop
  endfacet
  facet normal 0.0259713 -0.494089 0.869023
    outer loop
      vertex 5.1374 0.300563 1.25239
      vertex 5.14393 0.325231 1.26622
      vertex 5.13613 0.324821 1.26622
    endloop
  endfacet
  facet normal 0.0207937 -0.397062 0.917556
    outer loop
      vertex 5.13877 0.274522 1.24109
      vertex 5.14521 0.300972 1.25239
      vertex 5.1374 0.300563 1.25239
    endloop
  endfacet
  facet normal 0.0207692 -0.397057 0.917559
    outer loop
      vertex 5.14657 0.27493 1.24109
      vertex 5.14521 0.300972 1.25239
      vertex 5.13877 0.274522 1.24109
    endloop
  endfacet
  facet normal 0.0157403 -0.300917 0.95352
    outer loop
      vertex 5.14657 0.27493 1.24109
      vertex 5.14023 0.246682 1.23228
      vertex 5.14803 0.24709 1.23228
    endloop
  endfacet
  facet normal 0.0157403 -0.300917 0.95352
    outer loop
      vertex 5.14023 0.246682 1.23228
      vertex 5.14657 0.27493 1.24109
      vertex 5.13877 0.274522 1.24109
    endloop
  endfacet
  facet normal 0.0108138 -0.206734 0.978337
    outer loop
      vertex 5.14178 0.217044 1.226
      vertex 5.14803 0.24709 1.23228
      vertex 5.14023 0.246682 1.23228
    endloop
  endfacet
  facet normal 0.0108406 -0.20674 0.978336
    outer loop
      vertex 5.14958 0.217453 1.226
      vertex 5.14803 0.24709 1.23228
      vertex 5.14178 0.217044 1.226
    endloop
  endfacet
  facet normal 0.00622668 -0.118748 0.992905
    outer loop
      vertex 5.14958 0.217453 1.226
      vertex 5.14343 0.185608 1.22223
      vertex 5.15123 0.186017 1.22223
    endloop
  endfacet
  facet normal 0.00622668 -0.118748 0.992905
    outer loop
      vertex 5.14343 0.185608 1.22223
      vertex 5.14958 0.217453 1.226
      vertex 5.14178 0.217044 1.226
    endloop
  endfacet
  facet normal 0.00196638 -0.0375007 0.999295
    outer loop
      vertex 5.15123 0.186017 1.22223
      vertex 5.14517 0.15239 1.22098
      vertex 5.15297 0.152799 1.22098
    endloop
  endfacet
  facet normal 0.00196638 -0.0375007 0.999295
    outer loop
      vertex 5.14517 0.15239 1.22098
      vertex 5.15123 0.186017 1.22223
      vertex 5.14343 0.185608 1.22223
    endloop
  endfacet
  facet normal -0.00240294 0.0458263 0.998947
    outer loop
      vertex 5.14692 0.118912 1.22252
      vertex 5.15297 0.152799 1.22098
      vertex 5.14517 0.15239 1.22098
    endloop
  endfacet
  facet normal -0.00239984 0.0458257 0.998947
    outer loop
      vertex 5.15473 0.119321 1.22252
      vertex 5.15297 0.152799 1.22098
      vertex 5.14692 0.118912 1.22252
    endloop
  endfacet
  facet normal -0.00755104 0.14419 0.989521
    outer loop
      vertex 5.14858 0.0872936 1.22714
      vertex 5.15473 0.119321 1.22252
      vertex 5.14692 0.118912 1.22252
    endloop
  endfacet
  facet normal -0.00756456 0.144192 0.989521
    outer loop
      vertex 5.15638 0.0877028 1.22714
      vertex 5.15473 0.119321 1.22252
      vertex 5.14858 0.0872936 1.22714
    endloop
  endfacet
  facet normal -0.0130967 0.249643 0.968249
    outer loop
      vertex 5.15014 0.0575495 1.23483
      vertex 5.15638 0.0877028 1.22714
      vertex 5.14858 0.0872936 1.22714
    endloop
  endfacet
  facet normal -0.0130611 0.249636 0.968252
    outer loop
      vertex 5.15794 0.0579576 1.23483
      vertex 5.15638 0.0877028 1.22714
      vertex 5.15014 0.0575495 1.23483
    endloop
  endfacet
  facet normal -0.0188325 0.359945 0.932784
    outer loop
      vertex 5.1516 0.029664 1.24562
      vertex 5.15794 0.0579576 1.23483
      vertex 5.15014 0.0575495 1.23483
    endloop
  endfacet
  facet normal -0.0188838 0.359954 0.932779
    outer loop
      vertex 5.1594 0.0300732 1.24562
      vertex 5.15794 0.0579576 1.23483
      vertex 5.1516 0.029664 1.24562
    endloop
  endfacet
  facet normal -0.0245602 0.468836 0.882944
    outer loop
      vertex 5.1594 0.0300732 1.24562
      vertex 5.15296 0.00365257 1.25947
      vertex 5.16077 0.0040617 1.25947
    endloop
  endfacet
  facet normal -0.0245962 0.468842 0.882939
    outer loop
      vertex 5.15296 0.00365257 1.25947
      vertex 5.1594 0.0300732 1.24562
      vertex 5.1516 0.029664 1.24562
    endloop
  endfacet
  facet normal -0.0300152 0.572969 0.819027
    outer loop
      vertex 5.15296 0.00365257 1.25947
      vertex 5.15382 0.000166892 1.26194
      vertex 5.16077 0.0040617 1.25947
    endloop
  endfacet
  facet normal -1 0 0
    outer loop
      vertex 5.15316 0.000160148 1.26192
      vertex 5.15316 9.45156e-05 1.26197
      vertex 5.15316 0.000126986 1.26195
    endloop
  endfacet
  facet normal 1 0 0
    outer loop
      vertex 5.15316 9.45156e-05 1.26197
      vertex 5.15316 2.50826e-05 1.26202
      vertex 5.15316 6.11579e-05 1.26199
    endloop
  endfacet
  facet normal -1 0 0
    outer loop
      vertex 5.15316 9.45156e-05 1.26197
      vertex 5.15316 -1.13659e-07 1.26203
      vertex 5.15316 2.50826e-05 1.26202
    endloop
  endfacet
  facet normal -0.7176 0.372942 0.588188
    outer loop
      vertex 5.15316 9.45156e-05 1.26197
      vertex 5.15296 0.00365257 1.25947
      vertex 5.15316 -1.13659e-07 1.26203
    endloop
  endfacet
  facet normal 0.642111 0.464567 0.609812
    outer loop
      vertex 5.15316 0.000160148 1.26192
      vertex 5.15296 0.00365257 1.25947
      vertex 5.15316 9.45156e-05 1.26197
    endloop
  endfacet
  facet normal -0.327346 0.530021 0.782255
    outer loop
      vertex 5.15317 0.000195842 1.2619
      vertex 5.15296 0.00365257 1.25947
      vertex 5.15316 0.000160148 1.26192
    endloop
  endfacet
  facet normal 0.993896 0.0971388 0.0522898
    outer loop
      vertex 5.15317 0.000201225 1.26189
      vertex 5.15296 0.00365257 1.25947
      vertex 5.15317 0.000195842 1.2619
    endloop
  endfacet
  facet normal -0.0327838 0.572462 0.819276
    outer loop
      vertex 5.15382 0.000166892 1.26194
      vertex 5.15296 0.00365257 1.25947
      vertex 5.15317 0.000201225 1.26189
    endloop
  endfacet
  facet normal -0.0299876 0.573823 0.81843
    outer loop
      vertex 5.16077 0.0040617 1.25947
      vertex 5.15701 0 1.26218
      vertex 5.16097 0.000206947 1.26218
    endloop
  endfacet
  facet normal -0.031455 0.574723 0.817743
    outer loop
      vertex 5.15701 0 1.26218
      vertex 5.16077 0.0040617 1.25947
      vertex 5.15382 0.000166892 1.26194
    endloop
  endfacet
  facet normal 0.0522355 -0.998635 0
    outer loop
      vertex 5.15317 -0.000201225 1.03113
      vertex 5.15375 -0.000170887 1.03126
      vertex 5.15317 -0.000201225 1.03129
    endloop
  endfacet
  facet normal 0.0523305 -0.99863 -0.000425258
    outer loop
      vertex 5.15375 -0.000170887 1.03126
      vertex 5.15317 -0.000201225 1.03113
      vertex 5.15701 0 1.03113
    endloop
  endfacet
  facet normal 0.0521881 -0.998637 0
    outer loop
      vertex 5.15701 0 1.03113
      vertex 5.16097 0.000206947 1.26218
      vertex 5.15701 0 1.26218
    endloop
  endfacet
  facet normal 0.0521881 -0.998637 0
    outer loop
      vertex 5.16097 0.000206947 1.26218
      vertex 5.15701 0 1.03113
      vertex 5.16097 0.000206947 1.03113
    endloop
  endfacet
  facet normal 0.0193311 -0.369906 -0.928868
    outer loop
      vertex 5.15701 0 1.03113
      vertex 5.15171 0.0275459 1.02005
      vertex 5.16097 0.000206947 1.03113
    endloop
  endfacet
  facet normal 0.0193835 -0.369897 -0.92887
    outer loop
      vertex 5.15171 0.0275459 1.02005
      vertex 5.15701 0 1.03113
      vertex 5.15317 -0.000201225 1.03113
    endloop
  endfacet
  facet normal 0.0194047 -0.369884 -0.928875
    outer loop
      vertex 5.15951 0.0279551 1.02005
      vertex 5.16097 0.000206947 1.03113
      vertex 5.15171 0.0275459 1.02005
    endloop
  endfacet
  facet normal 0.0147022 -0.280246 -0.959815
    outer loop
      vertex 5.15171 0.0275459 1.02005
      vertex 5.15773 0.0620422 1.01007
      vertex 5.15951 0.0279551 1.02005
    endloop
  endfacet
  facet normal 0.0146985 -0.280246 -0.959816
    outer loop
      vertex 5.15773 0.0620422 1.01007
      vertex 5.15171 0.0275459 1.02005
      vertex 5.14993 0.0616331 1.01007
    endloop
  endfacet
  facet normal 0.0101742 -0.193984 -0.980952
    outer loop
      vertex 5.14993 0.0616331 1.01007
      vertex 5.15584 0.0980492 1.00293
      vertex 5.15773 0.0620422 1.01007
    endloop
  endfacet
  facet normal 0.0101767 -0.193984 -0.980952
    outer loop
      vertex 5.15584 0.0980492 1.00293
      vertex 5.14993 0.0616331 1.01007
      vertex 5.14804 0.09764 1.00293
    endloop
  endfacet
  facet normal 0.00586326 -0.111763 -0.993718
    outer loop
      vertex 5.15584 0.0980492 1.00293
      vertex 5.14804 0.09764 1.00293
      vertex 5.14605 0.135537 0.998656
    endloop
  endfacet
  facet normal 0.00584629 -0.111767 -0.993717
    outer loop
      vertex 5.15385 0.135945 0.998656
      vertex 5.15584 0.0980492 1.00293
      vertex 5.14605 0.135537 0.998656
    endloop
  endfacet
  facet normal 0.00187755 -0.0358943 -0.999354
    outer loop
      vertex 5.15385 0.135945 0.998656
      vertex 5.14605 0.135537 0.998656
      vertex 5.14397 0.175353 0.997222
    endloop
  endfacet
  facet normal 0.00188209 -0.0358932 -0.999354
    outer loop
      vertex 5.15177 0.175762 0.997222
      vertex 5.15385 0.135945 0.998656
      vertex 5.14397 0.175353 0.997222
    endloop
  endfacet
  facet normal -0.00225265 0.0429601 -0.999074
    outer loop
      vertex 5.14397 0.175353 0.997222
      vertex 5.14906 0.227434 0.99945
      vertex 5.15177 0.175762 0.997222
    endloop
  endfacet
  facet normal -0.00225265 0.0429601 -0.999074
    outer loop
      vertex 5.14906 0.227434 0.99945
      vertex 5.14397 0.175353 0.997222
      vertex 5.14126 0.227025 0.99945
    endloop
  endfacet
  facet normal -0.00706844 0.134802 -0.990847
    outer loop
      vertex 5.14906 0.227434 0.99945
      vertex 5.14126 0.227025 0.99945
      vertex 5.1387 0.275771 1.0061
    endloop
  endfacet
  facet normal -0.00705135 0.134805 -0.990847
    outer loop
      vertex 5.1465 0.276179 1.0061
      vertex 5.14906 0.227434 0.99945
      vertex 5.1387 0.275771 1.0061
    endloop
  endfacet
  facet normal -0.0122932 0.235017 -0.971914
    outer loop
      vertex 5.1465 0.276179 1.0061
      vertex 5.1387 0.275771 1.0061
      vertex 5.1363 0.321591 1.01721
    endloop
  endfacet
  facet normal -0.0123528 0.235004 -0.971916
    outer loop
      vertex 5.1441 0.322001 1.01721
      vertex 5.1465 0.276179 1.0061
      vertex 5.1363 0.321591 1.01721
    endloop
  endfacet
  facet normal -0.017868 0.339927 -0.940282
    outer loop
      vertex 5.1441 0.322001 1.01721
      vertex 5.1363 0.321591 1.01721
      vertex 5.13405 0.364486 1.03276
    endloop
  endfacet
  facet normal -0.0178023 0.339941 -0.940278
    outer loop
      vertex 5.14186 0.364895 1.03276
      vertex 5.1441 0.322001 1.01721
      vertex 5.13405 0.364486 1.03276
    endloop
  endfacet
  facet normal -0.0233419 0.445721 -0.894867
    outer loop
      vertex 5.14186 0.364895 1.03276
      vertex 5.13405 0.364486 1.03276
      vertex 5.13196 0.40447 1.05273
    endloop
  endfacet
  facet normal -0.0233715 0.445715 -0.89487
    outer loop
      vertex 5.13976 0.404879 1.05273
      vertex 5.14186 0.364895 1.03276
      vertex 5.13196 0.40447 1.05273
    endloop
  endfacet
  facet normal -0.0288017 0.549274 -0.835146
    outer loop
      vertex 5.13976 0.404879 1.05273
      vertex 5.13196 0.40447 1.05273
      vertex 5.13002 0.441513 1.07716
    endloop
  endfacet
  facet normal -0.0288017 0.549274 -0.835146
    outer loop
      vertex 5.13782 0.441922 1.07716
      vertex 5.13976 0.404879 1.05273
      vertex 5.13002 0.441513 1.07716
    endloop
  endfacet
  facet normal -0.033789 0.644386 -0.763953
    outer loop
      vertex 5.13782 0.441922 1.07716
      vertex 5.13002 0.441513 1.07716
      vertex 5.12823 0.475646 1.10603
    endloop
  endfacet
  facet normal -0.033789 0.644386 -0.763953
    outer loop
      vertex 5.13603 0.476055 1.10603
      vertex 5.13782 0.441922 1.07716
      vertex 5.12823 0.475646 1.10603
    endloop
  endfacet
  facet normal -0.0381835 0.728195 -0.684306
    outer loop
      vertex 5.13603 0.476055 1.10603
      vertex 5.12823 0.475646 1.10603
      vertex 5.12659 0.506853 1.13933
    endloop
  endfacet
  facet normal -0.0381835 0.728195 -0.684306
    outer loop
      vertex 5.13439 0.507262 1.13933
      vertex 5.13603 0.476055 1.10603
      vertex 5.12659 0.506853 1.13933
    endloop
  endfacet
  facet normal -0.0419352 0.799743 -0.598876
    outer loop
      vertex 5.12659 0.506853 1.13933
      vertex 5.13293 0.535132 1.17665
      vertex 5.13439 0.507262 1.13933
    endloop
  endfacet
  facet normal -0.0419352 0.799743 -0.598876
    outer loop
      vertex 5.13293 0.535132 1.17665
      vertex 5.12659 0.506853 1.13933
      vertex 5.12513 0.534723 1.17665
    endloop
  endfacet
  facet normal -0.0450413 0.859484 -0.509174
    outer loop
      vertex 5.13293 0.535132 1.17665
      vertex 5.12877 0.539055 1.18364
      vertex 5.13272 0.539262 1.18364
    endloop
  endfacet
  facet normal -0.0464753 0.859047 -0.509782
    outer loop
      vertex 5.12877 0.539055 1.18364
      vertex 5.13293 0.535132 1.17665
      vertex 5.1286 0.539028 1.18361
    endloop
  endfacet
  facet normal -0.0449264 0.856627 -0.513976
    outer loop
      vertex 5.1286 0.539028 1.18361
      vertex 5.12492 0.538853 1.18364
      vertex 5.1286 0.539046 1.18364
    endloop
  endfacet
  facet normal -0.0450683 0.859493 -0.509157
    outer loop
      vertex 5.12513 0.534723 1.17665
      vertex 5.1286 0.539028 1.18361
      vertex 5.13293 0.535132 1.17665
    endloop
  endfacet
  facet normal -0.0450231 0.859485 -0.509174
    outer loop
      vertex 5.1286 0.539028 1.18361
      vertex 5.12513 0.534723 1.17665
      vertex 5.12492 0.538853 1.18364
    endloop
  endfacet
  facet normal -0.0523737 0.998628 0
    outer loop
      vertex 5.12492 0.538853 1.18429
      vertex 5.1286 0.539046 1.18364
      vertex 5.12492 0.538853 1.18364
    endloop
  endfacet
  facet normal -0.0522722 0.998633 -0.000419202
    outer loop
      vertex 5.12504 0.538859 1.87773
      vertex 5.12492 0.538853 1.8784
      vertex 5.12876 0.539054 1.8784
    endloop
  endfacet
  facet normal -0.0499376 0.998752 0
    outer loop
      vertex 5.12492 0.538853 1.8784
      vertex 5.12504 0.538859 1.87773
      vertex 5.12492 0.538853 1.8777
    endloop
  endfacet
  facet normal -0.0523333 0.99863 0
    outer loop
      vertex 5.13272 0.539262 1.18364
      vertex 5.12877 0.539055 1.8784
      vertex 5.13272 0.539262 1.8784
    endloop
  endfacet
  facet normal -0.0523333 0.99863 0
    outer loop
      vertex 5.12877 0.539055 1.8784
      vertex 5.13272 0.539262 1.18364
      vertex 5.12877 0.539055 1.18364
    endloop
  endfacet
  facet normal -0.0453947 0.865718 0.498469
    outer loop
      vertex 5.13286 0.536534 1.88315
      vertex 5.12876 0.539054 1.8784
      vertex 5.12506 0.536125 1.88315
    endloop
  endfacet
  facet normal -0.0453666 0.865692 0.498518
    outer loop
      vertex 5.12877 0.539055 1.8784
      vertex 5.13286 0.536534 1.88315
      vertex 5.13272 0.539262 1.8784
    endloop
  endfacet
  facet normal -0.0848038 0.848038 0.523106
    outer loop
      vertex 5.13286 0.536534 1.88315
      vertex 5.12877 0.539055 1.8784
      vertex 5.12876 0.539054 1.8784
    endloop
  endfacet
  facet normal -0.0453137 0.865694 0.498518
    outer loop
      vertex 5.12876 0.539054 1.8784
      vertex 5.12492 0.538853 1.8784
      vertex 5.12506 0.536125 1.88315
    endloop
  endfacet
  facet normal -0.0426721 0.813796 0.579582
    outer loop
      vertex 5.1265 0.508667 1.92181
      vertex 5.13286 0.536534 1.88315
      vertex 5.12506 0.536125 1.88315
    endloop
  endfacet
  facet normal -0.0425675 0.813791 0.579596
    outer loop
      vertex 5.1343 0.509075 1.92181
      vertex 5.13286 0.536534 1.88315
      vertex 5.1265 0.508667 1.92181
    endloop
  endfacet
  facet normal -0.0394243 0.753699 0.656036
    outer loop
      vertex 5.12811 0.477947 1.9572
      vertex 5.1343 0.509075 1.92181
      vertex 5.1265 0.508667 1.92181
    endloop
  endfacet
  facet normal -0.0395212 0.753705 0.656024
    outer loop
      vertex 5.13591 0.478356 1.9572
      vertex 5.1343 0.509075 1.92181
      vertex 5.12811 0.477947 1.9572
    endloop
  endfacet
  facet normal -0.0357756 0.682274 0.730221
    outer loop
      vertex 5.12987 0.444347 1.98868
      vertex 5.13591 0.478356 1.9572
      vertex 5.12811 0.477947 1.9572
    endloop
  endfacet
  facet normal -0.0358634 0.68228 0.730211
    outer loop
      vertex 5.13767 0.444757 1.98868
      vertex 5.13591 0.478356 1.9572
      vertex 5.12987 0.444347 1.98868
    endloop
  endfacet
  facet normal -0.0316245 0.601637 0.798144
    outer loop
      vertex 5.13178 0.407899 2.01623
      vertex 5.13767 0.444757 1.98868
      vertex 5.12987 0.444347 1.98868
    endloop
  endfacet
  facet normal -0.0314696 0.601624 0.798159
    outer loop
      vertex 5.13958 0.408307 2.01623
      vertex 5.13767 0.444757 1.98868
      vertex 5.13178 0.407899 2.01623
    endloop
  endfacet
  facet normal -0.0269001 0.514267 0.857208
    outer loop
      vertex 5.13384 0.368569 2.03989
      vertex 5.13958 0.408307 2.01623
      vertex 5.13178 0.407899 2.01623
    endloop
  endfacet
  facet normal -0.0270326 0.514279 0.857197
    outer loop
      vertex 5.14164 0.368979 2.03989
      vertex 5.13958 0.408307 2.01623
      vertex 5.13384 0.368569 2.03989
    endloop
  endfacet
  facet normal -0.0222099 0.42253 0.906077
    outer loop
      vertex 5.13605 0.326376 2.05962
      vertex 5.14164 0.368979 2.03989
      vertex 5.13384 0.368569 2.03989
    endloop
  endfacet
  facet normal -0.0221555 0.422525 0.906081
    outer loop
      vertex 5.14385 0.326785 2.05962
      vertex 5.14164 0.368979 2.03989
      vertex 5.13605 0.326376 2.05962
    endloop
  endfacet
  facet normal -0.0173259 0.33042 0.943675
    outer loop
      vertex 5.13841 0.281318 2.07544
      vertex 5.14385 0.326785 2.05962
      vertex 5.13605 0.326376 2.05962
    endloop
  endfacet
  facet normal -0.0172833 0.330415 0.943677
    outer loop
      vertex 5.14621 0.281726 2.07544
      vertex 5.14385 0.326785 2.05962
      vertex 5.13841 0.281318 2.07544
    endloop
  endfacet
  facet normal -0.0125762 0.240736 0.970509
    outer loop
      vertex 5.14621 0.281726 2.07544
      vertex 5.14092 0.233395 2.08736
      vertex 5.14873 0.233803 2.08736
    endloop
  endfacet
  facet normal -0.0125924 0.240737 0.970509
    outer loop
      vertex 5.14092 0.233395 2.08736
      vertex 5.14621 0.281726 2.07544
      vertex 5.13841 0.281318 2.07544
    endloop
  endfacet
  facet normal -0.0081165 0.155367 0.987823
    outer loop
      vertex 5.14359 0.182607 2.09537
      vertex 5.14873 0.233803 2.08736
      vertex 5.14092 0.233395 2.08736
    endloop
  endfacet
  facet normal -0.00814698 0.15537 0.987823
    outer loop
      vertex 5.15139 0.183016 2.09537
      vertex 5.14873 0.233803 2.08736
      vertex 5.14359 0.182607 2.09537
    endloop
  endfacet
  facet normal 0.0522076 -0.995647 0.0772109
    outer loop
      vertex 5.14447 0.165677 1.87646
      vertex 5.15139 0.183016 2.09537
      vertex 5.14359 0.182607 2.09537
    endloop
  endfacet
  facet normal 0.0522076 -0.995647 0.0772109
    outer loop
      vertex 5.15227 0.166086 1.87646
      vertex 5.15139 0.183016 2.09537
      vertex 5.14447 0.165677 1.87646
    endloop
  endfacet
  facet normal 0.00791929 -0.151028 -0.988498
    outer loop
      vertex 5.14479 0.159643 3.20723
      vertex 5.15085 0.19321 3.20215
      vertex 5.15259 0.160052 3.20723
    endloop
  endfacet
  facet normal 0.00791929 -0.151028 -0.988498
    outer loop
      vertex 5.15085 0.19321 3.20215
      vertex 5.14479 0.159643 3.20723
      vertex 5.14305 0.192801 3.20215
    endloop
  endfacet
  facet normal 0.0120747 -0.230275 -0.973051
    outer loop
      vertex 5.14305 0.192801 3.20215
      vertex 5.14921 0.224478 3.19473
      vertex 5.15085 0.19321 3.20215
    endloop
  endfacet
  facet normal 0.0120747 -0.230275 -0.973051
    outer loop
      vertex 5.14921 0.224478 3.19473
      vertex 5.14305 0.192801 3.20215
      vertex 5.14141 0.224069 3.19473
    endloop
  endfacet
  facet normal 0.0164585 -0.313879 -0.94932
    outer loop
      vertex 5.14141 0.224069 3.19473
      vertex 5.14768 0.253826 3.185
      vertex 5.14921 0.224478 3.19473
    endloop
  endfacet
  facet normal 0.0164372 -0.313875 -0.949322
    outer loop
      vertex 5.14768 0.253826 3.185
      vertex 5.14141 0.224069 3.19473
      vertex 5.13987 0.253417 3.185
    endloop
  endfacet
  facet normal 0.0210306 -0.401587 -0.915579
    outer loop
      vertex 5.13987 0.253417 3.185
      vertex 5.14624 0.281269 3.17293
      vertex 5.14768 0.253826 3.185
    endloop
  endfacet
  facet normal 0.0210578 -0.401592 -0.915576
    outer loop
      vertex 5.14624 0.281269 3.17293
      vertex 5.13987 0.253417 3.185
      vertex 5.13844 0.28086 3.17293
    endloop
  endfacet
  facet normal 0.0256782 -0.489706 -0.871509
    outer loop
      vertex 5.14624 0.281269 3.17293
      vertex 5.13844 0.28086 3.17293
      vertex 5.1371 0.306399 3.15854
    endloop
  endfacet
  facet normal 0.0256782 -0.489706 -0.871509
    outer loop
      vertex 5.1449 0.306808 3.15854
      vertex 5.14624 0.281269 3.17293
      vertex 5.1371 0.306399 3.15854
    endloop
  endfacet
  facet normal 0.0302025 -0.575989 -0.816899
    outer loop
      vertex 5.1449 0.306808 3.15854
      vertex 5.1371 0.306399 3.15854
      vertex 5.13586 0.330033 3.14183
    endloop
  endfacet
  facet normal 0.0301297 -0.576009 -0.816888
    outer loop
      vertex 5.14366 0.330441 3.14183
      vertex 5.1449 0.306808 3.15854
      vertex 5.13586 0.330033 3.14183
    endloop
  endfacet
  facet normal 0.0343988 -0.657625 -0.75256
    outer loop
      vertex 5.14366 0.330441 3.14183
      vertex 5.13586 0.330033 3.14183
      vertex 5.13472 0.351762 3.12279
    endloop
  endfacet
  facet normal 0.034482 -0.657603 -0.752575
    outer loop
      vertex 5.14252 0.352171 3.12279
      vertex 5.14366 0.330441 3.14183
      vertex 5.13472 0.351762 3.12279
    endloop
  endfacet
  facet normal 0.0383642 -0.73164 -0.680611
    outer loop
      vertex 5.14252 0.352171 3.12279
      vertex 5.13472 0.351762 3.12279
      vertex 5.13368 0.371587 3.10142
    endloop
  endfacet
  facet normal 0.0383642 -0.73164 -0.680611
    outer loop
      vertex 5.14148 0.371996 3.10142
      vertex 5.14252 0.352171 3.12279
      vertex 5.13368 0.371587 3.10142
    endloop
  endfacet
  facet normal 0.0417198 -0.794712 -0.605552
    outer loop
      vertex 5.14056 0.389687 3.07814
      vertex 5.13368 0.371587 3.10142
      vertex 5.13275 0.389277 3.07814
    endloop
  endfacet
  facet normal 0.0416711 -0.794706 -0.605562
    outer loop
      vertex 5.13368 0.371587 3.10142
      vertex 5.14056 0.389687 3.07814
      vertex 5.14148 0.371996 3.10142
    endloop
  endfacet
  facet normal 0.044591 -0.849403 -0.525857
    outer loop
      vertex 5.14056 0.389687 3.07814
      vertex 5.13275 0.389277 3.07814
      vertex 5.13195 0.404607 3.05331
    endloop
  endfacet
  facet normal 0.0445398 -0.849413 -0.525845
    outer loop
      vertex 5.13975 0.405016 3.05331
      vertex 5.14056 0.389687 3.07814
      vertex 5.13195 0.404607 3.05331
    endloop
  endfacet
  facet normal 0.0469593 -0.895556 -0.442464
    outer loop
      vertex 5.13975 0.405016 3.05331
      vertex 5.13195 0.404607 3.05331
      vertex 5.13127 0.41759 3.02696
    endloop
  endfacet
  facet normal 0.0468455 -0.895575 -0.442437
    outer loop
      vertex 5.13907 0.417998 3.02696
      vertex 5.13975 0.405016 3.05331
      vertex 5.13127 0.41759 3.02696
    endloop
  endfacet
  facet normal 0.0488061 -0.933058 -0.356399
    outer loop
      vertex 5.13907 0.417998 3.02696
      vertex 5.13127 0.41759 3.02696
      vertex 5.13071 0.42821 2.99908
    endloop
  endfacet
  facet normal 0.0488627 -0.93305 -0.356413
    outer loop
      vertex 5.13852 0.428619 2.99908
      vertex 5.13907 0.417998 3.02696
      vertex 5.13071 0.42821 2.99908
    endloop
  endfacet
  facet normal 0.0503519 -0.961488 -0.270194
    outer loop
      vertex 5.13852 0.428619 2.99908
      vertex 5.13071 0.42821 2.99908
      vertex 5.13028 0.436455 2.96966
    endloop
  endfacet
  facet normal 0.0502936 -0.961495 -0.27018
    outer loop
      vertex 5.13808 0.436863 2.96966
      vertex 5.13852 0.428619 2.99908
      vertex 5.13028 0.436455 2.96966
    endloop
  endfacet
  facet normal 0.0513055 -0.980841 -0.187933
    outer loop
      vertex 5.13808 0.436863 2.96966
      vertex 5.13028 0.436455 2.96966
      vertex 5.12997 0.442367 2.93872
    endloop
  endfacet
  facet normal 0.0514306 -0.980829 -0.187963
    outer loop
      vertex 5.13777 0.442776 2.93872
      vertex 5.13808 0.436863 2.96966
      vertex 5.12997 0.442367 2.93872
    endloop
  endfacet
  facet normal 0.0520556 -0.992747 -0.108369
    outer loop
      vertex 5.13777 0.442776 2.93872
      vertex 5.12997 0.442367 2.93872
      vertex 5.12979 0.445902 2.90625
    endloop
  endfacet
  facet normal 0.0520556 -0.992747 -0.108369
    outer loop
      vertex 5.13759 0.446311 2.90625
      vertex 5.13777 0.442776 2.93872
      vertex 5.12979 0.445902 2.90625
    endloop
  endfacet
  facet normal 0.0523328 -0.998033 -0.0345143
    outer loop
      vertex 5.12973 0.447075 2.87224
      vertex 5.13759 0.446311 2.90625
      vertex 5.12979 0.445902 2.90625
    endloop
  endfacet
  facet normal 0.0523328 -0.998033 -0.0345143
    outer loop
      vertex 5.13759 0.446311 2.90625
      vertex 5.12973 0.447075 2.87224
      vertex 5.13753 0.447484 2.87224
    endloop
  endfacet
  facet normal 0.0523339 -0.998056 0.0338522
    outer loop
      vertex 5.12979 0.445871 2.83665
      vertex 5.13753 0.447484 2.87224
      vertex 5.12973 0.447075 2.87224
    endloop
  endfacet
  facet normal 0.0523339 -0.998056 0.0338522
    outer loop
      vertex 5.13753 0.447484 2.87224
      vertex 5.12979 0.445871 2.83665
      vertex 5.13759 0.44628 2.83665
    endloop
  endfacet
  facet normal 0.0520605 -0.992841 0.107502
    outer loop
      vertex 5.12998 0.442245 2.80307
      vertex 5.13759 0.44628 2.83665
      vertex 5.12979 0.445871 2.83665
    endloop
  endfacet
  facet normal 0.0520605 -0.992841 0.107502
    outer loop
      vertex 5.13759 0.44628 2.83665
      vertex 5.12998 0.442245 2.80307
      vertex 5.13778 0.442654 2.80307
    endloop
  endfacet
  facet normal 0.0514305 -0.980827 0.187971
    outer loop
      vertex 5.13029 0.436211 2.7715
      vertex 5.13778 0.442654 2.80307
      vertex 5.12998 0.442245 2.80307
    endloop
  endfacet
  facet normal 0.0513647 -0.980827 0.187987
    outer loop
      vertex 5.13778 0.442654 2.80307
      vertex 5.13029 0.436211 2.7715
      vertex 5.1381 0.43662 2.7715
    endloop
  endfacet
  facet normal 0.0502753 -0.960025 0.275364
    outer loop
      vertex 5.13074 0.427753 2.74193
      vertex 5.1381 0.43662 2.7715
      vertex 5.13029 0.436211 2.7715
    endloop
  endfacet
  facet normal 0.050463 -0.960028 0.275318
    outer loop
      vertex 5.13854 0.428163 2.74193
      vertex 5.1381 0.43662 2.7715
      vertex 5.13074 0.427753 2.74193
    endloop
  endfacet
  facet normal 0.0488301 -0.928964 0.366936
    outer loop
      vertex 5.13131 0.416889 2.71435
      vertex 5.13854 0.428163 2.74193
      vertex 5.13074 0.427753 2.74193
    endloop
  endfacet
  facet normal 0.0485914 -0.928953 0.366994
    outer loop
      vertex 5.13911 0.417297 2.71435
      vertex 5.13854 0.428163 2.74193
      vertex 5.13131 0.416889 2.71435
    endloop
  endfacet
  facet normal 0.0463309 -0.885737 0.461869
    outer loop
      vertex 5.132 0.403602 2.6888
      vertex 5.13911 0.417297 2.71435
      vertex 5.13131 0.416889 2.71435
    endloop
  endfacet
  facet normal 0.0463852 -0.885741 0.461856
    outer loop
      vertex 5.13981 0.404011 2.6888
      vertex 5.13911 0.417297 2.71435
      vertex 5.132 0.403602 2.6888
    endloop
  endfacet
  facet normal 0.0435042 -0.830728 0.554975
    outer loop
      vertex 5.13283 0.387906 2.66524
      vertex 5.13981 0.404011 2.6888
      vertex 5.132 0.403602 2.6888
    endloop
  endfacet
  facet normal 0.0435603 -0.830734 0.554963
    outer loop
      vertex 5.13981 0.404011 2.6888
      vertex 5.13283 0.387906 2.66524
      vertex 5.14063 0.388315 2.66524
    endloop
  endfacet
  facet normal 0.0400656 -0.764087 0.643868
    outer loop
      vertex 5.13378 0.369788 2.64368
      vertex 5.14063 0.388315 2.66524
      vertex 5.13283 0.387906 2.66524
    endloop
  endfacet
  facet normal 0.0400656 -0.764087 0.643868
    outer loop
      vertex 5.14063 0.388315 2.66524
      vertex 5.13378 0.369788 2.64368
      vertex 5.14158 0.370197 2.64368
    endloop
  endfacet
  facet normal 0.0360345 -0.687211 0.725564
    outer loop
      vertex 5.13484 0.349477 2.62439
      vertex 5.14158 0.370197 2.64368
      vertex 5.13378 0.369788 2.64368
    endloop
  endfacet
  facet normal 0.0359457 -0.687197 0.725581
    outer loop
      vertex 5.14264 0.349885 2.62439
      vertex 5.14158 0.370197 2.64368
      vertex 5.13484 0.349477 2.62439
    endloop
  endfacet
  facet normal 0.0313294 -0.598945 0.800177
    outer loop
      vertex 5.13601 0.327214 2.60768
      vertex 5.14264 0.349885 2.62439
      vertex 5.13484 0.349477 2.62439
    endloop
  endfacet
  facet normal 0.0313294 -0.598945 0.800177
    outer loop
      vertex 5.14381 0.327622 2.60768
      vertex 5.14264 0.349885 2.62439
      vertex 5.13601 0.327214 2.60768
    endloop
  endfacet
  facet normal 0.0262892 -0.502588 0.864126
    outer loop
      vertex 5.13728 0.302986 2.59355
      vertex 5.14381 0.327622 2.60768
      vertex 5.13601 0.327214 2.60768
    endloop
  endfacet
  facet normal 0.0262892 -0.502588 0.864126
    outer loop
      vertex 5.14508 0.303394 2.59355
      vertex 5.14381 0.327622 2.60768
      vertex 5.13728 0.302986 2.59355
    endloop
  endfacet
  facet normal 0.0210709 -0.402826 0.915034
    outer loop
      vertex 5.13865 0.276776 2.58198
      vertex 5.14508 0.303394 2.59355
      vertex 5.13728 0.302986 2.59355
    endloop
  endfacet
  facet normal 0.0211231 -0.402836 0.915028
    outer loop
      vertex 5.14645 0.277185 2.58198
      vertex 5.14508 0.303394 2.59355
      vertex 5.13865 0.276776 2.58198
    endloop
  endfacet
  facet normal 0.015938 -0.303952 0.952554
    outer loop
      vertex 5.14012 0.248648 2.57298
      vertex 5.14645 0.277185 2.58198
      vertex 5.13865 0.276776 2.58198
    endloop
  endfacet
  facet normal 0.015878 -0.30394 0.952559
    outer loop
      vertex 5.14793 0.249056 2.57298
      vertex 5.14645 0.277185 2.58198
      vertex 5.14012 0.248648 2.57298
    endloop
  endfacet
  facet normal 0.0108592 -0.207868 0.978097
    outer loop
      vertex 5.1417 0.218522 2.56656
      vertex 5.14793 0.249056 2.57298
      vertex 5.14012 0.248648 2.57298
    endloop
  endfacet
  facet normal 0.0109001 -0.207876 0.978095
    outer loop
      vertex 5.1495 0.218931 2.56656
      vertex 5.14793 0.249056 2.57298
      vertex 5.1417 0.218522 2.56656
    endloop
  endfacet
  facet normal 0.00624786 -0.119152 0.992856
    outer loop
      vertex 5.14338 0.186446 2.5627
      vertex 5.1495 0.218931 2.56656
      vertex 5.1417 0.218522 2.56656
    endloop
  endfacet
  facet normal 0.00623978 -0.119151 0.992857
    outer loop
      vertex 5.15119 0.186855 2.5627
      vertex 5.1495 0.218931 2.56656
      vertex 5.14338 0.186446 2.5627
    endloop
  endfacet
  facet normal 0.00196404 -0.0374561 0.999296
    outer loop
      vertex 5.15119 0.186855 2.5627
      vertex 5.14517 0.15239 2.56142
      vertex 5.15297 0.152799 2.56142
    endloop
  endfacet
  facet normal 0.0019615 -0.0374556 0.999296
    outer loop
      vertex 5.14517 0.15239 2.56142
      vertex 5.15119 0.186855 2.5627
      vertex 5.14338 0.186446 2.5627
    endloop
  endfacet
  facet normal -0.00151007 0.0287983 0.999584
    outer loop
      vertex 5.15297 0.152799 2.56142
      vertex 5.14651 0.126775 2.56216
      vertex 5.15431 0.127184 2.56216
    endloop
  endfacet
  facet normal -0.00151007 0.0287983 0.999584
    outer loop
      vertex 5.14651 0.126775 2.56216
      vertex 5.15297 0.152799 2.56142
      vertex 5.14517 0.15239 2.56142
    endloop
  endfacet
  facet normal -0.00470927 0.089591 0.995968
    outer loop
      vertex 5.15431 0.127184 2.56216
      vertex 5.14782 0.10183 2.56441
      vertex 5.15562 0.10224 2.56441
    endloop
  endfacet
  facet normal -0.00469763 0.089588 0.995968
    outer loop
      vertex 5.14782 0.10183 2.56441
      vertex 5.15431 0.127184 2.56216
      vertex 5.14651 0.126775 2.56216
    endloop
  endfacet
  facet normal -0.00792344 0.15107 0.988491
    outer loop
      vertex 5.15562 0.10224 2.56441
      vertex 5.14909 0.0775566 2.56813
      vertex 5.15689 0.0779657 2.56813
    endloop
  endfacet
  facet normal -0.00794111 0.151075 0.98849
    outer loop
      vertex 5.14909 0.0775566 2.56813
      vertex 5.15562 0.10224 2.56441
      vertex 5.14782 0.10183 2.56441
    endloop
  endfacet
  facet normal -0.0113256 0.215884 0.976353
    outer loop
      vertex 5.15689 0.0779657 2.56813
      vertex 5.15033 0.0539684 2.57336
      vertex 5.15813 0.0543776 2.57336
    endloop
  endfacet
  facet normal -0.0113228 0.215883 0.976354
    outer loop
      vertex 5.15033 0.0539684 2.57336
      vertex 5.15689 0.0779657 2.56813
      vertex 5.14909 0.0775566 2.56813
    endloop
  endfacet
  facet normal -0.0147316 0.280807 0.959651
    outer loop
      vertex 5.15813 0.0543776 2.57336
      vertex 5.15153 0.0310659 2.58008
      vertex 5.15933 0.0314751 2.58008
    endloop
  endfacet
  facet normal -0.0147316 0.280807 0.959651
    outer loop
      vertex 5.15153 0.0310659 2.58008
      vertex 5.15813 0.0543776 2.57336
      vertex 5.15033 0.0539684 2.57336
    endloop
  endfacet
  facet normal -0.0181271 0.345531 0.938232
    outer loop
      vertex 5.15269 0.00883389 2.58829
      vertex 5.15933 0.0314751 2.58008
      vertex 5.15153 0.0310659 2.58008
    endloop
  endfacet
  facet normal -0.0181235 0.345531 0.938232
    outer loop
      vertex 5.16049 0.00924301 2.58829
      vertex 5.15933 0.0314751 2.58008
      vertex 5.15269 0.00883389 2.58829
    endloop
  endfacet
  facet normal -0.0214726 0.409382 0.91211
    outer loop
      vertex 5.15269 0.00883389 2.58829
      vertex 5.15347 0.000185526 2.59219
      vertex 5.16049 0.00924301 2.58829
    endloop
  endfacet
  facet normal 0.707107 0 0.707107
    outer loop
      vertex 5.15317 0.000201225 2.59218
      vertex 5.15316 0.000171576 2.59219
      vertex 5.15317 0.000191165 2.59218
    endloop
  endfacet
  facet normal -1 0 0
    outer loop
      vertex 5.15316 0.000171576 2.59219
      vertex 5.15316 0.00013131 2.59221
      vertex 5.15316 0.000151743 2.5922
    endloop
  endfacet
  facet normal 0.389826 -0.409653 -0.824755
    outer loop
      vertex 5.15317 0.000201225 2.59218
      vertex 5.15316 0.00013131 2.59221
      vertex 5.15316 0.000171576 2.59219
    endloop
  endfacet
  facet normal -1 0 0
    outer loop
      vertex 5.15316 0.00013131 2.59221
      vertex 5.15316 8.41211e-08 2.59227
      vertex 5.15316 0.000109831 2.59222
    endloop
  endfacet
  facet normal 0.113529 0.413135 0.903566
    outer loop
      vertex 5.15316 0.00013131 2.59221
      vertex 5.15269 0.00883389 2.58829
      vertex 5.15316 8.41211e-08 2.59227
    endloop
  endfacet
  facet normal -0.0985227 0.404273 0.909317
    outer loop
      vertex 5.15317 0.000201225 2.59218
      vertex 5.15269 0.00883389 2.58829
      vertex 5.15316 0.00013131 2.59221
    endloop
  endfacet
  facet normal -0.00891906 0.410402 0.911861
    outer loop
      vertex 5.15347 0.000185526 2.59219
      vertex 5.15269 0.00883389 2.58829
      vertex 5.15317 0.000201225 2.59218
    endloop
  endfacet
  facet normal -0.0214076 0.409641 0.911995
    outer loop
      vertex 5.16049 0.00924301 2.58829
      vertex 5.15701 0 2.59236
      vertex 5.16097 0.000206947 2.59236
    endloop
  endfacet
  facet normal -0.0223064 0.409916 0.91185
    outer loop
      vertex 5.15701 0 2.59236
      vertex 5.16049 0.00924301 2.58829
      vertex 5.15347 0.000185526 2.59219
    endloop
  endfacet
  facet normal 0.0536891 -0.998558 0
    outer loop
      vertex 5.15317 -0.000201225 2.36771
      vertex 5.15338 -0.000189934 2.36785
      vertex 5.15317 -0.000201225 2.36786
    endloop
  endfacet
  facet normal 0.0523304 -0.998628 0.00204368
    outer loop
      vertex 5.15338 -0.000189934 2.36785
      vertex 5.15317 -0.000201225 2.36771
      vertex 5.15701 0 2.36771
    endloop
  endfacet
  facet normal 0.0521881 -0.998637 0
    outer loop
      vertex 5.15701 0 2.36771
      vertex 5.16097 0.000206947 2.59236
      vertex 5.15701 0 2.59236
    endloop
  endfacet
  facet normal 0.0521881 -0.998637 0
    outer loop
      vertex 5.16097 0.000206947 2.59236
      vertex 5.15701 0 2.36771
      vertex 5.16097 0.000206947 2.36771
    endloop
  endfacet
  facet normal 0.0183698 -0.351512 -0.936003
    outer loop
      vertex 5.15701 0 2.36771
      vertex 5.16034 0.0121832 2.3632
      vertex 5.16097 0.000206947 2.36771
    endloop
  endfacet
  facet normal 0.01842 -0.35151 -0.936003
    outer loop
      vertex 5.15254 0.011775 2.3632
      vertex 5.15701 0 2.36771
      vertex 5.15317 -0.000201225 2.36771
    endloop
  endfacet
  facet normal 0.0183961 -0.351518 -0.936
    outer loop
      vertex 5.15701 0 2.36771
      vertex 5.15254 0.011775 2.3632
      vertex 5.16034 0.0121832 2.3632
    endloop
  endfacet
  facet normal 0.0157882 -0.301686 -0.953277
    outer loop
      vertex 5.16034 0.0121832 2.3632
      vertex 5.15254 0.011775 2.3632
      vertex 5.15125 0.0363226 2.35541
    endloop
  endfacet
  facet normal 0.0158224 -0.301674 -0.95328
    outer loop
      vertex 5.15905 0.0367317 2.35541
      vertex 5.16034 0.0121832 2.3632
      vertex 5.15125 0.0363226 2.35541
    endloop
  endfacet
  facet normal 0.0131348 -0.250431 -0.968045
    outer loop
      vertex 5.15905 0.0367317 2.35541
      vertex 5.15125 0.0363226 2.35541
      vertex 5.14996 0.0609169 2.34903
    endloop
  endfacet
  facet normal 0.0131348 -0.250431 -0.968045
    outer loop
      vertex 5.15776 0.061326 2.34903
      vertex 5.15905 0.0367317 2.35541
      vertex 5.14996 0.0609169 2.34903
    endloop
  endfacet
  facet normal 0.0103289 -0.196934 -0.980362
    outer loop
      vertex 5.15776 0.061326 2.34903
      vertex 5.14996 0.0609169 2.34903
      vertex 5.14867 0.0855408 2.34407
    endloop
  endfacet
  facet normal 0.0103289 -0.196934 -0.980362
    outer loop
      vertex 5.15647 0.0859499 2.34407
      vertex 5.15776 0.061326 2.34903
      vertex 5.14867 0.0855408 2.34407
    endloop
  endfacet
  facet normal 0.00747514 -0.142523 -0.989763
    outer loop
      vertex 5.14867 0.0855408 2.34407
      vertex 5.15518 0.110605 2.34051
      vertex 5.15647 0.0859499 2.34407
    endloop
  endfacet
  facet normal 0.00747329 -0.142522 -0.989763
    outer loop
      vertex 5.15518 0.110605 2.34051
      vertex 5.14867 0.0855408 2.34407
      vertex 5.14738 0.110196 2.34051
    endloop
  endfacet
  facet normal 0.00447188 -0.0852828 -0.996347
    outer loop
      vertex 5.14738 0.110196 2.34051
      vertex 5.15389 0.135305 2.33839
      vertex 5.15518 0.110605 2.34051
    endloop
  endfacet
  facet normal 0.00447188 -0.0852828 -0.996347
    outer loop
      vertex 5.15389 0.135305 2.33839
      vertex 5.14738 0.110196 2.34051
      vertex 5.14609 0.134896 2.33839
    endloop
  endfacet
  facet normal 0.00147855 -0.0281973 -0.999601
    outer loop
      vertex 5.14609 0.134896 2.33839
      vertex 5.15259 0.160052 2.33769
      vertex 5.15389 0.135305 2.33839
    endloop
  endfacet
  facet normal 0.00147855 -0.0281973 -0.999601
    outer loop
      vertex 5.15259 0.160052 2.33769
      vertex 5.14609 0.134896 2.33839
      vertex 5.14479 0.159643 2.33769
    endloop
  endfacet
  facet normal -0.00208955 0.0398496 -0.999204
    outer loop
      vertex 5.15259 0.160052 2.33769
      vertex 5.14479 0.159643 2.33769
      vertex 5.14194 0.213905 2.33986
    endloop
  endfacet
  facet normal -0.0020869 0.0398501 -0.999203
    outer loop
      vertex 5.14975 0.214314 2.33986
      vertex 5.15259 0.160052 2.33769
      vertex 5.14194 0.213905 2.33986
    endloop
  endfacet
  facet normal -0.0065732 0.125518 -0.99207
    outer loop
      vertex 5.14975 0.214314 2.33986
      vertex 5.14194 0.213905 2.33986
      vertex 5.13927 0.264982 2.34634
    endloop
  endfacet
  facet normal -0.00658154 0.125516 -0.99207
    outer loop
      vertex 5.14707 0.265391 2.34634
      vertex 5.14975 0.214314 2.33986
      vertex 5.13927 0.264982 2.34634
    endloop
  endfacet
  facet normal -0.0115276 0.219843 -0.975467
    outer loop
      vertex 5.13927 0.264982 2.34634
      vertex 5.14456 0.313269 2.35716
      vertex 5.14707 0.265391 2.34634
    endloop
  endfacet
  facet normal -0.0115276 0.219843 -0.975467
    outer loop
      vertex 5.14456 0.313269 2.35716
      vertex 5.13927 0.264982 2.34634
      vertex 5.13676 0.31286 2.35716
    endloop
  endfacet
  facet normal -0.0167901 0.320202 -0.9472
    outer loop
      vertex 5.13676 0.31286 2.35716
      vertex 5.14222 0.357962 2.37231
      vertex 5.14456 0.313269 2.35716
    endloop
  endfacet
  facet normal -0.0167901 0.320202 -0.9472
    outer loop
      vertex 5.14222 0.357962 2.37231
      vertex 5.13676 0.31286 2.35716
      vertex 5.13442 0.357553 2.37231
    endloop
  endfacet
  facet normal -0.0222127 0.423616 -0.90557
    outer loop
      vertex 5.13442 0.357553 2.37231
      vertex 5.14004 0.399469 2.39178
      vertex 5.14222 0.357962 2.37231
    endloop
  endfacet
  facet normal -0.0222127 0.423616 -0.90557
    outer loop
      vertex 5.14004 0.399469 2.39178
      vertex 5.13442 0.357553 2.37231
      vertex 5.13224 0.39906 2.39178
    endloop
  endfacet
  facet normal -0.0276145 0.526633 -0.849644
    outer loop
      vertex 5.13224 0.39906 2.39178
      vertex 5.13804 0.437778 2.41559
      vertex 5.14004 0.399469 2.39178
    endloop
  endfacet
  facet normal -0.0276467 0.526636 -0.849641
    outer loop
      vertex 5.13804 0.437778 2.41559
      vertex 5.13224 0.39906 2.39178
      vertex 5.13023 0.437368 2.41559
    endloop
  endfacet
  facet normal -0.0327283 0.623434 -0.78119
    outer loop
      vertex 5.13804 0.437778 2.41559
      vertex 5.13023 0.437368 2.41559
      vertex 5.12839 0.472507 2.44371
    endloop
  endfacet
  facet normal -0.0326907 0.623441 -0.781186
    outer loop
      vertex 5.13619 0.472916 2.44371
      vertex 5.13804 0.437778 2.41559
      vertex 5.12839 0.472507 2.44371
    endloop
  endfacet
  facet normal -0.0372951 0.711251 -0.701948
    outer loop
      vertex 5.12839 0.472507 2.44371
      vertex 5.13452 0.504854 2.47616
      vertex 5.13619 0.472916 2.44371
    endloop
  endfacet
  facet normal -0.0372036 0.711245 -0.701959
    outer loop
      vertex 5.13452 0.504854 2.47616
      vertex 5.12839 0.472507 2.44371
      vertex 5.12672 0.504446 2.47616
    endloop
  endfacet
  facet normal -0.0411743 0.787156 -0.615378
    outer loop
      vertex 5.13452 0.504854 2.47616
      vertex 5.12672 0.504446 2.47616
      vertex 5.12523 0.532895 2.51265
    endloop
  endfacet
  facet normal -0.0411743 0.787156 -0.615378
    outer loop
      vertex 5.13303 0.533303 2.51265
      vertex 5.13452 0.504854 2.47616
      vertex 5.12523 0.532895 2.51265
    endloop
  endfacet
  facet normal -0.0445191 0.8511 -0.523113
    outer loop
      vertex 5.13303 0.533303 2.51265
      vertex 5.12523 0.532895 2.51265
      vertex 5.12492 0.538853 2.52237
    endloop
  endfacet
  facet normal -0.0446259 0.851055 -0.523176
    outer loop
      vertex 5.13272 0.539262 2.52237
      vertex 5.13303 0.533303 2.51265
      vertex 5.12492 0.538853 2.52237
    endloop
  endfacet
  facet normal -0.0523333 0.99863 0
    outer loop
      vertex 5.13272 0.539262 3.20827
      vertex 5.12877 0.539055 2.52237
      vertex 5.12877 0.539055 3.20827
    endloop
  endfacet
  facet normal -0.0523333 0.99863 0
    outer loop
      vertex 5.12877 0.539055 2.52237
      vertex 5.13272 0.539262 3.20827
      vertex 5.13272 0.539262 2.52237
    endloop
  endfacet
  facet normal -0.0523955 0.998626 0
    outer loop
      vertex 5.12877 0.539055 2.52237
      vertex 5.12492 0.538853 2.52237
      vertex 5.12492 0.538853 2.52303
    endloop
  endfacet
  facet normal 0 0 -1
    outer loop
      vertex 5.12492 0.538853 2.52237
      vertex 5.12877 0.539055 2.52237
      vertex 5.13272 0.539262 2.52237
    endloop
  endfacet
  facet normal -0.0522446 0.998634 0
    outer loop
      vertex 5.12492 0.538853 3.20827
      vertex 5.12859 0.539045 3.20827
      vertex 5.12492 0.538853 3.20762
    endloop
  endfacet
  facet normal -0.0449534 0.858401 0.511005
    outer loop
      vertex 5.13301 0.533746 3.21756
      vertex 5.12859 0.539027 3.2083
      vertex 5.1252 0.533337 3.21756
    endloop
  endfacet
  facet normal -0.0449827 0.858365 0.511064
    outer loop
      vertex 5.12877 0.539055 3.20827
      vertex 5.13301 0.533746 3.21756
      vertex 5.13272 0.539262 3.20827
    endloop
  endfacet
  facet normal -0.0480662 0.857614 0.512042
    outer loop
      vertex 5.13301 0.533746 3.21756
      vertex 5.12877 0.539055 3.20827
      vertex 5.12859 0.539027 3.2083
    endloop
  endfacet
  facet normal -0.0448156 0.856631 0.513979
    outer loop
      vertex 5.12492 0.538853 3.20827
      vertex 5.12859 0.539027 3.2083
      vertex 5.12859 0.539045 3.20827
    endloop
  endfacet
  facet normal -0.0448749 0.858392 0.511028
    outer loop
      vertex 5.12859 0.539027 3.2083
      vertex 5.12492 0.538853 3.20827
      vertex 5.1252 0.533337 3.21756
    endloop
  endfacet
  facet normal -0.0422266 0.805299 0.591364
    outer loop
      vertex 5.13301 0.533746 3.21756
      vertex 5.12669 0.505025 3.25622
      vertex 5.13449 0.505434 3.25622
    endloop
  endfacet
  facet normal -0.0421724 0.805296 0.591371
    outer loop
      vertex 5.12669 0.505025 3.25622
      vertex 5.13301 0.533746 3.21756
      vertex 5.1252 0.533337 3.21756
    endloop
  endfacet
  facet normal -0.0391003 0.745678 0.665158
    outer loop
      vertex 5.13449 0.505434 3.25622
      vertex 5.12834 0.473543 3.29161
      vertex 5.13614 0.473952 3.29161
    endloop
  endfacet
  facet normal -0.0391003 0.745678 0.665158
    outer loop
      vertex 5.12834 0.473543 3.29161
      vertex 5.13449 0.505434 3.25622
      vertex 5.12669 0.505025 3.25622
    endloop
  endfacet
  facet normal -0.0354918 0.676861 0.735255
    outer loop
      vertex 5.13614 0.473952 3.29161
      vertex 5.13013 0.439441 3.32309
      vertex 5.13793 0.43985 3.32309
    endloop
  endfacet
  facet normal -0.0354918 0.676861 0.735255
    outer loop
      vertex 5.13013 0.439441 3.32309
      vertex 5.13614 0.473952 3.29161
      vertex 5.12834 0.473543 3.29161
    endloop
  endfacet
  facet normal -0.0314121 0.599057 0.80009
    outer loop
      vertex 5.13205 0.402733 3.35065
      vertex 5.13793 0.43985 3.32309
      vertex 5.13013 0.439441 3.32309
    endloop
  endfacet
  facet normal -0.0314121 0.599057 0.80009
    outer loop
      vertex 5.13985 0.403142 3.35065
      vertex 5.13793 0.43985 3.32309
      vertex 5.13205 0.402733 3.35065
    endloop
  endfacet
  facet normal -0.0269736 0.514411 0.85712
    outer loop
      vertex 5.13411 0.363435 3.3743
      vertex 5.13985 0.403142 3.35065
      vertex 5.13205 0.402733 3.35065
    endloop
  endfacet
  facet normal -0.0269073 0.514405 0.857125
    outer loop
      vertex 5.14191 0.363843 3.3743
      vertex 5.13985 0.403142 3.35065
      vertex 5.13411 0.363435 3.3743
    endloop
  endfacet
  facet normal -0.0222197 0.424789 0.90502
    outer loop
      vertex 5.13631 0.321515 3.39403
      vertex 5.14191 0.363843 3.3743
      vertex 5.13411 0.363435 3.3743
    endloop
  endfacet
  facet normal -0.0222745 0.424794 0.905016
    outer loop
      vertex 5.14411 0.321924 3.39403
      vertex 5.14191 0.363843 3.3743
      vertex 5.13631 0.321515 3.39403
    endloop
  endfacet
  facet normal -0.0175155 0.334036 0.942398
    outer loop
      vertex 5.14411 0.321924 3.39403
      vertex 5.13864 0.277005 3.40985
      vertex 5.14644 0.277414 3.40985
    endloop
  endfacet
  facet normal -0.0175155 0.334036 0.942398
    outer loop
      vertex 5.13864 0.277005 3.40985
      vertex 5.14411 0.321924 3.39403
      vertex 5.13631 0.321515 3.39403
    endloop
  endfacet
  facet normal -0.0128306 0.244691 0.969516
    outer loop
      vertex 5.14111 0.229905 3.42177
      vertex 5.14644 0.277414 3.40985
      vertex 5.13864 0.277005 3.40985
    endloop
  endfacet
  facet normal -0.012799 0.244688 0.969517
    outer loop
      vertex 5.14891 0.230313 3.42177
      vertex 5.14644 0.277414 3.40985
      vertex 5.14111 0.229905 3.42177
    endloop
  endfacet
  facet normal -0.00829445 0.15857 0.987313
    outer loop
      vertex 5.14371 0.180168 3.42978
      vertex 5.14891 0.230313 3.42177
      vertex 5.14111 0.229905 3.42177
    endloop
  endfacet
  facet normal -0.00830418 0.158571 0.987313
    outer loop
      vertex 5.15152 0.180577 3.42978
      vertex 5.14891 0.230313 3.42177
      vertex 5.14371 0.180168 3.42978
    endloop
  endfacet
  facet normal 0.0520755 -0.9944 0.0919627
    outer loop
      vertex 5.14479 0.159643 3.20723
      vertex 5.15152 0.180577 3.42978
      vertex 5.14371 0.180168 3.42978
    endloop
  endfacet
  facet normal 0.0521421 -0.994397 0.0919604
    outer loop
      vertex 5.15152 0.180577 3.42978
      vertex 5.14479 0.159643 3.20723
      vertex 5.15259 0.160052 3.20723
    endloop
  endfacet
  facet normal 0.0189117 -0.361881 -0.932032
    outer loop
      vertex 5.15701 0 4.5022
      vertex 5.15386 0.1359 4.44937
      vertex 5.16097 0.000206947 4.5022
    endloop
  endfacet
  facet normal 0.0189633 -0.361879 -0.932032
    outer loop
      vertex 5.14605 0.135491 4.44937
      vertex 5.15701 0 4.5022
      vertex 5.15317 -0.000201225 4.5022
    endloop
  endfacet
  facet normal 0.0189512 -0.36188 -0.932032
    outer loop
      vertex 5.15701 0 4.5022
      vertex 5.14605 0.135491 4.44937
      vertex 5.15386 0.1359 4.44937
    endloop
  endfacet
  facet normal 0.018309 -0.349616 -0.936714
    outer loop
      vertex 5.15386 0.1359 4.44937
      vertex 5.14605 0.135491 4.44937
      vertex 5.14404 0.17386 4.43501
    endloop
  endfacet
  facet normal 0.018309 -0.349616 -0.936714
    outer loop
      vertex 5.15185 0.174269 4.43501
      vertex 5.15386 0.1359 4.44937
      vertex 5.14404 0.17386 4.43501
    endloop
  endfacet
  facet normal 0.0180352 -0.344389 -0.938654
    outer loop
      vertex 5.15185 0.174269 4.43501
      vertex 5.14404 0.17386 4.43501
      vertex 5.14213 0.210446 4.42155
    endloop
  endfacet
  facet normal 0.0180581 -0.344384 -0.938655
    outer loop
      vertex 5.14993 0.210855 4.42155
      vertex 5.15185 0.174269 4.43501
      vertex 5.14213 0.210446 4.42155
    endloop
  endfacet
  facet normal 0.017722 -0.337974 -0.940989
    outer loop
      vertex 5.14213 0.210446 4.42155
      vertex 5.1481 0.245673 4.40901
      vertex 5.14993 0.210855 4.42155
    endloop
  endfacet
  facet normal 0.0176783 -0.337967 -0.940992
    outer loop
      vertex 5.1481 0.245673 4.40901
      vertex 5.14213 0.210446 4.42155
      vertex 5.1403 0.245265 4.40901
    endloop
  endfacet
  facet normal 0.0173384 -0.331469 -0.943307
    outer loop
      vertex 5.1481 0.245673 4.40901
      vertex 5.1403 0.245265 4.40901
      vertex 5.13857 0.2783 4.39737
    endloop
  endfacet
  facet normal 0.0173803 -0.331458 -0.94331
    outer loop
      vertex 5.14637 0.278709 4.39737
      vertex 5.1481 0.245673 4.40901
      vertex 5.13857 0.2783 4.39737
    endloop
  endfacet
  facet normal 0.0169756 -0.323739 -0.945994
    outer loop
      vertex 5.14637 0.278709 4.39737
      vertex 5.13857 0.2783 4.39737
      vertex 5.13693 0.309568 4.38664
    endloop
  endfacet
  facet normal 0.0170165 -0.323728 -0.945997
    outer loop
      vertex 5.14473 0.309978 4.38664
      vertex 5.14637 0.278709 4.39737
      vertex 5.13693 0.309568 4.38664
    endloop
  endfacet
  facet normal 0.016581 -0.315443 -0.9488
    outer loop
      vertex 5.14473 0.309978 4.38664
      vertex 5.13693 0.309568 4.38664
      vertex 5.13539 0.339054 4.37681
    endloop
  endfacet
  facet normal 0.0165013 -0.315467 -0.948793
    outer loop
      vertex 5.14319 0.339462 4.37681
      vertex 5.14473 0.309978 4.38664
      vertex 5.13539 0.339054 4.37681
    endloop
  endfacet
  facet normal 0.015982 -0.305538 -0.952046
    outer loop
      vertex 5.14319 0.339462 4.37681
      vertex 5.13539 0.339054 4.37681
      vertex 5.13393 0.366772 4.36789
    endloop
  endfacet
  facet normal 0.0160004 -0.305533 -0.952047
    outer loop
      vertex 5.14174 0.367181 4.36789
      vertex 5.14319 0.339462 4.37681
      vertex 5.13393 0.366772 4.36789
    endloop
  endfacet
  facet normal 0.0154057 -0.294178 -0.955627
    outer loop
      vertex 5.14174 0.367181 4.36789
      vertex 5.13393 0.366772 4.36789
      vertex 5.13257 0.392721 4.35988
    endloop
  endfacet
  facet normal 0.0154057 -0.294178 -0.955627
    outer loop
      vertex 5.14038 0.39313 4.35988
      vertex 5.14174 0.367181 4.36789
      vertex 5.13257 0.392721 4.35988
    endloop
  endfacet
  facet normal 0.0160187 -0.305883 -0.951934
    outer loop
      vertex 5.14038 0.39313 4.35988
      vertex 5.13257 0.392721 4.35988
      vertex 5.1308 0.42655 4.34898
    endloop
  endfacet
  facet normal 0.0160003 -0.305888 -0.951933
    outer loop
      vertex 5.1386 0.426958 4.34898
      vertex 5.14038 0.39313 4.35988
      vertex 5.1308 0.42655 4.34898
    endloop
  endfacet
  facet normal 0.0161574 -0.308891 0.95096
    outer loop
      vertex 5.13741 0.300364 4.30788
      vertex 5.1386 0.426958 4.34898
      vertex 5.1308 0.42655 4.34898
    endloop
  endfacet
  facet normal 0.0162158 -0.308891 0.950959
    outer loop
      vertex 5.14522 0.300774 4.30788
      vertex 5.1386 0.426958 4.34898
      vertex 5.13741 0.300364 4.30788
    endloop
  endfacet
  facet normal 0.016653 -0.317219 0.948206
    outer loop
      vertex 5.13874 0.275116 4.29941
      vertex 5.14522 0.300774 4.30788
      vertex 5.13741 0.300364 4.30788
    endloop
  endfacet
  facet normal 0.0165923 -0.317206 0.948212
    outer loop
      vertex 5.14654 0.275524 4.29941
      vertex 5.14522 0.300774 4.30788
      vertex 5.13874 0.275116 4.29941
    endloop
  endfacet
  facet normal 0.0170166 -0.325317 0.945452
    outer loop
      vertex 5.14002 0.250567 4.29094
      vertex 5.14654 0.275524 4.29941
      vertex 5.13874 0.275116 4.29941
    endloop
  endfacet
  facet normal 0.0170788 -0.325331 0.945446
    outer loop
      vertex 5.14783 0.250977 4.29094
      vertex 5.14654 0.275524 4.29941
      vertex 5.14002 0.250567 4.29094
    endloop
  endfacet
  facet normal 0.0174742 -0.333248 0.942677
    outer loop
      vertex 5.14783 0.250977 4.29094
      vertex 5.14128 0.226674 4.28247
      vertex 5.14908 0.227083 4.28247
    endloop
  endfacet
  facet normal 0.0174947 -0.333253 0.942675
    outer loop
      vertex 5.14128 0.226674 4.28247
      vertex 5.14783 0.250977 4.29094
      vertex 5.14002 0.250567 4.29094
    endloop
  endfacet
  facet normal 0.0178943 -0.341261 0.939798
    outer loop
      vertex 5.14249 0.203467 4.27402
      vertex 5.14908 0.227083 4.28247
      vertex 5.14128 0.226674 4.28247
    endloop
  endfacet
  facet normal 0.0178943 -0.341261 0.939798
    outer loop
      vertex 5.15029 0.203876 4.27402
      vertex 5.14908 0.227083 4.28247
      vertex 5.14249 0.203467 4.27402
    endloop
  endfacet
  facet normal 0.0183996 -0.350898 0.936233
    outer loop
      vertex 5.15029 0.203876 4.27402
      vertex 5.14367 0.18093 4.26555
      vertex 5.15147 0.181339 4.26555
    endloop
  endfacet
  facet normal 0.0183996 -0.350898 0.936233
    outer loop
      vertex 5.14367 0.18093 4.26555
      vertex 5.15029 0.203876 4.27402
      vertex 5.14249 0.203467 4.27402
    endloop
  endfacet
  facet normal 0.0189148 -0.360722 0.932482
    outer loop
      vertex 5.14482 0.159095 4.25708
      vertex 5.15147 0.181339 4.26555
      vertex 5.14367 0.18093 4.26555
    endloop
  endfacet
  facet normal 0.0188679 -0.36071 0.932487
    outer loop
      vertex 5.15262 0.159503 4.25708
      vertex 5.15147 0.181339 4.26555
      vertex 5.14482 0.159095 4.25708
    endloop
  endfacet
  facet normal 0.0193724 -0.370355 0.928688
    outer loop
      vertex 5.14593 0.137914 4.24861
      vertex 5.15262 0.159503 4.25708
      vertex 5.14482 0.159095 4.25708
    endloop
  endfacet
  facet normal 0.0194205 -0.370367 0.928682
    outer loop
      vertex 5.15373 0.138323 4.24861
      vertex 5.15262 0.159503 4.25708
      vertex 5.14593 0.137914 4.24861
    endloop
  endfacet
  facet normal 0.0189928 -0.362211 0.931903
    outer loop
      vertex 5.15317 -0.000201225 4.19478
      vertex 5.15373 0.138323 4.24861
      vertex 5.14593 0.137914 4.24861
    endloop
  endfacet
  facet normal 0.018929 -0.362212 0.931903
    outer loop
      vertex 5.15373 0.138323 4.24861
      vertex 5.15701 0 4.19478
      vertex 5.16097 0.000206947 4.19478
    endloop
  endfacet
  facet normal 0.0189807 -0.362211 0.931903
    outer loop
      vertex 5.15701 0 4.19478
      vertex 5.15373 0.138323 4.24861
      vertex 5.15317 -0.000201225 4.19478
    endloop
  endfacet
  facet normal 0.0523305 -0.99863 0
    outer loop
      vertex 5.15701 0 4.19478
      vertex 5.15317 -0.000201225 4.19478
      vertex 5.15317 -0.000201225 4.19462
    endloop
  endfacet
  facet normal 0.0521881 -0.998637 0
    outer loop
      vertex 5.15701 0 3.97313
      vertex 5.16097 0.000206947 4.19478
      vertex 5.15701 0 4.19478
    endloop
  endfacet
  facet normal 0.0521881 -0.998637 0
    outer loop
      vertex 5.16097 0.000206947 4.19478
      vertex 5.15701 0 3.97313
      vertex 5.16097 0.000206947 3.97313
    endloop
  endfacet
  facet normal -0.0193258 0.369806 -0.928908
    outer loop
      vertex 5.15317 0.000201225 3.97329
      vertex 5.16097 0.000206947 3.97313
      vertex 5.15701 0 3.97313
    endloop
  endfacet
  facet normal -0.0193075 0.372259 -0.927928
    outer loop
      vertex 5.15317 0.000201225 3.97329
      vertex 5.12492 0.538853 4.18997
      vertex 5.16097 0.000206947 3.97313
    endloop
  endfacet
  facet normal -0.0427118 0.370931 -0.927678
    outer loop
      vertex 5.12492 0.538853 4.18997
      vertex 5.15317 0.000201225 3.97329
      vertex 5.15316 -2.05195e-09 3.97321
    endloop
  endfacet
  facet normal -0.020481 0.372195 -0.927929
    outer loop
      vertex 5.12843 0.539001 4.18996
      vertex 5.13272 0.539262 4.18997
      vertex 5.16097 0.000206947 3.97313
    endloop
  endfacet
  facet normal -0.0139589 0.266365 -0.963771
    outer loop
      vertex 5.13272 0.539262 4.18997
      vertex 5.12843 0.539001 4.18996
      vertex 5.12877 0.539055 4.18997
    endloop
  endfacet
  facet normal -0.0183427 0.372321 -0.927923
    outer loop
      vertex 5.12492 0.538853 4.18997
      vertex 5.12843 0.539001 4.18996
      vertex 5.16097 0.000206947 3.97313
    endloop
  endfacet
  facet normal -0.014029 0.267618 -0.963423
    outer loop
      vertex 5.12843 0.539001 4.18996
      vertex 5.12492 0.538853 4.18997
      vertex 5.12843 0.539037 4.18997
    endloop
  endfacet
  facet normal -0.0523498 0.998629 0
    outer loop
      vertex 5.12492 0.538853 4.19012
      vertex 5.12843 0.539037 4.18997
      vertex 5.12492 0.538853 4.18997
    endloop
  endfacet
  facet normal -0.0522841 0.998626 -0.00356185
    outer loop
      vertex 5.12495 0.538854 4.50222
      vertex 5.12492 0.538853 4.50238
      vertex 5.12874 0.539053 4.50238
    endloop
  endfacet
  facet normal -0.0333148 0.999445 0
    outer loop
      vertex 5.12492 0.538853 4.50238
      vertex 5.12495 0.538854 4.50222
      vertex 5.12492 0.538853 4.50222
    endloop
  endfacet
  facet normal -0.0523333 0.99863 0
    outer loop
      vertex 5.13272 0.539262 4.18997
      vertex 5.12877 0.539055 4.50238
      vertex 5.13272 0.539262 4.50238
    endloop
  endfacet
  facet normal -0.0523333 0.99863 0
    outer loop
      vertex 5.12877 0.539055 4.50238
      vertex 5.13272 0.539262 4.18997
      vertex 5.12877 0.539055 4.18997
    endloop
  endfacet
  facet normal -0.0200025 0.377298 0.925876
    outer loop
      vertex 5.12874 0.539051 4.50238
      vertex 5.15316 3.23102e-05 4.72256
      vertex 5.13272 0.539262 4.50238
    endloop
  endfacet
  facet normal 0 0 1
    outer loop
      vertex 5.12874 0.539051 4.50238
      vertex 5.13272 0.539262 4.50238
      vertex 5.12877 0.539055 4.50238
    endloop
  endfacet
  facet normal -0.0195574 0.377319 0.925877
    outer loop
      vertex 5.12492 0.538853 4.50238
      vertex 5.15316 3.23102e-05 4.72256
      vertex 5.12874 0.539051 4.50238
    endloop
  endfacet
  facet normal 0 0 1
    outer loop
      vertex 5.12492 0.538853 4.50238
      vertex 5.12874 0.539051 4.50238
      vertex 5.12874 0.539053 4.50238
    endloop
  endfacet
  facet normal -0.874987 0.143136 0.462504
    outer loop
      vertex 5.15316 3.23102e-05 4.72256
      vertex 5.12492 0.538853 4.50238
      vertex 5.15316 -2.05195e-09 4.72257
    endloop
  endfacet
  facet normal -0.0203546 0.389491 0.920805
    outer loop
      vertex 5.16097 0.000206947 4.72266
      vertex 5.15317 0.000201225 4.72249
      vertex 5.15701 0 4.72266
    endloop
  endfacet
  facet normal 0.0578852 0.37927 0.923474
    outer loop
      vertex 5.15317 0.000201225 4.72249
      vertex 5.13272 0.539262 4.50238
      vertex 5.15316 3.23102e-05 4.72256
    endloop
  endfacet
  facet normal -0.0204561 0.377278 0.925874
    outer loop
      vertex 5.13272 0.539262 4.50238
      vertex 5.15317 0.000201225 4.72249
      vertex 5.16097 0.000206947 4.72266
    endloop
  endfacet
  facet normal 0.0523305 -0.99863 0
    outer loop
      vertex 5.15701 0 4.5022
      vertex 5.15317 -0.000201225 4.50235
      vertex 5.15317 -0.000201225 4.5022
    endloop
  endfacet
  facet normal 0.0521881 -0.998637 0
    outer loop
      vertex 5.15701 0 4.5022
      vertex 5.16097 0.000206947 4.72266
      vertex 5.15701 0 4.72266
    endloop
  endfacet
  facet normal 0.0521881 -0.998637 0
    outer loop
      vertex 5.16097 0.000206947 4.72266
      vertex 5.15701 0 4.5022
      vertex 5.16097 0.000206947 4.5022
    endloop
  endfacet
  facet normal -0.987664 -0.156586 0
    outer loop
      vertex 5.1153 0.599399 -4.26631
      vertex 5.12493 0.538658 -4.26631
      vertex 5.1153 0.599399 -4.03532
    endloop
  endfacet
  facet normal 0 0 1
    outer loop
      vertex 5.12496 0.538451 -4.26631
      vertex 5.12493 0.538658 -4.26631
      vertex 5.1153 0.599399 -4.26631
    endloop
  endfacet
  facet normal -0.987664 -0.156586 0
    outer loop
      vertex 5.1153 0.599399 -4.03532
      vertex 5.12493 0.538658 -4.26631
      vertex 5.12493 0.538658 -4.03532
    endloop
  endfacet
  facet normal -0.987664 -0.156586 0
    outer loop
      vertex 5.1153 0.599399 -2.92102
      vertex 5.12493 0.538658 -2.92102
      vertex 5.1153 0.599399 -2.69003
    endloop
  endfacet
  facet normal 0 0 1
    outer loop
      vertex 5.12496 0.538451 -2.92102
      vertex 5.12493 0.538658 -2.92102
      vertex 5.1153 0.599399 -2.92102
    endloop
  endfacet
  facet normal -0.987664 -0.156586 0
    outer loop
      vertex 5.1153 0.599399 -2.69003
      vertex 5.12493 0.538658 -2.92102
      vertex 5.12493 0.538658 -2.69003
    endloop
  endfacet
  facet normal -0.987664 -0.156586 0
    outer loop
      vertex 5.1153 0.599399 -2.36945
      vertex 5.12493 0.538658 -2.36944
      vertex 5.1153 0.599399 -1.07661
    endloop
  endfacet
  facet normal -0.951732 -0.150845 0.267306
    outer loop
      vertex 5.12496 0.538451 -2.36945
      vertex 5.12493 0.538658 -2.36944
      vertex 5.1153 0.599399 -2.36945
    endloop
  endfacet
  facet normal -0.989661 -0.143429 0
    outer loop
      vertex 5.12493 0.538658 -2.36944
      vertex 5.12496 0.538451 -2.36945
      vertex 5.12496 0.538451 -2.36944
    endloop
  endfacet
  facet normal -0.987664 -0.156586 -0
    outer loop
      vertex 5.12493 0.538658 -1.07697
      vertex 5.1153 0.599399 -1.07661
      vertex 5.12493 0.538658 -2.36944
    endloop
  endfacet
  facet normal -0.987664 -0.156586 0
    outer loop
      vertex 5.1153 0.599399 -1.07661
      vertex 5.12493 0.538658 -1.07697
      vertex 5.12493 0.538658 -1.07661
    endloop
  endfacet
  facet normal -0.987632 -0.15679 0.000124905
    outer loop
      vertex 5.11784 0.583408 -0.387161
      vertex 5.12493 0.538658 -0.499616
      vertex 5.1155 0.598192 -0.331711
    endloop
  endfacet
  facet normal -0.987681 -0.156484 -0
    outer loop
      vertex 5.12493 0.538658 -0.499616
      vertex 5.11784 0.583408 -0.387161
      vertex 5.12493 0.538658 -0.499679
    endloop
  endfacet
  facet normal -0.986581 -0.163242 0.00303777
    outer loop
      vertex 5.12408 0.543983 -0.489639
      vertex 5.12493 0.538658 -0.499735
      vertex 5.1207 0.565338 -0.439804
    endloop
  endfacet
  facet normal -0.986804 -0.161903 0.0023129
    outer loop
      vertex 5.12493 0.538657 -0.499805
      vertex 5.12493 0.538658 -0.499735
      vertex 5.12408 0.543983 -0.489639
    endloop
  endfacet
  facet normal -1 0 0
    outer loop
      vertex 5.12493 0.538658 -0.499735
      vertex 5.12493 0.538657 -0.499805
      vertex 5.12493 0.538657 -0.499798
    endloop
  endfacet
  facet normal -0.987664 -0.15659 -0
    outer loop
      vertex 5.12493 0.538658 -0.499699
      vertex 5.1207 0.565338 -0.439804
      vertex 5.12493 0.538658 -0.499735
    endloop
  endfacet
  facet normal -0.987664 -0.15659 -0
    outer loop
      vertex 5.12493 0.538658 -0.499679
      vertex 5.1207 0.565338 -0.439804
      vertex 5.12493 0.538658 -0.499699
    endloop
  endfacet
  facet normal -0.987524 -0.15747 0.00040196
    outer loop
      vertex 5.1207 0.565338 -0.439804
      vertex 5.12493 0.538658 -0.499679
      vertex 5.11784 0.583408 -0.387161
    endloop
  endfacet
  facet normal -0.987686 -0.156446 -0
    outer loop
      vertex 5.12493 0.538658 -0.499594
      vertex 5.1155 0.598192 -0.331711
      vertex 5.12493 0.538658 -0.499616
    endloop
  endfacet
  facet normal -0.987686 -0.156446 -0
    outer loop
      vertex 5.12493 0.538658 -0.499542
      vertex 5.1155 0.598192 -0.331711
      vertex 5.12493 0.538658 -0.499594
    endloop
  endfacet
  facet normal -0.987827 -0.155559 -0.000322695
    outer loop
      vertex 5.1155 0.598192 -0.331711
      vertex 5.12493 0.538658 -0.499542
      vertex 5.11367 0.609692 -0.273468
    endloop
  endfacet
  facet normal -0.987668 -0.156561 -0
    outer loop
      vertex 5.12493 0.538658 -0.499491
      vertex 5.11367 0.609692 -0.273468
      vertex 5.12493 0.538658 -0.499542
    endloop
  endfacet
  facet normal -0.987668 -0.156561 -0
    outer loop
      vertex 5.12493 0.538658 -0.499451
      vertex 5.11367 0.609692 -0.273468
      vertex 5.12493 0.538658 -0.499491
    endloop
  endfacet
  facet normal -0.98764 -0.156741 5.79358e-05
    outer loop
      vertex 5.11367 0.609692 -0.273468
      vertex 5.12493 0.538658 -0.499451
      vertex 5.11237 0.617906 -0.212433
    endloop
  endfacet
  facet normal -0.987672 -0.156536 -0
    outer loop
      vertex 5.12493 0.538658 -0.499398
      vertex 5.11237 0.617906 -0.212433
      vertex 5.12493 0.538658 -0.499451
    endloop
  endfacet
  facet normal -0.987672 -0.156536 -0
    outer loop
      vertex 5.12493 0.538658 -0.499339
      vertex 5.11237 0.617906 -0.212433
      vertex 5.12493 0.538658 -0.499398
    endloop
  endfacet
  facet normal -0.987662 -0.156603 1.88825e-05
    outer loop
      vertex 5.11237 0.617906 -0.212433
      vertex 5.12493 0.538658 -0.499339
      vertex 5.11159 0.622833 -0.148605
    endloop
  endfacet
  facet normal -0.98767 -0.156552 6.30323e-06
    outer loop
      vertex 5.11159 0.622833 -0.148605
      vertex 5.12493 0.538658 -0.499195
      vertex 5.11133 0.624476 -0.0819702
    endloop
  endfacet
  facet normal -0.987674 -0.156526 -0
    outer loop
      vertex 5.12493 0.538658 -0.499195
      vertex 5.11159 0.622833 -0.148605
      vertex 5.12493 0.538658 -0.499339
    endloop
  endfacet
  facet normal -0.987675 -0.156522 0
    outer loop
      vertex 5.12493 0.538658 -0.499195
      vertex 5.12493 0.538658 0.330551
      vertex 5.11133 0.624476 -0.0819702
    endloop
  endfacet
  facet normal -0.987712 -0.156287 5.00396e-05
    outer loop
      vertex 5.12493 0.538658 0.330551
      vertex 5.1119 0.620904 0.0127258
      vertex 5.11133 0.624476 -0.0819702
    endloop
  endfacet
  facet normal -0.987682 -0.156476 -0
    outer loop
      vertex 5.12493 0.538658 0.330742
      vertex 5.1119 0.620904 0.0127258
      vertex 5.12493 0.538658 0.330551
    endloop
  endfacet
  facet normal -0.987682 -0.156476 0
    outer loop
      vertex 5.1119 0.620904 0.0127258
      vertex 5.12493 0.538658 0.330742
      vertex 5.12493 0.538658 0.330745
    endloop
  endfacet
  facet normal -0.987648 -0.156692 -5.73726e-05
    outer loop
      vertex 5.12493 0.538658 0.330745
      vertex 5.11359 0.610219 0.102142
      vertex 5.1119 0.620904 0.0127258
    endloop
  endfacet
  facet normal -0.987676 -0.156513 0
    outer loop
      vertex 5.11359 0.610219 0.102142
      vertex 5.12493 0.538658 0.330745
      vertex 5.12493 0.538658 0.330883
    endloop
  endfacet
  facet normal -0.98758 -0.157114 -0.000192691
    outer loop
      vertex 5.12493 0.538658 0.330883
      vertex 5.11641 0.59239 0.186264
      vertex 5.11359 0.610219 0.102142
    endloop
  endfacet
  facet normal -0.987661 -0.156608 -0
    outer loop
      vertex 5.12493 0.538658 0.330893
      vertex 5.11641 0.59239 0.186264
      vertex 5.12493 0.538658 0.330883
    endloop
  endfacet
  facet normal -0.987661 -0.156608 0
    outer loop
      vertex 5.11641 0.59239 0.186264
      vertex 5.12493 0.538658 0.330893
      vertex 5.12493 0.538658 0.330987
    endloop
  endfacet
  facet normal -0.987751 -0.156041 0.000216047
    outer loop
      vertex 5.12493 0.538658 0.330987
      vertex 5.12037 0.567432 0.265106
      vertex 5.11641 0.59239 0.186264
    endloop
  endfacet
  facet normal -0.987674 -0.156523 -0
    outer loop
      vertex 5.12493 0.538658 0.331054
      vertex 5.12037 0.567432 0.265106
      vertex 5.12493 0.538658 0.330987
    endloop
  endfacet
  facet normal -0.987674 -0.156523 0
    outer loop
      vertex 5.12037 0.567432 0.265106
      vertex 5.12493 0.538658 0.331054
      vertex 5.12493 0.538658 0.33107
    endloop
  endfacet
  facet normal -0.987678 -0.156503 -0
    outer loop
      vertex 5.12493 0.538658 1.18401
      vertex 5.12182 0.558285 1.21753
      vertex 5.12493 0.538658 1.18396
    endloop
  endfacet
  facet normal -0.987815 -0.155632 -0.000522763
    outer loop
      vertex 5.12182 0.558285 1.21753
      vertex 5.12493 0.538658 1.18401
      vertex 5.11861 0.57851 1.26198
    endloop
  endfacet
  facet normal -0.987657 -0.156629 -0
    outer loop
      vertex 5.12493 0.538658 1.18402
      vertex 5.11861 0.57851 1.26198
      vertex 5.12493 0.538658 1.18401
    endloop
  endfacet
  facet normal -0.987657 -0.156629 -0
    outer loop
      vertex 5.12493 0.538658 1.18407
      vertex 5.11861 0.57851 1.26198
      vertex 5.12493 0.538658 1.18402
    endloop
  endfacet
  facet normal -0.987579 -0.157126 0.00026044
    outer loop
      vertex 5.11861 0.57851 1.26198
      vertex 5.12493 0.538658 1.18407
      vertex 5.11599 0.595057 1.31001
    endloop
  endfacet
  facet normal -0.987665 -0.15658 9.77962e-06
    outer loop
      vertex 5.11599 0.595057 1.31001
      vertex 5.12493 0.538658 1.18414
      vertex 5.11395 0.607928 1.36162
    endloop
  endfacet
  facet normal -0.987669 -0.156559 0
    outer loop
      vertex 5.12493 0.538658 1.18407
      vertex 5.12493 0.538658 1.18414
      vertex 5.11599 0.595057 1.31001
    endloop
  endfacet
  facet normal 0 0 0
    outer loop
      vertex 5.12493 0.538658 1.18414
      vertex 5.12493 0.538658 1.18407
      vertex 5.12493 0.538658 1.18411
    endloop
  endfacet
  facet normal -0.987669 -0.156556 -0
    outer loop
      vertex 5.12493 0.538658 1.18421
      vertex 5.11395 0.607928 1.36162
      vertex 5.12493 0.538658 1.18414
    endloop
  endfacet
  facet normal -0.987669 -0.156556 -0
    outer loop
      vertex 5.12493 0.538658 1.18422
      vertex 5.11395 0.607928 1.36162
      vertex 5.12493 0.538658 1.18421
    endloop
  endfacet
  facet normal -0.987578 -0.157129 0.00022937
    outer loop
      vertex 5.11395 0.607928 1.36162
      vertex 5.12493 0.538658 1.18422
      vertex 5.1125 0.617122 1.41678
    endloop
  endfacet
  facet normal -0.987683 -0.156465 -0
    outer loop
      vertex 5.12493 0.538658 1.18431
      vertex 5.1125 0.617122 1.41678
      vertex 5.12493 0.538658 1.18422
    endloop
  endfacet
  facet normal -0.987683 -0.156465 -0
    outer loop
      vertex 5.12493 0.538658 1.18432
      vertex 5.1125 0.617122 1.41678
      vertex 5.12493 0.538658 1.18431
    endloop
  endfacet
  facet normal -0.987749 -0.15605 -0.000143837
    outer loop
      vertex 5.1125 0.617122 1.41678
      vertex 5.12493 0.538658 1.18432
      vertex 5.11162 0.622638 1.47552
    endloop
  endfacet
  facet normal -0.987672 -0.156536 0
    outer loop
      vertex 5.11162 0.622638 1.47552
      vertex 5.12493 0.538658 1.18432
      vertex 5.12493 0.538658 1.1844
    endloop
  endfacet
  facet normal -0.987672 -0.156536 -0
    outer loop
      vertex 5.12493 0.538658 1.18446
      vertex 5.11162 0.622638 1.47552
      vertex 5.12493 0.538658 1.1844
    endloop
  endfacet
  facet normal -0.98766 -0.156614 2.30337e-05
    outer loop
      vertex 5.11162 0.622638 1.47552
      vertex 5.12493 0.538658 1.18446
      vertex 5.11133 0.624476 1.53784
    endloop
  endfacet
  facet normal -0.987675 -0.156522 0
    outer loop
      vertex 5.12493 0.538658 1.18446
      vertex 5.12493 0.538658 1.87759
      vertex 5.11133 0.624476 1.53784
    endloop
  endfacet
  facet normal -0.987715 -0.156269 6.53684e-05
    outer loop
      vertex 5.12493 0.538658 1.87759
      vertex 5.11162 0.622667 1.59515
      vertex 5.11133 0.624476 1.53784
    endloop
  endfacet
  facet normal -0.987681 -0.156484 -0
    outer loop
      vertex 5.12493 0.538658 1.87768
      vertex 5.11162 0.622667 1.59515
      vertex 5.12493 0.538658 1.87759
    endloop
  endfacet
  facet normal -0.987681 -0.156484 0
    outer loop
      vertex 5.11162 0.622667 1.59515
      vertex 5.12493 0.538658 1.87768
      vertex 5.12493 0.538658 1.87771
    endloop
  endfacet
  facet normal -0.987656 -0.156638 -4.69633e-05
    outer loop
      vertex 5.12493 0.538658 1.87771
      vertex 5.11248 0.617228 1.64983
      vertex 5.11162 0.622667 1.59515
    endloop
  endfacet
  facet normal -0.987677 -0.156505 0
    outer loop
      vertex 5.11248 0.617228 1.64983
      vertex 5.12493 0.538658 1.87771
      vertex 5.12493 0.538658 1.87777
    endloop
  endfacet
  facet normal -0.987677 -0.156505 0
    outer loop
      vertex 5.11248 0.617228 1.64983
      vertex 5.12493 0.538658 1.87777
      vertex 5.12493 0.538658 1.8778
    endloop
  endfacet
  facet normal -0.987627 -0.156823 -0.000112434
    outer loop
      vertex 5.12493 0.538658 1.8778
      vertex 5.11391 0.608185 1.70181
      vertex 5.11248 0.617228 1.64983
    endloop
  endfacet
  facet normal -0.987671 -0.156545 -0
    outer loop
      vertex 5.12493 0.538658 1.87786
      vertex 5.11391 0.608185 1.70181
      vertex 5.12493 0.538658 1.8778
    endloop
  endfacet
  facet normal -0.987671 -0.156545 0
    outer loop
      vertex 5.11391 0.608185 1.70181
      vertex 5.12493 0.538658 1.87786
      vertex 5.12493 0.538658 1.87788
    endloop
  endfacet
  facet normal -0.987694 -0.156401 5.83426e-05
    outer loop
      vertex 5.12493 0.538658 1.87788
      vertex 5.11592 0.59551 1.75114
      vertex 5.11391 0.608185 1.70181
    endloop
  endfacet
  facet normal -0.987673 -0.156528 0
    outer loop
      vertex 5.11592 0.59551 1.75114
      vertex 5.12493 0.538658 1.87788
      vertex 5.12493 0.538658 1.87794
    endloop
  endfacet
  facet normal -0.987608 -0.156941 -0.000189567
    outer loop
      vertex 5.12493 0.538658 1.87794
      vertex 5.1185 0.579218 1.79781
      vertex 5.11592 0.59551 1.75114
    endloop
  endfacet
  facet normal -0.987666 -0.156575 -0
    outer loop
      vertex 5.12493 0.538658 1.87795
      vertex 5.1185 0.579218 1.79781
      vertex 5.12493 0.538658 1.87794
    endloop
  endfacet
  facet normal -0.987666 -0.156575 0
    outer loop
      vertex 5.1185 0.579218 1.79781
      vertex 5.12493 0.538658 1.87795
      vertex 5.12493 0.538658 1.87799
    endloop
  endfacet
  facet normal -0.98777 -0.155915 0.000342162
    outer loop
      vertex 5.12493 0.538658 1.87799
      vertex 5.12166 0.559295 1.8418
      vertex 5.1185 0.579218 1.79781
    endloop
  endfacet
  facet normal -0.987678 -0.156501 -0
    outer loop
      vertex 5.12493 0.538658 1.87803
      vertex 5.12166 0.559295 1.8418
      vertex 5.12493 0.538658 1.87799
    endloop
  endfacet
  facet normal -0.987678 -0.156501 0
    outer loop
      vertex 5.12166 0.559295 1.8418
      vertex 5.12493 0.538658 1.87803
      vertex 5.12493 0.538658 1.87804
    endloop
  endfacet
  facet normal -0.986587 -0.163186 0.00407965
    outer loop
      vertex 5.12203 0.556943 2.55284
      vertex 5.12493 0.538657 2.52271
      vertex 5.12493 0.538658 2.52275
    endloop
  endfacet
  facet normal -0.987655 -0.156642 -0
    outer loop
      vertex 5.12493 0.538658 2.52276
      vertex 5.12203 0.556943 2.55284
      vertex 5.12493 0.538658 2.52275
    endloop
  endfacet
  facet normal -0.987595 -0.157022 0.000236597
    outer loop
      vertex 5.12203 0.556943 2.55284
      vertex 5.12493 0.538658 2.52276
      vertex 5.11876 0.577576 2.59677
    endloop
  endfacet
  facet normal -0.987553 -0.157284 0.000378526
    outer loop
      vertex 5.11876 0.577576 2.59677
      vertex 5.12493 0.538658 2.52282
      vertex 5.11609 0.594455 2.64442
    endloop
  endfacet
  facet normal -0.987665 -0.156583 -0
    outer loop
      vertex 5.12493 0.538658 2.52282
      vertex 5.11876 0.577576 2.59677
      vertex 5.12493 0.538658 2.52276
    endloop
  endfacet
  facet normal -0.987681 -0.15648 -0
    outer loop
      vertex 5.12493 0.538658 2.52284
      vertex 5.11609 0.594455 2.64442
      vertex 5.12493 0.538658 2.52282
    endloop
  endfacet
  facet normal -0.987681 -0.15648 -0
    outer loop
      vertex 5.12493 0.538658 2.52289
      vertex 5.11609 0.594455 2.64442
      vertex 5.12493 0.538658 2.52284
    endloop
  endfacet
  facet normal -0.987653 -0.156659 8.4567e-05
    outer loop
      vertex 5.11609 0.594455 2.64442
      vertex 5.12493 0.538658 2.52289
      vertex 5.11401 0.607596 2.69579
    endloop
  endfacet
  facet normal -0.987685 -0.156453 -0
    outer loop
      vertex 5.12493 0.538658 2.52294
      vertex 5.11401 0.607596 2.69579
      vertex 5.12493 0.538658 2.52289
    endloop
  endfacet
  facet normal -0.987685 -0.156453 -0
    outer loop
      vertex 5.12493 0.538658 2.52297
      vertex 5.11401 0.607596 2.69579
      vertex 5.12493 0.538658 2.52294
    endloop
  endfacet
  facet normal -0.987746 -0.156073 -0.000155361
    outer loop
      vertex 5.11401 0.607596 2.69579
      vertex 5.12493 0.538658 2.52297
      vertex 5.11252 0.616971 2.75089
    endloop
  endfacet
  facet normal -0.987676 -0.156514 -0
    outer loop
      vertex 5.12493 0.538658 2.52303
      vertex 5.11252 0.616971 2.75089
      vertex 5.12493 0.538658 2.52297
    endloop
  endfacet
  facet normal -0.987676 -0.156514 -0
    outer loop
      vertex 5.12493 0.538658 2.52307
      vertex 5.11252 0.616971 2.75089
      vertex 5.12493 0.538658 2.52303
    endloop
  endfacet
  facet normal -0.987668 -0.156563 1.72444e-05
    outer loop
      vertex 5.11252 0.616971 2.75089
      vertex 5.12493 0.538658 2.52307
      vertex 5.11163 0.622592 2.80969
    endloop
  endfacet
  facet normal -0.987677 -0.156505 -0
    outer loop
      vertex 5.12493 0.538658 2.52311
      vertex 5.11163 0.622592 2.80969
      vertex 5.12493 0.538658 2.52307
    endloop
  endfacet
  facet normal -0.987677 -0.156505 -0
    outer loop
      vertex 5.12493 0.538658 2.52321
      vertex 5.11163 0.622592 2.80969
      vertex 5.12493 0.538658 2.52311
    endloop
  endfacet
  facet normal -0.987691 -0.156419 -2.57913e-05
    outer loop
      vertex 5.11163 0.622592 2.80969
      vertex 5.12493 0.538658 2.52321
      vertex 5.11133 0.624476 2.87224
    endloop
  endfacet
  facet normal -0.987675 -0.156522 0
    outer loop
      vertex 5.12493 0.538658 2.52321
      vertex 5.12493 0.538658 3.20749
      vertex 5.11133 0.624476 2.87224
    endloop
  endfacet
  facet normal -0.98772 -0.156235 7.52288e-05
    outer loop
      vertex 5.12493 0.538658 3.20749
      vertex 5.11163 0.622607 2.92957
      vertex 5.11133 0.624476 2.87224
    endloop
  endfacet
  facet normal -0.987681 -0.156478 -0
    outer loop
      vertex 5.12493 0.538658 3.20755
      vertex 5.11163 0.622607 2.92957
      vertex 5.12493 0.538658 3.20749
    endloop
  endfacet
  facet normal -0.987681 -0.156478 0
    outer loop
      vertex 5.11163 0.622607 2.92957
      vertex 5.12493 0.538658 3.20755
      vertex 5.12493 0.538658 3.20761
    endloop
  endfacet
  facet normal -0.987707 -0.156315 5.0479e-05
    outer loop
      vertex 5.12493 0.538658 3.20761
      vertex 5.11252 0.617001 2.98422
      vertex 5.11163 0.622607 2.92957
    endloop
  endfacet
  facet normal -0.987685 -0.156455 -0
    outer loop
      vertex 5.12493 0.538658 3.20763
      vertex 5.11252 0.617001 2.98422
      vertex 5.12493 0.538658 3.20761
    endloop
  endfacet
  facet normal -0.987685 -0.156455 0
    outer loop
      vertex 5.11252 0.617001 2.98422
      vertex 5.12493 0.538658 3.20763
      vertex 5.12493 0.538658 3.20771
    endloop
  endfacet
  facet normal -0.987551 -0.157296 -0.000302229
    outer loop
      vertex 5.12493 0.538658 3.20771
      vertex 5.11399 0.607672 3.03622
      vertex 5.11252 0.617001 2.98422
    endloop
  endfacet
  facet normal -0.987668 -0.156564 -0
    outer loop
      vertex 5.12493 0.538658 3.20772
      vertex 5.11399 0.607672 3.03622
      vertex 5.12493 0.538658 3.20771
    endloop
  endfacet
  facet normal -0.987668 -0.156564 0
    outer loop
      vertex 5.11399 0.607672 3.03622
      vertex 5.12493 0.538658 3.20772
      vertex 5.12493 0.538658 3.20778
    endloop
  endfacet
  facet normal -0.987637 -0.156757 -7.98952e-05
    outer loop
      vertex 5.12493 0.538658 3.20778
      vertex 5.11606 0.594605 3.08554
      vertex 5.11399 0.607672 3.03622
    endloop
  endfacet
  facet normal -0.987664 -0.156587 0
    outer loop
      vertex 5.11606 0.594605 3.08554
      vertex 5.12493 0.538658 3.20778
      vertex 5.12493 0.538658 3.20781
    endloop
  endfacet
  facet normal -0.987664 -0.156587 0
    outer loop
      vertex 5.11606 0.594605 3.08554
      vertex 5.12493 0.538658 3.20781
      vertex 5.12493 0.538658 3.20785
    endloop
  endfacet
  facet normal -0.98753 -0.157433 -0.000396818
    outer loop
      vertex 5.12493 0.538658 3.20785
      vertex 5.11872 0.577802 3.13222
      vertex 5.11606 0.594605 3.08554
    endloop
  endfacet
  facet normal -0.987649 -0.156686 -0
    outer loop
      vertex 5.12493 0.538658 3.2079
      vertex 5.11872 0.577802 3.13222
      vertex 5.12493 0.538658 3.20785
    endloop
  endfacet
  facet normal -0.987886 -0.155176 0.000800184
    outer loop
      vertex 5.12493 0.538658 3.2079
      vertex 5.12198 0.557275 3.17622
      vertex 5.11872 0.577802 3.13222
    endloop
  endfacet
  facet normal -0.987677 -0.156505 0
    outer loop
      vertex 5.12198 0.557275 3.17622
      vertex 5.12493 0.538658 3.2079
      vertex 5.12493 0.538658 3.20795
    endloop
  endfacet
  facet normal -0.987664 -0.156586 -0
    outer loop
      vertex 5.12493 0.538658 4.19005
      vertex 5.1153 0.599399 4.21475
      vertex 5.12493 0.538658 4.19004
    endloop
  endfacet
  facet normal -0.987664 -0.156586 -0
    outer loop
      vertex 5.12493 0.538658 4.19007
      vertex 5.1153 0.599399 4.21475
      vertex 5.12493 0.538658 4.19005
    endloop
  endfacet
  facet normal -0.987664 -0.156586 -0
    outer loop
      vertex 5.12493 0.538658 4.19025
      vertex 5.1153 0.599399 4.21475
      vertex 5.12493 0.538658 4.19007
    endloop
  endfacet
  facet normal -0.987664 -0.156586 0
    outer loop
      vertex 5.1153 0.599399 4.21475
      vertex 5.12493 0.538658 4.19025
      vertex 5.1153 0.599399 4.4772
    endloop
  endfacet
  facet normal -0.987664 -0.156586 -0
    outer loop
      vertex 5.12493 0.538658 4.50211
      vertex 5.1153 0.599399 4.4772
      vertex 5.12493 0.538658 4.19025
    endloop
  endfacet
  facet normal -0.987664 -0.156586 -0
    outer loop
      vertex 5.12493 0.538658 4.50219
      vertex 5.1153 0.599399 4.4772
      vertex 5.12493 0.538658 4.50211
    endloop
  endfacet
  facet normal -0.987664 -0.156586 -0
    outer loop
      vertex 5.12493 0.538658 4.50223
      vertex 5.1153 0.599399 4.4772
      vertex 5.12493 0.538658 4.50219
    endloop
  endfacet
  facet normal -0.987664 -0.156586 -0
    outer loop
      vertex 5.12493 0.538658 4.50226
      vertex 5.1153 0.599399 4.4772
      vertex 5.12493 0.538658 4.50223
    endloop
  endfacet
  facet normal -0.987664 -0.156586 -0
    outer loop
      vertex 5.12493 0.538658 4.50228
      vertex 5.1153 0.599399 4.4772
      vertex 5.12493 0.538658 4.50226
    endloop
  endfacet
  facet normal -0.987664 -0.156586 0
    outer loop
      vertex 5.1153 0.599399 4.4772
      vertex 5.12493 0.538658 4.50228
      vertex 5.12493 0.538658 4.5023
    endloop
  endfacet
  facet normal 0.987696 0.156389 0
    outer loop
      vertex 5.13267 0.539674 -4.03532
      vertex 5.12302 0.60062 -4.26631
      vertex 5.12302 0.60062 -4.03532
    endloop
  endfacet
  facet normal 0.987696 0.156389 0
    outer loop
      vertex 5.12302 0.60062 -4.26631
      vertex 5.13267 0.539674 -4.03532
      vertex 5.13267 0.539674 -4.26631
    endloop
  endfacet
  facet normal 0.987696 0.156389 0
    outer loop
      vertex 5.13267 0.539674 -2.69003
      vertex 5.12302 0.60062 -2.92102
      vertex 5.12302 0.60062 -2.69003
    endloop
  endfacet
  facet normal 0.987696 0.156389 0
    outer loop
      vertex 5.12302 0.60062 -2.92102
      vertex 5.13267 0.539674 -2.69003
      vertex 5.13267 0.539674 -2.92102
    endloop
  endfacet
  facet normal 0.987696 0.156389 0
    outer loop
      vertex 5.13267 0.539674 -1.07661
      vertex 5.12302 0.60062 -2.36945
      vertex 5.12302 0.60062 -1.07661
    endloop
  endfacet
  facet normal 0.987696 0.156389 0
    outer loop
      vertex 5.12302 0.60062 -2.36945
      vertex 5.13267 0.539674 -1.07661
      vertex 5.13267 0.539674 -2.36945
    endloop
  endfacet
  facet normal 0.987656 0.15664 -8.67489e-05
    outer loop
      vertex 5.13267 0.539674 -0.500198
      vertex 5.12555 0.58463 -0.387161
      vertex 5.12321 0.599415 -0.331711
    endloop
  endfacet
  facet normal 0.988485 0.151304 0.00220393
    outer loop
      vertex 5.13267 0.539674 -0.500198
      vertex 5.1318 0.545204 -0.489639
      vertex 5.12842 0.56656 -0.439804
    endloop
  endfacet
  facet normal 0.988118 0.153694 0.001114
    outer loop
      vertex 5.13267 0.539674 -0.500198
      vertex 5.12842 0.56656 -0.439804
      vertex 5.12555 0.58463 -0.387161
    endloop
  endfacet
  facet normal 0.987679 0.156493 -3.32543e-05
    outer loop
      vertex 5.13267 0.539674 -0.500198
      vertex 5.12321 0.599415 -0.331711
      vertex 5.12139 0.610914 -0.273468
    endloop
  endfacet
  facet normal 0.987689 0.156428 -1.21733e-05
    outer loop
      vertex 5.13267 0.539674 -0.500198
      vertex 5.12139 0.610914 -0.273468
      vertex 5.12009 0.619127 -0.212433
    endloop
  endfacet
  facet normal 0.987691 0.156416 -9.05243e-06
    outer loop
      vertex 5.13267 0.539674 -0.500198
      vertex 5.12009 0.619127 -0.212433
      vertex 5.11931 0.624056 -0.148605
    endloop
  endfacet
  facet normal 0.987697 0.156378 4.30671e-07
    outer loop
      vertex 5.13267 0.539674 -0.500198
      vertex 5.11931 0.624056 -0.148605
      vertex 5.11905 0.625698 -0.0819702
    endloop
  endfacet
  facet normal 0.987697 0.15638 0
    outer loop
      vertex 5.13267 0.539674 0.331543
      vertex 5.13267 0.539674 -0.500198
      vertex 5.11905 0.625698 -0.0819702
    endloop
  endfacet
  facet normal 0.987646 0.156702 6.8649e-05
    outer loop
      vertex 5.11961 0.622127 0.0127258
      vertex 5.13267 0.539674 0.331543
      vertex 5.11905 0.625698 -0.0819702
    endloop
  endfacet
  facet normal 0.98778 0.155857 -0.000155412
    outer loop
      vertex 5.12131 0.611442 0.102142
      vertex 5.13267 0.539674 0.331543
      vertex 5.11961 0.622127 0.0127258
    endloop
  endfacet
  facet normal 0.987665 0.156581 7.69326e-05
    outer loop
      vertex 5.12413 0.593613 0.186264
      vertex 5.13267 0.539674 0.331543
      vertex 5.12131 0.611442 0.102142
    endloop
  endfacet
  facet normal 0.987643 0.15672 0.000129635
    outer loop
      vertex 5.12808 0.568655 0.265106
      vertex 5.13267 0.539674 0.331543
      vertex 5.12413 0.593613 0.186264
    endloop
  endfacet
  facet normal 0.987633 0.15678 -0.00023869
    outer loop
      vertex 5.13267 0.539674 1.18361
      vertex 5.12953 0.559506 1.21753
      vertex 5.12633 0.579732 1.26198
    endloop
  endfacet
  facet normal 0.987724 0.156212 5.92837e-05
    outer loop
      vertex 5.13267 0.539674 1.18361
      vertex 5.12633 0.579732 1.26198
      vertex 5.12371 0.59628 1.31001
    endloop
  endfacet
  facet normal 0.987743 0.156088 0.000116038
    outer loop
      vertex 5.13267 0.539674 1.18361
      vertex 5.12371 0.59628 1.31001
      vertex 5.12167 0.609151 1.36162
    endloop
  endfacet
  facet normal 0.987755 0.156013 0.000145918
    outer loop
      vertex 5.13267 0.539674 1.18361
      vertex 5.12167 0.609151 1.36162
      vertex 5.12021 0.618343 1.41678
    endloop
  endfacet
  facet normal 0.987649 0.156681 -8.50956e-05
    outer loop
      vertex 5.13267 0.539674 1.18361
      vertex 5.12021 0.618343 1.41678
      vertex 5.11934 0.623859 1.47552
    endloop
  endfacet
  facet normal 0.987684 0.156464 -2.10179e-05
    outer loop
      vertex 5.13267 0.539674 1.18361
      vertex 5.11934 0.623859 1.47552
      vertex 5.11905 0.625698 1.53784
    endloop
  endfacet
  facet normal 0.987697 0.15638 0
    outer loop
      vertex 5.13267 0.539674 1.8784
      vertex 5.13267 0.539674 1.18361
      vertex 5.11905 0.625698 1.53784
    endloop
  endfacet
  facet normal 0.987742 0.156095 -7.37206e-05
    outer loop
      vertex 5.11934 0.62389 1.59515
      vertex 5.13267 0.539674 1.8784
      vertex 5.11905 0.625698 1.53784
    endloop
  endfacet
  facet normal 0.987687 0.156446 3.31306e-05
    outer loop
      vertex 5.1202 0.618449 1.64983
      vertex 5.13267 0.539674 1.8784
      vertex 5.11934 0.62389 1.59515
    endloop
  endfacet
  facet normal 0.987676 0.156515 5.74555e-05
    outer loop
      vertex 5.12163 0.609406 1.70181
      vertex 5.13267 0.539674 1.8784
      vertex 5.1202 0.618449 1.64983
    endloop
  endfacet
  facet normal 0.987775 0.155885 -0.000197559
    outer loop
      vertex 5.12364 0.596732 1.75114
      vertex 5.13267 0.539674 1.8784
      vertex 5.12163 0.609406 1.70181
    endloop
  endfacet
  facet normal 0.987766 0.155943 -0.000170701
    outer loop
      vertex 5.12622 0.580441 1.79781
      vertex 5.13267 0.539674 1.8784
      vertex 5.12364 0.596732 1.75114
    endloop
  endfacet
  facet normal 0.987552 0.15729 0.00052751
    outer loop
      vertex 5.12937 0.560516 1.8418
      vertex 5.13267 0.539674 1.8784
      vertex 5.12622 0.580441 1.79781
    endloop
  endfacet
  facet normal 0.988068 0.154016 0.00121713
    outer loop
      vertex 5.13267 0.539674 2.52237
      vertex 5.12975 0.558166 2.55284
      vertex 5.12648 0.578797 2.59677
    endloop
  endfacet
  facet normal 0.987886 0.155183 0.000588569
    outer loop
      vertex 5.13267 0.539674 2.52237
      vertex 5.12648 0.578797 2.59677
      vertex 5.1238 0.595677 2.64442
    endloop
  endfacet
  facet normal 0.987667 0.156572 -6.46344e-05
    outer loop
      vertex 5.13267 0.539674 2.52237
      vertex 5.1238 0.595677 2.64442
      vertex 5.12172 0.608819 2.69579
    endloop
  endfacet
  facet normal 0.987637 0.156757 -0.000140487
    outer loop
      vertex 5.13267 0.539674 2.52237
      vertex 5.12172 0.608819 2.69579
      vertex 5.12024 0.618193 2.75089
    endloop
  endfacet
  facet normal 0.9877 0.156358 1.33386e-07
    outer loop
      vertex 5.13267 0.539674 2.52237
      vertex 5.12024 0.618193 2.75089
      vertex 5.11935 0.623815 2.80969
    endloop
  endfacet
  facet normal 0.987718 0.156247 3.36226e-05
    outer loop
      vertex 5.13267 0.539674 2.52237
      vertex 5.11935 0.623815 2.80969
      vertex 5.11905 0.625698 2.87224
    endloop
  endfacet
  facet normal 0.987697 0.15638 0
    outer loop
      vertex 5.13267 0.539674 3.2083
      vertex 5.13267 0.539674 2.52237
      vertex 5.11905 0.625698 2.87224
    endloop
  endfacet
  facet normal 0.987628 0.156813 0.000113632
    outer loop
      vertex 5.11934 0.62383 2.92957
      vertex 5.13267 0.539674 3.2083
      vertex 5.11905 0.625698 2.87224
    endloop
  endfacet
  facet normal 0.987713 0.15628 -5.1245e-05
    outer loop
      vertex 5.12023 0.618223 2.98422
      vertex 5.13267 0.539674 3.2083
      vertex 5.11934 0.62383 2.92957
    endloop
  endfacet
  facet normal 0.987734 0.156148 -9.89465e-05
    outer loop
      vertex 5.12171 0.608894 3.03622
      vertex 5.13267 0.539674 3.2083
      vertex 5.12023 0.618223 2.98422
    endloop
  endfacet
  facet normal 0.987722 0.156219 -6.95242e-05
    outer loop
      vertex 5.12378 0.595828 3.08554
      vertex 5.13267 0.539674 3.2083
      vertex 5.12171 0.608894 3.03622
    endloop
  endfacet
  facet normal 0.987683 0.156468 4.74304e-05
    outer loop
      vertex 5.12644 0.579023 3.13222
      vertex 5.13267 0.539674 3.2083
      vertex 5.12378 0.595828 3.08554
    endloop
  endfacet
  facet normal 0.98771 0.156299 -4.23043e-05
    outer loop
      vertex 5.12969 0.558497 3.17622
      vertex 5.13267 0.539674 3.2083
      vertex 5.12644 0.579023 3.13222
    endloop
  endfacet
  facet normal 0.987696 0.156389 0
    outer loop
      vertex 5.13267 0.539674 4.50238
      vertex 5.12302 0.60062 4.21475
      vertex 5.12302 0.60062 4.4772
    endloop
  endfacet
  facet normal 0.987696 0.156389 0
    outer loop
      vertex 5.12302 0.60062 4.21475
      vertex 5.13267 0.539674 4.50238
      vertex 5.13267 0.539674 4.18996
    endloop
  endfacet
  facet normal -0.156219 0.987722 0
    outer loop
      vertex 5.12302 0.60062 -4.26631
      vertex 5.1153 0.599399 -4.03532
      vertex 5.12302 0.60062 -4.03532
    endloop
  endfacet
  facet normal -0.156219 0.987722 0
    outer loop
      vertex 5.1153 0.599399 -4.03532
      vertex 5.12302 0.60062 -4.26631
      vertex 5.1153 0.599399 -4.26631
    endloop
  endfacet
  facet normal 0 0 1
    outer loop
      vertex 5.12302 0.60062 -4.03532
      vertex 5.12877 0.539055 -4.03532
      vertex 5.13267 0.539674 -4.03532
    endloop
  endfacet
  facet normal 0 0 1
    outer loop
      vertex 5.12877 0.539055 -4.03532
      vertex 5.12302 0.60062 -4.03532
      vertex 5.12492 0.538853 -4.03532
    endloop
  endfacet
  facet normal 0 0 1
    outer loop
      vertex 5.12492 0.538853 -4.03532
      vertex 5.1153 0.599399 -4.03532
      vertex 5.12493 0.538658 -4.03532
    endloop
  endfacet
  facet normal -0 0 1
    outer loop
      vertex 5.1153 0.599399 -4.03532
      vertex 5.12492 0.538853 -4.03532
      vertex 5.12302 0.60062 -4.03532
    endloop
  endfacet
  facet normal 0.156756 -0.987637 0
    outer loop
      vertex 5.12877 0.539055 -4.26631
      vertex 5.13267 0.539674 -4.03532
      vertex 5.12877 0.539055 -4.03532
    endloop
  endfacet
  facet normal 0.156756 -0.987637 0
    outer loop
      vertex 5.12877 0.539055 -4.26631
      vertex 5.13267 0.539674 -4.26631
      vertex 5.13267 0.539674 -4.03532
    endloop
  endfacet
  facet normal 0 0 -1
    outer loop
      vertex 5.13267 0.539674 -4.26631
      vertex 5.12877 0.539055 -4.26631
      vertex 5.12496 0.538451 -4.26631
    endloop
  endfacet
  facet normal 0 0 -1
    outer loop
      vertex 5.12496 0.538451 -4.26631
      vertex 5.12302 0.60062 -4.26631
      vertex 5.13267 0.539674 -4.26631
    endloop
  endfacet
  facet normal 0 -0 -1
    outer loop
      vertex 5.12302 0.60062 -4.26631
      vertex 5.12496 0.538451 -4.26631
      vertex 5.1153 0.599399 -4.26631
    endloop
  endfacet
  facet normal -0.156219 0.987722 0
    outer loop
      vertex 5.12302 0.60062 -2.92102
      vertex 5.1153 0.599399 -2.69003
      vertex 5.12302 0.60062 -2.69003
    endloop
  endfacet
  facet normal -0.156219 0.987722 0
    outer loop
      vertex 5.1153 0.599399 -2.69003
      vertex 5.12302 0.60062 -2.92102
      vertex 5.1153 0.599399 -2.92102
    endloop
  endfacet
  facet normal 0 0 1
    outer loop
      vertex 5.12302 0.60062 -2.69003
      vertex 5.12877 0.539055 -2.69003
      vertex 5.13267 0.539674 -2.69003
    endloop
  endfacet
  facet normal 0 0 1
    outer loop
      vertex 5.12877 0.539055 -2.69003
      vertex 5.12302 0.60062 -2.69003
      vertex 5.12492 0.538853 -2.69003
    endloop
  endfacet
  facet normal 0 0 1
    outer loop
      vertex 5.12492 0.538853 -2.69003
      vertex 5.1153 0.599399 -2.69003
      vertex 5.12493 0.538658 -2.69003
    endloop
  endfacet
  facet normal -0 0 1
    outer loop
      vertex 5.1153 0.599399 -2.69003
      vertex 5.12492 0.538853 -2.69003
      vertex 5.12302 0.60062 -2.69003
    endloop
  endfacet
  facet normal 0.156756 -0.987637 0
    outer loop
      vertex 5.12877 0.539055 -2.92102
      vertex 5.13267 0.539674 -2.69003
      vertex 5.12877 0.539055 -2.69003
    endloop
  endfacet
  facet normal 0.156756 -0.987637 0
    outer loop
      vertex 5.12877 0.539055 -2.92102
      vertex 5.13267 0.539674 -2.92102
      vertex 5.13267 0.539674 -2.69003
    endloop
  endfacet
  facet normal 0 0 -1
    outer loop
      vertex 5.13267 0.539674 -2.92102
      vertex 5.12877 0.539055 -2.92102
      vertex 5.12496 0.538451 -2.92102
    endloop
  endfacet
  facet normal 0 0 -1
    outer loop
      vertex 5.12496 0.538451 -2.92102
      vertex 5.12302 0.60062 -2.92102
      vertex 5.13267 0.539674 -2.92102
    endloop
  endfacet
  facet normal 0 -0 -1
    outer loop
      vertex 5.12302 0.60062 -2.92102
      vertex 5.12496 0.538451 -2.92102
      vertex 5.1153 0.599399 -2.92102
    endloop
  endfacet
  facet normal 0 0 -1
    outer loop
      vertex 5.12496 0.538451 -2.36945
      vertex 5.12302 0.60062 -2.36945
      vertex 5.13267 0.539674 -2.36945
    endloop
  endfacet
  facet normal 0 -0 -1
    outer loop
      vertex 5.12302 0.60062 -2.36945
      vertex 5.12496 0.538451 -2.36945
      vertex 5.1153 0.599399 -2.36945
    endloop
  endfacet
  facet normal -0.156219 0.987722 0
    outer loop
      vertex 5.12302 0.60062 -2.36945
      vertex 5.1153 0.599399 -1.07661
      vertex 5.12302 0.60062 -1.07661
    endloop
  endfacet
  facet normal -0.156219 0.987722 0
    outer loop
      vertex 5.1153 0.599399 -1.07661
      vertex 5.12302 0.60062 -2.36945
      vertex 5.1153 0.599399 -2.36945
    endloop
  endfacet
  facet normal 0 0 1
    outer loop
      vertex 5.12302 0.60062 -1.07661
      vertex 5.12877 0.539055 -1.07661
      vertex 5.13267 0.539674 -1.07661
    endloop
  endfacet
  facet normal -0 0 1
    outer loop
      vertex 5.1153 0.599399 -1.07661
      vertex 5.12492 0.538853 -1.07661
      vertex 5.12302 0.60062 -1.07661
    endloop
  endfacet
  facet normal 0 0 1
    outer loop
      vertex 5.12877 0.539055 -1.07661
      vertex 5.12302 0.60062 -1.07661
      vertex 5.12492 0.538853 -1.07661
    endloop
  endfacet
  facet normal 0 0 1
    outer loop
      vertex 5.12492 0.538852 -1.07661
      vertex 5.1153 0.599399 -1.07661
      vertex 5.12493 0.538658 -1.07661
    endloop
  endfacet
  facet normal 0 0 1
    outer loop
      vertex 5.12492 0.538853 -1.07661
      vertex 5.1153 0.599399 -1.07661
      vertex 5.12492 0.538852 -1.07661
    endloop
  endfacet
  facet normal 0.156575 -0.987666 0
    outer loop
      vertex 5.12496 0.538451 -2.36944
      vertex 5.12496 0.538451 -2.36945
      vertex 5.12877 0.539055 -2.36944
    endloop
  endfacet
  facet normal 0.156756 -0.987637 0
    outer loop
      vertex 5.12877 0.539055 -2.36944
      vertex 5.13267 0.539674 -1.07661
      vertex 5.12877 0.539055 -1.07661
    endloop
  endfacet
  facet normal 0.156756 -0.987637 0
    outer loop
      vertex 5.12877 0.539055 -2.36944
      vertex 5.13267 0.539674 -2.36945
      vertex 5.13267 0.539674 -1.07661
    endloop
  endfacet
  facet normal 0.156566 -0.987021 -0.0357171
    outer loop
      vertex 5.13267 0.539674 -2.36945
      vertex 5.12877 0.539055 -2.36944
      vertex 5.12496 0.538451 -2.36945
    endloop
  endfacet
  facet normal -0.138298 0.872502 -0.46863
    outer loop
      vertex 5.12408 0.543983 -0.489639
      vertex 5.12876 0.539054 -0.500197
      vertex 5.12492 0.538853 -0.499438
    endloop
  endfacet
  facet normal -0.138462 0.87245 -0.468679
    outer loop
      vertex 5.13267 0.539674 -0.500198
      vertex 5.12876 0.539054 -0.500197
      vertex 5.12408 0.543983 -0.489639
    endloop
  endfacet
  facet normal -0.156611 0.98766 0
    outer loop
      vertex 5.12876 0.539054 -0.500197
      vertex 5.13267 0.539674 -0.500198
      vertex 5.12876 0.539054 -0.500198
    endloop
  endfacet
  facet normal -0.080684 0.880189 -0.467715
    outer loop
      vertex 5.12492 0.538726 -0.499677
      vertex 5.12408 0.543983 -0.489639
      vertex 5.12492 0.538853 -0.499438
    endloop
  endfacet
  facet normal -0.265406 0.844792 -0.464636
    outer loop
      vertex 5.12492 0.538715 -0.499697
      vertex 5.12408 0.543983 -0.489639
      vertex 5.12492 0.538726 -0.499677
    endloop
  endfacet
  facet normal -0.125159 0.874549 -0.468508
    outer loop
      vertex 5.12492 0.5387 -0.499725
      vertex 5.12408 0.543983 -0.489639
      vertex 5.12492 0.538715 -0.499697
    endloop
  endfacet
  facet normal -0.1972 0.861596 -0.467723
    outer loop
      vertex 5.12492 0.538681 -0.49976
      vertex 5.12408 0.543983 -0.489639
      vertex 5.12492 0.5387 -0.499725
    endloop
  endfacet
  facet normal 0.132973 0.886484 -0.443242
    outer loop
      vertex 5.12493 0.538657 -0.499805
      vertex 5.12492 0.538681 -0.49976
      vertex 5.12493 0.538659 -0.499801
    endloop
  endfacet
  facet normal -0.0602946 -0.886249 0.459268
    outer loop
      vertex 5.12492 0.538681 -0.49976
      vertex 5.12493 0.538657 -0.499805
      vertex 5.12408 0.543983 -0.489639
    endloop
  endfacet
  facet normal -0.138021 0.872665 -0.468408
    outer loop
      vertex 5.1318 0.545204 -0.489639
      vertex 5.13267 0.539674 -0.500198
      vertex 5.12408 0.543983 -0.489639
    endloop
  endfacet
  facet normal -0.143311 0.906113 -0.39802
    outer loop
      vertex 5.12408 0.543983 -0.489639
      vertex 5.12842 0.56656 -0.439804
      vertex 5.1318 0.545204 -0.489639
    endloop
  endfacet
  facet normal -0.143427 0.906102 -0.398005
    outer loop
      vertex 5.12842 0.56656 -0.439804
      vertex 5.12408 0.543983 -0.489639
      vertex 5.1207 0.565338 -0.439804
    endloop
  endfacet
  facet normal -0.147678 0.93296 -0.328295
    outer loop
      vertex 5.1207 0.565338 -0.439804
      vertex 5.12555 0.58463 -0.387161
      vertex 5.12842 0.56656 -0.439804
    endloop
  endfacet
  facet normal -0.147867 0.932939 -0.32827
    outer loop
      vertex 5.12555 0.58463 -0.387161
      vertex 5.1207 0.565338 -0.439804
      vertex 5.11784 0.583408 -0.387161
    endloop
  endfacet
  facet normal -0.151132 0.953542 -0.26061
    outer loop
      vertex 5.12555 0.58463 -0.387161
      vertex 5.11784 0.583408 -0.387161
      vertex 5.1155 0.598192 -0.331711
    endloop
  endfacet
  facet normal -0.151252 0.953518 -0.260626
    outer loop
      vertex 5.12321 0.599415 -0.331711
      vertex 5.12555 0.58463 -0.387161
      vertex 5.1155 0.598192 -0.331711
    endloop
  endfacet
  facet normal -0.153627 0.968493 -0.196012
    outer loop
      vertex 5.1155 0.598192 -0.331711
      vertex 5.12139 0.610914 -0.273468
      vertex 5.12321 0.599415 -0.331711
    endloop
  endfacet
  facet normal -0.15331 0.968535 -0.196053
    outer loop
      vertex 5.12139 0.610914 -0.273468
      vertex 5.1155 0.598192 -0.331711
      vertex 5.11367 0.609692 -0.273468
    endloop
  endfacet
  facet normal -0.154912 0.97866 -0.135006
    outer loop
      vertex 5.12139 0.610914 -0.273468
      vertex 5.11367 0.609692 -0.273468
      vertex 5.11237 0.617906 -0.212433
    endloop
  endfacet
  facet normal -0.154789 0.978682 -0.13499
    outer loop
      vertex 5.12009 0.619127 -0.212433
      vertex 5.12139 0.610914 -0.273468
      vertex 5.11237 0.617906 -0.212433
    endloop
  endfacet
  facet normal -0.155744 0.98472 -0.0779156
    outer loop
      vertex 5.12009 0.619127 -0.212433
      vertex 5.11237 0.617906 -0.212433
      vertex 5.11159 0.622833 -0.148605
    endloop
  endfacet
  facet normal -0.155992 0.984678 -0.0779462
    outer loop
      vertex 5.11931 0.624056 -0.148605
      vertex 5.12009 0.619127 -0.212433
      vertex 5.11159 0.622833 -0.148605
    endloop
  endfacet
  facet normal -0.15642 0.987375 -0.0249558
    outer loop
      vertex 5.11931 0.624056 -0.148605
      vertex 5.11159 0.622833 -0.148605
      vertex 5.11133 0.624476 -0.0819702
    endloop
  endfacet
  facet normal -0.156295 0.987395 -0.024941
    outer loop
      vertex 5.11905 0.625698 -0.0819702
      vertex 5.11931 0.624056 -0.148605
      vertex 5.11133 0.624476 -0.0819702
    endloop
  endfacet
  facet normal -0.15623 0.986983 0.0381701
    outer loop
      vertex 5.1119 0.620904 0.0127258
      vertex 5.11905 0.625698 -0.0819702
      vertex 5.11133 0.624476 -0.0819702
    endloop
  endfacet
  facet normal -0.156552 0.986933 0.0381432
    outer loop
      vertex 5.11961 0.622127 0.0127258
      vertex 5.11905 0.625698 -0.0819702
      vertex 5.1119 0.620904 0.0127258
    endloop
  endfacet
  facet normal -0.155532 0.980502 0.120107
    outer loop
      vertex 5.11359 0.610219 0.102142
      vertex 5.11961 0.622127 0.0127258
      vertex 5.1119 0.620904 0.0127258
    endloop
  endfacet
  facet normal -0.155335 0.980531 0.120124
    outer loop
      vertex 5.12131 0.611442 0.102142
      vertex 5.11961 0.622127 0.0127258
      vertex 5.11359 0.610219 0.102142
    endloop
  endfacet
  facet normal -0.152986 0.965701 0.209801
    outer loop
      vertex 5.12131 0.611442 0.102142
      vertex 5.11641 0.59239 0.186264
      vertex 5.12413 0.593613 0.186264
    endloop
  endfacet
  facet normal -0.152986 0.965701 0.209801
    outer loop
      vertex 5.11641 0.59239 0.186264
      vertex 5.12131 0.611442 0.102142
      vertex 5.11359 0.610219 0.102142
    endloop
  endfacet
  facet normal -0.149002 0.940552 0.305222
    outer loop
      vertex 5.12037 0.567432 0.265106
      vertex 5.12413 0.593613 0.186264
      vertex 5.11641 0.59239 0.186264
    endloop
  endfacet
  facet normal -0.149191 0.940527 0.305205
    outer loop
      vertex 5.12808 0.568655 0.265106
      vertex 5.12413 0.593613 0.186264
      vertex 5.12037 0.567432 0.265106
    endloop
  endfacet
  facet normal -0.156611 0.98766 0
    outer loop
      vertex 5.13267 0.539674 0.331543
      vertex 5.12876 0.539054 0.331542
      vertex 5.12876 0.539054 0.331543
    endloop
  endfacet
  facet normal -0.143333 0.903267 0.40443
    outer loop
      vertex 5.13267 0.539674 0.331543
      vertex 5.12492 0.538853 0.33063
      vertex 5.12876 0.539054 0.331542
    endloop
  endfacet
  facet normal -0.143303 0.903462 0.404007
    outer loop
      vertex 5.12492 0.538853 0.33063
      vertex 5.13267 0.539674 0.331543
      vertex 5.12808 0.568655 0.265106
    endloop
  endfacet
  facet normal 0.350739 0.876847 0.328818
    outer loop
      vertex 5.12492 0.538689 0.330998
      vertex 5.12493 0.538658 0.33107
      vertex 5.12493 0.538661 0.331062
    endloop
  endfacet
  facet normal 0.155336 -0.899316 -0.40878
    outer loop
      vertex 5.12492 0.538709 0.330954
      vertex 5.12493 0.538658 0.33107
      vertex 5.12492 0.538689 0.330998
    endloop
  endfacet
  facet normal 0.050702 -0.912636 -0.405616
    outer loop
      vertex 5.12492 0.538853 0.33063
      vertex 5.12493 0.538658 0.33107
      vertex 5.12492 0.538709 0.330954
    endloop
  endfacet
  facet normal -0.135963 0.904601 0.403993
    outer loop
      vertex 5.12492 0.538853 0.33063
      vertex 5.12037 0.567432 0.265106
      vertex 5.12493 0.538658 0.33107
    endloop
  endfacet
  facet normal -0.143312 0.903461 0.404006
    outer loop
      vertex 5.12037 0.567432 0.265106
      vertex 5.12492 0.538853 0.33063
      vertex 5.12808 0.568655 0.265106
    endloop
  endfacet
  facet normal 0.135565 -0.854931 0.500714
    outer loop
      vertex 5.12877 0.539055 0.331542
      vertex 5.13267 0.539674 0.331543
      vertex 5.12876 0.539054 0.331543
    endloop
  endfacet
  facet normal 0.156756 -0.987637 0
    outer loop
      vertex 5.12877 0.539055 -0.500197
      vertex 5.13267 0.539674 0.331543
      vertex 5.12877 0.539055 0.331542
    endloop
  endfacet
  facet normal 0.156756 -0.987637 0
    outer loop
      vertex 5.12877 0.539055 -0.500197
      vertex 5.13267 0.539674 -0.500198
      vertex 5.13267 0.539674 0.331543
    endloop
  endfacet
  facet normal 0.135565 -0.854931 -0.500714
    outer loop
      vertex 5.13267 0.539674 -0.500198
      vertex 5.12877 0.539055 -0.500197
      vertex 5.12876 0.539054 -0.500198
    endloop
  endfacet
  facet normal -0.134554 0.849935 -0.509418
    outer loop
      vertex 5.12182 0.558285 1.21753
      vertex 5.1286 0.539046 1.18364
      vertex 5.12492 0.538853 1.18429
    endloop
  endfacet
  facet normal -0.134889 0.849865 -0.509445
    outer loop
      vertex 5.13267 0.539674 1.18361
      vertex 5.1286 0.539046 1.18364
      vertex 5.12182 0.558285 1.21753
    endloop
  endfacet
  facet normal -0.13486 0.849659 -0.509796
    outer loop
      vertex 5.1286 0.539046 1.18364
      vertex 5.13267 0.539674 1.18361
      vertex 5.1286 0.539028 1.18361
    endloop
  endfacet
  facet normal -0.00373102 0.863146 -0.50494
    outer loop
      vertex 5.12492 0.538736 1.18409
      vertex 5.12182 0.558285 1.21753
      vertex 5.12492 0.538853 1.18429
    endloop
  endfacet
  facet normal -0.966061 0.173762 -0.191138
    outer loop
      vertex 5.12492 0.538725 1.18408
      vertex 5.12182 0.558285 1.21753
      vertex 5.12492 0.538736 1.18409
    endloop
  endfacet
  facet normal -1 0 0
    outer loop
      vertex 5.12492 0.538694 1.18402
      vertex 5.12492 0.538725 1.18408
      vertex 5.12492 0.538711 1.18405
    endloop
  endfacet
  facet normal 0.546581 0.743974 -0.384386
    outer loop
      vertex 5.12492 0.538725 1.18408
      vertex 5.12492 0.538694 1.18402
      vertex 5.12182 0.558285 1.21753
    endloop
  endfacet
  facet normal 0.441129 -0.735215 0.51465
    outer loop
      vertex 5.12493 0.538658 1.18396
      vertex 5.12492 0.538694 1.18402
      vertex 5.12492 0.538673 1.18399
    endloop
  endfacet
  facet normal -0.177534 -0.856645 0.484398
    outer loop
      vertex 5.12492 0.538694 1.18402
      vertex 5.12493 0.538658 1.18396
      vertex 5.12182 0.558285 1.21753
    endloop
  endfacet
  facet normal -0.134602 0.849941 -0.509395
    outer loop
      vertex 5.12953 0.559506 1.21753
      vertex 5.13267 0.539674 1.18361
      vertex 5.12182 0.558285 1.21753
    endloop
  endfacet
  facet normal -0.142066 0.897074 -0.418421
    outer loop
      vertex 5.12182 0.558285 1.21753
      vertex 5.12633 0.579732 1.26198
      vertex 5.12953 0.559506 1.21753
    endloop
  endfacet
  facet normal -0.141999 0.89708 -0.418431
    outer loop
      vertex 5.12633 0.579732 1.26198
      vertex 5.12182 0.558285 1.21753
      vertex 5.11861 0.57851 1.26198
    endloop
  endfacet
  facet normal -0.147621 0.932598 -0.329346
    outer loop
      vertex 5.12633 0.579732 1.26198
      vertex 5.11861 0.57851 1.26198
      vertex 5.11599 0.595057 1.31001
    endloop
  endfacet
  facet normal -0.147738 0.932574 -0.329363
    outer loop
      vertex 5.12371 0.59628 1.31001
      vertex 5.12633 0.579732 1.26198
      vertex 5.11599 0.595057 1.31001
    endloop
  endfacet
  facet normal -0.151707 0.957627 -0.244819
    outer loop
      vertex 5.12371 0.59628 1.31001
      vertex 5.11599 0.595057 1.31001
      vertex 5.11395 0.607928 1.36162
    endloop
  endfacet
  facet normal -0.151707 0.957627 -0.244819
    outer loop
      vertex 5.12167 0.609151 1.36162
      vertex 5.12371 0.59628 1.31001
      vertex 5.11395 0.607928 1.36162
    endloop
  endfacet
  facet normal -0.154287 0.973915 -0.166387
    outer loop
      vertex 5.12167 0.609151 1.36162
      vertex 5.11395 0.607928 1.36162
      vertex 5.1125 0.617122 1.41678
    endloop
  endfacet
  facet normal -0.154236 0.973925 -0.16638
    outer loop
      vertex 5.12021 0.618343 1.41678
      vertex 5.12167 0.609151 1.36162
      vertex 5.1125 0.617122 1.41678
    endloop
  endfacet
  facet normal -0.155714 0.983258 -0.0946395
    outer loop
      vertex 5.1125 0.617122 1.41678
      vertex 5.11934 0.623859 1.47552
      vertex 5.12021 0.618343 1.41678
    endloop
  endfacet
  facet normal -0.155517 0.983287 -0.0946657
    outer loop
      vertex 5.11934 0.623859 1.47552
      vertex 5.1125 0.617122 1.41678
      vertex 5.11162 0.622638 1.47552
    endloop
  endfacet
  facet normal -0.156274 0.987262 -0.0298603
    outer loop
      vertex 5.11934 0.623859 1.47552
      vertex 5.11133 0.624476 1.53784
      vertex 5.11905 0.625698 1.53784
    endloop
  endfacet
  facet normal -0.156149 0.987282 -0.0298445
    outer loop
      vertex 5.11133 0.624476 1.53784
      vertex 5.11934 0.623859 1.47552
      vertex 5.11162 0.622638 1.47552
    endloop
  endfacet
  facet normal -0.156264 0.987198 0.0319518
    outer loop
      vertex 5.11162 0.622667 1.59515
      vertex 5.11905 0.625698 1.53784
      vertex 5.11133 0.624476 1.53784
    endloop
  endfacet
  facet normal -0.156389 0.987179 0.0319346
    outer loop
      vertex 5.11934 0.62389 1.59515
      vertex 5.11905 0.625698 1.53784
      vertex 5.11162 0.622667 1.59515
    endloop
  endfacet
  facet normal -0.155681 0.982712 0.100199
    outer loop
      vertex 5.11248 0.617228 1.64983
      vertex 5.11934 0.62389 1.59515
      vertex 5.11162 0.622667 1.59515
    endloop
  endfacet
  facet normal -0.155432 0.982748 0.100234
    outer loop
      vertex 5.1202 0.618449 1.64983
      vertex 5.11934 0.62389 1.59515
      vertex 5.11248 0.617228 1.64983
    endloop
  endfacet
  facet normal -0.153851 0.972749 0.173462
    outer loop
      vertex 5.11391 0.608185 1.70181
      vertex 5.1202 0.618449 1.64983
      vertex 5.11248 0.617228 1.64983
    endloop
  endfacet
  facet normal -0.153851 0.972749 0.173462
    outer loop
      vertex 5.12163 0.609406 1.70181
      vertex 5.1202 0.618449 1.64983
      vertex 5.11391 0.608185 1.70181
    endloop
  endfacet
  facet normal -0.151186 0.955904 0.251773
    outer loop
      vertex 5.11592 0.59551 1.75114
      vertex 5.12163 0.609406 1.70181
      vertex 5.11391 0.608185 1.70181
    endloop
  endfacet
  facet normal -0.151308 0.95589 0.251755
    outer loop
      vertex 5.12364 0.596732 1.75114
      vertex 5.12163 0.609406 1.70181
      vertex 5.11592 0.59551 1.75114
    endloop
  endfacet
  facet normal -0.147526 0.931236 0.33322
    outer loop
      vertex 5.12364 0.596732 1.75114
      vertex 5.1185 0.579218 1.79781
      vertex 5.12622 0.580441 1.79781
    endloop
  endfacet
  facet normal -0.147407 0.931248 0.333238
    outer loop
      vertex 5.1185 0.579218 1.79781
      vertex 5.12364 0.596732 1.75114
      vertex 5.11592 0.59551 1.75114
    endloop
  endfacet
  facet normal -0.142228 0.897791 0.416825
    outer loop
      vertex 5.12166 0.559295 1.8418
      vertex 5.12622 0.580441 1.79781
      vertex 5.1185 0.579218 1.79781
    endloop
  endfacet
  facet normal -0.14218 0.897795 0.416832
    outer loop
      vertex 5.12937 0.560516 1.8418
      vertex 5.12622 0.580441 1.79781
      vertex 5.12166 0.559295 1.8418
    endloop
  endfacet
  facet normal -0.166232 0.853263 0.494276
    outer loop
      vertex 5.12504 0.538859 1.87773
      vertex 5.12937 0.560516 1.8418
      vertex 5.12492 0.538853 1.8777
    endloop
  endfacet
  facet normal -0.970143 0 0.242536
    outer loop
      vertex 5.12492 0.53868 1.878
      vertex 5.12493 0.538658 1.87804
      vertex 5.12493 0.538659 1.87804
    endloop
  endfacet
  facet normal 0.169031 -0.845154 -0.507093
    outer loop
      vertex 5.12492 0.538698 1.87797
      vertex 5.12493 0.538658 1.87804
      vertex 5.12492 0.53868 1.878
    endloop
  endfacet
  facet normal 0.707107 -0.565685 -0.424264
    outer loop
      vertex 5.12492 0.538713 1.87795
      vertex 5.12493 0.538658 1.87804
      vertex 5.12492 0.538698 1.87797
    endloop
  endfacet
  facet normal 1 0 0
    outer loop
      vertex 5.12492 0.538853 1.8777
      vertex 5.12492 0.538713 1.87795
      vertex 5.12492 0.538724 1.87793
    endloop
  endfacet
  facet normal -0.880685 -0.441412 -0.171898
    outer loop
      vertex 5.12492 0.538713 1.87795
      vertex 5.12166 0.559295 1.8418
      vertex 5.12493 0.538658 1.87804
    endloop
  endfacet
  facet normal 0.0900944 0.868958 0.486616
    outer loop
      vertex 5.12492 0.538853 1.8777
      vertex 5.12166 0.559295 1.8418
      vertex 5.12492 0.538713 1.87795
    endloop
  endfacet
  facet normal -0.135504 0.85564 0.499519
    outer loop
      vertex 5.12166 0.559295 1.8418
      vertex 5.12492 0.538853 1.8777
      vertex 5.12937 0.560516 1.8418
    endloop
  endfacet
  facet normal -0.135676 0.855636 0.499478
    outer loop
      vertex 5.12937 0.560516 1.8418
      vertex 5.12876 0.539054 1.8784
      vertex 5.13267 0.539674 1.8784
    endloop
  endfacet
  facet normal -0.134829 0.85573 0.499547
    outer loop
      vertex 5.12876 0.539054 1.8784
      vertex 5.12937 0.560516 1.8418
      vertex 5.12504 0.538859 1.87773
    endloop
  endfacet
  facet normal 0 -0 1
    outer loop
      vertex 5.12877 0.539055 1.8784
      vertex 5.13267 0.539674 1.8784
      vertex 5.12876 0.539054 1.8784
    endloop
  endfacet
  facet normal 0.156756 -0.987637 0
    outer loop
      vertex 5.12877 0.539055 1.18364
      vertex 5.13267 0.539674 1.8784
      vertex 5.12877 0.539055 1.8784
    endloop
  endfacet
  facet normal 0.156756 -0.987637 0
    outer loop
      vertex 5.12877 0.539055 1.18364
      vertex 5.13267 0.539674 1.18361
      vertex 5.13267 0.539674 1.8784
    endloop
  endfacet
  facet normal 0.15676 -0.987637 0.000566213
    outer loop
      vertex 5.13267 0.539674 1.18361
      vertex 5.12877 0.539055 1.18364
      vertex 5.1286 0.539028 1.18361
    endloop
  endfacet
  facet normal -0.133556 0.841467 -0.523542
    outer loop
      vertex 5.12877 0.539055 2.52237
      vertex 5.12203 0.556943 2.55284
      vertex 5.13267 0.539674 2.52237
    endloop
  endfacet
  facet normal -0.133901 0.841392 -0.523574
    outer loop
      vertex 5.12203 0.556943 2.55284
      vertex 5.12877 0.539055 2.52237
      vertex 5.12492 0.538853 2.52303
    endloop
  endfacet
  facet normal 0.0162661 0.855487 -0.517569
    outer loop
      vertex 5.12492 0.538732 2.52283
      vertex 5.12203 0.556943 2.55284
      vertex 5.12492 0.538853 2.52303
    endloop
  endfacet
  facet normal 0.459316 0.778319 -0.428075
    outer loop
      vertex 5.12492 0.538721 2.52281
      vertex 5.12203 0.556943 2.55284
      vertex 5.12492 0.538732 2.52283
    endloop
  endfacet
  facet normal -0.621555 0.641762 -0.449234
    outer loop
      vertex 5.12492 0.538707 2.52279
      vertex 5.12203 0.556943 2.55284
      vertex 5.12492 0.538721 2.52281
    endloop
  endfacet
  facet normal 0.341682 0.81766 -0.463341
    outer loop
      vertex 5.12492 0.53869 2.52276
      vertex 5.12203 0.556943 2.55284
      vertex 5.12492 0.538707 2.52279
    endloop
  endfacet
  facet normal -0.460184 0.738714 -0.492476
    outer loop
      vertex 5.12492 0.53867 2.52273
      vertex 5.12203 0.556943 2.55284
      vertex 5.12492 0.53869 2.52276
    endloop
  endfacet
  facet normal -0.0912827 -0.855182 0.510227
    outer loop
      vertex 5.12203 0.556943 2.55284
      vertex 5.12492 0.53867 2.52273
      vertex 5.12493 0.538657 2.52271
    endloop
  endfacet
  facet normal -0.133316 0.841534 -0.523496
    outer loop
      vertex 5.12975 0.558166 2.55284
      vertex 5.13267 0.539674 2.52237
      vertex 5.12203 0.556943 2.55284
    endloop
  endfacet
  facet normal -0.141305 0.891965 -0.429455
    outer loop
      vertex 5.12975 0.558166 2.55284
      vertex 5.12203 0.556943 2.55284
      vertex 5.11876 0.577576 2.59677
    endloop
  endfacet
  facet normal -0.141082 0.892016 -0.429422
    outer loop
      vertex 5.12648 0.578797 2.59677
      vertex 5.12975 0.558166 2.55284
      vertex 5.11876 0.577576 2.59677
    endloop
  endfacet
  facet normal -0.147048 0.92974 -0.33758
    outer loop
      vertex 5.12648 0.578797 2.59677
      vertex 5.11876 0.577576 2.59677
      vertex 5.11609 0.594455 2.64442
    endloop
  endfacet
  facet normal -0.147349 0.929676 -0.337625
    outer loop
      vertex 5.1238 0.595677 2.64442
      vertex 5.12648 0.578797 2.59677
      vertex 5.11609 0.594455 2.64442
    endloop
  endfacet
  facet normal -0.151541 0.95612 -0.25074
    outer loop
      vertex 5.11609 0.594455 2.64442
      vertex 5.12172 0.608819 2.69579
      vertex 5.1238 0.595677 2.64442
    endloop
  endfacet
  facet normal -0.151662 0.956105 -0.250723
    outer loop
      vertex 5.12172 0.608819 2.69579
      vertex 5.11609 0.594455 2.64442
      vertex 5.11401 0.607596 2.69579
    endloop
  endfacet
  facet normal -0.154392 0.973313 -0.16978
    outer loop
      vertex 5.12172 0.608819 2.69579
      vertex 5.11401 0.607596 2.69579
      vertex 5.11252 0.616971 2.75089
    endloop
  endfacet
  facet normal -0.154075 0.973371 -0.169735
    outer loop
      vertex 5.12024 0.618193 2.75089
      vertex 5.12172 0.608819 2.69579
      vertex 5.11252 0.616971 2.75089
    endloop
  endfacet
  facet normal -0.155616 0.983109 -0.0963359
    outer loop
      vertex 5.12024 0.618193 2.75089
      vertex 5.11252 0.616971 2.75089
      vertex 5.11163 0.622592 2.80969
    endloop
  endfacet
  facet normal -0.15574 0.983088 -0.0963525
    outer loop
      vertex 5.11935 0.623815 2.80969
      vertex 5.12024 0.618193 2.75089
      vertex 5.11163 0.622592 2.80969
    endloop
  endfacet
  facet normal -0.156396 0.987224 -0.0304852
    outer loop
      vertex 5.11935 0.623815 2.80969
      vertex 5.11163 0.622592 2.80969
      vertex 5.11133 0.624476 2.87224
    endloop
  endfacet
  facet normal -0.156271 0.987244 -0.0304694
    outer loop
      vertex 5.11905 0.625698 2.87224
      vertex 5.11935 0.623815 2.80969
      vertex 5.11133 0.624476 2.87224
    endloop
  endfacet
  facet normal -0.156258 0.987165 0.033
    outer loop
      vertex 5.11163 0.622607 2.92957
      vertex 5.11905 0.625698 2.87224
      vertex 5.11133 0.624476 2.87224
    endloop
  endfacet
  facet normal -0.156581 0.987115 0.0329555
    outer loop
      vertex 5.11934 0.62383 2.92957
      vertex 5.11905 0.625698 2.87224
      vertex 5.11163 0.622607 2.92957
    endloop
  endfacet
  facet normal -0.155704 0.982385 0.103327
    outer loop
      vertex 5.11934 0.62383 2.92957
      vertex 5.11252 0.617001 2.98422
      vertex 5.12023 0.618223 2.98422
    endloop
  endfacet
  facet normal -0.155828 0.982367 0.103309
    outer loop
      vertex 5.11252 0.617001 2.98422
      vertex 5.11934 0.62383 2.92957
      vertex 5.11163 0.622607 2.92957
    endloop
  endfacet
  facet normal -0.154022 0.971774 0.178694
    outer loop
      vertex 5.11399 0.607672 3.03622
      vertex 5.12023 0.618223 2.98422
      vertex 5.11252 0.617001 2.98422
    endloop
  endfacet
  facet normal -0.153826 0.9718 0.178723
    outer loop
      vertex 5.12171 0.608894 3.03622
      vertex 5.12023 0.618223 2.98422
      vertex 5.11399 0.607672 3.03622
    endloop
  endfacet
  facet normal -0.151005 0.953977 0.259087
    outer loop
      vertex 5.11606 0.594605 3.08554
      vertex 5.12171 0.608894 3.03622
      vertex 5.11399 0.607672 3.03622
    endloop
  endfacet
  facet normal -0.151126 0.953962 0.259069
    outer loop
      vertex 5.12378 0.595828 3.08554
      vertex 5.12171 0.608894 3.03622
      vertex 5.11606 0.594605 3.08554
    endloop
  endfacet
  facet normal -0.14701 0.927977 0.342413
    outer loop
      vertex 5.11872 0.577802 3.13222
      vertex 5.12378 0.595828 3.08554
      vertex 5.11606 0.594605 3.08554
    endloop
  endfacet
  facet normal -0.146773 0.928002 0.342448
    outer loop
      vertex 5.12644 0.579023 3.13222
      vertex 5.12378 0.595828 3.08554
      vertex 5.11872 0.577802 3.13222
    endloop
  endfacet
  facet normal -0.141253 0.893096 0.427115
    outer loop
      vertex 5.12198 0.557275 3.17622
      vertex 5.12644 0.579023 3.13222
      vertex 5.11872 0.577802 3.13222
    endloop
  endfacet
  facet normal -0.141548 0.89307 0.427072
    outer loop
      vertex 5.12969 0.558497 3.17622
      vertex 5.12644 0.579023 3.13222
      vertex 5.12198 0.557275 3.17622
    endloop
  endfacet
  facet normal -0.13474 0.849673 0.509804
    outer loop
      vertex 5.13267 0.539674 3.2083
      vertex 5.12859 0.539045 3.20827
      vertex 5.12859 0.539027 3.2083
    endloop
  endfacet
  facet normal -0.134662 0.849126 0.510736
    outer loop
      vertex 5.12969 0.558497 3.17622
      vertex 5.12859 0.539045 3.20827
      vertex 5.13267 0.539674 3.2083
    endloop
  endfacet
  facet normal -0.134875 0.849105 0.510715
    outer loop
      vertex 5.12859 0.539045 3.20827
      vertex 5.12969 0.558497 3.17622
      vertex 5.12492 0.538853 3.20762
    endloop
  endfacet
  facet normal 0.503292 -0.718988 -0.479326
    outer loop
      vertex 5.12492 0.538691 3.20789
      vertex 5.12493 0.538658 3.20795
      vertex 5.12492 0.538671 3.20792
    endloop
  endfacet
  facet normal 0.0866748 -0.866748 -0.491157
    outer loop
      vertex 5.12492 0.538708 3.20786
      vertex 5.12493 0.538658 3.20795
      vertex 5.12492 0.538691 3.20789
    endloop
  endfacet
  facet normal 0.58037 -0.682789 -0.443813
    outer loop
      vertex 5.12492 0.538721 3.20784
      vertex 5.12493 0.538658 3.20795
      vertex 5.12492 0.538708 3.20786
    endloop
  endfacet
  facet normal 1 0 0
    outer loop
      vertex 5.12492 0.538853 3.20762
      vertex 5.12492 0.538721 3.20784
      vertex 5.12492 0.538731 3.20782
    endloop
  endfacet
  facet normal 0.989304 0.145724 -0.00647662
    outer loop
      vertex 5.12492 0.538721 3.20784
      vertex 5.12198 0.557275 3.17622
      vertex 5.12493 0.538658 3.20795
    endloop
  endfacet
  facet normal -0.12102 0.85119 0.510714
    outer loop
      vertex 5.12492 0.538853 3.20762
      vertex 5.12198 0.557275 3.17622
      vertex 5.12492 0.538721 3.20784
    endloop
  endfacet
  facet normal -0.134582 0.849119 0.510769
    outer loop
      vertex 5.12198 0.557275 3.17622
      vertex 5.12492 0.538853 3.20762
      vertex 5.12969 0.558497 3.17622
    endloop
  endfacet
  facet normal 0.156596 -0.9875 0.0179105
    outer loop
      vertex 5.12877 0.539055 3.20827
      vertex 5.13267 0.539674 3.2083
      vertex 5.12859 0.539027 3.2083
    endloop
  endfacet
  facet normal 0.156756 -0.987637 0
    outer loop
      vertex 5.12877 0.539055 2.52237
      vertex 5.13267 0.539674 3.2083
      vertex 5.12877 0.539055 3.20827
    endloop
  endfacet
  facet normal 0.156756 -0.987637 0
    outer loop
      vertex 5.13267 0.539674 3.2083
      vertex 5.12877 0.539055 2.52237
      vertex 5.13267 0.539674 2.52237
    endloop
  endfacet
  facet normal 0.707107 0 0.707107
    outer loop
      vertex 5.12493 0.538658 4.19004
      vertex 5.12492 0.538688 4.19005
      vertex 5.12492 0.538671 4.19005
    endloop
  endfacet
  facet normal -0.372655 -0.402871 0.835957
    outer loop
      vertex 5.12493 0.538658 4.19004
      vertex 5.12492 0.538771 4.19009
      vertex 5.12492 0.538688 4.19005
    endloop
  endfacet
  facet normal 0.630893 -0.266575 0.728637
    outer loop
      vertex 5.12493 0.538658 4.19004
      vertex 5.12492 0.538853 4.19012
      vertex 5.12492 0.538771 4.19009
    endloop
  endfacet
  facet normal 0.0297032 0.380692 -0.924225
    outer loop
      vertex 5.12492 0.538853 4.19012
      vertex 5.12493 0.538658 4.19004
      vertex 5.1153 0.599399 4.21475
    endloop
  endfacet
  facet normal -0.0424439 0.267403 -0.96265
    outer loop
      vertex 5.12843 0.539037 4.18997
      vertex 5.13267 0.539674 4.18996
      vertex 5.12843 0.539001 4.18996
    endloop
  endfacet
  facet normal -0.0589512 0.368107 -0.927913
    outer loop
      vertex 5.1153 0.599399 4.21475
      vertex 5.12843 0.539037 4.18997
      vertex 5.12492 0.538853 4.19012
    endloop
  endfacet
  facet normal -0.0575357 0.368403 -0.927884
    outer loop
      vertex 5.12843 0.539037 4.18997
      vertex 5.1153 0.599399 4.21475
      vertex 5.13267 0.539674 4.18996
    endloop
  endfacet
  facet normal -0.0582367 0.368212 -0.927916
    outer loop
      vertex 5.12302 0.60062 4.21475
      vertex 5.13267 0.539674 4.18996
      vertex 5.1153 0.599399 4.21475
    endloop
  endfacet
  facet normal -0.156219 0.987722 0
    outer loop
      vertex 5.12302 0.60062 4.21475
      vertex 5.1153 0.599399 4.4772
      vertex 5.12302 0.60062 4.4772
    endloop
  endfacet
  facet normal -0.156219 0.987722 0
    outer loop
      vertex 5.1153 0.599399 4.4772
      vertex 5.12302 0.60062 4.21475
      vertex 5.1153 0.599399 4.21475
    endloop
  endfacet
  facet normal -0.0590262 0.373204 0.92587
    outer loop
      vertex 5.1153 0.599399 4.4772
      vertex 5.12495 0.538854 4.50222
      vertex 5.12302 0.60062 4.4772
    endloop
  endfacet
  facet normal 0.278225 -0.397464 -0.874421
    outer loop
      vertex 5.12492 0.538695 4.50228
      vertex 5.12493 0.538658 4.5023
      vertex 5.12492 0.538673 4.50229
    endloop
  endfacet
  facet normal -1 0 0
    outer loop
      vertex 5.12492 0.538734 4.50226
      vertex 5.12492 0.538695 4.50228
      vertex 5.12492 0.538715 4.50227
    endloop
  endfacet
  facet normal 1 0 0
    outer loop
      vertex 5.12492 0.53876 4.50225
      vertex 5.12492 0.538695 4.50228
      vertex 5.12492 0.538734 4.50226
    endloop
  endfacet
  facet normal 1 0 0
    outer loop
      vertex 5.12492 0.538853 4.50222
      vertex 5.12492 0.538695 4.50228
      vertex 5.12492 0.53876 4.50225
    endloop
  endfacet
  facet normal 0.742915 -0.151636 -0.651985
    outer loop
      vertex 5.12492 0.538695 4.50228
      vertex 5.1153 0.599399 4.4772
      vertex 5.12493 0.538658 4.5023
    endloop
  endfacet
  facet normal -0.193346 0.348312 0.917222
    outer loop
      vertex 5.12492 0.538853 4.50222
      vertex 5.1153 0.599399 4.4772
      vertex 5.12492 0.538695 4.50228
    endloop
  endfacet
  facet normal -0.0126721 0.380164 0.924832
    outer loop
      vertex 5.12495 0.538854 4.50222
      vertex 5.1153 0.599399 4.4772
      vertex 5.12492 0.538853 4.50222
    endloop
  endfacet
  facet normal 0 0 1
    outer loop
      vertex 5.13267 0.539674 4.50238
      vertex 5.12874 0.539053 4.50238
      vertex 5.12874 0.539051 4.50238
    endloop
  endfacet
  facet normal -0.05897 0.373192 0.925878
    outer loop
      vertex 5.12302 0.60062 4.4772
      vertex 5.12874 0.539053 4.50238
      vertex 5.13267 0.539674 4.50238
    endloop
  endfacet
  facet normal -0.058684 0.373221 0.925885
    outer loop
      vertex 5.12874 0.539053 4.50238
      vertex 5.12302 0.60062 4.4772
      vertex 5.12495 0.538854 4.50222
    endloop
  endfacet
  facet normal 0 -0 1
    outer loop
      vertex 5.12877 0.539055 4.50238
      vertex 5.13267 0.539674 4.50238
      vertex 5.12874 0.539051 4.50238
    endloop
  endfacet
  facet normal 0.156756 -0.987637 0
    outer loop
      vertex 5.12877 0.539055 4.18997
      vertex 5.13267 0.539674 4.50238
      vertex 5.12877 0.539055 4.50238
    endloop
  endfacet
  facet normal 0.156756 -0.987637 0
    outer loop
      vertex 5.12877 0.539055 4.18997
      vertex 5.13267 0.539674 4.18996
      vertex 5.13267 0.539674 4.50238
    endloop
  endfacet
  facet normal 0.156763 -0.987631 0.00326105
    outer loop
      vertex 5.13267 0.539674 4.18996
      vertex 5.12877 0.539055 4.18997
      vertex 5.12843 0.539001 4.18996
    endloop
  endfacet
  facet normal 0.987687 -0.15644 0
    outer loop
      vertex 5.03746 -1.07074 13.25
      vertex 5.12179 -0.538321 -14.25
      vertex 5.12179 -0.538321 13.25
    endloop
  endfacet
  facet normal 0.987687 -0.15644 0
    outer loop
      vertex 5.12179 -0.538321 -14.25
      vertex 5.03746 -1.07074 13.25
      vertex 5.03746 -1.07074 -14.25
    endloop
  endfacet
  facet normal 0.987687 0.15644 0
    outer loop
      vertex 5.12179 0.538321 13.25
      vertex 5.03746 1.07074 -14.25
      vertex 5.03746 1.07074 13.25
    endloop
  endfacet
  facet normal 0.987687 0.15644 0
    outer loop
      vertex 5.03746 1.07074 -14.25
      vertex 5.12179 0.538321 13.25
      vertex 5.12179 0.538321 -14.25
    endloop
  endfacet
  facet normal 0.99863 0.0523319 0
    outer loop
      vertex 5.15 0 13.25
      vertex 5.12179 0.538321 -14.25
      vertex 5.12179 0.538321 13.25
    endloop
  endfacet
  facet normal 0.99863 0.0523319 0
    outer loop
      vertex 5.12179 0.538321 -14.25
      vertex 5.15 0 13.25
      vertex 5.15 0 -14.25
    endloop
  endfacet
  facet normal 0.965926 0.258817 0
    outer loop
      vertex 5.03746 1.07074 13.25
      vertex 4.89794 1.59144 -14.25
      vertex 4.89794 1.59144 13.25
    endloop
  endfacet
  facet normal 0.965926 0.258817 0
    outer loop
      vertex 4.89794 1.59144 -14.25
      vertex 5.03746 1.07074 13.25
      vertex 5.03746 1.07074 -14.25
    endloop
  endfacet
  facet normal 0.838671 0.544638 0
    outer loop
      vertex 4.46003 2.575 13.25
      vertex 4.16644 3.02709 -14.25
      vertex 4.16644 3.02709 13.25
    endloop
  endfacet
  facet normal 0.838671 0.544638 0
    outer loop
      vertex 4.16644 3.02709 -14.25
      vertex 4.46003 2.575 13.25
      vertex 4.46003 2.575 -14.25
    endloop
  endfacet
  facet normal 0.93358 0.358369 0
    outer loop
      vertex 4.89794 1.59144 13.25
      vertex 4.70476 2.09469 -14.25
      vertex 4.70476 2.09469 13.25
    endloop
  endfacet
  facet normal 0.93358 0.358369 0
    outer loop
      vertex 4.70476 2.09469 -14.25
      vertex 4.89794 1.59144 13.25
      vertex 4.89794 1.59144 -14.25
    endloop
  endfacet
  facet normal -0.965926 -0.258817 0
    outer loop
      vertex -4.89794 -1.59144 -14.25
      vertex -5.03746 -1.07074 13.25
      vertex -5.03746 -1.07074 -14.25
    endloop
  endfacet
  facet normal -0.965926 -0.258817 0
    outer loop
      vertex -5.03746 -1.07074 13.25
      vertex -4.89794 -1.59144 -14.25
      vertex -4.89794 -1.59144 13.25
    endloop
  endfacet
  facet normal -0.45399 -0.891007 0
    outer loop
      vertex -2.575 -4.46003 -14.25
      vertex -2.09469 -4.70476 13.25
      vertex -2.575 -4.46003 13.25
    endloop
  endfacet
  facet normal -0.45399 -0.891007 -0
    outer loop
      vertex -2.09469 -4.70476 13.25
      vertex -2.575 -4.46003 -14.25
      vertex -2.09469 -4.70476 -14.25
    endloop
  endfacet
  facet normal 0.99863 -0.0523319 0
    outer loop
      vertex 5.12179 -0.538321 13.25
      vertex 5.15 0 -14.25
      vertex 5.15 0 13.25
    endloop
  endfacet
  facet normal 0.99863 -0.0523319 0
    outer loop
      vertex 5.15 0 -14.25
      vertex 5.12179 -0.538321 13.25
      vertex 5.12179 -0.538321 -14.25
    endloop
  endfacet
  facet normal 0.258817 -0.965926 0
    outer loop
      vertex 1.07074 -5.03746 -14.25
      vertex 1.59144 -4.89794 13.25
      vertex 1.07074 -5.03746 13.25
    endloop
  endfacet
  facet normal 0.258817 -0.965926 0
    outer loop
      vertex 1.59144 -4.89794 13.25
      vertex 1.07074 -5.03746 -14.25
      vertex 1.59144 -4.89794 -14.25
    endloop
  endfacet
  facet normal -0.629317 -0.777149 0
    outer loop
      vertex -3.44602 -3.8272 -14.25
      vertex -3.02709 -4.16644 13.25
      vertex -3.44602 -3.8272 13.25
    endloop
  endfacet
  facet normal -0.629317 -0.777149 -0
    outer loop
      vertex -3.02709 -4.16644 13.25
      vertex -3.44602 -3.8272 -14.25
      vertex -3.02709 -4.16644 -14.25
    endloop
  endfacet
  facet normal -0.707107 -0.707107 0
    outer loop
      vertex -3.44602 -3.8272 -14.25
      vertex -3.8272 -3.44602 13.25
      vertex -3.8272 -3.44602 -14.25
    endloop
  endfacet
  facet normal -0.707107 -0.707107 0
    outer loop
      vertex -3.8272 -3.44602 13.25
      vertex -3.44602 -3.8272 -14.25
      vertex -3.44602 -3.8272 13.25
    endloop
  endfacet
  facet normal -0.965926 0.258817 0
    outer loop
      vertex -5.03746 1.07074 -14.25
      vertex -4.89794 1.59144 13.25
      vertex -4.89794 1.59144 -14.25
    endloop
  endfacet
  facet normal -0.965926 0.258817 0
    outer loop
      vertex -4.89794 1.59144 13.25
      vertex -5.03746 1.07074 -14.25
      vertex -5.03746 1.07074 13.25
    endloop
  endfacet
  facet normal -0.544638 -0.838671 0
    outer loop
      vertex -3.02709 -4.16644 -14.25
      vertex -2.575 -4.46003 13.25
      vertex -3.02709 -4.16644 13.25
    endloop
  endfacet
  facet normal -0.544638 -0.838671 -0
    outer loop
      vertex -2.575 -4.46003 13.25
      vertex -3.02709 -4.16644 -14.25
      vertex -2.575 -4.46003 -14.25
    endloop
  endfacet
  facet normal 0.93358 -0.358369 0
    outer loop
      vertex 4.70476 -2.09469 13.25
      vertex 4.89794 -1.59144 -14.25
      vertex 4.89794 -1.59144 13.25
    endloop
  endfacet
  facet normal 0.93358 -0.358369 0
    outer loop
      vertex 4.89794 -1.59144 -14.25
      vertex 4.70476 -2.09469 13.25
      vertex 4.70476 -2.09469 -14.25
    endloop
  endfacet
  facet normal 0.15644 0.987687 -0
    outer loop
      vertex 1.07074 5.03746 -14.25
      vertex 0.538321 5.12179 13.25
      vertex 1.07074 5.03746 13.25
    endloop
  endfacet
  facet normal 0.15644 0.987687 0
    outer loop
      vertex 0.538321 5.12179 13.25
      vertex 1.07074 5.03746 -14.25
      vertex 0.538321 5.12179 -14.25
    endloop
  endfacet
  facet normal 0.544638 0.838671 -0
    outer loop
      vertex 3.02709 4.16644 -14.25
      vertex 2.575 4.46003 13.25
      vertex 3.02709 4.16644 13.25
    endloop
  endfacet
  facet normal 0.544638 0.838671 0
    outer loop
      vertex 2.575 4.46003 13.25
      vertex 3.02709 4.16644 -14.25
      vertex 2.575 4.46003 -14.25
    endloop
  endfacet
  facet normal 0.358369 -0.93358 0
    outer loop
      vertex 1.59144 -4.89794 -14.25
      vertex 2.09469 -4.70476 13.25
      vertex 1.59144 -4.89794 13.25
    endloop
  endfacet
  facet normal 0.358369 -0.93358 0
    outer loop
      vertex 2.09469 -4.70476 13.25
      vertex 1.59144 -4.89794 -14.25
      vertex 2.09469 -4.70476 -14.25
    endloop
  endfacet
  facet normal -0.258817 0.965926 0
    outer loop
      vertex -1.07074 5.03746 -14.25
      vertex -1.59144 4.89794 13.25
      vertex -1.07074 5.03746 13.25
    endloop
  endfacet
  facet normal -0.258817 0.965926 0
    outer loop
      vertex -1.59144 4.89794 13.25
      vertex -1.07074 5.03746 -14.25
      vertex -1.59144 4.89794 -14.25
    endloop
  endfacet
  facet normal 0.0523319 0.99863 -0
    outer loop
      vertex 0.538321 5.12179 -14.25
      vertex 0 5.15 13.25
      vertex 0.538321 5.12179 13.25
    endloop
  endfacet
  facet normal 0.0523319 0.99863 0
    outer loop
      vertex 0 5.15 13.25
      vertex 0.538321 5.12179 -14.25
      vertex 0 5.15 -14.25
    endloop
  endfacet
  facet normal 0.358369 0.93358 -0
    outer loop
      vertex 2.09469 4.70476 -14.25
      vertex 1.59144 4.89794 13.25
      vertex 2.09469 4.70476 13.25
    endloop
  endfacet
  facet normal 0.358369 0.93358 0
    outer loop
      vertex 1.59144 4.89794 13.25
      vertex 2.09469 4.70476 -14.25
      vertex 1.59144 4.89794 -14.25
    endloop
  endfacet
  facet normal 0.965926 -0.258817 0
    outer loop
      vertex 4.89794 -1.59144 13.25
      vertex 5.03746 -1.07074 -14.25
      vertex 5.03746 -1.07074 13.25
    endloop
  endfacet
  facet normal 0.965926 -0.258817 0
    outer loop
      vertex 5.03746 -1.07074 -14.25
      vertex 4.89794 -1.59144 13.25
      vertex 4.89794 -1.59144 -14.25
    endloop
  endfacet
  facet normal 0.45399 0.891007 -0
    outer loop
      vertex 2.575 4.46003 -14.25
      vertex 2.09469 4.70476 13.25
      vertex 2.575 4.46003 13.25
    endloop
  endfacet
  facet normal 0.45399 0.891007 0
    outer loop
      vertex 2.09469 4.70476 13.25
      vertex 2.575 4.46003 -14.25
      vertex 2.09469 4.70476 -14.25
    endloop
  endfacet
  facet normal -0.45399 0.891007 0
    outer loop
      vertex -2.09469 4.70476 -14.25
      vertex -2.575 4.46003 13.25
      vertex -2.09469 4.70476 13.25
    endloop
  endfacet
  facet normal -0.45399 0.891007 0
    outer loop
      vertex -2.575 4.46003 13.25
      vertex -2.09469 4.70476 -14.25
      vertex -2.575 4.46003 -14.25
    endloop
  endfacet
  facet normal 0.15644 -0.987687 0
    outer loop
      vertex 0.538321 -5.12179 -14.25
      vertex 1.07074 -5.03746 13.25
      vertex 0.538321 -5.12179 13.25
    endloop
  endfacet
  facet normal 0.15644 -0.987687 0
    outer loop
      vertex 1.07074 -5.03746 13.25
      vertex 0.538321 -5.12179 -14.25
      vertex 1.07074 -5.03746 -14.25
    endloop
  endfacet
  facet normal -0.258817 -0.965926 0
    outer loop
      vertex -1.59144 -4.89794 -14.25
      vertex -1.07074 -5.03746 13.25
      vertex -1.59144 -4.89794 13.25
    endloop
  endfacet
  facet normal -0.258817 -0.965926 -0
    outer loop
      vertex -1.07074 -5.03746 13.25
      vertex -1.59144 -4.89794 -14.25
      vertex -1.07074 -5.03746 -14.25
    endloop
  endfacet
  facet normal 0.777149 -0.629317 0
    outer loop
      vertex 3.8272 -3.44602 13.25
      vertex 4.16644 -3.02709 -14.25
      vertex 4.16644 -3.02709 13.25
    endloop
  endfacet
  facet normal 0.777149 -0.629317 0
    outer loop
      vertex 4.16644 -3.02709 -14.25
      vertex 3.8272 -3.44602 13.25
      vertex 3.8272 -3.44602 -14.25
    endloop
  endfacet
  facet normal 0.629317 0.777149 -0
    outer loop
      vertex 3.44602 3.8272 -14.25
      vertex 3.02709 4.16644 13.25
      vertex 3.44602 3.8272 13.25
    endloop
  endfacet
  facet normal 0.629317 0.777149 0
    outer loop
      vertex 3.02709 4.16644 13.25
      vertex 3.44602 3.8272 -14.25
      vertex 3.02709 4.16644 -14.25
    endloop
  endfacet
  facet normal 0.891007 -0.45399 0
    outer loop
      vertex 4.46003 -2.575 13.25
      vertex 4.70476 -2.09469 -14.25
      vertex 4.70476 -2.09469 13.25
    endloop
  endfacet
  facet normal 0.891007 -0.45399 0
    outer loop
      vertex 4.70476 -2.09469 -14.25
      vertex 4.46003 -2.575 13.25
      vertex 4.46003 -2.575 -14.25
    endloop
  endfacet
  facet normal -0.707107 0.707107 0
    outer loop
      vertex -3.8272 3.44602 -14.25
      vertex -3.44602 3.8272 13.25
      vertex -3.44602 3.8272 -14.25
    endloop
  endfacet
  facet normal -0.707107 0.707107 0
    outer loop
      vertex -3.44602 3.8272 13.25
      vertex -3.8272 3.44602 -14.25
      vertex -3.8272 3.44602 13.25
    endloop
  endfacet
  facet normal 0.0523319 -0.99863 0
    outer loop
      vertex 0 -5.15 -14.25
      vertex 0.538321 -5.12179 13.25
      vertex 0 -5.15 13.25
    endloop
  endfacet
  facet normal 0.0523319 -0.99863 0
    outer loop
      vertex 0.538321 -5.12179 13.25
      vertex 0 -5.15 -14.25
      vertex 0.538321 -5.12179 -14.25
    endloop
  endfacet
  facet normal -0.358369 0.93358 0
    outer loop
      vertex -1.59144 4.89794 -14.25
      vertex -2.09469 4.70476 13.25
      vertex -1.59144 4.89794 13.25
    endloop
  endfacet
  facet normal -0.358369 0.93358 0
    outer loop
      vertex -2.09469 4.70476 13.25
      vertex -1.59144 4.89794 -14.25
      vertex -2.09469 4.70476 -14.25
    endloop
  endfacet
  facet normal -0.0523319 0.99863 0
    outer loop
      vertex 0 5.15 -14.25
      vertex -0.538321 5.12179 13.25
      vertex 0 5.15 13.25
    endloop
  endfacet
  facet normal -0.0523319 0.99863 0
    outer loop
      vertex -0.538321 5.12179 13.25
      vertex 0 5.15 -14.25
      vertex -0.538321 5.12179 -14.25
    endloop
  endfacet
  facet normal 0.45399 -0.891007 0
    outer loop
      vertex 2.09469 -4.70476 -14.25
      vertex 2.575 -4.46003 13.25
      vertex 2.09469 -4.70476 13.25
    endloop
  endfacet
  facet normal 0.45399 -0.891007 0
    outer loop
      vertex 2.575 -4.46003 13.25
      vertex 2.09469 -4.70476 -14.25
      vertex 2.575 -4.46003 -14.25
    endloop
  endfacet
  facet normal -0.93358 0.358369 0
    outer loop
      vertex -4.89794 1.59144 -14.25
      vertex -4.70476 2.09469 13.25
      vertex -4.70476 2.09469 -14.25
    endloop
  endfacet
  facet normal -0.93358 0.358369 0
    outer loop
      vertex -4.70476 2.09469 13.25
      vertex -4.89794 1.59144 -14.25
      vertex -4.89794 1.59144 13.25
    endloop
  endfacet
  facet normal -0.891007 0.45399 0
    outer loop
      vertex -4.70476 2.09469 -14.25
      vertex -4.46003 2.575 13.25
      vertex -4.46003 2.575 -14.25
    endloop
  endfacet
  facet normal -0.891007 0.45399 0
    outer loop
      vertex -4.46003 2.575 13.25
      vertex -4.70476 2.09469 -14.25
      vertex -4.70476 2.09469 13.25
    endloop
  endfacet
  facet normal 0.777149 0.629317 0
    outer loop
      vertex 4.16644 3.02709 13.25
      vertex 3.8272 3.44602 -14.25
      vertex 3.8272 3.44602 13.25
    endloop
  endfacet
  facet normal 0.777149 0.629317 0
    outer loop
      vertex 3.8272 3.44602 -14.25
      vertex 4.16644 3.02709 13.25
      vertex 4.16644 3.02709 -14.25
    endloop
  endfacet
  facet normal 0.258817 0.965926 -0
    outer loop
      vertex 1.59144 4.89794 -14.25
      vertex 1.07074 5.03746 13.25
      vertex 1.59144 4.89794 13.25
    endloop
  endfacet
  facet normal 0.258817 0.965926 0
    outer loop
      vertex 1.07074 5.03746 13.25
      vertex 1.59144 4.89794 -14.25
      vertex 1.07074 5.03746 -14.25
    endloop
  endfacet
  facet normal 0.838671 -0.544638 0
    outer loop
      vertex 4.16644 -3.02709 13.25
      vertex 4.46003 -2.575 -14.25
      vertex 4.46003 -2.575 13.25
    endloop
  endfacet
  facet normal 0.838671 -0.544638 0
    outer loop
      vertex 4.46003 -2.575 -14.25
      vertex 4.16644 -3.02709 13.25
      vertex 4.16644 -3.02709 -14.25
    endloop
  endfacet
  facet normal -0.99863 -0.0523319 0
    outer loop
      vertex -5.12179 -0.538321 -14.25
      vertex -5.15 0 13.25
      vertex -5.15 0 -14.25
    endloop
  endfacet
  facet normal -0.99863 -0.0523319 0
    outer loop
      vertex -5.15 0 13.25
      vertex -5.12179 -0.538321 -14.25
      vertex -5.12179 -0.538321 13.25
    endloop
  endfacet
  facet normal 0 0 1
    outer loop
      vertex 2.6 0 13.25
      vertex 5.15 0 13.25
      vertex 5.12179 0.538321 13.25
    endloop
  endfacet
  facet normal 0 0 1
    outer loop
      vertex 2.58576 0.271773 13.25
      vertex 5.12179 0.538321 13.25
      vertex 5.03746 1.07074 13.25
    endloop
  endfacet
  facet normal 0 0 1
    outer loop
      vertex 5.15 0 13.25
      vertex 2.6 0 13.25
      vertex 5.12179 -0.538321 13.25
    endloop
  endfacet
  facet normal 0 0 1
    outer loop
      vertex 2.54318 0.54057 13.25
      vertex 5.03746 1.07074 13.25
      vertex 4.89794 1.59144 13.25
    endloop
  endfacet
  facet normal -0 0 1
    outer loop
      vertex 2.58576 -0.271773 13.25
      vertex 5.12179 -0.538321 13.25
      vertex 2.6 0 13.25
    endloop
  endfacet
  facet normal 0 0 1
    outer loop
      vertex 2.47275 0.803444 13.25
      vertex 4.89794 1.59144 13.25
      vertex 4.70476 2.09469 13.25
    endloop
  endfacet
  facet normal 0 0 1
    outer loop
      vertex 5.12179 -0.538321 13.25
      vertex 2.58576 -0.271773 13.25
      vertex 5.03746 -1.07074 13.25
    endloop
  endfacet
  facet normal 0 0 1
    outer loop
      vertex 2.37522 1.05752 13.25
      vertex 4.70476 2.09469 13.25
      vertex 4.46003 2.575 13.25
    endloop
  endfacet
  facet normal -0 0 1
    outer loop
      vertex 2.54318 -0.54057 13.25
      vertex 5.03746 -1.07074 13.25
      vertex 2.58576 -0.271773 13.25
    endloop
  endfacet
  facet normal 0 0 1
    outer loop
      vertex 2.25167 1.3 13.25
      vertex 4.46003 2.575 13.25
      vertex 4.16644 3.02709 13.25
    endloop
  endfacet
  facet normal 0 0 1
    outer loop
      vertex 5.03746 -1.07074 13.25
      vertex 2.54318 -0.54057 13.25
      vertex 4.89794 -1.59144 13.25
    endloop
  endfacet
  facet normal 0 0 1
    outer loop
      vertex 2.10344 1.52824 13.25
      vertex 4.16644 3.02709 13.25
      vertex 3.8272 3.44602 13.25
    endloop
  endfacet
  facet normal -0 0 1
    outer loop
      vertex 2.47275 -0.803444 13.25
      vertex 4.89794 -1.59144 13.25
      vertex 2.54318 -0.54057 13.25
    endloop
  endfacet
  facet normal 0 0 1
    outer loop
      vertex 1.93218 1.73974 13.25
      vertex 3.8272 3.44602 13.25
      vertex 3.44602 3.8272 13.25
    endloop
  endfacet
  facet normal 0 0 1
    outer loop
      vertex 4.89794 -1.59144 13.25
      vertex 2.47275 -0.803444 13.25
      vertex 4.70476 -2.09469 13.25
    endloop
  endfacet
  facet normal 0 0 1
    outer loop
      vertex 1.73974 1.93218 13.25
      vertex 3.44602 3.8272 13.25
      vertex 3.02709 4.16644 13.25
    endloop
  endfacet
  facet normal -0 0 1
    outer loop
      vertex 2.37522 -1.05752 13.25
      vertex 4.70476 -2.09469 13.25
      vertex 2.47275 -0.803444 13.25
    endloop
  endfacet
  facet normal 0 0 1
    outer loop
      vertex 4.70476 -2.09469 13.25
      vertex 2.37522 -1.05752 13.25
      vertex 4.46003 -2.575 13.25
    endloop
  endfacet
  facet normal 0 0 1
    outer loop
      vertex 5.12179 0.538321 13.25
      vertex 2.58576 0.271773 13.25
      vertex 2.6 0 13.25
    endloop
  endfacet
  facet normal 0 0 1
    outer loop
      vertex 1.52824 2.10344 13.25
      vertex 3.02709 4.16644 13.25
      vertex 2.575 4.46003 13.25
    endloop
  endfacet
  facet normal 0 0 1
    outer loop
      vertex 5.03746 1.07074 13.25
      vertex 2.54318 0.54057 13.25
      vertex 2.58576 0.271773 13.25
    endloop
  endfacet
  facet normal 0 0 1
    outer loop
      vertex 4.89794 1.59144 13.25
      vertex 2.47275 0.803444 13.25
      vertex 2.54318 0.54057 13.25
    endloop
  endfacet
  facet normal 0 0 1
    outer loop
      vertex 4.70476 2.09469 13.25
      vertex 2.37522 1.05752 13.25
      vertex 2.47275 0.803444 13.25
    endloop
  endfacet
  facet normal 0 0 1
    outer loop
      vertex 4.46003 2.575 13.25
      vertex 2.25167 1.3 13.25
      vertex 2.37522 1.05752 13.25
    endloop
  endfacet
  facet normal 0 0 1
    outer loop
      vertex 4.16644 3.02709 13.25
      vertex 2.10344 1.52824 13.25
      vertex 2.25167 1.3 13.25
    endloop
  endfacet
  facet normal 0 0 1
    outer loop
      vertex 1.3 2.25167 13.25
      vertex 2.575 4.46003 13.25
      vertex 2.09469 4.70476 13.25
    endloop
  endfacet
  facet normal 0 0 1
    outer loop
      vertex 3.8272 3.44602 13.25
      vertex 1.93218 1.73974 13.25
      vertex 2.10344 1.52824 13.25
    endloop
  endfacet
  facet normal 0 0 1
    outer loop
      vertex 3.44602 3.8272 13.25
      vertex 1.73974 1.93218 13.25
      vertex 1.93218 1.73974 13.25
    endloop
  endfacet
  facet normal 0 0 1
    outer loop
      vertex 1.05752 2.37522 13.25
      vertex 2.09469 4.70476 13.25
      vertex 1.59144 4.89794 13.25
    endloop
  endfacet
  facet normal 0 0 1
    outer loop
      vertex 3.02709 4.16644 13.25
      vertex 1.52824 2.10344 13.25
      vertex 1.73974 1.93218 13.25
    endloop
  endfacet
  facet normal 0 0 1
    outer loop
      vertex 2.575 4.46003 13.25
      vertex 1.3 2.25167 13.25
      vertex 1.52824 2.10344 13.25
    endloop
  endfacet
  facet normal 0 0 1
    outer loop
      vertex 0.803444 2.47275 13.25
      vertex 1.59144 4.89794 13.25
      vertex 1.07074 5.03746 13.25
    endloop
  endfacet
  facet normal 0 0 1
    outer loop
      vertex 2.09469 4.70476 13.25
      vertex 1.05752 2.37522 13.25
      vertex 1.3 2.25167 13.25
    endloop
  endfacet
  facet normal 0 0 1
    outer loop
      vertex 1.59144 4.89794 13.25
      vertex 0.803444 2.47275 13.25
      vertex 1.05752 2.37522 13.25
    endloop
  endfacet
  facet normal 0 0 1
    outer loop
      vertex 1.07074 5.03746 13.25
      vertex 0.54057 2.54318 13.25
      vertex 0.803444 2.47275 13.25
    endloop
  endfacet
  facet normal 0 0 1
    outer loop
      vertex 0.538321 5.12179 13.25
      vertex 0.54057 2.54318 13.25
      vertex 1.07074 5.03746 13.25
    endloop
  endfacet
  facet normal 0 0 1
    outer loop
      vertex 0.538321 5.12179 13.25
      vertex 0.271773 2.58576 13.25
      vertex 0.54057 2.54318 13.25
    endloop
  endfacet
  facet normal 0 0 1
    outer loop
      vertex 0 5.15 13.25
      vertex 0.271773 2.58576 13.25
      vertex 0.538321 5.12179 13.25
    endloop
  endfacet
  facet normal 0 0 1
    outer loop
      vertex 0 5.15 13.25
      vertex 0 2.6 13.25
      vertex 0.271773 2.58576 13.25
    endloop
  endfacet
  facet normal 0 0 1
    outer loop
      vertex 0 5.15 13.25
      vertex -0.271773 2.58576 13.25
      vertex 0 2.6 13.25
    endloop
  endfacet
  facet normal -0 0 1
    outer loop
      vertex -0.538321 5.12179 13.25
      vertex -0.271773 2.58576 13.25
      vertex 0 5.15 13.25
    endloop
  endfacet
  facet normal 0 0 1
    outer loop
      vertex -0.538321 5.12179 13.25
      vertex -0.54057 2.54318 13.25
      vertex -0.271773 2.58576 13.25
    endloop
  endfacet
  facet normal -0 0 1
    outer loop
      vertex -1.07074 5.03746 13.25
      vertex -0.54057 2.54318 13.25
      vertex -0.538321 5.12179 13.25
    endloop
  endfacet
  facet normal 0 0 1
    outer loop
      vertex -0.54057 2.54318 13.25
      vertex -1.07074 5.03746 13.25
      vertex -0.803444 2.47275 13.25
    endloop
  endfacet
  facet normal -0 0 1
    outer loop
      vertex -1.59144 4.89794 13.25
      vertex -0.803444 2.47275 13.25
      vertex -1.07074 5.03746 13.25
    endloop
  endfacet
  facet normal 0 0 1
    outer loop
      vertex -0.803444 2.47275 13.25
      vertex -1.59144 4.89794 13.25
      vertex -1.05752 2.37522 13.25
    endloop
  endfacet
  facet normal -0 0 1
    outer loop
      vertex -2.09469 4.70476 13.25
      vertex -1.05752 2.37522 13.25
      vertex -1.59144 4.89794 13.25
    endloop
  endfacet
  facet normal 0 0 1
    outer loop
      vertex -1.05752 2.37522 13.25
      vertex -2.09469 4.70476 13.25
      vertex -1.3 2.25167 13.25
    endloop
  endfacet
  facet normal -0 0 1
    outer loop
      vertex -2.575 4.46003 13.25
      vertex -1.3 2.25167 13.25
      vertex -2.09469 4.70476 13.25
    endloop
  endfacet
  facet normal 0 0 1
    outer loop
      vertex -1.3 2.25167 13.25
      vertex -2.575 4.46003 13.25
      vertex -1.52824 2.10344 13.25
    endloop
  endfacet
  facet normal -0 0 1
    outer loop
      vertex -3.02709 4.16644 13.25
      vertex -1.52824 2.10344 13.25
      vertex -2.575 4.46003 13.25
    endloop
  endfacet
  facet normal 0 0 1
    outer loop
      vertex -1.52824 2.10344 13.25
      vertex -3.02709 4.16644 13.25
      vertex -1.73974 1.93218 13.25
    endloop
  endfacet
  facet normal -0 0 1
    outer loop
      vertex -3.44602 3.8272 13.25
      vertex -1.73974 1.93218 13.25
      vertex -3.02709 4.16644 13.25
    endloop
  endfacet
  facet normal 0 0 1
    outer loop
      vertex -1.73974 1.93218 13.25
      vertex -3.44602 3.8272 13.25
      vertex -1.93218 1.73974 13.25
    endloop
  endfacet
  facet normal -0 0 1
    outer loop
      vertex -3.8272 3.44602 13.25
      vertex -1.93218 1.73974 13.25
      vertex -3.44602 3.8272 13.25
    endloop
  endfacet
  facet normal 0 0 1
    outer loop
      vertex -1.93218 1.73974 13.25
      vertex -3.8272 3.44602 13.25
      vertex -2.10344 1.52824 13.25
    endloop
  endfacet
  facet normal -0 0 1
    outer loop
      vertex -4.16644 3.02709 13.25
      vertex -2.10344 1.52824 13.25
      vertex -3.8272 3.44602 13.25
    endloop
  endfacet
  facet normal 0 0 1
    outer loop
      vertex -2.10344 1.52824 13.25
      vertex -4.16644 3.02709 13.25
      vertex -2.25167 1.3 13.25
    endloop
  endfacet
  facet normal -0 0 1
    outer loop
      vertex -4.46003 2.575 13.25
      vertex -2.25167 1.3 13.25
      vertex -4.16644 3.02709 13.25
    endloop
  endfacet
  facet normal 0 0 1
    outer loop
      vertex -2.25167 1.3 13.25
      vertex -4.46003 2.575 13.25
      vertex -2.37522 1.05752 13.25
    endloop
  endfacet
  facet normal -0 0 1
    outer loop
      vertex 2.25167 -1.3 13.25
      vertex 4.46003 -2.575 13.25
      vertex 2.37522 -1.05752 13.25
    endloop
  endfacet
  facet normal 0 0 1
    outer loop
      vertex 4.46003 -2.575 13.25
      vertex 2.25167 -1.3 13.25
      vertex 4.16644 -3.02709 13.25
    endloop
  endfacet
  facet normal -0 0 1
    outer loop
      vertex 2.10344 -1.52824 13.25
      vertex 4.16644 -3.02709 13.25
      vertex 2.25167 -1.3 13.25
    endloop
  endfacet
  facet normal 0 0 1
    outer loop
      vertex 4.16644 -3.02709 13.25
      vertex 2.10344 -1.52824 13.25
      vertex 3.8272 -3.44602 13.25
    endloop
  endfacet
  facet normal -0 0 1
    outer loop
      vertex 1.93218 -1.73974 13.25
      vertex 3.8272 -3.44602 13.25
      vertex 2.10344 -1.52824 13.25
    endloop
  endfacet
  facet normal 0 0 1
    outer loop
      vertex 3.8272 -3.44602 13.25
      vertex 1.93218 -1.73974 13.25
      vertex 3.44602 -3.8272 13.25
    endloop
  endfacet
  facet normal -0 0 1
    outer loop
      vertex 1.73974 -1.93218 13.25
      vertex 3.44602 -3.8272 13.25
      vertex 1.93218 -1.73974 13.25
    endloop
  endfacet
  facet normal 0 0 1
    outer loop
      vertex 3.44602 -3.8272 13.25
      vertex 1.73974 -1.93218 13.25
      vertex 3.02709 -4.16644 13.25
    endloop
  endfacet
  facet normal -0 0 1
    outer loop
      vertex 1.52824 -2.10344 13.25
      vertex 3.02709 -4.16644 13.25
      vertex 1.73974 -1.93218 13.25
    endloop
  endfacet
  facet normal 0 0 1
    outer loop
      vertex 3.02709 -4.16644 13.25
      vertex 1.52824 -2.10344 13.25
      vertex 2.575 -4.46003 13.25
    endloop
  endfacet
  facet normal -0 0 1
    outer loop
      vertex 1.3 -2.25167 13.25
      vertex 2.575 -4.46003 13.25
      vertex 1.52824 -2.10344 13.25
    endloop
  endfacet
  facet normal 0 0 1
    outer loop
      vertex 2.575 -4.46003 13.25
      vertex 1.3 -2.25167 13.25
      vertex 2.09469 -4.70476 13.25
    endloop
  endfacet
  facet normal -0 0 1
    outer loop
      vertex 1.05752 -2.37522 13.25
      vertex 2.09469 -4.70476 13.25
      vertex 1.3 -2.25167 13.25
    endloop
  endfacet
  facet normal 0 0 1
    outer loop
      vertex 2.09469 -4.70476 13.25
      vertex 1.05752 -2.37522 13.25
      vertex 1.59144 -4.89794 13.25
    endloop
  endfacet
  facet normal -0 0 1
    outer loop
      vertex 0.803444 -2.47275 13.25
      vertex 1.59144 -4.89794 13.25
      vertex 1.05752 -2.37522 13.25
    endloop
  endfacet
  facet normal 0 0 1
    outer loop
      vertex 1.59144 -4.89794 13.25
      vertex 0.803444 -2.47275 13.25
      vertex 1.07074 -5.03746 13.25
    endloop
  endfacet
  facet normal -0 0 1
    outer loop
      vertex 0.54057 -2.54318 13.25
      vertex 1.07074 -5.03746 13.25
      vertex 0.803444 -2.47275 13.25
    endloop
  endfacet
  facet normal 0 0 1
    outer loop
      vertex 0.54057 -2.54318 13.25
      vertex 0.538321 -5.12179 13.25
      vertex 1.07074 -5.03746 13.25
    endloop
  endfacet
  facet normal -0 0 1
    outer loop
      vertex 0.271773 -2.58576 13.25
      vertex 0.538321 -5.12179 13.25
      vertex 0.54057 -2.54318 13.25
    endloop
  endfacet
  facet normal -0 0 1
    outer loop
      vertex 0 -2.6 13.25
      vertex 0.538321 -5.12179 13.25
      vertex 0.271773 -2.58576 13.25
    endloop
  endfacet
  facet normal 0 0 1
    outer loop
      vertex 0 -2.6 13.25
      vertex 0 -5.15 13.25
      vertex 0.538321 -5.12179 13.25
    endloop
  endfacet
  facet normal 0 0 1
    outer loop
      vertex -0.271773 -2.58576 13.25
      vertex 0 -5.15 13.25
      vertex 0 -2.6 13.25
    endloop
  endfacet
  facet normal 0 0 1
    outer loop
      vertex -0.271773 -2.58576 13.25
      vertex -0.538321 -5.12179 13.25
      vertex 0 -5.15 13.25
    endloop
  endfacet
  facet normal 0 0 1
    outer loop
      vertex -0.54057 -2.54318 13.25
      vertex -0.538321 -5.12179 13.25
      vertex -0.271773 -2.58576 13.25
    endloop
  endfacet
  facet normal 0 0 1
    outer loop
      vertex -1.07074 -5.03746 13.25
      vertex -0.54057 -2.54318 13.25
      vertex -0.803444 -2.47275 13.25
    endloop
  endfacet
  facet normal 0 0 1
    outer loop
      vertex -1.59144 -4.89794 13.25
      vertex -0.803444 -2.47275 13.25
      vertex -1.05752 -2.37522 13.25
    endloop
  endfacet
  facet normal 0 0 1
    outer loop
      vertex -0.54057 -2.54318 13.25
      vertex -1.07074 -5.03746 13.25
      vertex -0.538321 -5.12179 13.25
    endloop
  endfacet
  facet normal 0 0 1
    outer loop
      vertex -2.09469 -4.70476 13.25
      vertex -1.05752 -2.37522 13.25
      vertex -1.3 -2.25167 13.25
    endloop
  endfacet
  facet normal 0 0 1
    outer loop
      vertex -2.575 -4.46003 13.25
      vertex -1.3 -2.25167 13.25
      vertex -1.52824 -2.10344 13.25
    endloop
  endfacet
  facet normal 0 0 1
    outer loop
      vertex -0.803444 -2.47275 13.25
      vertex -1.59144 -4.89794 13.25
      vertex -1.07074 -5.03746 13.25
    endloop
  endfacet
  facet normal 0 0 1
    outer loop
      vertex -3.02709 -4.16644 13.25
      vertex -1.52824 -2.10344 13.25
      vertex -1.73974 -1.93218 13.25
    endloop
  endfacet
  facet normal 0 0 1
    outer loop
      vertex -3.44602 -3.8272 13.25
      vertex -1.73974 -1.93218 13.25
      vertex -1.93218 -1.73974 13.25
    endloop
  endfacet
  facet normal 0 0 1
    outer loop
      vertex -1.05752 -2.37522 13.25
      vertex -2.09469 -4.70476 13.25
      vertex -1.59144 -4.89794 13.25
    endloop
  endfacet
  facet normal 0 0 1
    outer loop
      vertex -3.8272 -3.44602 13.25
      vertex -1.93218 -1.73974 13.25
      vertex -2.10344 -1.52824 13.25
    endloop
  endfacet
  facet normal 0 0 1
    outer loop
      vertex -4.16644 -3.02709 13.25
      vertex -2.10344 -1.52824 13.25
      vertex -2.25167 -1.3 13.25
    endloop
  endfacet
  facet normal 0 0 1
    outer loop
      vertex -4.46003 -2.575 13.25
      vertex -2.25167 -1.3 13.25
      vertex -2.37522 -1.05752 13.25
    endloop
  endfacet
  facet normal 0 0 1
    outer loop
      vertex -4.70476 -2.09469 13.25
      vertex -2.37522 -1.05752 13.25
      vertex -2.47275 -0.803444 13.25
    endloop
  endfacet
  facet normal 0 0 1
    outer loop
      vertex -4.89794 -1.59144 13.25
      vertex -2.47275 -0.803444 13.25
      vertex -2.54318 -0.54057 13.25
    endloop
  endfacet
  facet normal 0 0 1
    outer loop
      vertex -1.3 -2.25167 13.25
      vertex -2.575 -4.46003 13.25
      vertex -2.09469 -4.70476 13.25
    endloop
  endfacet
  facet normal 0 0 1
    outer loop
      vertex -5.03746 -1.07074 13.25
      vertex -2.54318 -0.54057 13.25
      vertex -2.58576 -0.271773 13.25
    endloop
  endfacet
  facet normal 0 0 1
    outer loop
      vertex -5.12179 -0.538321 13.25
      vertex -2.58576 -0.271773 13.25
      vertex -2.6 0 13.25
    endloop
  endfacet
  facet normal -0 0 1
    outer loop
      vertex -4.70476 2.09469 13.25
      vertex -2.37522 1.05752 13.25
      vertex -4.46003 2.575 13.25
    endloop
  endfacet
  facet normal 0 0 1
    outer loop
      vertex -1.52824 -2.10344 13.25
      vertex -3.02709 -4.16644 13.25
      vertex -2.575 -4.46003 13.25
    endloop
  endfacet
  facet normal 0 0 1
    outer loop
      vertex -2.37522 1.05752 13.25
      vertex -4.70476 2.09469 13.25
      vertex -2.47275 0.803444 13.25
    endloop
  endfacet
  facet normal 0 0 1
    outer loop
      vertex -1.73974 -1.93218 13.25
      vertex -3.44602 -3.8272 13.25
      vertex -3.02709 -4.16644 13.25
    endloop
  endfacet
  facet normal -0 0 1
    outer loop
      vertex -4.89794 1.59144 13.25
      vertex -2.47275 0.803444 13.25
      vertex -4.70476 2.09469 13.25
    endloop
  endfacet
  facet normal 0 0 1
    outer loop
      vertex -1.93218 -1.73974 13.25
      vertex -3.8272 -3.44602 13.25
      vertex -3.44602 -3.8272 13.25
    endloop
  endfacet
  facet normal 0 0 1
    outer loop
      vertex -2.47275 0.803444 13.25
      vertex -4.89794 1.59144 13.25
      vertex -2.54318 0.54057 13.25
    endloop
  endfacet
  facet normal 0 0 1
    outer loop
      vertex -2.10344 -1.52824 13.25
      vertex -4.16644 -3.02709 13.25
      vertex -3.8272 -3.44602 13.25
    endloop
  endfacet
  facet normal -0 0 1
    outer loop
      vertex -5.03746 1.07074 13.25
      vertex -2.54318 0.54057 13.25
      vertex -4.89794 1.59144 13.25
    endloop
  endfacet
  facet normal 0 0 1
    outer loop
      vertex -2.25167 -1.3 13.25
      vertex -4.46003 -2.575 13.25
      vertex -4.16644 -3.02709 13.25
    endloop
  endfacet
  facet normal 0 0 1
    outer loop
      vertex -2.54318 0.54057 13.25
      vertex -5.03746 1.07074 13.25
      vertex -2.58576 0.271773 13.25
    endloop
  endfacet
  facet normal 0 0 1
    outer loop
      vertex -2.37522 -1.05752 13.25
      vertex -4.70476 -2.09469 13.25
      vertex -4.46003 -2.575 13.25
    endloop
  endfacet
  facet normal -0 0 1
    outer loop
      vertex -5.12179 0.538321 13.25
      vertex -2.58576 0.271773 13.25
      vertex -5.03746 1.07074 13.25
    endloop
  endfacet
  facet normal 0 0 1
    outer loop
      vertex -2.47275 -0.803444 13.25
      vertex -4.89794 -1.59144 13.25
      vertex -4.70476 -2.09469 13.25
    endloop
  endfacet
  facet normal 0 0 1
    outer loop
      vertex -2.58576 0.271773 13.25
      vertex -5.12179 0.538321 13.25
      vertex -2.6 0 13.25
    endloop
  endfacet
  facet normal 0 0 1
    outer loop
      vertex -2.54318 -0.54057 13.25
      vertex -5.03746 -1.07074 13.25
      vertex -4.89794 -1.59144 13.25
    endloop
  endfacet
  facet normal 0 0 1
    outer loop
      vertex -5.15 0 13.25
      vertex -2.6 0 13.25
      vertex -5.12179 0.538321 13.25
    endloop
  endfacet
  facet normal 0 0 1
    outer loop
      vertex -2.58576 -0.271773 13.25
      vertex -5.12179 -0.538321 13.25
      vertex -5.03746 -1.07074 13.25
    endloop
  endfacet
  facet normal 0 0 1
    outer loop
      vertex -2.6 0 13.25
      vertex -5.15 0 13.25
      vertex -5.12179 -0.538321 13.25
    endloop
  endfacet
  facet normal 0.707107 0.707107 0
    outer loop
      vertex 3.8272 3.44602 13.25
      vertex 3.44602 3.8272 -14.25
      vertex 3.44602 3.8272 13.25
    endloop
  endfacet
  facet normal 0.707107 0.707107 0
    outer loop
      vertex 3.44602 3.8272 -14.25
      vertex 3.8272 3.44602 13.25
      vertex 3.8272 3.44602 -14.25
    endloop
  endfacet
  facet normal 0.891007 0.45399 0
    outer loop
      vertex 4.70476 2.09469 13.25
      vertex 4.46003 2.575 -14.25
      vertex 4.46003 2.575 13.25
    endloop
  endfacet
  facet normal 0.891007 0.45399 0
    outer loop
      vertex 4.46003 2.575 -14.25
      vertex 4.70476 2.09469 13.25
      vertex 4.70476 2.09469 -14.25
    endloop
  endfacet
  facet normal -0.838671 0.544638 0
    outer loop
      vertex -4.46003 2.575 -14.25
      vertex -4.16644 3.02709 13.25
      vertex -4.16644 3.02709 -14.25
    endloop
  endfacet
  facet normal -0.838671 0.544638 0
    outer loop
      vertex -4.16644 3.02709 13.25
      vertex -4.46003 2.575 -14.25
      vertex -4.46003 2.575 13.25
    endloop
  endfacet
  facet normal -0.987687 0.15644 0
    outer loop
      vertex -5.12179 0.538321 -14.25
      vertex -5.03746 1.07074 13.25
      vertex -5.03746 1.07074 -14.25
    endloop
  endfacet
  facet normal -0.987687 0.15644 0
    outer loop
      vertex -5.03746 1.07074 13.25
      vertex -5.12179 0.538321 -14.25
      vertex -5.12179 0.538321 13.25
    endloop
  endfacet
  facet normal 0 0 -1
    outer loop
      vertex 2.6 0 -14.25
      vertex 5.15 0 -14.25
      vertex 5.12179 -0.538321 -14.25
    endloop
  endfacet
  facet normal 0 0 -1
    outer loop
      vertex 2.58576 -0.271773 -14.25
      vertex 5.12179 -0.538321 -14.25
      vertex 5.03746 -1.07074 -14.25
    endloop
  endfacet
  facet normal 0 0 -1
    outer loop
      vertex 5.15 0 -14.25
      vertex 2.6 0 -14.25
      vertex 5.12179 0.538321 -14.25
    endloop
  endfacet
  facet normal 0 0 -1
    outer loop
      vertex 2.54318 -0.54057 -14.25
      vertex 5.03746 -1.07074 -14.25
      vertex 4.89794 -1.59144 -14.25
    endloop
  endfacet
  facet normal 0 0 -1
    outer loop
      vertex 2.58576 0.271773 -14.25
      vertex 5.12179 0.538321 -14.25
      vertex 2.6 0 -14.25
    endloop
  endfacet
  facet normal 0 0 -1
    outer loop
      vertex 2.47275 -0.803444 -14.25
      vertex 4.89794 -1.59144 -14.25
      vertex 4.70476 -2.09469 -14.25
    endloop
  endfacet
  facet normal -0 0 -1
    outer loop
      vertex 5.12179 0.538321 -14.25
      vertex 2.58576 0.271773 -14.25
      vertex 5.03746 1.07074 -14.25
    endloop
  endfacet
  facet normal 0 0 -1
    outer loop
      vertex 2.37522 -1.05752 -14.25
      vertex 4.70476 -2.09469 -14.25
      vertex 4.46003 -2.575 -14.25
    endloop
  endfacet
  facet normal 0 0 -1
    outer loop
      vertex 2.54318 0.54057 -14.25
      vertex 5.03746 1.07074 -14.25
      vertex 2.58576 0.271773 -14.25
    endloop
  endfacet
  facet normal 0 0 -1
    outer loop
      vertex 2.25167 -1.3 -14.25
      vertex 4.46003 -2.575 -14.25
      vertex 4.16644 -3.02709 -14.25
    endloop
  endfacet
  facet normal -0 0 -1
    outer loop
      vertex 5.03746 1.07074 -14.25
      vertex 2.54318 0.54057 -14.25
      vertex 4.89794 1.59144 -14.25
    endloop
  endfacet
  facet normal 0 0 -1
    outer loop
      vertex 2.10344 -1.52824 -14.25
      vertex 4.16644 -3.02709 -14.25
      vertex 3.8272 -3.44602 -14.25
    endloop
  endfacet
  facet normal 0 0 -1
    outer loop
      vertex 2.47275 0.803444 -14.25
      vertex 4.89794 1.59144 -14.25
      vertex 2.54318 0.54057 -14.25
    endloop
  endfacet
  facet normal 0 0 -1
    outer loop
      vertex 1.93218 -1.73974 -14.25
      vertex 3.8272 -3.44602 -14.25
      vertex 3.44602 -3.8272 -14.25
    endloop
  endfacet
  facet normal -0 0 -1
    outer loop
      vertex 4.89794 1.59144 -14.25
      vertex 2.47275 0.803444 -14.25
      vertex 4.70476 2.09469 -14.25
    endloop
  endfacet
  facet normal 0 0 -1
    outer loop
      vertex 1.73974 -1.93218 -14.25
      vertex 3.44602 -3.8272 -14.25
      vertex 3.02709 -4.16644 -14.25
    endloop
  endfacet
  facet normal 0 0 -1
    outer loop
      vertex 2.37522 1.05752 -14.25
      vertex 4.70476 2.09469 -14.25
      vertex 2.47275 0.803444 -14.25
    endloop
  endfacet
  facet normal -0 0 -1
    outer loop
      vertex 4.70476 2.09469 -14.25
      vertex 2.37522 1.05752 -14.25
      vertex 4.46003 2.575 -14.25
    endloop
  endfacet
  facet normal 0 0 -1
    outer loop
      vertex 5.12179 -0.538321 -14.25
      vertex 2.58576 -0.271773 -14.25
      vertex 2.6 0 -14.25
    endloop
  endfacet
  facet normal 0 0 -1
    outer loop
      vertex 1.52824 -2.10344 -14.25
      vertex 3.02709 -4.16644 -14.25
      vertex 2.575 -4.46003 -14.25
    endloop
  endfacet
  facet normal 0 0 -1
    outer loop
      vertex 5.03746 -1.07074 -14.25
      vertex 2.54318 -0.54057 -14.25
      vertex 2.58576 -0.271773 -14.25
    endloop
  endfacet
  facet normal 0 0 -1
    outer loop
      vertex 4.89794 -1.59144 -14.25
      vertex 2.47275 -0.803444 -14.25
      vertex 2.54318 -0.54057 -14.25
    endloop
  endfacet
  facet normal 0 0 -1
    outer loop
      vertex 4.70476 -2.09469 -14.25
      vertex 2.37522 -1.05752 -14.25
      vertex 2.47275 -0.803444 -14.25
    endloop
  endfacet
  facet normal 0 0 -1
    outer loop
      vertex 4.46003 -2.575 -14.25
      vertex 2.25167 -1.3 -14.25
      vertex 2.37522 -1.05752 -14.25
    endloop
  endfacet
  facet normal 0 0 -1
    outer loop
      vertex 4.16644 -3.02709 -14.25
      vertex 2.10344 -1.52824 -14.25
      vertex 2.25167 -1.3 -14.25
    endloop
  endfacet
  facet normal 0 0 -1
    outer loop
      vertex 1.3 -2.25167 -14.25
      vertex 2.575 -4.46003 -14.25
      vertex 2.09469 -4.70476 -14.25
    endloop
  endfacet
  facet normal 0 0 -1
    outer loop
      vertex 3.8272 -3.44602 -14.25
      vertex 1.93218 -1.73974 -14.25
      vertex 2.10344 -1.52824 -14.25
    endloop
  endfacet
  facet normal 0 0 -1
    outer loop
      vertex 3.44602 -3.8272 -14.25
      vertex 1.73974 -1.93218 -14.25
      vertex 1.93218 -1.73974 -14.25
    endloop
  endfacet
  facet normal 0 0 -1
    outer loop
      vertex 1.05752 -2.37522 -14.25
      vertex 2.09469 -4.70476 -14.25
      vertex 1.59144 -4.89794 -14.25
    endloop
  endfacet
  facet normal 0 0 -1
    outer loop
      vertex 3.02709 -4.16644 -14.25
      vertex 1.52824 -2.10344 -14.25
      vertex 1.73974 -1.93218 -14.25
    endloop
  endfacet
  facet normal 0 0 -1
    outer loop
      vertex 2.575 -4.46003 -14.25
      vertex 1.3 -2.25167 -14.25
      vertex 1.52824 -2.10344 -14.25
    endloop
  endfacet
  facet normal 0 0 -1
    outer loop
      vertex 0.803444 -2.47275 -14.25
      vertex 1.59144 -4.89794 -14.25
      vertex 1.07074 -5.03746 -14.25
    endloop
  endfacet
  facet normal 0 0 -1
    outer loop
      vertex 2.09469 -4.70476 -14.25
      vertex 1.05752 -2.37522 -14.25
      vertex 1.3 -2.25167 -14.25
    endloop
  endfacet
  facet normal 0 0 -1
    outer loop
      vertex 1.59144 -4.89794 -14.25
      vertex 0.803444 -2.47275 -14.25
      vertex 1.05752 -2.37522 -14.25
    endloop
  endfacet
  facet normal 0 0 -1
    outer loop
      vertex 1.07074 -5.03746 -14.25
      vertex 0.54057 -2.54318 -14.25
      vertex 0.803444 -2.47275 -14.25
    endloop
  endfacet
  facet normal 0 0 -1
    outer loop
      vertex 0.538321 -5.12179 -14.25
      vertex 0.54057 -2.54318 -14.25
      vertex 1.07074 -5.03746 -14.25
    endloop
  endfacet
  facet normal 0 0 -1
    outer loop
      vertex 0.538321 -5.12179 -14.25
      vertex 0.271773 -2.58576 -14.25
      vertex 0.54057 -2.54318 -14.25
    endloop
  endfacet
  facet normal 0 0 -1
    outer loop
      vertex 0 -5.15 -14.25
      vertex 0.271773 -2.58576 -14.25
      vertex 0.538321 -5.12179 -14.25
    endloop
  endfacet
  facet normal 0 0 -1
    outer loop
      vertex 0 -5.15 -14.25
      vertex 0 -2.6 -14.25
      vertex 0.271773 -2.58576 -14.25
    endloop
  endfacet
  facet normal 0 0 -1
    outer loop
      vertex 0 -5.15 -14.25
      vertex -0.271773 -2.58576 -14.25
      vertex 0 -2.6 -14.25
    endloop
  endfacet
  facet normal 0 0 -1
    outer loop
      vertex -0.538321 -5.12179 -14.25
      vertex -0.271773 -2.58576 -14.25
      vertex 0 -5.15 -14.25
    endloop
  endfacet
  facet normal 0 0 -1
    outer loop
      vertex -0.538321 -5.12179 -14.25
      vertex -0.54057 -2.54318 -14.25
      vertex -0.271773 -2.58576 -14.25
    endloop
  endfacet
  facet normal 0 0 -1
    outer loop
      vertex -1.07074 -5.03746 -14.25
      vertex -0.54057 -2.54318 -14.25
      vertex -0.538321 -5.12179 -14.25
    endloop
  endfacet
  facet normal -0 0 -1
    outer loop
      vertex -0.54057 -2.54318 -14.25
      vertex -1.07074 -5.03746 -14.25
      vertex -0.803444 -2.47275 -14.25
    endloop
  endfacet
  facet normal 0 0 -1
    outer loop
      vertex -1.59144 -4.89794 -14.25
      vertex -0.803444 -2.47275 -14.25
      vertex -1.07074 -5.03746 -14.25
    endloop
  endfacet
  facet normal -0 0 -1
    outer loop
      vertex -0.803444 -2.47275 -14.25
      vertex -1.59144 -4.89794 -14.25
      vertex -1.05752 -2.37522 -14.25
    endloop
  endfacet
  facet normal 0 0 -1
    outer loop
      vertex -2.09469 -4.70476 -14.25
      vertex -1.05752 -2.37522 -14.25
      vertex -1.59144 -4.89794 -14.25
    endloop
  endfacet
  facet normal -0 0 -1
    outer loop
      vertex -1.05752 -2.37522 -14.25
      vertex -2.09469 -4.70476 -14.25
      vertex -1.3 -2.25167 -14.25
    endloop
  endfacet
  facet normal 0 0 -1
    outer loop
      vertex -2.575 -4.46003 -14.25
      vertex -1.3 -2.25167 -14.25
      vertex -2.09469 -4.70476 -14.25
    endloop
  endfacet
  facet normal -0 0 -1
    outer loop
      vertex -1.3 -2.25167 -14.25
      vertex -2.575 -4.46003 -14.25
      vertex -1.52824 -2.10344 -14.25
    endloop
  endfacet
  facet normal 0 0 -1
    outer loop
      vertex -3.02709 -4.16644 -14.25
      vertex -1.52824 -2.10344 -14.25
      vertex -2.575 -4.46003 -14.25
    endloop
  endfacet
  facet normal -0 0 -1
    outer loop
      vertex -1.52824 -2.10344 -14.25
      vertex -3.02709 -4.16644 -14.25
      vertex -1.73974 -1.93218 -14.25
    endloop
  endfacet
  facet normal 0 0 -1
    outer loop
      vertex -3.44602 -3.8272 -14.25
      vertex -1.73974 -1.93218 -14.25
      vertex -3.02709 -4.16644 -14.25
    endloop
  endfacet
  facet normal -0 0 -1
    outer loop
      vertex -1.73974 -1.93218 -14.25
      vertex -3.44602 -3.8272 -14.25
      vertex -1.93218 -1.73974 -14.25
    endloop
  endfacet
  facet normal 0 0 -1
    outer loop
      vertex -3.8272 -3.44602 -14.25
      vertex -1.93218 -1.73974 -14.25
      vertex -3.44602 -3.8272 -14.25
    endloop
  endfacet
  facet normal -0 0 -1
    outer loop
      vertex -1.93218 -1.73974 -14.25
      vertex -3.8272 -3.44602 -14.25
      vertex -2.10344 -1.52824 -14.25
    endloop
  endfacet
  facet normal 0 0 -1
    outer loop
      vertex -4.16644 -3.02709 -14.25
      vertex -2.10344 -1.52824 -14.25
      vertex -3.8272 -3.44602 -14.25
    endloop
  endfacet
  facet normal -0 0 -1
    outer loop
      vertex -2.10344 -1.52824 -14.25
      vertex -4.16644 -3.02709 -14.25
      vertex -2.25167 -1.3 -14.25
    endloop
  endfacet
  facet normal 0 0 -1
    outer loop
      vertex -4.46003 -2.575 -14.25
      vertex -2.25167 -1.3 -14.25
      vertex -4.16644 -3.02709 -14.25
    endloop
  endfacet
  facet normal -0 0 -1
    outer loop
      vertex -2.25167 -1.3 -14.25
      vertex -4.46003 -2.575 -14.25
      vertex -2.37522 -1.05752 -14.25
    endloop
  endfacet
  facet normal 0 0 -1
    outer loop
      vertex 2.25167 1.3 -14.25
      vertex 4.46003 2.575 -14.25
      vertex 2.37522 1.05752 -14.25
    endloop
  endfacet
  facet normal -0 0 -1
    outer loop
      vertex 4.46003 2.575 -14.25
      vertex 2.25167 1.3 -14.25
      vertex 4.16644 3.02709 -14.25
    endloop
  endfacet
  facet normal 0 0 -1
    outer loop
      vertex 2.10344 1.52824 -14.25
      vertex 4.16644 3.02709 -14.25
      vertex 2.25167 1.3 -14.25
    endloop
  endfacet
  facet normal -0 0 -1
    outer loop
      vertex 4.16644 3.02709 -14.25
      vertex 2.10344 1.52824 -14.25
      vertex 3.8272 3.44602 -14.25
    endloop
  endfacet
  facet normal 0 0 -1
    outer loop
      vertex 1.93218 1.73974 -14.25
      vertex 3.8272 3.44602 -14.25
      vertex 2.10344 1.52824 -14.25
    endloop
  endfacet
  facet normal -0 0 -1
    outer loop
      vertex 3.8272 3.44602 -14.25
      vertex 1.93218 1.73974 -14.25
      vertex 3.44602 3.8272 -14.25
    endloop
  endfacet
  facet normal 0 0 -1
    outer loop
      vertex 1.73974 1.93218 -14.25
      vertex 3.44602 3.8272 -14.25
      vertex 1.93218 1.73974 -14.25
    endloop
  endfacet
  facet normal -0 0 -1
    outer loop
      vertex 3.44602 3.8272 -14.25
      vertex 1.73974 1.93218 -14.25
      vertex 3.02709 4.16644 -14.25
    endloop
  endfacet
  facet normal 0 0 -1
    outer loop
      vertex 1.52824 2.10344 -14.25
      vertex 3.02709 4.16644 -14.25
      vertex 1.73974 1.93218 -14.25
    endloop
  endfacet
  facet normal -0 0 -1
    outer loop
      vertex 3.02709 4.16644 -14.25
      vertex 1.52824 2.10344 -14.25
      vertex 2.575 4.46003 -14.25
    endloop
  endfacet
  facet normal 0 0 -1
    outer loop
      vertex 1.3 2.25167 -14.25
      vertex 2.575 4.46003 -14.25
      vertex 1.52824 2.10344 -14.25
    endloop
  endfacet
  facet normal -0 0 -1
    outer loop
      vertex 2.575 4.46003 -14.25
      vertex 1.3 2.25167 -14.25
      vertex 2.09469 4.70476 -14.25
    endloop
  endfacet
  facet normal 0 0 -1
    outer loop
      vertex 1.05752 2.37522 -14.25
      vertex 2.09469 4.70476 -14.25
      vertex 1.3 2.25167 -14.25
    endloop
  endfacet
  facet normal -0 0 -1
    outer loop
      vertex 2.09469 4.70476 -14.25
      vertex 1.05752 2.37522 -14.25
      vertex 1.59144 4.89794 -14.25
    endloop
  endfacet
  facet normal 0 0 -1
    outer loop
      vertex 0.803444 2.47275 -14.25
      vertex 1.59144 4.89794 -14.25
      vertex 1.05752 2.37522 -14.25
    endloop
  endfacet
  facet normal -0 0 -1
    outer loop
      vertex 1.59144 4.89794 -14.25
      vertex 0.803444 2.47275 -14.25
      vertex 1.07074 5.03746 -14.25
    endloop
  endfacet
  facet normal 0 0 -1
    outer loop
      vertex 0.54057 2.54318 -14.25
      vertex 1.07074 5.03746 -14.25
      vertex 0.803444 2.47275 -14.25
    endloop
  endfacet
  facet normal 0 0 -1
    outer loop
      vertex 0.54057 2.54318 -14.25
      vertex 0.538321 5.12179 -14.25
      vertex 1.07074 5.03746 -14.25
    endloop
  endfacet
  facet normal 0 0 -1
    outer loop
      vertex 0.271773 2.58576 -14.25
      vertex 0.538321 5.12179 -14.25
      vertex 0.54057 2.54318 -14.25
    endloop
  endfacet
  facet normal 0 0 -1
    outer loop
      vertex 0 2.6 -14.25
      vertex 0.538321 5.12179 -14.25
      vertex 0.271773 2.58576 -14.25
    endloop
  endfacet
  facet normal 0 0 -1
    outer loop
      vertex 0 2.6 -14.25
      vertex 0 5.15 -14.25
      vertex 0.538321 5.12179 -14.25
    endloop
  endfacet
  facet normal 0 0 -1
    outer loop
      vertex -0.271773 2.58576 -14.25
      vertex 0 5.15 -14.25
      vertex 0 2.6 -14.25
    endloop
  endfacet
  facet normal 0 0 -1
    outer loop
      vertex -0.271773 2.58576 -14.25
      vertex -0.538321 5.12179 -14.25
      vertex 0 5.15 -14.25
    endloop
  endfacet
  facet normal 0 0 -1
    outer loop
      vertex -0.54057 2.54318 -14.25
      vertex -0.538321 5.12179 -14.25
      vertex -0.271773 2.58576 -14.25
    endloop
  endfacet
  facet normal 0 0 -1
    outer loop
      vertex -1.07074 5.03746 -14.25
      vertex -0.54057 2.54318 -14.25
      vertex -0.803444 2.47275 -14.25
    endloop
  endfacet
  facet normal 0 0 -1
    outer loop
      vertex -1.59144 4.89794 -14.25
      vertex -0.803444 2.47275 -14.25
      vertex -1.05752 2.37522 -14.25
    endloop
  endfacet
  facet normal 0 0 -1
    outer loop
      vertex -0.54057 2.54318 -14.25
      vertex -1.07074 5.03746 -14.25
      vertex -0.538321 5.12179 -14.25
    endloop
  endfacet
  facet normal 0 0 -1
    outer loop
      vertex -2.09469 4.70476 -14.25
      vertex -1.05752 2.37522 -14.25
      vertex -1.3 2.25167 -14.25
    endloop
  endfacet
  facet normal 0 0 -1
    outer loop
      vertex -2.575 4.46003 -14.25
      vertex -1.3 2.25167 -14.25
      vertex -1.52824 2.10344 -14.25
    endloop
  endfacet
  facet normal 0 0 -1
    outer loop
      vertex -0.803444 2.47275 -14.25
      vertex -1.59144 4.89794 -14.25
      vertex -1.07074 5.03746 -14.25
    endloop
  endfacet
  facet normal 0 0 -1
    outer loop
      vertex -3.02709 4.16644 -14.25
      vertex -1.52824 2.10344 -14.25
      vertex -1.73974 1.93218 -14.25
    endloop
  endfacet
  facet normal 0 0 -1
    outer loop
      vertex -3.44602 3.8272 -14.25
      vertex -1.73974 1.93218 -14.25
      vertex -1.93218 1.73974 -14.25
    endloop
  endfacet
  facet normal 0 0 -1
    outer loop
      vertex -1.05752 2.37522 -14.25
      vertex -2.09469 4.70476 -14.25
      vertex -1.59144 4.89794 -14.25
    endloop
  endfacet
  facet normal 0 0 -1
    outer loop
      vertex -3.8272 3.44602 -14.25
      vertex -1.93218 1.73974 -14.25
      vertex -2.10344 1.52824 -14.25
    endloop
  endfacet
  facet normal 0 0 -1
    outer loop
      vertex -4.16644 3.02709 -14.25
      vertex -2.10344 1.52824 -14.25
      vertex -2.25167 1.3 -14.25
    endloop
  endfacet
  facet normal 0 0 -1
    outer loop
      vertex -4.46003 2.575 -14.25
      vertex -2.25167 1.3 -14.25
      vertex -2.37522 1.05752 -14.25
    endloop
  endfacet
  facet normal 0 0 -1
    outer loop
      vertex -4.70476 2.09469 -14.25
      vertex -2.37522 1.05752 -14.25
      vertex -2.47275 0.803444 -14.25
    endloop
  endfacet
  facet normal 0 0 -1
    outer loop
      vertex -4.89794 1.59144 -14.25
      vertex -2.47275 0.803444 -14.25
      vertex -2.54318 0.54057 -14.25
    endloop
  endfacet
  facet normal 0 0 -1
    outer loop
      vertex -1.3 2.25167 -14.25
      vertex -2.575 4.46003 -14.25
      vertex -2.09469 4.70476 -14.25
    endloop
  endfacet
  facet normal 0 0 -1
    outer loop
      vertex -5.03746 1.07074 -14.25
      vertex -2.54318 0.54057 -14.25
      vertex -2.58576 0.271773 -14.25
    endloop
  endfacet
  facet normal 0 0 -1
    outer loop
      vertex -5.12179 0.538321 -14.25
      vertex -2.58576 0.271773 -14.25
      vertex -2.6 0 -14.25
    endloop
  endfacet
  facet normal 0 0 -1
    outer loop
      vertex -4.70476 -2.09469 -14.25
      vertex -2.37522 -1.05752 -14.25
      vertex -4.46003 -2.575 -14.25
    endloop
  endfacet
  facet normal 0 0 -1
    outer loop
      vertex -1.52824 2.10344 -14.25
      vertex -3.02709 4.16644 -14.25
      vertex -2.575 4.46003 -14.25
    endloop
  endfacet
  facet normal -0 0 -1
    outer loop
      vertex -2.37522 -1.05752 -14.25
      vertex -4.70476 -2.09469 -14.25
      vertex -2.47275 -0.803444 -14.25
    endloop
  endfacet
  facet normal 0 0 -1
    outer loop
      vertex -1.73974 1.93218 -14.25
      vertex -3.44602 3.8272 -14.25
      vertex -3.02709 4.16644 -14.25
    endloop
  endfacet
  facet normal 0 0 -1
    outer loop
      vertex -4.89794 -1.59144 -14.25
      vertex -2.47275 -0.803444 -14.25
      vertex -4.70476 -2.09469 -14.25
    endloop
  endfacet
  facet normal 0 0 -1
    outer loop
      vertex -1.93218 1.73974 -14.25
      vertex -3.8272 3.44602 -14.25
      vertex -3.44602 3.8272 -14.25
    endloop
  endfacet
  facet normal -0 0 -1
    outer loop
      vertex -2.47275 -0.803444 -14.25
      vertex -4.89794 -1.59144 -14.25
      vertex -2.54318 -0.54057 -14.25
    endloop
  endfacet
  facet normal 0 0 -1
    outer loop
      vertex -2.10344 1.52824 -14.25
      vertex -4.16644 3.02709 -14.25
      vertex -3.8272 3.44602 -14.25
    endloop
  endfacet
  facet normal 0 0 -1
    outer loop
      vertex -5.03746 -1.07074 -14.25
      vertex -2.54318 -0.54057 -14.25
      vertex -4.89794 -1.59144 -14.25
    endloop
  endfacet
  facet normal 0 0 -1
    outer loop
      vertex -2.25167 1.3 -14.25
      vertex -4.46003 2.575 -14.25
      vertex -4.16644 3.02709 -14.25
    endloop
  endfacet
  facet normal -0 0 -1
    outer loop
      vertex -2.54318 -0.54057 -14.25
      vertex -5.03746 -1.07074 -14.25
      vertex -2.58576 -0.271773 -14.25
    endloop
  endfacet
  facet normal 0 0 -1
    outer loop
      vertex -2.37522 1.05752 -14.25
      vertex -4.70476 2.09469 -14.25
      vertex -4.46003 2.575 -14.25
    endloop
  endfacet
  facet normal 0 0 -1
    outer loop
      vertex -5.12179 -0.538321 -14.25
      vertex -2.58576 -0.271773 -14.25
      vertex -5.03746 -1.07074 -14.25
    endloop
  endfacet
  facet normal 0 0 -1
    outer loop
      vertex -2.47275 0.803444 -14.25
      vertex -4.89794 1.59144 -14.25
      vertex -4.70476 2.09469 -14.25
    endloop
  endfacet
  facet normal -0 0 -1
    outer loop
      vertex -2.58576 -0.271773 -14.25
      vertex -5.12179 -0.538321 -14.25
      vertex -2.6 0 -14.25
    endloop
  endfacet
  facet normal 0 0 -1
    outer loop
      vertex -2.54318 0.54057 -14.25
      vertex -5.03746 1.07074 -14.25
      vertex -4.89794 1.59144 -14.25
    endloop
  endfacet
  facet normal 0 0 -1
    outer loop
      vertex -5.15 0 -14.25
      vertex -2.6 0 -14.25
      vertex -5.12179 -0.538321 -14.25
    endloop
  endfacet
  facet normal 0 0 -1
    outer loop
      vertex -2.58576 0.271773 -14.25
      vertex -5.12179 0.538321 -14.25
      vertex -5.03746 1.07074 -14.25
    endloop
  endfacet
  facet normal 0 0 -1
    outer loop
      vertex -2.6 0 -14.25
      vertex -5.15 0 -14.25
      vertex -5.12179 0.538321 -14.25
    endloop
  endfacet
  facet normal -0.777149 0.629317 0
    outer loop
      vertex -4.16644 3.02709 -14.25
      vertex -3.8272 3.44602 13.25
      vertex -3.8272 3.44602 -14.25
    endloop
  endfacet
  facet normal -0.777149 0.629317 0
    outer loop
      vertex -3.8272 3.44602 13.25
      vertex -4.16644 3.02709 -14.25
      vertex -4.16644 3.02709 13.25
    endloop
  endfacet
  facet normal -0.629317 0.777149 0
    outer loop
      vertex -3.02709 4.16644 -14.25
      vertex -3.44602 3.8272 13.25
      vertex -3.02709 4.16644 13.25
    endloop
  endfacet
  facet normal -0.629317 0.777149 0
    outer loop
      vertex -3.44602 3.8272 13.25
      vertex -3.02709 4.16644 -14.25
      vertex -3.44602 3.8272 -14.25
    endloop
  endfacet
  facet normal -0.544638 0.838671 0
    outer loop
      vertex -2.575 4.46003 -14.25
      vertex -3.02709 4.16644 13.25
      vertex -2.575 4.46003 13.25
    endloop
  endfacet
  facet normal -0.544638 0.838671 0
    outer loop
      vertex -3.02709 4.16644 13.25
      vertex -2.575 4.46003 -14.25
      vertex -3.02709 4.16644 -14.25
    endloop
  endfacet
  facet normal -0.891007 -0.45399 0
    outer loop
      vertex -4.46003 -2.575 -14.25
      vertex -4.70476 -2.09469 13.25
      vertex -4.70476 -2.09469 -14.25
    endloop
  endfacet
  facet normal -0.891007 -0.45399 0
    outer loop
      vertex -4.70476 -2.09469 13.25
      vertex -4.46003 -2.575 -14.25
      vertex -4.46003 -2.575 13.25
    endloop
  endfacet
  facet normal -0.15644 0.987687 0
    outer loop
      vertex -0.538321 5.12179 -14.25
      vertex -1.07074 5.03746 13.25
      vertex -0.538321 5.12179 13.25
    endloop
  endfacet
  facet normal -0.15644 0.987687 0
    outer loop
      vertex -1.07074 5.03746 13.25
      vertex -0.538321 5.12179 -14.25
      vertex -1.07074 5.03746 -14.25
    endloop
  endfacet
  facet normal 0.629317 -0.777149 0
    outer loop
      vertex 3.02709 -4.16644 -14.25
      vertex 3.44602 -3.8272 13.25
      vertex 3.02709 -4.16644 13.25
    endloop
  endfacet
  facet normal 0.629317 -0.777149 0
    outer loop
      vertex 3.44602 -3.8272 13.25
      vertex 3.02709 -4.16644 -14.25
      vertex 3.44602 -3.8272 -14.25
    endloop
  endfacet
  facet normal -0.838671 -0.544638 0
    outer loop
      vertex -4.16644 -3.02709 -14.25
      vertex -4.46003 -2.575 13.25
      vertex -4.46003 -2.575 -14.25
    endloop
  endfacet
  facet normal -0.838671 -0.544638 0
    outer loop
      vertex -4.46003 -2.575 13.25
      vertex -4.16644 -3.02709 -14.25
      vertex -4.16644 -3.02709 13.25
    endloop
  endfacet
  facet normal -0.987687 -0.15644 0
    outer loop
      vertex -5.03746 -1.07074 -14.25
      vertex -5.12179 -0.538321 13.25
      vertex -5.12179 -0.538321 -14.25
    endloop
  endfacet
  facet normal -0.987687 -0.15644 0
    outer loop
      vertex -5.12179 -0.538321 13.25
      vertex -5.03746 -1.07074 -14.25
      vertex -5.03746 -1.07074 13.25
    endloop
  endfacet
  facet normal -0.93358 -0.358369 0
    outer loop
      vertex -4.70476 -2.09469 -14.25
      vertex -4.89794 -1.59144 13.25
      vertex -4.89794 -1.59144 -14.25
    endloop
  endfacet
  facet normal -0.93358 -0.358369 0
    outer loop
      vertex -4.89794 -1.59144 13.25
      vertex -4.70476 -2.09469 -14.25
      vertex -4.70476 -2.09469 13.25
    endloop
  endfacet
  facet normal -0.777149 -0.629317 0
    outer loop
      vertex -3.8272 -3.44602 -14.25
      vertex -4.16644 -3.02709 13.25
      vertex -4.16644 -3.02709 -14.25
    endloop
  endfacet
  facet normal -0.777149 -0.629317 0
    outer loop
      vertex -4.16644 -3.02709 13.25
      vertex -3.8272 -3.44602 -14.25
      vertex -3.8272 -3.44602 13.25
    endloop
  endfacet
  facet normal 0.544638 -0.838671 0
    outer loop
      vertex 2.575 -4.46003 -14.25
      vertex 3.02709 -4.16644 13.25
      vertex 2.575 -4.46003 13.25
    endloop
  endfacet
  facet normal 0.544638 -0.838671 0
    outer loop
      vertex 3.02709 -4.16644 13.25
      vertex 2.575 -4.46003 -14.25
      vertex 3.02709 -4.16644 -14.25
    endloop
  endfacet
  facet normal -0.0523319 -0.99863 0
    outer loop
      vertex -0.538321 -5.12179 -14.25
      vertex 0 -5.15 13.25
      vertex -0.538321 -5.12179 13.25
    endloop
  endfacet
  facet normal -0.0523319 -0.99863 -0
    outer loop
      vertex 0 -5.15 13.25
      vertex -0.538321 -5.12179 -14.25
      vertex 0 -5.15 -14.25
    endloop
  endfacet
  facet normal -0.99863 0.0523319 0
    outer loop
      vertex -5.15 0 -14.25
      vertex -5.12179 0.538321 13.25
      vertex -5.12179 0.538321 -14.25
    endloop
  endfacet
  facet normal -0.99863 0.0523319 0
    outer loop
      vertex -5.12179 0.538321 13.25
      vertex -5.15 0 -14.25
      vertex -5.15 0 13.25
    endloop
  endfacet
  facet normal -0.358369 -0.93358 0
    outer loop
      vertex -2.09469 -4.70476 -14.25
      vertex -1.59144 -4.89794 13.25
      vertex -2.09469 -4.70476 13.25
    endloop
  endfacet
  facet normal -0.358369 -0.93358 -0
    outer loop
      vertex -1.59144 -4.89794 13.25
      vertex -2.09469 -4.70476 -14.25
      vertex -1.59144 -4.89794 -14.25
    endloop
  endfacet
  facet normal -0.15644 -0.987687 0
    outer loop
      vertex -1.07074 -5.03746 -14.25
      vertex -0.538321 -5.12179 13.25
      vertex -1.07074 -5.03746 13.25
    endloop
  endfacet
  facet normal -0.15644 -0.987687 -0
    outer loop
      vertex -0.538321 -5.12179 13.25
      vertex -1.07074 -5.03746 -14.25
      vertex -0.538321 -5.12179 -14.25
    endloop
  endfacet
  facet normal 0.707107 -0.707107 0
    outer loop
      vertex 3.44602 -3.8272 13.25
      vertex 3.8272 -3.44602 -14.25
      vertex 3.8272 -3.44602 13.25
    endloop
  endfacet
  facet normal 0.707107 -0.707107 0
    outer loop
      vertex 3.8272 -3.44602 -14.25
      vertex 3.44602 -3.8272 13.25
      vertex 3.44602 -3.8272 -14.25
    endloop
  endfacet
  facet normal -0.358366 -0.933581 0
    outer loop
      vertex -1.05752 -2.37522 13.25
      vertex -0.803444 -2.47275 13.7578
      vertex -1.05752 -2.37522 13.7578
    endloop
  endfacet
  facet normal -0.358366 -0.933581 -0
    outer loop
      vertex -0.803444 -2.47275 13.7578
      vertex -1.05752 -2.37522 13.25
      vertex -0.803444 -2.47275 13.25
    endloop
  endfacet
  facet normal 0.252327 0.495181 0.83134
    outer loop
      vertex 0.997947 2.24143 14.1114
      vertex 0.931968 2.09323 14.2197
      vertex 1.22677 2.12483 14.1114
    endloop
  endfacet
  facet normal -0.99863 0.0523249 0
    outer loop
      vertex -2.6 0 13.25
      vertex -2.58576 0.271773 13.7578
      vertex -2.58576 0.271773 13.25
    endloop
  endfacet
  facet normal -0.99863 0.0523249 0
    outer loop
      vertex -2.58576 0.271773 13.7578
      vertex -2.6 0 13.25
      vertex -2.6 0 13.7578
    endloop
  endfacet
  facet normal -0.215334 -0.803629 0.554808
    outer loop
      vertex -0.51012 -2.39993 14.1114
      vertex -0.758187 -2.33346 14.1114
      vertex -0.532655 -2.50594 13.9491
    endloop
  endfacet
  facet normal -0.803621 0.215313 0.554828
    outer loop
      vertex -2.43654 0.791679 13.9491
      vertex -2.50594 0.532655 13.9491
      vertex -2.33346 0.758187 14.1114
    endloop
  endfacet
  facet normal -0.617245 0.76223 0.194974
    outer loop
      vertex -1.50586 2.07264 13.9491
      vertex -1.73974 1.93218 13.7578
      vertex -1.71426 1.90388 13.9491
    endloop
  endfacet
  facet normal -0.19529 -0.0102312 0.980692
    outer loop
      vertex -2.1 0 14.2578
      vertex -2.27878 -0.239509 14.2197
      vertex -2.0885 -0.219509 14.2578
    endloop
  endfacet
  facet normal 0.0513522 0.979474 0.194922
    outer loop
      vertex 0 2.6 13.7578
      vertex 0 2.56193 13.9491
      vertex 0.267794 2.54789 13.9491
    endloop
  endfacet
  facet normal 0.156459 0.987685 -0
    outer loop
      vertex 0.54057 2.54318 13.25
      vertex 0.271773 2.58576 13.7578
      vertex 0.54057 2.54318 13.7578
    endloop
  endfacet
  facet normal 0.156459 0.987685 0
    outer loop
      vertex 0.271773 2.58576 13.7578
      vertex 0.54057 2.54318 13.25
      vertex 0.271773 2.58576 13.25
    endloop
  endfacet
  facet normal 0.34976 0.431934 0.831325
    outer loop
      vertex 1.64174 1.82334 14.1114
      vertex 1.34681 1.85372 14.2197
      vertex 1.5332 1.70279 14.2197
    endloop
  endfacet
  facet normal -0.0305928 -0.19315 0.980692
    outer loop
      vertex -0.219509 -2.0885 14.2578
      vertex -0.476394 -2.24126 14.2197
      vertex -0.239509 -2.27878 14.2197
    endloop
  endfacet
  facet normal -0.979467 0.0513208 0.194964
    outer loop
      vertex -2.58576 0.271773 13.7578
      vertex -2.6 0 13.7578
      vertex -2.54789 0.267794 13.9491
    endloop
  endfacet
  facet normal -0.968731 0.153456 0.194963
    outer loop
      vertex -2.54318 0.54057 13.7578
      vertex -2.58576 0.271773 13.7578
      vertex -2.54789 0.267794 13.9491
    endloop
  endfacet
  facet normal -0.351491 -0.915671 0.194938
    outer loop
      vertex -1.04203 -2.34044 13.9491
      vertex -1.05752 -2.37522 13.7578
      vertex -0.803444 -2.47275 13.7578
    endloop
  endfacet
  facet normal -0.445282 -0.873913 0.194935
    outer loop
      vertex -1.28096 -2.2187 13.9491
      vertex -1.3 -2.25167 13.7578
      vertex -1.05752 -2.37522 13.7578
    endloop
  endfacet
  facet normal -0.617227 0.762254 0.194934
    outer loop
      vertex -1.52824 2.10344 13.7578
      vertex -1.73974 1.93218 13.7578
      vertex -1.50586 2.07264 13.9491
    endloop
  endfacet
  facet normal -0.0523249 0.99863 0
    outer loop
      vertex 0 2.6 13.25
      vertex -0.271773 2.58576 13.7578
      vertex 0 2.6 13.7578
    endloop
  endfacet
  facet normal -0.0523249 0.99863 0
    outer loop
      vertex -0.271773 2.58576 13.7578
      vertex 0 2.6 13.25
      vertex -0.271773 2.58576 13.25
    endloop
  endfacet
  facet normal -0.891006 0.453991 0
    outer loop
      vertex -2.37522 1.05752 13.25
      vertex -2.25167 1.3 13.7578
      vertex -2.25167 1.3 13.25
    endloop
  endfacet
  facet normal -0.891006 0.453991 0
    outer loop
      vertex -2.25167 1.3 13.7578
      vertex -2.37522 1.05752 13.25
      vertex -2.37522 1.05752 13.7578
    endloop
  endfacet
  facet normal 0.358366 0.933581 -0
    outer loop
      vertex 1.05752 2.37522 13.25
      vertex 0.803444 2.47275 13.7578
      vertex 1.05752 2.37522 13.7578
    endloop
  endfacet
  facet normal 0.358366 0.933581 0
    outer loop
      vertex 0.803444 2.47275 13.7578
      vertex 1.05752 2.37522 13.25
      vertex 0.803444 2.47275 13.25
    endloop
  endfacet
  facet normal -0.0435716 -0.830825 0.554826
    outer loop
      vertex -0.256465 -2.4401 14.1114
      vertex -0.267794 -2.54789 13.9491
      vertex 0 -2.45355 14.1114
    endloop
  endfacet
  facet normal 0.466113 0.302685 0.831336
    outer loop
      vertex 1.98496 1.44216 14.1114
      vertex 1.85372 1.34681 14.2197
      vertex 2.12483 1.22677 14.1114
    endloop
  endfacet
  facet normal -0.495181 -0.252327 0.83134
    outer loop
      vertex -2.09323 -0.931968 14.2197
      vertex -2.24143 -0.997947 14.1114
      vertex -2.12483 -1.22677 14.1114
    endloop
  endfacet
  facet normal -0.544663 -0.838655 0
    outer loop
      vertex -1.52824 -2.10344 13.25
      vertex -1.3 -2.25167 13.7578
      vertex -1.52824 -2.10344 13.7578
    endloop
  endfacet
  facet normal -0.544663 -0.838655 -0
    outer loop
      vertex -1.3 -2.25167 13.7578
      vertex -1.52824 -2.10344 13.25
      vertex -1.3 -2.25167 13.25
    endloop
  endfacet
  facet normal -0.979474 0.0513522 0.194922
    outer loop
      vertex -2.54789 0.267794 13.9491
      vertex -2.6 0 13.7578
      vertex -2.56193 0 13.9491
    endloop
  endfacet
  facet normal -0.302705 0.466118 0.831326
    outer loop
      vertex -1.22677 2.12483 14.1114
      vertex -1.34681 1.85372 14.2197
      vertex -1.14566 1.98435 14.2197
    endloop
  endfacet
  facet normal -0.12306 0.151973 0.980694
    outer loop
      vertex -1.34681 1.85372 14.2197
      vertex -1.5332 1.70279 14.2197
      vertex -1.40517 1.5606 14.2578
    endloop
  endfacet
  facet normal 0.123079 0.151976 0.980691
    outer loop
      vertex 1.34681 1.85372 14.2197
      vertex 1.23435 1.69894 14.2578
      vertex 1.40517 1.5606 14.2578
    endloop
  endfacet
  facet normal -0.0513208 -0.979467 0.194964
    outer loop
      vertex -0.267794 -2.54789 13.9491
      vertex -0.271773 -2.58576 13.7578
      vertex 0 -2.6 13.7578
    endloop
  endfacet
  facet normal 0.830835 -0.0435593 0.554811
    outer loop
      vertex 2.56193 0 13.9491
      vertex 2.45355 0 14.1114
      vertex 2.54789 -0.267794 13.9491
    endloop
  endfacet
  facet normal -0.351491 0.915671 0.194938
    outer loop
      vertex -0.803444 2.47275 13.7578
      vertex -1.05752 2.37522 13.7578
      vertex -1.04203 2.34044 13.9491
    endloop
  endfacet
  facet normal -0.453991 -0.891006 0
    outer loop
      vertex -1.3 -2.25167 13.25
      vertex -1.05752 -2.37522 13.7578
      vertex -1.3 -2.25167 13.7578
    endloop
  endfacet
  facet normal -0.453991 -0.891006 -0
    outer loop
      vertex -1.05752 -2.37522 13.7578
      vertex -1.3 -2.25167 13.25
      vertex -1.05752 -2.37522 13.25
    endloop
  endfacet
  facet normal -0.965932 0.258795 0
    outer loop
      vertex -2.54318 0.54057 13.25
      vertex -2.47275 0.803444 13.7578
      vertex -2.47275 0.803444 13.25
    endloop
  endfacet
  facet normal -0.965932 0.258795 0
    outer loop
      vertex -2.47275 0.803444 13.7578
      vertex -2.54318 0.54057 13.25
      vertex -2.54318 0.54057 13.7578
    endloop
  endfacet
  facet normal -0.873914 -0.445278 0.19494
    outer loop
      vertex -2.34044 -1.04203 13.9491
      vertex -2.37522 -1.05752 13.7578
      vertex -2.2187 -1.28096 13.9491
    endloop
  endfacet
  facet normal -0.9474 -0.253836 0.194938
    outer loop
      vertex -2.43654 -0.791679 13.9491
      vertex -2.50594 -0.532655 13.9491
      vertex -2.47275 -0.803444 13.7578
    endloop
  endfacet
  facet normal -0.106507 0.164017 0.980691
    outer loop
      vertex -1.05 1.81865 14.2578
      vertex -1.34681 1.85372 14.2197
      vertex -1.23435 1.69894 14.2578
    endloop
  endfacet
  facet normal -0.588299 0.588299 0.554806
    outer loop
      vertex -1.90388 1.71426 13.9491
      vertex -1.64174 1.82334 14.1114
      vertex -1.71426 1.90388 13.9491
    endloop
  endfacet
  facet normal -0.588299 0.588299 0.554806
    outer loop
      vertex -1.64174 1.82334 14.1114
      vertex -1.90388 1.71426 13.9491
      vertex -1.82334 1.64174 14.1114
    endloop
  endfacet
  facet normal -0.915671 -0.35149 0.194938
    outer loop
      vertex -2.43654 -0.791679 13.9491
      vertex -2.47275 -0.803444 13.7578
      vertex -2.34044 -1.04203 13.9491
    endloop
  endfacet
  facet normal -0.555035 -0.0291081 0.831318
    outer loop
      vertex -2.27878 -0.239509 14.2197
      vertex -2.45355 0 14.1114
      vertex -2.4401 -0.256465 14.1114
    endloop
  endfacet
  facet normal -0.830825 0.0435716 0.554826
    outer loop
      vertex -2.4401 0.256465 14.1114
      vertex -2.54789 0.267794 13.9491
      vertex -2.45355 0 14.1114
    endloop
  endfacet
  facet normal -0.99863 -0.0523249 0
    outer loop
      vertex -2.58576 -0.271773 13.25
      vertex -2.6 0 13.7578
      vertex -2.6 0 13.25
    endloop
  endfacet
  facet normal -0.99863 -0.0523249 0
    outer loop
      vertex -2.6 0 13.7578
      vertex -2.58576 -0.271773 13.25
      vertex -2.58576 -0.271773 13.7578
    endloop
  endfacet
  facet normal -0.0513522 0.979474 0.194922
    outer loop
      vertex 0 2.6 13.7578
      vertex -0.267794 2.54789 13.9491
      vertex 0 2.56193 13.9491
    endloop
  endfacet
  facet normal -0.182563 -0.0700855 0.980693
    outer loop
      vertex -1.99722 -0.648935 14.2578
      vertex -2.09323 -0.931968 14.2197
      vertex -1.91844 -0.854146 14.2578
    endloop
  endfacet
  facet normal 0.838655 -0.544663 0
    outer loop
      vertex 2.10344 -1.52824 13.7578
      vertex 2.25167 -1.3 13.25
      vertex 2.25167 -1.3 13.7578
    endloop
  endfacet
  facet normal 0.838655 -0.544663 0
    outer loop
      vertex 2.25167 -1.3 13.25
      vertex 2.10344 -1.52824 13.7578
      vertex 2.10344 -1.52824 13.25
    endloop
  endfacet
  facet normal -0.19529 0.0102312 0.980692
    outer loop
      vertex -2.0885 0.219509 14.2578
      vertex -2.27878 0.239509 14.2197
      vertex -2.1 0 14.2578
    endloop
  endfacet
  facet normal -0.453991 0.891006 0
    outer loop
      vertex -1.05752 2.37522 13.25
      vertex -1.3 2.25167 13.7578
      vertex -1.05752 2.37522 13.7578
    endloop
  endfacet
  facet normal -0.453991 0.891006 0
    outer loop
      vertex -1.3 2.25167 13.7578
      vertex -1.05752 2.37522 13.25
      vertex -1.3 2.25167 13.25
    endloop
  endfacet
  facet normal 0.495181 0.252327 0.83134
    outer loop
      vertex 2.12483 1.22677 14.1114
      vertex 2.09323 0.931968 14.2197
      vertex 2.24143 0.997947 14.1114
    endloop
  endfacet
  facet normal -0.617245 -0.76223 0.194974
    outer loop
      vertex -1.71426 -1.90388 13.9491
      vertex -1.73974 -1.93218 13.7578
      vertex -1.50586 -2.07264 13.9491
    endloop
  endfacet
  facet normal -0.215334 0.803629 0.554808
    outer loop
      vertex -0.532655 2.50594 13.9491
      vertex -0.758187 2.33346 14.1114
      vertex -0.51012 2.39993 14.1114
    endloop
  endfacet
  facet normal -0.445278 0.873914 0.19494
    outer loop
      vertex -1.05752 2.37522 13.7578
      vertex -1.28096 2.2187 13.9491
      vertex -1.04203 2.34044 13.9491
    endloop
  endfacet
  facet normal -0.0435716 0.830825 0.554826
    outer loop
      vertex 0 2.45355 14.1114
      vertex -0.267794 2.54789 13.9491
      vertex -0.256465 2.4401 14.1114
    endloop
  endfacet
  facet normal -0.803629 0.215334 0.554808
    outer loop
      vertex -2.33346 0.758187 14.1114
      vertex -2.50594 0.532655 13.9491
      vertex -2.39993 0.51012 14.1114
    endloop
  endfacet
  facet normal -0.0291081 0.555035 0.831318
    outer loop
      vertex 0 2.45355 14.1114
      vertex -0.256465 2.4401 14.1114
      vertex -0.239509 2.27878 14.2197
    endloop
  endfacet
  facet normal -0.431934 -0.34976 0.831325
    outer loop
      vertex -1.70279 -1.5332 14.2197
      vertex -1.85372 -1.34681 14.2197
      vertex -1.82334 -1.64174 14.1114
    endloop
  endfacet
  facet normal -0.534212 -0.822568 0.194933
    outer loop
      vertex -1.50586 -2.07264 13.9491
      vertex -1.52824 -2.10344 13.7578
      vertex -1.28096 -2.2187 13.9491
    endloop
  endfacet
  facet normal -0.762254 0.617227 0.194934
    outer loop
      vertex -1.93218 1.73974 13.7578
      vertex -2.10344 1.52824 13.7578
      vertex -2.07264 1.50586 13.9491
    endloop
  endfacet
  facet normal -0.697725 0.453134 0.554842
    outer loop
      vertex -2.07264 1.50586 13.9491
      vertex -2.2187 1.28096 13.9491
      vertex -2.12483 1.22677 14.1114
    endloop
  endfacet
  facet normal -0.821726 -0.130132 0.554825
    outer loop
      vertex -2.4401 -0.256465 14.1114
      vertex -2.54789 -0.267794 13.9491
      vertex -2.39993 -0.51012 14.1114
    endloop
  endfacet
  facet normal -0.933581 0.358366 0
    outer loop
      vertex -2.47275 0.803444 13.25
      vertex -2.37522 1.05752 13.7578
      vertex -2.37522 1.05752 13.25
    endloop
  endfacet
  facet normal -0.933581 0.358366 0
    outer loop
      vertex -2.37522 1.05752 13.7578
      vertex -2.47275 0.803444 13.25
      vertex -2.47275 0.803444 13.7578
    endloop
  endfacet
  facet normal -0.54894 -0.0869462 0.831327
    outer loop
      vertex -2.27878 -0.239509 14.2197
      vertex -2.39993 -0.51012 14.1114
      vertex -2.24126 -0.476394 14.2197
    endloop
  endfacet
  facet normal -0.518853 -0.199158 0.831341
    outer loop
      vertex -2.09323 -0.931968 14.2197
      vertex -2.33346 -0.758187 14.1114
      vertex -2.24143 -0.997947 14.1114
    endloop
  endfacet
  facet normal -0.548956 -0.0869353 0.831318
    outer loop
      vertex -2.27878 -0.239509 14.2197
      vertex -2.4401 -0.256465 14.1114
      vertex -2.39993 -0.51012 14.1114
    endloop
  endfacet
  facet normal -0.830835 0.0435593 0.554811
    outer loop
      vertex -2.54789 0.267794 13.9491
      vertex -2.56193 0 13.9491
      vertex -2.45355 0 14.1114
    endloop
  endfacet
  facet normal -0.987685 0.156459 0
    outer loop
      vertex -2.58576 0.271773 13.25
      vertex -2.54318 0.54057 13.7578
      vertex -2.54318 0.54057 13.25
    endloop
  endfacet
  facet normal -0.987685 0.156459 0
    outer loop
      vertex -2.54318 0.54057 13.7578
      vertex -2.58576 0.271773 13.25
      vertex -2.58576 0.271773 13.7578
    endloop
  endfacet
  facet normal -0.947403 0.253831 0.194931
    outer loop
      vertex -2.47275 0.803444 13.7578
      vertex -2.54318 0.54057 13.7578
      vertex -2.50594 0.532655 13.9491
    endloop
  endfacet
  facet normal -0.968741 0.153434 0.194931
    outer loop
      vertex -2.54318 0.54057 13.7578
      vertex -2.54789 0.267794 13.9491
      vertex -2.50594 0.532655 13.9491
    endloop
  endfacet
  facet normal -0.6293 -0.777163 0
    outer loop
      vertex -1.73974 -1.93218 13.25
      vertex -1.52824 -2.10344 13.7578
      vertex -1.73974 -1.93218 13.7578
    endloop
  endfacet
  facet normal -0.6293 -0.777163 -0
    outer loop
      vertex -1.52824 -2.10344 13.7578
      vertex -1.73974 -1.93218 13.25
      vertex -1.52824 -2.10344 13.25
    endloop
  endfacet
  facet normal 0.987685 0.156459 0
    outer loop
      vertex 2.58576 0.271773 13.7578
      vertex 2.54318 0.54057 13.25
      vertex 2.54318 0.54057 13.7578
    endloop
  endfacet
  facet normal 0.987685 0.156459 0
    outer loop
      vertex 2.54318 0.54057 13.25
      vertex 2.58576 0.271773 13.7578
      vertex 2.58576 0.271773 13.25
    endloop
  endfacet
  facet normal -0.523584 0.646568 0.554805
    outer loop
      vertex -1.50586 2.07264 13.9491
      vertex -1.71426 1.90388 13.9491
      vertex -1.64174 1.82334 14.1114
    endloop
  endfacet
  facet normal -0.151976 0.123079 0.980691
    outer loop
      vertex -1.5606 1.40517 14.2578
      vertex -1.85372 1.34681 14.2197
      vertex -1.69894 1.23435 14.2578
    endloop
  endfacet
  facet normal -0.777163 0.6293 0
    outer loop
      vertex -2.10344 1.52824 13.25
      vertex -1.93218 1.73974 13.7578
      vertex -1.93218 1.73974 13.25
    endloop
  endfacet
  facet normal -0.777163 0.6293 0
    outer loop
      vertex -1.93218 1.73974 13.7578
      vertex -2.10344 1.52824 13.25
      vertex -2.10344 1.52824 13.7578
    endloop
  endfacet
  facet normal -0.693536 0.693536 0.194973
    outer loop
      vertex -1.93218 1.73974 13.7578
      vertex -1.71426 1.90388 13.9491
      vertex -1.73974 1.93218 13.7578
    endloop
  endfacet
  facet normal -0.693536 0.693536 0.194973
    outer loop
      vertex -1.71426 1.90388 13.9491
      vertex -1.93218 1.73974 13.7578
      vertex -1.90388 1.71426 13.9491
    endloop
  endfacet
  facet normal -0.182572 0.0700823 0.980692
    outer loop
      vertex -2.09323 0.931968 14.2197
      vertex -2.17918 0.708059 14.2197
      vertex -1.99722 0.648935 14.2578
    endloop
  endfacet
  facet normal -0.9474 0.253836 0.194938
    outer loop
      vertex -2.47275 0.803444 13.7578
      vertex -2.50594 0.532655 13.9491
      vertex -2.43654 0.791679 13.9491
    endloop
  endfacet
  facet normal -0.762254 -0.617227 0.194934
    outer loop
      vertex -2.07264 -1.50586 13.9491
      vertex -2.10344 -1.52824 13.7578
      vertex -1.93218 -1.73974 13.7578
    endloop
  endfacet
  facet normal -0.777163 -0.6293 0
    outer loop
      vertex -1.93218 -1.73974 13.25
      vertex -2.10344 -1.52824 13.7578
      vertex -2.10344 -1.52824 13.25
    endloop
  endfacet
  facet normal -0.777163 -0.6293 0
    outer loop
      vertex -2.10344 -1.52824 13.7578
      vertex -1.93218 -1.73974 13.25
      vertex -1.93218 -1.73974 13.7578
    endloop
  endfacet
  facet normal -0.445282 0.873913 0.194935
    outer loop
      vertex -1.05752 2.37522 13.7578
      vertex -1.3 2.25167 13.7578
      vertex -1.28096 2.2187 13.9491
    endloop
  endfacet
  facet normal 0.215334 0.803629 0.554808
    outer loop
      vertex 0.532655 2.50594 13.9491
      vertex 0.51012 2.39993 14.1114
      vertex 0.758187 2.33346 14.1114
    endloop
  endfacet
  facet normal 0.495181 -0.252327 0.83134
    outer loop
      vertex 2.24143 -0.997947 14.1114
      vertex 2.09323 -0.931968 14.2197
      vertex 2.12483 -1.22677 14.1114
    endloop
  endfacet
  facet normal 0.215334 -0.803629 0.554808
    outer loop
      vertex 0.758187 -2.33346 14.1114
      vertex 0.51012 -2.39993 14.1114
      vertex 0.532655 -2.50594 13.9491
    endloop
  endfacet
  facet normal 0.188898 -0.0506139 0.980692
    outer loop
      vertex 2.05411 -0.436614 14.2578
      vertex 1.99722 -0.648935 14.2578
      vertex 2.17918 -0.708059 14.2197
    endloop
  endfacet
  facet normal 0.106507 0.164017 0.980691
    outer loop
      vertex 1.34681 1.85372 14.2197
      vertex 1.05 1.81865 14.2578
      vertex 1.23435 1.69894 14.2578
    endloop
  endfacet
  facet normal -0.253836 -0.9474 0.194938
    outer loop
      vertex -0.791679 -2.43654 13.9491
      vertex -0.803444 -2.47275 13.7578
      vertex -0.532655 -2.50594 13.9491
    endloop
  endfacet
  facet normal -0.153434 0.968741 0.194931
    outer loop
      vertex -0.267794 2.54789 13.9491
      vertex -0.54057 2.54318 13.7578
      vertex -0.532655 2.50594 13.9491
    endloop
  endfacet
  facet normal -0.707107 0.707107 0
    outer loop
      vertex -1.93218 1.73974 13.25
      vertex -1.73974 1.93218 13.7578
      vertex -1.73974 1.93218 13.25
    endloop
  endfacet
  facet normal -0.707107 0.707107 0
    outer loop
      vertex -1.73974 1.93218 13.7578
      vertex -1.93218 1.73974 13.25
      vertex -1.93218 1.73974 13.7578
    endloop
  endfacet
  facet normal -0.6293 0.777163 0
    outer loop
      vertex -1.52824 2.10344 13.25
      vertex -1.73974 1.93218 13.7578
      vertex -1.52824 2.10344 13.7578
    endloop
  endfacet
  facet normal -0.6293 0.777163 0
    outer loop
      vertex -1.73974 1.93218 13.7578
      vertex -1.52824 2.10344 13.25
      vertex -1.73974 1.93218 13.25
    endloop
  endfacet
  facet normal -0.143849 0.536845 0.831327
    outer loop
      vertex -0.51012 2.39993 14.1114
      vertex -0.758187 2.33346 14.1114
      vertex -0.476394 2.24126 14.2197
    endloop
  endfacet
  facet normal -0.156459 0.987685 0
    outer loop
      vertex -0.271773 2.58576 13.25
      vertex -0.54057 2.54318 13.7578
      vertex -0.271773 2.58576 13.7578
    endloop
  endfacet
  facet normal -0.156459 0.987685 0
    outer loop
      vertex -0.54057 2.54318 13.7578
      vertex -0.271773 2.58576 13.25
      vertex -0.54057 2.54318 13.25
    endloop
  endfacet
  facet normal -0.151973 0.12306 0.980694
    outer loop
      vertex -1.70279 1.5332 14.2197
      vertex -1.85372 1.34681 14.2197
      vertex -1.5606 1.40517 14.2578
    endloop
  endfacet
  facet normal -0.253836 0.9474 0.194938
    outer loop
      vertex -0.532655 2.50594 13.9491
      vertex -0.803444 2.47275 13.7578
      vertex -0.791679 2.43654 13.9491
    endloop
  endfacet
  facet normal -0.453117 0.697769 0.5548
    outer loop
      vertex -1.22677 2.12483 14.1114
      vertex -1.50586 2.07264 13.9491
      vertex -1.44216 1.98496 14.1114
    endloop
  endfacet
  facet normal 0.18889 -0.0506175 0.980693
    outer loop
      vertex 2.24126 -0.476394 14.2197
      vertex 2.05411 -0.436614 14.2578
      vertex 2.17918 -0.708059 14.2197
    endloop
  endfacet
  facet normal -0.0435593 0.830835 0.554811
    outer loop
      vertex 0 2.56193 13.9491
      vertex -0.267794 2.54789 13.9491
      vertex 0 2.45355 14.1114
    endloop
  endfacet
  facet normal -0.193146 -0.0305949 0.980693
    outer loop
      vertex -2.0885 -0.219509 14.2578
      vertex -2.24126 -0.476394 14.2197
      vertex -2.05411 -0.436614 14.2578
    endloop
  endfacet
  facet normal -0.199158 0.518853 0.831341
    outer loop
      vertex -0.758187 2.33346 14.1114
      vertex -0.997947 2.24143 14.1114
      vertex -0.931968 2.09323 14.2197
    endloop
  endfacet
  facet normal 0.0435593 0.830835 0.554811
    outer loop
      vertex 0 2.56193 13.9491
      vertex 0 2.45355 14.1114
      vertex 0.267794 2.54789 13.9491
    endloop
  endfacet
  facet normal 0.979467 -0.0513208 0.194964
    outer loop
      vertex 2.6 0 13.7578
      vertex 2.54789 -0.267794 13.9491
      vertex 2.58576 -0.271773 13.7578
    endloop
  endfacet
  facet normal -0.358366 0.933581 0
    outer loop
      vertex -0.803444 2.47275 13.25
      vertex -1.05752 2.37522 13.7578
      vertex -0.803444 2.47275 13.7578
    endloop
  endfacet
  facet normal -0.358366 0.933581 0
    outer loop
      vertex -1.05752 2.37522 13.7578
      vertex -0.803444 2.47275 13.25
      vertex -1.05752 2.37522 13.25
    endloop
  endfacet
  facet normal -0.822566 -0.534214 0.194937
    outer loop
      vertex -2.2187 -1.28096 13.9491
      vertex -2.25167 -1.3 13.7578
      vertex -2.10344 -1.52824 13.7578
    endloop
  endfacet
  facet normal 0.0523249 0.99863 -0
    outer loop
      vertex 0.271773 2.58576 13.25
      vertex 0 2.6 13.7578
      vertex 0.271773 2.58576 13.7578
    endloop
  endfacet
  facet normal 0.0523249 0.99863 0
    outer loop
      vertex 0 2.6 13.7578
      vertex 0.271773 2.58576 13.25
      vertex 0 2.6 13.25
    endloop
  endfacet
  facet normal 0.933581 0.358366 0
    outer loop
      vertex 2.47275 0.803444 13.7578
      vertex 2.37522 1.05752 13.25
      vertex 2.37522 1.05752 13.7578
    endloop
  endfacet
  facet normal 0.933581 0.358366 0
    outer loop
      vertex 2.37522 1.05752 13.25
      vertex 2.47275 0.803444 13.7578
      vertex 2.47275 0.803444 13.25
    endloop
  endfacet
  facet normal -0.741284 -0.377732 0.554812
    outer loop
      vertex -2.24143 -0.997947 14.1114
      vertex -2.34044 -1.04203 13.9491
      vertex -2.12483 -1.22677 14.1114
    endloop
  endfacet
  facet normal -0.891006 -0.453991 0
    outer loop
      vertex -2.25167 -1.3 13.25
      vertex -2.37522 -1.05752 13.7578
      vertex -2.37522 -1.05752 13.25
    endloop
  endfacet
  facet normal -0.891006 -0.453991 0
    outer loop
      vertex -2.37522 -1.05752 13.7578
      vertex -2.25167 -1.3 13.25
      vertex -2.25167 -1.3 13.7578
    endloop
  endfacet
  facet normal 0.617227 0.762254 0.194934
    outer loop
      vertex 1.52824 2.10344 13.7578
      vertex 1.50586 2.07264 13.9491
      vertex 1.73974 1.93218 13.7578
    endloop
  endfacet
  facet normal -0.873913 -0.445282 0.194935
    outer loop
      vertex -2.2187 -1.28096 13.9491
      vertex -2.37522 -1.05752 13.7578
      vertex -2.25167 -1.3 13.7578
    endloop
  endfacet
  facet normal -0.164006 -0.106508 0.980693
    outer loop
      vertex -1.81865 -1.05 14.2578
      vertex -1.98435 -1.14566 14.2197
      vertex -1.85372 -1.34681 14.2197
    endloop
  endfacet
  facet normal -0.0887778 -0.174241 0.980693
    outer loop
      vertex -0.854146 -1.91844 14.2578
      vertex -1.05 -1.81865 14.2578
      vertex -0.931968 -2.09323 14.2197
    endloop
  endfacet
  facet normal -0.536831 -0.143856 0.831335
    outer loop
      vertex -2.24126 -0.476394 14.2197
      vertex -2.33346 -0.758187 14.1114
      vertex -2.17918 -0.708059 14.2197
    endloop
  endfacet
  facet normal -0.19315 -0.0305928 0.980692
    outer loop
      vertex -2.0885 -0.219509 14.2578
      vertex -2.27878 -0.239509 14.2197
      vertex -2.24126 -0.476394 14.2197
    endloop
  endfacet
  facet normal -0.821736 -0.130151 0.554807
    outer loop
      vertex -2.39993 -0.51012 14.1114
      vertex -2.54789 -0.267794 13.9491
      vertex -2.50594 -0.532655 13.9491
    endloop
  endfacet
  facet normal -0.947403 -0.253831 0.194931
    outer loop
      vertex -2.50594 -0.532655 13.9491
      vertex -2.54318 -0.54057 13.7578
      vertex -2.47275 -0.803444 13.7578
    endloop
  endfacet
  facet normal -0.915671 0.351491 0.194938
    outer loop
      vertex -2.37522 1.05752 13.7578
      vertex -2.47275 0.803444 13.7578
      vertex -2.34044 1.04203 13.9491
    endloop
  endfacet
  facet normal -0.821736 0.130151 0.554807
    outer loop
      vertex -2.50594 0.532655 13.9491
      vertex -2.54789 0.267794 13.9491
      vertex -2.39993 0.51012 14.1114
    endloop
  endfacet
  facet normal 0.821736 -0.130151 0.554807
    outer loop
      vertex 2.54789 -0.267794 13.9491
      vertex 2.39993 -0.51012 14.1114
      vertex 2.50594 -0.532655 13.9491
    endloop
  endfacet
  facet normal -0.182563 0.0700855 0.980693
    outer loop
      vertex -1.91844 0.854146 14.2578
      vertex -2.09323 0.931968 14.2197
      vertex -1.99722 0.648935 14.2578
    endloop
  endfacet
  facet normal -0.19315 0.0305928 0.980692
    outer loop
      vertex -2.24126 0.476394 14.2197
      vertex -2.27878 0.239509 14.2197
      vertex -2.0885 0.219509 14.2578
    endloop
  endfacet
  facet normal -0.555035 0.0291081 0.831318
    outer loop
      vertex -2.4401 0.256465 14.1114
      vertex -2.45355 0 14.1114
      vertex -2.27878 0.239509 14.2197
    endloop
  endfacet
  facet normal 0.453134 0.697725 0.554842
    outer loop
      vertex 1.28096 2.2187 13.9491
      vertex 1.22677 2.12483 14.1114
      vertex 1.50586 2.07264 13.9491
    endloop
  endfacet
  facet normal 0.258795 0.965932 -0
    outer loop
      vertex 0.803444 2.47275 13.25
      vertex 0.54057 2.54318 13.7578
      vertex 0.803444 2.47275 13.7578
    endloop
  endfacet
  facet normal 0.258795 0.965932 0
    outer loop
      vertex 0.54057 2.54318 13.7578
      vertex 0.803444 2.47275 13.25
      vertex 0.54057 2.54318 13.25
    endloop
  endfacet
  facet normal -0.838655 0.544663 0
    outer loop
      vertex -2.25167 1.3 13.25
      vertex -2.10344 1.52824 13.7578
      vertex -2.10344 1.52824 13.25
    endloop
  endfacet
  facet normal -0.838655 0.544663 0
    outer loop
      vertex -2.10344 1.52824 13.7578
      vertex -2.25167 1.3 13.25
      vertex -2.25167 1.3 13.7578
    endloop
  endfacet
  facet normal -0.377697 0.741278 0.554844
    outer loop
      vertex -1.04203 2.34044 13.9491
      vertex -1.28096 2.2187 13.9491
      vertex -1.22677 2.12483 14.1114
    endloop
  endfacet
  facet normal -0.534214 0.822566 0.194937
    outer loop
      vertex -1.3 2.25167 13.7578
      vertex -1.52824 2.10344 13.7578
      vertex -1.28096 2.2187 13.9491
    endloop
  endfacet
  facet normal -0.258795 0.965932 0
    outer loop
      vertex -0.54057 2.54318 13.25
      vertex -0.803444 2.47275 13.7578
      vertex -0.54057 2.54318 13.7578
    endloop
  endfacet
  facet normal -0.258795 0.965932 0
    outer loop
      vertex -0.803444 2.47275 13.7578
      vertex -0.54057 2.54318 13.25
      vertex -0.803444 2.47275 13.25
    endloop
  endfacet
  facet normal 0.707107 0.707107 0
    outer loop
      vertex 1.93218 1.73974 13.7578
      vertex 1.73974 1.93218 13.25
      vertex 1.73974 1.93218 13.7578
    endloop
  endfacet
  facet normal 0.707107 0.707107 0
    outer loop
      vertex 1.73974 1.93218 13.25
      vertex 1.93218 1.73974 13.7578
      vertex 1.93218 1.73974 13.25
    endloop
  endfacet
  facet normal -0.123079 0.151976 0.980691
    outer loop
      vertex -1.34681 1.85372 14.2197
      vertex -1.40517 1.5606 14.2578
      vertex -1.23435 1.69894 14.2578
    endloop
  endfacet
  facet normal 0.646568 0.523591 0.554799
    outer loop
      vertex 2.07264 1.50586 13.9491
      vertex 1.82334 1.64174 14.1114
      vertex 1.98496 1.44216 14.1114
    endloop
  endfacet
  facet normal -0.151973 -0.12306 0.980694
    outer loop
      vertex -1.5606 -1.40517 14.2578
      vertex -1.85372 -1.34681 14.2197
      vertex -1.70279 -1.5332 14.2197
    endloop
  endfacet
  facet normal -0.106508 0.164006 0.980693
    outer loop
      vertex -1.14566 1.98435 14.2197
      vertex -1.34681 1.85372 14.2197
      vertex -1.05 1.81865 14.2578
    endloop
  endfacet
  facet normal 0.0887791 0.174241 0.980693
    outer loop
      vertex 1.14566 1.98435 14.2197
      vertex 0.931968 2.09323 14.2197
      vertex 1.05 1.81865 14.2578
    endloop
  endfacet
  facet normal -0.188898 0.0506139 0.980692
    outer loop
      vertex -1.99722 0.648935 14.2578
      vertex -2.17918 0.708059 14.2197
      vertex -2.05411 0.436614 14.2578
    endloop
  endfacet
  facet normal -0.915671 -0.351491 0.194938
    outer loop
      vertex -2.34044 -1.04203 13.9491
      vertex -2.47275 -0.803444 13.7578
      vertex -2.37522 -1.05752 13.7578
    endloop
  endfacet
  facet normal -0.965932 -0.258795 0
    outer loop
      vertex -2.47275 -0.803444 13.25
      vertex -2.54318 -0.54057 13.7578
      vertex -2.54318 -0.54057 13.25
    endloop
  endfacet
  facet normal -0.965932 -0.258795 0
    outer loop
      vertex -2.54318 -0.54057 13.7578
      vertex -2.47275 -0.803444 13.25
      vertex -2.47275 -0.803444 13.7578
    endloop
  endfacet
  facet normal -0.0506175 0.18889 0.980693
    outer loop
      vertex -0.476394 2.24126 14.2197
      vertex -0.708059 2.17918 14.2197
      vertex -0.436614 2.05411 14.2578
    endloop
  endfacet
  facet normal 0.182572 -0.0700823 0.980692
    outer loop
      vertex 2.17918 -0.708059 14.2197
      vertex 1.99722 -0.648935 14.2578
      vertex 2.09323 -0.931968 14.2197
    endloop
  endfacet
  facet normal 0.0523249 -0.99863 0
    outer loop
      vertex 0 -2.6 13.25
      vertex 0.271773 -2.58576 13.7578
      vertex 0 -2.6 13.7578
    endloop
  endfacet
  facet normal 0.0523249 -0.99863 0
    outer loop
      vertex 0.271773 -2.58576 13.7578
      vertex 0 -2.6 13.25
      vertex 0.271773 -2.58576 13.25
    endloop
  endfacet
  facet normal 0.377732 -0.741284 0.554812
    outer loop
      vertex 1.22677 -2.12483 14.1114
      vertex 0.997947 -2.24143 14.1114
      vertex 1.04203 -2.34044 13.9491
    endloop
  endfacet
  facet normal 0.803621 0.215313 0.554828
    outer loop
      vertex 2.43654 0.791679 13.9491
      vertex 2.33346 0.758187 14.1114
      vertex 2.50594 0.532655 13.9491
    endloop
  endfacet
  facet normal 0.536831 -0.143856 0.831335
    outer loop
      vertex 2.24126 -0.476394 14.2197
      vertex 2.17918 -0.708059 14.2197
      vertex 2.33346 -0.758187 14.1114
    endloop
  endfacet
  facet normal 0.0887791 -0.174241 0.980693
    outer loop
      vertex 1.05 -1.81865 14.2578
      vertex 0.931968 -2.09323 14.2197
      vertex 1.14566 -1.98435 14.2197
    endloop
  endfacet
  facet normal -0.697725 -0.453134 0.554842
    outer loop
      vertex -2.12483 -1.22677 14.1114
      vertex -2.2187 -1.28096 13.9491
      vertex -2.07264 -1.50586 13.9491
    endloop
  endfacet
  facet normal 0.153434 -0.968741 0.194931
    outer loop
      vertex 0.532655 -2.50594 13.9491
      vertex 0.267794 -2.54789 13.9491
      vertex 0.54057 -2.54318 13.7578
    endloop
  endfacet
  facet normal 0.153434 0.968741 0.194931
    outer loop
      vertex 0.54057 2.54318 13.7578
      vertex 0.267794 2.54789 13.9491
      vertex 0.532655 2.50594 13.9491
    endloop
  endfacet
  facet normal 0.153456 0.968731 0.194963
    outer loop
      vertex 0.271773 2.58576 13.7578
      vertex 0.267794 2.54789 13.9491
      vertex 0.54057 2.54318 13.7578
    endloop
  endfacet
  facet normal -0.76223 0.617245 0.194974
    outer loop
      vertex -1.93218 1.73974 13.7578
      vertex -2.07264 1.50586 13.9491
      vertex -1.90388 1.71426 13.9491
    endloop
  endfacet
  facet normal -0.34976 0.431934 0.831325
    outer loop
      vertex -1.34681 1.85372 14.2197
      vertex -1.64174 1.82334 14.1114
      vertex -1.5332 1.70279 14.2197
    endloop
  endfacet
  facet normal -0.431934 0.34976 0.831325
    outer loop
      vertex -1.82334 1.64174 14.1114
      vertex -1.85372 1.34681 14.2197
      vertex -1.70279 1.5332 14.2197
    endloop
  endfacet
  facet normal -0.617227 -0.762254 0.194934
    outer loop
      vertex -1.50586 -2.07264 13.9491
      vertex -1.73974 -1.93218 13.7578
      vertex -1.52824 -2.10344 13.7578
    endloop
  endfacet
  facet normal -0.164017 0.106507 0.980691
    outer loop
      vertex -1.69894 1.23435 14.2578
      vertex -1.85372 1.34681 14.2197
      vertex -1.81865 1.05 14.2578
    endloop
  endfacet
  facet normal -0.0513208 0.979467 0.194964
    outer loop
      vertex 0 2.6 13.7578
      vertex -0.271773 2.58576 13.7578
      vertex -0.267794 2.54789 13.9491
    endloop
  endfacet
  facet normal -0.253831 0.947403 0.194931
    outer loop
      vertex -0.54057 2.54318 13.7578
      vertex -0.803444 2.47275 13.7578
      vertex -0.532655 2.50594 13.9491
    endloop
  endfacet
  facet normal -0.143856 0.536831 0.831335
    outer loop
      vertex -0.476394 2.24126 14.2197
      vertex -0.758187 2.33346 14.1114
      vertex -0.708059 2.17918 14.2197
    endloop
  endfacet
  facet normal -0.252318 0.49521 0.831326
    outer loop
      vertex -0.931968 2.09323 14.2197
      vertex -1.22677 2.12483 14.1114
      vertex -1.14566 1.98435 14.2197
    endloop
  endfacet
  facet normal -0.979467 -0.0513208 0.194964
    outer loop
      vertex -2.54789 -0.267794 13.9491
      vertex -2.6 0 13.7578
      vertex -2.58576 -0.271773 13.7578
    endloop
  endfacet
  facet normal -0.987685 -0.156459 0
    outer loop
      vertex -2.54318 -0.54057 13.25
      vertex -2.58576 -0.271773 13.7578
      vertex -2.58576 -0.271773 13.25
    endloop
  endfacet
  facet normal -0.987685 -0.156459 0
    outer loop
      vertex -2.58576 -0.271773 13.7578
      vertex -2.54318 -0.54057 13.25
      vertex -2.54318 -0.54057 13.7578
    endloop
  endfacet
  facet normal -0.968741 -0.153434 0.194931
    outer loop
      vertex -2.50594 -0.532655 13.9491
      vertex -2.54789 -0.267794 13.9491
      vertex -2.54318 -0.54057 13.7578
    endloop
  endfacet
  facet normal -0.741278 -0.377697 0.554844
    outer loop
      vertex -2.12483 -1.22677 14.1114
      vertex -2.34044 -1.04203 13.9491
      vertex -2.2187 -1.28096 13.9491
    endloop
  endfacet
  facet normal -0.393001 -0.393001 0.831325
    outer loop
      vertex -1.70279 -1.5332 14.2197
      vertex -1.64174 -1.82334 14.1114
      vertex -1.5332 -1.70279 14.2197
    endloop
  endfacet
  facet normal -0.393001 -0.393001 0.831325
    outer loop
      vertex -1.64174 -1.82334 14.1114
      vertex -1.70279 -1.5332 14.2197
      vertex -1.82334 -1.64174 14.1114
    endloop
  endfacet
  facet normal -0.18889 -0.0506175 0.980693
    outer loop
      vertex -2.05411 -0.436614 14.2578
      vertex -2.24126 -0.476394 14.2197
      vertex -2.17918 -0.708059 14.2197
    endloop
  endfacet
  facet normal -0.536845 -0.143849 0.831327
    outer loop
      vertex -2.24126 -0.476394 14.2197
      vertex -2.39993 -0.51012 14.1114
      vertex -2.33346 -0.758187 14.1114
    endloop
  endfacet
  facet normal -0.822568 -0.534212 0.194933
    outer loop
      vertex -2.07264 -1.50586 13.9491
      vertex -2.2187 -1.28096 13.9491
      vertex -2.10344 -1.52824 13.7578
    endloop
  endfacet
  facet normal -0.707107 -0.707107 0
    outer loop
      vertex -1.73974 -1.93218 13.25
      vertex -1.93218 -1.73974 13.7578
      vertex -1.93218 -1.73974 13.25
    endloop
  endfacet
  facet normal -0.707107 -0.707107 0
    outer loop
      vertex -1.93218 -1.73974 13.7578
      vertex -1.73974 -1.93218 13.25
      vertex -1.73974 -1.93218 13.7578
    endloop
  endfacet
  facet normal -0.174241 -0.0887778 0.980693
    outer loop
      vertex -1.91844 -0.854146 14.2578
      vertex -2.09323 -0.931968 14.2197
      vertex -1.81865 -1.05 14.2578
    endloop
  endfacet
  facet normal -0.49521 0.252318 0.831326
    outer loop
      vertex -1.98435 1.14566 14.2197
      vertex -2.12483 1.22677 14.1114
      vertex -2.09323 0.931968 14.2197
    endloop
  endfacet
  facet normal -0.821726 0.130132 0.554825
    outer loop
      vertex -2.39993 0.51012 14.1114
      vertex -2.54789 0.267794 13.9491
      vertex -2.4401 0.256465 14.1114
    endloop
  endfacet
  facet normal -0.741284 0.377732 0.554812
    outer loop
      vertex -2.12483 1.22677 14.1114
      vertex -2.34044 1.04203 13.9491
      vertex -2.24143 0.997947 14.1114
    endloop
  endfacet
  facet normal -0.164006 0.106508 0.980693
    outer loop
      vertex -1.85372 1.34681 14.2197
      vertex -1.98435 1.14566 14.2197
      vertex -1.81865 1.05 14.2578
    endloop
  endfacet
  facet normal 0.252327 -0.495181 0.83134
    outer loop
      vertex 1.22677 -2.12483 14.1114
      vertex 0.931968 -2.09323 14.2197
      vertex 0.997947 -2.24143 14.1114
    endloop
  endfacet
  facet normal -0.873913 0.445282 0.194935
    outer loop
      vertex -2.25167 1.3 13.7578
      vertex -2.37522 1.05752 13.7578
      vertex -2.2187 1.28096 13.9491
    endloop
  endfacet
  facet normal -0.548956 0.0869353 0.831318
    outer loop
      vertex -2.39993 0.51012 14.1114
      vertex -2.4401 0.256465 14.1114
      vertex -2.27878 0.239509 14.2197
    endloop
  endfacet
  facet normal -0.523591 0.646568 0.554799
    outer loop
      vertex -1.50586 2.07264 13.9491
      vertex -1.64174 1.82334 14.1114
      vertex -1.44216 1.98496 14.1114
    endloop
  endfacet
  facet normal -0.453134 0.697725 0.554842
    outer loop
      vertex -1.28096 2.2187 13.9491
      vertex -1.50586 2.07264 13.9491
      vertex -1.22677 2.12483 14.1114
    endloop
  endfacet
  facet normal -0.534212 0.822568 0.194933
    outer loop
      vertex -1.28096 2.2187 13.9491
      vertex -1.52824 2.10344 13.7578
      vertex -1.50586 2.07264 13.9491
    endloop
  endfacet
  facet normal -0.252327 0.495181 0.83134
    outer loop
      vertex -0.997947 2.24143 14.1114
      vertex -1.22677 2.12483 14.1114
      vertex -0.931968 2.09323 14.2197
    endloop
  endfacet
  facet normal -0.35149 0.915671 0.194938
    outer loop
      vertex -0.803444 2.47275 13.7578
      vertex -1.04203 2.34044 13.9491
      vertex -0.791679 2.43654 13.9491
    endloop
  endfacet
  facet normal -0.544663 0.838655 0
    outer loop
      vertex -1.3 2.25167 13.25
      vertex -1.52824 2.10344 13.7578
      vertex -1.3 2.25167 13.7578
    endloop
  endfacet
  facet normal -0.544663 0.838655 0
    outer loop
      vertex -1.52824 2.10344 13.7578
      vertex -1.3 2.25167 13.25
      vertex -1.52824 2.10344 13.25
    endloop
  endfacet
  facet normal 0.617245 0.76223 0.194974
    outer loop
      vertex 1.73974 1.93218 13.7578
      vertex 1.50586 2.07264 13.9491
      vertex 1.71426 1.90388 13.9491
    endloop
  endfacet
  facet normal -0.153456 0.968731 0.194963
    outer loop
      vertex -0.271773 2.58576 13.7578
      vertex -0.54057 2.54318 13.7578
      vertex -0.267794 2.54789 13.9491
    endloop
  endfacet
  facet normal 0.777163 0.6293 0
    outer loop
      vertex 2.10344 1.52824 13.7578
      vertex 1.93218 1.73974 13.25
      vertex 1.93218 1.73974 13.7578
    endloop
  endfacet
  facet normal 0.777163 0.6293 0
    outer loop
      vertex 1.93218 1.73974 13.25
      vertex 2.10344 1.52824 13.7578
      vertex 2.10344 1.52824 13.25
    endloop
  endfacet
  facet normal 0.253831 -0.947403 0.194931
    outer loop
      vertex 0.803444 -2.47275 13.7578
      vertex 0.532655 -2.50594 13.9491
      vertex 0.54057 -2.54318 13.7578
    endloop
  endfacet
  facet normal 0.933581 -0.358366 0
    outer loop
      vertex 2.37522 -1.05752 13.7578
      vertex 2.47275 -0.803444 13.25
      vertex 2.47275 -0.803444 13.7578
    endloop
  endfacet
  facet normal 0.933581 -0.358366 0
    outer loop
      vertex 2.47275 -0.803444 13.25
      vertex 2.37522 -1.05752 13.7578
      vertex 2.37522 -1.05752 13.25
    endloop
  endfacet
  facet normal 0.873914 0.445278 0.19494
    outer loop
      vertex 2.37522 1.05752 13.7578
      vertex 2.2187 1.28096 13.9491
      vertex 2.34044 1.04203 13.9491
    endloop
  endfacet
  facet normal 0.707107 -0.707107 0
    outer loop
      vertex 1.73974 -1.93218 13.7578
      vertex 1.93218 -1.73974 13.25
      vertex 1.93218 -1.73974 13.7578
    endloop
  endfacet
  facet normal 0.707107 -0.707107 0
    outer loop
      vertex 1.93218 -1.73974 13.25
      vertex 1.73974 -1.93218 13.7578
      vertex 1.73974 -1.93218 13.25
    endloop
  endfacet
  facet normal 0.776707 0.298148 0.554828
    outer loop
      vertex 2.34044 1.04203 13.9491
      vertex 2.33346 0.758187 14.1114
      vertex 2.43654 0.791679 13.9491
    endloop
  endfacet
  facet normal 0.873913 0.445282 0.194935
    outer loop
      vertex 2.25167 1.3 13.7578
      vertex 2.2187 1.28096 13.9491
      vertex 2.37522 1.05752 13.7578
    endloop
  endfacet
  facet normal -0.188898 -0.0506139 0.980692
    outer loop
      vertex -2.05411 -0.436614 14.2578
      vertex -2.17918 -0.708059 14.2197
      vertex -1.99722 -0.648935 14.2578
    endloop
  endfacet
  facet normal 0.34976 -0.431934 0.831325
    outer loop
      vertex 1.5332 -1.70279 14.2197
      vertex 1.34681 -1.85372 14.2197
      vertex 1.64174 -1.82334 14.1114
    endloop
  endfacet
  facet normal 0.19315 0.0305928 0.980692
    outer loop
      vertex 2.24126 0.476394 14.2197
      vertex 2.0885 0.219509 14.2578
      vertex 2.27878 0.239509 14.2197
    endloop
  endfacet
  facet normal 0.252318 0.49521 0.831326
    outer loop
      vertex 1.22677 2.12483 14.1114
      vertex 0.931968 2.09323 14.2197
      vertex 1.14566 1.98435 14.2197
    endloop
  endfacet
  facet normal 0.822566 0.534214 0.194937
    outer loop
      vertex 2.25167 1.3 13.7578
      vertex 2.10344 1.52824 13.7578
      vertex 2.2187 1.28096 13.9491
    endloop
  endfacet
  facet normal 0.164017 -0.106507 0.980691
    outer loop
      vertex 1.81865 -1.05 14.2578
      vertex 1.69894 -1.23435 14.2578
      vertex 1.85372 -1.34681 14.2197
    endloop
  endfacet
  facet normal 0.548956 0.0869353 0.831318
    outer loop
      vertex 2.39993 0.51012 14.1114
      vertex 2.27878 0.239509 14.2197
      vertex 2.4401 0.256465 14.1114
    endloop
  endfacet
  facet normal 0.377697 0.741278 0.554844
    outer loop
      vertex 1.28096 2.2187 13.9491
      vertex 1.04203 2.34044 13.9491
      vertex 1.22677 2.12483 14.1114
    endloop
  endfacet
  facet normal 0.19917 0.518859 0.831334
    outer loop
      vertex 0.758187 2.33346 14.1114
      vertex 0.708059 2.17918 14.2197
      vertex 0.931968 2.09323 14.2197
    endloop
  endfacet
  facet normal -0.258795 -0.965932 0
    outer loop
      vertex -0.803444 -2.47275 13.25
      vertex -0.54057 -2.54318 13.7578
      vertex -0.803444 -2.47275 13.7578
    endloop
  endfacet
  facet normal -0.258795 -0.965932 -0
    outer loop
      vertex -0.54057 -2.54318 13.7578
      vertex -0.803444 -2.47275 13.25
      vertex -0.54057 -2.54318 13.25
    endloop
  endfacet
  facet normal 0.199158 -0.518853 0.831341
    outer loop
      vertex 0.931968 -2.09323 14.2197
      vertex 0.758187 -2.33346 14.1114
      vertex 0.997947 -2.24143 14.1114
    endloop
  endfacet
  facet normal -0.143856 -0.536831 0.831335
    outer loop
      vertex -0.708059 -2.17918 14.2197
      vertex -0.758187 -2.33346 14.1114
      vertex -0.476394 -2.24126 14.2197
    endloop
  endfacet
  facet normal -0.534214 -0.822566 0.194937
    outer loop
      vertex -1.28096 -2.2187 13.9491
      vertex -1.52824 -2.10344 13.7578
      vertex -1.3 -2.25167 13.7578
    endloop
  endfacet
  facet normal -0.156459 -0.987685 0
    outer loop
      vertex -0.54057 -2.54318 13.25
      vertex -0.271773 -2.58576 13.7578
      vertex -0.54057 -2.54318 13.7578
    endloop
  endfacet
  facet normal -0.156459 -0.987685 -0
    outer loop
      vertex -0.271773 -2.58576 13.7578
      vertex -0.54057 -2.54318 13.25
      vertex -0.271773 -2.58576 13.25
    endloop
  endfacet
  facet normal -0.298148 -0.776707 0.554828
    outer loop
      vertex -0.758187 -2.33346 14.1114
      vertex -1.04203 -2.34044 13.9491
      vertex -0.791679 -2.43654 13.9491
    endloop
  endfacet
  facet normal 0.968731 0.153456 0.194963
    outer loop
      vertex 2.58576 0.271773 13.7578
      vertex 2.54318 0.54057 13.7578
      vertex 2.54789 0.267794 13.9491
    endloop
  endfacet
  facet normal 0.0102329 0.195288 0.980693
    outer loop
      vertex 0 2.29133 14.2197
      vertex 0 2.1 14.2578
      vertex 0.239509 2.27878 14.2197
    endloop
  endfacet
  facet normal 0.174241 -0.0887791 0.980693
    outer loop
      vertex 2.09323 -0.931968 14.2197
      vertex 1.81865 -1.05 14.2578
      vertex 1.98435 -1.14566 14.2197
    endloop
  endfacet
  facet normal 0.252318 -0.49521 0.831326
    outer loop
      vertex 1.14566 -1.98435 14.2197
      vertex 0.931968 -2.09323 14.2197
      vertex 1.22677 -2.12483 14.1114
    endloop
  endfacet
  facet normal 0.0700823 0.182572 0.980692
    outer loop
      vertex 0.708059 2.17918 14.2197
      vertex 0.648935 1.99722 14.2578
      vertex 0.931968 2.09323 14.2197
    endloop
  endfacet
  facet normal 0.0887778 0.174241 0.980693
    outer loop
      vertex 0.931968 2.09323 14.2197
      vertex 0.854146 1.91844 14.2578
      vertex 1.05 1.81865 14.2578
    endloop
  endfacet
  facet normal 0.0513208 0.979467 0.194964
    outer loop
      vertex 0.271773 2.58576 13.7578
      vertex 0 2.6 13.7578
      vertex 0.267794 2.54789 13.9491
    endloop
  endfacet
  facet normal 0.523584 -0.646568 0.554805
    outer loop
      vertex 1.64174 -1.82334 14.1114
      vertex 1.50586 -2.07264 13.9491
      vertex 1.71426 -1.90388 13.9491
    endloop
  endfacet
  facet normal 0.130151 0.821736 0.554807
    outer loop
      vertex 0.532655 2.50594 13.9491
      vertex 0.267794 2.54789 13.9491
      vertex 0.51012 2.39993 14.1114
    endloop
  endfacet
  facet normal -0.518859 0.19917 0.831334
    outer loop
      vertex -2.09323 0.931968 14.2197
      vertex -2.33346 0.758187 14.1114
      vertex -2.17918 0.708059 14.2197
    endloop
  endfacet
  facet normal -0.646568 0.523584 0.554805
    outer loop
      vertex -1.90388 1.71426 13.9491
      vertex -2.07264 1.50586 13.9491
      vertex -1.82334 1.64174 14.1114
    endloop
  endfacet
  facet normal -0.164017 -0.106507 0.980691
    outer loop
      vertex -1.81865 -1.05 14.2578
      vertex -1.85372 -1.34681 14.2197
      vertex -1.69894 -1.23435 14.2578
    endloop
  endfacet
  facet normal 0.555009 0.0290819 0.831336
    outer loop
      vertex 2.45355 0 14.1114
      vertex 2.27878 0.239509 14.2197
      vertex 2.29133 0 14.2197
    endloop
  endfacet
  facet normal 0.453117 0.697769 0.5548
    outer loop
      vertex 1.50586 2.07264 13.9491
      vertex 1.22677 2.12483 14.1114
      vertex 1.44216 1.98496 14.1114
    endloop
  endfacet
  facet normal -0.130132 0.821726 0.554825
    outer loop
      vertex -0.267794 2.54789 13.9491
      vertex -0.51012 2.39993 14.1114
      vertex -0.256465 2.4401 14.1114
    endloop
  endfacet
  facet normal -0.130151 0.821736 0.554807
    outer loop
      vertex -0.267794 2.54789 13.9491
      vertex -0.532655 2.50594 13.9491
      vertex -0.51012 2.39993 14.1114
    endloop
  endfacet
  facet normal -0.0887791 0.174241 0.980693
    outer loop
      vertex -0.931968 2.09323 14.2197
      vertex -1.14566 1.98435 14.2197
      vertex -1.05 1.81865 14.2578
    endloop
  endfacet
  facet normal -0.0700855 0.182563 0.980693
    outer loop
      vertex -0.648935 1.99722 14.2578
      vertex -0.931968 2.09323 14.2197
      vertex -0.854146 1.91844 14.2578
    endloop
  endfacet
  facet normal -0.968731 -0.153456 0.194963
    outer loop
      vertex -2.54789 -0.267794 13.9491
      vertex -2.58576 -0.271773 13.7578
      vertex -2.54318 -0.54057 13.7578
    endloop
  endfacet
  facet normal 0.965932 -0.258795 0
    outer loop
      vertex 2.47275 -0.803444 13.7578
      vertex 2.54318 -0.54057 13.25
      vertex 2.54318 -0.54057 13.7578
    endloop
  endfacet
  facet normal 0.965932 -0.258795 0
    outer loop
      vertex 2.54318 -0.54057 13.25
      vertex 2.47275 -0.803444 13.7578
      vertex 2.47275 -0.803444 13.25
    endloop
  endfacet
  facet normal -0.933581 -0.358366 0
    outer loop
      vertex -2.37522 -1.05752 13.25
      vertex -2.47275 -0.803444 13.7578
      vertex -2.47275 -0.803444 13.25
    endloop
  endfacet
  facet normal -0.933581 -0.358366 0
    outer loop
      vertex -2.47275 -0.803444 13.7578
      vertex -2.37522 -1.05752 13.25
      vertex -2.37522 -1.05752 13.7578
    endloop
  endfacet
  facet normal -0.76223 -0.617245 0.194974
    outer loop
      vertex -1.90388 -1.71426 13.9491
      vertex -2.07264 -1.50586 13.9491
      vertex -1.93218 -1.73974 13.7578
    endloop
  endfacet
  facet normal 0.544663 -0.838655 0
    outer loop
      vertex 1.3 -2.25167 13.25
      vertex 1.52824 -2.10344 13.7578
      vertex 1.3 -2.25167 13.7578
    endloop
  endfacet
  facet normal 0.544663 -0.838655 0
    outer loop
      vertex 1.52824 -2.10344 13.7578
      vertex 1.3 -2.25167 13.25
      vertex 1.52824 -2.10344 13.25
    endloop
  endfacet
  facet normal 0.891006 0.453991 0
    outer loop
      vertex 2.37522 1.05752 13.7578
      vertex 2.25167 1.3 13.25
      vertex 2.25167 1.3 13.7578
    endloop
  endfacet
  facet normal 0.891006 0.453991 0
    outer loop
      vertex 2.25167 1.3 13.25
      vertex 2.37522 1.05752 13.7578
      vertex 2.37522 1.05752 13.25
    endloop
  endfacet
  facet normal 0.19529 0.0102312 0.980692
    outer loop
      vertex 2.27878 0.239509 14.2197
      vertex 2.0885 0.219509 14.2578
      vertex 2.1 0 14.2578
    endloop
  endfacet
  facet normal -0.174241 -0.0887791 0.980693
    outer loop
      vertex -1.81865 -1.05 14.2578
      vertex -2.09323 -0.931968 14.2197
      vertex -1.98435 -1.14566 14.2197
    endloop
  endfacet
  facet normal -0.518859 -0.19917 0.831334
    outer loop
      vertex -2.17918 -0.708059 14.2197
      vertex -2.33346 -0.758187 14.1114
      vertex -2.09323 -0.931968 14.2197
    endloop
  endfacet
  facet normal -0.182572 -0.0700823 0.980692
    outer loop
      vertex -1.99722 -0.648935 14.2578
      vertex -2.17918 -0.708059 14.2197
      vertex -2.09323 -0.931968 14.2197
    endloop
  endfacet
  facet normal -0.646568 -0.523584 0.554805
    outer loop
      vertex -1.82334 -1.64174 14.1114
      vertex -2.07264 -1.50586 13.9491
      vertex -1.90388 -1.71426 13.9491
    endloop
  endfacet
  facet normal -0.776722 -0.298139 0.554812
    outer loop
      vertex -2.33346 -0.758187 14.1114
      vertex -2.34044 -1.04203 13.9491
      vertex -2.24143 -0.997947 14.1114
    endloop
  endfacet
  facet normal -0.776707 -0.298148 0.554828
    outer loop
      vertex -2.33346 -0.758187 14.1114
      vertex -2.43654 -0.791679 13.9491
      vertex -2.34044 -1.04203 13.9491
    endloop
  endfacet
  facet normal 0.534212 0.822568 0.194933
    outer loop
      vertex 1.52824 2.10344 13.7578
      vertex 1.28096 2.2187 13.9491
      vertex 1.50586 2.07264 13.9491
    endloop
  endfacet
  facet normal -0.0506139 0.188898 0.980692
    outer loop
      vertex -0.436614 2.05411 14.2578
      vertex -0.708059 2.17918 14.2197
      vertex -0.648935 1.99722 14.2578
    endloop
  endfacet
  facet normal -0.195288 0.0102329 0.980693
    outer loop
      vertex -2.27878 0.239509 14.2197
      vertex -2.29133 0 14.2197
      vertex -2.1 0 14.2578
    endloop
  endfacet
  facet normal -0.555009 0.0290819 0.831336
    outer loop
      vertex -2.27878 0.239509 14.2197
      vertex -2.45355 0 14.1114
      vertex -2.29133 0 14.2197
    endloop
  endfacet
  facet normal -0.776707 0.298148 0.554828
    outer loop
      vertex -2.34044 1.04203 13.9491
      vertex -2.43654 0.791679 13.9491
      vertex -2.33346 0.758187 14.1114
    endloop
  endfacet
  facet normal -0.466118 0.302705 0.831326
    outer loop
      vertex -1.85372 1.34681 14.2197
      vertex -2.12483 1.22677 14.1114
      vertex -1.98435 1.14566 14.2197
    endloop
  endfacet
  facet normal -0.54894 0.0869462 0.831327
    outer loop
      vertex -2.24126 0.476394 14.2197
      vertex -2.39993 0.51012 14.1114
      vertex -2.27878 0.239509 14.2197
    endloop
  endfacet
  facet normal 0.193146 -0.0305949 0.980693
    outer loop
      vertex 2.0885 -0.219509 14.2578
      vertex 2.05411 -0.436614 14.2578
      vertex 2.24126 -0.476394 14.2197
    endloop
  endfacet
  facet normal -0.174241 0.0887791 0.980693
    outer loop
      vertex -1.98435 1.14566 14.2197
      vertex -2.09323 0.931968 14.2197
      vertex -1.81865 1.05 14.2578
    endloop
  endfacet
  facet normal -0.298148 0.776707 0.554828
    outer loop
      vertex -0.791679 2.43654 13.9491
      vertex -1.04203 2.34044 13.9491
      vertex -0.758187 2.33346 14.1114
    endloop
  endfacet
  facet normal -0.215313 0.803621 0.554828
    outer loop
      vertex -0.532655 2.50594 13.9491
      vertex -0.791679 2.43654 13.9491
      vertex -0.758187 2.33346 14.1114
    endloop
  endfacet
  facet normal -0.298139 0.776722 0.554812
    outer loop
      vertex -0.758187 2.33346 14.1114
      vertex -1.04203 2.34044 13.9491
      vertex -0.997947 2.24143 14.1114
    endloop
  endfacet
  facet normal -0.377732 0.741284 0.554812
    outer loop
      vertex -1.04203 2.34044 13.9491
      vertex -1.22677 2.12483 14.1114
      vertex -0.997947 2.24143 14.1114
    endloop
  endfacet
  facet normal 0.891006 -0.453991 0
    outer loop
      vertex 2.25167 -1.3 13.7578
      vertex 2.37522 -1.05752 13.25
      vertex 2.37522 -1.05752 13.7578
    endloop
  endfacet
  facet normal 0.891006 -0.453991 0
    outer loop
      vertex 2.37522 -1.05752 13.25
      vertex 2.25167 -1.3 13.7578
      vertex 2.25167 -1.3 13.25
    endloop
  endfacet
  facet normal 0.838655 0.544663 0
    outer loop
      vertex 2.25167 1.3 13.7578
      vertex 2.10344 1.52824 13.25
      vertex 2.10344 1.52824 13.7578
    endloop
  endfacet
  facet normal 0.838655 0.544663 0
    outer loop
      vertex 2.10344 1.52824 13.25
      vertex 2.25167 1.3 13.7578
      vertex 2.25167 1.3 13.25
    endloop
  endfacet
  facet normal 0.349762 0.431911 0.831336
    outer loop
      vertex 1.44216 1.98496 14.1114
      vertex 1.34681 1.85372 14.2197
      vertex 1.64174 1.82334 14.1114
    endloop
  endfacet
  facet normal 0.555035 -0.0291081 0.831318
    outer loop
      vertex 2.45355 0 14.1114
      vertex 2.27878 -0.239509 14.2197
      vertex 2.4401 -0.256465 14.1114
    endloop
  endfacet
  facet normal 0.0887778 -0.174241 0.980693
    outer loop
      vertex 1.05 -1.81865 14.2578
      vertex 0.854146 -1.91844 14.2578
      vertex 0.931968 -2.09323 14.2197
    endloop
  endfacet
  facet normal 0.151973 0.12306 0.980694
    outer loop
      vertex 1.70279 1.5332 14.2197
      vertex 1.5606 1.40517 14.2578
      vertex 1.85372 1.34681 14.2197
    endloop
  endfacet
  facet normal 0.195288 0.0102329 0.980693
    outer loop
      vertex 2.27878 0.239509 14.2197
      vertex 2.1 0 14.2578
      vertex 2.29133 0 14.2197
    endloop
  endfacet
  facet normal 0.54894 -0.0869462 0.831327
    outer loop
      vertex 2.27878 -0.239509 14.2197
      vertex 2.24126 -0.476394 14.2197
      vertex 2.39993 -0.51012 14.1114
    endloop
  endfacet
  facet normal 0.968741 0.153434 0.194931
    outer loop
      vertex 2.54318 0.54057 13.7578
      vertex 2.50594 0.532655 13.9491
      vertex 2.54789 0.267794 13.9491
    endloop
  endfacet
  facet normal 0.741284 0.377732 0.554812
    outer loop
      vertex 2.34044 1.04203 13.9491
      vertex 2.12483 1.22677 14.1114
      vertex 2.24143 0.997947 14.1114
    endloop
  endfacet
  facet normal -0.0700823 0.182572 0.980692
    outer loop
      vertex -0.708059 2.17918 14.2197
      vertex -0.931968 2.09323 14.2197
      vertex -0.648935 1.99722 14.2578
    endloop
  endfacet
  facet normal -0.0887778 0.174241 0.980693
    outer loop
      vertex -0.931968 2.09323 14.2197
      vertex -1.05 1.81865 14.2578
      vertex -0.854146 1.91844 14.2578
    endloop
  endfacet
  facet normal 0.164017 0.106507 0.980691
    outer loop
      vertex 1.85372 1.34681 14.2197
      vertex 1.69894 1.23435 14.2578
      vertex 1.81865 1.05 14.2578
    endloop
  endfacet
  facet normal 0.49521 0.252318 0.831326
    outer loop
      vertex 2.12483 1.22677 14.1114
      vertex 1.98435 1.14566 14.2197
      vertex 2.09323 0.931968 14.2197
    endloop
  endfacet
  facet normal 0.536831 0.143856 0.831335
    outer loop
      vertex 2.33346 0.758187 14.1114
      vertex 2.17918 0.708059 14.2197
      vertex 2.24126 0.476394 14.2197
    endloop
  endfacet
  facet normal 0.253836 0.9474 0.194938
    outer loop
      vertex 0.803444 2.47275 13.7578
      vertex 0.532655 2.50594 13.9491
      vertex 0.791679 2.43654 13.9491
    endloop
  endfacet
  facet normal 0.298139 0.776722 0.554812
    outer loop
      vertex 1.04203 2.34044 13.9491
      vertex 0.758187 2.33346 14.1114
      vertex 0.997947 2.24143 14.1114
    endloop
  endfacet
  facet normal 0.106507 -0.164017 0.980691
    outer loop
      vertex 1.23435 -1.69894 14.2578
      vertex 1.05 -1.81865 14.2578
      vertex 1.34681 -1.85372 14.2197
    endloop
  endfacet
  facet normal 0.393001 0.393001 0.831325
    outer loop
      vertex 1.64174 1.82334 14.1114
      vertex 1.70279 1.5332 14.2197
      vertex 1.82334 1.64174 14.1114
    endloop
  endfacet
  facet normal 0.393001 0.393001 0.831325
    outer loop
      vertex 1.70279 1.5332 14.2197
      vertex 1.64174 1.82334 14.1114
      vertex 1.5332 1.70279 14.2197
    endloop
  endfacet
  facet normal 0.588299 0.588299 0.554806
    outer loop
      vertex 1.64174 1.82334 14.1114
      vertex 1.90388 1.71426 13.9491
      vertex 1.71426 1.90388 13.9491
    endloop
  endfacet
  facet normal 0.588299 0.588299 0.554806
    outer loop
      vertex 1.90388 1.71426 13.9491
      vertex 1.64174 1.82334 14.1114
      vertex 1.82334 1.64174 14.1114
    endloop
  endfacet
  facet normal 0.968731 -0.153456 0.194963
    outer loop
      vertex 2.54789 -0.267794 13.9491
      vertex 2.54318 -0.54057 13.7578
      vertex 2.58576 -0.271773 13.7578
    endloop
  endfacet
  facet normal 0.987685 -0.156459 0
    outer loop
      vertex 2.54318 -0.54057 13.7578
      vertex 2.58576 -0.271773 13.25
      vertex 2.58576 -0.271773 13.7578
    endloop
  endfacet
  facet normal 0.987685 -0.156459 0
    outer loop
      vertex 2.58576 -0.271773 13.25
      vertex 2.54318 -0.54057 13.7578
      vertex 2.54318 -0.54057 13.25
    endloop
  endfacet
  facet normal 0.19917 -0.518859 0.831334
    outer loop
      vertex 0.931968 -2.09323 14.2197
      vertex 0.708059 -2.17918 14.2197
      vertex 0.758187 -2.33346 14.1114
    endloop
  endfacet
  facet normal 0.915671 -0.35149 0.194938
    outer loop
      vertex 2.43654 -0.791679 13.9491
      vertex 2.34044 -1.04203 13.9491
      vertex 2.47275 -0.803444 13.7578
    endloop
  endfacet
  facet normal -0.0869353 0.548956 0.831318
    outer loop
      vertex -0.256465 2.4401 14.1114
      vertex -0.51012 2.39993 14.1114
      vertex -0.239509 2.27878 14.2197
    endloop
  endfacet
  facet normal 0.174241 -0.0887778 0.980693
    outer loop
      vertex 1.91844 -0.854146 14.2578
      vertex 1.81865 -1.05 14.2578
      vertex 2.09323 -0.931968 14.2197
    endloop
  endfacet
  facet normal 0.130151 -0.821736 0.554807
    outer loop
      vertex 0.51012 -2.39993 14.1114
      vertex 0.267794 -2.54789 13.9491
      vertex 0.532655 -2.50594 13.9491
    endloop
  endfacet
  facet normal 0.0869462 -0.54894 0.831327
    outer loop
      vertex 0.476394 -2.24126 14.2197
      vertex 0.239509 -2.27878 14.2197
      vertex 0.51012 -2.39993 14.1114
    endloop
  endfacet
  facet normal -0.153456 -0.968731 0.194963
    outer loop
      vertex -0.267794 -2.54789 13.9491
      vertex -0.54057 -2.54318 13.7578
      vertex -0.271773 -2.58576 13.7578
    endloop
  endfacet
  facet normal -0.151976 -0.123079 0.980691
    outer loop
      vertex -1.69894 -1.23435 14.2578
      vertex -1.85372 -1.34681 14.2197
      vertex -1.5606 -1.40517 14.2578
    endloop
  endfacet
  facet normal -0.453134 -0.697725 0.554842
    outer loop
      vertex -1.22677 -2.12483 14.1114
      vertex -1.50586 -2.07264 13.9491
      vertex -1.28096 -2.2187 13.9491
    endloop
  endfacet
  facet normal -0.252318 -0.49521 0.831326
    outer loop
      vertex -1.14566 -1.98435 14.2197
      vertex -1.22677 -2.12483 14.1114
      vertex -0.931968 -2.09323 14.2197
    endloop
  endfacet
  facet normal -0.349762 -0.431911 0.831336
    outer loop
      vertex -1.34681 -1.85372 14.2197
      vertex -1.64174 -1.82334 14.1114
      vertex -1.44216 -1.98496 14.1114
    endloop
  endfacet
  facet normal 0.0513208 -0.979467 0.194964
    outer loop
      vertex 0.267794 -2.54789 13.9491
      vertex 0 -2.6 13.7578
      vertex 0.271773 -2.58576 13.7578
    endloop
  endfacet
  facet normal 0.76223 -0.617245 0.194974
    outer loop
      vertex 2.07264 -1.50586 13.9491
      vertex 1.90388 -1.71426 13.9491
      vertex 1.93218 -1.73974 13.7578
    endloop
  endfacet
  facet normal 0.49521 -0.252318 0.831326
    outer loop
      vertex 2.09323 -0.931968 14.2197
      vertex 1.98435 -1.14566 14.2197
      vertex 2.12483 -1.22677 14.1114
    endloop
  endfacet
  facet normal 0.138274 -0.138274 0.980694
    outer loop
      vertex 1.5606 -1.40517 14.2578
      vertex 1.5332 -1.70279 14.2197
      vertex 1.70279 -1.5332 14.2197
    endloop
  endfacet
  facet normal 0.138274 -0.138274 0.980694
    outer loop
      vertex 1.5332 -1.70279 14.2197
      vertex 1.5606 -1.40517 14.2578
      vertex 1.40517 -1.5606 14.2578
    endloop
  endfacet
  facet normal 0.156459 -0.987685 0
    outer loop
      vertex 0.271773 -2.58576 13.25
      vertex 0.54057 -2.54318 13.7578
      vertex 0.271773 -2.58576 13.7578
    endloop
  endfacet
  facet normal 0.156459 -0.987685 0
    outer loop
      vertex 0.54057 -2.54318 13.7578
      vertex 0.271773 -2.58576 13.25
      vertex 0.54057 -2.54318 13.25
    endloop
  endfacet
  facet normal 0.697769 -0.453117 0.5548
    outer loop
      vertex 2.12483 -1.22677 14.1114
      vertex 1.98496 -1.44216 14.1114
      vertex 2.07264 -1.50586 13.9491
    endloop
  endfacet
  facet normal 0.130132 0.821726 0.554825
    outer loop
      vertex 0.267794 2.54789 13.9491
      vertex 0.256465 2.4401 14.1114
      vertex 0.51012 2.39993 14.1114
    endloop
  endfacet
  facet normal 0.0435716 0.830825 0.554826
    outer loop
      vertex 0.267794 2.54789 13.9491
      vertex 0 2.45355 14.1114
      vertex 0.256465 2.4401 14.1114
    endloop
  endfacet
  facet normal -0.393001 0.393001 0.831325
    outer loop
      vertex -1.64174 1.82334 14.1114
      vertex -1.70279 1.5332 14.2197
      vertex -1.5332 1.70279 14.2197
    endloop
  endfacet
  facet normal -0.393001 0.393001 0.831325
    outer loop
      vertex -1.70279 1.5332 14.2197
      vertex -1.64174 1.82334 14.1114
      vertex -1.82334 1.64174 14.1114
    endloop
  endfacet
  facet normal 0.151976 0.123079 0.980691
    outer loop
      vertex 1.85372 1.34681 14.2197
      vertex 1.5606 1.40517 14.2578
      vertex 1.69894 1.23435 14.2578
    endloop
  endfacet
  facet normal -0.138274 0.138274 0.980694
    outer loop
      vertex -1.5332 1.70279 14.2197
      vertex -1.5606 1.40517 14.2578
      vertex -1.40517 1.5606 14.2578
    endloop
  endfacet
  facet normal -0.138274 0.138274 0.980694
    outer loop
      vertex -1.5606 1.40517 14.2578
      vertex -1.5332 1.70279 14.2197
      vertex -1.70279 1.5332 14.2197
    endloop
  endfacet
  facet normal 0.0869462 0.54894 0.831327
    outer loop
      vertex 0.51012 2.39993 14.1114
      vertex 0.239509 2.27878 14.2197
      vertex 0.476394 2.24126 14.2197
    endloop
  endfacet
  facet normal 0.0102312 -0.19529 0.980692
    outer loop
      vertex 0.219509 -2.0885 14.2578
      vertex 0 -2.1 14.2578
      vertex 0.239509 -2.27878 14.2197
    endloop
  endfacet
  facet normal -0.34976 -0.431934 0.831325
    outer loop
      vertex -1.5332 -1.70279 14.2197
      vertex -1.64174 -1.82334 14.1114
      vertex -1.34681 -1.85372 14.2197
    endloop
  endfacet
  facet normal 0.0506139 -0.188898 0.980692
    outer loop
      vertex 0.648935 -1.99722 14.2578
      vertex 0.436614 -2.05411 14.2578
      vertex 0.708059 -2.17918 14.2197
    endloop
  endfacet
  facet normal -0.0305928 0.19315 0.980692
    outer loop
      vertex -0.239509 2.27878 14.2197
      vertex -0.476394 2.24126 14.2197
      vertex -0.219509 2.0885 14.2578
    endloop
  endfacet
  facet normal 0.0290819 0.555009 0.831336
    outer loop
      vertex 0 2.45355 14.1114
      vertex 0 2.29133 14.2197
      vertex 0.239509 2.27878 14.2197
    endloop
  endfacet
  facet normal -0.19917 0.518859 0.831334
    outer loop
      vertex -0.758187 2.33346 14.1114
      vertex -0.931968 2.09323 14.2197
      vertex -0.708059 2.17918 14.2197
    endloop
  endfacet
  facet normal -0.174241 0.0887778 0.980693
    outer loop
      vertex -1.81865 1.05 14.2578
      vertex -2.09323 0.931968 14.2197
      vertex -1.91844 0.854146 14.2578
    endloop
  endfacet
  facet normal 0.193146 0.0305949 0.980693
    outer loop
      vertex 2.24126 0.476394 14.2197
      vertex 2.05411 0.436614 14.2578
      vertex 2.0885 0.219509 14.2578
    endloop
  endfacet
  facet normal -0.830825 -0.0435716 0.554826
    outer loop
      vertex -2.45355 0 14.1114
      vertex -2.54789 -0.267794 13.9491
      vertex -2.4401 -0.256465 14.1114
    endloop
  endfacet
  facet normal -0.803621 -0.215313 0.554828
    outer loop
      vertex -2.33346 -0.758187 14.1114
      vertex -2.50594 -0.532655 13.9491
      vertex -2.43654 -0.791679 13.9491
    endloop
  endfacet
  facet normal -0.803629 -0.215334 0.554808
    outer loop
      vertex -2.39993 -0.51012 14.1114
      vertex -2.50594 -0.532655 13.9491
      vertex -2.33346 -0.758187 14.1114
    endloop
  endfacet
  facet normal -0.466118 -0.302705 0.831326
    outer loop
      vertex -1.98435 -1.14566 14.2197
      vertex -2.12483 -1.22677 14.1114
      vertex -1.85372 -1.34681 14.2197
    endloop
  endfacet
  facet normal -0.49521 -0.252318 0.831326
    outer loop
      vertex -2.09323 -0.931968 14.2197
      vertex -2.12483 -1.22677 14.1114
      vertex -1.98435 -1.14566 14.2197
    endloop
  endfacet
  facet normal 0.182563 0.0700855 0.980693
    outer loop
      vertex 2.09323 0.931968 14.2197
      vertex 1.91844 0.854146 14.2578
      vertex 1.99722 0.648935 14.2578
    endloop
  endfacet
  facet normal -0.693536 -0.693536 0.194973
    outer loop
      vertex -1.93218 -1.73974 13.7578
      vertex -1.71426 -1.90388 13.9491
      vertex -1.90388 -1.71426 13.9491
    endloop
  endfacet
  facet normal -0.693536 -0.693536 0.194973
    outer loop
      vertex -1.71426 -1.90388 13.9491
      vertex -1.93218 -1.73974 13.7578
      vertex -1.73974 -1.93218 13.7578
    endloop
  endfacet
  facet normal -0.838655 -0.544663 0
    outer loop
      vertex -2.10344 -1.52824 13.25
      vertex -2.25167 -1.3 13.7578
      vertex -2.25167 -1.3 13.25
    endloop
  endfacet
  facet normal -0.838655 -0.544663 0
    outer loop
      vertex -2.25167 -1.3 13.7578
      vertex -2.10344 -1.52824 13.25
      vertex -2.10344 -1.52824 13.7578
    endloop
  endfacet
  facet normal -0.555009 -0.0290819 0.831336
    outer loop
      vertex -2.29133 0 14.2197
      vertex -2.45355 0 14.1114
      vertex -2.27878 -0.239509 14.2197
    endloop
  endfacet
  facet normal -0.195288 -0.0102329 0.980693
    outer loop
      vertex -2.1 0 14.2578
      vertex -2.29133 0 14.2197
      vertex -2.27878 -0.239509 14.2197
    endloop
  endfacet
  facet normal -0.741278 0.377697 0.554844
    outer loop
      vertex -2.2187 1.28096 13.9491
      vertex -2.34044 1.04203 13.9491
      vertex -2.12483 1.22677 14.1114
    endloop
  endfacet
  facet normal -0.873914 0.445278 0.19494
    outer loop
      vertex -2.2187 1.28096 13.9491
      vertex -2.37522 1.05752 13.7578
      vertex -2.34044 1.04203 13.9491
    endloop
  endfacet
  facet normal -0.193146 0.0305949 0.980693
    outer loop
      vertex -2.05411 0.436614 14.2578
      vertex -2.24126 0.476394 14.2197
      vertex -2.0885 0.219509 14.2578
    endloop
  endfacet
  facet normal -0.18889 0.0506175 0.980693
    outer loop
      vertex -2.17918 0.708059 14.2197
      vertex -2.24126 0.476394 14.2197
      vertex -2.05411 0.436614 14.2578
    endloop
  endfacet
  facet normal -0.0506175 -0.18889 0.980693
    outer loop
      vertex -0.436614 -2.05411 14.2578
      vertex -0.708059 -2.17918 14.2197
      vertex -0.476394 -2.24126 14.2197
    endloop
  endfacet
  facet normal 0.453991 -0.891006 0
    outer loop
      vertex 1.05752 -2.37522 13.25
      vertex 1.3 -2.25167 13.7578
      vertex 1.05752 -2.37522 13.7578
    endloop
  endfacet
  facet normal 0.453991 -0.891006 0
    outer loop
      vertex 1.3 -2.25167 13.7578
      vertex 1.05752 -2.37522 13.25
      vertex 1.3 -2.25167 13.25
    endloop
  endfacet
  facet normal 0.822568 0.534212 0.194933
    outer loop
      vertex 2.10344 1.52824 13.7578
      vertex 2.07264 1.50586 13.9491
      vertex 2.2187 1.28096 13.9491
    endloop
  endfacet
  facet normal 0.741278 0.377697 0.554844
    outer loop
      vertex 2.2187 1.28096 13.9491
      vertex 2.12483 1.22677 14.1114
      vertex 2.34044 1.04203 13.9491
    endloop
  endfacet
  facet normal 0.523591 0.646568 0.554799
    outer loop
      vertex 1.50586 2.07264 13.9491
      vertex 1.44216 1.98496 14.1114
      vertex 1.64174 1.82334 14.1114
    endloop
  endfacet
  facet normal 0.646568 0.523584 0.554805
    outer loop
      vertex 1.90388 1.71426 13.9491
      vertex 1.82334 1.64174 14.1114
      vertex 2.07264 1.50586 13.9491
    endloop
  endfacet
  facet normal 0.915671 0.351491 0.194938
    outer loop
      vertex 2.37522 1.05752 13.7578
      vertex 2.34044 1.04203 13.9491
      vertex 2.47275 0.803444 13.7578
    endloop
  endfacet
  facet normal 0.99863 0.0523249 0
    outer loop
      vertex 2.6 0 13.7578
      vertex 2.58576 0.271773 13.25
      vertex 2.58576 0.271773 13.7578
    endloop
  endfacet
  facet normal 0.99863 0.0523249 0
    outer loop
      vertex 2.58576 0.271773 13.25
      vertex 2.6 0 13.7578
      vertex 2.6 0 13.25
    endloop
  endfacet
  facet normal 0.9474 0.253836 0.194938
    outer loop
      vertex 2.47275 0.803444 13.7578
      vertex 2.43654 0.791679 13.9491
      vertex 2.50594 0.532655 13.9491
    endloop
  endfacet
  facet normal 0.915671 0.35149 0.194938
    outer loop
      vertex 2.47275 0.803444 13.7578
      vertex 2.34044 1.04203 13.9491
      vertex 2.43654 0.791679 13.9491
    endloop
  endfacet
  facet normal 0.431934 -0.34976 0.831325
    outer loop
      vertex 1.85372 -1.34681 14.2197
      vertex 1.70279 -1.5332 14.2197
      vertex 1.82334 -1.64174 14.1114
    endloop
  endfacet
  facet normal 0.741284 -0.377732 0.554812
    outer loop
      vertex 2.24143 -0.997947 14.1114
      vertex 2.12483 -1.22677 14.1114
      vertex 2.34044 -1.04203 13.9491
    endloop
  endfacet
  facet normal 0.830835 0.0435593 0.554811
    outer loop
      vertex 2.54789 0.267794 13.9491
      vertex 2.45355 0 14.1114
      vertex 2.56193 0 13.9491
    endloop
  endfacet
  facet normal 0.555009 -0.0290819 0.831336
    outer loop
      vertex 2.29133 0 14.2197
      vertex 2.27878 -0.239509 14.2197
      vertex 2.45355 0 14.1114
    endloop
  endfacet
  facet normal 0.195288 -0.0102329 0.980693
    outer loop
      vertex 2.29133 0 14.2197
      vertex 2.1 0 14.2578
      vertex 2.27878 -0.239509 14.2197
    endloop
  endfacet
  facet normal 0.548956 -0.0869353 0.831318
    outer loop
      vertex 2.4401 -0.256465 14.1114
      vertex 2.27878 -0.239509 14.2197
      vertex 2.39993 -0.51012 14.1114
    endloop
  endfacet
  facet normal 0.947403 0.253831 0.194931
    outer loop
      vertex 2.54318 0.54057 13.7578
      vertex 2.47275 0.803444 13.7578
      vertex 2.50594 0.532655 13.9491
    endloop
  endfacet
  facet normal 0.536845 0.143849 0.831327
    outer loop
      vertex 2.33346 0.758187 14.1114
      vertex 2.24126 0.476394 14.2197
      vertex 2.39993 0.51012 14.1114
    endloop
  endfacet
  facet normal 0.182572 0.0700823 0.980692
    outer loop
      vertex 2.09323 0.931968 14.2197
      vertex 1.99722 0.648935 14.2578
      vertex 2.17918 0.708059 14.2197
    endloop
  endfacet
  facet normal 0.431911 -0.349762 0.831336
    outer loop
      vertex 1.85372 -1.34681 14.2197
      vertex 1.82334 -1.64174 14.1114
      vertex 1.98496 -1.44216 14.1114
    endloop
  endfacet
  facet normal 0.174241 0.0887778 0.980693
    outer loop
      vertex 2.09323 0.931968 14.2197
      vertex 1.81865 1.05 14.2578
      vertex 1.91844 0.854146 14.2578
    endloop
  endfacet
  facet normal 0.182563 -0.0700855 0.980693
    outer loop
      vertex 1.99722 -0.648935 14.2578
      vertex 1.91844 -0.854146 14.2578
      vertex 2.09323 -0.931968 14.2197
    endloop
  endfacet
  facet normal 0.151973 -0.12306 0.980694
    outer loop
      vertex 1.85372 -1.34681 14.2197
      vertex 1.5606 -1.40517 14.2578
      vertex 1.70279 -1.5332 14.2197
    endloop
  endfacet
  facet normal 0.0700855 -0.182563 0.980693
    outer loop
      vertex 0.854146 -1.91844 14.2578
      vertex 0.648935 -1.99722 14.2578
      vertex 0.931968 -2.09323 14.2197
    endloop
  endfacet
  facet normal 0.518859 0.19917 0.831334
    outer loop
      vertex 2.33346 0.758187 14.1114
      vertex 2.09323 0.931968 14.2197
      vertex 2.17918 0.708059 14.2197
    endloop
  endfacet
  facet normal 0.174241 0.0887791 0.980693
    outer loop
      vertex 1.98435 1.14566 14.2197
      vertex 1.81865 1.05 14.2578
      vertex 2.09323 0.931968 14.2197
    endloop
  endfacet
  facet normal 0.35149 0.915671 0.194938
    outer loop
      vertex 0.803444 2.47275 13.7578
      vertex 0.791679 2.43654 13.9491
      vertex 1.04203 2.34044 13.9491
    endloop
  endfacet
  facet normal 0.351491 0.915671 0.194938
    outer loop
      vertex 1.05752 2.37522 13.7578
      vertex 0.803444 2.47275 13.7578
      vertex 1.04203 2.34044 13.9491
    endloop
  endfacet
  facet normal 0.199158 0.518853 0.831341
    outer loop
      vertex 0.997947 2.24143 14.1114
      vertex 0.758187 2.33346 14.1114
      vertex 0.931968 2.09323 14.2197
    endloop
  endfacet
  facet normal 0.0506175 0.18889 0.980693
    outer loop
      vertex 0.476394 2.24126 14.2197
      vertex 0.436614 2.05411 14.2578
      vertex 0.708059 2.17918 14.2197
    endloop
  endfacet
  facet normal 0.523584 0.646568 0.554805
    outer loop
      vertex 1.71426 1.90388 13.9491
      vertex 1.50586 2.07264 13.9491
      vertex 1.64174 1.82334 14.1114
    endloop
  endfacet
  facet normal 0.445278 0.873914 0.19494
    outer loop
      vertex 1.05752 2.37522 13.7578
      vertex 1.04203 2.34044 13.9491
      vertex 1.28096 2.2187 13.9491
    endloop
  endfacet
  facet normal 0.106508 0.164006 0.980693
    outer loop
      vertex 1.14566 1.98435 14.2197
      vertex 1.05 1.81865 14.2578
      vertex 1.34681 1.85372 14.2197
    endloop
  endfacet
  facet normal 0.377732 0.741284 0.554812
    outer loop
      vertex 1.04203 2.34044 13.9491
      vertex 0.997947 2.24143 14.1114
      vertex 1.22677 2.12483 14.1114
    endloop
  endfacet
  facet normal -0.0291081 -0.555035 0.831318
    outer loop
      vertex -0.239509 -2.27878 14.2197
      vertex -0.256465 -2.4401 14.1114
      vertex 0 -2.45355 14.1114
    endloop
  endfacet
  facet normal 0.741278 -0.377697 0.554844
    outer loop
      vertex 2.34044 -1.04203 13.9491
      vertex 2.12483 -1.22677 14.1114
      vertex 2.2187 -1.28096 13.9491
    endloop
  endfacet
  facet normal 0.968741 -0.153434 0.194931
    outer loop
      vertex 2.54789 -0.267794 13.9491
      vertex 2.50594 -0.532655 13.9491
      vertex 2.54318 -0.54057 13.7578
    endloop
  endfacet
  facet normal 0.617227 -0.762254 0.194934
    outer loop
      vertex 1.73974 -1.93218 13.7578
      vertex 1.50586 -2.07264 13.9491
      vertex 1.52824 -2.10344 13.7578
    endloop
  endfacet
  facet normal 0.258795 -0.965932 0
    outer loop
      vertex 0.54057 -2.54318 13.25
      vertex 0.803444 -2.47275 13.7578
      vertex 0.54057 -2.54318 13.7578
    endloop
  endfacet
  facet normal 0.258795 -0.965932 0
    outer loop
      vertex 0.803444 -2.47275 13.7578
      vertex 0.54057 -2.54318 13.25
      vertex 0.803444 -2.47275 13.25
    endloop
  endfacet
  facet normal 0.822566 -0.534214 0.194937
    outer loop
      vertex 2.2187 -1.28096 13.9491
      vertex 2.10344 -1.52824 13.7578
      vertex 2.25167 -1.3 13.7578
    endloop
  endfacet
  facet normal -0.253831 -0.947403 0.194931
    outer loop
      vertex -0.532655 -2.50594 13.9491
      vertex -0.803444 -2.47275 13.7578
      vertex -0.54057 -2.54318 13.7578
    endloop
  endfacet
  facet normal -0.0290819 -0.555009 0.831336
    outer loop
      vertex 0 -2.29133 14.2197
      vertex -0.239509 -2.27878 14.2197
      vertex 0 -2.45355 14.1114
    endloop
  endfacet
  facet normal 0.0305949 -0.193146 0.980693
    outer loop
      vertex 0.436614 -2.05411 14.2578
      vertex 0.219509 -2.0885 14.2578
      vertex 0.476394 -2.24126 14.2197
    endloop
  endfacet
  facet normal -0.0869462 0.54894 0.831327
    outer loop
      vertex -0.239509 2.27878 14.2197
      vertex -0.51012 2.39993 14.1114
      vertex -0.476394 2.24126 14.2197
    endloop
  endfacet
  facet normal -0.252327 -0.495181 0.83134
    outer loop
      vertex -0.931968 -2.09323 14.2197
      vertex -1.22677 -2.12483 14.1114
      vertex -0.997947 -2.24143 14.1114
    endloop
  endfacet
  facet normal -0.12306 -0.151973 0.980694
    outer loop
      vertex -1.40517 -1.5606 14.2578
      vertex -1.5332 -1.70279 14.2197
      vertex -1.34681 -1.85372 14.2197
    endloop
  endfacet
  facet normal -0.0305949 0.193146 0.980693
    outer loop
      vertex -0.219509 2.0885 14.2578
      vertex -0.476394 2.24126 14.2197
      vertex -0.436614 2.05411 14.2578
    endloop
  endfacet
  facet normal -0.0102312 0.19529 0.980692
    outer loop
      vertex 0 2.1 14.2578
      vertex -0.239509 2.27878 14.2197
      vertex -0.219509 2.0885 14.2578
    endloop
  endfacet
  facet normal 0.466113 -0.302685 0.831336
    outer loop
      vertex 2.12483 -1.22677 14.1114
      vertex 1.85372 -1.34681 14.2197
      vertex 1.98496 -1.44216 14.1114
    endloop
  endfacet
  facet normal -0.588299 -0.588299 0.554806
    outer loop
      vertex -1.90388 -1.71426 13.9491
      vertex -1.64174 -1.82334 14.1114
      vertex -1.82334 -1.64174 14.1114
    endloop
  endfacet
  facet normal -0.588299 -0.588299 0.554806
    outer loop
      vertex -1.64174 -1.82334 14.1114
      vertex -1.90388 -1.71426 13.9491
      vertex -1.71426 -1.90388 13.9491
    endloop
  endfacet
  facet normal -0.0887791 -0.174241 0.980693
    outer loop
      vertex -1.05 -1.81865 14.2578
      vertex -1.14566 -1.98435 14.2197
      vertex -0.931968 -2.09323 14.2197
    endloop
  endfacet
  facet normal -0.302705 -0.466118 0.831326
    outer loop
      vertex -1.14566 -1.98435 14.2197
      vertex -1.34681 -1.85372 14.2197
      vertex -1.22677 -2.12483 14.1114
    endloop
  endfacet
  facet normal -0.0523249 -0.99863 0
    outer loop
      vertex -0.271773 -2.58576 13.25
      vertex 0 -2.6 13.7578
      vertex -0.271773 -2.58576 13.7578
    endloop
  endfacet
  facet normal -0.0523249 -0.99863 -0
    outer loop
      vertex 0 -2.6 13.7578
      vertex -0.271773 -2.58576 13.25
      vertex 0 -2.6 13.25
    endloop
  endfacet
  facet normal -0.153434 -0.968741 0.194931
    outer loop
      vertex -0.532655 -2.50594 13.9491
      vertex -0.54057 -2.54318 13.7578
      vertex -0.267794 -2.54789 13.9491
    endloop
  endfacet
  facet normal 0.873913 -0.445282 0.194935
    outer loop
      vertex 2.37522 -1.05752 13.7578
      vertex 2.2187 -1.28096 13.9491
      vertex 2.25167 -1.3 13.7578
    endloop
  endfacet
  facet normal 0.445282 -0.873913 0.194935
    outer loop
      vertex 1.28096 -2.2187 13.9491
      vertex 1.05752 -2.37522 13.7578
      vertex 1.3 -2.25167 13.7578
    endloop
  endfacet
  facet normal 0.822568 -0.534212 0.194933
    outer loop
      vertex 2.2187 -1.28096 13.9491
      vertex 2.07264 -1.50586 13.9491
      vertex 2.10344 -1.52824 13.7578
    endloop
  endfacet
  facet normal 0.697725 -0.453134 0.554842
    outer loop
      vertex 2.12483 -1.22677 14.1114
      vertex 2.07264 -1.50586 13.9491
      vertex 2.2187 -1.28096 13.9491
    endloop
  endfacet
  facet normal 0.915671 -0.351491 0.194938
    outer loop
      vertex 2.47275 -0.803444 13.7578
      vertex 2.34044 -1.04203 13.9491
      vertex 2.37522 -1.05752 13.7578
    endloop
  endfacet
  facet normal 0.0102312 0.19529 0.980692
    outer loop
      vertex 0.239509 2.27878 14.2197
      vertex 0 2.1 14.2578
      vertex 0.219509 2.0885 14.2578
    endloop
  endfacet
  facet normal 0.106508 -0.164006 0.980693
    outer loop
      vertex 1.34681 -1.85372 14.2197
      vertex 1.05 -1.81865 14.2578
      vertex 1.14566 -1.98435 14.2197
    endloop
  endfacet
  facet normal 0.762254 -0.617227 0.194934
    outer loop
      vertex 2.07264 -1.50586 13.9491
      vertex 1.93218 -1.73974 13.7578
      vertex 2.10344 -1.52824 13.7578
    endloop
  endfacet
  facet normal 0.151976 -0.123079 0.980691
    outer loop
      vertex 1.69894 -1.23435 14.2578
      vertex 1.5606 -1.40517 14.2578
      vertex 1.85372 -1.34681 14.2197
    endloop
  endfacet
  facet normal 0.0435716 -0.830825 0.554826
    outer loop
      vertex 0.256465 -2.4401 14.1114
      vertex 0 -2.45355 14.1114
      vertex 0.267794 -2.54789 13.9491
    endloop
  endfacet
  facet normal 0.0700823 -0.182572 0.980692
    outer loop
      vertex 0.931968 -2.09323 14.2197
      vertex 0.648935 -1.99722 14.2578
      vertex 0.708059 -2.17918 14.2197
    endloop
  endfacet
  facet normal -0.431911 0.349762 0.831336
    outer loop
      vertex -1.82334 1.64174 14.1114
      vertex -1.98496 1.44216 14.1114
      vertex -1.85372 1.34681 14.2197
    endloop
  endfacet
  facet normal -0.646568 0.523591 0.554799
    outer loop
      vertex -1.82334 1.64174 14.1114
      vertex -2.07264 1.50586 13.9491
      vertex -1.98496 1.44216 14.1114
    endloop
  endfacet
  facet normal -0.349762 0.431911 0.831336
    outer loop
      vertex -1.44216 1.98496 14.1114
      vertex -1.64174 1.82334 14.1114
      vertex -1.34681 1.85372 14.2197
    endloop
  endfacet
  facet normal -0.302685 0.466113 0.831336
    outer loop
      vertex -1.22677 2.12483 14.1114
      vertex -1.44216 1.98496 14.1114
      vertex -1.34681 1.85372 14.2197
    endloop
  endfacet
  facet normal 0.0305928 0.19315 0.980692
    outer loop
      vertex 0.239509 2.27878 14.2197
      vertex 0.219509 2.0885 14.2578
      vertex 0.476394 2.24126 14.2197
    endloop
  endfacet
  facet normal 0.0305949 0.193146 0.980693
    outer loop
      vertex 0.476394 2.24126 14.2197
      vertex 0.219509 2.0885 14.2578
      vertex 0.436614 2.05411 14.2578
    endloop
  endfacet
  facet normal 0.12306 -0.151973 0.980694
    outer loop
      vertex 1.40517 -1.5606 14.2578
      vertex 1.34681 -1.85372 14.2197
      vertex 1.5332 -1.70279 14.2197
    endloop
  endfacet
  facet normal -0.0700855 -0.182563 0.980693
    outer loop
      vertex -0.854146 -1.91844 14.2578
      vertex -0.931968 -2.09323 14.2197
      vertex -0.648935 -1.99722 14.2578
    endloop
  endfacet
  facet normal -0.830835 -0.0435593 0.554811
    outer loop
      vertex -2.45355 0 14.1114
      vertex -2.56193 0 13.9491
      vertex -2.54789 -0.267794 13.9491
    endloop
  endfacet
  facet normal -0.979474 -0.0513522 0.194922
    outer loop
      vertex -2.56193 0 13.9491
      vertex -2.6 0 13.7578
      vertex -2.54789 -0.267794 13.9491
    endloop
  endfacet
  facet normal -0.697769 -0.453117 0.5548
    outer loop
      vertex -1.98496 -1.44216 14.1114
      vertex -2.12483 -1.22677 14.1114
      vertex -2.07264 -1.50586 13.9491
    endloop
  endfacet
  facet normal -0.646568 -0.523591 0.554799
    outer loop
      vertex -1.98496 -1.44216 14.1114
      vertex -2.07264 -1.50586 13.9491
      vertex -1.82334 -1.64174 14.1114
    endloop
  endfacet
  facet normal 0.12306 0.151973 0.980694
    outer loop
      vertex 1.5332 1.70279 14.2197
      vertex 1.34681 1.85372 14.2197
      vertex 1.40517 1.5606 14.2578
    endloop
  endfacet
  facet normal 0.138274 0.138274 0.980694
    outer loop
      vertex 1.5332 1.70279 14.2197
      vertex 1.5606 1.40517 14.2578
      vertex 1.70279 1.5332 14.2197
    endloop
  endfacet
  facet normal 0.138274 0.138274 0.980694
    outer loop
      vertex 1.5606 1.40517 14.2578
      vertex 1.5332 1.70279 14.2197
      vertex 1.40517 1.5606 14.2578
    endloop
  endfacet
  facet normal -0.138274 -0.138274 0.980694
    outer loop
      vertex -1.5606 -1.40517 14.2578
      vertex -1.5332 -1.70279 14.2197
      vertex -1.40517 -1.5606 14.2578
    endloop
  endfacet
  facet normal -0.138274 -0.138274 0.980694
    outer loop
      vertex -1.5332 -1.70279 14.2197
      vertex -1.5606 -1.40517 14.2578
      vertex -1.70279 -1.5332 14.2197
    endloop
  endfacet
  facet normal -0.822568 0.534212 0.194933
    outer loop
      vertex -2.10344 1.52824 13.7578
      vertex -2.2187 1.28096 13.9491
      vertex -2.07264 1.50586 13.9491
    endloop
  endfacet
  facet normal -0.822566 0.534214 0.194937
    outer loop
      vertex -2.10344 1.52824 13.7578
      vertex -2.25167 1.3 13.7578
      vertex -2.2187 1.28096 13.9491
    endloop
  endfacet
  facet normal -0.495181 0.252327 0.83134
    outer loop
      vertex -2.12483 1.22677 14.1114
      vertex -2.24143 0.997947 14.1114
      vertex -2.09323 0.931968 14.2197
    endloop
  endfacet
  facet normal -0.915671 0.35149 0.194938
    outer loop
      vertex -2.34044 1.04203 13.9491
      vertex -2.47275 0.803444 13.7578
      vertex -2.43654 0.791679 13.9491
    endloop
  endfacet
  facet normal -0.518853 0.199158 0.831341
    outer loop
      vertex -2.24143 0.997947 14.1114
      vertex -2.33346 0.758187 14.1114
      vertex -2.09323 0.931968 14.2197
    endloop
  endfacet
  facet normal -0.776722 0.298139 0.554812
    outer loop
      vertex -2.24143 0.997947 14.1114
      vertex -2.34044 1.04203 13.9491
      vertex -2.33346 0.758187 14.1114
    endloop
  endfacet
  facet normal 0.76223 0.617245 0.194974
    outer loop
      vertex 1.93218 1.73974 13.7578
      vertex 1.90388 1.71426 13.9491
      vertex 2.07264 1.50586 13.9491
    endloop
  endfacet
  facet normal 0.762254 0.617227 0.194934
    outer loop
      vertex 2.10344 1.52824 13.7578
      vertex 1.93218 1.73974 13.7578
      vertex 2.07264 1.50586 13.9491
    endloop
  endfacet
  facet normal 0.431934 0.34976 0.831325
    outer loop
      vertex 1.82334 1.64174 14.1114
      vertex 1.70279 1.5332 14.2197
      vertex 1.85372 1.34681 14.2197
    endloop
  endfacet
  facet normal 0.431911 0.349762 0.831336
    outer loop
      vertex 1.98496 1.44216 14.1114
      vertex 1.82334 1.64174 14.1114
      vertex 1.85372 1.34681 14.2197
    endloop
  endfacet
  facet normal 0.965932 0.258795 0
    outer loop
      vertex 2.54318 0.54057 13.7578
      vertex 2.47275 0.803444 13.25
      vertex 2.47275 0.803444 13.7578
    endloop
  endfacet
  facet normal 0.965932 0.258795 0
    outer loop
      vertex 2.47275 0.803444 13.25
      vertex 2.54318 0.54057 13.7578
      vertex 2.54318 0.54057 13.25
    endloop
  endfacet
  facet normal 0.518859 -0.19917 0.831334
    outer loop
      vertex 2.17918 -0.708059 14.2197
      vertex 2.09323 -0.931968 14.2197
      vertex 2.33346 -0.758187 14.1114
    endloop
  endfacet
  facet normal 0.518853 -0.199158 0.831341
    outer loop
      vertex 2.33346 -0.758187 14.1114
      vertex 2.09323 -0.931968 14.2197
      vertex 2.24143 -0.997947 14.1114
    endloop
  endfacet
  facet normal 0.803629 -0.215334 0.554808
    outer loop
      vertex 2.39993 -0.51012 14.1114
      vertex 2.33346 -0.758187 14.1114
      vertex 2.50594 -0.532655 13.9491
    endloop
  endfacet
  facet normal 0.873914 -0.445278 0.19494
    outer loop
      vertex 2.34044 -1.04203 13.9491
      vertex 2.2187 -1.28096 13.9491
      vertex 2.37522 -1.05752 13.7578
    endloop
  endfacet
  facet normal 0.19529 -0.0102312 0.980692
    outer loop
      vertex 2.1 0 14.2578
      vertex 2.0885 -0.219509 14.2578
      vertex 2.27878 -0.239509 14.2197
    endloop
  endfacet
  facet normal 0.19315 -0.0305928 0.980692
    outer loop
      vertex 2.27878 -0.239509 14.2197
      vertex 2.0885 -0.219509 14.2578
      vertex 2.24126 -0.476394 14.2197
    endloop
  endfacet
  facet normal 0.821726 0.130132 0.554825
    outer loop
      vertex 2.54789 0.267794 13.9491
      vertex 2.39993 0.51012 14.1114
      vertex 2.4401 0.256465 14.1114
    endloop
  endfacet
  facet normal 0.54894 0.0869462 0.831327
    outer loop
      vertex 2.39993 0.51012 14.1114
      vertex 2.24126 0.476394 14.2197
      vertex 2.27878 0.239509 14.2197
    endloop
  endfacet
  facet normal 0.803629 0.215334 0.554808
    outer loop
      vertex 2.50594 0.532655 13.9491
      vertex 2.33346 0.758187 14.1114
      vertex 2.39993 0.51012 14.1114
    endloop
  endfacet
  facet normal 0.821736 0.130151 0.554807
    outer loop
      vertex 2.50594 0.532655 13.9491
      vertex 2.39993 0.51012 14.1114
      vertex 2.54789 0.267794 13.9491
    endloop
  endfacet
  facet normal -0.123079 -0.151976 0.980691
    outer loop
      vertex -1.23435 -1.69894 14.2578
      vertex -1.40517 -1.5606 14.2578
      vertex -1.34681 -1.85372 14.2197
    endloop
  endfacet
  facet normal 0.697725 0.453134 0.554842
    outer loop
      vertex 2.2187 1.28096 13.9491
      vertex 2.07264 1.50586 13.9491
      vertex 2.12483 1.22677 14.1114
    endloop
  endfacet
  facet normal 0.697769 0.453117 0.5548
    outer loop
      vertex 2.07264 1.50586 13.9491
      vertex 1.98496 1.44216 14.1114
      vertex 2.12483 1.22677 14.1114
    endloop
  endfacet
  facet normal 0.188898 0.0506139 0.980692
    outer loop
      vertex 2.17918 0.708059 14.2197
      vertex 1.99722 0.648935 14.2578
      vertex 2.05411 0.436614 14.2578
    endloop
  endfacet
  facet normal 0.18889 0.0506175 0.980693
    outer loop
      vertex 2.17918 0.708059 14.2197
      vertex 2.05411 0.436614 14.2578
      vertex 2.24126 0.476394 14.2197
    endloop
  endfacet
  facet normal 0.298148 0.776707 0.554828
    outer loop
      vertex 0.791679 2.43654 13.9491
      vertex 0.758187 2.33346 14.1114
      vertex 1.04203 2.34044 13.9491
    endloop
  endfacet
  facet normal 0.215313 0.803621 0.554828
    outer loop
      vertex 0.791679 2.43654 13.9491
      vertex 0.532655 2.50594 13.9491
      vertex 0.758187 2.33346 14.1114
    endloop
  endfacet
  facet normal 0.253831 0.947403 0.194931
    outer loop
      vertex 0.54057 2.54318 13.7578
      vertex 0.532655 2.50594 13.9491
      vertex 0.803444 2.47275 13.7578
    endloop
  endfacet
  facet normal 0.6293 0.777163 -0
    outer loop
      vertex 1.73974 1.93218 13.25
      vertex 1.52824 2.10344 13.7578
      vertex 1.73974 1.93218 13.7578
    endloop
  endfacet
  facet normal 0.6293 0.777163 0
    outer loop
      vertex 1.52824 2.10344 13.7578
      vertex 1.73974 1.93218 13.25
      vertex 1.52824 2.10344 13.25
    endloop
  endfacet
  facet normal 0.693536 0.693536 0.194973
    outer loop
      vertex 1.71426 1.90388 13.9491
      vertex 1.93218 1.73974 13.7578
      vertex 1.73974 1.93218 13.7578
    endloop
  endfacet
  facet normal 0.693536 0.693536 0.194973
    outer loop
      vertex 1.93218 1.73974 13.7578
      vertex 1.71426 1.90388 13.9491
      vertex 1.90388 1.71426 13.9491
    endloop
  endfacet
  facet normal 0.302705 0.466118 0.831326
    outer loop
      vertex 1.22677 2.12483 14.1114
      vertex 1.14566 1.98435 14.2197
      vertex 1.34681 1.85372 14.2197
    endloop
  endfacet
  facet normal 0.302685 0.466113 0.831336
    outer loop
      vertex 1.44216 1.98496 14.1114
      vertex 1.22677 2.12483 14.1114
      vertex 1.34681 1.85372 14.2197
    endloop
  endfacet
  facet normal 0.0290819 -0.555009 0.831336
    outer loop
      vertex 0 -2.29133 14.2197
      vertex 0 -2.45355 14.1114
      vertex 0.239509 -2.27878 14.2197
    endloop
  endfacet
  facet normal 0.99863 -0.0523249 0
    outer loop
      vertex 2.58576 -0.271773 13.7578
      vertex 2.6 0 13.25
      vertex 2.6 0 13.7578
    endloop
  endfacet
  facet normal 0.99863 -0.0523249 0
    outer loop
      vertex 2.6 0 13.25
      vertex 2.58576 -0.271773 13.7578
      vertex 2.58576 -0.271773 13.25
    endloop
  endfacet
  facet normal 0.979474 -0.0513522 0.194922
    outer loop
      vertex 2.56193 0 13.9491
      vertex 2.54789 -0.267794 13.9491
      vertex 2.6 0 13.7578
    endloop
  endfacet
  facet normal 0.979474 0.0513522 0.194922
    outer loop
      vertex 2.6 0 13.7578
      vertex 2.54789 0.267794 13.9491
      vertex 2.56193 0 13.9491
    endloop
  endfacet
  facet normal 0.821726 -0.130132 0.554825
    outer loop
      vertex 2.4401 -0.256465 14.1114
      vertex 2.39993 -0.51012 14.1114
      vertex 2.54789 -0.267794 13.9491
    endloop
  endfacet
  facet normal 0.830825 -0.0435716 0.554826
    outer loop
      vertex 2.45355 0 14.1114
      vertex 2.4401 -0.256465 14.1114
      vertex 2.54789 -0.267794 13.9491
    endloop
  endfacet
  facet normal 0.143849 -0.536845 0.831327
    outer loop
      vertex 0.758187 -2.33346 14.1114
      vertex 0.476394 -2.24126 14.2197
      vertex 0.51012 -2.39993 14.1114
    endloop
  endfacet
  facet normal 0.253836 -0.9474 0.194938
    outer loop
      vertex 0.791679 -2.43654 13.9491
      vertex 0.532655 -2.50594 13.9491
      vertex 0.803444 -2.47275 13.7578
    endloop
  endfacet
  facet normal -0.19917 -0.518859 0.831334
    outer loop
      vertex -0.708059 -2.17918 14.2197
      vertex -0.931968 -2.09323 14.2197
      vertex -0.758187 -2.33346 14.1114
    endloop
  endfacet
  facet normal -0.0869462 -0.54894 0.831327
    outer loop
      vertex -0.476394 -2.24126 14.2197
      vertex -0.51012 -2.39993 14.1114
      vertex -0.239509 -2.27878 14.2197
    endloop
  endfacet
  facet normal 0.0291081 -0.555035 0.831318
    outer loop
      vertex 0.239509 -2.27878 14.2197
      vertex 0 -2.45355 14.1114
      vertex 0.256465 -2.4401 14.1114
    endloop
  endfacet
  facet normal -0.0305949 -0.193146 0.980693
    outer loop
      vertex -0.436614 -2.05411 14.2578
      vertex -0.476394 -2.24126 14.2197
      vertex -0.219509 -2.0885 14.2578
    endloop
  endfacet
  facet normal -0.377732 -0.741284 0.554812
    outer loop
      vertex -0.997947 -2.24143 14.1114
      vertex -1.22677 -2.12483 14.1114
      vertex -1.04203 -2.34044 13.9491
    endloop
  endfacet
  facet normal -0.35149 -0.915671 0.194938
    outer loop
      vertex -0.791679 -2.43654 13.9491
      vertex -1.04203 -2.34044 13.9491
      vertex -0.803444 -2.47275 13.7578
    endloop
  endfacet
  facet normal 0.123079 -0.151976 0.980691
    outer loop
      vertex 1.40517 -1.5606 14.2578
      vertex 1.23435 -1.69894 14.2578
      vertex 1.34681 -1.85372 14.2197
    endloop
  endfacet
  facet normal -0.302685 -0.466113 0.831336
    outer loop
      vertex -1.34681 -1.85372 14.2197
      vertex -1.44216 -1.98496 14.1114
      vertex -1.22677 -2.12483 14.1114
    endloop
  endfacet
  facet normal -0.523584 -0.646568 0.554805
    outer loop
      vertex -1.64174 -1.82334 14.1114
      vertex -1.71426 -1.90388 13.9491
      vertex -1.50586 -2.07264 13.9491
    endloop
  endfacet
  facet normal -0.377697 -0.741278 0.554844
    outer loop
      vertex -1.22677 -2.12483 14.1114
      vertex -1.28096 -2.2187 13.9491
      vertex -1.04203 -2.34044 13.9491
    endloop
  endfacet
  facet normal -0.445278 -0.873914 0.19494
    outer loop
      vertex -1.04203 -2.34044 13.9491
      vertex -1.28096 -2.2187 13.9491
      vertex -1.05752 -2.37522 13.7578
    endloop
  endfacet
  facet normal -0.106507 -0.164017 0.980691
    outer loop
      vertex -1.23435 -1.69894 14.2578
      vertex -1.34681 -1.85372 14.2197
      vertex -1.05 -1.81865 14.2578
    endloop
  endfacet
  facet normal 0.0506175 -0.18889 0.980693
    outer loop
      vertex 0.708059 -2.17918 14.2197
      vertex 0.436614 -2.05411 14.2578
      vertex 0.476394 -2.24126 14.2197
    endloop
  endfacet
  facet normal -0.106508 -0.164006 0.980693
    outer loop
      vertex -1.05 -1.81865 14.2578
      vertex -1.34681 -1.85372 14.2197
      vertex -1.14566 -1.98435 14.2197
    endloop
  endfacet
  facet normal 0.777163 -0.6293 0
    outer loop
      vertex 1.93218 -1.73974 13.7578
      vertex 2.10344 -1.52824 13.25
      vertex 2.10344 -1.52824 13.7578
    endloop
  endfacet
  facet normal 0.777163 -0.6293 0
    outer loop
      vertex 2.10344 -1.52824 13.25
      vertex 1.93218 -1.73974 13.7578
      vertex 1.93218 -1.73974 13.25
    endloop
  endfacet
  facet normal 0.6293 -0.777163 0
    outer loop
      vertex 1.52824 -2.10344 13.25
      vertex 1.73974 -1.93218 13.7578
      vertex 1.52824 -2.10344 13.7578
    endloop
  endfacet
  facet normal 0.6293 -0.777163 0
    outer loop
      vertex 1.73974 -1.93218 13.7578
      vertex 1.52824 -2.10344 13.25
      vertex 1.73974 -1.93218 13.25
    endloop
  endfacet
  facet normal 0.0700855 0.182563 0.980693
    outer loop
      vertex 0.931968 2.09323 14.2197
      vertex 0.648935 1.99722 14.2578
      vertex 0.854146 1.91844 14.2578
    endloop
  endfacet
  facet normal 0.0506139 0.188898 0.980692
    outer loop
      vertex 0.708059 2.17918 14.2197
      vertex 0.436614 2.05411 14.2578
      vertex 0.648935 1.99722 14.2578
    endloop
  endfacet
  facet normal 0.466118 -0.302705 0.831326
    outer loop
      vertex 1.98435 -1.14566 14.2197
      vertex 1.85372 -1.34681 14.2197
      vertex 2.12483 -1.22677 14.1114
    endloop
  endfacet
  facet normal 0.164006 -0.106508 0.980693
    outer loop
      vertex 1.98435 -1.14566 14.2197
      vertex 1.81865 -1.05 14.2578
      vertex 1.85372 -1.34681 14.2197
    endloop
  endfacet
  facet normal 0.215313 -0.803621 0.554828
    outer loop
      vertex 0.758187 -2.33346 14.1114
      vertex 0.532655 -2.50594 13.9491
      vertex 0.791679 -2.43654 13.9491
    endloop
  endfacet
  facet normal 0.349762 -0.431911 0.831336
    outer loop
      vertex 1.64174 -1.82334 14.1114
      vertex 1.34681 -1.85372 14.2197
      vertex 1.44216 -1.98496 14.1114
    endloop
  endfacet
  facet normal -0.697769 0.453117 0.5548
    outer loop
      vertex -2.07264 1.50586 13.9491
      vertex -2.12483 1.22677 14.1114
      vertex -1.98496 1.44216 14.1114
    endloop
  endfacet
  facet normal -0.466113 0.302685 0.831336
    outer loop
      vertex -1.98496 1.44216 14.1114
      vertex -2.12483 1.22677 14.1114
      vertex -1.85372 1.34681 14.2197
    endloop
  endfacet
  facet normal -0.0102329 0.195288 0.980693
    outer loop
      vertex 0 2.29133 14.2197
      vertex -0.239509 2.27878 14.2197
      vertex 0 2.1 14.2578
    endloop
  endfacet
  facet normal -0.0290819 0.555009 0.831336
    outer loop
      vertex 0 2.45355 14.1114
      vertex -0.239509 2.27878 14.2197
      vertex 0 2.29133 14.2197
    endloop
  endfacet
  facet normal 0.0869353 0.548956 0.831318
    outer loop
      vertex 0.256465 2.4401 14.1114
      vertex 0.239509 2.27878 14.2197
      vertex 0.51012 2.39993 14.1114
    endloop
  endfacet
  facet normal 0.0291081 0.555035 0.831318
    outer loop
      vertex 0.256465 2.4401 14.1114
      vertex 0 2.45355 14.1114
      vertex 0.239509 2.27878 14.2197
    endloop
  endfacet
  facet normal -0.466113 -0.302685 0.831336
    outer loop
      vertex -1.85372 -1.34681 14.2197
      vertex -2.12483 -1.22677 14.1114
      vertex -1.98496 -1.44216 14.1114
    endloop
  endfacet
  facet normal -0.431911 -0.349762 0.831336
    outer loop
      vertex -1.85372 -1.34681 14.2197
      vertex -1.98496 -1.44216 14.1114
      vertex -1.82334 -1.64174 14.1114
    endloop
  endfacet
  facet normal -0.536845 0.143849 0.831327
    outer loop
      vertex -2.33346 0.758187 14.1114
      vertex -2.39993 0.51012 14.1114
      vertex -2.24126 0.476394 14.2197
    endloop
  endfacet
  facet normal -0.536831 0.143856 0.831335
    outer loop
      vertex -2.17918 0.708059 14.2197
      vertex -2.33346 0.758187 14.1114
      vertex -2.24126 0.476394 14.2197
    endloop
  endfacet
  facet normal 0.979467 0.0513208 0.194964
    outer loop
      vertex 2.58576 0.271773 13.7578
      vertex 2.54789 0.267794 13.9491
      vertex 2.6 0 13.7578
    endloop
  endfacet
  facet normal 0.803621 -0.215313 0.554828
    outer loop
      vertex 2.50594 -0.532655 13.9491
      vertex 2.33346 -0.758187 14.1114
      vertex 2.43654 -0.791679 13.9491
    endloop
  endfacet
  facet normal 0.536845 -0.143849 0.831327
    outer loop
      vertex 2.39993 -0.51012 14.1114
      vertex 2.24126 -0.476394 14.2197
      vertex 2.33346 -0.758187 14.1114
    endloop
  endfacet
  facet normal 0.776707 -0.298148 0.554828
    outer loop
      vertex 2.43654 -0.791679 13.9491
      vertex 2.33346 -0.758187 14.1114
      vertex 2.34044 -1.04203 13.9491
    endloop
  endfacet
  facet normal 0.776722 -0.298139 0.554812
    outer loop
      vertex 2.33346 -0.758187 14.1114
      vertex 2.24143 -0.997947 14.1114
      vertex 2.34044 -1.04203 13.9491
    endloop
  endfacet
  facet normal 0.9474 -0.253836 0.194938
    outer loop
      vertex 2.50594 -0.532655 13.9491
      vertex 2.43654 -0.791679 13.9491
      vertex 2.47275 -0.803444 13.7578
    endloop
  endfacet
  facet normal 0.947403 -0.253831 0.194931
    outer loop
      vertex 2.50594 -0.532655 13.9491
      vertex 2.47275 -0.803444 13.7578
      vertex 2.54318 -0.54057 13.7578
    endloop
  endfacet
  facet normal 0.555035 0.0291081 0.831318
    outer loop
      vertex 2.4401 0.256465 14.1114
      vertex 2.27878 0.239509 14.2197
      vertex 2.45355 0 14.1114
    endloop
  endfacet
  facet normal 0.830825 0.0435716 0.554826
    outer loop
      vertex 2.54789 0.267794 13.9491
      vertex 2.4401 0.256465 14.1114
      vertex 2.45355 0 14.1114
    endloop
  endfacet
  facet normal 0.466118 0.302705 0.831326
    outer loop
      vertex 2.12483 1.22677 14.1114
      vertex 1.85372 1.34681 14.2197
      vertex 1.98435 1.14566 14.2197
    endloop
  endfacet
  facet normal 0.164006 0.106508 0.980693
    outer loop
      vertex 1.85372 1.34681 14.2197
      vertex 1.81865 1.05 14.2578
      vertex 1.98435 1.14566 14.2197
    endloop
  endfacet
  facet normal 0.518853 0.199158 0.831341
    outer loop
      vertex 2.24143 0.997947 14.1114
      vertex 2.09323 0.931968 14.2197
      vertex 2.33346 0.758187 14.1114
    endloop
  endfacet
  facet normal 0.776722 0.298139 0.554812
    outer loop
      vertex 2.34044 1.04203 13.9491
      vertex 2.24143 0.997947 14.1114
      vertex 2.33346 0.758187 14.1114
    endloop
  endfacet
  facet normal 0.544663 0.838655 -0
    outer loop
      vertex 1.52824 2.10344 13.25
      vertex 1.3 2.25167 13.7578
      vertex 1.52824 2.10344 13.7578
    endloop
  endfacet
  facet normal 0.544663 0.838655 0
    outer loop
      vertex 1.3 2.25167 13.7578
      vertex 1.52824 2.10344 13.25
      vertex 1.3 2.25167 13.25
    endloop
  endfacet
  facet normal 0.453991 0.891006 -0
    outer loop
      vertex 1.3 2.25167 13.25
      vertex 1.05752 2.37522 13.7578
      vertex 1.3 2.25167 13.7578
    endloop
  endfacet
  facet normal 0.453991 0.891006 0
    outer loop
      vertex 1.05752 2.37522 13.7578
      vertex 1.3 2.25167 13.25
      vertex 1.05752 2.37522 13.25
    endloop
  endfacet
  facet normal 0.153456 -0.968731 0.194963
    outer loop
      vertex 0.54057 -2.54318 13.7578
      vertex 0.267794 -2.54789 13.9491
      vertex 0.271773 -2.58576 13.7578
    endloop
  endfacet
  facet normal -0.143849 -0.536845 0.831327
    outer loop
      vertex -0.476394 -2.24126 14.2197
      vertex -0.758187 -2.33346 14.1114
      vertex -0.51012 -2.39993 14.1114
    endloop
  endfacet
  facet normal -0.215313 -0.803621 0.554828
    outer loop
      vertex -0.758187 -2.33346 14.1114
      vertex -0.791679 -2.43654 13.9491
      vertex -0.532655 -2.50594 13.9491
    endloop
  endfacet
  facet normal -0.0513522 -0.979474 0.194922
    outer loop
      vertex 0 -2.56193 13.9491
      vertex -0.267794 -2.54789 13.9491
      vertex 0 -2.6 13.7578
    endloop
  endfacet
  facet normal 0.0513522 -0.979474 0.194922
    outer loop
      vertex 0 -2.56193 13.9491
      vertex 0 -2.6 13.7578
      vertex 0.267794 -2.54789 13.9491
    endloop
  endfacet
  facet normal 0.0869353 -0.548956 0.831318
    outer loop
      vertex 0.51012 -2.39993 14.1114
      vertex 0.239509 -2.27878 14.2197
      vertex 0.256465 -2.4401 14.1114
    endloop
  endfacet
  facet normal 0.130132 -0.821726 0.554825
    outer loop
      vertex 0.51012 -2.39993 14.1114
      vertex 0.256465 -2.4401 14.1114
      vertex 0.267794 -2.54789 13.9491
    endloop
  endfacet
  facet normal -0.0435593 -0.830835 0.554811
    outer loop
      vertex 0 -2.45355 14.1114
      vertex -0.267794 -2.54789 13.9491
      vertex 0 -2.56193 13.9491
    endloop
  endfacet
  facet normal 0.0435593 -0.830835 0.554811
    outer loop
      vertex 0 -2.45355 14.1114
      vertex 0 -2.56193 13.9491
      vertex 0.267794 -2.54789 13.9491
    endloop
  endfacet
  facet normal -0.0506139 -0.188898 0.980692
    outer loop
      vertex -0.648935 -1.99722 14.2578
      vertex -0.708059 -2.17918 14.2197
      vertex -0.436614 -2.05411 14.2578
    endloop
  endfacet
  facet normal -0.0700823 -0.182572 0.980692
    outer loop
      vertex -0.648935 -1.99722 14.2578
      vertex -0.931968 -2.09323 14.2197
      vertex -0.708059 -2.17918 14.2197
    endloop
  endfacet
  facet normal -0.298139 -0.776722 0.554812
    outer loop
      vertex -0.997947 -2.24143 14.1114
      vertex -1.04203 -2.34044 13.9491
      vertex -0.758187 -2.33346 14.1114
    endloop
  endfacet
  facet normal -0.199158 -0.518853 0.831341
    outer loop
      vertex -0.931968 -2.09323 14.2197
      vertex -0.997947 -2.24143 14.1114
      vertex -0.758187 -2.33346 14.1114
    endloop
  endfacet
  facet normal 0.0305928 -0.19315 0.980692
    outer loop
      vertex 0.476394 -2.24126 14.2197
      vertex 0.219509 -2.0885 14.2578
      vertex 0.239509 -2.27878 14.2197
    endloop
  endfacet
  facet normal -0.523591 -0.646568 0.554799
    outer loop
      vertex -1.44216 -1.98496 14.1114
      vertex -1.64174 -1.82334 14.1114
      vertex -1.50586 -2.07264 13.9491
    endloop
  endfacet
  facet normal -0.453117 -0.697769 0.5548
    outer loop
      vertex -1.44216 -1.98496 14.1114
      vertex -1.50586 -2.07264 13.9491
      vertex -1.22677 -2.12483 14.1114
    endloop
  endfacet
  facet normal 0.646568 -0.523591 0.554799
    outer loop
      vertex 1.98496 -1.44216 14.1114
      vertex 1.82334 -1.64174 14.1114
      vertex 2.07264 -1.50586 13.9491
    endloop
  endfacet
  facet normal 0.693536 -0.693536 0.194973
    outer loop
      vertex 1.71426 -1.90388 13.9491
      vertex 1.93218 -1.73974 13.7578
      vertex 1.90388 -1.71426 13.9491
    endloop
  endfacet
  facet normal 0.693536 -0.693536 0.194973
    outer loop
      vertex 1.93218 -1.73974 13.7578
      vertex 1.71426 -1.90388 13.9491
      vertex 1.73974 -1.93218 13.7578
    endloop
  endfacet
  facet normal 0.302685 -0.466113 0.831336
    outer loop
      vertex 1.34681 -1.85372 14.2197
      vertex 1.22677 -2.12483 14.1114
      vertex 1.44216 -1.98496 14.1114
    endloop
  endfacet
  facet normal 0.302705 -0.466118 0.831326
    outer loop
      vertex 1.34681 -1.85372 14.2197
      vertex 1.14566 -1.98435 14.2197
      vertex 1.22677 -2.12483 14.1114
    endloop
  endfacet
  facet normal 0.393001 -0.393001 0.831325
    outer loop
      vertex 1.70279 -1.5332 14.2197
      vertex 1.64174 -1.82334 14.1114
      vertex 1.82334 -1.64174 14.1114
    endloop
  endfacet
  facet normal 0.393001 -0.393001 0.831325
    outer loop
      vertex 1.64174 -1.82334 14.1114
      vertex 1.70279 -1.5332 14.2197
      vertex 1.5332 -1.70279 14.2197
    endloop
  endfacet
  facet normal 0.143856 0.536831 0.831335
    outer loop
      vertex 0.758187 2.33346 14.1114
      vertex 0.476394 2.24126 14.2197
      vertex 0.708059 2.17918 14.2197
    endloop
  endfacet
  facet normal 0.143849 0.536845 0.831327
    outer loop
      vertex 0.51012 2.39993 14.1114
      vertex 0.476394 2.24126 14.2197
      vertex 0.758187 2.33346 14.1114
    endloop
  endfacet
  facet normal 0.534214 0.822566 0.194937
    outer loop
      vertex 1.3 2.25167 13.7578
      vertex 1.28096 2.2187 13.9491
      vertex 1.52824 2.10344 13.7578
    endloop
  endfacet
  facet normal 0.445282 0.873913 0.194935
    outer loop
      vertex 1.3 2.25167 13.7578
      vertex 1.05752 2.37522 13.7578
      vertex 1.28096 2.2187 13.9491
    endloop
  endfacet
  facet normal -0.130151 -0.821736 0.554807
    outer loop
      vertex -0.51012 -2.39993 14.1114
      vertex -0.532655 -2.50594 13.9491
      vertex -0.267794 -2.54789 13.9491
    endloop
  endfacet
  facet normal -0.130132 -0.821726 0.554825
    outer loop
      vertex -0.256465 -2.4401 14.1114
      vertex -0.51012 -2.39993 14.1114
      vertex -0.267794 -2.54789 13.9491
    endloop
  endfacet
  facet normal 0.0102329 -0.195288 0.980693
    outer loop
      vertex 0 -2.1 14.2578
      vertex 0 -2.29133 14.2197
      vertex 0.239509 -2.27878 14.2197
    endloop
  endfacet
  facet normal -0.0869353 -0.548956 0.831318
    outer loop
      vertex -0.239509 -2.27878 14.2197
      vertex -0.51012 -2.39993 14.1114
      vertex -0.256465 -2.4401 14.1114
    endloop
  endfacet
  facet normal 0 0 1
    outer loop
      vertex 2.0885 0.219509 14.2578
      vertex 2.0885 -0.219509 14.2578
      vertex 2.1 0 14.2578
    endloop
  endfacet
  facet normal 0 0 1
    outer loop
      vertex 2.05411 0.436614 14.2578
      vertex 2.0885 -0.219509 14.2578
      vertex 2.0885 0.219509 14.2578
    endloop
  endfacet
  facet normal 0 0 1
    outer loop
      vertex 2.05411 0.436614 14.2578
      vertex 2.05411 -0.436614 14.2578
      vertex 2.0885 -0.219509 14.2578
    endloop
  endfacet
  facet normal 0 0 1
    outer loop
      vertex 1.99722 0.648935 14.2578
      vertex 2.05411 -0.436614 14.2578
      vertex 2.05411 0.436614 14.2578
    endloop
  endfacet
  facet normal 0 0 1
    outer loop
      vertex 1.99722 0.648935 14.2578
      vertex 1.99722 -0.648935 14.2578
      vertex 2.05411 -0.436614 14.2578
    endloop
  endfacet
  facet normal 0 0 1
    outer loop
      vertex 1.91844 0.854146 14.2578
      vertex 1.99722 -0.648935 14.2578
      vertex 1.99722 0.648935 14.2578
    endloop
  endfacet
  facet normal 0 0 1
    outer loop
      vertex 1.91844 0.854146 14.2578
      vertex 1.91844 -0.854146 14.2578
      vertex 1.99722 -0.648935 14.2578
    endloop
  endfacet
  facet normal 0 0 1
    outer loop
      vertex 1.81865 1.05 14.2578
      vertex 1.91844 -0.854146 14.2578
      vertex 1.91844 0.854146 14.2578
    endloop
  endfacet
  facet normal 0 0 1
    outer loop
      vertex 1.81865 1.05 14.2578
      vertex 1.81865 -1.05 14.2578
      vertex 1.91844 -0.854146 14.2578
    endloop
  endfacet
  facet normal 0 0 1
    outer loop
      vertex 1.69894 1.23435 14.2578
      vertex 1.81865 -1.05 14.2578
      vertex 1.81865 1.05 14.2578
    endloop
  endfacet
  facet normal 0 0 1
    outer loop
      vertex 1.69894 1.23435 14.2578
      vertex 1.69894 -1.23435 14.2578
      vertex 1.81865 -1.05 14.2578
    endloop
  endfacet
  facet normal 0 0 1
    outer loop
      vertex 1.5606 1.40517 14.2578
      vertex 1.69894 -1.23435 14.2578
      vertex 1.69894 1.23435 14.2578
    endloop
  endfacet
  facet normal 0 0 1
    outer loop
      vertex 1.5606 1.40517 14.2578
      vertex 1.5606 -1.40517 14.2578
      vertex 1.69894 -1.23435 14.2578
    endloop
  endfacet
  facet normal 0 0 1
    outer loop
      vertex 1.40517 1.5606 14.2578
      vertex 1.5606 -1.40517 14.2578
      vertex 1.5606 1.40517 14.2578
    endloop
  endfacet
  facet normal 0 0 1
    outer loop
      vertex 1.40517 1.5606 14.2578
      vertex 1.40517 -1.5606 14.2578
      vertex 1.5606 -1.40517 14.2578
    endloop
  endfacet
  facet normal 0 0 1
    outer loop
      vertex 1.23435 1.69894 14.2578
      vertex 1.40517 -1.5606 14.2578
      vertex 1.40517 1.5606 14.2578
    endloop
  endfacet
  facet normal 0 0 1
    outer loop
      vertex 1.23435 1.69894 14.2578
      vertex 1.23435 -1.69894 14.2578
      vertex 1.40517 -1.5606 14.2578
    endloop
  endfacet
  facet normal 0 0 1
    outer loop
      vertex 1.05 1.81865 14.2578
      vertex 1.23435 -1.69894 14.2578
      vertex 1.23435 1.69894 14.2578
    endloop
  endfacet
  facet normal 0 0 1
    outer loop
      vertex 1.05 1.81865 14.2578
      vertex 1.05 -1.81865 14.2578
      vertex 1.23435 -1.69894 14.2578
    endloop
  endfacet
  facet normal 0 0 1
    outer loop
      vertex 0.854146 1.91844 14.2578
      vertex 1.05 -1.81865 14.2578
      vertex 1.05 1.81865 14.2578
    endloop
  endfacet
  facet normal 0 0 1
    outer loop
      vertex 0.854146 1.91844 14.2578
      vertex 0.854146 -1.91844 14.2578
      vertex 1.05 -1.81865 14.2578
    endloop
  endfacet
  facet normal 0 0 1
    outer loop
      vertex 0.648935 1.99722 14.2578
      vertex 0.854146 -1.91844 14.2578
      vertex 0.854146 1.91844 14.2578
    endloop
  endfacet
  facet normal 0 0 1
    outer loop
      vertex 0.648935 1.99722 14.2578
      vertex 0.648935 -1.99722 14.2578
      vertex 0.854146 -1.91844 14.2578
    endloop
  endfacet
  facet normal 0 0 1
    outer loop
      vertex 0.436614 2.05411 14.2578
      vertex 0.648935 -1.99722 14.2578
      vertex 0.648935 1.99722 14.2578
    endloop
  endfacet
  facet normal 0 0 1
    outer loop
      vertex 0.436614 2.05411 14.2578
      vertex 0.436614 -2.05411 14.2578
      vertex 0.648935 -1.99722 14.2578
    endloop
  endfacet
  facet normal 0 0 1
    outer loop
      vertex 0.219509 2.0885 14.2578
      vertex 0.436614 -2.05411 14.2578
      vertex 0.436614 2.05411 14.2578
    endloop
  endfacet
  facet normal 0 0 1
    outer loop
      vertex 0.219509 2.0885 14.2578
      vertex 0.219509 -2.0885 14.2578
      vertex 0.436614 -2.05411 14.2578
    endloop
  endfacet
  facet normal 0 0 1
    outer loop
      vertex 0 2.1 14.2578
      vertex 0.219509 -2.0885 14.2578
      vertex 0.219509 2.0885 14.2578
    endloop
  endfacet
  facet normal 0 0 1
    outer loop
      vertex 0 2.1 14.2578
      vertex 0 -2.1 14.2578
      vertex 0.219509 -2.0885 14.2578
    endloop
  endfacet
  facet normal -0 0 1
    outer loop
      vertex -0.219509 2.0885 14.2578
      vertex 0 -2.1 14.2578
      vertex 0 2.1 14.2578
    endloop
  endfacet
  facet normal 0 0 1
    outer loop
      vertex -0.219509 2.0885 14.2578
      vertex -0.219509 -2.0885 14.2578
      vertex 0 -2.1 14.2578
    endloop
  endfacet
  facet normal -0 0 1
    outer loop
      vertex -0.436614 2.05411 14.2578
      vertex -0.219509 -2.0885 14.2578
      vertex -0.219509 2.0885 14.2578
    endloop
  endfacet
  facet normal 0 0 1
    outer loop
      vertex -0.436614 2.05411 14.2578
      vertex -0.436614 -2.05411 14.2578
      vertex -0.219509 -2.0885 14.2578
    endloop
  endfacet
  facet normal -0 0 1
    outer loop
      vertex -0.648935 1.99722 14.2578
      vertex -0.436614 -2.05411 14.2578
      vertex -0.436614 2.05411 14.2578
    endloop
  endfacet
  facet normal 0 0 1
    outer loop
      vertex -0.648935 1.99722 14.2578
      vertex -0.648935 -1.99722 14.2578
      vertex -0.436614 -2.05411 14.2578
    endloop
  endfacet
  facet normal -0 0 1
    outer loop
      vertex -0.854146 1.91844 14.2578
      vertex -0.648935 -1.99722 14.2578
      vertex -0.648935 1.99722 14.2578
    endloop
  endfacet
  facet normal 0 0 1
    outer loop
      vertex -0.854146 1.91844 14.2578
      vertex -0.854146 -1.91844 14.2578
      vertex -0.648935 -1.99722 14.2578
    endloop
  endfacet
  facet normal -0 0 1
    outer loop
      vertex -1.05 1.81865 14.2578
      vertex -0.854146 -1.91844 14.2578
      vertex -0.854146 1.91844 14.2578
    endloop
  endfacet
  facet normal 0 0 1
    outer loop
      vertex -1.05 1.81865 14.2578
      vertex -1.05 -1.81865 14.2578
      vertex -0.854146 -1.91844 14.2578
    endloop
  endfacet
  facet normal -0 0 1
    outer loop
      vertex -1.23435 1.69894 14.2578
      vertex -1.05 -1.81865 14.2578
      vertex -1.05 1.81865 14.2578
    endloop
  endfacet
  facet normal 0 0 1
    outer loop
      vertex -1.23435 1.69894 14.2578
      vertex -1.23435 -1.69894 14.2578
      vertex -1.05 -1.81865 14.2578
    endloop
  endfacet
  facet normal -0 0 1
    outer loop
      vertex -1.40517 1.5606 14.2578
      vertex -1.23435 -1.69894 14.2578
      vertex -1.23435 1.69894 14.2578
    endloop
  endfacet
  facet normal 0 0 1
    outer loop
      vertex -1.40517 1.5606 14.2578
      vertex -1.40517 -1.5606 14.2578
      vertex -1.23435 -1.69894 14.2578
    endloop
  endfacet
  facet normal -0 0 1
    outer loop
      vertex -1.5606 1.40517 14.2578
      vertex -1.40517 -1.5606 14.2578
      vertex -1.40517 1.5606 14.2578
    endloop
  endfacet
  facet normal 0 0 1
    outer loop
      vertex -1.5606 1.40517 14.2578
      vertex -1.5606 -1.40517 14.2578
      vertex -1.40517 -1.5606 14.2578
    endloop
  endfacet
  facet normal -0 0 1
    outer loop
      vertex -1.69894 1.23435 14.2578
      vertex -1.5606 -1.40517 14.2578
      vertex -1.5606 1.40517 14.2578
    endloop
  endfacet
  facet normal 0 0 1
    outer loop
      vertex -1.69894 1.23435 14.2578
      vertex -1.69894 -1.23435 14.2578
      vertex -1.5606 -1.40517 14.2578
    endloop
  endfacet
  facet normal -0 0 1
    outer loop
      vertex -1.81865 1.05 14.2578
      vertex -1.69894 -1.23435 14.2578
      vertex -1.69894 1.23435 14.2578
    endloop
  endfacet
  facet normal 0 0 1
    outer loop
      vertex -1.81865 1.05 14.2578
      vertex -1.81865 -1.05 14.2578
      vertex -1.69894 -1.23435 14.2578
    endloop
  endfacet
  facet normal -0 0 1
    outer loop
      vertex -1.91844 0.854146 14.2578
      vertex -1.81865 -1.05 14.2578
      vertex -1.81865 1.05 14.2578
    endloop
  endfacet
  facet normal 0 0 1
    outer loop
      vertex -1.91844 0.854146 14.2578
      vertex -1.91844 -0.854146 14.2578
      vertex -1.81865 -1.05 14.2578
    endloop
  endfacet
  facet normal -0 0 1
    outer loop
      vertex -1.99722 0.648935 14.2578
      vertex -1.91844 -0.854146 14.2578
      vertex -1.91844 0.854146 14.2578
    endloop
  endfacet
  facet normal 0 0 1
    outer loop
      vertex -1.99722 0.648935 14.2578
      vertex -1.99722 -0.648935 14.2578
      vertex -1.91844 -0.854146 14.2578
    endloop
  endfacet
  facet normal -0 0 1
    outer loop
      vertex -2.05411 0.436614 14.2578
      vertex -1.99722 -0.648935 14.2578
      vertex -1.99722 0.648935 14.2578
    endloop
  endfacet
  facet normal 0 0 1
    outer loop
      vertex -2.05411 0.436614 14.2578
      vertex -2.05411 -0.436614 14.2578
      vertex -1.99722 -0.648935 14.2578
    endloop
  endfacet
  facet normal -0 0 1
    outer loop
      vertex -2.0885 0.219509 14.2578
      vertex -2.05411 -0.436614 14.2578
      vertex -2.05411 0.436614 14.2578
    endloop
  endfacet
  facet normal 0 0 1
    outer loop
      vertex -2.0885 0.219509 14.2578
      vertex -2.0885 -0.219509 14.2578
      vertex -2.05411 -0.436614 14.2578
    endloop
  endfacet
  facet normal 0 -0 1
    outer loop
      vertex -2.0885 -0.219509 14.2578
      vertex -2.0885 0.219509 14.2578
      vertex -2.1 0 14.2578
    endloop
  endfacet
  facet normal 0.617245 -0.76223 0.194974
    outer loop
      vertex 1.71426 -1.90388 13.9491
      vertex 1.50586 -2.07264 13.9491
      vertex 1.73974 -1.93218 13.7578
    endloop
  endfacet
  facet normal 0.453134 -0.697725 0.554842
    outer loop
      vertex 1.50586 -2.07264 13.9491
      vertex 1.22677 -2.12483 14.1114
      vertex 1.28096 -2.2187 13.9491
    endloop
  endfacet
  facet normal 0.646568 -0.523584 0.554805
    outer loop
      vertex 2.07264 -1.50586 13.9491
      vertex 1.82334 -1.64174 14.1114
      vertex 1.90388 -1.71426 13.9491
    endloop
  endfacet
  facet normal 0.453117 -0.697769 0.5548
    outer loop
      vertex 1.44216 -1.98496 14.1114
      vertex 1.22677 -2.12483 14.1114
      vertex 1.50586 -2.07264 13.9491
    endloop
  endfacet
  facet normal 0.523591 -0.646568 0.554799
    outer loop
      vertex 1.64174 -1.82334 14.1114
      vertex 1.44216 -1.98496 14.1114
      vertex 1.50586 -2.07264 13.9491
    endloop
  endfacet
  facet normal 0.358366 -0.933581 0
    outer loop
      vertex 0.803444 -2.47275 13.25
      vertex 1.05752 -2.37522 13.7578
      vertex 0.803444 -2.47275 13.7578
    endloop
  endfacet
  facet normal 0.358366 -0.933581 0
    outer loop
      vertex 1.05752 -2.37522 13.7578
      vertex 0.803444 -2.47275 13.25
      vertex 1.05752 -2.37522 13.25
    endloop
  endfacet
  facet normal 0.35149 -0.915671 0.194938
    outer loop
      vertex 1.04203 -2.34044 13.9491
      vertex 0.791679 -2.43654 13.9491
      vertex 0.803444 -2.47275 13.7578
    endloop
  endfacet
  facet normal 0.143856 -0.536831 0.831335
    outer loop
      vertex 0.708059 -2.17918 14.2197
      vertex 0.476394 -2.24126 14.2197
      vertex 0.758187 -2.33346 14.1114
    endloop
  endfacet
  facet normal -0.0102329 -0.195288 0.980693
    outer loop
      vertex 0 -2.1 14.2578
      vertex -0.239509 -2.27878 14.2197
      vertex 0 -2.29133 14.2197
    endloop
  endfacet
  facet normal -0.0102312 -0.19529 0.980692
    outer loop
      vertex -0.219509 -2.0885 14.2578
      vertex -0.239509 -2.27878 14.2197
      vertex 0 -2.1 14.2578
    endloop
  endfacet
  facet normal 0.588299 -0.588299 0.554806
    outer loop
      vertex 1.64174 -1.82334 14.1114
      vertex 1.90388 -1.71426 13.9491
      vertex 1.82334 -1.64174 14.1114
    endloop
  endfacet
  facet normal 0.588299 -0.588299 0.554806
    outer loop
      vertex 1.90388 -1.71426 13.9491
      vertex 1.64174 -1.82334 14.1114
      vertex 1.71426 -1.90388 13.9491
    endloop
  endfacet
  facet normal 0.377697 -0.741278 0.554844
    outer loop
      vertex 1.22677 -2.12483 14.1114
      vertex 1.04203 -2.34044 13.9491
      vertex 1.28096 -2.2187 13.9491
    endloop
  endfacet
  facet normal 0.534214 -0.822566 0.194937
    outer loop
      vertex 1.52824 -2.10344 13.7578
      vertex 1.28096 -2.2187 13.9491
      vertex 1.3 -2.25167 13.7578
    endloop
  endfacet
  facet normal 0.534212 -0.822568 0.194933
    outer loop
      vertex 1.50586 -2.07264 13.9491
      vertex 1.28096 -2.2187 13.9491
      vertex 1.52824 -2.10344 13.7578
    endloop
  endfacet
  facet normal 0.445278 -0.873914 0.19494
    outer loop
      vertex 1.28096 -2.2187 13.9491
      vertex 1.04203 -2.34044 13.9491
      vertex 1.05752 -2.37522 13.7578
    endloop
  endfacet
  facet normal 0.351491 -0.915671 0.194938
    outer loop
      vertex 1.04203 -2.34044 13.9491
      vertex 0.803444 -2.47275 13.7578
      vertex 1.05752 -2.37522 13.7578
    endloop
  endfacet
  facet normal 0.298148 -0.776707 0.554828
    outer loop
      vertex 1.04203 -2.34044 13.9491
      vertex 0.758187 -2.33346 14.1114
      vertex 0.791679 -2.43654 13.9491
    endloop
  endfacet
  facet normal 0.298139 -0.776722 0.554812
    outer loop
      vertex 0.997947 -2.24143 14.1114
      vertex 0.758187 -2.33346 14.1114
      vertex 1.04203 -2.34044 13.9491
    endloop
  endfacet
  facet normal 0.987685 0.156459 0
    outer loop
      vertex 2.58576 0.271773 -14.25
      vertex 2.54318 0.54057 -14.2578
      vertex 2.54318 0.54057 -14.25
    endloop
  endfacet
  facet normal 0.987685 0.156459 0
    outer loop
      vertex 2.54318 0.54057 -14.2578
      vertex 2.58576 0.271773 -14.25
      vertex 2.58576 0.271773 -14.2578
    endloop
  endfacet
  facet normal 0.987685 -0.156459 0
    outer loop
      vertex 2.54318 -0.54057 -14.25
      vertex 2.58576 -0.271773 -14.2578
      vertex 2.58576 -0.271773 -14.25
    endloop
  endfacet
  facet normal 0.987685 -0.156459 0
    outer loop
      vertex 2.58576 -0.271773 -14.2578
      vertex 2.54318 -0.54057 -14.25
      vertex 2.54318 -0.54057 -14.2578
    endloop
  endfacet
  facet normal 0.99863 -0.0523249 0
    outer loop
      vertex 2.58576 -0.271773 -14.25
      vertex 2.6 0 -14.2578
      vertex 2.6 0 -14.25
    endloop
  endfacet
  facet normal 0.99863 -0.0523249 0
    outer loop
      vertex 2.6 0 -14.2578
      vertex 2.58576 -0.271773 -14.25
      vertex 2.58576 -0.271773 -14.2578
    endloop
  endfacet
  facet normal 0.965932 -0.258795 0
    outer loop
      vertex 2.47275 -0.803444 -14.25
      vertex 2.54318 -0.54057 -14.2578
      vertex 2.54318 -0.54057 -14.25
    endloop
  endfacet
  facet normal 0.965932 -0.258795 0
    outer loop
      vertex 2.54318 -0.54057 -14.2578
      vertex 2.47275 -0.803444 -14.25
      vertex 2.47275 -0.803444 -14.2578
    endloop
  endfacet
  facet normal 0.777163 -0.6293 0
    outer loop
      vertex 1.93218 -1.73974 -14.25
      vertex 2.10344 -1.52824 -14.2578
      vertex 2.10344 -1.52824 -14.25
    endloop
  endfacet
  facet normal 0.777163 -0.6293 0
    outer loop
      vertex 2.10344 -1.52824 -14.2578
      vertex 1.93218 -1.73974 -14.25
      vertex 1.93218 -1.73974 -14.2578
    endloop
  endfacet
  facet normal -0.987685 0.156459 0
    outer loop
      vertex -2.58576 0.271773 -14.2578
      vertex -2.54318 0.54057 -14.25
      vertex -2.54318 0.54057 -14.2578
    endloop
  endfacet
  facet normal -0.987685 0.156459 0
    outer loop
      vertex -2.54318 0.54057 -14.25
      vertex -2.58576 0.271773 -14.2578
      vertex -2.58576 0.271773 -14.25
    endloop
  endfacet
  facet normal -0.965932 -0.258795 0
    outer loop
      vertex -2.47275 -0.803444 -14.2578
      vertex -2.54318 -0.54057 -14.25
      vertex -2.54318 -0.54057 -14.2578
    endloop
  endfacet
  facet normal -0.965932 -0.258795 0
    outer loop
      vertex -2.54318 -0.54057 -14.25
      vertex -2.47275 -0.803444 -14.2578
      vertex -2.47275 -0.803444 -14.25
    endloop
  endfacet
  facet normal 0.258795 -0.965932 0
    outer loop
      vertex 0.54057 -2.54318 -14.2578
      vertex 0.803444 -2.47275 -14.25
      vertex 0.54057 -2.54318 -14.25
    endloop
  endfacet
  facet normal 0.258795 -0.965932 0
    outer loop
      vertex 0.803444 -2.47275 -14.25
      vertex 0.54057 -2.54318 -14.2578
      vertex 0.803444 -2.47275 -14.2578
    endloop
  endfacet
  facet normal 0.0523249 -0.99863 0
    outer loop
      vertex 0 -2.6 -14.2578
      vertex 0.271773 -2.58576 -14.25
      vertex 0 -2.6 -14.25
    endloop
  endfacet
  facet normal 0.0523249 -0.99863 0
    outer loop
      vertex 0.271773 -2.58576 -14.25
      vertex 0 -2.6 -14.2578
      vertex 0.271773 -2.58576 -14.2578
    endloop
  endfacet
  facet normal -0.965932 0.258795 0
    outer loop
      vertex -2.54318 0.54057 -14.2578
      vertex -2.47275 0.803444 -14.25
      vertex -2.47275 0.803444 -14.2578
    endloop
  endfacet
  facet normal -0.965932 0.258795 0
    outer loop
      vertex -2.47275 0.803444 -14.25
      vertex -2.54318 0.54057 -14.2578
      vertex -2.54318 0.54057 -14.25
    endloop
  endfacet
  facet normal 0.99863 0.0523249 0
    outer loop
      vertex 2.6 0 -14.25
      vertex 2.58576 0.271773 -14.2578
      vertex 2.58576 0.271773 -14.25
    endloop
  endfacet
  facet normal 0.99863 0.0523249 0
    outer loop
      vertex 2.58576 0.271773 -14.2578
      vertex 2.6 0 -14.25
      vertex 2.6 0 -14.2578
    endloop
  endfacet
  facet normal -0.156459 -0.987685 0
    outer loop
      vertex -0.54057 -2.54318 -14.2578
      vertex -0.271773 -2.58576 -14.25
      vertex -0.54057 -2.54318 -14.25
    endloop
  endfacet
  facet normal -0.156459 -0.987685 -0
    outer loop
      vertex -0.271773 -2.58576 -14.25
      vertex -0.54057 -2.54318 -14.2578
      vertex -0.271773 -2.58576 -14.2578
    endloop
  endfacet
  facet normal 0.358366 0.933581 -0
    outer loop
      vertex 1.05752 2.37522 -14.2578
      vertex 0.803444 2.47275 -14.25
      vertex 1.05752 2.37522 -14.25
    endloop
  endfacet
  facet normal 0.358366 0.933581 0
    outer loop
      vertex 0.803444 2.47275 -14.25
      vertex 1.05752 2.37522 -14.2578
      vertex 0.803444 2.47275 -14.2578
    endloop
  endfacet
  facet normal -0.99863 0.0523249 0
    outer loop
      vertex -2.6 0 -14.2578
      vertex -2.58576 0.271773 -14.25
      vertex -2.58576 0.271773 -14.2578
    endloop
  endfacet
  facet normal -0.99863 0.0523249 0
    outer loop
      vertex -2.58576 0.271773 -14.25
      vertex -2.6 0 -14.2578
      vertex -2.6 0 -14.25
    endloop
  endfacet
  facet normal 0 0 -1
    outer loop
      vertex 2.58576 -0.271773 -14.2578
      vertex 2.58576 0.271773 -14.2578
      vertex 2.6 0 -14.2578
    endloop
  endfacet
  facet normal 0 0 -1
    outer loop
      vertex 2.54318 -0.54057 -14.2578
      vertex 2.58576 0.271773 -14.2578
      vertex 2.58576 -0.271773 -14.2578
    endloop
  endfacet
  facet normal 0 0 -1
    outer loop
      vertex 2.54318 -0.54057 -14.2578
      vertex 2.54318 0.54057 -14.2578
      vertex 2.58576 0.271773 -14.2578
    endloop
  endfacet
  facet normal 0 0 -1
    outer loop
      vertex 2.47275 -0.803444 -14.2578
      vertex 2.54318 0.54057 -14.2578
      vertex 2.54318 -0.54057 -14.2578
    endloop
  endfacet
  facet normal 0 0 -1
    outer loop
      vertex 2.47275 -0.803444 -14.2578
      vertex 2.47275 0.803444 -14.2578
      vertex 2.54318 0.54057 -14.2578
    endloop
  endfacet
  facet normal 0 0 -1
    outer loop
      vertex 2.37522 -1.05752 -14.2578
      vertex 2.47275 0.803444 -14.2578
      vertex 2.47275 -0.803444 -14.2578
    endloop
  endfacet
  facet normal 0 0 -1
    outer loop
      vertex 2.37522 -1.05752 -14.2578
      vertex 2.37522 1.05752 -14.2578
      vertex 2.47275 0.803444 -14.2578
    endloop
  endfacet
  facet normal 0 0 -1
    outer loop
      vertex 2.25167 -1.3 -14.2578
      vertex 2.37522 1.05752 -14.2578
      vertex 2.37522 -1.05752 -14.2578
    endloop
  endfacet
  facet normal 0 0 -1
    outer loop
      vertex 2.25167 -1.3 -14.2578
      vertex 2.25167 1.3 -14.2578
      vertex 2.37522 1.05752 -14.2578
    endloop
  endfacet
  facet normal 0 0 -1
    outer loop
      vertex 2.10344 -1.52824 -14.2578
      vertex 2.25167 1.3 -14.2578
      vertex 2.25167 -1.3 -14.2578
    endloop
  endfacet
  facet normal 0 0 -1
    outer loop
      vertex 2.10344 -1.52824 -14.2578
      vertex 2.10344 1.52824 -14.2578
      vertex 2.25167 1.3 -14.2578
    endloop
  endfacet
  facet normal 0 0 -1
    outer loop
      vertex 1.93218 -1.73974 -14.2578
      vertex 2.10344 1.52824 -14.2578
      vertex 2.10344 -1.52824 -14.2578
    endloop
  endfacet
  facet normal 0 0 -1
    outer loop
      vertex 1.93218 -1.73974 -14.2578
      vertex 1.93218 1.73974 -14.2578
      vertex 2.10344 1.52824 -14.2578
    endloop
  endfacet
  facet normal 0 0 -1
    outer loop
      vertex 1.73974 -1.93218 -14.2578
      vertex 1.93218 1.73974 -14.2578
      vertex 1.93218 -1.73974 -14.2578
    endloop
  endfacet
  facet normal 0 0 -1
    outer loop
      vertex 1.73974 -1.93218 -14.2578
      vertex 1.73974 1.93218 -14.2578
      vertex 1.93218 1.73974 -14.2578
    endloop
  endfacet
  facet normal 0 0 -1
    outer loop
      vertex 1.52824 -2.10344 -14.2578
      vertex 1.73974 1.93218 -14.2578
      vertex 1.73974 -1.93218 -14.2578
    endloop
  endfacet
  facet normal 0 0 -1
    outer loop
      vertex 1.52824 -2.10344 -14.2578
      vertex 1.52824 2.10344 -14.2578
      vertex 1.73974 1.93218 -14.2578
    endloop
  endfacet
  facet normal 0 0 -1
    outer loop
      vertex 1.3 -2.25167 -14.2578
      vertex 1.52824 2.10344 -14.2578
      vertex 1.52824 -2.10344 -14.2578
    endloop
  endfacet
  facet normal 0 0 -1
    outer loop
      vertex 1.3 -2.25167 -14.2578
      vertex 1.3 2.25167 -14.2578
      vertex 1.52824 2.10344 -14.2578
    endloop
  endfacet
  facet normal 0 0 -1
    outer loop
      vertex 1.05752 -2.37522 -14.2578
      vertex 1.3 2.25167 -14.2578
      vertex 1.3 -2.25167 -14.2578
    endloop
  endfacet
  facet normal 0 0 -1
    outer loop
      vertex 1.05752 -2.37522 -14.2578
      vertex 1.05752 2.37522 -14.2578
      vertex 1.3 2.25167 -14.2578
    endloop
  endfacet
  facet normal 0 0 -1
    outer loop
      vertex 0.803444 -2.47275 -14.2578
      vertex 1.05752 2.37522 -14.2578
      vertex 1.05752 -2.37522 -14.2578
    endloop
  endfacet
  facet normal 0 0 -1
    outer loop
      vertex 0.803444 -2.47275 -14.2578
      vertex 0.803444 2.47275 -14.2578
      vertex 1.05752 2.37522 -14.2578
    endloop
  endfacet
  facet normal 0 0 -1
    outer loop
      vertex 0.54057 -2.54318 -14.2578
      vertex 0.803444 2.47275 -14.2578
      vertex 0.803444 -2.47275 -14.2578
    endloop
  endfacet
  facet normal 0 0 -1
    outer loop
      vertex 0.54057 -2.54318 -14.2578
      vertex 0.54057 2.54318 -14.2578
      vertex 0.803444 2.47275 -14.2578
    endloop
  endfacet
  facet normal 0 0 -1
    outer loop
      vertex 0.271773 -2.58576 -14.2578
      vertex 0.54057 2.54318 -14.2578
      vertex 0.54057 -2.54318 -14.2578
    endloop
  endfacet
  facet normal 0 0 -1
    outer loop
      vertex 0.271773 -2.58576 -14.2578
      vertex 0.271773 2.58576 -14.2578
      vertex 0.54057 2.54318 -14.2578
    endloop
  endfacet
  facet normal 0 0 -1
    outer loop
      vertex 0 -2.6 -14.2578
      vertex 0.271773 2.58576 -14.2578
      vertex 0.271773 -2.58576 -14.2578
    endloop
  endfacet
  facet normal 0 0 -1
    outer loop
      vertex 0 -2.6 -14.2578
      vertex 0 2.6 -14.2578
      vertex 0.271773 2.58576 -14.2578
    endloop
  endfacet
  facet normal 0 0 -1
    outer loop
      vertex -0.271773 -2.58576 -14.2578
      vertex 0 2.6 -14.2578
      vertex 0 -2.6 -14.2578
    endloop
  endfacet
  facet normal 0 0 -1
    outer loop
      vertex -0.271773 -2.58576 -14.2578
      vertex -0.271773 2.58576 -14.2578
      vertex 0 2.6 -14.2578
    endloop
  endfacet
  facet normal 0 0 -1
    outer loop
      vertex -0.54057 -2.54318 -14.2578
      vertex -0.271773 2.58576 -14.2578
      vertex -0.271773 -2.58576 -14.2578
    endloop
  endfacet
  facet normal 0 0 -1
    outer loop
      vertex -0.54057 -2.54318 -14.2578
      vertex -0.54057 2.54318 -14.2578
      vertex -0.271773 2.58576 -14.2578
    endloop
  endfacet
  facet normal 0 0 -1
    outer loop
      vertex -0.803444 -2.47275 -14.2578
      vertex -0.54057 2.54318 -14.2578
      vertex -0.54057 -2.54318 -14.2578
    endloop
  endfacet
  facet normal 0 0 -1
    outer loop
      vertex -0.803444 -2.47275 -14.2578
      vertex -0.803444 2.47275 -14.2578
      vertex -0.54057 2.54318 -14.2578
    endloop
  endfacet
  facet normal 0 0 -1
    outer loop
      vertex -1.05752 -2.37522 -14.2578
      vertex -0.803444 2.47275 -14.2578
      vertex -0.803444 -2.47275 -14.2578
    endloop
  endfacet
  facet normal 0 0 -1
    outer loop
      vertex -1.05752 -2.37522 -14.2578
      vertex -1.05752 2.37522 -14.2578
      vertex -0.803444 2.47275 -14.2578
    endloop
  endfacet
  facet normal 0 0 -1
    outer loop
      vertex -1.3 -2.25167 -14.2578
      vertex -1.05752 2.37522 -14.2578
      vertex -1.05752 -2.37522 -14.2578
    endloop
  endfacet
  facet normal 0 0 -1
    outer loop
      vertex -1.3 -2.25167 -14.2578
      vertex -1.3 2.25167 -14.2578
      vertex -1.05752 2.37522 -14.2578
    endloop
  endfacet
  facet normal 0 0 -1
    outer loop
      vertex -1.52824 -2.10344 -14.2578
      vertex -1.3 2.25167 -14.2578
      vertex -1.3 -2.25167 -14.2578
    endloop
  endfacet
  facet normal 0 0 -1
    outer loop
      vertex -1.52824 -2.10344 -14.2578
      vertex -1.52824 2.10344 -14.2578
      vertex -1.3 2.25167 -14.2578
    endloop
  endfacet
  facet normal 0 0 -1
    outer loop
      vertex -1.73974 -1.93218 -14.2578
      vertex -1.52824 2.10344 -14.2578
      vertex -1.52824 -2.10344 -14.2578
    endloop
  endfacet
  facet normal 0 0 -1
    outer loop
      vertex -1.73974 -1.93218 -14.2578
      vertex -1.73974 1.93218 -14.2578
      vertex -1.52824 2.10344 -14.2578
    endloop
  endfacet
  facet normal 0 0 -1
    outer loop
      vertex -1.93218 -1.73974 -14.2578
      vertex -1.73974 1.93218 -14.2578
      vertex -1.73974 -1.93218 -14.2578
    endloop
  endfacet
  facet normal 0 0 -1
    outer loop
      vertex -1.93218 -1.73974 -14.2578
      vertex -1.93218 1.73974 -14.2578
      vertex -1.73974 1.93218 -14.2578
    endloop
  endfacet
  facet normal 0 0 -1
    outer loop
      vertex -2.10344 -1.52824 -14.2578
      vertex -1.93218 1.73974 -14.2578
      vertex -1.93218 -1.73974 -14.2578
    endloop
  endfacet
  facet normal 0 0 -1
    outer loop
      vertex -2.10344 -1.52824 -14.2578
      vertex -2.10344 1.52824 -14.2578
      vertex -1.93218 1.73974 -14.2578
    endloop
  endfacet
  facet normal 0 0 -1
    outer loop
      vertex -2.25167 -1.3 -14.2578
      vertex -2.10344 1.52824 -14.2578
      vertex -2.10344 -1.52824 -14.2578
    endloop
  endfacet
  facet normal 0 0 -1
    outer loop
      vertex -2.25167 -1.3 -14.2578
      vertex -2.25167 1.3 -14.2578
      vertex -2.10344 1.52824 -14.2578
    endloop
  endfacet
  facet normal 0 0 -1
    outer loop
      vertex -2.37522 -1.05752 -14.2578
      vertex -2.25167 1.3 -14.2578
      vertex -2.25167 -1.3 -14.2578
    endloop
  endfacet
  facet normal 0 0 -1
    outer loop
      vertex -2.37522 -1.05752 -14.2578
      vertex -2.37522 1.05752 -14.2578
      vertex -2.25167 1.3 -14.2578
    endloop
  endfacet
  facet normal 0 0 -1
    outer loop
      vertex -2.47275 -0.803444 -14.2578
      vertex -2.37522 1.05752 -14.2578
      vertex -2.37522 -1.05752 -14.2578
    endloop
  endfacet
  facet normal 0 0 -1
    outer loop
      vertex -2.47275 -0.803444 -14.2578
      vertex -2.47275 0.803444 -14.2578
      vertex -2.37522 1.05752 -14.2578
    endloop
  endfacet
  facet normal 0 0 -1
    outer loop
      vertex -2.54318 -0.54057 -14.2578
      vertex -2.47275 0.803444 -14.2578
      vertex -2.47275 -0.803444 -14.2578
    endloop
  endfacet
  facet normal 0 0 -1
    outer loop
      vertex -2.54318 -0.54057 -14.2578
      vertex -2.54318 0.54057 -14.2578
      vertex -2.47275 0.803444 -14.2578
    endloop
  endfacet
  facet normal 0 0 -1
    outer loop
      vertex -2.58576 -0.271773 -14.2578
      vertex -2.54318 0.54057 -14.2578
      vertex -2.54318 -0.54057 -14.2578
    endloop
  endfacet
  facet normal 0 0 -1
    outer loop
      vertex -2.58576 -0.271773 -14.2578
      vertex -2.58576 0.271773 -14.2578
      vertex -2.54318 0.54057 -14.2578
    endloop
  endfacet
  facet normal 0 -0 -1
    outer loop
      vertex -2.58576 0.271773 -14.2578
      vertex -2.58576 -0.271773 -14.2578
      vertex -2.6 0 -14.2578
    endloop
  endfacet
  facet normal -0.258795 -0.965932 0
    outer loop
      vertex -0.803444 -2.47275 -14.2578
      vertex -0.54057 -2.54318 -14.25
      vertex -0.803444 -2.47275 -14.25
    endloop
  endfacet
  facet normal -0.258795 -0.965932 -0
    outer loop
      vertex -0.54057 -2.54318 -14.25
      vertex -0.803444 -2.47275 -14.2578
      vertex -0.54057 -2.54318 -14.2578
    endloop
  endfacet
  facet normal 0.933581 -0.358366 0
    outer loop
      vertex 2.37522 -1.05752 -14.25
      vertex 2.47275 -0.803444 -14.2578
      vertex 2.47275 -0.803444 -14.25
    endloop
  endfacet
  facet normal 0.933581 -0.358366 0
    outer loop
      vertex 2.47275 -0.803444 -14.2578
      vertex 2.37522 -1.05752 -14.25
      vertex 2.37522 -1.05752 -14.2578
    endloop
  endfacet
  facet normal 0.838655 0.544663 0
    outer loop
      vertex 2.25167 1.3 -14.25
      vertex 2.10344 1.52824 -14.2578
      vertex 2.10344 1.52824 -14.25
    endloop
  endfacet
  facet normal 0.838655 0.544663 0
    outer loop
      vertex 2.10344 1.52824 -14.2578
      vertex 2.25167 1.3 -14.25
      vertex 2.25167 1.3 -14.2578
    endloop
  endfacet
  facet normal -0.258795 0.965932 0
    outer loop
      vertex -0.54057 2.54318 -14.2578
      vertex -0.803444 2.47275 -14.25
      vertex -0.54057 2.54318 -14.25
    endloop
  endfacet
  facet normal -0.258795 0.965932 0
    outer loop
      vertex -0.803444 2.47275 -14.25
      vertex -0.54057 2.54318 -14.2578
      vertex -0.803444 2.47275 -14.2578
    endloop
  endfacet
  facet normal 0.838655 -0.544663 0
    outer loop
      vertex 2.10344 -1.52824 -14.25
      vertex 2.25167 -1.3 -14.2578
      vertex 2.25167 -1.3 -14.25
    endloop
  endfacet
  facet normal 0.838655 -0.544663 0
    outer loop
      vertex 2.25167 -1.3 -14.2578
      vertex 2.10344 -1.52824 -14.25
      vertex 2.10344 -1.52824 -14.2578
    endloop
  endfacet
  facet normal -0.453991 0.891006 0
    outer loop
      vertex -1.05752 2.37522 -14.2578
      vertex -1.3 2.25167 -14.25
      vertex -1.05752 2.37522 -14.25
    endloop
  endfacet
  facet normal -0.453991 0.891006 0
    outer loop
      vertex -1.3 2.25167 -14.25
      vertex -1.05752 2.37522 -14.2578
      vertex -1.3 2.25167 -14.2578
    endloop
  endfacet
  facet normal 0.156459 0.987685 -0
    outer loop
      vertex 0.54057 2.54318 -14.2578
      vertex 0.271773 2.58576 -14.25
      vertex 0.54057 2.54318 -14.25
    endloop
  endfacet
  facet normal 0.156459 0.987685 0
    outer loop
      vertex 0.271773 2.58576 -14.25
      vertex 0.54057 2.54318 -14.2578
      vertex 0.271773 2.58576 -14.2578
    endloop
  endfacet
  facet normal 0.891006 -0.453991 0
    outer loop
      vertex 2.25167 -1.3 -14.25
      vertex 2.37522 -1.05752 -14.2578
      vertex 2.37522 -1.05752 -14.25
    endloop
  endfacet
  facet normal 0.891006 -0.453991 0
    outer loop
      vertex 2.37522 -1.05752 -14.2578
      vertex 2.25167 -1.3 -14.25
      vertex 2.25167 -1.3 -14.2578
    endloop
  endfacet
  facet normal 0.0523249 0.99863 -0
    outer loop
      vertex 0.271773 2.58576 -14.2578
      vertex 0 2.6 -14.25
      vertex 0.271773 2.58576 -14.25
    endloop
  endfacet
  facet normal 0.0523249 0.99863 0
    outer loop
      vertex 0 2.6 -14.25
      vertex 0.271773 2.58576 -14.2578
      vertex 0 2.6 -14.2578
    endloop
  endfacet
  facet normal 0.358366 -0.933581 0
    outer loop
      vertex 0.803444 -2.47275 -14.2578
      vertex 1.05752 -2.37522 -14.25
      vertex 0.803444 -2.47275 -14.25
    endloop
  endfacet
  facet normal 0.358366 -0.933581 0
    outer loop
      vertex 1.05752 -2.37522 -14.25
      vertex 0.803444 -2.47275 -14.2578
      vertex 1.05752 -2.37522 -14.2578
    endloop
  endfacet
  facet normal -0.544663 -0.838655 0
    outer loop
      vertex -1.52824 -2.10344 -14.2578
      vertex -1.3 -2.25167 -14.25
      vertex -1.52824 -2.10344 -14.25
    endloop
  endfacet
  facet normal -0.544663 -0.838655 -0
    outer loop
      vertex -1.3 -2.25167 -14.25
      vertex -1.52824 -2.10344 -14.2578
      vertex -1.3 -2.25167 -14.2578
    endloop
  endfacet
  facet normal -0.891006 0.453991 0
    outer loop
      vertex -2.37522 1.05752 -14.2578
      vertex -2.25167 1.3 -14.25
      vertex -2.25167 1.3 -14.2578
    endloop
  endfacet
  facet normal -0.891006 0.453991 0
    outer loop
      vertex -2.25167 1.3 -14.25
      vertex -2.37522 1.05752 -14.2578
      vertex -2.37522 1.05752 -14.25
    endloop
  endfacet
  facet normal 0.258795 0.965932 -0
    outer loop
      vertex 0.803444 2.47275 -14.2578
      vertex 0.54057 2.54318 -14.25
      vertex 0.803444 2.47275 -14.25
    endloop
  endfacet
  facet normal 0.258795 0.965932 0
    outer loop
      vertex 0.54057 2.54318 -14.25
      vertex 0.803444 2.47275 -14.2578
      vertex 0.54057 2.54318 -14.2578
    endloop
  endfacet
  facet normal -0.453991 -0.891006 0
    outer loop
      vertex -1.3 -2.25167 -14.2578
      vertex -1.05752 -2.37522 -14.25
      vertex -1.3 -2.25167 -14.25
    endloop
  endfacet
  facet normal -0.453991 -0.891006 -0
    outer loop
      vertex -1.05752 -2.37522 -14.25
      vertex -1.3 -2.25167 -14.2578
      vertex -1.05752 -2.37522 -14.2578
    endloop
  endfacet
  facet normal -0.358366 -0.933581 0
    outer loop
      vertex -1.05752 -2.37522 -14.2578
      vertex -0.803444 -2.47275 -14.25
      vertex -1.05752 -2.37522 -14.25
    endloop
  endfacet
  facet normal -0.358366 -0.933581 -0
    outer loop
      vertex -0.803444 -2.47275 -14.25
      vertex -1.05752 -2.37522 -14.2578
      vertex -0.803444 -2.47275 -14.2578
    endloop
  endfacet
  facet normal -0.6293 -0.777163 0
    outer loop
      vertex -1.73974 -1.93218 -14.2578
      vertex -1.52824 -2.10344 -14.25
      vertex -1.73974 -1.93218 -14.25
    endloop
  endfacet
  facet normal -0.6293 -0.777163 -0
    outer loop
      vertex -1.52824 -2.10344 -14.25
      vertex -1.73974 -1.93218 -14.2578
      vertex -1.52824 -2.10344 -14.2578
    endloop
  endfacet
  facet normal -0.6293 0.777163 0
    outer loop
      vertex -1.52824 2.10344 -14.2578
      vertex -1.73974 1.93218 -14.25
      vertex -1.52824 2.10344 -14.25
    endloop
  endfacet
  facet normal -0.6293 0.777163 0
    outer loop
      vertex -1.73974 1.93218 -14.25
      vertex -1.52824 2.10344 -14.2578
      vertex -1.73974 1.93218 -14.2578
    endloop
  endfacet
  facet normal 0.453991 0.891006 -0
    outer loop
      vertex 1.3 2.25167 -14.2578
      vertex 1.05752 2.37522 -14.25
      vertex 1.3 2.25167 -14.25
    endloop
  endfacet
  facet normal 0.453991 0.891006 0
    outer loop
      vertex 1.05752 2.37522 -14.25
      vertex 1.3 2.25167 -14.2578
      vertex 1.05752 2.37522 -14.2578
    endloop
  endfacet
  facet normal 0.544663 -0.838655 0
    outer loop
      vertex 1.3 -2.25167 -14.2578
      vertex 1.52824 -2.10344 -14.25
      vertex 1.3 -2.25167 -14.25
    endloop
  endfacet
  facet normal 0.544663 -0.838655 0
    outer loop
      vertex 1.52824 -2.10344 -14.25
      vertex 1.3 -2.25167 -14.2578
      vertex 1.52824 -2.10344 -14.2578
    endloop
  endfacet
  facet normal 0.965932 0.258795 0
    outer loop
      vertex 2.54318 0.54057 -14.25
      vertex 2.47275 0.803444 -14.2578
      vertex 2.47275 0.803444 -14.25
    endloop
  endfacet
  facet normal 0.965932 0.258795 0
    outer loop
      vertex 2.47275 0.803444 -14.2578
      vertex 2.54318 0.54057 -14.25
      vertex 2.54318 0.54057 -14.2578
    endloop
  endfacet
  facet normal 0.777163 0.6293 0
    outer loop
      vertex 2.10344 1.52824 -14.25
      vertex 1.93218 1.73974 -14.2578
      vertex 1.93218 1.73974 -14.25
    endloop
  endfacet
  facet normal 0.777163 0.6293 0
    outer loop
      vertex 1.93218 1.73974 -14.2578
      vertex 2.10344 1.52824 -14.25
      vertex 2.10344 1.52824 -14.2578
    endloop
  endfacet
  facet normal 0.933581 0.358366 0
    outer loop
      vertex 2.47275 0.803444 -14.25
      vertex 2.37522 1.05752 -14.2578
      vertex 2.37522 1.05752 -14.25
    endloop
  endfacet
  facet normal 0.933581 0.358366 0
    outer loop
      vertex 2.37522 1.05752 -14.2578
      vertex 2.47275 0.803444 -14.25
      vertex 2.47275 0.803444 -14.2578
    endloop
  endfacet
  facet normal -0.777163 -0.6293 0
    outer loop
      vertex -1.93218 -1.73974 -14.2578
      vertex -2.10344 -1.52824 -14.25
      vertex -2.10344 -1.52824 -14.2578
    endloop
  endfacet
  facet normal -0.777163 -0.6293 0
    outer loop
      vertex -2.10344 -1.52824 -14.25
      vertex -1.93218 -1.73974 -14.2578
      vertex -1.93218 -1.73974 -14.25
    endloop
  endfacet
  facet normal 0.6293 -0.777163 0
    outer loop
      vertex 1.52824 -2.10344 -14.2578
      vertex 1.73974 -1.93218 -14.25
      vertex 1.52824 -2.10344 -14.25
    endloop
  endfacet
  facet normal 0.6293 -0.777163 0
    outer loop
      vertex 1.73974 -1.93218 -14.25
      vertex 1.52824 -2.10344 -14.2578
      vertex 1.73974 -1.93218 -14.2578
    endloop
  endfacet
  facet normal -0.0523249 -0.99863 0
    outer loop
      vertex -0.271773 -2.58576 -14.2578
      vertex 0 -2.6 -14.25
      vertex -0.271773 -2.58576 -14.25
    endloop
  endfacet
  facet normal -0.0523249 -0.99863 -0
    outer loop
      vertex 0 -2.6 -14.25
      vertex -0.271773 -2.58576 -14.2578
      vertex 0 -2.6 -14.2578
    endloop
  endfacet
  facet normal 0.707107 -0.707107 0
    outer loop
      vertex 1.73974 -1.93218 -14.25
      vertex 1.93218 -1.73974 -14.2578
      vertex 1.93218 -1.73974 -14.25
    endloop
  endfacet
  facet normal 0.707107 -0.707107 0
    outer loop
      vertex 1.93218 -1.73974 -14.2578
      vertex 1.73974 -1.93218 -14.25
      vertex 1.73974 -1.93218 -14.2578
    endloop
  endfacet
  facet normal -0.933581 0.358366 0
    outer loop
      vertex -2.47275 0.803444 -14.2578
      vertex -2.37522 1.05752 -14.25
      vertex -2.37522 1.05752 -14.2578
    endloop
  endfacet
  facet normal -0.933581 0.358366 0
    outer loop
      vertex -2.37522 1.05752 -14.25
      vertex -2.47275 0.803444 -14.2578
      vertex -2.47275 0.803444 -14.25
    endloop
  endfacet
  facet normal -0.987685 -0.156459 0
    outer loop
      vertex -2.54318 -0.54057 -14.2578
      vertex -2.58576 -0.271773 -14.25
      vertex -2.58576 -0.271773 -14.2578
    endloop
  endfacet
  facet normal -0.987685 -0.156459 0
    outer loop
      vertex -2.58576 -0.271773 -14.25
      vertex -2.54318 -0.54057 -14.2578
      vertex -2.54318 -0.54057 -14.25
    endloop
  endfacet
  facet normal -0.838655 -0.544663 0
    outer loop
      vertex -2.10344 -1.52824 -14.2578
      vertex -2.25167 -1.3 -14.25
      vertex -2.25167 -1.3 -14.2578
    endloop
  endfacet
  facet normal -0.838655 -0.544663 0
    outer loop
      vertex -2.25167 -1.3 -14.25
      vertex -2.10344 -1.52824 -14.2578
      vertex -2.10344 -1.52824 -14.25
    endloop
  endfacet
  facet normal 0.453991 -0.891006 0
    outer loop
      vertex 1.05752 -2.37522 -14.2578
      vertex 1.3 -2.25167 -14.25
      vertex 1.05752 -2.37522 -14.25
    endloop
  endfacet
  facet normal 0.453991 -0.891006 0
    outer loop
      vertex 1.3 -2.25167 -14.25
      vertex 1.05752 -2.37522 -14.2578
      vertex 1.3 -2.25167 -14.2578
    endloop
  endfacet
  facet normal -0.933581 -0.358366 0
    outer loop
      vertex -2.37522 -1.05752 -14.2578
      vertex -2.47275 -0.803444 -14.25
      vertex -2.47275 -0.803444 -14.2578
    endloop
  endfacet
  facet normal -0.933581 -0.358366 0
    outer loop
      vertex -2.47275 -0.803444 -14.25
      vertex -2.37522 -1.05752 -14.2578
      vertex -2.37522 -1.05752 -14.25
    endloop
  endfacet
  facet normal 0.6293 0.777163 -0
    outer loop
      vertex 1.73974 1.93218 -14.2578
      vertex 1.52824 2.10344 -14.25
      vertex 1.73974 1.93218 -14.25
    endloop
  endfacet
  facet normal 0.6293 0.777163 0
    outer loop
      vertex 1.52824 2.10344 -14.25
      vertex 1.73974 1.93218 -14.2578
      vertex 1.52824 2.10344 -14.2578
    endloop
  endfacet
  facet normal 0.891006 0.453991 0
    outer loop
      vertex 2.37522 1.05752 -14.25
      vertex 2.25167 1.3 -14.2578
      vertex 2.25167 1.3 -14.25
    endloop
  endfacet
  facet normal 0.891006 0.453991 0
    outer loop
      vertex 2.25167 1.3 -14.2578
      vertex 2.37522 1.05752 -14.25
      vertex 2.37522 1.05752 -14.2578
    endloop
  endfacet
  facet normal 0.156459 -0.987685 0
    outer loop
      vertex 0.271773 -2.58576 -14.2578
      vertex 0.54057 -2.54318 -14.25
      vertex 0.271773 -2.58576 -14.25
    endloop
  endfacet
  facet normal 0.156459 -0.987685 0
    outer loop
      vertex 0.54057 -2.54318 -14.25
      vertex 0.271773 -2.58576 -14.2578
      vertex 0.54057 -2.54318 -14.2578
    endloop
  endfacet
  facet normal -0.777163 0.6293 0
    outer loop
      vertex -2.10344 1.52824 -14.2578
      vertex -1.93218 1.73974 -14.25
      vertex -1.93218 1.73974 -14.2578
    endloop
  endfacet
  facet normal -0.777163 0.6293 0
    outer loop
      vertex -1.93218 1.73974 -14.25
      vertex -2.10344 1.52824 -14.2578
      vertex -2.10344 1.52824 -14.25
    endloop
  endfacet
  facet normal -0.838655 0.544663 0
    outer loop
      vertex -2.25167 1.3 -14.2578
      vertex -2.10344 1.52824 -14.25
      vertex -2.10344 1.52824 -14.2578
    endloop
  endfacet
  facet normal -0.838655 0.544663 0
    outer loop
      vertex -2.10344 1.52824 -14.25
      vertex -2.25167 1.3 -14.2578
      vertex -2.25167 1.3 -14.25
    endloop
  endfacet
  facet normal -0.891006 -0.453991 0
    outer loop
      vertex -2.25167 -1.3 -14.2578
      vertex -2.37522 -1.05752 -14.25
      vertex -2.37522 -1.05752 -14.2578
    endloop
  endfacet
  facet normal -0.891006 -0.453991 0
    outer loop
      vertex -2.37522 -1.05752 -14.25
      vertex -2.25167 -1.3 -14.2578
      vertex -2.25167 -1.3 -14.25
    endloop
  endfacet
  facet normal 0.544663 0.838655 -0
    outer loop
      vertex 1.52824 2.10344 -14.2578
      vertex 1.3 2.25167 -14.25
      vertex 1.52824 2.10344 -14.25
    endloop
  endfacet
  facet normal 0.544663 0.838655 0
    outer loop
      vertex 1.3 2.25167 -14.25
      vertex 1.52824 2.10344 -14.2578
      vertex 1.3 2.25167 -14.2578
    endloop
  endfacet
  facet normal -0.707107 -0.707107 0
    outer loop
      vertex -1.73974 -1.93218 -14.2578
      vertex -1.93218 -1.73974 -14.25
      vertex -1.93218 -1.73974 -14.2578
    endloop
  endfacet
  facet normal -0.707107 -0.707107 0
    outer loop
      vertex -1.93218 -1.73974 -14.25
      vertex -1.73974 -1.93218 -14.2578
      vertex -1.73974 -1.93218 -14.25
    endloop
  endfacet
  facet normal -0.707107 0.707107 0
    outer loop
      vertex -1.93218 1.73974 -14.2578
      vertex -1.73974 1.93218 -14.25
      vertex -1.73974 1.93218 -14.2578
    endloop
  endfacet
  facet normal -0.707107 0.707107 0
    outer loop
      vertex -1.73974 1.93218 -14.25
      vertex -1.93218 1.73974 -14.2578
      vertex -1.93218 1.73974 -14.25
    endloop
  endfacet
  facet normal -0.358366 0.933581 0
    outer loop
      vertex -0.803444 2.47275 -14.2578
      vertex -1.05752 2.37522 -14.25
      vertex -0.803444 2.47275 -14.25
    endloop
  endfacet
  facet normal -0.358366 0.933581 0
    outer loop
      vertex -1.05752 2.37522 -14.25
      vertex -0.803444 2.47275 -14.2578
      vertex -1.05752 2.37522 -14.2578
    endloop
  endfacet
  facet normal -0.0523249 0.99863 0
    outer loop
      vertex 0 2.6 -14.2578
      vertex -0.271773 2.58576 -14.25
      vertex 0 2.6 -14.25
    endloop
  endfacet
  facet normal -0.0523249 0.99863 0
    outer loop
      vertex -0.271773 2.58576 -14.25
      vertex 0 2.6 -14.2578
      vertex -0.271773 2.58576 -14.2578
    endloop
  endfacet
  facet normal -0.99863 -0.0523249 0
    outer loop
      vertex -2.58576 -0.271773 -14.2578
      vertex -2.6 0 -14.25
      vertex -2.6 0 -14.2578
    endloop
  endfacet
  facet normal -0.99863 -0.0523249 0
    outer loop
      vertex -2.6 0 -14.25
      vertex -2.58576 -0.271773 -14.2578
      vertex -2.58576 -0.271773 -14.25
    endloop
  endfacet
  facet normal -0.156459 0.987685 0
    outer loop
      vertex -0.271773 2.58576 -14.2578
      vertex -0.54057 2.54318 -14.25
      vertex -0.271773 2.58576 -14.25
    endloop
  endfacet
  facet normal -0.156459 0.987685 0
    outer loop
      vertex -0.54057 2.54318 -14.25
      vertex -0.271773 2.58576 -14.2578
      vertex -0.54057 2.54318 -14.2578
    endloop
  endfacet
  facet normal -0.544663 0.838655 0
    outer loop
      vertex -1.3 2.25167 -14.2578
      vertex -1.52824 2.10344 -14.25
      vertex -1.3 2.25167 -14.25
    endloop
  endfacet
  facet normal -0.544663 0.838655 0
    outer loop
      vertex -1.52824 2.10344 -14.25
      vertex -1.3 2.25167 -14.2578
      vertex -1.52824 2.10344 -14.2578
    endloop
  endfacet
  facet normal 0.707107 0.707107 0
    outer loop
      vertex 1.93218 1.73974 -14.25
      vertex 1.73974 1.93218 -14.2578
      vertex 1.73974 1.93218 -14.25
    endloop
  endfacet
  facet normal 0.707107 0.707107 0
    outer loop
      vertex 1.73974 1.93218 -14.2578
      vertex 1.93218 1.73974 -14.25
      vertex 1.93218 1.73974 -14.2578
    endloop
  endfacet
endsolid OpenSCAD_Model
