solid OpenSCAD_Model
  facet normal 0.706629 -0.0368738 0.706623
    outer loop
      vertex -21.65 0 1.64999
      vertex -21.641 0.172471 1.64999
      vertex -23 0 3
    endloop
  endfacet
  facet normal -0.000609756 0 -1
    outer loop
      vertex -23 0 3
      vertex -22.9836 0.313584 2.99999
      vertex -22.9836 0.313583 2.99999
    endloop
  endfacet
  facet normal 0.706631 -0.0369333 0.706618
    outer loop
      vertex -22.9836 0.313584 2.99999
      vertex -23 0 3
      vertex -21.641 0.172471 1.64999
    endloop
  endfacet
  facet normal 0.998641 -0.0521118 0
    outer loop
      vertex -21.65 0 1.64999
      vertex -21.641 0.172471 0
      vertex -21.641 0.172471 1.64999
    endloop
  endfacet
  facet normal 0.998641 -0.0521118 0
    outer loop
      vertex -21.641 0.172471 0
      vertex -21.65 0 1.64999
      vertex -21.65 0 0
    endloop
  endfacet
  facet normal 0.698837 -0.111023 0.706612
    outer loop
      vertex -22.9836 0.313586 2.99999
      vertex -21.641 0.172471 1.64999
      vertex -21.6139 0.343053 1.64999
    endloop
  endfacet
  facet normal 0.709047 0 0.705161
    outer loop
      vertex -21.641 0.172471 1.64999
      vertex -22.9836 0.313586 2.99999
      vertex -22.9836 0.313584 2.99999
    endloop
  endfacet
  facet normal 0.698848 -0.110861 0.706626
    outer loop
      vertex -21.6139 0.343053 1.64999
      vertex -22.9344 0.623733 2.99999
      vertex -22.9836 0.313586 2.99999
    endloop
  endfacet
  facet normal 0.987614 -0.1569 0
    outer loop
      vertex -21.641 0.172471 1.64999
      vertex -21.6139 0.343053 0
      vertex -21.6139 0.343053 1.64999
    endloop
  endfacet
  facet normal 0.987614 -0.1569 0
    outer loop
      vertex -21.6139 0.343053 0
      vertex -21.641 0.172471 1.64999
      vertex -21.641 0.172471 0
    endloop
  endfacet
  facet normal 0.703137 -0 0.711054
    outer loop
      vertex -22.9344 0.623733 2.99999
      vertex -21.5692 0.509875 1.64999
      vertex -22.9344 0.623734 2.99999
    endloop
  endfacet
  facet normal 0.683481 -0.183139 0.706622
    outer loop
      vertex -21.5692 0.509875 1.64999
      vertex -22.9344 0.623733 2.99999
      vertex -21.6139 0.343053 1.64999
    endloop
  endfacet
  facet normal 0.724597 -0 0.689173
    outer loop
      vertex -22.8532 0.927048 2.99999
      vertex -21.5692 0.509875 1.64999
      vertex -22.8532 0.927049 2.99999
    endloop
  endfacet
  facet normal 0.683508 -0.182981 0.706636
    outer loop
      vertex -21.5692 0.509875 1.64999
      vertex -22.8532 0.927048 2.99999
      vertex -22.9344 0.623734 2.99999
    endloop
  endfacet
  facet normal 0.965926 -0.25882 0
    outer loop
      vertex -21.6139 0.343053 1.64999
      vertex -21.5692 0.509875 0
      vertex -21.5692 0.509875 1.64999
    endloop
  endfacet
  facet normal 0.965926 -0.25882 0
    outer loop
      vertex -21.5692 0.509875 0
      vertex -21.6139 0.343053 1.64999
      vertex -21.6139 0.343053 0
    endloop
  endfacet
  facet normal 0.708181 -0 0.706031
    outer loop
      vertex -22.8532 0.927049 2.99999
      vertex -21.5073 0.671112 1.64999
      vertex -22.8532 0.92705 2.99999
    endloop
  endfacet
  facet normal 0.660568 -0.253597 0.706639
    outer loop
      vertex -21.5073 0.671112 1.64999
      vertex -22.8532 0.927049 2.99999
      vertex -21.5692 0.509875 1.64999
    endloop
  endfacet
  facet normal 0.738297 -0 0.674476
    outer loop
      vertex -22.7406 1.2202 2.99999
      vertex -21.5073 0.671112 1.64999
      vertex -22.7406 1.22021 2.99999
    endloop
  endfacet
  facet normal 0.660534 -0.253714 0.706628
    outer loop
      vertex -21.5073 0.671112 1.64999
      vertex -22.7406 1.2202 2.99999
      vertex -22.8532 0.92705 2.99999
    endloop
  endfacet
  facet normal 0.933567 -0.358403 0
    outer loop
      vertex -21.5692 0.509875 1.64999
      vertex -21.5073 0.671112 0
      vertex -21.5073 0.671112 1.64999
    endloop
  endfacet
  facet normal 0.933567 -0.358403 0
    outer loop
      vertex -21.5073 0.671112 0
      vertex -21.5692 0.509875 1.64999
      vertex -21.5692 0.509875 0
    endloop
  endfacet
  facet normal 0.630479 -0.321211 0.706626
    outer loop
      vertex -21.4289 0.824997 1.64999
      vertex -22.7406 1.22021 2.99999
      vertex -21.5073 0.671112 1.64999
    endloop
  endfacet
  facet normal 0.630512 -0.321127 0.706634
    outer loop
      vertex -21.4289 0.824997 1.64999
      vertex -22.5981 1.5 2.99999
      vertex -22.7406 1.22021 2.99999
    endloop
  endfacet
  facet normal 0.891026 -0.453952 0
    outer loop
      vertex -21.5073 0.671112 1.64999
      vertex -21.4289 0.824997 0
      vertex -21.4289 0.824997 1.64999
    endloop
  endfacet
  facet normal 0.891026 -0.453952 0
    outer loop
      vertex -21.4289 0.824997 0
      vertex -21.5073 0.671112 1.64999
      vertex -21.5073 0.671112 0
    endloop
  endfacet
  facet normal 0.593538 -0.385188 0.706642
    outer loop
      vertex -21.3349 0.969842 1.64999
      vertex -22.5981 1.5 2.99999
      vertex -21.4289 0.824997 1.64999
    endloop
  endfacet
  facet normal 0.593355 -0.385533 0.706607
    outer loop
      vertex -22.5981 1.5 2.99999
      vertex -21.3349 0.969842 1.64999
      vertex -22.427 1.76335 3
    endloop
  endfacet
  facet normal 0.838838 -0.544381 0
    outer loop
      vertex -21.4289 0.824997 1.64999
      vertex -21.3349 0.969842 0
      vertex -21.3349 0.969842 1.64999
    endloop
  endfacet
  facet normal 0.838838 -0.544381 0
    outer loop
      vertex -21.3349 0.969842 0
      vertex -21.4289 0.824997 1.64999
      vertex -21.4289 0.824997 0
    endloop
  endfacet
  facet normal 0.549892 -0.445344 0.706603
    outer loop
      vertex -22.427 1.76335 3
      vertex -21.3349 0.969842 1.64999
      vertex -21.2262 1.10406 1.64999
    endloop
  endfacet
  facet normal 0.549946 -0.445264 0.706612
    outer loop
      vertex -21.2262 1.10406 1.64999
      vertex -22.2294 2.00739 2.99999
      vertex -22.427 1.76335 3
    endloop
  endfacet
  facet normal 0.777111 -0.629364 0
    outer loop
      vertex -21.3349 0.969842 1.64999
      vertex -21.2262 1.10406 0
      vertex -21.2262 1.10406 1.64999
    endloop
  endfacet
  facet normal 0.777111 -0.629364 0
    outer loop
      vertex -21.2262 1.10406 0
      vertex -21.3349 0.969842 1.64999
      vertex -21.3349 0.969842 0
    endloop
  endfacet
  facet normal 0.500388 -0.500306 0.706616
    outer loop
      vertex -22.0074 2.22943 2.99999
      vertex -21.2262 1.10406 1.64999
      vertex -21.1041 1.22618 1.64999
    endloop
  endfacet
  facet normal 0.500392 -0.500302 0.706616
    outer loop
      vertex -21.2262 1.10406 1.64999
      vertex -22.0074 2.22943 2.99999
      vertex -22.2294 2.00739 2.99999
    endloop
  endfacet
  facet normal 0.707165 -0.707049 0
    outer loop
      vertex -21.2262 1.10406 0
      vertex -21.1041 1.22618 1.64999
      vertex -21.2262 1.10406 1.64999
    endloop
  endfacet
  facet normal 0.707165 -0.707049 0
    outer loop
      vertex -21.1041 1.22618 1.64999
      vertex -21.2262 1.10406 0
      vertex -21.1041 1.22618 0
    endloop
  endfacet
  facet normal 0.445149 -0.550037 0.706613
    outer loop
      vertex -20.9698 1.33487 1.64999
      vertex -22.0074 2.22943 2.99999
      vertex -21.1041 1.22618 1.64999
    endloop
  endfacet
  facet normal 0.445321 -0.54987 0.706635
    outer loop
      vertex -22.0074 2.22943 2.99999
      vertex -20.9698 1.33487 1.64999
      vertex -21.7634 2.42705 3
    endloop
  endfacet
  facet normal 0.629097 -0.777327 0
    outer loop
      vertex -21.1041 1.22618 0
      vertex -20.9698 1.33487 1.64999
      vertex -21.1041 1.22618 1.64999
    endloop
  endfacet
  facet normal 0.629097 -0.777327 0
    outer loop
      vertex -20.9698 1.33487 1.64999
      vertex -21.1041 1.22618 0
      vertex -20.9698 1.33487 0
    endloop
  endfacet
  facet normal 0.385477 -0.593357 0.706637
    outer loop
      vertex -21.7634 2.42705 3
      vertex -20.9698 1.33487 1.64999
      vertex -20.825 1.42894 1.64999
    endloop
  endfacet
  facet normal 0.385347 -0.593459 0.706622
    outer loop
      vertex -21.5 2.59807 2.99999
      vertex -21.7634 2.42705 3
      vertex -20.825 1.42894 1.64999
    endloop
  endfacet
  facet normal 0.544785 -0.838576 0
    outer loop
      vertex -20.9698 1.33487 0
      vertex -20.825 1.42894 1.64999
      vertex -20.9698 1.33487 1.64999
    endloop
  endfacet
  facet normal 0.544785 -0.838576 0
    outer loop
      vertex -20.825 1.42894 1.64999
      vertex -20.9698 1.33487 0
      vertex -20.825 1.42894 0
    endloop
  endfacet
  facet normal 0.321189 -0.630497 0.706619
    outer loop
      vertex -20.6711 1.50734 1.64999
      vertex -21.5 2.59807 2.99999
      vertex -20.825 1.42894 1.64999
    endloop
  endfacet
  facet normal 0.32123 -0.630472 0.706624
    outer loop
      vertex -20.6711 1.50734 1.64999
      vertex -21.2202 2.74063 2.99999
      vertex -21.5 2.59807 2.99999
    endloop
  endfacet
  facet normal 0.453917 -0.891044 0
    outer loop
      vertex -20.825 1.42894 0
      vertex -20.6711 1.50734 1.64999
      vertex -20.825 1.42894 1.64999
    endloop
  endfacet
  facet normal 0.453917 -0.891044 0
    outer loop
      vertex -20.6711 1.50734 1.64999
      vertex -20.825 1.42894 0
      vertex -20.6711 1.50734 0
    endloop
  endfacet
  facet normal 0.253652 -0.660561 0.706625
    outer loop
      vertex -20.5099 1.56924 1.64999
      vertex -21.2202 2.74063 2.99999
      vertex -20.6711 1.50734 1.64999
    endloop
  endfacet
  facet normal 0.253544 -0.660615 0.706614
    outer loop
      vertex -21.2202 2.74063 2.99999
      vertex -20.5099 1.56924 1.64999
      vertex -20.927 2.85316 2.99999
    endloop
  endfacet
  facet normal 0.358475 -0.93354 0
    outer loop
      vertex -20.6711 1.50734 0
      vertex -20.5099 1.56924 1.64999
      vertex -20.6711 1.50734 1.64999
    endloop
  endfacet
  facet normal 0.358475 -0.93354 0
    outer loop
      vertex -20.5099 1.56924 1.64999
      vertex -20.6711 1.50734 0
      vertex -20.5099 1.56924 0
    endloop
  endfacet
  facet normal 0.183163 -0.68348 0.706616
    outer loop
      vertex -20.927 2.85316 2.99999
      vertex -20.5099 1.56924 1.64999
      vertex -20.3431 1.61394 1.64999
    endloop
  endfacet
  facet normal 0.183142 -0.683488 0.706614
    outer loop
      vertex -20.6237 2.93443 2.99999
      vertex -20.927 2.85316 2.99999
      vertex -20.3431 1.61394 1.64999
    endloop
  endfacet
  facet normal 0.258852 -0.965917 0
    outer loop
      vertex -20.5099 1.56924 0
      vertex -20.3431 1.61394 1.64999
      vertex -20.5099 1.56924 1.64999
    endloop
  endfacet
  facet normal 0.258852 -0.965917 0
    outer loop
      vertex -20.3431 1.61394 1.64999
      vertex -20.5099 1.56924 0
      vertex -20.3431 1.61394 0
    endloop
  endfacet
  facet normal 0.110651 -0.698893 0.706615
    outer loop
      vertex -20.3431 1.61394 1.64999
      vertex -20.1725 1.64095 1.64999
      vertex -20.6237 2.93443 2.99999
    endloop
  endfacet
  facet normal 0.110703 -0.69888 0.70662
    outer loop
      vertex -20.1725 1.64095 1.64999
      vertex -20.3136 2.98355 2.99999
      vertex -20.6237 2.93443 2.99999
    endloop
  endfacet
  facet normal 0.156376 -0.987698 0
    outer loop
      vertex -20.3431 1.61394 0
      vertex -20.1725 1.64095 1.64999
      vertex -20.3431 1.61394 1.64999
    endloop
  endfacet
  facet normal 0.156376 -0.987698 0
    outer loop
      vertex -20.1725 1.64095 1.64999
      vertex -20.3431 1.61394 0
      vertex -20.1725 1.64095 0
    endloop
  endfacet
  facet normal 0.0370312 -0.706623 0.70662
    outer loop
      vertex -20.3136 2.98355 2.99999
      vertex -20.1725 1.64095 1.64999
      vertex -20 1.64999 1.64999
    endloop
  endfacet
  facet normal 0.0370435 -0.706621 0.706621
    outer loop
      vertex -20 1.64999 1.64999
      vertex -20 3 3
      vertex -20.3136 2.98355 2.99999
    endloop
  endfacet
  facet normal 0.052334 -0.99863 0
    outer loop
      vertex -20.1725 1.64095 0
      vertex -20 1.64999 1.64999
      vertex -20.1725 1.64095 1.64999
    endloop
  endfacet
  facet normal 0.052334 -0.99863 0
    outer loop
      vertex -20 1.64999 1.64999
      vertex -20.1725 1.64095 0
      vertex -20 1.64999 0
    endloop
  endfacet
  facet normal -0.0370311 -0.706622 0.706622
    outer loop
      vertex -19.8275 1.64095 1.64999
      vertex -20 3 3
      vertex -20 1.64999 1.64999
    endloop
  endfacet
  facet normal -0.0370436 -0.706622 0.706621
    outer loop
      vertex -19.8275 1.64095 1.64999
      vertex -19.6864 2.98355 2.99999
      vertex -20 3 3
    endloop
  endfacet
  facet normal -0.052334 -0.99863 0
    outer loop
      vertex -20 1.64999 0
      vertex -19.8275 1.64095 1.64999
      vertex -20 1.64999 1.64999
    endloop
  endfacet
  facet normal -0.052334 -0.99863 -0
    outer loop
      vertex -19.8275 1.64095 1.64999
      vertex -20 1.64999 0
      vertex -19.8275 1.64095 0
    endloop
  endfacet
  facet normal -0.11065 -0.698887 0.706621
    outer loop
      vertex -19.6864 2.98355 2.99999
      vertex -19.8275 1.64095 1.64999
      vertex -19.6569 1.61394 1.64999
    endloop
  endfacet
  facet normal -0.110681 -0.698885 0.706618
    outer loop
      vertex -19.6864 2.98355 2.99999
      vertex -19.6569 1.61394 1.64999
      vertex -19.3763 2.93444 2.99999
    endloop
  endfacet
  facet normal -0.156376 -0.987698 0
    outer loop
      vertex -19.8275 1.64095 0
      vertex -19.6569 1.61394 1.64999
      vertex -19.8275 1.64095 1.64999
    endloop
  endfacet
  facet normal -0.156376 -0.987698 -0
    outer loop
      vertex -19.6569 1.61394 1.64999
      vertex -19.8275 1.64095 0
      vertex -19.6569 1.61394 0
    endloop
  endfacet
  facet normal -0.183163 -0.68348 0.706616
    outer loop
      vertex -19.3763 2.93444 2.99999
      vertex -19.6569 1.61394 1.64999
      vertex -19.4901 1.56924 1.64999
    endloop
  endfacet
  facet normal -0.996466 0 0.0839984
    outer loop
      vertex -19.4901 1.56924 1.64999
      vertex -19.3763 2.93443 2.99999
      vertex -19.3763 2.93444 2.99999
    endloop
  endfacet
  facet normal -0.183085 -0.683496 0.70662
    outer loop
      vertex -19.3763 2.93443 2.99999
      vertex -19.4901 1.56924 1.64999
      vertex -19.0729 2.85317 3
    endloop
  endfacet
  facet normal -0.258852 -0.965917 0
    outer loop
      vertex -19.6569 1.61394 0
      vertex -19.4901 1.56924 1.64999
      vertex -19.6569 1.61394 1.64999
    endloop
  endfacet
  facet normal -0.258852 -0.965917 -0
    outer loop
      vertex -19.4901 1.56924 1.64999
      vertex -19.6569 1.61394 0
      vertex -19.4901 1.56924 0
    endloop
  endfacet
  facet normal -0.253654 -0.660566 0.70662
    outer loop
      vertex -19.3289 1.50734 1.64999
      vertex -19.0729 2.85317 3
      vertex -19.4901 1.56924 1.64999
    endloop
  endfacet
  facet normal -0.982491 0 0.186308
    outer loop
      vertex -19.3289 1.50734 1.64999
      vertex -19.0729 2.85316 3
      vertex -19.0729 2.85317 3
    endloop
  endfacet
  facet normal -0.253616 -0.660579 0.706622
    outer loop
      vertex -19.0729 2.85316 3
      vertex -19.3289 1.50734 1.64999
      vertex -18.7798 2.74063 3
    endloop
  endfacet
  facet normal -0.358475 -0.93354 0
    outer loop
      vertex -19.4901 1.56924 0
      vertex -19.3289 1.50734 1.64999
      vertex -19.4901 1.56924 1.64999
    endloop
  endfacet
  facet normal -0.358475 -0.93354 -0
    outer loop
      vertex -19.3289 1.50734 1.64999
      vertex -19.4901 1.56924 0
      vertex -19.3289 1.50734 0
    endloop
  endfacet
  facet normal -0.321188 -0.630495 0.706622
    outer loop
      vertex -18.7798 2.74063 3
      vertex -19.3289 1.50734 1.64999
      vertex -19.175 1.42894 1.64999
    endloop
  endfacet
  facet normal -0.321211 -0.630485 0.70662
    outer loop
      vertex -18.7798 2.74063 3
      vertex -19.175 1.42894 1.64999
      vertex -18.5 2.59807 2.99999
    endloop
  endfacet
  facet normal -0.453917 -0.891044 0
    outer loop
      vertex -19.3289 1.50734 0
      vertex -19.175 1.42894 1.64999
      vertex -19.3289 1.50734 1.64999
    endloop
  endfacet
  facet normal -0.453917 -0.891044 -0
    outer loop
      vertex -19.175 1.42894 1.64999
      vertex -19.3289 1.50734 0
      vertex -19.175 1.42894 0
    endloop
  endfacet
  facet normal -0.385487 -0.593373 0.706618
    outer loop
      vertex -19.0302 1.33487 1.64999
      vertex -18.5 2.59807 2.99999
      vertex -19.175 1.42894 1.64999
    endloop
  endfacet
  facet normal -0.385403 -0.593417 0.706626
    outer loop
      vertex -19.0302 1.33487 1.64999
      vertex -18.3265 2.4854 3
      vertex -18.5 2.59807 2.99999
    endloop
  endfacet
  facet normal -0.385231 -0.593526 0.706629
    outer loop
      vertex -18.3265 2.4854 3
      vertex -19.0302 1.33487 1.64999
      vertex -18.2366 2.42705 3
    endloop
  endfacet
  facet normal -0.544785 -0.838576 0
    outer loop
      vertex -19.175 1.42894 0
      vertex -19.0302 1.33487 1.64999
      vertex -19.175 1.42894 1.64999
    endloop
  endfacet
  facet normal -0.544785 -0.838576 -0
    outer loop
      vertex -19.0302 1.33487 1.64999
      vertex -19.175 1.42894 0
      vertex -19.0302 1.33487 0
    endloop
  endfacet
  facet normal 0.544431 0.838806 -0
    outer loop
      vertex -18.2366 2.42705 0
      vertex -18.3265 2.4854 3
      vertex -18.2366 2.42705 3
    endloop
  endfacet
  facet normal 0.544431 0.838806 0
    outer loop
      vertex -18.3265 2.4854 3
      vertex -18.2366 2.42705 0
      vertex -18.3265 2.4854 0
    endloop
  endfacet
  facet normal -0.445132 -0.550015 0.706641
    outer loop
      vertex -18.8959 1.22618 1.64999
      vertex -18.2366 2.42705 3
      vertex -19.0302 1.33487 1.64999
    endloop
  endfacet
  facet normal -0.445349 -0.549869 0.706617
    outer loop
      vertex -17.9926 2.22943 3
      vertex -18.2366 2.42705 3
      vertex -18.8959 1.22618 1.64999
    endloop
  endfacet
  facet normal -0.629097 -0.777327 0
    outer loop
      vertex -19.0302 1.33487 0
      vertex -18.8959 1.22618 1.64999
      vertex -19.0302 1.33487 1.64999
    endloop
  endfacet
  facet normal -0.629097 -0.777327 -0
    outer loop
      vertex -18.8959 1.22618 1.64999
      vertex -19.0302 1.33487 0
      vertex -18.8959 1.22618 0
    endloop
  endfacet
  facet normal 0.629383 0.777095 -0
    outer loop
      vertex -17.9926 2.22943 0
      vertex -18.2366 2.42705 3
      vertex -17.9926 2.22943 3
    endloop
  endfacet
  facet normal 0.629383 0.777095 0
    outer loop
      vertex -18.2366 2.42705 3
      vertex -17.9926 2.22943 0
      vertex -18.2366 2.42705 0
    endloop
  endfacet
  facet normal -0.500394 -0.500304 0.706613
    outer loop
      vertex -17.9926 2.22943 3
      vertex -18.7738 1.10406 1.64999
      vertex -17.7706 2.00739 3
    endloop
  endfacet
  facet normal -0.500389 -0.500308 0.706614
    outer loop
      vertex -18.7738 1.10406 1.64999
      vertex -17.9926 2.22943 3
      vertex -18.8959 1.22618 1.64999
    endloop
  endfacet
  facet normal -0.707165 -0.707049 0
    outer loop
      vertex -18.8959 1.22618 0
      vertex -18.7738 1.10406 1.64999
      vertex -18.8959 1.22618 1.64999
    endloop
  endfacet
  facet normal -0.707165 -0.707049 -0
    outer loop
      vertex -18.7738 1.10406 1.64999
      vertex -18.8959 1.22618 0
      vertex -18.7738 1.10406 0
    endloop
  endfacet
  facet normal 0.70717 0.707043 0
    outer loop
      vertex -17.7706 2.00739 3
      vertex -17.9926 2.22943 0
      vertex -17.9926 2.22943 3
    endloop
  endfacet
  facet normal 0.70717 0.707043 0
    outer loop
      vertex -17.9926 2.22943 0
      vertex -17.7706 2.00739 3
      vertex -17.7706 2.00739 0
    endloop
  endfacet
  facet normal -0.549885 -0.445339 0.706611
    outer loop
      vertex -18.6651 0.969842 1.64999
      vertex -17.7706 2.00739 3
      vertex -18.7738 1.10406 1.64999
    endloop
  endfacet
  facet normal -0.549804 -0.445422 0.706622
    outer loop
      vertex -17.5729 1.76336 3
      vertex -17.7706 2.00739 3
      vertex -18.6651 0.969842 1.64999
    endloop
  endfacet
  facet normal -0.777111 -0.629364 0
    outer loop
      vertex -18.6651 0.969842 0
      vertex -18.7738 1.10406 1.64999
      vertex -18.7738 1.10406 0
    endloop
  endfacet
  facet normal -0.777111 -0.629364 0
    outer loop
      vertex -18.7738 1.10406 1.64999
      vertex -18.6651 0.969842 0
      vertex -18.6651 0.969842 1.64999
    endloop
  endfacet
  facet normal 0.777008 0.62949 0
    outer loop
      vertex -17.5729 1.76336 3
      vertex -17.7706 2.00739 0
      vertex -17.7706 2.00739 3
    endloop
  endfacet
  facet normal 0.777008 0.62949 0
    outer loop
      vertex -17.7706 2.00739 0
      vertex -17.5729 1.76336 3
      vertex -17.5729 1.76336 0
    endloop
  endfacet
  facet normal -0.593556 -0.3852 0.70662
    outer loop
      vertex -18.5711 0.824997 1.64999
      vertex -17.5729 1.76336 3
      vertex -18.6651 0.969842 1.64999
    endloop
  endfacet
  facet normal -0.593454 -0.38533 0.706635
    outer loop
      vertex -17.4019 1.5 3
      vertex -17.5729 1.76336 3
      vertex -18.5711 0.824997 1.64999
    endloop
  endfacet
  facet normal -0.838838 -0.544381 0
    outer loop
      vertex -18.5711 0.824997 0
      vertex -18.6651 0.969842 1.64999
      vertex -18.6651 0.969842 0
    endloop
  endfacet
  facet normal -0.838838 -0.544381 0
    outer loop
      vertex -18.6651 0.969842 1.64999
      vertex -18.5711 0.824997 0
      vertex -18.5711 0.824997 1.64999
    endloop
  endfacet
  facet normal 0.838711 0.544576 0
    outer loop
      vertex -17.4019 1.5 3
      vertex -17.5729 1.76336 0
      vertex -17.5729 1.76336 3
    endloop
  endfacet
  facet normal 0.838711 0.544576 0
    outer loop
      vertex -17.5729 1.76336 0
      vertex -17.4019 1.5 3
      vertex -17.4019 1.5 0
    endloop
  endfacet
  facet normal -0.630471 -0.321207 0.706634
    outer loop
      vertex -18.4927 0.671112 1.64999
      vertex -17.4019 1.5 3
      vertex -18.5711 0.824997 1.64999
    endloop
  endfacet
  facet normal -0.63052 -0.32113 0.706626
    outer loop
      vertex -17.2594 1.22021 3
      vertex -17.4019 1.5 3
      vertex -18.4927 0.671112 1.64999
    endloop
  endfacet
  facet normal -0.891026 -0.453952 0
    outer loop
      vertex -18.4927 0.671112 0
      vertex -18.5711 0.824997 1.64999
      vertex -18.5711 0.824997 0
    endloop
  endfacet
  facet normal -0.891026 -0.453952 0
    outer loop
      vertex -18.5711 0.824997 1.64999
      vertex -18.4927 0.671112 0
      vertex -18.4927 0.671112 1.64999
    endloop
  endfacet
  facet normal 0.891084 0.453838 0
    outer loop
      vertex -17.2594 1.22021 3
      vertex -17.4019 1.5 0
      vertex -17.4019 1.5 3
    endloop
  endfacet
  facet normal 0.891084 0.453838 0
    outer loop
      vertex -17.4019 1.5 0
      vertex -17.2594 1.22021 3
      vertex -17.2594 1.22021 0
    endloop
  endfacet
  facet normal -0.660582 -0.253602 0.706623
    outer loop
      vertex -18.4308 0.509875 1.64999
      vertex -17.2594 1.22021 3
      vertex -18.4927 0.671112 1.64999
    endloop
  endfacet
  facet normal -0.660532 -0.253705 0.706634
    outer loop
      vertex -17.1468 0.927051 3
      vertex -17.2594 1.22021 3
      vertex -18.4308 0.509875 1.64999
    endloop
  endfacet
  facet normal -0.933567 -0.358403 0
    outer loop
      vertex -18.4308 0.509875 0
      vertex -18.4927 0.671112 1.64999
      vertex -18.4927 0.671112 0
    endloop
  endfacet
  facet normal -0.933567 -0.358403 0
    outer loop
      vertex -18.4927 0.671112 1.64999
      vertex -18.4308 0.509875 0
      vertex -18.4308 0.509875 1.64999
    endloop
  endfacet
  facet normal 0.933509 0.358553 0
    outer loop
      vertex -17.1468 0.927051 3
      vertex -17.2594 1.22021 0
      vertex -17.2594 1.22021 3
    endloop
  endfacet
  facet normal 0.933509 0.358553 0
    outer loop
      vertex -17.2594 1.22021 0
      vertex -17.1468 0.927051 3
      vertex -17.1468 0.927051 0
    endloop
  endfacet
  facet normal -0.683465 -0.183135 0.706638
    outer loop
      vertex -18.3861 0.343053 1.64999
      vertex -17.1468 0.927051 3
      vertex -18.4308 0.509875 1.64999
    endloop
  endfacet
  facet normal -0.683521 -0.182983 0.706624
    outer loop
      vertex -17.0656 0.623734 3
      vertex -17.1468 0.927051 3
      vertex -18.3861 0.343053 1.64999
    endloop
  endfacet
  facet normal -0.965926 -0.25882 0
    outer loop
      vertex -18.3861 0.343053 0
      vertex -18.4308 0.509875 1.64999
      vertex -18.4308 0.509875 0
    endloop
  endfacet
  facet normal -0.965926 -0.25882 0
    outer loop
      vertex -18.4308 0.509875 1.64999
      vertex -18.3861 0.343053 0
      vertex -18.3861 0.343053 1.64999
    endloop
  endfacet
  facet normal 0.965984 0.258601 0
    outer loop
      vertex -17.0656 0.623734 3
      vertex -17.1468 0.927051 0
      vertex -17.1468 0.927051 3
    endloop
  endfacet
  facet normal 0.965984 0.258601 0
    outer loop
      vertex -17.1468 0.927051 0
      vertex -17.0656 0.623734 3
      vertex -17.0656 0.623734 0
    endloop
  endfacet
  facet normal -0.698821 -0.11102 0.706628
    outer loop
      vertex -18.359 0.172471 1.64999
      vertex -17.0656 0.623734 3
      vertex -18.3861 0.343053 1.64999
    endloop
  endfacet
  facet normal -0.698849 -0.110911 0.706618
    outer loop
      vertex -18.359 0.172471 1.64999
      vertex -17.0194 0.332629 3
      vertex -17.0656 0.623734 3
    endloop
  endfacet
  facet normal -0.69896 -0.110107 0.706633
    outer loop
      vertex -17.0194 0.332629 3
      vertex -18.359 0.172471 1.64999
      vertex -17.0164 0.313585 3
    endloop
  endfacet
  facet normal -0.987614 -0.1569 0
    outer loop
      vertex -18.359 0.172471 0
      vertex -18.3861 0.343053 1.64999
      vertex -18.3861 0.343053 0
    endloop
  endfacet
  facet normal -0.987614 -0.1569 0
    outer loop
      vertex -18.3861 0.343053 1.64999
      vertex -18.359 0.172471 0
      vertex -18.359 0.172471 1.64999
    endloop
  endfacet
  facet normal 0.987639 0.156744 0
    outer loop
      vertex -17.0194 0.332629 3
      vertex -17.0656 0.623734 0
      vertex -17.0656 0.623734 3
    endloop
  endfacet
  facet normal 0.987639 0.156744 0
    outer loop
      vertex -17.0656 0.623734 0
      vertex -17.0194 0.332629 3
      vertex -17.0194 0.332629 0
    endloop
  endfacet
  facet normal -0.706638 -0.0368743 0.706614
    outer loop
      vertex -17.0164 0.313585 3
      vertex -18.359 0.172471 1.64999
      vertex -18.35 0 1.64999
    endloop
  endfacet
  facet normal -0.711417 0 0.70277
    outer loop
      vertex -18.35 0 1.64999
      vertex -17.0164 0.313583 3
      vertex -17.0164 0.313585 3
    endloop
  endfacet
  facet normal -0.706626 -0.0369557 0.706621
    outer loop
      vertex -17.0164 0.313583 3
      vertex -18.35 0 1.64999
      vertex -17 0 3
    endloop
  endfacet
  facet normal -0.998641 -0.0521118 0
    outer loop
      vertex -18.35 0 0
      vertex -18.359 0.172471 1.64999
      vertex -18.359 0.172471 0
    endloop
  endfacet
  facet normal -0.998641 -0.0521118 0
    outer loop
      vertex -18.359 0.172471 1.64999
      vertex -18.35 0 0
      vertex -18.35 0 1.64999
    endloop
  endfacet
  facet normal -0.706629 0.0368738 0.706623
    outer loop
      vertex -17 0 3
      vertex -18.35 0 1.64999
      vertex -18.359 -0.172471 1.64999
    endloop
  endfacet
  facet normal -0.706632 0.036956 0.706616
    outer loop
      vertex -18.359 -0.172471 1.64999
      vertex -17.0164 -0.313583 3
      vertex -17 0 3
    endloop
  endfacet
  facet normal -0.70905 0 0.705158
    outer loop
      vertex -17.0164 -0.313583 3
      vertex -18.359 -0.172471 1.64999
      vertex -17.0164 -0.313585 3
    endloop
  endfacet
  facet normal -0.998641 0.0521118 0
    outer loop
      vertex -18.359 -0.172471 0
      vertex -18.35 0 1.64999
      vertex -18.35 0 0
    endloop
  endfacet
  facet normal -0.998641 0.0521118 0
    outer loop
      vertex -18.35 0 1.64999
      vertex -18.359 -0.172471 0
      vertex -18.359 -0.172471 1.64999
    endloop
  endfacet
  facet normal -0.69884 0.111023 0.706609
    outer loop
      vertex -17.0164 -0.313585 3
      vertex -18.359 -0.172471 1.64999
      vertex -18.3861 -0.343053 1.64999
    endloop
  endfacet
  facet normal -0.698902 0.110098 0.706692
    outer loop
      vertex -18.3861 -0.343053 1.64999
      vertex -17.0194 -0.332629 3
      vertex -17.0164 -0.313585 3
    endloop
  endfacet
  facet normal -0.698842 0.11091 0.706625
    outer loop
      vertex -17.0194 -0.332629 3
      vertex -18.3861 -0.343053 1.64999
      vertex -17.0656 -0.623734 3
    endloop
  endfacet
  facet normal -0.987614 0.1569 0
    outer loop
      vertex -18.3861 -0.343053 0
      vertex -18.359 -0.172471 1.64999
      vertex -18.359 -0.172471 0
    endloop
  endfacet
  facet normal -0.987614 0.1569 0
    outer loop
      vertex -18.359 -0.172471 1.64999
      vertex -18.3861 -0.343053 0
      vertex -18.3861 -0.343053 1.64999
    endloop
  endfacet
  facet normal 0.987639 -0.156744 0
    outer loop
      vertex -17.0656 -0.623734 3
      vertex -17.0194 -0.332629 0
      vertex -17.0194 -0.332629 3
    endloop
  endfacet
  facet normal 0.987639 -0.156744 0
    outer loop
      vertex -17.0194 -0.332629 0
      vertex -17.0656 -0.623734 3
      vertex -17.0656 -0.623734 0
    endloop
  endfacet
  facet normal -0.683483 0.183139 0.706619
    outer loop
      vertex -17.0656 -0.623734 3
      vertex -18.3861 -0.343053 1.64999
      vertex -18.4308 -0.509875 1.64999
    endloop
  endfacet
  facet normal -0.683511 0.18298 0.706634
    outer loop
      vertex -17.1468 -0.927051 3
      vertex -17.0656 -0.623734 3
      vertex -18.4308 -0.509875 1.64999
    endloop
  endfacet
  facet normal -0.965926 0.25882 0
    outer loop
      vertex -18.4308 -0.509875 0
      vertex -18.3861 -0.343053 1.64999
      vertex -18.3861 -0.343053 0
    endloop
  endfacet
  facet normal -0.965926 0.25882 0
    outer loop
      vertex -18.3861 -0.343053 1.64999
      vertex -18.4308 -0.509875 0
      vertex -18.4308 -0.509875 1.64999
    endloop
  endfacet
  facet normal 0.965984 -0.258601 0
    outer loop
      vertex -17.1468 -0.927051 3
      vertex -17.0656 -0.623734 0
      vertex -17.0656 -0.623734 3
    endloop
  endfacet
  facet normal 0.965984 -0.258601 0
    outer loop
      vertex -17.0656 -0.623734 0
      vertex -17.1468 -0.927051 3
      vertex -17.1468 -0.927051 0
    endloop
  endfacet
  facet normal -0.66057 0.253597 0.706637
    outer loop
      vertex -17.1468 -0.927051 3
      vertex -18.4308 -0.509875 1.64999
      vertex -18.4927 -0.671112 1.64999
    endloop
  endfacet
  facet normal -0.660539 0.253708 0.706626
    outer loop
      vertex -17.2594 -1.22021 3
      vertex -17.1468 -0.927051 3
      vertex -18.4927 -0.671112 1.64999
    endloop
  endfacet
  facet normal -0.933567 0.358403 0
    outer loop
      vertex -18.4927 -0.671112 0
      vertex -18.4308 -0.509875 1.64999
      vertex -18.4308 -0.509875 0
    endloop
  endfacet
  facet normal -0.933567 0.358403 0
    outer loop
      vertex -18.4308 -0.509875 1.64999
      vertex -18.4927 -0.671112 0
      vertex -18.4927 -0.671112 1.64999
    endloop
  endfacet
  facet normal 0.933509 -0.358553 0
    outer loop
      vertex -17.2594 -1.22021 3
      vertex -17.1468 -0.927051 0
      vertex -17.1468 -0.927051 3
    endloop
  endfacet
  facet normal 0.933509 -0.358553 0
    outer loop
      vertex -17.1468 -0.927051 0
      vertex -17.2594 -1.22021 3
      vertex -17.2594 -1.22021 0
    endloop
  endfacet
  facet normal -0.630481 0.321212 0.706624
    outer loop
      vertex -17.2594 -1.22021 3
      vertex -18.4927 -0.671112 1.64999
      vertex -18.5711 -0.824997 1.64999
    endloop
  endfacet
  facet normal -0.630515 0.321128 0.706632
    outer loop
      vertex -17.4019 -1.5 3
      vertex -17.2594 -1.22021 3
      vertex -18.5711 -0.824997 1.64999
    endloop
  endfacet
  facet normal -0.891026 0.453952 0
    outer loop
      vertex -18.5711 -0.824997 0
      vertex -18.4927 -0.671112 1.64999
      vertex -18.4927 -0.671112 0
    endloop
  endfacet
  facet normal -0.891026 0.453952 0
    outer loop
      vertex -18.4927 -0.671112 1.64999
      vertex -18.5711 -0.824997 0
      vertex -18.5711 -0.824997 1.64999
    endloop
  endfacet
  facet normal 0.891084 -0.453838 0
    outer loop
      vertex -17.4019 -1.5 3
      vertex -17.2594 -1.22021 0
      vertex -17.2594 -1.22021 3
    endloop
  endfacet
  facet normal 0.891084 -0.453838 0
    outer loop
      vertex -17.2594 -1.22021 0
      vertex -17.4019 -1.5 3
      vertex -17.4019 -1.5 0
    endloop
  endfacet
  facet normal -0.59354 0.385189 0.70664
    outer loop
      vertex -17.4019 -1.5 3
      vertex -18.5711 -0.824997 1.64999
      vertex -18.6651 -0.969842 1.64999
    endloop
  endfacet
  facet normal -0.593462 0.385336 0.706625
    outer loop
      vertex -17.5729 -1.76336 3
      vertex -17.4019 -1.5 3
      vertex -18.6651 -0.969842 1.64999
    endloop
  endfacet
  facet normal -0.838838 0.544381 0
    outer loop
      vertex -18.6651 -0.969842 0
      vertex -18.5711 -0.824997 1.64999
      vertex -18.5711 -0.824997 0
    endloop
  endfacet
  facet normal -0.838838 0.544381 0
    outer loop
      vertex -18.5711 -0.824997 1.64999
      vertex -18.6651 -0.969842 0
      vertex -18.6651 -0.969842 1.64999
    endloop
  endfacet
  facet normal 0.838711 -0.544576 0
    outer loop
      vertex -17.5729 -1.76336 3
      vertex -17.4019 -1.5 0
      vertex -17.4019 -1.5 3
    endloop
  endfacet
  facet normal 0.838711 -0.544576 0
    outer loop
      vertex -17.4019 -1.5 0
      vertex -17.5729 -1.76336 3
      vertex -17.5729 -1.76336 0
    endloop
  endfacet
  facet normal -0.549875 0.44533 0.706625
    outer loop
      vertex -17.5729 -1.76336 3
      vertex -18.6651 -0.969842 1.64999
      vertex -18.7738 -1.10406 1.64999
    endloop
  endfacet
  facet normal -0.54981 0.445427 0.706615
    outer loop
      vertex -17.7706 -2.00739 3
      vertex -17.5729 -1.76336 3
      vertex -18.7738 -1.10406 1.64999
    endloop
  endfacet
  facet normal -0.777111 0.629364 0
    outer loop
      vertex -18.7738 -1.10406 0
      vertex -18.6651 -0.969842 1.64999
      vertex -18.6651 -0.969842 0
    endloop
  endfacet
  facet normal -0.777111 0.629364 0
    outer loop
      vertex -18.6651 -0.969842 1.64999
      vertex -18.7738 -1.10406 0
      vertex -18.7738 -1.10406 1.64999
    endloop
  endfacet
  facet normal 0.777008 -0.62949 0
    outer loop
      vertex -17.7706 -2.00739 3
      vertex -17.5729 -1.76336 0
      vertex -17.5729 -1.76336 3
    endloop
  endfacet
  facet normal 0.777008 -0.62949 0
    outer loop
      vertex -17.5729 -1.76336 0
      vertex -17.7706 -2.00739 3
      vertex -17.7706 -2.00739 0
    endloop
  endfacet
  facet normal -0.500394 0.500304 0.706613
    outer loop
      vertex -18.7738 -1.10406 1.64999
      vertex -17.9926 -2.22943 3
      vertex -17.7706 -2.00739 3
    endloop
  endfacet
  facet normal -0.500389 0.500308 0.706614
    outer loop
      vertex -17.9926 -2.22943 3
      vertex -18.7738 -1.10406 1.64999
      vertex -18.8959 -1.22618 1.64999
    endloop
  endfacet
  facet normal -0.707165 0.707049 0
    outer loop
      vertex -18.7738 -1.10406 0
      vertex -18.8959 -1.22618 1.64999
      vertex -18.7738 -1.10406 1.64999
    endloop
  endfacet
  facet normal -0.707165 0.707049 0
    outer loop
      vertex -18.8959 -1.22618 1.64999
      vertex -18.7738 -1.10406 0
      vertex -18.8959 -1.22618 0
    endloop
  endfacet
  facet normal 0.70717 -0.707043 0
    outer loop
      vertex -17.9926 -2.22943 3
      vertex -17.7706 -2.00739 0
      vertex -17.7706 -2.00739 3
    endloop
  endfacet
  facet normal 0.70717 -0.707043 0
    outer loop
      vertex -17.7706 -2.00739 0
      vertex -17.9926 -2.22943 3
      vertex -17.9926 -2.22943 0
    endloop
  endfacet
  facet normal -0.445151 0.550039 0.70661
    outer loop
      vertex -17.9926 -2.22943 3
      vertex -18.8959 -1.22618 1.64999
      vertex -19.0302 -1.33487 1.64999
    endloop
  endfacet
  facet normal -0.445339 0.549856 0.706634
    outer loop
      vertex -18.2366 -2.42705 3
      vertex -17.9926 -2.22943 3
      vertex -19.0302 -1.33487 1.64999
    endloop
  endfacet
  facet normal -0.629097 0.777327 0
    outer loop
      vertex -18.8959 -1.22618 0
      vertex -19.0302 -1.33487 1.64999
      vertex -18.8959 -1.22618 1.64999
    endloop
  endfacet
  facet normal -0.629097 0.777327 0
    outer loop
      vertex -19.0302 -1.33487 1.64999
      vertex -18.8959 -1.22618 0
      vertex -19.0302 -1.33487 0
    endloop
  endfacet
  facet normal 0.629383 -0.777095 0
    outer loop
      vertex -18.2366 -2.42705 0
      vertex -17.9926 -2.22943 3
      vertex -18.2366 -2.42705 3
    endloop
  endfacet
  facet normal 0.629383 -0.777095 0
    outer loop
      vertex -17.9926 -2.22943 3
      vertex -18.2366 -2.42705 0
      vertex -17.9926 -2.22943 0
    endloop
  endfacet
  facet normal -0.385477 0.593357 0.706637
    outer loop
      vertex -18.2366 -2.42705 3
      vertex -19.0302 -1.33487 1.64999
      vertex -19.175 -1.42894 1.64999
    endloop
  endfacet
  facet normal -0.385241 0.593542 0.70661
    outer loop
      vertex -19.175 -1.42894 1.64999
      vertex -18.3265 -2.4854 3
      vertex -18.2366 -2.42705 3
    endloop
  endfacet
  facet normal -0.385406 0.593422 0.70662
    outer loop
      vertex -18.5 -2.59807 2.99999
      vertex -18.3265 -2.4854 3
      vertex -19.175 -1.42894 1.64999
    endloop
  endfacet
  facet normal -0.544785 0.838576 0
    outer loop
      vertex -19.0302 -1.33487 0
      vertex -19.175 -1.42894 1.64999
      vertex -19.0302 -1.33487 1.64999
    endloop
  endfacet
  facet normal -0.544785 0.838576 0
    outer loop
      vertex -19.175 -1.42894 1.64999
      vertex -19.0302 -1.33487 0
      vertex -19.175 -1.42894 0
    endloop
  endfacet
  facet normal 0.544431 -0.838806 0
    outer loop
      vertex -18.3265 -2.4854 0
      vertex -18.2366 -2.42705 3
      vertex -18.3265 -2.4854 3
    endloop
  endfacet
  facet normal 0.544431 -0.838806 0
    outer loop
      vertex -18.2366 -2.42705 3
      vertex -18.3265 -2.4854 0
      vertex -18.2366 -2.42705 0
    endloop
  endfacet
  facet normal -0.321189 0.630497 0.706619
    outer loop
      vertex -19.3289 -1.50734 1.64999
      vertex -18.5 -2.59807 2.99999
      vertex -19.175 -1.42894 1.64999
    endloop
  endfacet
  facet normal -0.321211 0.630484 0.706622
    outer loop
      vertex -19.3289 -1.50734 1.64999
      vertex -18.7798 -2.74063 3
      vertex -18.5 -2.59807 2.99999
    endloop
  endfacet
  facet normal -0.453917 0.891044 0
    outer loop
      vertex -19.175 -1.42894 0
      vertex -19.3289 -1.50734 1.64999
      vertex -19.175 -1.42894 1.64999
    endloop
  endfacet
  facet normal -0.453917 0.891044 0
    outer loop
      vertex -19.3289 -1.50734 1.64999
      vertex -19.175 -1.42894 0
      vertex -19.3289 -1.50734 0
    endloop
  endfacet
  facet normal -0.253653 0.660564 0.706623
    outer loop
      vertex -19.4901 -1.56924 1.64999
      vertex -18.7798 -2.74063 3
      vertex -19.3289 -1.50734 1.64999
    endloop
  endfacet
  facet normal -0.253617 0.660581 0.706619
    outer loop
      vertex -19.4901 -1.56924 1.64999
      vertex -19.0729 -2.85316 3
      vertex -18.7798 -2.74063 3
    endloop
  endfacet
  facet normal -0.955418 0 0.295257
    outer loop
      vertex -19.0729 -2.85316 3
      vertex -19.4901 -1.56924 1.64999
      vertex -19.0729 -2.85317 3
    endloop
  endfacet
  facet normal -0.358475 0.93354 0
    outer loop
      vertex -19.3289 -1.50734 0
      vertex -19.4901 -1.56924 1.64999
      vertex -19.3289 -1.50734 1.64999
    endloop
  endfacet
  facet normal -0.358475 0.93354 0
    outer loop
      vertex -19.4901 -1.56924 1.64999
      vertex -19.3289 -1.50734 0
      vertex -19.4901 -1.56924 0
    endloop
  endfacet
  facet normal -0.183161 0.683474 0.706623
    outer loop
      vertex -19.6569 -1.61394 1.64999
      vertex -19.0729 -2.85317 3
      vertex -19.4901 -1.56924 1.64999
    endloop
  endfacet
  facet normal -0.183086 0.683501 0.706615
    outer loop
      vertex -19.6569 -1.61394 1.64999
      vertex -19.3763 -2.93443 2.99999
      vertex -19.0729 -2.85317 3
    endloop
  endfacet
  facet normal -0.979074 0 0.203502
    outer loop
      vertex -19.3763 -2.93443 2.99999
      vertex -19.6569 -1.61394 1.64999
      vertex -19.3763 -2.93444 2.99999
    endloop
  endfacet
  facet normal -0.258852 0.965917 0
    outer loop
      vertex -19.4901 -1.56924 0
      vertex -19.6569 -1.61394 1.64999
      vertex -19.4901 -1.56924 1.64999
    endloop
  endfacet
  facet normal -0.258852 0.965917 0
    outer loop
      vertex -19.6569 -1.61394 1.64999
      vertex -19.4901 -1.56924 0
      vertex -19.6569 -1.61394 0
    endloop
  endfacet
  facet normal -0.110651 0.698891 0.706618
    outer loop
      vertex -19.3763 -2.93444 2.99999
      vertex -19.6569 -1.61394 1.64999
      vertex -19.8275 -1.64095 1.64999
    endloop
  endfacet
  facet normal -0.110681 0.698883 0.70662
    outer loop
      vertex -19.8275 -1.64095 1.64999
      vertex -19.6864 -2.98355 2.99999
      vertex -19.3763 -2.93444 2.99999
    endloop
  endfacet
  facet normal -0.156376 0.987698 0
    outer loop
      vertex -19.6569 -1.61394 0
      vertex -19.8275 -1.64095 1.64999
      vertex -19.6569 -1.61394 1.64999
    endloop
  endfacet
  facet normal -0.156376 0.987698 0
    outer loop
      vertex -19.8275 -1.64095 1.64999
      vertex -19.6569 -1.61394 0
      vertex -19.8275 -1.64095 0
    endloop
  endfacet
  facet normal -0.0370312 0.706623 0.70662
    outer loop
      vertex -19.6864 -2.98355 2.99999
      vertex -19.8275 -1.64095 1.64999
      vertex -20 -1.64999 1.64999
    endloop
  endfacet
  facet normal -0.0370435 0.706621 0.706621
    outer loop
      vertex -19.6864 -2.98355 2.99999
      vertex -20 -1.64999 1.64999
      vertex -20 -3 3
    endloop
  endfacet
  facet normal -0.052334 0.99863 0
    outer loop
      vertex -19.8275 -1.64095 0
      vertex -20 -1.64999 1.64999
      vertex -19.8275 -1.64095 1.64999
    endloop
  endfacet
  facet normal -0.052334 0.99863 0
    outer loop
      vertex -20 -1.64999 1.64999
      vertex -19.8275 -1.64095 0
      vertex -20 -1.64999 0
    endloop
  endfacet
  facet normal 0.0370311 0.706622 0.706622
    outer loop
      vertex -20 -3 3
      vertex -20 -1.64999 1.64999
      vertex -20.1725 -1.64095 1.64999
    endloop
  endfacet
  facet normal 0.0370436 0.706622 0.706621
    outer loop
      vertex -20.3136 -2.98355 2.99999
      vertex -20 -3 3
      vertex -20.1725 -1.64095 1.64999
    endloop
  endfacet
  facet normal 0.052334 0.99863 -0
    outer loop
      vertex -20 -1.64999 0
      vertex -20.1725 -1.64095 1.64999
      vertex -20 -1.64999 1.64999
    endloop
  endfacet
  facet normal 0.052334 0.99863 0
    outer loop
      vertex -20.1725 -1.64095 1.64999
      vertex -20 -1.64999 0
      vertex -20.1725 -1.64095 0
    endloop
  endfacet
  facet normal 0.11065 0.698887 0.706621
    outer loop
      vertex -20.3136 -2.98355 2.99999
      vertex -20.1725 -1.64095 1.64999
      vertex -20.3431 -1.61394 1.64999
    endloop
  endfacet
  facet normal 0.110704 0.698883 0.706616
    outer loop
      vertex -20.3136 -2.98355 2.99999
      vertex -20.3431 -1.61394 1.64999
      vertex -20.6237 -2.93443 2.99999
    endloop
  endfacet
  facet normal 0.156376 0.987698 -0
    outer loop
      vertex -20.1725 -1.64095 0
      vertex -20.3431 -1.61394 1.64999
      vertex -20.1725 -1.64095 1.64999
    endloop
  endfacet
  facet normal 0.156376 0.987698 0
    outer loop
      vertex -20.3431 -1.61394 1.64999
      vertex -20.1725 -1.64095 0
      vertex -20.3431 -1.61394 0
    endloop
  endfacet
  facet normal 0.183164 0.683483 0.706613
    outer loop
      vertex -20.6237 -2.93443 2.99999
      vertex -20.3431 -1.61394 1.64999
      vertex -20.5099 -1.56924 1.64999
    endloop
  endfacet
  facet normal 0.183142 0.683487 0.706615
    outer loop
      vertex -20.5099 -1.56924 1.64999
      vertex -20.927 -2.85316 2.99999
      vertex -20.6237 -2.93443 2.99999
    endloop
  endfacet
  facet normal 0.258852 0.965917 -0
    outer loop
      vertex -20.3431 -1.61394 0
      vertex -20.5099 -1.56924 1.64999
      vertex -20.3431 -1.61394 1.64999
    endloop
  endfacet
  facet normal 0.258852 0.965917 0
    outer loop
      vertex -20.5099 -1.56924 1.64999
      vertex -20.3431 -1.61394 0
      vertex -20.5099 -1.56924 0
    endloop
  endfacet
  facet normal 0.253657 0.660574 0.706611
    outer loop
      vertex -20.927 -2.85316 2.99999
      vertex -20.5099 -1.56924 1.64999
      vertex -20.6711 -1.50734 1.64999
    endloop
  endfacet
  facet normal 0.253541 0.660607 0.706622
    outer loop
      vertex -20.6711 -1.50734 1.64999
      vertex -21.2202 -2.74063 2.99999
      vertex -20.927 -2.85316 2.99999
    endloop
  endfacet
  facet normal 0.358475 0.93354 -0
    outer loop
      vertex -20.5099 -1.56924 0
      vertex -20.6711 -1.50734 1.64999
      vertex -20.5099 -1.56924 1.64999
    endloop
  endfacet
  facet normal 0.358475 0.93354 0
    outer loop
      vertex -20.6711 -1.50734 1.64999
      vertex -20.5099 -1.56924 0
      vertex -20.6711 -1.50734 0
    endloop
  endfacet
  facet normal 0.321187 0.630492 0.706625
    outer loop
      vertex -20.825 -1.42894 1.64999
      vertex -21.2202 -2.74063 2.99999
      vertex -20.6711 -1.50734 1.64999
    endloop
  endfacet
  facet normal 0.321231 0.630475 0.70662
    outer loop
      vertex -21.2202 -2.74063 2.99999
      vertex -20.825 -1.42894 1.64999
      vertex -21.5 -2.59807 2.99999
    endloop
  endfacet
  facet normal 0.453917 0.891044 -0
    outer loop
      vertex -20.6711 -1.50734 0
      vertex -20.825 -1.42894 1.64999
      vertex -20.6711 -1.50734 1.64999
    endloop
  endfacet
  facet normal 0.453917 0.891044 0
    outer loop
      vertex -20.825 -1.42894 1.64999
      vertex -20.6711 -1.50734 0
      vertex -20.825 -1.42894 0
    endloop
  endfacet
  facet normal 0.385487 0.593373 0.706618
    outer loop
      vertex -20.9698 -1.33487 1.64999
      vertex -21.5 -2.59807 2.99999
      vertex -20.825 -1.42894 1.64999
    endloop
  endfacet
  facet normal 0.385341 0.59345 0.706632
    outer loop
      vertex -20.9698 -1.33487 1.64999
      vertex -21.7634 -2.42705 3
      vertex -21.5 -2.59807 2.99999
    endloop
  endfacet
  facet normal 0.544785 0.838576 -0
    outer loop
      vertex -20.825 -1.42894 0
      vertex -20.9698 -1.33487 1.64999
      vertex -20.825 -1.42894 1.64999
    endloop
  endfacet
  facet normal 0.544785 0.838576 0
    outer loop
      vertex -20.9698 -1.33487 1.64999
      vertex -20.825 -1.42894 0
      vertex -20.9698 -1.33487 0
    endloop
  endfacet
  facet normal 0.445132 0.550015 0.706641
    outer loop
      vertex -21.7634 -2.42705 3
      vertex -20.9698 -1.33487 1.64999
      vertex -21.1041 -1.22618 1.64999
    endloop
  endfacet
  facet normal 0.44533 0.549882 0.706619
    outer loop
      vertex -21.1041 -1.22618 1.64999
      vertex -22.0074 -2.22943 2.99999
      vertex -21.7634 -2.42705 3
    endloop
  endfacet
  facet normal 0.629097 0.777327 -0
    outer loop
      vertex -20.9698 -1.33487 0
      vertex -21.1041 -1.22618 1.64999
      vertex -20.9698 -1.33487 1.64999
    endloop
  endfacet
  facet normal 0.629097 0.777327 0
    outer loop
      vertex -21.1041 -1.22618 1.64999
      vertex -20.9698 -1.33487 0
      vertex -21.1041 -1.22618 0
    endloop
  endfacet
  facet normal 0.500388 0.500306 0.706616
    outer loop
      vertex -21.2262 -1.10406 1.64999
      vertex -22.0074 -2.22943 2.99999
      vertex -21.1041 -1.22618 1.64999
    endloop
  endfacet
  facet normal 0.500392 0.500302 0.706616
    outer loop
      vertex -22.0074 -2.22943 2.99999
      vertex -21.2262 -1.10406 1.64999
      vertex -22.2294 -2.00739 2.99999
    endloop
  endfacet
  facet normal 0.707165 0.707049 -0
    outer loop
      vertex -21.1041 -1.22618 0
      vertex -21.2262 -1.10406 1.64999
      vertex -21.1041 -1.22618 1.64999
    endloop
  endfacet
  facet normal 0.707165 0.707049 0
    outer loop
      vertex -21.2262 -1.10406 1.64999
      vertex -21.1041 -1.22618 0
      vertex -21.2262 -1.10406 0
    endloop
  endfacet
  facet normal 0.549883 0.445337 0.706614
    outer loop
      vertex -22.2294 -2.00739 2.99999
      vertex -21.2262 -1.10406 1.64999
      vertex -21.3349 -0.969842 1.64999
    endloop
  endfacet
  facet normal 0.54995 0.445268 0.706605
    outer loop
      vertex -22.427 -1.76335 3
      vertex -22.2294 -2.00739 2.99999
      vertex -21.3349 -0.969842 1.64999
    endloop
  endfacet
  facet normal 0.777111 0.629364 0
    outer loop
      vertex -21.2262 -1.10406 1.64999
      vertex -21.3349 -0.969842 0
      vertex -21.3349 -0.969842 1.64999
    endloop
  endfacet
  facet normal 0.777111 0.629364 0
    outer loop
      vertex -21.3349 -0.969842 0
      vertex -21.2262 -1.10406 1.64999
      vertex -21.2262 -1.10406 0
    endloop
  endfacet
  facet normal 0.593576 0.385212 0.706597
    outer loop
      vertex -22.427 -1.76335 3
      vertex -21.3349 -0.969842 1.64999
      vertex -21.4289 -0.824997 1.64999
    endloop
  endfacet
  facet normal 0.593334 0.38552 0.706632
    outer loop
      vertex -21.4289 -0.824997 1.64999
      vertex -22.5981 -1.5 2.99999
      vertex -22.427 -1.76335 3
    endloop
  endfacet
  facet normal 0.838838 0.544381 0
    outer loop
      vertex -21.3349 -0.969842 1.64999
      vertex -21.4289 -0.824997 0
      vertex -21.4289 -0.824997 1.64999
    endloop
  endfacet
  facet normal 0.838838 0.544381 0
    outer loop
      vertex -21.4289 -0.824997 0
      vertex -21.3349 -0.969842 1.64999
      vertex -21.3349 -0.969842 0
    endloop
  endfacet
  facet normal 0.630469 0.321206 0.706637
    outer loop
      vertex -22.5981 -1.5 2.99999
      vertex -21.4289 -0.824997 1.64999
      vertex -21.5073 -0.671112 1.64999
    endloop
  endfacet
  facet normal 0.630517 0.321129 0.706629
    outer loop
      vertex -22.5981 -1.5 2.99999
      vertex -21.5073 -0.671112 1.64999
      vertex -22.7406 -1.22021 2.99999
    endloop
  endfacet
  facet normal 0.891026 0.453952 0
    outer loop
      vertex -21.4289 -0.824997 1.64999
      vertex -21.5073 -0.671112 0
      vertex -21.5073 -0.671112 1.64999
    endloop
  endfacet
  facet normal 0.891026 0.453952 0
    outer loop
      vertex -21.5073 -0.671112 0
      vertex -21.4289 -0.824997 1.64999
      vertex -21.4289 -0.824997 0
    endloop
  endfacet
  facet normal 0.66058 0.253601 0.706626
    outer loop
      vertex -21.5692 -0.509875 1.64999
      vertex -22.7406 -1.22021 2.99999
      vertex -21.5073 -0.671112 1.64999
    endloop
  endfacet
  facet normal 0.755301 -0 0.655378
    outer loop
      vertex -22.7406 -1.22021 2.99999
      vertex -21.5692 -0.509875 1.64999
      vertex -22.7406 -1.2202 2.99999
    endloop
  endfacet
  facet normal 0.660528 0.25371 0.706636
    outer loop
      vertex -22.7406 -1.2202 2.99999
      vertex -21.5692 -0.509875 1.64999
      vertex -22.8532 -0.927049 2.99999
    endloop
  endfacet
  facet normal 0.933567 0.358403 0
    outer loop
      vertex -21.5073 -0.671112 1.64999
      vertex -21.5692 -0.509875 0
      vertex -21.5692 -0.509875 1.64999
    endloop
  endfacet
  facet normal 0.933567 0.358403 0
    outer loop
      vertex -21.5692 -0.509875 0
      vertex -21.5073 -0.671112 1.64999
      vertex -21.5073 -0.671112 0
    endloop
  endfacet
  facet normal 0.683463 0.183134 0.70664
    outer loop
      vertex -22.8532 -0.927048 2.99999
      vertex -21.5692 -0.509875 1.64999
      vertex -21.6139 -0.343053 1.64999
    endloop
  endfacet
  facet normal 0.724597 0 0.689173
    outer loop
      vertex -21.5692 -0.509875 1.64999
      vertex -22.8532 -0.927048 2.99999
      vertex -22.8532 -0.927049 2.99999
    endloop
  endfacet
  facet normal 0.683518 0.182984 0.706626
    outer loop
      vertex -22.9344 -0.623733 2.99999
      vertex -22.8532 -0.927048 2.99999
      vertex -21.6139 -0.343053 1.64999
    endloop
  endfacet
  facet normal 0 0 1
    outer loop
      vertex -22.8532 -0.927048 2.99999
      vertex -22.9344 -0.623733 2.99999
      vertex -22.9344 -0.623734 2.99999
    endloop
  endfacet
  facet normal 0.965926 0.25882 0
    outer loop
      vertex -21.5692 -0.509875 1.64999
      vertex -21.6139 -0.343053 0
      vertex -21.6139 -0.343053 1.64999
    endloop
  endfacet
  facet normal 0.965926 0.25882 0
    outer loop
      vertex -21.6139 -0.343053 0
      vertex -21.5692 -0.509875 1.64999
      vertex -21.5692 -0.509875 0
    endloop
  endfacet
  facet normal 0.698819 0.11102 0.706631
    outer loop
      vertex -22.9344 -0.623731 2.99999
      vertex -21.6139 -0.343053 1.64999
      vertex -21.641 -0.172471 1.64999
    endloop
  endfacet
  facet normal 0.714874 0 0.699253
    outer loop
      vertex -21.6139 -0.343053 1.64999
      vertex -22.9344 -0.623731 2.99999
      vertex -22.9344 -0.623733 2.99999
    endloop
  endfacet
  facet normal 0.698858 0.110863 0.706616
    outer loop
      vertex -22.9344 -0.623731 2.99999
      vertex -21.641 -0.172471 1.64999
      vertex -22.9836 -0.313584 2.99999
    endloop
  endfacet
  facet normal 0.987614 0.1569 0
    outer loop
      vertex -21.6139 -0.343053 1.64999
      vertex -21.641 -0.172471 0
      vertex -21.641 -0.172471 1.64999
    endloop
  endfacet
  facet normal 0.987614 0.1569 0
    outer loop
      vertex -21.641 -0.172471 0
      vertex -21.6139 -0.343053 1.64999
      vertex -21.6139 -0.343053 0
    endloop
  endfacet
  facet normal 0.706635 0.0368741 0.706616
    outer loop
      vertex -22.9836 -0.313582 2.99999
      vertex -21.641 -0.172471 1.64999
      vertex -21.65 0 1.64999
    endloop
  endfacet
  facet normal 0 0 0
    outer loop
      vertex -22.9836 -0.313584 2.99999
      vertex -22.9836 -0.313582 2.99999
      vertex -22.9836 -0.313583 2.99999
    endloop
  endfacet
  facet normal 0.709047 0 0.705161
    outer loop
      vertex -22.9836 -0.313582 2.99999
      vertex -22.9836 -0.313584 2.99999
      vertex -21.641 -0.172471 1.64999
    endloop
  endfacet
  facet normal 0.706627 0.0369333 0.706622
    outer loop
      vertex -22.9836 -0.313582 2.99999
      vertex -21.65 0 1.64999
      vertex -23 0 3
    endloop
  endfacet
  facet normal 0.998641 0.0521118 0
    outer loop
      vertex -21.641 -0.172471 1.64999
      vertex -21.65 0 0
      vertex -21.65 0 1.64999
    endloop
  endfacet
  facet normal 0.998641 0.0521118 0
    outer loop
      vertex -21.65 0 0
      vertex -21.641 -0.172471 1.64999
      vertex -21.641 -0.172471 0
    endloop
  endfacet
  facet normal 0 0 -1
    outer loop
      vertex -18.3861 -0.343053 0
      vertex -17.0194 -0.332629 0
      vertex -17.0656 -0.623734 0
    endloop
  endfacet
  facet normal 0 0 -1
    outer loop
      vertex -17.0194 -0.332629 0
      vertex -18.35 0 0
      vertex -17.0194 0.332629 0
    endloop
  endfacet
  facet normal 0 0 -1
    outer loop
      vertex -18.3861 -0.343053 0
      vertex -17.0656 -0.623734 0
      vertex -17.1468 -0.927051 0
    endloop
  endfacet
  facet normal 0 0 -1
    outer loop
      vertex -18.359 0.172471 0
      vertex -17.0194 0.332629 0
      vertex -18.35 0 0
    endloop
  endfacet
  facet normal 0 0 -1
    outer loop
      vertex -18.4308 -0.509875 0
      vertex -17.1468 -0.927051 0
      vertex -17.2594 -1.22021 0
    endloop
  endfacet
  facet normal 0 0 -1
    outer loop
      vertex -18.3861 0.343053 0
      vertex -17.0194 0.332629 0
      vertex -18.359 0.172471 0
    endloop
  endfacet
  facet normal 0 0 -1
    outer loop
      vertex -18.4927 -0.671112 0
      vertex -17.2594 -1.22021 0
      vertex -17.4019 -1.5 0
    endloop
  endfacet
  facet normal 0 0 -1
    outer loop
      vertex -17.0194 0.332629 0
      vertex -18.3861 0.343053 0
      vertex -17.0656 0.623734 0
    endloop
  endfacet
  facet normal 0 0 -1
    outer loop
      vertex -18.5711 -0.824997 0
      vertex -17.4019 -1.5 0
      vertex -17.5729 -1.76336 0
    endloop
  endfacet
  facet normal -0 0 -1
    outer loop
      vertex -17.0656 0.623734 0
      vertex -18.3861 0.343053 0
      vertex -17.1468 0.927051 0
    endloop
  endfacet
  facet normal 0 0 -1
    outer loop
      vertex -18.6651 -0.969842 0
      vertex -17.5729 -1.76336 0
      vertex -17.7706 -2.00739 0
    endloop
  endfacet
  facet normal 0 0 -1
    outer loop
      vertex -18.4308 0.509875 0
      vertex -17.1468 0.927051 0
      vertex -18.3861 0.343053 0
    endloop
  endfacet
  facet normal 0 0 -1
    outer loop
      vertex -18.7738 -1.10406 0
      vertex -17.7706 -2.00739 0
      vertex -17.9926 -2.22943 0
    endloop
  endfacet
  facet normal -0 0 -1
    outer loop
      vertex -17.1468 0.927051 0
      vertex -18.4308 0.509875 0
      vertex -17.2594 1.22021 0
    endloop
  endfacet
  facet normal 0 0 -1
    outer loop
      vertex -18.8959 -1.22618 0
      vertex -17.9926 -2.22943 0
      vertex -18.2366 -2.42705 0
    endloop
  endfacet
  facet normal 0 0 -1
    outer loop
      vertex -18.4927 0.671112 0
      vertex -17.2594 1.22021 0
      vertex -18.4308 0.509875 0
    endloop
  endfacet
  facet normal 0 0 -1
    outer loop
      vertex -19.0302 -1.33487 0
      vertex -18.2366 -2.42705 0
      vertex -18.3265 -2.4854 0
    endloop
  endfacet
  facet normal -0 0 -1
    outer loop
      vertex -17.2594 1.22021 0
      vertex -18.4927 0.671112 0
      vertex -17.4019 1.5 0
    endloop
  endfacet
  facet normal 0 0 -1
    outer loop
      vertex -17.0656 0.623734 0
      vertex -13.5 16.9 0
      vertex -17.0194 0.332629 0
    endloop
  endfacet
  facet normal 0 0 -1
    outer loop
      vertex -17.1468 0.927048 0
      vertex -13.5 16.9 0
      vertex -17.0656 0.623734 0
    endloop
  endfacet
  facet normal 0 0 -1
    outer loop
      vertex -17.2594 1.2202 0
      vertex -13.5 16.9 0
      vertex -17.1468 0.927048 0
    endloop
  endfacet
  facet normal 0 0 -1
    outer loop
      vertex -17.4019 1.5 0
      vertex -13.5 16.9 0
      vertex -17.2594 1.2202 0
    endloop
  endfacet
  facet normal 0 0 -1
    outer loop
      vertex -17.5729 1.76335 0
      vertex -13.5 16.9 0
      vertex -17.4019 1.5 0
    endloop
  endfacet
  facet normal 0 0 -1
    outer loop
      vertex -17.7706 2.00739 0
      vertex -13.5 16.9 0
      vertex -17.5729 1.76335 0
    endloop
  endfacet
  facet normal 0 0 -1
    outer loop
      vertex -17.9926 2.22943 0
      vertex -13.5 16.9 0
      vertex -17.7706 2.00739 0
    endloop
  endfacet
  facet normal 0 0 -1
    outer loop
      vertex -18.2366 2.42705 0
      vertex -13.5 16.9 0
      vertex -17.9926 2.22943 0
    endloop
  endfacet
  facet normal 0 0 -1
    outer loop
      vertex -18.3265 2.4854 0
      vertex -13.5 16.9 0
      vertex -18.2366 2.42705 0
    endloop
  endfacet
  facet normal 0 0 -1
    outer loop
      vertex -23.8042 1.23605 0
      vertex -13.5 16.9 0
      vertex -18.3265 2.4854 0
    endloop
  endfacet
  facet normal -0 0 -1
    outer loop
      vertex -17.4019 1.5 0
      vertex -18.5711 0.824997 0
      vertex -17.5729 1.76336 0
    endloop
  endfacet
  facet normal 0 0 -1
    outer loop
      vertex -18.6651 0.969842 0
      vertex -17.5729 1.76336 0
      vertex -18.5711 0.824997 0
    endloop
  endfacet
  facet normal -0 0 -1
    outer loop
      vertex -17.5729 1.76336 0
      vertex -18.6651 0.969842 0
      vertex -17.7706 2.00739 0
    endloop
  endfacet
  facet normal 0 0 -1
    outer loop
      vertex -18.7738 1.10406 0
      vertex -17.7706 2.00739 0
      vertex -18.6651 0.969842 0
    endloop
  endfacet
  facet normal -0 0 -1
    outer loop
      vertex -17.7706 2.00739 0
      vertex -18.7738 1.10406 0
      vertex -17.9926 2.22943 0
    endloop
  endfacet
  facet normal 0 0 -1
    outer loop
      vertex -18.8959 1.22618 0
      vertex -17.9926 2.22943 0
      vertex -18.7738 1.10406 0
    endloop
  endfacet
  facet normal -0 0 -1
    outer loop
      vertex -17.9926 2.22943 0
      vertex -18.8959 1.22618 0
      vertex -18.2366 2.42705 0
    endloop
  endfacet
  facet normal 0 0 -1
    outer loop
      vertex -19.0302 1.33487 0
      vertex -18.2366 2.42705 0
      vertex -18.8959 1.22618 0
    endloop
  endfacet
  facet normal -0 0 -1
    outer loop
      vertex -18.2366 2.42705 0
      vertex -19.0302 1.33487 0
      vertex -18.3265 2.4854 0
    endloop
  endfacet
  facet normal 0 0 -1
    outer loop
      vertex -19.175 1.42894 0
      vertex -18.3265 2.4854 0
      vertex -19.0302 1.33487 0
    endloop
  endfacet
  facet normal 0 0 -1
    outer loop
      vertex -19.3289 1.50734 0
      vertex -18.3265 2.4854 0
      vertex -19.175 1.42894 0
    endloop
  endfacet
  facet normal 0 0 -1
    outer loop
      vertex -19.4901 1.56924 0
      vertex -18.3265 2.4854 0
      vertex -19.3289 1.50734 0
    endloop
  endfacet
  facet normal 0 0 -1
    outer loop
      vertex -19.6569 1.61394 0
      vertex -18.3265 2.4854 0
      vertex -19.4901 1.56924 0
    endloop
  endfacet
  facet normal 0 0 -1
    outer loop
      vertex -19.8275 1.64095 0
      vertex -18.3265 2.4854 0
      vertex -19.6569 1.61394 0
    endloop
  endfacet
  facet normal 0 0 -1
    outer loop
      vertex -20 1.64999 0
      vertex -18.3265 2.4854 0
      vertex -19.8275 1.64095 0
    endloop
  endfacet
  facet normal 0 0 -1
    outer loop
      vertex -20.1725 1.64095 0
      vertex -18.3265 2.4854 0
      vertex -20 1.64999 0
    endloop
  endfacet
  facet normal 0 0 -1
    outer loop
      vertex -20.3431 1.61394 0
      vertex -18.3265 2.4854 0
      vertex -20.1725 1.64095 0
    endloop
  endfacet
  facet normal 0 0 -1
    outer loop
      vertex -20.5099 1.56924 0
      vertex -18.3265 2.4854 0
      vertex -20.3431 1.61394 0
    endloop
  endfacet
  facet normal 0 0 -1
    outer loop
      vertex -18.3265 2.4854 0
      vertex -20.5099 1.56924 0
      vertex -23.8042 1.23605 0
    endloop
  endfacet
  facet normal 0 0 -1
    outer loop
      vertex -23.8042 1.23605 0
      vertex -20.5099 1.56924 0
      vertex -20.6711 1.50734 0
    endloop
  endfacet
  facet normal 0 0 -1
    outer loop
      vertex -23.8042 1.23605 0
      vertex -20.6711 1.50734 0
      vertex -20.825 1.42894 0
    endloop
  endfacet
  facet normal 0 0 -1
    outer loop
      vertex -23.8042 1.23605 0
      vertex -20.825 1.42894 0
      vertex -20.9698 1.33487 0
    endloop
  endfacet
  facet normal 0 0 -1
    outer loop
      vertex -23.8042 1.23605 0
      vertex -20.9698 1.33487 0
      vertex -21.1041 1.22618 0
    endloop
  endfacet
  facet normal 0 0 -1
    outer loop
      vertex -23.8042 1.23605 0
      vertex -21.1041 1.22618 0
      vertex -21.2262 1.10406 0
    endloop
  endfacet
  facet normal 0 0 -1
    outer loop
      vertex -23.8042 1.23605 0
      vertex -21.2262 1.10406 0
      vertex -21.3349 0.969842 0
    endloop
  endfacet
  facet normal 0 0 -1
    outer loop
      vertex -23.8042 1.23605 0
      vertex -21.3349 0.969842 0
      vertex -21.4289 0.824997 0
    endloop
  endfacet
  facet normal 0 0 -1
    outer loop
      vertex -23.8042 1.23605 0
      vertex -21.4289 0.824997 0
      vertex -21.5073 0.671112 0
    endloop
  endfacet
  facet normal 0 0 -1
    outer loop
      vertex -23.8042 1.23605 0
      vertex -21.5073 0.671112 0
      vertex -21.5692 0.509875 0
    endloop
  endfacet
  facet normal 0 0 -1
    outer loop
      vertex -23.8042 1.23605 0
      vertex -21.5692 0.509875 0
      vertex -21.6139 0.343053 0
    endloop
  endfacet
  facet normal 0 0 -1
    outer loop
      vertex -23.9781 -0.418106 0
      vertex -21.641 -0.172471 0
      vertex -23.9126 -0.831635 0
    endloop
  endfacet
  facet normal -0 0 -1
    outer loop
      vertex -21.641 -0.172471 0
      vertex -23.9781 -0.418106 0
      vertex -21.65 0 0
    endloop
  endfacet
  facet normal 0 0 -1
    outer loop
      vertex -24 0 0
      vertex -21.65 0 0
      vertex -23.9781 -0.418106 0
    endloop
  endfacet
  facet normal -0 0 -1
    outer loop
      vertex -13.5 16.9 0
      vertex -23.8042 1.23605 0
      vertex -16.3042 25.7361 0
    endloop
  endfacet
  facet normal 0 0 -1
    outer loop
      vertex -21.65 0 0
      vertex -24 0 0
      vertex -21.641 0.172471 0
    endloop
  endfacet
  facet normal 0 0 -1
    outer loop
      vertex -21.6139 0.343053 0
      vertex -23.9126 0.831635 0
      vertex -23.8042 1.23605 0
    endloop
  endfacet
  facet normal 0 -0 -1
    outer loop
      vertex -23.9781 0.418106 0
      vertex -21.641 0.172471 0
      vertex -24 0 0
    endloop
  endfacet
  facet normal 0 0 -1
    outer loop
      vertex -21.6139 0.343053 0
      vertex -23.9781 0.418106 0
      vertex -23.9126 0.831635 0
    endloop
  endfacet
  facet normal 0 0 -1
    outer loop
      vertex -21.641 0.172471 0
      vertex -23.9781 0.418106 0
      vertex -21.6139 0.343053 0
    endloop
  endfacet
  facet normal 0 0 -1
    outer loop
      vertex 13.4749 17.1225 0
      vertex 16.3042 25.7361 0
      vertex 13.5 16.9 0
    endloop
  endfacet
  facet normal 0 0 -1
    outer loop
      vertex 13.401 17.3339 0
      vertex 16.3042 25.7361 0
      vertex 13.4749 17.1225 0
    endloop
  endfacet
  facet normal 0 0 -1
    outer loop
      vertex 13.2818 17.5235 0
      vertex 16.3042 25.7361 0
      vertex 13.401 17.3339 0
    endloop
  endfacet
  facet normal 0 0 -1
    outer loop
      vertex 7.62349 23.1818 0
      vertex 16.3042 25.7361 0
      vertex 13.2818 17.5235 0
    endloop
  endfacet
  facet normal 0 -0 -1
    outer loop
      vertex 12.5 28.5 0
      vertex 16.3042 25.7361 0
      vertex 7.62349 23.1818 0
    endloop
  endfacet
  facet normal 0 0 -1
    outer loop
      vertex 16.3042 25.7361 0
      vertex 12.5 28.5 0
      vertex 13.7361 28.3042 0
    endloop
  endfacet
  facet normal 0 0 -1
    outer loop
      vertex 13.7361 28.3042 0
      vertex 12.5 28.5 0
      vertex 13.3316 28.4126 0
    endloop
  endfacet
  facet normal 0 0 -1
    outer loop
      vertex 13.3316 28.4126 0
      vertex 12.5 28.5 0
      vertex 12.9181 28.4781 0
    endloop
  endfacet
  facet normal 0 0 -1
    outer loop
      vertex 7.43388 23.301 0
      vertex 12.5 28.5 0
      vertex 7.62349 23.1818 0
    endloop
  endfacet
  facet normal 0 0 -1
    outer loop
      vertex 7.22252 23.3749 0
      vertex 12.5 28.5 0
      vertex 7.43388 23.301 0
    endloop
  endfacet
  facet normal 0 0 -1
    outer loop
      vertex 7 23.4 0
      vertex 12.5 28.5 0
      vertex 7.22252 23.3749 0
    endloop
  endfacet
  facet normal 0 0 -1
    outer loop
      vertex -7 23.4 0
      vertex 12.5 28.5 0
      vertex 7 23.4 0
    endloop
  endfacet
  facet normal 0 0 -1
    outer loop
      vertex -12.5 28.5 0
      vertex -7 23.4 0
      vertex -7.22252 23.3749 0
    endloop
  endfacet
  facet normal 0 0 -1
    outer loop
      vertex -7 23.4 0
      vertex -12.5 28.5 0
      vertex 12.5 28.5 0
    endloop
  endfacet
  facet normal 0 0 -1
    outer loop
      vertex -7.43388 23.301 0
      vertex -12.5 28.5 0
      vertex -7.22252 23.3749 0
    endloop
  endfacet
  facet normal 0 0 -1
    outer loop
      vertex -7.62349 23.1818 0
      vertex -12.5 28.5 0
      vertex -7.43388 23.301 0
    endloop
  endfacet
  facet normal 0 0 -1
    outer loop
      vertex -16.3042 25.7361 0
      vertex -12.5 28.5 0
      vertex -7.62349 23.1818 0
    endloop
  endfacet
  facet normal 0 0 -1
    outer loop
      vertex -16.3042 25.7361 0
      vertex -7.62349 23.1818 0
      vertex -13.2818 17.5235 0
    endloop
  endfacet
  facet normal 0 0 -1
    outer loop
      vertex -12.5 28.5 0
      vertex -16.3042 25.7361 0
      vertex -12.9181 28.4781 0
    endloop
  endfacet
  facet normal 0 0 -1
    outer loop
      vertex -16.3042 25.7361 0
      vertex -13.2818 17.5235 0
      vertex -13.401 17.3339 0
    endloop
  endfacet
  facet normal 0 0 -1
    outer loop
      vertex -16.3042 25.7361 0
      vertex -13.401 17.3339 0
      vertex -13.4749 17.1225 0
    endloop
  endfacet
  facet normal 0 0 -1
    outer loop
      vertex -16.3042 25.7361 0
      vertex -13.4749 17.1225 0
      vertex -13.5 16.9 0
    endloop
  endfacet
  facet normal 0 0 -1
    outer loop
      vertex -12.9181 28.4781 0
      vertex -16.3042 25.7361 0
      vertex -13.3316 28.4126 0
    endloop
  endfacet
  facet normal 0 0 -1
    outer loop
      vertex -13.5 -20.4 0
      vertex -17.0194 -0.332629 0
      vertex -13.5 16.9 0
    endloop
  endfacet
  facet normal 0 0 -1
    outer loop
      vertex -16.3042 -25.7361 0
      vertex -13.7361 -28.3042 0
      vertex -14.127 -28.1542 0
    endloop
  endfacet
  facet normal 0 0 -1
    outer loop
      vertex -17.0194 0.332629 0
      vertex -13.5 16.9 0
      vertex -17.0194 -0.332629 0
    endloop
  endfacet
  facet normal 0 0 -1
    outer loop
      vertex -16.3042 -25.7361 0
      vertex -14.127 -28.1542 0
      vertex -14.5 -27.9641 0
    endloop
  endfacet
  facet normal 0 0 -1
    outer loop
      vertex -13.3316 28.4126 0
      vertex -16.3042 25.7361 0
      vertex -13.7361 28.3042 0
    endloop
  endfacet
  facet normal 0 0 -1
    outer loop
      vertex -16.3042 -25.7361 0
      vertex -14.5 -27.9641 0
      vertex -14.8511 -27.7361 0
    endloop
  endfacet
  facet normal 0 0 -1
    outer loop
      vertex -13.7361 28.3042 0
      vertex -16.3042 25.7361 0
      vertex -14.127 28.1542 0
    endloop
  endfacet
  facet normal 0 0 -1
    outer loop
      vertex -16.3042 -25.7361 0
      vertex -14.8511 -27.7361 0
      vertex -15.1765 -27.4726 0
    endloop
  endfacet
  facet normal 0 0 -1
    outer loop
      vertex -14.127 28.1542 0
      vertex -16.3042 25.7361 0
      vertex -14.5 27.9641 0
    endloop
  endfacet
  facet normal 0 0 -1
    outer loop
      vertex -16.3042 -25.7361 0
      vertex -15.1765 -27.4726 0
      vertex -15.4726 -27.1765 0
    endloop
  endfacet
  facet normal 0 0 -1
    outer loop
      vertex -14.5 27.9641 0
      vertex -16.3042 25.7361 0
      vertex -14.8511 27.7361 0
    endloop
  endfacet
  facet normal 0 0 -1
    outer loop
      vertex -16.3042 -25.7361 0
      vertex -15.4726 -27.1765 0
      vertex -15.7361 -26.8511 0
    endloop
  endfacet
  facet normal 0 0 -1
    outer loop
      vertex -14.8511 27.7361 0
      vertex -16.3042 25.7361 0
      vertex -15.1765 27.4726 0
    endloop
  endfacet
  facet normal 0 0 -1
    outer loop
      vertex -16.3042 -25.7361 0
      vertex -15.7361 -26.8511 0
      vertex -15.9641 -26.5 0
    endloop
  endfacet
  facet normal 0 0 -1
    outer loop
      vertex -15.1765 27.4726 0
      vertex -16.3042 25.7361 0
      vertex -15.4726 27.1765 0
    endloop
  endfacet
  facet normal 0 0 -1
    outer loop
      vertex -16.3042 -25.7361 0
      vertex -15.9641 -26.5 0
      vertex -16.1542 -26.127 0
    endloop
  endfacet
  facet normal 0 0 -1
    outer loop
      vertex -15.4726 27.1765 0
      vertex -16.3042 25.7361 0
      vertex -15.7361 26.8511 0
    endloop
  endfacet
  facet normal 0 0 -1
    outer loop
      vertex -17.5729 -1.76335 0
      vertex -13.7361 -28.3042 0
      vertex -16.3042 -25.7361 0
    endloop
  endfacet
  facet normal 0 0 -1
    outer loop
      vertex -15.7361 26.8511 0
      vertex -16.3042 25.7361 0
      vertex -15.9641 26.5 0
    endloop
  endfacet
  facet normal 0 0 -1
    outer loop
      vertex -15.9641 26.5 0
      vertex -16.3042 25.7361 0
      vertex -16.1542 26.127 0
    endloop
  endfacet
  facet normal 0 0 -1
    outer loop
      vertex -13.7361 -28.3042 0
      vertex -17.0656 -0.623734 0
      vertex -17.0194 -0.332629 0
    endloop
  endfacet
  facet normal 0 0 -1
    outer loop
      vertex -13.7361 -28.3042 0
      vertex -17.1468 -0.927048 0
      vertex -17.0656 -0.623734 0
    endloop
  endfacet
  facet normal 0 0 -1
    outer loop
      vertex -13.7361 -28.3042 0
      vertex -17.2594 -1.2202 0
      vertex -17.1468 -0.927048 0
    endloop
  endfacet
  facet normal 0 0 -1
    outer loop
      vertex -13.7361 -28.3042 0
      vertex -17.4019 -1.5 0
      vertex -17.2594 -1.2202 0
    endloop
  endfacet
  facet normal 0 0 -1
    outer loop
      vertex -13.7361 -28.3042 0
      vertex -17.5729 -1.76335 0
      vertex -17.4019 -1.5 0
    endloop
  endfacet
  facet normal 0 0 -1
    outer loop
      vertex -16.3042 -25.7361 0
      vertex -17.7706 -2.00739 0
      vertex -17.5729 -1.76335 0
    endloop
  endfacet
  facet normal 0 0 -1
    outer loop
      vertex -16.3042 -25.7361 0
      vertex -17.9926 -2.22943 0
      vertex -17.7706 -2.00739 0
    endloop
  endfacet
  facet normal 0 0 -1
    outer loop
      vertex -16.3042 -25.7361 0
      vertex -18.2366 -2.42705 0
      vertex -17.9926 -2.22943 0
    endloop
  endfacet
  facet normal 0 0 -1
    outer loop
      vertex -16.3042 -25.7361 0
      vertex -18.3265 -2.4854 0
      vertex -18.2366 -2.42705 0
    endloop
  endfacet
  facet normal 0 0 -1
    outer loop
      vertex -18.5711 0.824997 0
      vertex -17.4019 1.5 0
      vertex -18.4927 0.671112 0
    endloop
  endfacet
  facet normal 0 0 -1
    outer loop
      vertex -17.0194 -0.332629 0
      vertex -18.359 -0.172471 0
      vertex -18.35 0 0
    endloop
  endfacet
  facet normal -0 0 -1
    outer loop
      vertex -17.0194 -0.332629 0
      vertex -18.3861 -0.343053 0
      vertex -18.359 -0.172471 0
    endloop
  endfacet
  facet normal 0 0 -1
    outer loop
      vertex -17.1468 -0.927051 0
      vertex -18.4308 -0.509875 0
      vertex -18.3861 -0.343053 0
    endloop
  endfacet
  facet normal 0 0 -1
    outer loop
      vertex -17.2594 -1.22021 0
      vertex -18.4927 -0.671112 0
      vertex -18.4308 -0.509875 0
    endloop
  endfacet
  facet normal 0 0 -1
    outer loop
      vertex -23.8042 -1.23605 0
      vertex -18.3265 -2.4854 0
      vertex -16.3042 -25.7361 0
    endloop
  endfacet
  facet normal 0 0 -1
    outer loop
      vertex -17.4019 -1.5 0
      vertex -18.5711 -0.824997 0
      vertex -18.4927 -0.671112 0
    endloop
  endfacet
  facet normal 0 0 -1
    outer loop
      vertex -17.5729 -1.76336 0
      vertex -18.6651 -0.969842 0
      vertex -18.5711 -0.824997 0
    endloop
  endfacet
  facet normal 0 0 -1
    outer loop
      vertex -17.7706 -2.00739 0
      vertex -18.7738 -1.10406 0
      vertex -18.6651 -0.969842 0
    endloop
  endfacet
  facet normal 0 0 -1
    outer loop
      vertex -17.9926 -2.22943 0
      vertex -18.8959 -1.22618 0
      vertex -18.7738 -1.10406 0
    endloop
  endfacet
  facet normal 0 0 -1
    outer loop
      vertex -18.2366 -2.42705 0
      vertex -19.0302 -1.33487 0
      vertex -18.8959 -1.22618 0
    endloop
  endfacet
  facet normal 0 0 -1
    outer loop
      vertex -18.3265 -2.4854 0
      vertex -19.175 -1.42894 0
      vertex -19.0302 -1.33487 0
    endloop
  endfacet
  facet normal 0 0 -1
    outer loop
      vertex -18.3265 -2.4854 0
      vertex -19.3289 -1.50734 0
      vertex -19.175 -1.42894 0
    endloop
  endfacet
  facet normal 0 0 -1
    outer loop
      vertex -18.3265 -2.4854 0
      vertex -19.4901 -1.56924 0
      vertex -19.3289 -1.50734 0
    endloop
  endfacet
  facet normal 0 0 -1
    outer loop
      vertex -18.3265 -2.4854 0
      vertex -19.6569 -1.61394 0
      vertex -19.4901 -1.56924 0
    endloop
  endfacet
  facet normal 0 0 -1
    outer loop
      vertex -18.3265 -2.4854 0
      vertex -19.8275 -1.64095 0
      vertex -19.6569 -1.61394 0
    endloop
  endfacet
  facet normal 0 0 -1
    outer loop
      vertex -18.3265 -2.4854 0
      vertex -20 -1.64999 0
      vertex -19.8275 -1.64095 0
    endloop
  endfacet
  facet normal 0 0 -1
    outer loop
      vertex -18.3265 -2.4854 0
      vertex -20.1725 -1.64095 0
      vertex -20 -1.64999 0
    endloop
  endfacet
  facet normal 0 0 -1
    outer loop
      vertex -18.3265 -2.4854 0
      vertex -20.3431 -1.61394 0
      vertex -20.1725 -1.64095 0
    endloop
  endfacet
  facet normal -0 -0 -1
    outer loop
      vertex -20.5099 -1.56924 0
      vertex -18.3265 -2.4854 0
      vertex -23.8042 -1.23605 0
    endloop
  endfacet
  facet normal 0 0 -1
    outer loop
      vertex -18.3265 -2.4854 0
      vertex -20.5099 -1.56924 0
      vertex -20.3431 -1.61394 0
    endloop
  endfacet
  facet normal 0 0 -1
    outer loop
      vertex -20.5099 -1.56924 0
      vertex -23.8042 -1.23605 0
      vertex -20.6711 -1.50734 0
    endloop
  endfacet
  facet normal 0 0 -1
    outer loop
      vertex -20.6711 -1.50734 0
      vertex -23.8042 -1.23605 0
      vertex -20.825 -1.42894 0
    endloop
  endfacet
  facet normal 0 0 -1
    outer loop
      vertex -20.825 -1.42894 0
      vertex -23.8042 -1.23605 0
      vertex -20.9698 -1.33487 0
    endloop
  endfacet
  facet normal 0 0 -1
    outer loop
      vertex -20.9698 -1.33487 0
      vertex -23.8042 -1.23605 0
      vertex -21.1041 -1.22618 0
    endloop
  endfacet
  facet normal -0 0 -1
    outer loop
      vertex -21.1041 -1.22618 0
      vertex -23.8042 -1.23605 0
      vertex -21.2262 -1.10406 0
    endloop
  endfacet
  facet normal -0 0 -1
    outer loop
      vertex -21.2262 -1.10406 0
      vertex -23.8042 -1.23605 0
      vertex -21.3349 -0.969842 0
    endloop
  endfacet
  facet normal -0 0 -1
    outer loop
      vertex -21.3349 -0.969842 0
      vertex -23.8042 -1.23605 0
      vertex -21.4289 -0.824997 0
    endloop
  endfacet
  facet normal -0 0 -1
    outer loop
      vertex -21.4289 -0.824997 0
      vertex -23.8042 -1.23605 0
      vertex -21.5073 -0.671112 0
    endloop
  endfacet
  facet normal -0 0 -1
    outer loop
      vertex -21.5073 -0.671112 0
      vertex -23.8042 -1.23605 0
      vertex -21.5692 -0.509875 0
    endloop
  endfacet
  facet normal -0 0 -1
    outer loop
      vertex -21.6139 -0.343053 0
      vertex -23.9126 -0.831635 0
      vertex -21.641 -0.172471 0
    endloop
  endfacet
  facet normal 0 0 -1
    outer loop
      vertex -23.9126 -0.831635 0
      vertex -21.6139 -0.343053 0
      vertex -23.8042 -1.23605 0
    endloop
  endfacet
  facet normal -0 0 -1
    outer loop
      vertex -21.5692 -0.509875 0
      vertex -23.8042 -1.23605 0
      vertex -21.6139 -0.343053 0
    endloop
  endfacet
  facet normal 0 0 -1
    outer loop
      vertex 17.2594 -1.22021 0
      vertex 18.4927 -0.671112 0
      vertex 17.4019 -1.5 0
    endloop
  endfacet
  facet normal -0 0 -1
    outer loop
      vertex 18.4927 -0.671112 0
      vertex 17.2594 -1.22021 0
      vertex 18.4308 -0.509875 0
    endloop
  endfacet
  facet normal 0 -0 -1
    outer loop
      vertex 18.2366 2.42705 0
      vertex 18.35 0 0
      vertex 17.9926 2.22943 0
    endloop
  endfacet
  facet normal 0 0 -1
    outer loop
      vertex 18.35 0 0
      vertex 18.2366 2.42705 0
      vertex 18.3265 2.4854 0
    endloop
  endfacet
  facet normal 0 0 -1
    outer loop
      vertex 17.1468 -0.927051 0
      vertex 18.4308 -0.509875 0
      vertex 17.2594 -1.22021 0
    endloop
  endfacet
  facet normal 0 0 -1
    outer loop
      vertex 18.35 0 0
      vertex 17.7706 2.00739 0
      vertex 17.9926 2.22943 0
    endloop
  endfacet
  facet normal -0 0 -1
    outer loop
      vertex 18.4308 -0.509875 0
      vertex 17.1468 -0.927051 0
      vertex 18.3861 -0.343053 0
    endloop
  endfacet
  facet normal 0 0 -1
    outer loop
      vertex 18.35 0 0
      vertex 17.5729 1.76336 0
      vertex 17.7706 2.00739 0
    endloop
  endfacet
  facet normal 0 0 -1
    outer loop
      vertex 17.0656 -0.623734 0
      vertex 18.3861 -0.343053 0
      vertex 17.1468 -0.927051 0
    endloop
  endfacet
  facet normal 0 0 -1
    outer loop
      vertex 18.35 0 0
      vertex 17.4019 1.5 0
      vertex 17.5729 1.76336 0
    endloop
  endfacet
  facet normal 0 0 -1
    outer loop
      vertex 17.0194 -0.332629 0
      vertex 18.3861 -0.343053 0
      vertex 17.0656 -0.623734 0
    endloop
  endfacet
  facet normal 0 0 -1
    outer loop
      vertex 18.35 0 0
      vertex 17.2594 1.22021 0
      vertex 17.4019 1.5 0
    endloop
  endfacet
  facet normal 0 0 -1
    outer loop
      vertex 18.3861 -0.343053 0
      vertex 17.0194 -0.332629 0
      vertex 18.359 -0.172471 0
    endloop
  endfacet
  facet normal 0 0 -1
    outer loop
      vertex 18.35 0 0
      vertex 17.1468 0.927051 0
      vertex 17.2594 1.22021 0
    endloop
  endfacet
  facet normal -0 0 -1
    outer loop
      vertex 18.359 -0.172471 0
      vertex 17.0194 -0.332629 0
      vertex 18.35 0 0
    endloop
  endfacet
  facet normal 0 0 -1
    outer loop
      vertex 18.35 0 0
      vertex 17.0656 0.623734 0
      vertex 17.1468 0.927051 0
    endloop
  endfacet
  facet normal 0 0 -1
    outer loop
      vertex 17.0194 0.332629 0
      vertex 18.35 0 0
      vertex 17.0194 -0.332629 0
    endloop
  endfacet
  facet normal 0 0 -1
    outer loop
      vertex 18.35 0 0
      vertex 17.0194 0.332629 0
      vertex 17.0656 0.623734 0
    endloop
  endfacet
  facet normal 0 0 -1
    outer loop
      vertex 21.65 0 0
      vertex 24 0 0
      vertex 23.9781 -0.418106 0
    endloop
  endfacet
  facet normal 0 0 -1
    outer loop
      vertex 21.641 -0.172471 0
      vertex 23.9781 -0.418106 0
      vertex 23.9126 -0.831635 0
    endloop
  endfacet
  facet normal 0 0 -1
    outer loop
      vertex 24 0 0
      vertex 21.65 0 0
      vertex 23.9781 0.418106 0
    endloop
  endfacet
  facet normal 0 0 -1
    outer loop
      vertex 21.6139 -0.343053 0
      vertex 23.9126 -0.831635 0
      vertex 23.8042 -1.23605 0
    endloop
  endfacet
  facet normal 0 0 -1
    outer loop
      vertex 21.641 0.172471 0
      vertex 23.9781 0.418106 0
      vertex 21.65 0 0
    endloop
  endfacet
  facet normal -0 0 -1
    outer loop
      vertex 23.9781 0.418106 0
      vertex 21.641 0.172471 0
      vertex 23.9126 0.831635 0
    endloop
  endfacet
  facet normal 0 0 -1
    outer loop
      vertex 23.9781 -0.418106 0
      vertex 21.641 -0.172471 0
      vertex 21.65 0 0
    endloop
  endfacet
  facet normal 0 0 -1
    outer loop
      vertex 23.9126 -0.831635 0
      vertex 21.6139 -0.343053 0
      vertex 21.641 -0.172471 0
    endloop
  endfacet
  facet normal 0 0 -1
    outer loop
      vertex 23.8042 -1.23605 0
      vertex 21.5692 -0.509875 0
      vertex 21.6139 -0.343053 0
    endloop
  endfacet
  facet normal 0 0 -1
    outer loop
      vertex 23.8042 -1.23605 0
      vertex 21.5073 -0.671112 0
      vertex 21.5692 -0.509875 0
    endloop
  endfacet
  facet normal 0 0 -1
    outer loop
      vertex 23.8042 -1.23605 0
      vertex 21.4289 -0.824997 0
      vertex 21.5073 -0.671112 0
    endloop
  endfacet
  facet normal 0 0 -1
    outer loop
      vertex 23.8042 -1.23605 0
      vertex 21.3349 -0.969842 0
      vertex 21.4289 -0.824997 0
    endloop
  endfacet
  facet normal 0 0 -1
    outer loop
      vertex 23.8042 -1.23605 0
      vertex 21.2262 -1.10406 0
      vertex 21.3349 -0.969842 0
    endloop
  endfacet
  facet normal 0 0 -1
    outer loop
      vertex 23.8042 -1.23605 0
      vertex 21.1041 -1.22618 0
      vertex 21.2262 -1.10406 0
    endloop
  endfacet
  facet normal -0 0 -1
    outer loop
      vertex 23.8042 -1.23605 0
      vertex 20.9698 -1.33487 0
      vertex 21.1041 -1.22618 0
    endloop
  endfacet
  facet normal 0 0 -1
    outer loop
      vertex 23.8042 -1.23605 0
      vertex 20.825 -1.42894 0
      vertex 20.9698 -1.33487 0
    endloop
  endfacet
  facet normal 0 0 -1
    outer loop
      vertex 23.8042 -1.23605 0
      vertex 20.6711 -1.50734 0
      vertex 20.825 -1.42894 0
    endloop
  endfacet
  facet normal 0 0 -1
    outer loop
      vertex 23.8042 -1.23605 0
      vertex 20.5099 -1.56924 0
      vertex 20.6711 -1.50734 0
    endloop
  endfacet
  facet normal 0 0 -1
    outer loop
      vertex 18.3265 -2.4854 0
      vertex 20.5099 -1.56924 0
      vertex 23.8042 -1.23605 0
    endloop
  endfacet
  facet normal 0 0 -1
    outer loop
      vertex 20.5099 -1.56924 0
      vertex 18.3265 -2.4854 0
      vertex 20.3431 -1.61394 0
    endloop
  endfacet
  facet normal 0 0 -1
    outer loop
      vertex 17.4019 -1.5 0
      vertex 18.5711 -0.824997 0
      vertex 17.5729 -1.76336 0
    endloop
  endfacet
  facet normal -0 0 -1
    outer loop
      vertex 18.6651 -0.969842 0
      vertex 17.5729 -1.76336 0
      vertex 18.5711 -0.824997 0
    endloop
  endfacet
  facet normal 0 0 -1
    outer loop
      vertex 17.5729 -1.76336 0
      vertex 18.6651 -0.969842 0
      vertex 17.7706 -2.00739 0
    endloop
  endfacet
  facet normal -0 0 -1
    outer loop
      vertex 18.7738 -1.10406 0
      vertex 17.7706 -2.00739 0
      vertex 18.6651 -0.969842 0
    endloop
  endfacet
  facet normal 0 0 -1
    outer loop
      vertex 17.7706 -2.00739 0
      vertex 18.7738 -1.10406 0
      vertex 17.9926 -2.22943 0
    endloop
  endfacet
  facet normal -0 0 -1
    outer loop
      vertex 18.8959 -1.22618 0
      vertex 17.9926 -2.22943 0
      vertex 18.7738 -1.10406 0
    endloop
  endfacet
  facet normal 0 0 -1
    outer loop
      vertex 17.9926 -2.22943 0
      vertex 18.8959 -1.22618 0
      vertex 18.2366 -2.42705 0
    endloop
  endfacet
  facet normal -0 0 -1
    outer loop
      vertex 19.0302 -1.33487 0
      vertex 18.2366 -2.42705 0
      vertex 18.8959 -1.22618 0
    endloop
  endfacet
  facet normal 0 0 -1
    outer loop
      vertex 18.2366 -2.42705 0
      vertex 19.0302 -1.33487 0
      vertex 18.3265 -2.4854 0
    endloop
  endfacet
  facet normal -0 0 -1
    outer loop
      vertex 19.175 -1.42894 0
      vertex 18.3265 -2.4854 0
      vertex 19.0302 -1.33487 0
    endloop
  endfacet
  facet normal -0 0 -1
    outer loop
      vertex 19.3289 -1.50734 0
      vertex 18.3265 -2.4854 0
      vertex 19.175 -1.42894 0
    endloop
  endfacet
  facet normal -0 0 -1
    outer loop
      vertex 19.4901 -1.56924 0
      vertex 18.3265 -2.4854 0
      vertex 19.3289 -1.50734 0
    endloop
  endfacet
  facet normal -0 0 -1
    outer loop
      vertex 19.6569 -1.61394 0
      vertex 18.3265 -2.4854 0
      vertex 19.4901 -1.56924 0
    endloop
  endfacet
  facet normal -0 0 -1
    outer loop
      vertex 19.8275 -1.64095 0
      vertex 18.3265 -2.4854 0
      vertex 19.6569 -1.61394 0
    endloop
  endfacet
  facet normal -0 0 -1
    outer loop
      vertex 20 -1.64999 0
      vertex 18.3265 -2.4854 0
      vertex 19.8275 -1.64095 0
    endloop
  endfacet
  facet normal 0 0 -1
    outer loop
      vertex 20.1725 -1.64095 0
      vertex 18.3265 -2.4854 0
      vertex 20 -1.64999 0
    endloop
  endfacet
  facet normal 0 0 -1
    outer loop
      vertex 20.3431 -1.61394 0
      vertex 18.3265 -2.4854 0
      vertex 20.1725 -1.64095 0
    endloop
  endfacet
  facet normal -0 0 -1
    outer loop
      vertex 17.0656 -0.623734 0
      vertex 13.5 -20.4 0
      vertex 17.0194 -0.332629 0
    endloop
  endfacet
  facet normal -0 0 -1
    outer loop
      vertex 17.1468 -0.927048 0
      vertex 13.5 -20.4 0
      vertex 17.0656 -0.623734 0
    endloop
  endfacet
  facet normal -0 0 -1
    outer loop
      vertex 17.2594 -1.2202 0
      vertex 13.5 -20.4 0
      vertex 17.1468 -0.927048 0
    endloop
  endfacet
  facet normal -0 0 -1
    outer loop
      vertex 17.4019 -1.5 0
      vertex 13.5 -20.4 0
      vertex 17.2594 -1.2202 0
    endloop
  endfacet
  facet normal -0 0 -1
    outer loop
      vertex 17.5729 -1.76335 0
      vertex 13.5 -20.4 0
      vertex 17.4019 -1.5 0
    endloop
  endfacet
  facet normal -0 0 -1
    outer loop
      vertex 17.7706 -2.00739 0
      vertex 13.5 -20.4 0
      vertex 17.5729 -1.76335 0
    endloop
  endfacet
  facet normal -0 0 -1
    outer loop
      vertex 17.9926 -2.22943 0
      vertex 13.5 -20.4 0
      vertex 17.7706 -2.00739 0
    endloop
  endfacet
  facet normal -0 0 -1
    outer loop
      vertex 18.2366 -2.42705 0
      vertex 13.5 -20.4 0
      vertex 17.9926 -2.22943 0
    endloop
  endfacet
  facet normal -0 0 -1
    outer loop
      vertex 18.3265 -2.4854 0
      vertex 13.5 -20.4 0
      vertex 18.2366 -2.42705 0
    endloop
  endfacet
  facet normal 0 0 -1
    outer loop
      vertex 23.8042 -1.23605 0
      vertex 13.5 -20.4 0
      vertex 18.3265 -2.4854 0
    endloop
  endfacet
  facet normal 0 0 -1
    outer loop
      vertex 13.5 -20.4 0
      vertex 23.8042 -1.23605 0
      vertex 16.3042 -25.7361 0
    endloop
  endfacet
  facet normal 0 0 -1
    outer loop
      vertex 21.6139 0.343053 0
      vertex 23.9126 0.831635 0
      vertex 21.641 0.172471 0
    endloop
  endfacet
  facet normal -0 0 -1
    outer loop
      vertex 23.9126 0.831635 0
      vertex 21.6139 0.343053 0
      vertex 23.8042 1.23605 0
    endloop
  endfacet
  facet normal 0 0 -1
    outer loop
      vertex 21.5692 0.509875 0
      vertex 23.8042 1.23605 0
      vertex 21.6139 0.343053 0
    endloop
  endfacet
  facet normal 0 0 -1
    outer loop
      vertex 21.5073 0.671112 0
      vertex 23.8042 1.23605 0
      vertex 21.5692 0.509875 0
    endloop
  endfacet
  facet normal 0 0 -1
    outer loop
      vertex 21.4289 0.824997 0
      vertex 23.8042 1.23605 0
      vertex 21.5073 0.671112 0
    endloop
  endfacet
  facet normal 0 0 -1
    outer loop
      vertex 21.3349 0.969842 0
      vertex 23.8042 1.23605 0
      vertex 21.4289 0.824997 0
    endloop
  endfacet
  facet normal 0 0 -1
    outer loop
      vertex 21.2262 1.10406 0
      vertex 23.8042 1.23605 0
      vertex 21.3349 0.969842 0
    endloop
  endfacet
  facet normal 0 0 -1
    outer loop
      vertex 21.1041 1.22618 0
      vertex 23.8042 1.23605 0
      vertex 21.2262 1.10406 0
    endloop
  endfacet
  facet normal 0 0 -1
    outer loop
      vertex 20.9698 1.33487 0
      vertex 23.8042 1.23605 0
      vertex 21.1041 1.22618 0
    endloop
  endfacet
  facet normal 0 0 -1
    outer loop
      vertex 20.825 1.42894 0
      vertex 23.8042 1.23605 0
      vertex 20.9698 1.33487 0
    endloop
  endfacet
  facet normal 0 0 -1
    outer loop
      vertex 20.6711 1.50734 0
      vertex 23.8042 1.23605 0
      vertex 20.825 1.42894 0
    endloop
  endfacet
  facet normal 0 0 -1
    outer loop
      vertex 20.5099 1.56924 0
      vertex 23.8042 1.23605 0
      vertex 20.6711 1.50734 0
    endloop
  endfacet
  facet normal 0 0 -1
    outer loop
      vertex 18.3265 2.4854 0
      vertex 20.5099 1.56924 0
      vertex 20.3431 1.61394 0
    endloop
  endfacet
  facet normal 0 0 -1
    outer loop
      vertex 18.3265 2.4854 0
      vertex 20.3431 1.61394 0
      vertex 20.1725 1.64095 0
    endloop
  endfacet
  facet normal -0 0 -1
    outer loop
      vertex 18.5711 -0.824997 0
      vertex 17.4019 -1.5 0
      vertex 18.4927 -0.671112 0
    endloop
  endfacet
  facet normal 0 0 -1
    outer loop
      vertex 18.3265 2.4854 0
      vertex 18.359 0.172471 0
      vertex 18.35 0 0
    endloop
  endfacet
  facet normal 0 0 -1
    outer loop
      vertex 18.3265 2.4854 0
      vertex 18.3861 0.343053 0
      vertex 18.359 0.172471 0
    endloop
  endfacet
  facet normal 0 0 -1
    outer loop
      vertex 18.3265 2.4854 0
      vertex 18.4308 0.509875 0
      vertex 18.3861 0.343053 0
    endloop
  endfacet
  facet normal 0 0 -1
    outer loop
      vertex 18.3265 2.4854 0
      vertex 18.4927 0.671112 0
      vertex 18.4308 0.509875 0
    endloop
  endfacet
  facet normal 0 0 -1
    outer loop
      vertex 18.3265 2.4854 0
      vertex 18.5711 0.824997 0
      vertex 18.4927 0.671112 0
    endloop
  endfacet
  facet normal 0 0 -1
    outer loop
      vertex 18.3265 2.4854 0
      vertex 18.6651 0.969842 0
      vertex 18.5711 0.824997 0
    endloop
  endfacet
  facet normal 0 0 -1
    outer loop
      vertex 18.3265 2.4854 0
      vertex 18.7738 1.10406 0
      vertex 18.6651 0.969842 0
    endloop
  endfacet
  facet normal 0 0 -1
    outer loop
      vertex 18.3265 2.4854 0
      vertex 18.8959 1.22618 0
      vertex 18.7738 1.10406 0
    endloop
  endfacet
  facet normal 0 0 -1
    outer loop
      vertex 18.3265 2.4854 0
      vertex 19.0302 1.33487 0
      vertex 18.8959 1.22618 0
    endloop
  endfacet
  facet normal 0 0 -1
    outer loop
      vertex 18.3265 2.4854 0
      vertex 19.175 1.42894 0
      vertex 19.0302 1.33487 0
    endloop
  endfacet
  facet normal 0 0 -1
    outer loop
      vertex 18.3265 2.4854 0
      vertex 19.3289 1.50734 0
      vertex 19.175 1.42894 0
    endloop
  endfacet
  facet normal 0 0 -1
    outer loop
      vertex 18.3265 2.4854 0
      vertex 19.4901 1.56924 0
      vertex 19.3289 1.50734 0
    endloop
  endfacet
  facet normal 0 0 -1
    outer loop
      vertex 18.3265 2.4854 0
      vertex 19.6569 1.61394 0
      vertex 19.4901 1.56924 0
    endloop
  endfacet
  facet normal 0 0 -1
    outer loop
      vertex 18.3265 2.4854 0
      vertex 19.8275 1.64095 0
      vertex 19.6569 1.61394 0
    endloop
  endfacet
  facet normal 0 0 -1
    outer loop
      vertex 18.3265 2.4854 0
      vertex 20 1.64999 0
      vertex 19.8275 1.64095 0
    endloop
  endfacet
  facet normal 0 0 -1
    outer loop
      vertex 18.3265 2.4854 0
      vertex 20.1725 1.64095 0
      vertex 20 1.64999 0
    endloop
  endfacet
  facet normal 0 0 -1
    outer loop
      vertex 20.5099 1.56924 0
      vertex 18.3265 2.4854 0
      vertex 23.8042 1.23605 0
    endloop
  endfacet
  facet normal 0 0 -1
    outer loop
      vertex 13.5 16.9 0
      vertex 23.8042 1.23605 0
      vertex 18.3265 2.4854 0
    endloop
  endfacet
  facet normal 0 0 -1
    outer loop
      vertex 13.5 16.9 0
      vertex 18.3265 2.4854 0
      vertex 18.2366 2.42705 0
    endloop
  endfacet
  facet normal 0 0 -1
    outer loop
      vertex 13.5 16.9 0
      vertex 18.2366 2.42705 0
      vertex 17.9926 2.22943 0
    endloop
  endfacet
  facet normal 0 0 -1
    outer loop
      vertex 13.5 16.9 0
      vertex 17.9926 2.22943 0
      vertex 17.7706 2.00739 0
    endloop
  endfacet
  facet normal 0 0 -1
    outer loop
      vertex 13.5 16.9 0
      vertex 17.7706 2.00739 0
      vertex 17.5729 1.76335 0
    endloop
  endfacet
  facet normal 0 0 -1
    outer loop
      vertex 13.5 16.9 0
      vertex 17.5729 1.76335 0
      vertex 17.4019 1.5 0
    endloop
  endfacet
  facet normal 0 0 -1
    outer loop
      vertex 13.5 16.9 0
      vertex 17.4019 1.5 0
      vertex 17.2594 1.2202 0
    endloop
  endfacet
  facet normal 0 0 -1
    outer loop
      vertex 13.5 16.9 0
      vertex 17.2594 1.2202 0
      vertex 17.1468 0.927048 0
    endloop
  endfacet
  facet normal 0 0 -1
    outer loop
      vertex 13.5 16.9 0
      vertex 17.1468 0.927048 0
      vertex 17.0656 0.623734 0
    endloop
  endfacet
  facet normal 0 0 -1
    outer loop
      vertex 13.5 16.9 0
      vertex 17.0656 0.623734 0
      vertex 17.0194 0.332629 0
    endloop
  endfacet
  facet normal 0 0 -1
    outer loop
      vertex 13.5 16.9 0
      vertex 17.0194 -0.332629 0
      vertex 13.5 -20.4 0
    endloop
  endfacet
  facet normal 0 0 -1
    outer loop
      vertex 12.2634 -22.827 0
      vertex 16.3042 -25.7361 0
      vertex 16.1542 -26.127 0
    endloop
  endfacet
  facet normal 0 0 -1
    outer loop
      vertex 17.0194 -0.332629 0
      vertex 13.5 16.9 0
      vertex 17.0194 0.332629 0
    endloop
  endfacet
  facet normal 0 0 -1
    outer loop
      vertex 12.2634 -22.827 0
      vertex 16.1542 -26.127 0
      vertex 15.9641 -26.5 0
    endloop
  endfacet
  facet normal 0 0 -1
    outer loop
      vertex 23.8042 1.23605 0
      vertex 13.5 16.9 0
      vertex 16.3042 25.7361 0
    endloop
  endfacet
  facet normal 0 0 -1
    outer loop
      vertex 12 -22.9981 0
      vertex 15.9641 -26.5 0
      vertex 15.7361 -26.8511 0
    endloop
  endfacet
  facet normal 0 0 -1
    outer loop
      vertex 16.3042 25.7361 0
      vertex 13.7361 28.3042 0
      vertex 16.1542 26.127 0
    endloop
  endfacet
  facet normal 0 0 -1
    outer loop
      vertex 12 -22.9981 0
      vertex 15.7361 -26.8511 0
      vertex 15.4726 -27.1765 0
    endloop
  endfacet
  facet normal 0 0 -1
    outer loop
      vertex 16.1542 26.127 0
      vertex 13.7361 28.3042 0
      vertex 15.9641 26.5 0
    endloop
  endfacet
  facet normal 0 0 -1
    outer loop
      vertex 12 -22.9981 0
      vertex 15.4726 -27.1765 0
      vertex 15.1765 -27.4726 0
    endloop
  endfacet
  facet normal 0 0 -1
    outer loop
      vertex 15.9641 26.5 0
      vertex 13.7361 28.3042 0
      vertex 15.7361 26.8511 0
    endloop
  endfacet
  facet normal 0 0 -1
    outer loop
      vertex 12 -22.9981 0
      vertex 15.1765 -27.4726 0
      vertex 14.8511 -27.7361 0
    endloop
  endfacet
  facet normal 0 0 -1
    outer loop
      vertex 15.7361 26.8511 0
      vertex 13.7361 28.3042 0
      vertex 15.4726 27.1765 0
    endloop
  endfacet
  facet normal 0 0 -1
    outer loop
      vertex 12 -22.9981 0
      vertex 14.8511 -27.7361 0
      vertex 14.5 -27.9641 0
    endloop
  endfacet
  facet normal 0 0 -1
    outer loop
      vertex 15.4726 27.1765 0
      vertex 13.7361 28.3042 0
      vertex 15.1765 27.4726 0
    endloop
  endfacet
  facet normal 0 0 -1
    outer loop
      vertex 11.7202 -23.1406 0
      vertex 14.5 -27.9641 0
      vertex 14.127 -28.1542 0
    endloop
  endfacet
  facet normal 0 0 -1
    outer loop
      vertex 15.1765 27.4726 0
      vertex 13.7361 28.3042 0
      vertex 14.8511 27.7361 0
    endloop
  endfacet
  facet normal 0 0 -1
    outer loop
      vertex 11.7202 -23.1406 0
      vertex 14.127 -28.1542 0
      vertex 13.7361 -28.3042 0
    endloop
  endfacet
  facet normal 0 0 -1
    outer loop
      vertex 14.8511 27.7361 0
      vertex 13.7361 28.3042 0
      vertex 14.5 27.9641 0
    endloop
  endfacet
  facet normal 0 0 -1
    outer loop
      vertex 14.5 27.9641 0
      vertex 13.7361 28.3042 0
      vertex 14.127 28.1542 0
    endloop
  endfacet
  facet normal 0 0 -1
    outer loop
      vertex 16.3042 -25.7361 0
      vertex 13.4836 -20.7136 0
      vertex 13.5 -20.4 0
    endloop
  endfacet
  facet normal 0 0 -1
    outer loop
      vertex 16.3042 -25.7361 0
      vertex 13.4344 -21.0237 0
      vertex 13.4836 -20.7136 0
    endloop
  endfacet
  facet normal 0 0 -1
    outer loop
      vertex 16.3042 -25.7361 0
      vertex 13.3532 -21.327 0
      vertex 13.4344 -21.0237 0
    endloop
  endfacet
  facet normal 0 0 -1
    outer loop
      vertex 11.7202 -23.1406 0
      vertex 13.7361 -28.3042 0
      vertex 13.3316 -28.4126 0
    endloop
  endfacet
  facet normal 0 0 -1
    outer loop
      vertex 16.3042 -25.7361 0
      vertex 13.2406 -21.6202 0
      vertex 13.3532 -21.327 0
    endloop
  endfacet
  facet normal 0 0 -1
    outer loop
      vertex 16.3042 -25.7361 0
      vertex 13.0981 -21.9 0
      vertex 13.2406 -21.6202 0
    endloop
  endfacet
  facet normal 0 0 -1
    outer loop
      vertex 16.3042 -25.7361 0
      vertex 12.927 -22.1633 0
      vertex 13.0981 -21.9 0
    endloop
  endfacet
  facet normal 0 0 -1
    outer loop
      vertex 11.7202 -23.1406 0
      vertex 13.3316 -28.4126 0
      vertex 12.9181 -28.4781 0
    endloop
  endfacet
  facet normal 0 0 -1
    outer loop
      vertex 16.3042 -25.7361 0
      vertex 12.7294 -22.4074 0
      vertex 12.927 -22.1633 0
    endloop
  endfacet
  facet normal 0 0 -1
    outer loop
      vertex 16.3042 -25.7361 0
      vertex 12.5074 -22.6294 0
      vertex 12.7294 -22.4074 0
    endloop
  endfacet
  facet normal 0 0 -1
    outer loop
      vertex 11.7202 -23.1406 0
      vertex 12.9181 -28.4781 0
      vertex 12.5 -28.5 0
    endloop
  endfacet
  facet normal 0 0 -1
    outer loop
      vertex 16.3042 -25.7361 0
      vertex 12.2634 -22.827 0
      vertex 12.5074 -22.6294 0
    endloop
  endfacet
  facet normal 0 0 -1
    outer loop
      vertex 15.9641 -26.5 0
      vertex 12 -22.9981 0
      vertex 12.2634 -22.827 0
    endloop
  endfacet
  facet normal 0 0 -1
    outer loop
      vertex 14.5 -27.9641 0
      vertex 11.7202 -23.1406 0
      vertex 12 -22.9981 0
    endloop
  endfacet
  facet normal 0 0 -1
    outer loop
      vertex 12.5 -28.5 0
      vertex 11.427 -23.2532 0
      vertex 11.7202 -23.1406 0
    endloop
  endfacet
  facet normal 0 0 -1
    outer loop
      vertex 12.5 -28.5 0
      vertex 11.1237 -23.3344 0
      vertex 11.427 -23.2532 0
    endloop
  endfacet
  facet normal 0 0 -1
    outer loop
      vertex 12.5 -28.5 0
      vertex 10.8136 -23.3836 0
      vertex 11.1237 -23.3344 0
    endloop
  endfacet
  facet normal 0 0 -1
    outer loop
      vertex 12.5 -28.5 0
      vertex 10.5 -23.4 0
      vertex 10.8136 -23.3836 0
    endloop
  endfacet
  facet normal 0 0 -1
    outer loop
      vertex 12.5 -28.5 0
      vertex -10.5 -23.4 0
      vertex 10.5 -23.4 0
    endloop
  endfacet
  facet normal 0 0 -1
    outer loop
      vertex -12.5 -28.5 0
      vertex -10.5 -23.4 0
      vertex 12.5 -28.5 0
    endloop
  endfacet
  facet normal -0 0 -1
    outer loop
      vertex -10.5 -23.4 0
      vertex -12.5 -28.5 0
      vertex -10.8136 -23.3836 0
    endloop
  endfacet
  facet normal -0 0 -1
    outer loop
      vertex -10.8136 -23.3836 0
      vertex -12.5 -28.5 0
      vertex -11.1237 -23.3344 0
    endloop
  endfacet
  facet normal 0 0 -1
    outer loop
      vertex -12.5 -28.5 0
      vertex -11.427 -23.2532 0
      vertex -11.1237 -23.3344 0
    endloop
  endfacet
  facet normal 0 0 -1
    outer loop
      vertex -12.5 -28.5 0
      vertex -11.7202 -23.1406 0
      vertex -11.427 -23.2532 0
    endloop
  endfacet
  facet normal 0 0 -1
    outer loop
      vertex -12.9181 -28.4781 0
      vertex -11.7202 -23.1406 0
      vertex -12.5 -28.5 0
    endloop
  endfacet
  facet normal 0 0 -1
    outer loop
      vertex -13.3316 -28.4126 0
      vertex -11.7202 -23.1406 0
      vertex -12.9181 -28.4781 0
    endloop
  endfacet
  facet normal 0 0 -1
    outer loop
      vertex -13.7361 -28.3042 0
      vertex -11.7202 -23.1406 0
      vertex -13.3316 -28.4126 0
    endloop
  endfacet
  facet normal -0 0 -1
    outer loop
      vertex -11.7202 -23.1406 0
      vertex -13.7361 -28.3042 0
      vertex -12 -22.9981 0
    endloop
  endfacet
  facet normal -0 0 -1
    outer loop
      vertex -12 -22.9981 0
      vertex -13.7361 -28.3042 0
      vertex -12.2634 -22.827 0
    endloop
  endfacet
  facet normal -0 0 -1
    outer loop
      vertex -12.2634 -22.827 0
      vertex -13.7361 -28.3042 0
      vertex -12.5074 -22.6294 0
    endloop
  endfacet
  facet normal -0 0 -1
    outer loop
      vertex -12.5074 -22.6294 0
      vertex -13.7361 -28.3042 0
      vertex -12.7294 -22.4074 0
    endloop
  endfacet
  facet normal -0 0 -1
    outer loop
      vertex -12.7294 -22.4074 0
      vertex -13.7361 -28.3042 0
      vertex -12.927 -22.1633 0
    endloop
  endfacet
  facet normal -0 0 -1
    outer loop
      vertex -12.927 -22.1633 0
      vertex -13.7361 -28.3042 0
      vertex -13.0981 -21.9 0
    endloop
  endfacet
  facet normal -0 0 -1
    outer loop
      vertex -13.0981 -21.9 0
      vertex -13.7361 -28.3042 0
      vertex -13.2406 -21.6202 0
    endloop
  endfacet
  facet normal -0 0 -1
    outer loop
      vertex -13.2406 -21.6202 0
      vertex -13.7361 -28.3042 0
      vertex -13.3532 -21.327 0
    endloop
  endfacet
  facet normal -0 0 -1
    outer loop
      vertex -13.3532 -21.327 0
      vertex -13.7361 -28.3042 0
      vertex -13.4344 -21.0237 0
    endloop
  endfacet
  facet normal -0 0 -1
    outer loop
      vertex -13.4344 -21.0237 0
      vertex -13.7361 -28.3042 0
      vertex -13.4836 -20.7136 0
    endloop
  endfacet
  facet normal 0 0 -1
    outer loop
      vertex -17.0194 -0.332629 0
      vertex -13.5 -20.4 0
      vertex -13.7361 -28.3042 0
    endloop
  endfacet
  facet normal -0 0 -1
    outer loop
      vertex -13.4836 -20.7136 0
      vertex -13.7361 -28.3042 0
      vertex -13.5 -20.4 0
    endloop
  endfacet
  facet normal 0.706629 -0.0368738 0.706623
    outer loop
      vertex 18.35 0 1.64999
      vertex 18.359 0.172471 1.64999
      vertex 17 0 3
    endloop
  endfacet
  facet normal 0.70905 -0 0.705158
    outer loop
      vertex 17.0164 0.313583 3
      vertex 18.359 0.172471 1.64999
      vertex 17.0164 0.313585 3
    endloop
  endfacet
  facet normal 0.706632 -0.036956 0.706616
    outer loop
      vertex 18.359 0.172471 1.64999
      vertex 17.0164 0.313583 3
      vertex 17 0 3
    endloop
  endfacet
  facet normal 0.998641 -0.0521118 0
    outer loop
      vertex 18.35 0 1.64999
      vertex 18.359 0.172471 0
      vertex 18.359 0.172471 1.64999
    endloop
  endfacet
  facet normal 0.998641 -0.0521118 0
    outer loop
      vertex 18.359 0.172471 0
      vertex 18.35 0 1.64999
      vertex 18.35 0 0
    endloop
  endfacet
  facet normal 0.69884 -0.111023 0.706609
    outer loop
      vertex 17.0164 0.313585 3
      vertex 18.359 0.172471 1.64999
      vertex 18.3861 0.343053 1.64999
    endloop
  endfacet
  facet normal 0.698842 -0.11091 0.706625
    outer loop
      vertex 17.0194 0.332629 3
      vertex 18.3861 0.343053 1.64999
      vertex 17.0656 0.623734 3
    endloop
  endfacet
  facet normal 0.698902 -0.110098 0.706692
    outer loop
      vertex 18.3861 0.343053 1.64999
      vertex 17.0194 0.332629 3
      vertex 17.0164 0.313585 3
    endloop
  endfacet
  facet normal 0.987614 -0.1569 0
    outer loop
      vertex 18.359 0.172471 1.64999
      vertex 18.3861 0.343053 0
      vertex 18.3861 0.343053 1.64999
    endloop
  endfacet
  facet normal 0.987614 -0.1569 0
    outer loop
      vertex 18.3861 0.343053 0
      vertex 18.359 0.172471 1.64999
      vertex 18.359 0.172471 0
    endloop
  endfacet
  facet normal -0.987639 0.156744 0
    outer loop
      vertex 17.0194 0.332629 0
      vertex 17.0656 0.623734 3
      vertex 17.0656 0.623734 0
    endloop
  endfacet
  facet normal -0.987639 0.156744 0
    outer loop
      vertex 17.0656 0.623734 3
      vertex 17.0194 0.332629 0
      vertex 17.0194 0.332629 3
    endloop
  endfacet
  facet normal 0.683483 -0.183139 0.706619
    outer loop
      vertex 18.3861 0.343053 1.64999
      vertex 18.4308 0.509875 1.64999
      vertex 17.0656 0.623734 3
    endloop
  endfacet
  facet normal 0.683511 -0.18298 0.706634
    outer loop
      vertex 18.4308 0.509875 1.64999
      vertex 17.1468 0.927051 3
      vertex 17.0656 0.623734 3
    endloop
  endfacet
  facet normal 0.965926 -0.25882 0
    outer loop
      vertex 18.3861 0.343053 1.64999
      vertex 18.4308 0.509875 0
      vertex 18.4308 0.509875 1.64999
    endloop
  endfacet
  facet normal 0.965926 -0.25882 0
    outer loop
      vertex 18.4308 0.509875 0
      vertex 18.3861 0.343053 1.64999
      vertex 18.3861 0.343053 0
    endloop
  endfacet
  facet normal -0.965984 0.258601 0
    outer loop
      vertex 17.0656 0.623734 0
      vertex 17.1468 0.927051 3
      vertex 17.1468 0.927051 0
    endloop
  endfacet
  facet normal -0.965984 0.258601 0
    outer loop
      vertex 17.1468 0.927051 3
      vertex 17.0656 0.623734 0
      vertex 17.0656 0.623734 3
    endloop
  endfacet
  facet normal 0.66057 -0.253597 0.706637
    outer loop
      vertex 18.4308 0.509875 1.64999
      vertex 18.4927 0.671112 1.64999
      vertex 17.1468 0.927051 3
    endloop
  endfacet
  facet normal 0.660539 -0.253708 0.706626
    outer loop
      vertex 18.4927 0.671112 1.64999
      vertex 17.2594 1.22021 3
      vertex 17.1468 0.927051 3
    endloop
  endfacet
  facet normal 0.933567 -0.358403 0
    outer loop
      vertex 18.4308 0.509875 1.64999
      vertex 18.4927 0.671112 0
      vertex 18.4927 0.671112 1.64999
    endloop
  endfacet
  facet normal 0.933567 -0.358403 0
    outer loop
      vertex 18.4927 0.671112 0
      vertex 18.4308 0.509875 1.64999
      vertex 18.4308 0.509875 0
    endloop
  endfacet
  facet normal -0.933509 0.358553 0
    outer loop
      vertex 17.1468 0.927051 0
      vertex 17.2594 1.22021 3
      vertex 17.2594 1.22021 0
    endloop
  endfacet
  facet normal -0.933509 0.358553 0
    outer loop
      vertex 17.2594 1.22021 3
      vertex 17.1468 0.927051 0
      vertex 17.1468 0.927051 3
    endloop
  endfacet
  facet normal 0.630481 -0.321212 0.706624
    outer loop
      vertex 18.4927 0.671112 1.64999
      vertex 18.5711 0.824997 1.64999
      vertex 17.2594 1.22021 3
    endloop
  endfacet
  facet normal 0.630515 -0.321128 0.706632
    outer loop
      vertex 18.5711 0.824997 1.64999
      vertex 17.4019 1.5 3
      vertex 17.2594 1.22021 3
    endloop
  endfacet
  facet normal 0.891026 -0.453952 0
    outer loop
      vertex 18.4927 0.671112 1.64999
      vertex 18.5711 0.824997 0
      vertex 18.5711 0.824997 1.64999
    endloop
  endfacet
  facet normal 0.891026 -0.453952 0
    outer loop
      vertex 18.5711 0.824997 0
      vertex 18.4927 0.671112 1.64999
      vertex 18.4927 0.671112 0
    endloop
  endfacet
  facet normal -0.891084 0.453838 0
    outer loop
      vertex 17.2594 1.22021 0
      vertex 17.4019 1.5 3
      vertex 17.4019 1.5 0
    endloop
  endfacet
  facet normal -0.891084 0.453838 0
    outer loop
      vertex 17.4019 1.5 3
      vertex 17.2594 1.22021 0
      vertex 17.2594 1.22021 3
    endloop
  endfacet
  facet normal 0.59354 -0.385189 0.70664
    outer loop
      vertex 18.5711 0.824997 1.64999
      vertex 18.6651 0.969842 1.64999
      vertex 17.4019 1.5 3
    endloop
  endfacet
  facet normal 0.593462 -0.385336 0.706625
    outer loop
      vertex 18.6651 0.969842 1.64999
      vertex 17.5729 1.76336 3
      vertex 17.4019 1.5 3
    endloop
  endfacet
  facet normal 0.838838 -0.544381 0
    outer loop
      vertex 18.5711 0.824997 1.64999
      vertex 18.6651 0.969842 0
      vertex 18.6651 0.969842 1.64999
    endloop
  endfacet
  facet normal 0.838838 -0.544381 0
    outer loop
      vertex 18.6651 0.969842 0
      vertex 18.5711 0.824997 1.64999
      vertex 18.5711 0.824997 0
    endloop
  endfacet
  facet normal -0.838711 0.544576 0
    outer loop
      vertex 17.4019 1.5 0
      vertex 17.5729 1.76336 3
      vertex 17.5729 1.76336 0
    endloop
  endfacet
  facet normal -0.838711 0.544576 0
    outer loop
      vertex 17.5729 1.76336 3
      vertex 17.4019 1.5 0
      vertex 17.4019 1.5 3
    endloop
  endfacet
  facet normal 0.549875 -0.44533 0.706625
    outer loop
      vertex 18.6651 0.969842 1.64999
      vertex 18.7738 1.10406 1.64999
      vertex 17.5729 1.76336 3
    endloop
  endfacet
  facet normal 0.54981 -0.445427 0.706615
    outer loop
      vertex 18.7738 1.10406 1.64999
      vertex 17.7706 2.00739 3
      vertex 17.5729 1.76336 3
    endloop
  endfacet
  facet normal 0.777111 -0.629364 0
    outer loop
      vertex 18.6651 0.969842 1.64999
      vertex 18.7738 1.10406 0
      vertex 18.7738 1.10406 1.64999
    endloop
  endfacet
  facet normal 0.777111 -0.629364 0
    outer loop
      vertex 18.7738 1.10406 0
      vertex 18.6651 0.969842 1.64999
      vertex 18.6651 0.969842 0
    endloop
  endfacet
  facet normal -0.777008 0.62949 0
    outer loop
      vertex 17.5729 1.76336 0
      vertex 17.7706 2.00739 3
      vertex 17.7706 2.00739 0
    endloop
  endfacet
  facet normal -0.777008 0.62949 0
    outer loop
      vertex 17.7706 2.00739 3
      vertex 17.5729 1.76336 0
      vertex 17.5729 1.76336 3
    endloop
  endfacet
  facet normal 0.500389 -0.500308 0.706614
    outer loop
      vertex 17.9926 2.22943 3
      vertex 18.7738 1.10406 1.64999
      vertex 18.8959 1.22618 1.64999
    endloop
  endfacet
  facet normal 0.500394 -0.500304 0.706613
    outer loop
      vertex 18.7738 1.10406 1.64999
      vertex 17.9926 2.22943 3
      vertex 17.7706 2.00739 3
    endloop
  endfacet
  facet normal 0.707165 -0.707049 0
    outer loop
      vertex 18.7738 1.10406 0
      vertex 18.8959 1.22618 1.64999
      vertex 18.7738 1.10406 1.64999
    endloop
  endfacet
  facet normal 0.707165 -0.707049 0
    outer loop
      vertex 18.8959 1.22618 1.64999
      vertex 18.7738 1.10406 0
      vertex 18.8959 1.22618 0
    endloop
  endfacet
  facet normal -0.70717 0.707043 0
    outer loop
      vertex 17.7706 2.00739 0
      vertex 17.9926 2.22943 3
      vertex 17.9926 2.22943 0
    endloop
  endfacet
  facet normal -0.70717 0.707043 0
    outer loop
      vertex 17.9926 2.22943 3
      vertex 17.7706 2.00739 0
      vertex 17.7706 2.00739 3
    endloop
  endfacet
  facet normal 0.445151 -0.550039 0.70661
    outer loop
      vertex 18.8959 1.22618 1.64999
      vertex 19.0302 1.33487 1.64999
      vertex 17.9926 2.22943 3
    endloop
  endfacet
  facet normal 0.445339 -0.549856 0.706634
    outer loop
      vertex 19.0302 1.33487 1.64999
      vertex 18.2366 2.42705 3
      vertex 17.9926 2.22943 3
    endloop
  endfacet
  facet normal 0.629097 -0.777327 0
    outer loop
      vertex 18.8959 1.22618 0
      vertex 19.0302 1.33487 1.64999
      vertex 18.8959 1.22618 1.64999
    endloop
  endfacet
  facet normal 0.629097 -0.777327 0
    outer loop
      vertex 19.0302 1.33487 1.64999
      vertex 18.8959 1.22618 0
      vertex 19.0302 1.33487 0
    endloop
  endfacet
  facet normal -0.629383 0.777095 0
    outer loop
      vertex 18.2366 2.42705 0
      vertex 17.9926 2.22943 3
      vertex 18.2366 2.42705 3
    endloop
  endfacet
  facet normal -0.629383 0.777095 0
    outer loop
      vertex 17.9926 2.22943 3
      vertex 18.2366 2.42705 0
      vertex 17.9926 2.22943 0
    endloop
  endfacet
  facet normal 0.385477 -0.593357 0.706637
    outer loop
      vertex 19.0302 1.33487 1.64999
      vertex 19.175 1.42894 1.64999
      vertex 18.2366 2.42705 3
    endloop
  endfacet
  facet normal 0.385406 -0.593422 0.70662
    outer loop
      vertex 18.5 2.59807 2.99999
      vertex 18.3265 2.4854 3
      vertex 19.175 1.42894 1.64999
    endloop
  endfacet
  facet normal 0.385241 -0.593542 0.70661
    outer loop
      vertex 19.175 1.42894 1.64999
      vertex 18.3265 2.4854 3
      vertex 18.2366 2.42705 3
    endloop
  endfacet
  facet normal 0.544785 -0.838576 0
    outer loop
      vertex 19.0302 1.33487 0
      vertex 19.175 1.42894 1.64999
      vertex 19.0302 1.33487 1.64999
    endloop
  endfacet
  facet normal 0.544785 -0.838576 0
    outer loop
      vertex 19.175 1.42894 1.64999
      vertex 19.0302 1.33487 0
      vertex 19.175 1.42894 0
    endloop
  endfacet
  facet normal -0.544431 0.838806 0
    outer loop
      vertex 18.3265 2.4854 0
      vertex 18.2366 2.42705 3
      vertex 18.3265 2.4854 3
    endloop
  endfacet
  facet normal -0.544431 0.838806 0
    outer loop
      vertex 18.2366 2.42705 3
      vertex 18.3265 2.4854 0
      vertex 18.2366 2.42705 0
    endloop
  endfacet
  facet normal 0.321189 -0.630497 0.706619
    outer loop
      vertex 19.3289 1.50734 1.64999
      vertex 18.5 2.59807 2.99999
      vertex 19.175 1.42894 1.64999
    endloop
  endfacet
  facet normal 0.321211 -0.630484 0.706622
    outer loop
      vertex 19.3289 1.50734 1.64999
      vertex 18.7798 2.74063 3
      vertex 18.5 2.59807 2.99999
    endloop
  endfacet
  facet normal 0.453917 -0.891044 0
    outer loop
      vertex 19.175 1.42894 0
      vertex 19.3289 1.50734 1.64999
      vertex 19.175 1.42894 1.64999
    endloop
  endfacet
  facet normal 0.453917 -0.891044 0
    outer loop
      vertex 19.3289 1.50734 1.64999
      vertex 19.175 1.42894 0
      vertex 19.3289 1.50734 0
    endloop
  endfacet
  facet normal 0.253653 -0.660564 0.706623
    outer loop
      vertex 19.4901 1.56924 1.64999
      vertex 18.7798 2.74063 3
      vertex 19.3289 1.50734 1.64999
    endloop
  endfacet
  facet normal 0.955418 -0 0.295257
    outer loop
      vertex 19.0729 2.85316 3
      vertex 19.4901 1.56924 1.64999
      vertex 19.0729 2.85317 3
    endloop
  endfacet
  facet normal 0.253617 -0.660581 0.706619
    outer loop
      vertex 19.4901 1.56924 1.64999
      vertex 19.0729 2.85316 3
      vertex 18.7798 2.74063 3
    endloop
  endfacet
  facet normal 0.358475 -0.93354 0
    outer loop
      vertex 19.3289 1.50734 0
      vertex 19.4901 1.56924 1.64999
      vertex 19.3289 1.50734 1.64999
    endloop
  endfacet
  facet normal 0.358475 -0.93354 0
    outer loop
      vertex 19.4901 1.56924 1.64999
      vertex 19.3289 1.50734 0
      vertex 19.4901 1.56924 0
    endloop
  endfacet
  facet normal 0.183161 -0.683474 0.706623
    outer loop
      vertex 19.6569 1.61394 1.64999
      vertex 19.0729 2.85317 3
      vertex 19.4901 1.56924 1.64999
    endloop
  endfacet
  facet normal 0.979074 -0 0.203502
    outer loop
      vertex 19.3763 2.93443 2.99999
      vertex 19.6569 1.61394 1.64999
      vertex 19.3763 2.93444 2.99999
    endloop
  endfacet
  facet normal 0.183086 -0.683501 0.706615
    outer loop
      vertex 19.6569 1.61394 1.64999
      vertex 19.3763 2.93443 2.99999
      vertex 19.0729 2.85317 3
    endloop
  endfacet
  facet normal 0.258852 -0.965917 0
    outer loop
      vertex 19.4901 1.56924 0
      vertex 19.6569 1.61394 1.64999
      vertex 19.4901 1.56924 1.64999
    endloop
  endfacet
  facet normal 0.258852 -0.965917 0
    outer loop
      vertex 19.6569 1.61394 1.64999
      vertex 19.4901 1.56924 0
      vertex 19.6569 1.61394 0
    endloop
  endfacet
  facet normal 0.110651 -0.698891 0.706618
    outer loop
      vertex 19.6569 1.61394 1.64999
      vertex 19.8275 1.64095 1.64999
      vertex 19.3763 2.93444 2.99999
    endloop
  endfacet
  facet normal 0.110681 -0.698883 0.70662
    outer loop
      vertex 19.8275 1.64095 1.64999
      vertex 19.6864 2.98355 2.99999
      vertex 19.3763 2.93444 2.99999
    endloop
  endfacet
  facet normal 0.156376 -0.987698 0
    outer loop
      vertex 19.6569 1.61394 0
      vertex 19.8275 1.64095 1.64999
      vertex 19.6569 1.61394 1.64999
    endloop
  endfacet
  facet normal 0.156376 -0.987698 0
    outer loop
      vertex 19.8275 1.64095 1.64999
      vertex 19.6569 1.61394 0
      vertex 19.8275 1.64095 0
    endloop
  endfacet
  facet normal 0.0370312 -0.706623 0.70662
    outer loop
      vertex 19.6864 2.98355 2.99999
      vertex 19.8275 1.64095 1.64999
      vertex 20 1.64999 1.64999
    endloop
  endfacet
  facet normal 0.0370435 -0.706621 0.706621
    outer loop
      vertex 20 1.64999 1.64999
      vertex 20 3 3
      vertex 19.6864 2.98355 2.99999
    endloop
  endfacet
  facet normal 0.052334 -0.99863 0
    outer loop
      vertex 19.8275 1.64095 0
      vertex 20 1.64999 1.64999
      vertex 19.8275 1.64095 1.64999
    endloop
  endfacet
  facet normal 0.052334 -0.99863 0
    outer loop
      vertex 20 1.64999 1.64999
      vertex 19.8275 1.64095 0
      vertex 20 1.64999 0
    endloop
  endfacet
  facet normal -0.0370311 -0.706622 0.706622
    outer loop
      vertex 20.1725 1.64095 1.64999
      vertex 20 3 3
      vertex 20 1.64999 1.64999
    endloop
  endfacet
  facet normal -0.0370436 -0.706622 0.706621
    outer loop
      vertex 20.3136 2.98355 2.99999
      vertex 20 3 3
      vertex 20.1725 1.64095 1.64999
    endloop
  endfacet
  facet normal -0.052334 -0.99863 0
    outer loop
      vertex 20 1.64999 0
      vertex 20.1725 1.64095 1.64999
      vertex 20 1.64999 1.64999
    endloop
  endfacet
  facet normal -0.052334 -0.99863 -0
    outer loop
      vertex 20.1725 1.64095 1.64999
      vertex 20 1.64999 0
      vertex 20.1725 1.64095 0
    endloop
  endfacet
  facet normal -0.11065 -0.698887 0.706621
    outer loop
      vertex 20.3136 2.98355 2.99999
      vertex 20.1725 1.64095 1.64999
      vertex 20.3431 1.61394 1.64999
    endloop
  endfacet
  facet normal -0.110704 -0.698883 0.706616
    outer loop
      vertex 20.3431 1.61394 1.64999
      vertex 20.6237 2.93443 2.99999
      vertex 20.3136 2.98355 2.99999
    endloop
  endfacet
  facet normal -0.156376 -0.987698 0
    outer loop
      vertex 20.1725 1.64095 0
      vertex 20.3431 1.61394 1.64999
      vertex 20.1725 1.64095 1.64999
    endloop
  endfacet
  facet normal -0.156376 -0.987698 -0
    outer loop
      vertex 20.3431 1.61394 1.64999
      vertex 20.1725 1.64095 0
      vertex 20.3431 1.61394 0
    endloop
  endfacet
  facet normal -0.183164 -0.683483 0.706613
    outer loop
      vertex 20.6237 2.93443 2.99999
      vertex 20.3431 1.61394 1.64999
      vertex 20.5099 1.56924 1.64999
    endloop
  endfacet
  facet normal -0.183142 -0.683487 0.706615
    outer loop
      vertex 20.5099 1.56924 1.64999
      vertex 20.927 2.85316 2.99999
      vertex 20.6237 2.93443 2.99999
    endloop
  endfacet
  facet normal -0.258852 -0.965917 0
    outer loop
      vertex 20.3431 1.61394 0
      vertex 20.5099 1.56924 1.64999
      vertex 20.3431 1.61394 1.64999
    endloop
  endfacet
  facet normal -0.258852 -0.965917 -0
    outer loop
      vertex 20.5099 1.56924 1.64999
      vertex 20.3431 1.61394 0
      vertex 20.5099 1.56924 0
    endloop
  endfacet
  facet normal -0.253657 -0.660574 0.706611
    outer loop
      vertex 20.927 2.85316 2.99999
      vertex 20.5099 1.56924 1.64999
      vertex 20.6711 1.50734 1.64999
    endloop
  endfacet
  facet normal -0.253541 -0.660607 0.706622
    outer loop
      vertex 20.6711 1.50734 1.64999
      vertex 21.2202 2.74063 2.99999
      vertex 20.927 2.85316 2.99999
    endloop
  endfacet
  facet normal -0.358475 -0.93354 0
    outer loop
      vertex 20.5099 1.56924 0
      vertex 20.6711 1.50734 1.64999
      vertex 20.5099 1.56924 1.64999
    endloop
  endfacet
  facet normal -0.358475 -0.93354 -0
    outer loop
      vertex 20.6711 1.50734 1.64999
      vertex 20.5099 1.56924 0
      vertex 20.6711 1.50734 0
    endloop
  endfacet
  facet normal -0.321187 -0.630492 0.706625
    outer loop
      vertex 20.825 1.42894 1.64999
      vertex 21.2202 2.74063 2.99999
      vertex 20.6711 1.50734 1.64999
    endloop
  endfacet
  facet normal -0.321231 -0.630475 0.70662
    outer loop
      vertex 21.5 2.59807 2.99999
      vertex 21.2202 2.74063 2.99999
      vertex 20.825 1.42894 1.64999
    endloop
  endfacet
  facet normal -0.453917 -0.891044 0
    outer loop
      vertex 20.6711 1.50734 0
      vertex 20.825 1.42894 1.64999
      vertex 20.6711 1.50734 1.64999
    endloop
  endfacet
  facet normal -0.453917 -0.891044 -0
    outer loop
      vertex 20.825 1.42894 1.64999
      vertex 20.6711 1.50734 0
      vertex 20.825 1.42894 0
    endloop
  endfacet
  facet normal -0.385487 -0.593373 0.706618
    outer loop
      vertex 20.9698 1.33487 1.64999
      vertex 21.5 2.59807 2.99999
      vertex 20.825 1.42894 1.64999
    endloop
  endfacet
  facet normal -0.385341 -0.59345 0.706632
    outer loop
      vertex 21.5 2.59807 2.99999
      vertex 20.9698 1.33487 1.64999
      vertex 21.7634 2.42705 3
    endloop
  endfacet
  facet normal -0.544785 -0.838576 0
    outer loop
      vertex 20.825 1.42894 0
      vertex 20.9698 1.33487 1.64999
      vertex 20.825 1.42894 1.64999
    endloop
  endfacet
  facet normal -0.544785 -0.838576 -0
    outer loop
      vertex 20.9698 1.33487 1.64999
      vertex 20.825 1.42894 0
      vertex 20.9698 1.33487 0
    endloop
  endfacet
  facet normal -0.445132 -0.550015 0.706641
    outer loop
      vertex 21.7634 2.42705 3
      vertex 20.9698 1.33487 1.64999
      vertex 21.1041 1.22618 1.64999
    endloop
  endfacet
  facet normal -0.44533 -0.549882 0.706619
    outer loop
      vertex 21.1041 1.22618 1.64999
      vertex 22.0074 2.22943 2.99999
      vertex 21.7634 2.42705 3
    endloop
  endfacet
  facet normal -0.629097 -0.777327 0
    outer loop
      vertex 20.9698 1.33487 0
      vertex 21.1041 1.22618 1.64999
      vertex 20.9698 1.33487 1.64999
    endloop
  endfacet
  facet normal -0.629097 -0.777327 -0
    outer loop
      vertex 21.1041 1.22618 1.64999
      vertex 20.9698 1.33487 0
      vertex 21.1041 1.22618 0
    endloop
  endfacet
  facet normal -0.500392 -0.500302 0.706616
    outer loop
      vertex 22.0074 2.22943 2.99999
      vertex 21.2262 1.10406 1.64999
      vertex 22.2294 2.00739 2.99999
    endloop
  endfacet
  facet normal -0.500388 -0.500306 0.706616
    outer loop
      vertex 21.2262 1.10406 1.64999
      vertex 22.0074 2.22943 2.99999
      vertex 21.1041 1.22618 1.64999
    endloop
  endfacet
  facet normal -0.707165 -0.707049 0
    outer loop
      vertex 21.1041 1.22618 0
      vertex 21.2262 1.10406 1.64999
      vertex 21.1041 1.22618 1.64999
    endloop
  endfacet
  facet normal -0.707165 -0.707049 -0
    outer loop
      vertex 21.2262 1.10406 1.64999
      vertex 21.1041 1.22618 0
      vertex 21.2262 1.10406 0
    endloop
  endfacet
  facet normal -0.549883 -0.445337 0.706614
    outer loop
      vertex 22.2294 2.00739 2.99999
      vertex 21.2262 1.10406 1.64999
      vertex 21.3349 0.969842 1.64999
    endloop
  endfacet
  facet normal -0.54995 -0.445268 0.706605
    outer loop
      vertex 22.427 1.76335 3
      vertex 22.2294 2.00739 2.99999
      vertex 21.3349 0.969842 1.64999
    endloop
  endfacet
  facet normal -0.777111 -0.629364 0
    outer loop
      vertex 21.3349 0.969842 0
      vertex 21.2262 1.10406 1.64999
      vertex 21.2262 1.10406 0
    endloop
  endfacet
  facet normal -0.777111 -0.629364 0
    outer loop
      vertex 21.2262 1.10406 1.64999
      vertex 21.3349 0.969842 0
      vertex 21.3349 0.969842 1.64999
    endloop
  endfacet
  facet normal -0.593576 -0.385212 0.706597
    outer loop
      vertex 22.427 1.76335 3
      vertex 21.3349 0.969842 1.64999
      vertex 21.4289 0.824997 1.64999
    endloop
  endfacet
  facet normal -0.593334 -0.38552 0.706632
    outer loop
      vertex 21.4289 0.824997 1.64999
      vertex 22.5981 1.5 2.99999
      vertex 22.427 1.76335 3
    endloop
  endfacet
  facet normal -0.838838 -0.544381 0
    outer loop
      vertex 21.4289 0.824997 0
      vertex 21.3349 0.969842 1.64999
      vertex 21.3349 0.969842 0
    endloop
  endfacet
  facet normal -0.838838 -0.544381 0
    outer loop
      vertex 21.3349 0.969842 1.64999
      vertex 21.4289 0.824997 0
      vertex 21.4289 0.824997 1.64999
    endloop
  endfacet
  facet normal -0.630469 -0.321206 0.706637
    outer loop
      vertex 22.5981 1.5 2.99999
      vertex 21.4289 0.824997 1.64999
      vertex 21.5073 0.671112 1.64999
    endloop
  endfacet
  facet normal -0.630517 -0.321129 0.706629
    outer loop
      vertex 22.7406 1.22021 2.99999
      vertex 22.5981 1.5 2.99999
      vertex 21.5073 0.671112 1.64999
    endloop
  endfacet
  facet normal -0.891026 -0.453952 0
    outer loop
      vertex 21.5073 0.671112 0
      vertex 21.4289 0.824997 1.64999
      vertex 21.4289 0.824997 0
    endloop
  endfacet
  facet normal -0.891026 -0.453952 0
    outer loop
      vertex 21.4289 0.824997 1.64999
      vertex 21.5073 0.671112 0
      vertex 21.5073 0.671112 1.64999
    endloop
  endfacet
  facet normal -0.755301 0 0.655378
    outer loop
      vertex 22.7406 1.22021 2.99999
      vertex 21.5692 0.509875 1.64999
      vertex 22.7406 1.2202 2.99999
    endloop
  endfacet
  facet normal -0.66058 -0.253601 0.706626
    outer loop
      vertex 21.5692 0.509875 1.64999
      vertex 22.7406 1.22021 2.99999
      vertex 21.5073 0.671112 1.64999
    endloop
  endfacet
  facet normal -0.660528 -0.25371 0.706636
    outer loop
      vertex 22.7406 1.2202 2.99999
      vertex 21.5692 0.509875 1.64999
      vertex 22.8532 0.927049 2.99999
    endloop
  endfacet
  facet normal -0.933567 -0.358403 0
    outer loop
      vertex 21.5692 0.509875 0
      vertex 21.5073 0.671112 1.64999
      vertex 21.5073 0.671112 0
    endloop
  endfacet
  facet normal -0.933567 -0.358403 0
    outer loop
      vertex 21.5073 0.671112 1.64999
      vertex 21.5692 0.509875 0
      vertex 21.5692 0.509875 1.64999
    endloop
  endfacet
  facet normal -0.724597 0 0.689173
    outer loop
      vertex 21.5692 0.509875 1.64999
      vertex 22.8532 0.927048 2.99999
      vertex 22.8532 0.927049 2.99999
    endloop
  endfacet
  facet normal -0.683463 -0.183134 0.70664
    outer loop
      vertex 22.8532 0.927048 2.99999
      vertex 21.5692 0.509875 1.64999
      vertex 21.6139 0.343053 1.64999
    endloop
  endfacet
  facet normal 0 0 1
    outer loop
      vertex 22.8532 0.927048 2.99999
      vertex 22.9344 0.623733 2.99999
      vertex 22.9344 0.623734 2.99999
    endloop
  endfacet
  facet normal -0.683518 -0.182984 0.706626
    outer loop
      vertex 22.9344 0.623733 2.99999
      vertex 22.8532 0.927048 2.99999
      vertex 21.6139 0.343053 1.64999
    endloop
  endfacet
  facet normal -0.965926 -0.25882 0
    outer loop
      vertex 21.6139 0.343053 0
      vertex 21.5692 0.509875 1.64999
      vertex 21.5692 0.509875 0
    endloop
  endfacet
  facet normal -0.965926 -0.25882 0
    outer loop
      vertex 21.5692 0.509875 1.64999
      vertex 21.6139 0.343053 0
      vertex 21.6139 0.343053 1.64999
    endloop
  endfacet
  facet normal -0.714874 0 0.699253
    outer loop
      vertex 21.6139 0.343053 1.64999
      vertex 22.9344 0.623731 2.99999
      vertex 22.9344 0.623733 2.99999
    endloop
  endfacet
  facet normal -0.698819 -0.11102 0.706631
    outer loop
      vertex 22.9344 0.623731 2.99999
      vertex 21.6139 0.343053 1.64999
      vertex 21.641 0.172471 1.64999
    endloop
  endfacet
  facet normal -0.698858 -0.110863 0.706616
    outer loop
      vertex 22.9836 0.313584 2.99999
      vertex 22.9344 0.623731 2.99999
      vertex 21.641 0.172471 1.64999
    endloop
  endfacet
  facet normal -0.987614 -0.1569 0
    outer loop
      vertex 21.641 0.172471 0
      vertex 21.6139 0.343053 1.64999
      vertex 21.6139 0.343053 0
    endloop
  endfacet
  facet normal -0.987614 -0.1569 0
    outer loop
      vertex 21.6139 0.343053 1.64999
      vertex 21.641 0.172471 0
      vertex 21.641 0.172471 1.64999
    endloop
  endfacet
  facet normal 0 0 0
    outer loop
      vertex 22.9836 0.313584 2.99999
      vertex 22.9836 0.313582 2.99999
      vertex 22.9836 0.313583 2.99999
    endloop
  endfacet
  facet normal -0.709047 0 0.705161
    outer loop
      vertex 21.641 0.172471 1.64999
      vertex 22.9836 0.313582 2.99999
      vertex 22.9836 0.313584 2.99999
    endloop
  endfacet
  facet normal -0.706635 -0.0368741 0.706616
    outer loop
      vertex 22.9836 0.313582 2.99999
      vertex 21.641 0.172471 1.64999
      vertex 21.65 0 1.64999
    endloop
  endfacet
  facet normal -0.706627 -0.0369333 0.706622
    outer loop
      vertex 23 0 3
      vertex 22.9836 0.313582 2.99999
      vertex 21.65 0 1.64999
    endloop
  endfacet
  facet normal -0.998641 -0.0521118 0
    outer loop
      vertex 21.65 0 0
      vertex 21.641 0.172471 1.64999
      vertex 21.641 0.172471 0
    endloop
  endfacet
  facet normal -0.998641 -0.0521118 0
    outer loop
      vertex 21.641 0.172471 1.64999
      vertex 21.65 0 0
      vertex 21.65 0 1.64999
    endloop
  endfacet
  facet normal -0.706629 0.0368738 0.706623
    outer loop
      vertex 23 0 3
      vertex 21.65 0 1.64999
      vertex 21.641 -0.172471 1.64999
    endloop
  endfacet
  facet normal -0.706631 0.0369333 0.706618
    outer loop
      vertex 22.9836 -0.313584 2.99999
      vertex 23 0 3
      vertex 21.641 -0.172471 1.64999
    endloop
  endfacet
  facet normal 0.000609756 0 -1
    outer loop
      vertex 23 0 3
      vertex 22.9836 -0.313584 2.99999
      vertex 22.9836 -0.313583 2.99999
    endloop
  endfacet
  facet normal -0.998641 0.0521118 0
    outer loop
      vertex 21.641 -0.172471 0
      vertex 21.65 0 1.64999
      vertex 21.65 0 0
    endloop
  endfacet
  facet normal -0.998641 0.0521118 0
    outer loop
      vertex 21.65 0 1.64999
      vertex 21.641 -0.172471 0
      vertex 21.641 -0.172471 1.64999
    endloop
  endfacet
  facet normal -0.709047 0 0.705161
    outer loop
      vertex 21.641 -0.172471 1.64999
      vertex 22.9836 -0.313586 2.99999
      vertex 22.9836 -0.313584 2.99999
    endloop
  endfacet
  facet normal -0.698837 0.111023 0.706612
    outer loop
      vertex 22.9836 -0.313586 2.99999
      vertex 21.641 -0.172471 1.64999
      vertex 21.6139 -0.343053 1.64999
    endloop
  endfacet
  facet normal -0.698848 0.110861 0.706626
    outer loop
      vertex 22.9344 -0.623733 2.99999
      vertex 22.9836 -0.313586 2.99999
      vertex 21.6139 -0.343053 1.64999
    endloop
  endfacet
  facet normal -0.987614 0.1569 0
    outer loop
      vertex 21.6139 -0.343053 0
      vertex 21.641 -0.172471 1.64999
      vertex 21.641 -0.172471 0
    endloop
  endfacet
  facet normal -0.987614 0.1569 0
    outer loop
      vertex 21.641 -0.172471 1.64999
      vertex 21.6139 -0.343053 0
      vertex 21.6139 -0.343053 1.64999
    endloop
  endfacet
  facet normal -0.683481 0.183139 0.706622
    outer loop
      vertex 21.5692 -0.509875 1.64999
      vertex 22.9344 -0.623733 2.99999
      vertex 21.6139 -0.343053 1.64999
    endloop
  endfacet
  facet normal -0.703137 0 0.711054
    outer loop
      vertex 22.9344 -0.623733 2.99999
      vertex 21.5692 -0.509875 1.64999
      vertex 22.9344 -0.623734 2.99999
    endloop
  endfacet
  facet normal -0.724597 0 0.689173
    outer loop
      vertex 22.8532 -0.927048 2.99999
      vertex 21.5692 -0.509875 1.64999
      vertex 22.8532 -0.927049 2.99999
    endloop
  endfacet
  facet normal -0.683508 0.182981 0.706636
    outer loop
      vertex 21.5692 -0.509875 1.64999
      vertex 22.8532 -0.927048 2.99999
      vertex 22.9344 -0.623734 2.99999
    endloop
  endfacet
  facet normal -0.965926 0.25882 0
    outer loop
      vertex 21.5692 -0.509875 0
      vertex 21.6139 -0.343053 1.64999
      vertex 21.6139 -0.343053 0
    endloop
  endfacet
  facet normal -0.965926 0.25882 0
    outer loop
      vertex 21.6139 -0.343053 1.64999
      vertex 21.5692 -0.509875 0
      vertex 21.5692 -0.509875 1.64999
    endloop
  endfacet
  facet normal -0.660568 0.253597 0.706639
    outer loop
      vertex 21.5073 -0.671112 1.64999
      vertex 22.8532 -0.927049 2.99999
      vertex 21.5692 -0.509875 1.64999
    endloop
  endfacet
  facet normal -0.708181 0 0.706031
    outer loop
      vertex 22.8532 -0.927049 2.99999
      vertex 21.5073 -0.671112 1.64999
      vertex 22.8532 -0.92705 2.99999
    endloop
  endfacet
  facet normal -0.660534 0.253714 0.706628
    outer loop
      vertex 21.5073 -0.671112 1.64999
      vertex 22.7406 -1.2202 2.99999
      vertex 22.8532 -0.92705 2.99999
    endloop
  endfacet
  facet normal -0.738297 0 0.674476
    outer loop
      vertex 22.7406 -1.2202 2.99999
      vertex 21.5073 -0.671112 1.64999
      vertex 22.7406 -1.22021 2.99999
    endloop
  endfacet
  facet normal -0.933567 0.358403 0
    outer loop
      vertex 21.5073 -0.671112 0
      vertex 21.5692 -0.509875 1.64999
      vertex 21.5692 -0.509875 0
    endloop
  endfacet
  facet normal -0.933567 0.358403 0
    outer loop
      vertex 21.5692 -0.509875 1.64999
      vertex 21.5073 -0.671112 0
      vertex 21.5073 -0.671112 1.64999
    endloop
  endfacet
  facet normal -0.630479 0.321211 0.706626
    outer loop
      vertex 21.4289 -0.824997 1.64999
      vertex 22.7406 -1.22021 2.99999
      vertex 21.5073 -0.671112 1.64999
    endloop
  endfacet
  facet normal -0.630512 0.321127 0.706634
    outer loop
      vertex 22.5981 -1.5 2.99999
      vertex 22.7406 -1.22021 2.99999
      vertex 21.4289 -0.824997 1.64999
    endloop
  endfacet
  facet normal -0.891026 0.453952 0
    outer loop
      vertex 21.4289 -0.824997 0
      vertex 21.5073 -0.671112 1.64999
      vertex 21.5073 -0.671112 0
    endloop
  endfacet
  facet normal -0.891026 0.453952 0
    outer loop
      vertex 21.5073 -0.671112 1.64999
      vertex 21.4289 -0.824997 0
      vertex 21.4289 -0.824997 1.64999
    endloop
  endfacet
  facet normal -0.593538 0.385188 0.706642
    outer loop
      vertex 21.3349 -0.969842 1.64999
      vertex 22.5981 -1.5 2.99999
      vertex 21.4289 -0.824997 1.64999
    endloop
  endfacet
  facet normal -0.593355 0.385533 0.706607
    outer loop
      vertex 22.5981 -1.5 2.99999
      vertex 21.3349 -0.969842 1.64999
      vertex 22.427 -1.76335 3
    endloop
  endfacet
  facet normal -0.838838 0.544381 0
    outer loop
      vertex 21.3349 -0.969842 0
      vertex 21.4289 -0.824997 1.64999
      vertex 21.4289 -0.824997 0
    endloop
  endfacet
  facet normal -0.838838 0.544381 0
    outer loop
      vertex 21.4289 -0.824997 1.64999
      vertex 21.3349 -0.969842 0
      vertex 21.3349 -0.969842 1.64999
    endloop
  endfacet
  facet normal -0.549892 0.445344 0.706603
    outer loop
      vertex 22.427 -1.76335 3
      vertex 21.3349 -0.969842 1.64999
      vertex 21.2262 -1.10406 1.64999
    endloop
  endfacet
  facet normal -0.549946 0.445264 0.706612
    outer loop
      vertex 21.2262 -1.10406 1.64999
      vertex 22.2294 -2.00739 2.99999
      vertex 22.427 -1.76335 3
    endloop
  endfacet
  facet normal -0.777111 0.629364 0
    outer loop
      vertex 21.2262 -1.10406 0
      vertex 21.3349 -0.969842 1.64999
      vertex 21.3349 -0.969842 0
    endloop
  endfacet
  facet normal -0.777111 0.629364 0
    outer loop
      vertex 21.3349 -0.969842 1.64999
      vertex 21.2262 -1.10406 0
      vertex 21.2262 -1.10406 1.64999
    endloop
  endfacet
  facet normal -0.500392 0.500302 0.706616
    outer loop
      vertex 21.2262 -1.10406 1.64999
      vertex 22.0074 -2.22943 2.99999
      vertex 22.2294 -2.00739 2.99999
    endloop
  endfacet
  facet normal -0.500388 0.500306 0.706616
    outer loop
      vertex 22.0074 -2.22943 2.99999
      vertex 21.2262 -1.10406 1.64999
      vertex 21.1041 -1.22618 1.64999
    endloop
  endfacet
  facet normal -0.707165 0.707049 0
    outer loop
      vertex 21.2262 -1.10406 0
      vertex 21.1041 -1.22618 1.64999
      vertex 21.2262 -1.10406 1.64999
    endloop
  endfacet
  facet normal -0.707165 0.707049 0
    outer loop
      vertex 21.1041 -1.22618 1.64999
      vertex 21.2262 -1.10406 0
      vertex 21.1041 -1.22618 0
    endloop
  endfacet
  facet normal -0.445149 0.550037 0.706613
    outer loop
      vertex 20.9698 -1.33487 1.64999
      vertex 22.0074 -2.22943 2.99999
      vertex 21.1041 -1.22618 1.64999
    endloop
  endfacet
  facet normal -0.445321 0.54987 0.706635
    outer loop
      vertex 22.0074 -2.22943 2.99999
      vertex 20.9698 -1.33487 1.64999
      vertex 21.7634 -2.42705 3
    endloop
  endfacet
  facet normal -0.629097 0.777327 0
    outer loop
      vertex 21.1041 -1.22618 0
      vertex 20.9698 -1.33487 1.64999
      vertex 21.1041 -1.22618 1.64999
    endloop
  endfacet
  facet normal -0.629097 0.777327 0
    outer loop
      vertex 20.9698 -1.33487 1.64999
      vertex 21.1041 -1.22618 0
      vertex 20.9698 -1.33487 0
    endloop
  endfacet
  facet normal -0.385477 0.593357 0.706637
    outer loop
      vertex 21.7634 -2.42705 3
      vertex 20.9698 -1.33487 1.64999
      vertex 20.825 -1.42894 1.64999
    endloop
  endfacet
  facet normal -0.385347 0.593459 0.706622
    outer loop
      vertex 20.825 -1.42894 1.64999
      vertex 21.5 -2.59807 2.99999
      vertex 21.7634 -2.42705 3
    endloop
  endfacet
  facet normal -0.544785 0.838576 0
    outer loop
      vertex 20.9698 -1.33487 0
      vertex 20.825 -1.42894 1.64999
      vertex 20.9698 -1.33487 1.64999
    endloop
  endfacet
  facet normal -0.544785 0.838576 0
    outer loop
      vertex 20.825 -1.42894 1.64999
      vertex 20.9698 -1.33487 0
      vertex 20.825 -1.42894 0
    endloop
  endfacet
  facet normal -0.321189 0.630497 0.706619
    outer loop
      vertex 20.6711 -1.50734 1.64999
      vertex 21.5 -2.59807 2.99999
      vertex 20.825 -1.42894 1.64999
    endloop
  endfacet
  facet normal -0.32123 0.630472 0.706624
    outer loop
      vertex 21.2202 -2.74063 2.99999
      vertex 21.5 -2.59807 2.99999
      vertex 20.6711 -1.50734 1.64999
    endloop
  endfacet
  facet normal -0.453917 0.891044 0
    outer loop
      vertex 20.825 -1.42894 0
      vertex 20.6711 -1.50734 1.64999
      vertex 20.825 -1.42894 1.64999
    endloop
  endfacet
  facet normal -0.453917 0.891044 0
    outer loop
      vertex 20.6711 -1.50734 1.64999
      vertex 20.825 -1.42894 0
      vertex 20.6711 -1.50734 0
    endloop
  endfacet
  facet normal -0.253652 0.660561 0.706625
    outer loop
      vertex 20.5099 -1.56924 1.64999
      vertex 21.2202 -2.74063 2.99999
      vertex 20.6711 -1.50734 1.64999
    endloop
  endfacet
  facet normal -0.253544 0.660615 0.706614
    outer loop
      vertex 21.2202 -2.74063 2.99999
      vertex 20.5099 -1.56924 1.64999
      vertex 20.927 -2.85316 2.99999
    endloop
  endfacet
  facet normal -0.358475 0.93354 0
    outer loop
      vertex 20.6711 -1.50734 0
      vertex 20.5099 -1.56924 1.64999
      vertex 20.6711 -1.50734 1.64999
    endloop
  endfacet
  facet normal -0.358475 0.93354 0
    outer loop
      vertex 20.5099 -1.56924 1.64999
      vertex 20.6711 -1.50734 0
      vertex 20.5099 -1.56924 0
    endloop
  endfacet
  facet normal -0.183163 0.68348 0.706616
    outer loop
      vertex 20.927 -2.85316 2.99999
      vertex 20.5099 -1.56924 1.64999
      vertex 20.3431 -1.61394 1.64999
    endloop
  endfacet
  facet normal -0.183142 0.683488 0.706614
    outer loop
      vertex 20.3431 -1.61394 1.64999
      vertex 20.6237 -2.93443 2.99999
      vertex 20.927 -2.85316 2.99999
    endloop
  endfacet
  facet normal -0.258852 0.965917 0
    outer loop
      vertex 20.5099 -1.56924 0
      vertex 20.3431 -1.61394 1.64999
      vertex 20.5099 -1.56924 1.64999
    endloop
  endfacet
  facet normal -0.258852 0.965917 0
    outer loop
      vertex 20.3431 -1.61394 1.64999
      vertex 20.5099 -1.56924 0
      vertex 20.3431 -1.61394 0
    endloop
  endfacet
  facet normal -0.110651 0.698893 0.706615
    outer loop
      vertex 20.6237 -2.93443 2.99999
      vertex 20.3431 -1.61394 1.64999
      vertex 20.1725 -1.64095 1.64999
    endloop
  endfacet
  facet normal -0.110703 0.69888 0.70662
    outer loop
      vertex 20.3136 -2.98355 2.99999
      vertex 20.6237 -2.93443 2.99999
      vertex 20.1725 -1.64095 1.64999
    endloop
  endfacet
  facet normal -0.156376 0.987698 0
    outer loop
      vertex 20.3431 -1.61394 0
      vertex 20.1725 -1.64095 1.64999
      vertex 20.3431 -1.61394 1.64999
    endloop
  endfacet
  facet normal -0.156376 0.987698 0
    outer loop
      vertex 20.1725 -1.64095 1.64999
      vertex 20.3431 -1.61394 0
      vertex 20.1725 -1.64095 0
    endloop
  endfacet
  facet normal -0.0370312 0.706623 0.70662
    outer loop
      vertex 20.3136 -2.98355 2.99999
      vertex 20.1725 -1.64095 1.64999
      vertex 20 -1.64999 1.64999
    endloop
  endfacet
  facet normal -0.0370435 0.706621 0.706621
    outer loop
      vertex 20.3136 -2.98355 2.99999
      vertex 20 -1.64999 1.64999
      vertex 20 -3 3
    endloop
  endfacet
  facet normal -0.052334 0.99863 0
    outer loop
      vertex 20.1725 -1.64095 0
      vertex 20 -1.64999 1.64999
      vertex 20.1725 -1.64095 1.64999
    endloop
  endfacet
  facet normal -0.052334 0.99863 0
    outer loop
      vertex 20 -1.64999 1.64999
      vertex 20.1725 -1.64095 0
      vertex 20 -1.64999 0
    endloop
  endfacet
  facet normal 0.0370311 0.706622 0.706622
    outer loop
      vertex 20 -3 3
      vertex 20 -1.64999 1.64999
      vertex 19.8275 -1.64095 1.64999
    endloop
  endfacet
  facet normal 0.0370436 0.706622 0.706621
    outer loop
      vertex 20 -3 3
      vertex 19.8275 -1.64095 1.64999
      vertex 19.6864 -2.98355 2.99999
    endloop
  endfacet
  facet normal 0.052334 0.99863 -0
    outer loop
      vertex 20 -1.64999 0
      vertex 19.8275 -1.64095 1.64999
      vertex 20 -1.64999 1.64999
    endloop
  endfacet
  facet normal 0.052334 0.99863 0
    outer loop
      vertex 19.8275 -1.64095 1.64999
      vertex 20 -1.64999 0
      vertex 19.8275 -1.64095 0
    endloop
  endfacet
  facet normal 0.11065 0.698887 0.706621
    outer loop
      vertex 19.6864 -2.98355 2.99999
      vertex 19.8275 -1.64095 1.64999
      vertex 19.6569 -1.61394 1.64999
    endloop
  endfacet
  facet normal 0.110681 0.698885 0.706618
    outer loop
      vertex 19.6864 -2.98355 2.99999
      vertex 19.6569 -1.61394 1.64999
      vertex 19.3763 -2.93444 2.99999
    endloop
  endfacet
  facet normal 0.156376 0.987698 -0
    outer loop
      vertex 19.8275 -1.64095 0
      vertex 19.6569 -1.61394 1.64999
      vertex 19.8275 -1.64095 1.64999
    endloop
  endfacet
  facet normal 0.156376 0.987698 0
    outer loop
      vertex 19.6569 -1.61394 1.64999
      vertex 19.8275 -1.64095 0
      vertex 19.6569 -1.61394 0
    endloop
  endfacet
  facet normal 0.183163 0.68348 0.706616
    outer loop
      vertex 19.3763 -2.93444 2.99999
      vertex 19.6569 -1.61394 1.64999
      vertex 19.4901 -1.56924 1.64999
    endloop
  endfacet
  facet normal 0.996466 0 0.0839984
    outer loop
      vertex 19.4901 -1.56924 1.64999
      vertex 19.3763 -2.93443 2.99999
      vertex 19.3763 -2.93444 2.99999
    endloop
  endfacet
  facet normal 0.183085 0.683496 0.70662
    outer loop
      vertex 19.3763 -2.93443 2.99999
      vertex 19.4901 -1.56924 1.64999
      vertex 19.0729 -2.85317 3
    endloop
  endfacet
  facet normal 0.258852 0.965917 -0
    outer loop
      vertex 19.6569 -1.61394 0
      vertex 19.4901 -1.56924 1.64999
      vertex 19.6569 -1.61394 1.64999
    endloop
  endfacet
  facet normal 0.258852 0.965917 0
    outer loop
      vertex 19.4901 -1.56924 1.64999
      vertex 19.6569 -1.61394 0
      vertex 19.4901 -1.56924 0
    endloop
  endfacet
  facet normal 0.253654 0.660566 0.70662
    outer loop
      vertex 19.0729 -2.85317 3
      vertex 19.4901 -1.56924 1.64999
      vertex 19.3289 -1.50734 1.64999
    endloop
  endfacet
  facet normal 0.982491 0 0.186308
    outer loop
      vertex 19.3289 -1.50734 1.64999
      vertex 19.0729 -2.85316 3
      vertex 19.0729 -2.85317 3
    endloop
  endfacet
  facet normal 0.253616 0.660579 0.706622
    outer loop
      vertex 19.0729 -2.85316 3
      vertex 19.3289 -1.50734 1.64999
      vertex 18.7798 -2.74063 3
    endloop
  endfacet
  facet normal 0.358475 0.93354 -0
    outer loop
      vertex 19.4901 -1.56924 0
      vertex 19.3289 -1.50734 1.64999
      vertex 19.4901 -1.56924 1.64999
    endloop
  endfacet
  facet normal 0.358475 0.93354 0
    outer loop
      vertex 19.3289 -1.50734 1.64999
      vertex 19.4901 -1.56924 0
      vertex 19.3289 -1.50734 0
    endloop
  endfacet
  facet normal 0.321188 0.630495 0.706622
    outer loop
      vertex 19.3289 -1.50734 1.64999
      vertex 19.175 -1.42894 1.64999
      vertex 18.7798 -2.74063 3
    endloop
  endfacet
  facet normal 0.321211 0.630485 0.70662
    outer loop
      vertex 18.7798 -2.74063 3
      vertex 19.175 -1.42894 1.64999
      vertex 18.5 -2.59807 2.99999
    endloop
  endfacet
  facet normal 0.453917 0.891044 -0
    outer loop
      vertex 19.3289 -1.50734 0
      vertex 19.175 -1.42894 1.64999
      vertex 19.3289 -1.50734 1.64999
    endloop
  endfacet
  facet normal 0.453917 0.891044 0
    outer loop
      vertex 19.175 -1.42894 1.64999
      vertex 19.3289 -1.50734 0
      vertex 19.175 -1.42894 0
    endloop
  endfacet
  facet normal 0.385487 0.593373 0.706618
    outer loop
      vertex 19.0302 -1.33487 1.64999
      vertex 18.5 -2.59807 2.99999
      vertex 19.175 -1.42894 1.64999
    endloop
  endfacet
  facet normal 0.385403 0.593417 0.706626
    outer loop
      vertex 19.0302 -1.33487 1.64999
      vertex 18.3265 -2.4854 3
      vertex 18.5 -2.59807 2.99999
    endloop
  endfacet
  facet normal 0.385231 0.593526 0.706629
    outer loop
      vertex 18.3265 -2.4854 3
      vertex 19.0302 -1.33487 1.64999
      vertex 18.2366 -2.42705 3
    endloop
  endfacet
  facet normal 0.544785 0.838576 -0
    outer loop
      vertex 19.175 -1.42894 0
      vertex 19.0302 -1.33487 1.64999
      vertex 19.175 -1.42894 1.64999
    endloop
  endfacet
  facet normal 0.544785 0.838576 0
    outer loop
      vertex 19.0302 -1.33487 1.64999
      vertex 19.175 -1.42894 0
      vertex 19.0302 -1.33487 0
    endloop
  endfacet
  facet normal -0.544431 -0.838806 0
    outer loop
      vertex 18.2366 -2.42705 0
      vertex 18.3265 -2.4854 3
      vertex 18.2366 -2.42705 3
    endloop
  endfacet
  facet normal -0.544431 -0.838806 -0
    outer loop
      vertex 18.3265 -2.4854 3
      vertex 18.2366 -2.42705 0
      vertex 18.3265 -2.4854 0
    endloop
  endfacet
  facet normal 0.445132 0.550015 0.706641
    outer loop
      vertex 19.0302 -1.33487 1.64999
      vertex 18.8959 -1.22618 1.64999
      vertex 18.2366 -2.42705 3
    endloop
  endfacet
  facet normal 0.445349 0.549869 0.706617
    outer loop
      vertex 18.2366 -2.42705 3
      vertex 18.8959 -1.22618 1.64999
      vertex 17.9926 -2.22943 3
    endloop
  endfacet
  facet normal 0.629097 0.777327 -0
    outer loop
      vertex 19.0302 -1.33487 0
      vertex 18.8959 -1.22618 1.64999
      vertex 19.0302 -1.33487 1.64999
    endloop
  endfacet
  facet normal 0.629097 0.777327 0
    outer loop
      vertex 18.8959 -1.22618 1.64999
      vertex 19.0302 -1.33487 0
      vertex 18.8959 -1.22618 0
    endloop
  endfacet
  facet normal -0.629383 -0.777095 0
    outer loop
      vertex 17.9926 -2.22943 0
      vertex 18.2366 -2.42705 3
      vertex 17.9926 -2.22943 3
    endloop
  endfacet
  facet normal -0.629383 -0.777095 -0
    outer loop
      vertex 18.2366 -2.42705 3
      vertex 17.9926 -2.22943 0
      vertex 18.2366 -2.42705 0
    endloop
  endfacet
  facet normal 0.500389 0.500308 0.706614
    outer loop
      vertex 18.7738 -1.10406 1.64999
      vertex 17.9926 -2.22943 3
      vertex 18.8959 -1.22618 1.64999
    endloop
  endfacet
  facet normal 0.500394 0.500304 0.706613
    outer loop
      vertex 17.9926 -2.22943 3
      vertex 18.7738 -1.10406 1.64999
      vertex 17.7706 -2.00739 3
    endloop
  endfacet
  facet normal 0.707165 0.707049 -0
    outer loop
      vertex 18.8959 -1.22618 0
      vertex 18.7738 -1.10406 1.64999
      vertex 18.8959 -1.22618 1.64999
    endloop
  endfacet
  facet normal 0.707165 0.707049 0
    outer loop
      vertex 18.7738 -1.10406 1.64999
      vertex 18.8959 -1.22618 0
      vertex 18.7738 -1.10406 0
    endloop
  endfacet
  facet normal -0.70717 -0.707043 0
    outer loop
      vertex 17.9926 -2.22943 0
      vertex 17.7706 -2.00739 3
      vertex 17.7706 -2.00739 0
    endloop
  endfacet
  facet normal -0.70717 -0.707043 0
    outer loop
      vertex 17.7706 -2.00739 3
      vertex 17.9926 -2.22943 0
      vertex 17.9926 -2.22943 3
    endloop
  endfacet
  facet normal 0.549885 0.445339 0.706611
    outer loop
      vertex 18.7738 -1.10406 1.64999
      vertex 18.6651 -0.969842 1.64999
      vertex 17.7706 -2.00739 3
    endloop
  endfacet
  facet normal 0.549804 0.445422 0.706622
    outer loop
      vertex 17.7706 -2.00739 3
      vertex 18.6651 -0.969842 1.64999
      vertex 17.5729 -1.76336 3
    endloop
  endfacet
  facet normal 0.777111 0.629364 0
    outer loop
      vertex 18.7738 -1.10406 1.64999
      vertex 18.6651 -0.969842 0
      vertex 18.6651 -0.969842 1.64999
    endloop
  endfacet
  facet normal 0.777111 0.629364 0
    outer loop
      vertex 18.6651 -0.969842 0
      vertex 18.7738 -1.10406 1.64999
      vertex 18.7738 -1.10406 0
    endloop
  endfacet
  facet normal -0.777008 -0.62949 0
    outer loop
      vertex 17.7706 -2.00739 0
      vertex 17.5729 -1.76336 3
      vertex 17.5729 -1.76336 0
    endloop
  endfacet
  facet normal -0.777008 -0.62949 0
    outer loop
      vertex 17.5729 -1.76336 3
      vertex 17.7706 -2.00739 0
      vertex 17.7706 -2.00739 3
    endloop
  endfacet
  facet normal 0.593556 0.3852 0.70662
    outer loop
      vertex 18.6651 -0.969842 1.64999
      vertex 18.5711 -0.824997 1.64999
      vertex 17.5729 -1.76336 3
    endloop
  endfacet
  facet normal 0.593454 0.38533 0.706635
    outer loop
      vertex 17.5729 -1.76336 3
      vertex 18.5711 -0.824997 1.64999
      vertex 17.4019 -1.5 3
    endloop
  endfacet
  facet normal 0.838838 0.544381 0
    outer loop
      vertex 18.6651 -0.969842 1.64999
      vertex 18.5711 -0.824997 0
      vertex 18.5711 -0.824997 1.64999
    endloop
  endfacet
  facet normal 0.838838 0.544381 0
    outer loop
      vertex 18.5711 -0.824997 0
      vertex 18.6651 -0.969842 1.64999
      vertex 18.6651 -0.969842 0
    endloop
  endfacet
  facet normal -0.838711 -0.544576 0
    outer loop
      vertex 17.5729 -1.76336 0
      vertex 17.4019 -1.5 3
      vertex 17.4019 -1.5 0
    endloop
  endfacet
  facet normal -0.838711 -0.544576 0
    outer loop
      vertex 17.4019 -1.5 3
      vertex 17.5729 -1.76336 0
      vertex 17.5729 -1.76336 3
    endloop
  endfacet
  facet normal 0.630471 0.321207 0.706634
    outer loop
      vertex 18.5711 -0.824997 1.64999
      vertex 18.4927 -0.671112 1.64999
      vertex 17.4019 -1.5 3
    endloop
  endfacet
  facet normal 0.63052 0.32113 0.706626
    outer loop
      vertex 17.4019 -1.5 3
      vertex 18.4927 -0.671112 1.64999
      vertex 17.2594 -1.22021 3
    endloop
  endfacet
  facet normal 0.891026 0.453952 0
    outer loop
      vertex 18.5711 -0.824997 1.64999
      vertex 18.4927 -0.671112 0
      vertex 18.4927 -0.671112 1.64999
    endloop
  endfacet
  facet normal 0.891026 0.453952 0
    outer loop
      vertex 18.4927 -0.671112 0
      vertex 18.5711 -0.824997 1.64999
      vertex 18.5711 -0.824997 0
    endloop
  endfacet
  facet normal -0.891084 -0.453838 0
    outer loop
      vertex 17.4019 -1.5 0
      vertex 17.2594 -1.22021 3
      vertex 17.2594 -1.22021 0
    endloop
  endfacet
  facet normal -0.891084 -0.453838 0
    outer loop
      vertex 17.2594 -1.22021 3
      vertex 17.4019 -1.5 0
      vertex 17.4019 -1.5 3
    endloop
  endfacet
  facet normal 0.660582 0.253602 0.706623
    outer loop
      vertex 18.4927 -0.671112 1.64999
      vertex 18.4308 -0.509875 1.64999
      vertex 17.2594 -1.22021 3
    endloop
  endfacet
  facet normal 0.660532 0.253705 0.706634
    outer loop
      vertex 17.2594 -1.22021 3
      vertex 18.4308 -0.509875 1.64999
      vertex 17.1468 -0.927051 3
    endloop
  endfacet
  facet normal 0.933567 0.358403 0
    outer loop
      vertex 18.4927 -0.671112 1.64999
      vertex 18.4308 -0.509875 0
      vertex 18.4308 -0.509875 1.64999
    endloop
  endfacet
  facet normal 0.933567 0.358403 0
    outer loop
      vertex 18.4308 -0.509875 0
      vertex 18.4927 -0.671112 1.64999
      vertex 18.4927 -0.671112 0
    endloop
  endfacet
  facet normal -0.933509 -0.358553 0
    outer loop
      vertex 17.2594 -1.22021 0
      vertex 17.1468 -0.927051 3
      vertex 17.1468 -0.927051 0
    endloop
  endfacet
  facet normal -0.933509 -0.358553 0
    outer loop
      vertex 17.1468 -0.927051 3
      vertex 17.2594 -1.22021 0
      vertex 17.2594 -1.22021 3
    endloop
  endfacet
  facet normal 0.683465 0.183135 0.706638
    outer loop
      vertex 18.4308 -0.509875 1.64999
      vertex 18.3861 -0.343053 1.64999
      vertex 17.1468 -0.927051 3
    endloop
  endfacet
  facet normal 0.683521 0.182983 0.706624
    outer loop
      vertex 17.1468 -0.927051 3
      vertex 18.3861 -0.343053 1.64999
      vertex 17.0656 -0.623734 3
    endloop
  endfacet
  facet normal 0.965926 0.25882 0
    outer loop
      vertex 18.4308 -0.509875 1.64999
      vertex 18.3861 -0.343053 0
      vertex 18.3861 -0.343053 1.64999
    endloop
  endfacet
  facet normal 0.965926 0.25882 0
    outer loop
      vertex 18.3861 -0.343053 0
      vertex 18.4308 -0.509875 1.64999
      vertex 18.4308 -0.509875 0
    endloop
  endfacet
  facet normal -0.965984 -0.258601 0
    outer loop
      vertex 17.1468 -0.927051 0
      vertex 17.0656 -0.623734 3
      vertex 17.0656 -0.623734 0
    endloop
  endfacet
  facet normal -0.965984 -0.258601 0
    outer loop
      vertex 17.0656 -0.623734 3
      vertex 17.1468 -0.927051 0
      vertex 17.1468 -0.927051 3
    endloop
  endfacet
  facet normal 0.698821 0.11102 0.706628
    outer loop
      vertex 18.3861 -0.343053 1.64999
      vertex 18.359 -0.172471 1.64999
      vertex 17.0656 -0.623734 3
    endloop
  endfacet
  facet normal 0.698849 0.110911 0.706618
    outer loop
      vertex 18.359 -0.172471 1.64999
      vertex 17.0194 -0.332629 3
      vertex 17.0656 -0.623734 3
    endloop
  endfacet
  facet normal 0.69896 0.110107 0.706633
    outer loop
      vertex 17.0194 -0.332629 3
      vertex 18.359 -0.172471 1.64999
      vertex 17.0164 -0.313585 3
    endloop
  endfacet
  facet normal 0.987614 0.1569 0
    outer loop
      vertex 18.3861 -0.343053 1.64999
      vertex 18.359 -0.172471 0
      vertex 18.359 -0.172471 1.64999
    endloop
  endfacet
  facet normal 0.987614 0.1569 0
    outer loop
      vertex 18.359 -0.172471 0
      vertex 18.3861 -0.343053 1.64999
      vertex 18.3861 -0.343053 0
    endloop
  endfacet
  facet normal -0.987639 -0.156744 0
    outer loop
      vertex 17.0656 -0.623734 0
      vertex 17.0194 -0.332629 3
      vertex 17.0194 -0.332629 0
    endloop
  endfacet
  facet normal -0.987639 -0.156744 0
    outer loop
      vertex 17.0194 -0.332629 3
      vertex 17.0656 -0.623734 0
      vertex 17.0656 -0.623734 3
    endloop
  endfacet
  facet normal 0.706638 0.0368743 0.706614
    outer loop
      vertex 17.0164 -0.313585 3
      vertex 18.359 -0.172471 1.64999
      vertex 18.35 0 1.64999
    endloop
  endfacet
  facet normal 0.706626 0.0369557 0.706621
    outer loop
      vertex 17.0164 -0.313583 3
      vertex 18.35 0 1.64999
      vertex 17 0 3
    endloop
  endfacet
  facet normal 0.711417 0 0.70277
    outer loop
      vertex 18.35 0 1.64999
      vertex 17.0164 -0.313583 3
      vertex 17.0164 -0.313585 3
    endloop
  endfacet
  facet normal 0.998641 0.0521118 0
    outer loop
      vertex 18.359 -0.172471 1.64999
      vertex 18.35 0 0
      vertex 18.35 0 1.64999
    endloop
  endfacet
  facet normal 0.998641 0.0521118 0
    outer loop
      vertex 18.35 0 0
      vertex 18.359 -0.172471 1.64999
      vertex 18.359 -0.172471 0
    endloop
  endfacet
  facet normal -0 0 1
    outer loop
      vertex -17.0194 -0.332629 3
      vertex -14 -21.6 3
      vertex -17.0164 -0.313583 3
    endloop
  endfacet
  facet normal -0 0 1
    outer loop
      vertex -17.0656 -0.623734 3
      vertex -14 -21.6 3
      vertex -17.0194 -0.332629 3
    endloop
  endfacet
  facet normal -0 0 1
    outer loop
      vertex -17.1468 -0.927048 3
      vertex -14 -21.6 3
      vertex -17.0656 -0.623734 3
    endloop
  endfacet
  facet normal -0 0 1
    outer loop
      vertex -17.2594 -1.2202 3
      vertex -14 -21.6 3
      vertex -17.1468 -0.927048 3
    endloop
  endfacet
  facet normal -0 0 1
    outer loop
      vertex -17.4019 -1.5 3
      vertex -14 -21.6 3
      vertex -17.2594 -1.2202 3
    endloop
  endfacet
  facet normal -0 0 1
    outer loop
      vertex -17.5729 -1.76335 3
      vertex -14 -21.6 3
      vertex -17.4019 -1.5 3
    endloop
  endfacet
  facet normal -0 0 1
    outer loop
      vertex -17.7706 -2.00739 3
      vertex -14 -21.6 3
      vertex -17.5729 -1.76335 3
    endloop
  endfacet
  facet normal -0 0 1
    outer loop
      vertex -17.9926 -2.22943 3
      vertex -14 -21.6 3
      vertex -17.7706 -2.00739 3
    endloop
  endfacet
  facet normal -0 0 1
    outer loop
      vertex -18.2366 -2.42705 3
      vertex -14 -21.6 3
      vertex -17.9926 -2.22943 3
    endloop
  endfacet
  facet normal -0 0 1
    outer loop
      vertex -18.3265 -2.4854 3
      vertex -14 -21.6 3
      vertex -18.2366 -2.42705 3
    endloop
  endfacet
  facet normal -0 0 1
    outer loop
      vertex -18.5 -2.59807 3
      vertex -14 -21.6 3
      vertex -18.3265 -2.4854 3
    endloop
  endfacet
  facet normal -0 0 1
    outer loop
      vertex -18.7798 -2.74063 3
      vertex -14 -21.6 3
      vertex -18.5 -2.59807 3
    endloop
  endfacet
  facet normal -0 0 1
    outer loop
      vertex -19.0729 -2.85316 3
      vertex -14 -21.6 3
      vertex -18.7798 -2.74063 3
    endloop
  endfacet
  facet normal -0 0 1
    outer loop
      vertex -19.3763 -2.93443 3
      vertex -14 -21.6 3
      vertex -19.0729 -2.85316 3
    endloop
  endfacet
  facet normal -0 0 1
    outer loop
      vertex -19.6864 -2.98355 3
      vertex -14 -21.6 3
      vertex -19.3763 -2.93443 3
    endloop
  endfacet
  facet normal -0 0 1
    outer loop
      vertex -20 -3 3
      vertex -14 -21.6 3
      vertex -19.6864 -2.98355 3
    endloop
  endfacet
  facet normal 0 0 1
    outer loop
      vertex -20.3136 -2.98355 3
      vertex -14 -21.6 3
      vertex -20 -3 3
    endloop
  endfacet
  facet normal 0 0 1
    outer loop
      vertex -20.6237 -2.93443 3
      vertex -14 -21.6 3
      vertex -20.3136 -2.98355 3
    endloop
  endfacet
  facet normal 0 0 1
    outer loop
      vertex -20.927 -2.85316 3
      vertex -14 -21.6 3
      vertex -20.6237 -2.93443 3
    endloop
  endfacet
  facet normal 0 0 1
    outer loop
      vertex -21.2202 -2.74063 3
      vertex -14 -21.6 3
      vertex -20.927 -2.85316 3
    endloop
  endfacet
  facet normal 0 0 1
    outer loop
      vertex -14 -21.6 3
      vertex -21.2202 -2.74063 3
      vertex -16.3042 -25.7361 3
    endloop
  endfacet
  facet normal 0 0 1
    outer loop
      vertex -21.5 -2.59807 3
      vertex -16.3042 -25.7361 3
      vertex -21.2202 -2.74063 3
    endloop
  endfacet
  facet normal 0 0 1
    outer loop
      vertex -21.7634 -2.42705 3
      vertex -16.3042 -25.7361 3
      vertex -21.5 -2.59807 3
    endloop
  endfacet
  facet normal 0 0 1
    outer loop
      vertex -23.8042 -1.23605 3
      vertex -21.7634 -2.42705 3
      vertex -22.0074 -2.22943 3
    endloop
  endfacet
  facet normal 0 0 1
    outer loop
      vertex -23.8042 -1.23605 3
      vertex -22.0074 -2.22943 3
      vertex -22.2294 -2.00739 3
    endloop
  endfacet
  facet normal 0 0 1
    outer loop
      vertex -23.8042 -1.23605 3
      vertex -22.2294 -2.00739 3
      vertex -22.427 -1.76335 3
    endloop
  endfacet
  facet normal 0 0 1
    outer loop
      vertex -23.8042 -1.23605 3
      vertex -22.427 -1.76335 3
      vertex -22.5981 -1.5 3
    endloop
  endfacet
  facet normal -0 0 1
    outer loop
      vertex -23.8042 -1.23605 3
      vertex -22.5981 -1.5 3
      vertex -22.7406 -1.2202 3
    endloop
  endfacet
  facet normal 0 0 1
    outer loop
      vertex -23.8042 -1.23605 3
      vertex -22.7406 -1.2202 3
      vertex -22.8532 -0.927048 3
    endloop
  endfacet
  facet normal 0 0 1
    outer loop
      vertex -23.8042 -1.23605 3
      vertex -22.8532 -0.927048 3
      vertex -22.9344 -0.623734 3
    endloop
  endfacet
  facet normal -0 0 1
    outer loop
      vertex -23.9781 0.418106 3
      vertex -22.9836 0.313583 3
      vertex -23.9126 0.831635 3
    endloop
  endfacet
  facet normal 0 0 1
    outer loop
      vertex -22.9836 0.313583 3
      vertex -23.9781 0.418106 3
      vertex -23 0 3
    endloop
  endfacet
  facet normal 0 0 1
    outer loop
      vertex -24 0 3
      vertex -23 0 3
      vertex -23.9781 0.418106 3
    endloop
  endfacet
  facet normal 0 0 1
    outer loop
      vertex -21.7634 -2.42705 3
      vertex -23.8042 -1.23605 3
      vertex -16.3042 -25.7361 3
    endloop
  endfacet
  facet normal 0 0 1
    outer loop
      vertex -23 0 3
      vertex -24 0 3
      vertex -22.9836 -0.313583 3
    endloop
  endfacet
  facet normal 0 0 1
    outer loop
      vertex -22.9344 -0.623734 3
      vertex -23.9126 -0.831635 3
      vertex -23.8042 -1.23605 3
    endloop
  endfacet
  facet normal 0 -0 1
    outer loop
      vertex -23.9781 -0.418106 3
      vertex -22.9836 -0.313583 3
      vertex -24 0 3
    endloop
  endfacet
  facet normal 0 0 1
    outer loop
      vertex -22.9344 -0.623734 3
      vertex -23.9781 -0.418106 3
      vertex -23.9126 -0.831635 3
    endloop
  endfacet
  facet normal 0 0 1
    outer loop
      vertex -22.9836 -0.313583 3
      vertex -23.9781 -0.418106 3
      vertex -22.9344 -0.623734 3
    endloop
  endfacet
  facet normal -0 0 1
    outer loop
      vertex 13.2059 -23.3836 3
      vertex 16.3042 -25.7361 3
      vertex 13.3836 -23.2059 3
    endloop
  endfacet
  facet normal -0 0 1
    outer loop
      vertex 13.0107 -23.5416 3
      vertex 16.3042 -25.7361 3
      vertex 13.2059 -23.3836 3
    endloop
  endfacet
  facet normal 0 0 1
    outer loop
      vertex 16.3042 -25.7361 3
      vertex 13.0107 -23.5416 3
      vertex 16.1542 -26.127 3
    endloop
  endfacet
  facet normal 0 0 1
    outer loop
      vertex 16.1542 -26.127 3
      vertex 13.0107 -23.5416 3
      vertex 15.9641 -26.5 3
    endloop
  endfacet
  facet normal -0 0 1
    outer loop
      vertex 12.8 -23.6785 3
      vertex 15.9641 -26.5 3
      vertex 13.0107 -23.5416 3
    endloop
  endfacet
  facet normal 0 0 1
    outer loop
      vertex 15.9641 -26.5 3
      vertex 12.8 -23.6785 3
      vertex 15.7361 -26.8511 3
    endloop
  endfacet
  facet normal 0 0 1
    outer loop
      vertex 15.7361 -26.8511 3
      vertex 12.8 -23.6785 3
      vertex 15.4726 -27.1765 3
    endloop
  endfacet
  facet normal 0 0 1
    outer loop
      vertex 15.4726 -27.1765 3
      vertex 12.8 -23.6785 3
      vertex 15.1765 -27.4726 3
    endloop
  endfacet
  facet normal -0 0 1
    outer loop
      vertex 12.5762 -23.7925 3
      vertex 15.1765 -27.4726 3
      vertex 12.8 -23.6785 3
    endloop
  endfacet
  facet normal 0 0 1
    outer loop
      vertex 15.1765 -27.4726 3
      vertex 12.5762 -23.7925 3
      vertex 14.8511 -27.7361 3
    endloop
  endfacet
  facet normal 0 0 1
    outer loop
      vertex 14.8511 -27.7361 3
      vertex 12.5762 -23.7925 3
      vertex 14.5 -27.9641 3
    endloop
  endfacet
  facet normal 0 0 1
    outer loop
      vertex 14.5 -27.9641 3
      vertex 12.5762 -23.7925 3
      vertex 14.127 -28.1542 3
    endloop
  endfacet
  facet normal -0 0 1
    outer loop
      vertex 12.3416 -23.8825 3
      vertex 14.127 -28.1542 3
      vertex 12.5762 -23.7925 3
    endloop
  endfacet
  facet normal 0 0 1
    outer loop
      vertex 14.127 -28.1542 3
      vertex 12.3416 -23.8825 3
      vertex 13.7361 -28.3042 3
    endloop
  endfacet
  facet normal 0 0 1
    outer loop
      vertex 13.7361 -28.3042 3
      vertex 12.3416 -23.8825 3
      vertex 13.3316 -28.4126 3
    endloop
  endfacet
  facet normal -0 0 1
    outer loop
      vertex 12.099 -23.9476 3
      vertex 13.3316 -28.4126 3
      vertex 12.3416 -23.8825 3
    endloop
  endfacet
  facet normal 0 0 1
    outer loop
      vertex 13.3316 -28.4126 3
      vertex 12.099 -23.9476 3
      vertex 12.9181 -28.4781 3
    endloop
  endfacet
  facet normal 0 0 1
    outer loop
      vertex 12.9181 -28.4781 3
      vertex 12.099 -23.9476 3
      vertex 12.5 -28.5 3
    endloop
  endfacet
  facet normal -0 0 1
    outer loop
      vertex 11.8509 -23.9869 3
      vertex 12.5 -28.5 3
      vertex 12.099 -23.9476 3
    endloop
  endfacet
  facet normal -0 0 1
    outer loop
      vertex 11.6 -24 3
      vertex 12.5 -28.5 3
      vertex 11.8509 -23.9869 3
    endloop
  endfacet
  facet normal -0 0 1
    outer loop
      vertex -11.6 -24 3
      vertex 12.5 -28.5 3
      vertex 11.6 -24 3
    endloop
  endfacet
  facet normal 0 0 1
    outer loop
      vertex -12.5 -28.5 3
      vertex -11.6 -24 3
      vertex -11.8509 -23.9869 3
    endloop
  endfacet
  facet normal 0 0 1
    outer loop
      vertex -12.5 -28.5 3
      vertex -11.8509 -23.9869 3
      vertex -12.099 -23.9476 3
    endloop
  endfacet
  facet normal 0 0 1
    outer loop
      vertex -11.6 -24 3
      vertex -12.5 -28.5 3
      vertex 12.5 -28.5 3
    endloop
  endfacet
  facet normal 0 0 1
    outer loop
      vertex -13.3316 -28.4126 3
      vertex -12.099 -23.9476 3
      vertex -12.3416 -23.8825 3
    endloop
  endfacet
  facet normal 0 0 1
    outer loop
      vertex -14.127 -28.1542 3
      vertex -12.3416 -23.8825 3
      vertex -12.5762 -23.7925 3
    endloop
  endfacet
  facet normal 0 0 1
    outer loop
      vertex -15.1765 -27.4726 3
      vertex -12.5762 -23.7925 3
      vertex -12.8 -23.6785 3
    endloop
  endfacet
  facet normal 0 0 1
    outer loop
      vertex -12.099 -23.9476 3
      vertex -12.9181 -28.4781 3
      vertex -12.5 -28.5 3
    endloop
  endfacet
  facet normal 0 0 1
    outer loop
      vertex -15.9641 -26.5 3
      vertex -12.8 -23.6785 3
      vertex -13.0107 -23.5416 3
    endloop
  endfacet
  facet normal 0 0 1
    outer loop
      vertex -16.3042 -25.7361 3
      vertex -13.0107 -23.5416 3
      vertex -13.2059 -23.3836 3
    endloop
  endfacet
  facet normal 0 0 1
    outer loop
      vertex -12.099 -23.9476 3
      vertex -13.3316 -28.4126 3
      vertex -12.9181 -28.4781 3
    endloop
  endfacet
  facet normal 0 0 1
    outer loop
      vertex -16.3042 -25.7361 3
      vertex -13.2059 -23.3836 3
      vertex -13.3836 -23.2059 3
    endloop
  endfacet
  facet normal 0 0 1
    outer loop
      vertex -16.3042 -25.7361 3
      vertex -13.3836 -23.2059 3
      vertex -13.5416 -23.0107 3
    endloop
  endfacet
  facet normal 0 0 1
    outer loop
      vertex -16.3042 -25.7361 3
      vertex -13.5416 -23.0107 3
      vertex -13.6785 -22.8 3
    endloop
  endfacet
  facet normal 0 0 1
    outer loop
      vertex -12.3416 -23.8825 3
      vertex -13.7361 -28.3042 3
      vertex -13.3316 -28.4126 3
    endloop
  endfacet
  facet normal 0 0 1
    outer loop
      vertex -16.3042 -25.7361 3
      vertex -13.6785 -22.8 3
      vertex -13.7925 -22.5762 3
    endloop
  endfacet
  facet normal 0 0 1
    outer loop
      vertex -16.3042 -25.7361 3
      vertex -13.7925 -22.5762 3
      vertex -13.8825 -22.3416 3
    endloop
  endfacet
  facet normal 0 0 1
    outer loop
      vertex -16.3042 -25.7361 3
      vertex -13.8825 -22.3416 3
      vertex -13.9476 -22.099 3
    endloop
  endfacet
  facet normal 0 0 1
    outer loop
      vertex -16.3042 -25.7361 3
      vertex -13.9476 -22.099 3
      vertex -13.9869 -21.8509 3
    endloop
  endfacet
  facet normal 0 0 1
    outer loop
      vertex -16.3042 -25.7361 3
      vertex -13.9869 -21.8509 3
      vertex -14 -21.6 3
    endloop
  endfacet
  facet normal 0 0 1
    outer loop
      vertex -12.3416 -23.8825 3
      vertex -14.127 -28.1542 3
      vertex -13.7361 -28.3042 3
    endloop
  endfacet
  facet normal 0 0 1
    outer loop
      vertex -14 21.6 3
      vertex -17 0 3
      vertex -14 -21.6 3
    endloop
  endfacet
  facet normal 0 0 1
    outer loop
      vertex -16.3042 25.7361 3
      vertex -14.127 28.1542 3
      vertex -14.5 27.9641 3
    endloop
  endfacet
  facet normal -0 0 1
    outer loop
      vertex -17.0164 -0.313583 3
      vertex -14 -21.6 3
      vertex -17 0 3
    endloop
  endfacet
  facet normal 0 0 1
    outer loop
      vertex -16.3042 25.7361 3
      vertex -14.5 27.9641 3
      vertex -14.8511 27.7361 3
    endloop
  endfacet
  facet normal 0 0 1
    outer loop
      vertex -13.0107 -23.5416 3
      vertex -16.3042 -25.7361 3
      vertex -16.1542 -26.127 3
    endloop
  endfacet
  facet normal 0 0 1
    outer loop
      vertex -16.3042 25.7361 3
      vertex -14.8511 27.7361 3
      vertex -15.1765 27.4726 3
    endloop
  endfacet
  facet normal 0 0 1
    outer loop
      vertex -12.5762 -23.7925 3
      vertex -14.5 -27.9641 3
      vertex -14.127 -28.1542 3
    endloop
  endfacet
  facet normal 0 0 1
    outer loop
      vertex -16.3042 25.7361 3
      vertex -15.1765 27.4726 3
      vertex -15.4726 27.1765 3
    endloop
  endfacet
  facet normal 0 0 1
    outer loop
      vertex -12.5762 -23.7925 3
      vertex -14.8511 -27.7361 3
      vertex -14.5 -27.9641 3
    endloop
  endfacet
  facet normal 0 0 1
    outer loop
      vertex -16.3042 25.7361 3
      vertex -15.4726 27.1765 3
      vertex -15.7361 26.8511 3
    endloop
  endfacet
  facet normal 0 0 1
    outer loop
      vertex -12.5762 -23.7925 3
      vertex -15.1765 -27.4726 3
      vertex -14.8511 -27.7361 3
    endloop
  endfacet
  facet normal 0 0 1
    outer loop
      vertex -16.3042 25.7361 3
      vertex -15.7361 26.8511 3
      vertex -15.9641 26.5 3
    endloop
  endfacet
  facet normal 0 0 1
    outer loop
      vertex -12.8 -23.6785 3
      vertex -15.4726 -27.1765 3
      vertex -15.1765 -27.4726 3
    endloop
  endfacet
  facet normal 0 0 1
    outer loop
      vertex -16.3042 25.7361 3
      vertex -15.9641 26.5 3
      vertex -16.1542 26.127 3
    endloop
  endfacet
  facet normal 0 0 1
    outer loop
      vertex -12.8 -23.6785 3
      vertex -15.7361 -26.8511 3
      vertex -15.4726 -27.1765 3
    endloop
  endfacet
  facet normal 0 0 1
    outer loop
      vertex -14.127 28.1542 3
      vertex -16.3042 25.7361 3
      vertex -17.4019 1.5 3
    endloop
  endfacet
  facet normal 0 0 1
    outer loop
      vertex -12.8 -23.6785 3
      vertex -15.9641 -26.5 3
      vertex -15.7361 -26.8511 3
    endloop
  endfacet
  facet normal 0 0 1
    outer loop
      vertex -13.0107 -23.5416 3
      vertex -16.1542 -26.127 3
      vertex -15.9641 -26.5 3
    endloop
  endfacet
  facet normal 0 0 1
    outer loop
      vertex -14.127 28.1542 3
      vertex -17.0164 0.313583 3
      vertex -17 0 3
    endloop
  endfacet
  facet normal 0 0 1
    outer loop
      vertex -14.127 28.1542 3
      vertex -17.0194 0.332629 3
      vertex -17.0164 0.313583 3
    endloop
  endfacet
  facet normal 0 0 1
    outer loop
      vertex -14.127 28.1542 3
      vertex -17.0656 0.623734 3
      vertex -17.0194 0.332629 3
    endloop
  endfacet
  facet normal 0 0 1
    outer loop
      vertex -14.127 28.1542 3
      vertex -17.1468 0.927048 3
      vertex -17.0656 0.623734 3
    endloop
  endfacet
  facet normal 0 0 1
    outer loop
      vertex -14.127 28.1542 3
      vertex -17.2594 1.2202 3
      vertex -17.1468 0.927048 3
    endloop
  endfacet
  facet normal 0 0 1
    outer loop
      vertex -14.127 28.1542 3
      vertex -17.4019 1.5 3
      vertex -17.2594 1.2202 3
    endloop
  endfacet
  facet normal 0 0 1
    outer loop
      vertex -16.3042 25.7361 3
      vertex -17.5729 1.76335 3
      vertex -17.4019 1.5 3
    endloop
  endfacet
  facet normal 0 0 1
    outer loop
      vertex -16.3042 25.7361 3
      vertex -17.7706 2.00739 3
      vertex -17.5729 1.76335 3
    endloop
  endfacet
  facet normal 0 0 1
    outer loop
      vertex -16.3042 25.7361 3
      vertex -17.9926 2.22943 3
      vertex -17.7706 2.00739 3
    endloop
  endfacet
  facet normal 0 0 1
    outer loop
      vertex -16.3042 25.7361 3
      vertex -18.2366 2.42705 3
      vertex -17.9926 2.22943 3
    endloop
  endfacet
  facet normal 0 0 1
    outer loop
      vertex -16.3042 25.7361 3
      vertex -18.3265 2.4854 3
      vertex -18.2366 2.42705 3
    endloop
  endfacet
  facet normal 0 0 1
    outer loop
      vertex -16.3042 25.7361 3
      vertex -18.5 2.59807 3
      vertex -18.3265 2.4854 3
    endloop
  endfacet
  facet normal 0 0 1
    outer loop
      vertex -16.3042 25.7361 3
      vertex -18.7798 2.74063 3
      vertex -18.5 2.59807 3
    endloop
  endfacet
  facet normal 0 0 1
    outer loop
      vertex -16.3042 25.7361 3
      vertex -19.0729 2.85316 3
      vertex -18.7798 2.74063 3
    endloop
  endfacet
  facet normal 0 0 1
    outer loop
      vertex -16.3042 25.7361 3
      vertex -19.3763 2.93443 3
      vertex -19.0729 2.85316 3
    endloop
  endfacet
  facet normal 0 0 1
    outer loop
      vertex -16.3042 25.7361 3
      vertex -19.6864 2.98355 3
      vertex -19.3763 2.93443 3
    endloop
  endfacet
  facet normal 0 0 1
    outer loop
      vertex -16.3042 25.7361 3
      vertex -20 3 3
      vertex -19.6864 2.98355 3
    endloop
  endfacet
  facet normal 0 0 1
    outer loop
      vertex -16.3042 25.7361 3
      vertex -20.3136 2.98355 3
      vertex -20 3 3
    endloop
  endfacet
  facet normal 0 0 1
    outer loop
      vertex -16.3042 25.7361 3
      vertex -20.6237 2.93443 3
      vertex -20.3136 2.98355 3
    endloop
  endfacet
  facet normal 0 0 1
    outer loop
      vertex -16.3042 25.7361 3
      vertex -20.927 2.85316 3
      vertex -20.6237 2.93443 3
    endloop
  endfacet
  facet normal 0 0 1
    outer loop
      vertex -16.3042 25.7361 3
      vertex -21.2202 2.74063 3
      vertex -20.927 2.85316 3
    endloop
  endfacet
  facet normal 0 0 1
    outer loop
      vertex -16.3042 25.7361 3
      vertex -21.5 2.59807 3
      vertex -21.2202 2.74063 3
    endloop
  endfacet
  facet normal 0 0 1
    outer loop
      vertex -16.3042 25.7361 3
      vertex -21.7634 2.42705 3
      vertex -21.5 2.59807 3
    endloop
  endfacet
  facet normal 0 0 1
    outer loop
      vertex -23.8042 1.23605 3
      vertex -21.7634 2.42705 3
      vertex -16.3042 25.7361 3
    endloop
  endfacet
  facet normal 0 0 1
    outer loop
      vertex -21.7634 2.42705 3
      vertex -23.8042 1.23605 3
      vertex -22.0074 2.22943 3
    endloop
  endfacet
  facet normal 0 0 1
    outer loop
      vertex -22.0074 2.22943 3
      vertex -23.8042 1.23605 3
      vertex -22.2294 2.00739 3
    endloop
  endfacet
  facet normal 0 0 1
    outer loop
      vertex -22.2294 2.00739 3
      vertex -23.8042 1.23605 3
      vertex -22.427 1.76335 3
    endloop
  endfacet
  facet normal 0 0 1
    outer loop
      vertex -22.427 1.76335 3
      vertex -23.8042 1.23605 3
      vertex -22.5981 1.5 3
    endloop
  endfacet
  facet normal 0 0 1
    outer loop
      vertex -22.5981 1.5 3
      vertex -23.8042 1.23605 3
      vertex -22.7406 1.2202 3
    endloop
  endfacet
  facet normal 0 0 1
    outer loop
      vertex -22.7406 1.2202 3
      vertex -23.8042 1.23605 3
      vertex -22.8532 0.927048 3
    endloop
  endfacet
  facet normal 0 0 1
    outer loop
      vertex -22.9344 0.623734 3
      vertex -23.9126 0.831635 3
      vertex -22.9836 0.313583 3
    endloop
  endfacet
  facet normal -0 0 1
    outer loop
      vertex -23.9126 0.831635 3
      vertex -22.9344 0.623734 3
      vertex -23.8042 1.23605 3
    endloop
  endfacet
  facet normal 0 0 1
    outer loop
      vertex -22.8532 0.927048 3
      vertex -23.8042 1.23605 3
      vertex -22.9344 0.623734 3
    endloop
  endfacet
  facet normal 0 0 1
    outer loop
      vertex 23 0 3
      vertex 24 0 3
      vertex 23.9781 0.418106 3
    endloop
  endfacet
  facet normal 0 0 1
    outer loop
      vertex 22.9836 0.313583 3
      vertex 23.9781 0.418106 3
      vertex 23.9126 0.831635 3
    endloop
  endfacet
  facet normal 0 0 1
    outer loop
      vertex 24 0 3
      vertex 23 0 3
      vertex 23.9781 -0.418106 3
    endloop
  endfacet
  facet normal 0 0 1
    outer loop
      vertex 22.9344 0.623734 3
      vertex 23.9126 0.831635 3
      vertex 23.8042 1.23605 3
    endloop
  endfacet
  facet normal -0 0 1
    outer loop
      vertex 22.9836 -0.313583 3
      vertex 23.9781 -0.418106 3
      vertex 23 0 3
    endloop
  endfacet
  facet normal 0 0 1
    outer loop
      vertex 23.9781 -0.418106 3
      vertex 22.9836 -0.313583 3
      vertex 23.9126 -0.831635 3
    endloop
  endfacet
  facet normal 0 0 1
    outer loop
      vertex 23.9781 0.418106 3
      vertex 22.9836 0.313583 3
      vertex 23 0 3
    endloop
  endfacet
  facet normal 0 0 1
    outer loop
      vertex 23.9126 0.831635 3
      vertex 22.9344 0.623734 3
      vertex 22.9836 0.313583 3
    endloop
  endfacet
  facet normal 0 0 1
    outer loop
      vertex 23.8042 1.23605 3
      vertex 22.8532 0.927048 3
      vertex 22.9344 0.623734 3
    endloop
  endfacet
  facet normal 0 0 1
    outer loop
      vertex 23.8042 1.23605 3
      vertex 22.7406 1.2202 3
      vertex 22.8532 0.927048 3
    endloop
  endfacet
  facet normal 0 0 1
    outer loop
      vertex 23.8042 1.23605 3
      vertex 22.5981 1.5 3
      vertex 22.7406 1.2202 3
    endloop
  endfacet
  facet normal 0 0 1
    outer loop
      vertex 23.8042 1.23605 3
      vertex 22.427 1.76335 3
      vertex 22.5981 1.5 3
    endloop
  endfacet
  facet normal 0 0 1
    outer loop
      vertex 23.8042 1.23605 3
      vertex 22.2294 2.00739 3
      vertex 22.427 1.76335 3
    endloop
  endfacet
  facet normal 0 0 1
    outer loop
      vertex 23.8042 1.23605 3
      vertex 22.0074 2.22943 3
      vertex 22.2294 2.00739 3
    endloop
  endfacet
  facet normal 0 0 1
    outer loop
      vertex 23.8042 1.23605 3
      vertex 21.7634 2.42705 3
      vertex 22.0074 2.22943 3
    endloop
  endfacet
  facet normal 0 0 1
    outer loop
      vertex 16.3042 25.7361 3
      vertex 21.7634 2.42705 3
      vertex 23.8042 1.23605 3
    endloop
  endfacet
  facet normal 0 0 1
    outer loop
      vertex 17.0194 0.332629 3
      vertex 14 21.6 3
      vertex 17.0164 0.313583 3
    endloop
  endfacet
  facet normal 0 0 1
    outer loop
      vertex 17.0656 0.623734 3
      vertex 14 21.6 3
      vertex 17.0194 0.332629 3
    endloop
  endfacet
  facet normal 0 0 1
    outer loop
      vertex 17.1468 0.927048 3
      vertex 14 21.6 3
      vertex 17.0656 0.623734 3
    endloop
  endfacet
  facet normal 0 0 1
    outer loop
      vertex 17.2594 1.2202 3
      vertex 14 21.6 3
      vertex 17.1468 0.927048 3
    endloop
  endfacet
  facet normal 0 0 1
    outer loop
      vertex 17.4019 1.5 3
      vertex 14 21.6 3
      vertex 17.2594 1.2202 3
    endloop
  endfacet
  facet normal 0 0 1
    outer loop
      vertex 17.5729 1.76335 3
      vertex 14 21.6 3
      vertex 17.4019 1.5 3
    endloop
  endfacet
  facet normal 0 0 1
    outer loop
      vertex 17.7706 2.00739 3
      vertex 14 21.6 3
      vertex 17.5729 1.76335 3
    endloop
  endfacet
  facet normal 0 0 1
    outer loop
      vertex 17.9926 2.22943 3
      vertex 14 21.6 3
      vertex 17.7706 2.00739 3
    endloop
  endfacet
  facet normal 0 0 1
    outer loop
      vertex 18.2366 2.42705 3
      vertex 14 21.6 3
      vertex 17.9926 2.22943 3
    endloop
  endfacet
  facet normal 0 0 1
    outer loop
      vertex 18.3265 2.4854 3
      vertex 14 21.6 3
      vertex 18.2366 2.42705 3
    endloop
  endfacet
  facet normal 0 0 1
    outer loop
      vertex 18.5 2.59807 3
      vertex 14 21.6 3
      vertex 18.3265 2.4854 3
    endloop
  endfacet
  facet normal 0 0 1
    outer loop
      vertex 18.7798 2.74063 3
      vertex 14 21.6 3
      vertex 18.5 2.59807 3
    endloop
  endfacet
  facet normal 0 0 1
    outer loop
      vertex 19.0729 2.85316 3
      vertex 14 21.6 3
      vertex 18.7798 2.74063 3
    endloop
  endfacet
  facet normal 0 0 1
    outer loop
      vertex 19.3763 2.93443 3
      vertex 14 21.6 3
      vertex 19.0729 2.85316 3
    endloop
  endfacet
  facet normal 0 0 1
    outer loop
      vertex 19.6864 2.98355 3
      vertex 14 21.6 3
      vertex 19.3763 2.93443 3
    endloop
  endfacet
  facet normal 0 0 1
    outer loop
      vertex 20 3 3
      vertex 14 21.6 3
      vertex 19.6864 2.98355 3
    endloop
  endfacet
  facet normal 0 0 1
    outer loop
      vertex 20.3136 2.98355 3
      vertex 14 21.6 3
      vertex 20 3 3
    endloop
  endfacet
  facet normal 0 0 1
    outer loop
      vertex 20.6237 2.93443 3
      vertex 14 21.6 3
      vertex 20.3136 2.98355 3
    endloop
  endfacet
  facet normal 0 0 1
    outer loop
      vertex 20.927 2.85316 3
      vertex 14 21.6 3
      vertex 20.6237 2.93443 3
    endloop
  endfacet
  facet normal 0 0 1
    outer loop
      vertex 21.2202 2.74063 3
      vertex 14 21.6 3
      vertex 20.927 2.85316 3
    endloop
  endfacet
  facet normal -0 0 1
    outer loop
      vertex 14 21.6 3
      vertex 21.2202 2.74063 3
      vertex 16.3042 25.7361 3
    endloop
  endfacet
  facet normal 0 0 1
    outer loop
      vertex 21.5 2.59807 3
      vertex 16.3042 25.7361 3
      vertex 21.2202 2.74063 3
    endloop
  endfacet
  facet normal 0 0 1
    outer loop
      vertex 21.7634 2.42705 3
      vertex 16.3042 25.7361 3
      vertex 21.5 2.59807 3
    endloop
  endfacet
  facet normal -0 0 1
    outer loop
      vertex 22.9344 -0.623734 3
      vertex 23.9126 -0.831635 3
      vertex 22.9836 -0.313583 3
    endloop
  endfacet
  facet normal 0 0 1
    outer loop
      vertex 23.9126 -0.831635 3
      vertex 22.9344 -0.623734 3
      vertex 23.8042 -1.23605 3
    endloop
  endfacet
  facet normal -0 0 1
    outer loop
      vertex 22.8532 -0.927048 3
      vertex 23.8042 -1.23605 3
      vertex 22.9344 -0.623734 3
    endloop
  endfacet
  facet normal -0 0 1
    outer loop
      vertex 22.7406 -1.2202 3
      vertex 23.8042 -1.23605 3
      vertex 22.8532 -0.927048 3
    endloop
  endfacet
  facet normal 0 0 1
    outer loop
      vertex 22.5981 -1.5 3
      vertex 23.8042 -1.23605 3
      vertex 22.7406 -1.2202 3
    endloop
  endfacet
  facet normal 0 0 1
    outer loop
      vertex 22.427 -1.76335 3
      vertex 23.8042 -1.23605 3
      vertex 22.5981 -1.5 3
    endloop
  endfacet
  facet normal 0 0 1
    outer loop
      vertex 22.2294 -2.00739 3
      vertex 23.8042 -1.23605 3
      vertex 22.427 -1.76335 3
    endloop
  endfacet
  facet normal 0 0 1
    outer loop
      vertex 22.0074 -2.22943 3
      vertex 23.8042 -1.23605 3
      vertex 22.2294 -2.00739 3
    endloop
  endfacet
  facet normal 0 0 1
    outer loop
      vertex 21.7634 -2.42705 3
      vertex 23.8042 -1.23605 3
      vertex 22.0074 -2.22943 3
    endloop
  endfacet
  facet normal 0 0 1
    outer loop
      vertex 16.3042 -25.7361 3
      vertex 21.7634 -2.42705 3
      vertex 21.5 -2.59807 3
    endloop
  endfacet
  facet normal -0 0 1
    outer loop
      vertex 21.7634 -2.42705 3
      vertex 16.3042 -25.7361 3
      vertex 23.8042 -1.23605 3
    endloop
  endfacet
  facet normal -0 0 1
    outer loop
      vertex 21.2202 -2.74063 3
      vertex 16.3042 -25.7361 3
      vertex 21.5 -2.59807 3
    endloop
  endfacet
  facet normal 0 0 1
    outer loop
      vertex 14 -21.6 3
      vertex 21.2202 -2.74063 3
      vertex 20.927 -2.85316 3
    endloop
  endfacet
  facet normal 0 0 1
    outer loop
      vertex 14 -21.6 3
      vertex 20.927 -2.85316 3
      vertex 20.6237 -2.93443 3
    endloop
  endfacet
  facet normal 0 0 1
    outer loop
      vertex 14 -21.6 3
      vertex 20.6237 -2.93443 3
      vertex 20.3136 -2.98355 3
    endloop
  endfacet
  facet normal 0 0 1
    outer loop
      vertex 14 -21.6 3
      vertex 20.3136 -2.98355 3
      vertex 20 -3 3
    endloop
  endfacet
  facet normal 0 0 1
    outer loop
      vertex 14 -21.6 3
      vertex 20 -3 3
      vertex 19.6864 -2.98355 3
    endloop
  endfacet
  facet normal 0 0 1
    outer loop
      vertex 14 -21.6 3
      vertex 19.6864 -2.98355 3
      vertex 19.3763 -2.93443 3
    endloop
  endfacet
  facet normal 0 0 1
    outer loop
      vertex 14 -21.6 3
      vertex 19.3763 -2.93443 3
      vertex 19.0729 -2.85316 3
    endloop
  endfacet
  facet normal 0 0 1
    outer loop
      vertex 14 -21.6 3
      vertex 19.0729 -2.85316 3
      vertex 18.7798 -2.74063 3
    endloop
  endfacet
  facet normal 0 0 1
    outer loop
      vertex 14 -21.6 3
      vertex 18.7798 -2.74063 3
      vertex 18.5 -2.59807 3
    endloop
  endfacet
  facet normal 0 0 1
    outer loop
      vertex 14 -21.6 3
      vertex 18.5 -2.59807 3
      vertex 18.3265 -2.4854 3
    endloop
  endfacet
  facet normal 0 0 1
    outer loop
      vertex 14 -21.6 3
      vertex 18.3265 -2.4854 3
      vertex 18.2366 -2.42705 3
    endloop
  endfacet
  facet normal 0 0 1
    outer loop
      vertex 14 -21.6 3
      vertex 18.2366 -2.42705 3
      vertex 17.9926 -2.22943 3
    endloop
  endfacet
  facet normal 0 0 1
    outer loop
      vertex 14 -21.6 3
      vertex 17.9926 -2.22943 3
      vertex 17.7706 -2.00739 3
    endloop
  endfacet
  facet normal 0 0 1
    outer loop
      vertex 14 -21.6 3
      vertex 17.7706 -2.00739 3
      vertex 17.5729 -1.76335 3
    endloop
  endfacet
  facet normal 0 0 1
    outer loop
      vertex 14 -21.6 3
      vertex 17.5729 -1.76335 3
      vertex 17.4019 -1.5 3
    endloop
  endfacet
  facet normal 0 0 1
    outer loop
      vertex 14 -21.6 3
      vertex 17.4019 -1.5 3
      vertex 17.2594 -1.2202 3
    endloop
  endfacet
  facet normal 0 0 1
    outer loop
      vertex 14 -21.6 3
      vertex 17.2594 -1.2202 3
      vertex 17.1468 -0.927048 3
    endloop
  endfacet
  facet normal 0 0 1
    outer loop
      vertex 14 -21.6 3
      vertex 17.1468 -0.927048 3
      vertex 17.0656 -0.623734 3
    endloop
  endfacet
  facet normal 0 0 1
    outer loop
      vertex 14 -21.6 3
      vertex 17.0656 -0.623734 3
      vertex 17.0194 -0.332629 3
    endloop
  endfacet
  facet normal 0 0 1
    outer loop
      vertex 14 -21.6 3
      vertex 17.0194 -0.332629 3
      vertex 17.0164 -0.313583 3
    endloop
  endfacet
  facet normal 0 0 1
    outer loop
      vertex 14 -21.6 3
      vertex 17.0164 -0.313583 3
      vertex 17 0 3
    endloop
  endfacet
  facet normal 0 0 1
    outer loop
      vertex 17.0164 0.313583 3
      vertex 14 21.6 3
      vertex 17 0 3
    endloop
  endfacet
  facet normal 0 0 1
    outer loop
      vertex 13.0107 23.5416 3
      vertex 16.3042 25.7361 3
      vertex 16.1542 26.127 3
    endloop
  endfacet
  facet normal 0 0 1
    outer loop
      vertex 14 -21.6 3
      vertex 17 0 3
      vertex 14 21.6 3
    endloop
  endfacet
  facet normal 0 0 1
    outer loop
      vertex 13.0107 23.5416 3
      vertex 16.1542 26.127 3
      vertex 15.9641 26.5 3
    endloop
  endfacet
  facet normal 0 0 1
    outer loop
      vertex 21.2202 -2.74063 3
      vertex 14 -21.6 3
      vertex 16.3042 -25.7361 3
    endloop
  endfacet
  facet normal 0 0 1
    outer loop
      vertex 12.8 23.6785 3
      vertex 15.9641 26.5 3
      vertex 15.7361 26.8511 3
    endloop
  endfacet
  facet normal -0 0 1
    outer loop
      vertex 13.9869 -21.8509 3
      vertex 16.3042 -25.7361 3
      vertex 14 -21.6 3
    endloop
  endfacet
  facet normal 0 0 1
    outer loop
      vertex 12.8 23.6785 3
      vertex 15.7361 26.8511 3
      vertex 15.4726 27.1765 3
    endloop
  endfacet
  facet normal -0 0 1
    outer loop
      vertex 13.9476 -22.099 3
      vertex 16.3042 -25.7361 3
      vertex 13.9869 -21.8509 3
    endloop
  endfacet
  facet normal 0 0 1
    outer loop
      vertex 12.8 23.6785 3
      vertex 15.4726 27.1765 3
      vertex 15.1765 27.4726 3
    endloop
  endfacet
  facet normal -0 0 1
    outer loop
      vertex 13.8825 -22.3416 3
      vertex 16.3042 -25.7361 3
      vertex 13.9476 -22.099 3
    endloop
  endfacet
  facet normal 0 0 1
    outer loop
      vertex 12.5762 23.7925 3
      vertex 15.1765 27.4726 3
      vertex 14.8511 27.7361 3
    endloop
  endfacet
  facet normal -0 0 1
    outer loop
      vertex 13.7925 -22.5762 3
      vertex 16.3042 -25.7361 3
      vertex 13.8825 -22.3416 3
    endloop
  endfacet
  facet normal 0 0 1
    outer loop
      vertex 12.5762 23.7925 3
      vertex 14.8511 27.7361 3
      vertex 14.5 27.9641 3
    endloop
  endfacet
  facet normal -0 0 1
    outer loop
      vertex 13.6785 -22.8 3
      vertex 16.3042 -25.7361 3
      vertex 13.7925 -22.5762 3
    endloop
  endfacet
  facet normal 0 0 1
    outer loop
      vertex 12.5762 23.7925 3
      vertex 14.5 27.9641 3
      vertex 14.127 28.1542 3
    endloop
  endfacet
  facet normal -0 0 1
    outer loop
      vertex 13.5416 -23.0107 3
      vertex 16.3042 -25.7361 3
      vertex 13.6785 -22.8 3
    endloop
  endfacet
  facet normal -0 0 1
    outer loop
      vertex 13.3836 -23.2059 3
      vertex 16.3042 -25.7361 3
      vertex 13.5416 -23.0107 3
    endloop
  endfacet
  facet normal 0 0 1
    outer loop
      vertex 16.3042 25.7361 3
      vertex 13.9869 21.8509 3
      vertex 14 21.6 3
    endloop
  endfacet
  facet normal 0 0 1
    outer loop
      vertex 16.3042 25.7361 3
      vertex 13.9476 22.099 3
      vertex 13.9869 21.8509 3
    endloop
  endfacet
  facet normal 0 0 1
    outer loop
      vertex 16.3042 25.7361 3
      vertex 13.8825 22.3416 3
      vertex 13.9476 22.099 3
    endloop
  endfacet
  facet normal 0 0 1
    outer loop
      vertex 16.3042 25.7361 3
      vertex 13.7925 22.5762 3
      vertex 13.8825 22.3416 3
    endloop
  endfacet
  facet normal 0 0 1
    outer loop
      vertex 12.3416 23.8825 3
      vertex 14.127 28.1542 3
      vertex 13.7361 28.3042 3
    endloop
  endfacet
  facet normal 0 0 1
    outer loop
      vertex 16.3042 25.7361 3
      vertex 13.6785 22.8 3
      vertex 13.7925 22.5762 3
    endloop
  endfacet
  facet normal 0 0 1
    outer loop
      vertex 16.3042 25.7361 3
      vertex 13.5416 23.0107 3
      vertex 13.6785 22.8 3
    endloop
  endfacet
  facet normal 0 0 1
    outer loop
      vertex 16.3042 25.7361 3
      vertex 13.3836 23.2059 3
      vertex 13.5416 23.0107 3
    endloop
  endfacet
  facet normal 0 0 1
    outer loop
      vertex 12.3416 23.8825 3
      vertex 13.7361 28.3042 3
      vertex 13.3316 28.4126 3
    endloop
  endfacet
  facet normal 0 0 1
    outer loop
      vertex 16.3042 25.7361 3
      vertex 13.2059 23.3836 3
      vertex 13.3836 23.2059 3
    endloop
  endfacet
  facet normal 0 0 1
    outer loop
      vertex 16.3042 25.7361 3
      vertex 13.0107 23.5416 3
      vertex 13.2059 23.3836 3
    endloop
  endfacet
  facet normal 0 0 1
    outer loop
      vertex 12.099 23.9476 3
      vertex 13.3316 28.4126 3
      vertex 12.9181 28.4781 3
    endloop
  endfacet
  facet normal 0 0 1
    outer loop
      vertex 15.9641 26.5 3
      vertex 12.8 23.6785 3
      vertex 13.0107 23.5416 3
    endloop
  endfacet
  facet normal 0 0 1
    outer loop
      vertex 15.1765 27.4726 3
      vertex 12.5762 23.7925 3
      vertex 12.8 23.6785 3
    endloop
  endfacet
  facet normal 0 0 1
    outer loop
      vertex 12.099 23.9476 3
      vertex 12.9181 28.4781 3
      vertex 12.5 28.5 3
    endloop
  endfacet
  facet normal 0 0 1
    outer loop
      vertex 14.127 28.1542 3
      vertex 12.3416 23.8825 3
      vertex 12.5762 23.7925 3
    endloop
  endfacet
  facet normal 0 0 1
    outer loop
      vertex 13.3316 28.4126 3
      vertex 12.099 23.9476 3
      vertex 12.3416 23.8825 3
    endloop
  endfacet
  facet normal 0 0 1
    outer loop
      vertex 12.5 28.5 3
      vertex 11.8509 23.9869 3
      vertex 12.099 23.9476 3
    endloop
  endfacet
  facet normal 0 0 1
    outer loop
      vertex 12.5 28.5 3
      vertex 11.6 24 3
      vertex 11.8509 23.9869 3
    endloop
  endfacet
  facet normal 0 0 1
    outer loop
      vertex 12.5 28.5 3
      vertex -11.6 24 3
      vertex 11.6 24 3
    endloop
  endfacet
  facet normal -0 0 1
    outer loop
      vertex -12.5 28.5 3
      vertex -11.6 24 3
      vertex 12.5 28.5 3
    endloop
  endfacet
  facet normal 0 0 1
    outer loop
      vertex -11.6 24 3
      vertex -12.5 28.5 3
      vertex -11.8509 23.9869 3
    endloop
  endfacet
  facet normal 0 0 1
    outer loop
      vertex -11.8509 23.9869 3
      vertex -12.5 28.5 3
      vertex -12.099 23.9476 3
    endloop
  endfacet
  facet normal -0 0 1
    outer loop
      vertex -12.9181 28.4781 3
      vertex -12.099 23.9476 3
      vertex -12.5 28.5 3
    endloop
  endfacet
  facet normal -0 0 1
    outer loop
      vertex -13.3316 28.4126 3
      vertex -12.099 23.9476 3
      vertex -12.9181 28.4781 3
    endloop
  endfacet
  facet normal 0 0 1
    outer loop
      vertex -12.099 23.9476 3
      vertex -13.3316 28.4126 3
      vertex -12.3416 23.8825 3
    endloop
  endfacet
  facet normal -0 0 1
    outer loop
      vertex -13.7361 28.3042 3
      vertex -12.3416 23.8825 3
      vertex -13.3316 28.4126 3
    endloop
  endfacet
  facet normal -0 0 1
    outer loop
      vertex -14.127 28.1542 3
      vertex -12.3416 23.8825 3
      vertex -13.7361 28.3042 3
    endloop
  endfacet
  facet normal 0 0 1
    outer loop
      vertex -12.3416 23.8825 3
      vertex -14.127 28.1542 3
      vertex -12.5762 23.7925 3
    endloop
  endfacet
  facet normal 0 0 1
    outer loop
      vertex -12.5762 23.7925 3
      vertex -14.127 28.1542 3
      vertex -12.8 23.6785 3
    endloop
  endfacet
  facet normal 0 0 1
    outer loop
      vertex -12.8 23.6785 3
      vertex -14.127 28.1542 3
      vertex -13.0107 23.5416 3
    endloop
  endfacet
  facet normal 0 0 1
    outer loop
      vertex -13.0107 23.5416 3
      vertex -14.127 28.1542 3
      vertex -13.2059 23.3836 3
    endloop
  endfacet
  facet normal 0 0 1
    outer loop
      vertex -13.2059 23.3836 3
      vertex -14.127 28.1542 3
      vertex -13.3836 23.2059 3
    endloop
  endfacet
  facet normal 0 0 1
    outer loop
      vertex -13.3836 23.2059 3
      vertex -14.127 28.1542 3
      vertex -13.5416 23.0107 3
    endloop
  endfacet
  facet normal 0 0 1
    outer loop
      vertex -13.5416 23.0107 3
      vertex -14.127 28.1542 3
      vertex -13.6785 22.8 3
    endloop
  endfacet
  facet normal 0 0 1
    outer loop
      vertex -13.6785 22.8 3
      vertex -14.127 28.1542 3
      vertex -13.7925 22.5762 3
    endloop
  endfacet
  facet normal 0 0 1
    outer loop
      vertex -13.7925 22.5762 3
      vertex -14.127 28.1542 3
      vertex -13.8825 22.3416 3
    endloop
  endfacet
  facet normal 0 0 1
    outer loop
      vertex -13.8825 22.3416 3
      vertex -14.127 28.1542 3
      vertex -13.9476 22.099 3
    endloop
  endfacet
  facet normal 0 0 1
    outer loop
      vertex -13.9476 22.099 3
      vertex -14.127 28.1542 3
      vertex -13.9869 21.8509 3
    endloop
  endfacet
  facet normal 0 0 1
    outer loop
      vertex -17 0 3
      vertex -14 21.6 3
      vertex -14.127 28.1542 3
    endloop
  endfacet
  facet normal 0 0 1
    outer loop
      vertex -13.9869 21.8509 3
      vertex -14.127 28.1542 3
      vertex -14 21.6 3
    endloop
  endfacet
  facet normal 0.156453 -0.987685 0
    outer loop
      vertex 12.9181 -28.4781 0
      vertex 13.3316 -28.4126 3
      vertex 12.9181 -28.4781 3
    endloop
  endfacet
  facet normal 0.156453 -0.987685 0
    outer loop
      vertex 13.3316 -28.4126 3
      vertex 12.9181 -28.4781 0
      vertex 13.3316 -28.4126 0
    endloop
  endfacet
  facet normal 0.258851 -0.965917 0
    outer loop
      vertex 13.3316 -28.4126 0
      vertex 13.7361 -28.3042 3
      vertex 13.3316 -28.4126 3
    endloop
  endfacet
  facet normal 0.258851 -0.965917 0
    outer loop
      vertex 13.7361 -28.3042 3
      vertex 13.3316 -28.4126 0
      vertex 13.7361 -28.3042 0
    endloop
  endfacet
  facet normal 0.358259 -0.933622 0
    outer loop
      vertex 13.7361 -28.3042 0
      vertex 14.127 -28.1542 3
      vertex 13.7361 -28.3042 3
    endloop
  endfacet
  facet normal 0.358259 -0.933622 0
    outer loop
      vertex 14.127 -28.1542 3
      vertex 13.7361 -28.3042 0
      vertex 14.127 -28.1542 0
    endloop
  endfacet
  facet normal 0.45408 -0.890961 0
    outer loop
      vertex 14.127 -28.1542 0
      vertex 14.5 -27.9641 3
      vertex 14.127 -28.1542 3
    endloop
  endfacet
  facet normal 0.45408 -0.890961 0
    outer loop
      vertex 14.5 -27.9641 3
      vertex 14.127 -28.1542 0
      vertex 14.5 -27.9641 0
    endloop
  endfacet
  facet normal 0.544627 -0.838678 0
    outer loop
      vertex 14.5 -27.9641 0
      vertex 14.8511 -27.7361 3
      vertex 14.5 -27.9641 3
    endloop
  endfacet
  facet normal 0.544627 -0.838678 0
    outer loop
      vertex 14.8511 -27.7361 3
      vertex 14.5 -27.9641 0
      vertex 14.8511 -27.7361 0
    endloop
  endfacet
  facet normal 0.629315 -0.77715 0
    outer loop
      vertex 14.8511 -27.7361 0
      vertex 15.1765 -27.4726 3
      vertex 14.8511 -27.7361 3
    endloop
  endfacet
  facet normal 0.629315 -0.77715 0
    outer loop
      vertex 15.1765 -27.4726 3
      vertex 14.8511 -27.7361 0
      vertex 15.1765 -27.4726 0
    endloop
  endfacet
  facet normal 0.707107 -0.707107 0
    outer loop
      vertex 15.1765 -27.4726 3
      vertex 15.4726 -27.1765 0
      vertex 15.4726 -27.1765 3
    endloop
  endfacet
  facet normal 0.707107 -0.707107 0
    outer loop
      vertex 15.4726 -27.1765 0
      vertex 15.1765 -27.4726 3
      vertex 15.1765 -27.4726 0
    endloop
  endfacet
  facet normal 0.77715 -0.629315 0
    outer loop
      vertex 15.4726 -27.1765 3
      vertex 15.7361 -26.8511 0
      vertex 15.7361 -26.8511 3
    endloop
  endfacet
  facet normal 0.77715 -0.629315 0
    outer loop
      vertex 15.7361 -26.8511 0
      vertex 15.4726 -27.1765 3
      vertex 15.4726 -27.1765 0
    endloop
  endfacet
  facet normal 0.838678 -0.544627 0
    outer loop
      vertex 15.7361 -26.8511 3
      vertex 15.9641 -26.5 0
      vertex 15.9641 -26.5 3
    endloop
  endfacet
  facet normal 0.838678 -0.544627 0
    outer loop
      vertex 15.9641 -26.5 0
      vertex 15.7361 -26.8511 3
      vertex 15.7361 -26.8511 0
    endloop
  endfacet
  facet normal 0.890961 -0.45408 0
    outer loop
      vertex 15.9641 -26.5 3
      vertex 16.1542 -26.127 0
      vertex 16.1542 -26.127 3
    endloop
  endfacet
  facet normal 0.890961 -0.45408 0
    outer loop
      vertex 16.1542 -26.127 0
      vertex 15.9641 -26.5 3
      vertex 15.9641 -26.5 0
    endloop
  endfacet
  facet normal 0.933622 -0.358259 0
    outer loop
      vertex 16.1542 -26.127 3
      vertex 16.3042 -25.7361 0
      vertex 16.3042 -25.7361 3
    endloop
  endfacet
  facet normal 0.933622 -0.358259 0
    outer loop
      vertex 16.3042 -25.7361 0
      vertex 16.1542 -26.127 3
      vertex 16.1542 -26.127 0
    endloop
  endfacet
  facet normal 0.9562 -0.292714 0
    outer loop
      vertex 16.3042 -25.7361 3
      vertex 23.8042 -1.23605 0
      vertex 23.8042 -1.23605 3
    endloop
  endfacet
  facet normal 0.9562 -0.292714 0
    outer loop
      vertex 23.8042 -1.23605 0
      vertex 16.3042 -25.7361 3
      vertex 16.3042 -25.7361 0
    endloop
  endfacet
  facet normal 0.965904 -0.258902 0
    outer loop
      vertex 23.8042 -1.23605 3
      vertex 23.9126 -0.831635 0
      vertex 23.9126 -0.831635 3
    endloop
  endfacet
  facet normal 0.965904 -0.258902 0
    outer loop
      vertex 23.9126 -0.831635 0
      vertex 23.8042 -1.23605 3
      vertex 23.8042 -1.23605 0
    endloop
  endfacet
  facet normal 0.987687 -0.156442 0
    outer loop
      vertex 23.9126 -0.831635 3
      vertex 23.9781 -0.418106 0
      vertex 23.9781 -0.418106 3
    endloop
  endfacet
  facet normal 0.987687 -0.156442 0
    outer loop
      vertex 23.9781 -0.418106 0
      vertex 23.9126 -0.831635 3
      vertex 23.9126 -0.831635 0
    endloop
  endfacet
  facet normal 0.998631 -0.0523074 0
    outer loop
      vertex 23.9781 -0.418106 3
      vertex 24 0 0
      vertex 24 0 3
    endloop
  endfacet
  facet normal 0.998631 -0.0523074 0
    outer loop
      vertex 24 0 0
      vertex 23.9781 -0.418106 3
      vertex 23.9781 -0.418106 0
    endloop
  endfacet
  facet normal 0.998631 0.0523074 0
    outer loop
      vertex 24 0 3
      vertex 23.9781 0.418106 0
      vertex 23.9781 0.418106 3
    endloop
  endfacet
  facet normal 0.998631 0.0523074 0
    outer loop
      vertex 23.9781 0.418106 0
      vertex 24 0 3
      vertex 24 0 0
    endloop
  endfacet
  facet normal 0.987687 0.156442 0
    outer loop
      vertex 23.9781 0.418106 3
      vertex 23.9126 0.831635 0
      vertex 23.9126 0.831635 3
    endloop
  endfacet
  facet normal 0.987687 0.156442 0
    outer loop
      vertex 23.9126 0.831635 0
      vertex 23.9781 0.418106 3
      vertex 23.9781 0.418106 0
    endloop
  endfacet
  facet normal 0.965904 0.258902 0
    outer loop
      vertex 23.9126 0.831635 3
      vertex 23.8042 1.23605 0
      vertex 23.8042 1.23605 3
    endloop
  endfacet
  facet normal 0.965904 0.258902 0
    outer loop
      vertex 23.8042 1.23605 0
      vertex 23.9126 0.831635 3
      vertex 23.9126 0.831635 0
    endloop
  endfacet
  facet normal 0.9562 0.292714 0
    outer loop
      vertex 23.8042 1.23605 3
      vertex 16.3042 25.7361 0
      vertex 16.3042 25.7361 3
    endloop
  endfacet
  facet normal 0.9562 0.292714 0
    outer loop
      vertex 16.3042 25.7361 0
      vertex 23.8042 1.23605 3
      vertex 23.8042 1.23605 0
    endloop
  endfacet
  facet normal 0.933622 0.358259 0
    outer loop
      vertex 16.3042 25.7361 3
      vertex 16.1542 26.127 0
      vertex 16.1542 26.127 3
    endloop
  endfacet
  facet normal 0.933622 0.358259 0
    outer loop
      vertex 16.1542 26.127 0
      vertex 16.3042 25.7361 3
      vertex 16.3042 25.7361 0
    endloop
  endfacet
  facet normal 0.890961 0.45408 0
    outer loop
      vertex 16.1542 26.127 3
      vertex 15.9641 26.5 0
      vertex 15.9641 26.5 3
    endloop
  endfacet
  facet normal 0.890961 0.45408 0
    outer loop
      vertex 15.9641 26.5 0
      vertex 16.1542 26.127 3
      vertex 16.1542 26.127 0
    endloop
  endfacet
  facet normal 0.838678 0.544627 0
    outer loop
      vertex 15.9641 26.5 3
      vertex 15.7361 26.8511 0
      vertex 15.7361 26.8511 3
    endloop
  endfacet
  facet normal 0.838678 0.544627 0
    outer loop
      vertex 15.7361 26.8511 0
      vertex 15.9641 26.5 3
      vertex 15.9641 26.5 0
    endloop
  endfacet
  facet normal 0.77715 0.629315 0
    outer loop
      vertex 15.7361 26.8511 3
      vertex 15.4726 27.1765 0
      vertex 15.4726 27.1765 3
    endloop
  endfacet
  facet normal 0.77715 0.629315 0
    outer loop
      vertex 15.4726 27.1765 0
      vertex 15.7361 26.8511 3
      vertex 15.7361 26.8511 0
    endloop
  endfacet
  facet normal 0.707107 0.707107 0
    outer loop
      vertex 15.4726 27.1765 3
      vertex 15.1765 27.4726 0
      vertex 15.1765 27.4726 3
    endloop
  endfacet
  facet normal 0.707107 0.707107 0
    outer loop
      vertex 15.1765 27.4726 0
      vertex 15.4726 27.1765 3
      vertex 15.4726 27.1765 0
    endloop
  endfacet
  facet normal 0.629315 0.77715 -0
    outer loop
      vertex 15.1765 27.4726 0
      vertex 14.8511 27.7361 3
      vertex 15.1765 27.4726 3
    endloop
  endfacet
  facet normal 0.629315 0.77715 0
    outer loop
      vertex 14.8511 27.7361 3
      vertex 15.1765 27.4726 0
      vertex 14.8511 27.7361 0
    endloop
  endfacet
  facet normal 0.544627 0.838678 -0
    outer loop
      vertex 14.8511 27.7361 0
      vertex 14.5 27.9641 3
      vertex 14.8511 27.7361 3
    endloop
  endfacet
  facet normal 0.544627 0.838678 0
    outer loop
      vertex 14.5 27.9641 3
      vertex 14.8511 27.7361 0
      vertex 14.5 27.9641 0
    endloop
  endfacet
  facet normal 0.45408 0.890961 -0
    outer loop
      vertex 14.5 27.9641 0
      vertex 14.127 28.1542 3
      vertex 14.5 27.9641 3
    endloop
  endfacet
  facet normal 0.45408 0.890961 0
    outer loop
      vertex 14.127 28.1542 3
      vertex 14.5 27.9641 0
      vertex 14.127 28.1542 0
    endloop
  endfacet
  facet normal 0.358259 0.933622 -0
    outer loop
      vertex 14.127 28.1542 0
      vertex 13.7361 28.3042 3
      vertex 14.127 28.1542 3
    endloop
  endfacet
  facet normal 0.358259 0.933622 0
    outer loop
      vertex 13.7361 28.3042 3
      vertex 14.127 28.1542 0
      vertex 13.7361 28.3042 0
    endloop
  endfacet
  facet normal 0.258851 0.965917 -0
    outer loop
      vertex 13.7361 28.3042 0
      vertex 13.3316 28.4126 3
      vertex 13.7361 28.3042 3
    endloop
  endfacet
  facet normal 0.258851 0.965917 0
    outer loop
      vertex 13.3316 28.4126 3
      vertex 13.7361 28.3042 0
      vertex 13.3316 28.4126 0
    endloop
  endfacet
  facet normal 0.156453 0.987685 -0
    outer loop
      vertex 13.3316 28.4126 0
      vertex 12.9181 28.4781 3
      vertex 13.3316 28.4126 3
    endloop
  endfacet
  facet normal 0.156453 0.987685 0
    outer loop
      vertex 12.9181 28.4781 3
      vertex 13.3316 28.4126 0
      vertex 12.9181 28.4781 0
    endloop
  endfacet
  facet normal 0.0523081 0.998631 -0
    outer loop
      vertex 12.9181 28.4781 0
      vertex 12.5 28.5 3
      vertex 12.9181 28.4781 3
    endloop
  endfacet
  facet normal 0.0523081 0.998631 0
    outer loop
      vertex 12.5 28.5 3
      vertex 12.9181 28.4781 0
      vertex 12.5 28.5 0
    endloop
  endfacet
  facet normal 0 1 -0
    outer loop
      vertex 12.5 28.5 0
      vertex -12.5 28.5 3
      vertex 12.5 28.5 3
    endloop
  endfacet
  facet normal 0 1 0
    outer loop
      vertex -12.5 28.5 3
      vertex 12.5 28.5 0
      vertex -12.5 28.5 0
    endloop
  endfacet
  facet normal -0.0523081 0.998631 0
    outer loop
      vertex -12.5 28.5 0
      vertex -12.9181 28.4781 3
      vertex -12.5 28.5 3
    endloop
  endfacet
  facet normal -0.0523081 0.998631 0
    outer loop
      vertex -12.9181 28.4781 3
      vertex -12.5 28.5 0
      vertex -12.9181 28.4781 0
    endloop
  endfacet
  facet normal -0.156453 0.987685 0
    outer loop
      vertex -12.9181 28.4781 0
      vertex -13.3316 28.4126 3
      vertex -12.9181 28.4781 3
    endloop
  endfacet
  facet normal -0.156453 0.987685 0
    outer loop
      vertex -13.3316 28.4126 3
      vertex -12.9181 28.4781 0
      vertex -13.3316 28.4126 0
    endloop
  endfacet
  facet normal -0.258851 0.965917 0
    outer loop
      vertex -13.3316 28.4126 0
      vertex -13.7361 28.3042 3
      vertex -13.3316 28.4126 3
    endloop
  endfacet
  facet normal -0.258851 0.965917 0
    outer loop
      vertex -13.7361 28.3042 3
      vertex -13.3316 28.4126 0
      vertex -13.7361 28.3042 0
    endloop
  endfacet
  facet normal -0.358259 0.933622 0
    outer loop
      vertex -13.7361 28.3042 0
      vertex -14.127 28.1542 3
      vertex -13.7361 28.3042 3
    endloop
  endfacet
  facet normal -0.358259 0.933622 0
    outer loop
      vertex -14.127 28.1542 3
      vertex -13.7361 28.3042 0
      vertex -14.127 28.1542 0
    endloop
  endfacet
  facet normal -0.45408 0.890961 0
    outer loop
      vertex -14.127 28.1542 0
      vertex -14.5 27.9641 3
      vertex -14.127 28.1542 3
    endloop
  endfacet
  facet normal -0.45408 0.890961 0
    outer loop
      vertex -14.5 27.9641 3
      vertex -14.127 28.1542 0
      vertex -14.5 27.9641 0
    endloop
  endfacet
  facet normal -0.544627 0.838678 0
    outer loop
      vertex -14.5 27.9641 0
      vertex -14.8511 27.7361 3
      vertex -14.5 27.9641 3
    endloop
  endfacet
  facet normal -0.544627 0.838678 0
    outer loop
      vertex -14.8511 27.7361 3
      vertex -14.5 27.9641 0
      vertex -14.8511 27.7361 0
    endloop
  endfacet
  facet normal -0.629315 0.77715 0
    outer loop
      vertex -14.8511 27.7361 0
      vertex -15.1765 27.4726 3
      vertex -14.8511 27.7361 3
    endloop
  endfacet
  facet normal -0.629315 0.77715 0
    outer loop
      vertex -15.1765 27.4726 3
      vertex -14.8511 27.7361 0
      vertex -15.1765 27.4726 0
    endloop
  endfacet
  facet normal -0.707107 0.707107 0
    outer loop
      vertex -15.4726 27.1765 0
      vertex -15.1765 27.4726 3
      vertex -15.1765 27.4726 0
    endloop
  endfacet
  facet normal -0.707107 0.707107 0
    outer loop
      vertex -15.1765 27.4726 3
      vertex -15.4726 27.1765 0
      vertex -15.4726 27.1765 3
    endloop
  endfacet
  facet normal -0.77715 0.629315 0
    outer loop
      vertex -15.7361 26.8511 0
      vertex -15.4726 27.1765 3
      vertex -15.4726 27.1765 0
    endloop
  endfacet
  facet normal -0.77715 0.629315 0
    outer loop
      vertex -15.4726 27.1765 3
      vertex -15.7361 26.8511 0
      vertex -15.7361 26.8511 3
    endloop
  endfacet
  facet normal -0.838678 0.544627 0
    outer loop
      vertex -15.9641 26.5 0
      vertex -15.7361 26.8511 3
      vertex -15.7361 26.8511 0
    endloop
  endfacet
  facet normal -0.838678 0.544627 0
    outer loop
      vertex -15.7361 26.8511 3
      vertex -15.9641 26.5 0
      vertex -15.9641 26.5 3
    endloop
  endfacet
  facet normal -0.890961 0.45408 0
    outer loop
      vertex -16.1542 26.127 0
      vertex -15.9641 26.5 3
      vertex -15.9641 26.5 0
    endloop
  endfacet
  facet normal -0.890961 0.45408 0
    outer loop
      vertex -15.9641 26.5 3
      vertex -16.1542 26.127 0
      vertex -16.1542 26.127 3
    endloop
  endfacet
  facet normal -0.933622 0.358259 0
    outer loop
      vertex -16.3042 25.7361 0
      vertex -16.1542 26.127 3
      vertex -16.1542 26.127 0
    endloop
  endfacet
  facet normal -0.933622 0.358259 0
    outer loop
      vertex -16.1542 26.127 3
      vertex -16.3042 25.7361 0
      vertex -16.3042 25.7361 3
    endloop
  endfacet
  facet normal -0.9562 0.292714 0
    outer loop
      vertex -23.8042 1.23605 0
      vertex -16.3042 25.7361 3
      vertex -16.3042 25.7361 0
    endloop
  endfacet
  facet normal -0.9562 0.292714 0
    outer loop
      vertex -16.3042 25.7361 3
      vertex -23.8042 1.23605 0
      vertex -23.8042 1.23605 3
    endloop
  endfacet
  facet normal -0.965904 0.258902 0
    outer loop
      vertex -23.9126 0.831635 0
      vertex -23.8042 1.23605 3
      vertex -23.8042 1.23605 0
    endloop
  endfacet
  facet normal -0.965904 0.258902 0
    outer loop
      vertex -23.8042 1.23605 3
      vertex -23.9126 0.831635 0
      vertex -23.9126 0.831635 3
    endloop
  endfacet
  facet normal -0.987687 0.156442 0
    outer loop
      vertex -23.9781 0.418106 0
      vertex -23.9126 0.831635 3
      vertex -23.9126 0.831635 0
    endloop
  endfacet
  facet normal -0.987687 0.156442 0
    outer loop
      vertex -23.9126 0.831635 3
      vertex -23.9781 0.418106 0
      vertex -23.9781 0.418106 3
    endloop
  endfacet
  facet normal -0.998631 0.0523074 0
    outer loop
      vertex -24 0 0
      vertex -23.9781 0.418106 3
      vertex -23.9781 0.418106 0
    endloop
  endfacet
  facet normal -0.998631 0.0523074 0
    outer loop
      vertex -23.9781 0.418106 3
      vertex -24 0 0
      vertex -24 0 3
    endloop
  endfacet
  facet normal -0.998631 -0.0523074 0
    outer loop
      vertex -23.9781 -0.418106 0
      vertex -24 0 3
      vertex -24 0 0
    endloop
  endfacet
  facet normal -0.998631 -0.0523074 0
    outer loop
      vertex -24 0 3
      vertex -23.9781 -0.418106 0
      vertex -23.9781 -0.418106 3
    endloop
  endfacet
  facet normal -0.987687 -0.156442 0
    outer loop
      vertex -23.9126 -0.831635 0
      vertex -23.9781 -0.418106 3
      vertex -23.9781 -0.418106 0
    endloop
  endfacet
  facet normal -0.987687 -0.156442 0
    outer loop
      vertex -23.9781 -0.418106 3
      vertex -23.9126 -0.831635 0
      vertex -23.9126 -0.831635 3
    endloop
  endfacet
  facet normal -0.965904 -0.258902 0
    outer loop
      vertex -23.8042 -1.23605 0
      vertex -23.9126 -0.831635 3
      vertex -23.9126 -0.831635 0
    endloop
  endfacet
  facet normal -0.965904 -0.258902 0
    outer loop
      vertex -23.9126 -0.831635 3
      vertex -23.8042 -1.23605 0
      vertex -23.8042 -1.23605 3
    endloop
  endfacet
  facet normal -0.9562 -0.292714 0
    outer loop
      vertex -16.3042 -25.7361 0
      vertex -23.8042 -1.23605 3
      vertex -23.8042 -1.23605 0
    endloop
  endfacet
  facet normal -0.9562 -0.292714 0
    outer loop
      vertex -23.8042 -1.23605 3
      vertex -16.3042 -25.7361 0
      vertex -16.3042 -25.7361 3
    endloop
  endfacet
  facet normal -0.933622 -0.358259 0
    outer loop
      vertex -16.1542 -26.127 0
      vertex -16.3042 -25.7361 3
      vertex -16.3042 -25.7361 0
    endloop
  endfacet
  facet normal -0.933622 -0.358259 0
    outer loop
      vertex -16.3042 -25.7361 3
      vertex -16.1542 -26.127 0
      vertex -16.1542 -26.127 3
    endloop
  endfacet
  facet normal -0.890961 -0.45408 0
    outer loop
      vertex -15.9641 -26.5 0
      vertex -16.1542 -26.127 3
      vertex -16.1542 -26.127 0
    endloop
  endfacet
  facet normal -0.890961 -0.45408 0
    outer loop
      vertex -16.1542 -26.127 3
      vertex -15.9641 -26.5 0
      vertex -15.9641 -26.5 3
    endloop
  endfacet
  facet normal -0.838678 -0.544627 0
    outer loop
      vertex -15.7361 -26.8511 0
      vertex -15.9641 -26.5 3
      vertex -15.9641 -26.5 0
    endloop
  endfacet
  facet normal -0.838678 -0.544627 0
    outer loop
      vertex -15.9641 -26.5 3
      vertex -15.7361 -26.8511 0
      vertex -15.7361 -26.8511 3
    endloop
  endfacet
  facet normal -0.77715 -0.629315 0
    outer loop
      vertex -15.4726 -27.1765 0
      vertex -15.7361 -26.8511 3
      vertex -15.7361 -26.8511 0
    endloop
  endfacet
  facet normal -0.77715 -0.629315 0
    outer loop
      vertex -15.7361 -26.8511 3
      vertex -15.4726 -27.1765 0
      vertex -15.4726 -27.1765 3
    endloop
  endfacet
  facet normal -0.707107 -0.707107 0
    outer loop
      vertex -15.1765 -27.4726 0
      vertex -15.4726 -27.1765 3
      vertex -15.4726 -27.1765 0
    endloop
  endfacet
  facet normal -0.707107 -0.707107 0
    outer loop
      vertex -15.4726 -27.1765 3
      vertex -15.1765 -27.4726 0
      vertex -15.1765 -27.4726 3
    endloop
  endfacet
  facet normal -0.629315 -0.77715 0
    outer loop
      vertex -15.1765 -27.4726 0
      vertex -14.8511 -27.7361 3
      vertex -15.1765 -27.4726 3
    endloop
  endfacet
  facet normal -0.629315 -0.77715 -0
    outer loop
      vertex -14.8511 -27.7361 3
      vertex -15.1765 -27.4726 0
      vertex -14.8511 -27.7361 0
    endloop
  endfacet
  facet normal -0.544627 -0.838678 0
    outer loop
      vertex -14.8511 -27.7361 0
      vertex -14.5 -27.9641 3
      vertex -14.8511 -27.7361 3
    endloop
  endfacet
  facet normal -0.544627 -0.838678 -0
    outer loop
      vertex -14.5 -27.9641 3
      vertex -14.8511 -27.7361 0
      vertex -14.5 -27.9641 0
    endloop
  endfacet
  facet normal -0.45408 -0.890961 0
    outer loop
      vertex -14.5 -27.9641 0
      vertex -14.127 -28.1542 3
      vertex -14.5 -27.9641 3
    endloop
  endfacet
  facet normal -0.45408 -0.890961 -0
    outer loop
      vertex -14.127 -28.1542 3
      vertex -14.5 -27.9641 0
      vertex -14.127 -28.1542 0
    endloop
  endfacet
  facet normal -0.358259 -0.933622 0
    outer loop
      vertex -14.127 -28.1542 0
      vertex -13.7361 -28.3042 3
      vertex -14.127 -28.1542 3
    endloop
  endfacet
  facet normal -0.358259 -0.933622 -0
    outer loop
      vertex -13.7361 -28.3042 3
      vertex -14.127 -28.1542 0
      vertex -13.7361 -28.3042 0
    endloop
  endfacet
  facet normal -0.258851 -0.965917 0
    outer loop
      vertex -13.7361 -28.3042 0
      vertex -13.3316 -28.4126 3
      vertex -13.7361 -28.3042 3
    endloop
  endfacet
  facet normal -0.258851 -0.965917 -0
    outer loop
      vertex -13.3316 -28.4126 3
      vertex -13.7361 -28.3042 0
      vertex -13.3316 -28.4126 0
    endloop
  endfacet
  facet normal -0.156453 -0.987685 0
    outer loop
      vertex -13.3316 -28.4126 0
      vertex -12.9181 -28.4781 3
      vertex -13.3316 -28.4126 3
    endloop
  endfacet
  facet normal -0.156453 -0.987685 -0
    outer loop
      vertex -12.9181 -28.4781 3
      vertex -13.3316 -28.4126 0
      vertex -12.9181 -28.4781 0
    endloop
  endfacet
  facet normal -0.0523081 -0.998631 0
    outer loop
      vertex -12.9181 -28.4781 0
      vertex -12.5 -28.5 3
      vertex -12.9181 -28.4781 3
    endloop
  endfacet
  facet normal -0.0523081 -0.998631 -0
    outer loop
      vertex -12.5 -28.5 3
      vertex -12.9181 -28.4781 0
      vertex -12.5 -28.5 0
    endloop
  endfacet
  facet normal 0 -1 0
    outer loop
      vertex -12.5 -28.5 0
      vertex 12.5 -28.5 3
      vertex -12.5 -28.5 3
    endloop
  endfacet
  facet normal 0 -1 -0
    outer loop
      vertex 12.5 -28.5 3
      vertex -12.5 -28.5 0
      vertex 12.5 -28.5 0
    endloop
  endfacet
  facet normal 0.0523081 -0.998631 0
    outer loop
      vertex 12.5 -28.5 0
      vertex 12.9181 -28.4781 3
      vertex 12.5 -28.5 3
    endloop
  endfacet
  facet normal 0.0523081 -0.998631 0
    outer loop
      vertex 12.9181 -28.4781 3
      vertex 12.5 -28.5 0
      vertex 12.9181 -28.4781 0
    endloop
  endfacet
  facet normal 0.0523232 0.99863 -0
    outer loop
      vertex -9.25 5.90999 -13
      vertex -9.56358 5.92642 4
      vertex -9.25 5.90999 4
    endloop
  endfacet
  facet normal 0.0523232 0.99863 0
    outer loop
      vertex -9.56358 5.92642 4
      vertex -9.25 5.90999 -13
      vertex -9.56358 5.92642 -13
    endloop
  endfacet
  facet normal 0.156487 0.98768 -0
    outer loop
      vertex -9.56358 5.92642 -13
      vertex -9.87373 5.97556 4
      vertex -9.56358 5.92642 4
    endloop
  endfacet
  facet normal 0.156487 0.98768 0
    outer loop
      vertex -9.87373 5.97556 4
      vertex -9.56358 5.92642 -13
      vertex -9.87373 5.97556 -13
    endloop
  endfacet
  facet normal 0.258816 0.965927 -0
    outer loop
      vertex -9.87373 5.97556 -13
      vertex -10.177 6.05682 4
      vertex -9.87373 5.97556 4
    endloop
  endfacet
  facet normal 0.258816 0.965927 0
    outer loop
      vertex -10.177 6.05682 4
      vertex -9.87373 5.97556 -13
      vertex -10.177 6.05682 -13
    endloop
  endfacet
  facet normal 0.358343 0.93359 -0
    outer loop
      vertex -10.177 6.05682 -13
      vertex -10.4702 6.16936 4
      vertex -10.177 6.05682 4
    endloop
  endfacet
  facet normal 0.358343 0.93359 0
    outer loop
      vertex -10.4702 6.16936 4
      vertex -10.177 6.05682 -13
      vertex -10.4702 6.16936 -13
    endloop
  endfacet
  facet normal 0.453977 0.891013 -0
    outer loop
      vertex -10.4702 6.16936 -13
      vertex -10.75 6.31192 4
      vertex -10.4702 6.16936 4
    endloop
  endfacet
  facet normal 0.453977 0.891013 0
    outer loop
      vertex -10.75 6.31192 4
      vertex -10.4702 6.16936 -13
      vertex -10.75 6.31192 -13
    endloop
  endfacet
  facet normal 0.544563 0.83872 -0
    outer loop
      vertex -10.75 6.31192 -13
      vertex -11.0134 6.48294 4
      vertex -10.75 6.31192 4
    endloop
  endfacet
  facet normal 0.544563 0.83872 0
    outer loop
      vertex -11.0134 6.48294 4
      vertex -10.75 6.31192 -13
      vertex -11.0134 6.48294 -13
    endloop
  endfacet
  facet normal 0.629383 0.777095 -0
    outer loop
      vertex -11.0134 6.48294 -13
      vertex -11.2574 6.68056 4
      vertex -11.0134 6.48294 4
    endloop
  endfacet
  facet normal 0.629383 0.777095 0
    outer loop
      vertex -11.2574 6.68056 4
      vertex -11.0134 6.48294 -13
      vertex -11.2574 6.68056 -13
    endloop
  endfacet
  facet normal 0.70717 0.707043 0
    outer loop
      vertex -11.2574 6.68056 4
      vertex -11.4794 6.9026 -13
      vertex -11.4794 6.9026 4
    endloop
  endfacet
  facet normal 0.70717 0.707043 0
    outer loop
      vertex -11.4794 6.9026 -13
      vertex -11.2574 6.68056 4
      vertex -11.2574 6.68056 -13
    endloop
  endfacet
  facet normal 0.777177 0.629283 0
    outer loop
      vertex -11.4794 6.9026 4
      vertex -11.677 7.14664 -13
      vertex -11.677 7.14664 4
    endloop
  endfacet
  facet normal 0.777177 0.629283 0
    outer loop
      vertex -11.677 7.14664 -13
      vertex -11.4794 6.9026 4
      vertex -11.4794 6.9026 -13
    endloop
  endfacet
  facet normal 0.838556 0.544815 0
    outer loop
      vertex -11.677 7.14664 4
      vertex -11.8481 7.40999 -13
      vertex -11.8481 7.40999 4
    endloop
  endfacet
  facet normal 0.838556 0.544815 0
    outer loop
      vertex -11.8481 7.40999 -13
      vertex -11.677 7.14664 4
      vertex -11.677 7.14664 -13
    endloop
  endfacet
  facet normal 0.891091 0.453826 0
    outer loop
      vertex -11.8481 7.40999 4
      vertex -11.9906 7.68979 -13
      vertex -11.9906 7.68979 4
    endloop
  endfacet
  facet normal 0.891091 0.453826 0
    outer loop
      vertex -11.9906 7.68979 -13
      vertex -11.8481 7.40999 4
      vertex -11.8481 7.40999 -13
    endloop
  endfacet
  facet normal 0.933506 0.358563 0
    outer loop
      vertex -11.9906 7.68979 4
      vertex -12.1032 7.98294 -13
      vertex -12.1032 7.98294 4
    endloop
  endfacet
  facet normal 0.933506 0.358563 0
    outer loop
      vertex -12.1032 7.98294 -13
      vertex -11.9906 7.68979 4
      vertex -11.9906 7.68979 -13
    endloop
  endfacet
  facet normal 0.965983 0.258606 0
    outer loop
      vertex -12.1032 7.98294 4
      vertex -12.1844 8.28625 -13
      vertex -12.1844 8.28625 4
    endloop
  endfacet
  facet normal 0.965983 0.258606 0
    outer loop
      vertex -12.1844 8.28625 -13
      vertex -12.1032 7.98294 4
      vertex -12.1032 7.98294 -13
    endloop
  endfacet
  facet normal 0.987651 0.156669 0
    outer loop
      vertex -12.1844 8.28625 4
      vertex -12.2336 8.59641 -13
      vertex -12.2336 8.59641 4
    endloop
  endfacet
  facet normal 0.987651 0.156669 0
    outer loop
      vertex -12.2336 8.59641 -13
      vertex -12.1844 8.28625 4
      vertex -12.1844 8.28625 -13
    endloop
  endfacet
  facet normal 0.998635 0.0522279 0
    outer loop
      vertex -12.2336 8.59641 4
      vertex -12.25 8.90999 -13
      vertex -12.25 8.90999 4
    endloop
  endfacet
  facet normal 0.998635 0.0522279 0
    outer loop
      vertex -12.25 8.90999 -13
      vertex -12.2336 8.59641 4
      vertex -12.2336 8.59641 -13
    endloop
  endfacet
  facet normal 0.999998 -0.00188077 0
    outer loop
      vertex -12.25 8.90999 4
      vertex -12.2355 16.6196 -13
      vertex -12.2355 16.6196 4
    endloop
  endfacet
  facet normal 0.999998 -0.00188077 0
    outer loop
      vertex -12.2355 16.6196 -13
      vertex -12.25 8.90999 4
      vertex -12.25 8.90999 -13
    endloop
  endfacet
  facet normal 0.88548 -0.464678 0
    outer loop
      vertex -12.2355 16.6196 4
      vertex -12.1243 16.8315 -13
      vertex -12.1243 16.8315 4
    endloop
  endfacet
  facet normal 0.88548 -0.464678 0
    outer loop
      vertex -12.1243 16.8315 -13
      vertex -12.2355 16.6196 4
      vertex -12.2355 16.6196 -13
    endloop
  endfacet
  facet normal 0.707103 -0.70711 0
    outer loop
      vertex -12.1243 16.8315 4
      vertex -6.87425 22.0815 -13
      vertex -6.87425 22.0815 4
    endloop
  endfacet
  facet normal 0.707103 -0.70711 0
    outer loop
      vertex -6.87425 22.0815 -13
      vertex -12.1243 16.8315 4
      vertex -12.1243 16.8315 -13
    endloop
  endfacet
  facet normal 0.568201 -0.822889 0
    outer loop
      vertex -6.87425 22.0815 -13
      vertex -6.67729 22.2175 4
      vertex -6.87425 22.0815 4
    endloop
  endfacet
  facet normal 0.568201 -0.822889 0
    outer loop
      vertex -6.67729 22.2175 4
      vertex -6.87425 22.0815 -13
      vertex -6.67729 22.2175 -13
    endloop
  endfacet
  facet normal 0.120351 -0.992731 0
    outer loop
      vertex -6.67729 22.2175 -13
      vertex -6.43973 22.2463 4
      vertex -6.67729 22.2175 4
    endloop
  endfacet
  facet normal 0.120351 -0.992731 0
    outer loop
      vertex -6.43973 22.2463 4
      vertex -6.67729 22.2175 -13
      vertex -6.43973 22.2463 -13
    endloop
  endfacet
  facet normal 0 -1 0
    outer loop
      vertex -6.43973 22.2463 -13
      vertex 6.56026 22.2463 4
      vertex -6.43973 22.2463 4
    endloop
  endfacet
  facet normal 0 -1 -0
    outer loop
      vertex 6.56026 22.2463 4
      vertex -6.43973 22.2463 -13
      vertex 6.56026 22.2463 -13
    endloop
  endfacet
  facet normal -0.354368 -0.935106 0
    outer loop
      vertex 6.56026 22.2463 -13
      vertex 6.78403 22.1615 4
      vertex 6.56026 22.2463 4
    endloop
  endfacet
  facet normal -0.354368 -0.935106 -0
    outer loop
      vertex 6.78403 22.1615 4
      vertex 6.56026 22.2463 -13
      vertex 6.78403 22.1615 -13
    endloop
  endfacet
  facet normal -0.707109 -0.707105 0
    outer loop
      vertex 12.034 16.9115 -13
      vertex 6.78403 22.1615 4
      vertex 6.78403 22.1615 -13
    endloop
  endfacet
  facet normal -0.707109 -0.707105 0
    outer loop
      vertex 6.78403 22.1615 4
      vertex 12.034 16.9115 -13
      vertex 12.034 16.9115 4
    endloop
  endfacet
  facet normal -0.74863 -0.662988 0
    outer loop
      vertex 12.1927 16.7323 -13
      vertex 12.034 16.9115 4
      vertex 12.034 16.9115 -13
    endloop
  endfacet
  facet normal -0.74863 -0.662988 0
    outer loop
      vertex 12.034 16.9115 4
      vertex 12.1927 16.7323 -13
      vertex 12.1927 16.7323 4
    endloop
  endfacet
  facet normal -0.9709 -0.239486 0
    outer loop
      vertex 12.25 16.5 -13
      vertex 12.1927 16.7323 4
      vertex 12.1927 16.7323 -13
    endloop
  endfacet
  facet normal -0.9709 -0.239486 0
    outer loop
      vertex 12.1927 16.7323 4
      vertex 12.25 16.5 -13
      vertex 12.25 16.5 4
    endloop
  endfacet
  facet normal -1 0 0
    outer loop
      vertex 12.25 8.90999 -13
      vertex 12.25 16.5 4
      vertex 12.25 16.5 -13
    endloop
  endfacet
  facet normal -1 -0 0
    outer loop
      vertex 12.25 16.5 4
      vertex 12.25 8.90999 -13
      vertex 12.25 8.90999 4
    endloop
  endfacet
  facet normal -0.998635 0.0522279 0
    outer loop
      vertex 12.2336 8.59641 -13
      vertex 12.25 8.90999 4
      vertex 12.25 8.90999 -13
    endloop
  endfacet
  facet normal -0.998635 0.0522279 0
    outer loop
      vertex 12.25 8.90999 4
      vertex 12.2336 8.59641 -13
      vertex 12.2336 8.59641 4
    endloop
  endfacet
  facet normal -0.987651 0.156669 0
    outer loop
      vertex 12.1844 8.28625 -13
      vertex 12.2336 8.59641 4
      vertex 12.2336 8.59641 -13
    endloop
  endfacet
  facet normal -0.987651 0.156669 0
    outer loop
      vertex 12.2336 8.59641 4
      vertex 12.1844 8.28625 -13
      vertex 12.1844 8.28625 4
    endloop
  endfacet
  facet normal -0.965983 0.258606 0
    outer loop
      vertex 12.1032 7.98294 -13
      vertex 12.1844 8.28625 4
      vertex 12.1844 8.28625 -13
    endloop
  endfacet
  facet normal -0.965983 0.258606 0
    outer loop
      vertex 12.1844 8.28625 4
      vertex 12.1032 7.98294 -13
      vertex 12.1032 7.98294 4
    endloop
  endfacet
  facet normal -0.933506 0.358563 0
    outer loop
      vertex 11.9906 7.68979 -13
      vertex 12.1032 7.98294 4
      vertex 12.1032 7.98294 -13
    endloop
  endfacet
  facet normal -0.933506 0.358563 0
    outer loop
      vertex 12.1032 7.98294 4
      vertex 11.9906 7.68979 -13
      vertex 11.9906 7.68979 4
    endloop
  endfacet
  facet normal -0.891091 0.453826 0
    outer loop
      vertex 11.8481 7.40999 -13
      vertex 11.9906 7.68979 4
      vertex 11.9906 7.68979 -13
    endloop
  endfacet
  facet normal -0.891091 0.453826 0
    outer loop
      vertex 11.9906 7.68979 4
      vertex 11.8481 7.40999 -13
      vertex 11.8481 7.40999 4
    endloop
  endfacet
  facet normal -0.838556 0.544815 0
    outer loop
      vertex 11.677 7.14664 -13
      vertex 11.8481 7.40999 4
      vertex 11.8481 7.40999 -13
    endloop
  endfacet
  facet normal -0.838556 0.544815 0
    outer loop
      vertex 11.8481 7.40999 4
      vertex 11.677 7.14664 -13
      vertex 11.677 7.14664 4
    endloop
  endfacet
  facet normal -0.777177 0.629283 0
    outer loop
      vertex 11.4794 6.9026 -13
      vertex 11.677 7.14664 4
      vertex 11.677 7.14664 -13
    endloop
  endfacet
  facet normal -0.777177 0.629283 0
    outer loop
      vertex 11.677 7.14664 4
      vertex 11.4794 6.9026 -13
      vertex 11.4794 6.9026 4
    endloop
  endfacet
  facet normal -0.70717 0.707043 0
    outer loop
      vertex 11.2574 6.68056 -13
      vertex 11.4794 6.9026 4
      vertex 11.4794 6.9026 -13
    endloop
  endfacet
  facet normal -0.70717 0.707043 0
    outer loop
      vertex 11.4794 6.9026 4
      vertex 11.2574 6.68056 -13
      vertex 11.2574 6.68056 4
    endloop
  endfacet
  facet normal -0.629383 0.777095 0
    outer loop
      vertex 11.2574 6.68056 -13
      vertex 11.0134 6.48294 4
      vertex 11.2574 6.68056 4
    endloop
  endfacet
  facet normal -0.629383 0.777095 0
    outer loop
      vertex 11.0134 6.48294 4
      vertex 11.2574 6.68056 -13
      vertex 11.0134 6.48294 -13
    endloop
  endfacet
  facet normal -0.544563 0.83872 0
    outer loop
      vertex 11.0134 6.48294 -13
      vertex 10.75 6.31192 4
      vertex 11.0134 6.48294 4
    endloop
  endfacet
  facet normal -0.544563 0.83872 0
    outer loop
      vertex 10.75 6.31192 4
      vertex 11.0134 6.48294 -13
      vertex 10.75 6.31192 -13
    endloop
  endfacet
  facet normal -0.453977 0.891013 0
    outer loop
      vertex 10.75 6.31192 -13
      vertex 10.4702 6.16936 4
      vertex 10.75 6.31192 4
    endloop
  endfacet
  facet normal -0.453977 0.891013 0
    outer loop
      vertex 10.4702 6.16936 4
      vertex 10.75 6.31192 -13
      vertex 10.4702 6.16936 -13
    endloop
  endfacet
  facet normal -0.358343 0.93359 0
    outer loop
      vertex 10.4702 6.16936 -13
      vertex 10.177 6.05682 4
      vertex 10.4702 6.16936 4
    endloop
  endfacet
  facet normal -0.358343 0.93359 0
    outer loop
      vertex 10.177 6.05682 4
      vertex 10.4702 6.16936 -13
      vertex 10.177 6.05682 -13
    endloop
  endfacet
  facet normal -0.258816 0.965927 0
    outer loop
      vertex 10.177 6.05682 -13
      vertex 9.87373 5.97556 4
      vertex 10.177 6.05682 4
    endloop
  endfacet
  facet normal -0.258816 0.965927 0
    outer loop
      vertex 9.87373 5.97556 4
      vertex 10.177 6.05682 -13
      vertex 9.87373 5.97556 -13
    endloop
  endfacet
  facet normal -0.156487 0.98768 0
    outer loop
      vertex 9.87373 5.97556 -13
      vertex 9.56358 5.92642 4
      vertex 9.87373 5.97556 4
    endloop
  endfacet
  facet normal -0.156487 0.98768 0
    outer loop
      vertex 9.56358 5.92642 4
      vertex 9.87373 5.97556 -13
      vertex 9.56358 5.92642 -13
    endloop
  endfacet
  facet normal -0.0523232 0.99863 0
    outer loop
      vertex 9.56358 5.92642 -13
      vertex 9.25 5.90999 4
      vertex 9.56358 5.92642 4
    endloop
  endfacet
  facet normal -0.0523232 0.99863 0
    outer loop
      vertex 9.25 5.90999 4
      vertex 9.56358 5.92642 -13
      vertex 9.25 5.90999 -13
    endloop
  endfacet
  facet normal 0 1 -0
    outer loop
      vertex 9.25 5.90999 -13
      vertex -9.25 5.90999 4
      vertex 9.25 5.90999 4
    endloop
  endfacet
  facet normal 0 1 0
    outer loop
      vertex -9.25 5.90999 4
      vertex 9.25 5.90999 -13
      vertex -9.25 5.90999 -13
    endloop
  endfacet
  facet normal 0.15645 0.987686 0
    outer loop
      vertex -20.3136 -2.98355 3
      vertex -20.6237 -2.93443 2.99999
      vertex -20.6237 -2.93443 3
    endloop
  endfacet
  facet normal 0.15645 0.987686 0
    outer loop
      vertex -20.3136 -2.98355 3
      vertex -20.3136 -2.98355 2.99999
      vertex -20.6237 -2.93443 2.99999
    endloop
  endfacet
  facet normal 0.258822 0.965925 0
    outer loop
      vertex -20.6237 -2.93443 3
      vertex -20.927 -2.85316 2.99999
      vertex -20.927 -2.85316 3
    endloop
  endfacet
  facet normal 0.258822 0.965925 0
    outer loop
      vertex -20.927 -2.85316 2.99999
      vertex -20.6237 -2.93443 3
      vertex -20.6237 -2.93443 2.99999
    endloop
  endfacet
  facet normal 0.358315 0.933601 0
    outer loop
      vertex -20.927 -2.85316 3
      vertex -20.927 -2.85316 2.99999
      vertex -21.2202 -2.74063 3
    endloop
  endfacet
  facet normal 0.358315 0.933601 0
    outer loop
      vertex -21.2202 -2.74063 3
      vertex -20.927 -2.85316 2.99999
      vertex -21.2202 -2.74063 2.99999
    endloop
  endfacet
  facet normal 0.453977 0.891013 -0
    outer loop
      vertex -21.2202 -2.74063 2.99999
      vertex -21.5 -2.59807 3
      vertex -21.2202 -2.74063 3
    endloop
  endfacet
  facet normal 0.453977 0.891013 0
    outer loop
      vertex -21.5 -2.59807 3
      vertex -21.2202 -2.74063 2.99999
      vertex -21.5 -2.59807 2.99999
    endloop
  endfacet
  facet normal 0.544563 0.83872 0
    outer loop
      vertex -21.7634 -2.42705 3
      vertex -21.5 -2.59807 3
      vertex -21.5 -2.59807 2.99999
    endloop
  endfacet
  facet normal 0.629383 0.777095 0
    outer loop
      vertex -22.0074 -2.22943 3
      vertex -21.7634 -2.42705 3
      vertex -22.0074 -2.22943 2.99999
    endloop
  endfacet
  facet normal 0.70717 0.707043 0
    outer loop
      vertex -22.2294 -2.00739 3
      vertex -22.0074 -2.22943 2.99999
      vertex -22.2294 -2.00739 2.99999
    endloop
  endfacet
  facet normal 0.70717 0.707043 0
    outer loop
      vertex -22.0074 -2.22943 3
      vertex -22.0074 -2.22943 2.99999
      vertex -22.2294 -2.00739 3
    endloop
  endfacet
  facet normal 0.777177 0.629283 0
    outer loop
      vertex -22.427 -1.76335 3
      vertex -22.2294 -2.00739 3
      vertex -22.2294 -2.00739 2.99999
    endloop
  endfacet
  facet normal 0.838556 0.544815 0
    outer loop
      vertex -22.427 -1.76335 3
      vertex -22.5981 -1.5 2.99999
      vertex -22.5981 -1.5 3
    endloop
  endfacet
  facet normal 1 0 0
    outer loop
      vertex -22.7406 -1.2202 3
      vertex -22.7406 -1.22021 2.99999
      vertex -22.7406 -1.2202 2.99999
    endloop
  endfacet
  facet normal 0.811439 0.41326 -0.41326
    outer loop
      vertex -22.5981 -1.5 3
      vertex -22.7406 -1.22021 2.99999
      vertex -22.7406 -1.2202 3
    endloop
  endfacet
  facet normal 0.891084 0.453838 0
    outer loop
      vertex -22.7406 -1.22021 2.99999
      vertex -22.5981 -1.5 3
      vertex -22.5981 -1.5 2.99999
    endloop
  endfacet
  facet normal 1 0 0
    outer loop
      vertex -22.8532 -0.927049 2.99999
      vertex -22.8532 -0.927048 2.99999
      vertex -22.8532 -0.927048 3
    endloop
  endfacet
  facet normal 0.932907 0.358331 -0.0358331
    outer loop
      vertex -22.7406 -1.2202 3
      vertex -22.8532 -0.927049 2.99999
      vertex -22.8532 -0.927048 3
    endloop
  endfacet
  facet normal 0.933506 0.358562 0
    outer loop
      vertex -22.8532 -0.927049 2.99999
      vertex -22.7406 -1.2202 3
      vertex -22.7406 -1.2202 2.99999
    endloop
  endfacet
  facet normal 0.965984 0.258603 0
    outer loop
      vertex -22.8532 -0.927048 3
      vertex -22.9344 -0.623734 2.99999
      vertex -22.9344 -0.623734 3
    endloop
  endfacet
  facet normal 0.965984 0.258603 0
    outer loop
      vertex -22.9344 -0.623734 2.99999
      vertex -22.8532 -0.927048 3
      vertex -22.8532 -0.927048 2.99999
    endloop
  endfacet
  facet normal 1 0 0
    outer loop
      vertex -22.9836 -0.313583 3
      vertex -22.9836 -0.313584 2.99999
      vertex -22.9836 -0.313583 2.99999
    endloop
  endfacet
  facet normal 0.987529 0.156656 -0.0156656
    outer loop
      vertex -22.9836 -0.313583 3
      vertex -22.9344 -0.623731 2.99999
      vertex -22.9836 -0.313584 2.99999
    endloop
  endfacet
  facet normal 0.986561 0.156501 0.0469502
    outer loop
      vertex -22.9344 -0.623734 3
      vertex -22.9344 -0.623731 2.99999
      vertex -22.9836 -0.313583 3
    endloop
  endfacet
  facet normal 1 0 0
    outer loop
      vertex -22.9344 -0.623731 2.99999
      vertex -22.9344 -0.623734 3
      vertex -22.9344 -0.623733 2.99999
    endloop
  endfacet
  facet normal 1 0 0
    outer loop
      vertex -22.9344 -0.623733 2.99999
      vertex -22.9344 -0.623734 3
      vertex -22.9344 -0.623734 2.99999
    endloop
  endfacet
  facet normal 0.998622 0.0522267 0.00522267
    outer loop
      vertex -22.9836 -0.313583 3
      vertex -22.9836 -0.313582 2.99999
      vertex -23 0 3
    endloop
  endfacet
  facet normal 1 0 0
    outer loop
      vertex -22.9836 -0.313582 2.99999
      vertex -22.9836 -0.313583 3
      vertex -22.9836 -0.313583 2.99999
    endloop
  endfacet
  facet normal 0.998635 -0.0522274 0
    outer loop
      vertex -22.9836 0.313583 2.99999
      vertex -22.9836 0.313583 3
      vertex -23 0 3
    endloop
  endfacet
  facet normal 1 0 0
    outer loop
      vertex -22.9344 0.623734 3
      vertex -22.9344 0.623733 2.99999
      vertex -22.9344 0.623734 2.99999
    endloop
  endfacet
  facet normal 0.987529 -0.156656 0.0156656
    outer loop
      vertex -22.9344 0.623734 3
      vertex -22.9836 0.313586 2.99999
      vertex -22.9344 0.623733 2.99999
    endloop
  endfacet
  facet normal 0.986561 -0.156501 -0.0469502
    outer loop
      vertex -22.9836 0.313583 3
      vertex -22.9836 0.313586 2.99999
      vertex -22.9344 0.623734 3
    endloop
  endfacet
  facet normal 1 0 0
    outer loop
      vertex -22.9836 0.313583 2.99999
      vertex -22.9836 0.313586 2.99999
      vertex -22.9836 0.313583 3
    endloop
  endfacet
  facet normal 0 0 0
    outer loop
      vertex -22.9836 0.313586 2.99999
      vertex -22.9836 0.313583 2.99999
      vertex -22.9836 0.313584 2.99999
    endloop
  endfacet
  facet normal 0.965984 -0.258603 0
    outer loop
      vertex -22.8532 0.927048 3
      vertex -22.9344 0.623734 2.99999
      vertex -22.8532 0.927048 2.99999
    endloop
  endfacet
  facet normal 0.965984 -0.258603 0
    outer loop
      vertex -22.9344 0.623734 3
      vertex -22.9344 0.623734 2.99999
      vertex -22.8532 0.927048 3
    endloop
  endfacet
  facet normal 0.933506 -0.358563 0
    outer loop
      vertex -22.7406 1.2202 3
      vertex -22.8532 0.92705 2.99999
      vertex -22.7406 1.2202 2.99999
    endloop
  endfacet
  facet normal 0.931115 -0.357642 -0.0715285
    outer loop
      vertex -22.8532 0.927048 3
      vertex -22.8532 0.92705 2.99999
      vertex -22.7406 1.2202 3
    endloop
  endfacet
  facet normal 1 0 0
    outer loop
      vertex -22.8532 0.92705 2.99999
      vertex -22.8532 0.927048 3
      vertex -22.8532 0.927049 2.99999
    endloop
  endfacet
  facet normal 1 0 0
    outer loop
      vertex -22.8532 0.927049 2.99999
      vertex -22.8532 0.927048 3
      vertex -22.8532 0.927048 2.99999
    endloop
  endfacet
  facet normal 0.891084 -0.453838 0
    outer loop
      vertex -22.5981 1.5 3
      vertex -22.7406 1.22021 2.99999
      vertex -22.5981 1.5 2.99999
    endloop
  endfacet
  facet normal 0.811439 -0.41326 -0.41326
    outer loop
      vertex -22.7406 1.2202 3
      vertex -22.7406 1.22021 2.99999
      vertex -22.5981 1.5 3
    endloop
  endfacet
  facet normal 1 0 0
    outer loop
      vertex -22.7406 1.22021 2.99999
      vertex -22.7406 1.2202 3
      vertex -22.7406 1.2202 2.99999
    endloop
  endfacet
  facet normal 0.838556 -0.544815 0
    outer loop
      vertex -22.427 1.76335 3
      vertex -22.5981 1.5 3
      vertex -22.5981 1.5 2.99999
    endloop
  endfacet
  facet normal 0.777177 -0.629283 0
    outer loop
      vertex -22.2294 2.00739 3
      vertex -22.427 1.76335 3
      vertex -22.2294 2.00739 2.99999
    endloop
  endfacet
  facet normal 0.70717 -0.707043 0
    outer loop
      vertex -22.0074 2.22943 3
      vertex -22.2294 2.00739 2.99999
      vertex -22.0074 2.22943 2.99999
    endloop
  endfacet
  facet normal 0.70717 -0.707043 0
    outer loop
      vertex -22.2294 2.00739 3
      vertex -22.2294 2.00739 2.99999
      vertex -22.0074 2.22943 3
    endloop
  endfacet
  facet normal 0.629383 -0.777095 0
    outer loop
      vertex -21.7634 2.42705 3
      vertex -22.0074 2.22943 3
      vertex -22.0074 2.22943 2.99999
    endloop
  endfacet
  facet normal 0.544563 -0.83872 0
    outer loop
      vertex -21.5 2.59807 3
      vertex -21.7634 2.42705 3
      vertex -21.5 2.59807 2.99999
    endloop
  endfacet
  facet normal 0.453977 -0.891013 0
    outer loop
      vertex -21.2202 2.74063 2.99999
      vertex -21.5 2.59807 3
      vertex -21.5 2.59807 2.99999
    endloop
  endfacet
  facet normal 0.453977 -0.891013 0
    outer loop
      vertex -21.5 2.59807 3
      vertex -21.2202 2.74063 2.99999
      vertex -21.2202 2.74063 3
    endloop
  endfacet
  facet normal 0.358315 -0.933601 0
    outer loop
      vertex -20.927 2.85316 2.99999
      vertex -20.927 2.85316 3
      vertex -21.2202 2.74063 3
    endloop
  endfacet
  facet normal 0.358315 -0.933601 0
    outer loop
      vertex -20.927 2.85316 2.99999
      vertex -21.2202 2.74063 3
      vertex -21.2202 2.74063 2.99999
    endloop
  endfacet
  facet normal 0.258822 -0.965925 0
    outer loop
      vertex -20.927 2.85316 2.99999
      vertex -20.6237 2.93443 3
      vertex -20.927 2.85316 3
    endloop
  endfacet
  facet normal 0.258822 -0.965925 0
    outer loop
      vertex -20.6237 2.93443 3
      vertex -20.927 2.85316 2.99999
      vertex -20.6237 2.93443 2.99999
    endloop
  endfacet
  facet normal 0.15645 -0.987686 0
    outer loop
      vertex -20.6237 2.93443 3
      vertex -20.6237 2.93443 2.99999
      vertex -20.3136 2.98355 3
    endloop
  endfacet
  facet normal 0.15645 -0.987686 0
    outer loop
      vertex -20.6237 2.93443 2.99999
      vertex -20.3136 2.98355 2.99999
      vertex -20.3136 2.98355 3
    endloop
  endfacet
  facet normal 0.0523833 -0.998627 0
    outer loop
      vertex -20.3136 2.98355 3
      vertex -20.3136 2.98355 2.99999
      vertex -20 3 3
    endloop
  endfacet
  facet normal -0.0523833 -0.998627 0
    outer loop
      vertex -19.6864 2.98355 2.99999
      vertex -19.6864 2.98355 3
      vertex -20 3 3
    endloop
  endfacet
  facet normal -0.11131 -0.702713 -0.702713
    outer loop
      vertex -19.3763 2.93444 2.99999
      vertex -19.3763 2.93443 3
      vertex -19.6864 2.98355 3
    endloop
  endfacet
  facet normal -1 0 0
    outer loop
      vertex -19.3763 2.93443 3
      vertex -19.3763 2.93444 2.99999
      vertex -19.3763 2.93443 2.99999
    endloop
  endfacet
  facet normal -0.156419 -0.987691 0
    outer loop
      vertex -19.3763 2.93444 2.99999
      vertex -19.6864 2.98355 3
      vertex -19.6864 2.98355 2.99999
    endloop
  endfacet
  facet normal -0 -0 -1
    outer loop
      vertex -19.0729 2.85317 3
      vertex -19.0729 2.85316 3
      vertex -19.3763 2.93443 3
    endloop
  endfacet
  facet normal -0.258713 -0.965954 0
    outer loop
      vertex -19.0729 2.85317 3
      vertex -19.3763 2.93443 3
      vertex -19.3763 2.93443 2.99999
    endloop
  endfacet
  facet normal -0.453977 -0.891013 0
    outer loop
      vertex -18.7798 2.74063 3
      vertex -18.5 2.59807 2.99999
      vertex -18.5 2.59807 3
    endloop
  endfacet
  facet normal -0.544431 -0.838806 0
    outer loop
      vertex -18.3265 2.4854 0
      vertex -18.2366 2.42705 3
      vertex -18.3265 2.4854 3
    endloop
  endfacet
  facet normal -0.544431 -0.838806 -0
    outer loop
      vertex -18.2366 2.42705 3
      vertex -18.3265 2.4854 0
      vertex -18.2366 2.42705 0
    endloop
  endfacet
  facet normal -0.544631 -0.838675 0
    outer loop
      vertex -18.3265 2.4854 3
      vertex -18.5 2.59807 3
      vertex -18.5 2.59807 2.99999
    endloop
  endfacet
  facet normal -0.629383 -0.777095 0
    outer loop
      vertex -18.2366 2.42705 0
      vertex -17.9926 2.22943 3
      vertex -18.2366 2.42705 3
    endloop
  endfacet
  facet normal -0.629383 -0.777095 -0
    outer loop
      vertex -17.9926 2.22943 3
      vertex -18.2366 2.42705 0
      vertex -17.9926 2.22943 0
    endloop
  endfacet
  facet normal -0.70717 -0.707043 0
    outer loop
      vertex -17.7706 2.00739 0
      vertex -17.9926 2.22943 3
      vertex -17.9926 2.22943 0
    endloop
  endfacet
  facet normal -0.70717 -0.707043 0
    outer loop
      vertex -17.9926 2.22943 3
      vertex -17.7706 2.00739 0
      vertex -17.7706 2.00739 3
    endloop
  endfacet
  facet normal -0.777021 -0.629475 0
    outer loop
      vertex -17.5729 1.76335 0
      vertex -17.7706 2.00739 3
      vertex -17.7706 2.00739 0
    endloop
  endfacet
  facet normal -0.777021 -0.629475 0
    outer loop
      vertex -17.7706 2.00739 3
      vertex -17.5729 1.76335 0
      vertex -17.5729 1.76335 3
    endloop
  endfacet
  facet normal -0.838702 -0.544591 0
    outer loop
      vertex -17.4019 1.5 0
      vertex -17.5729 1.76335 3
      vertex -17.5729 1.76335 0
    endloop
  endfacet
  facet normal -0.838702 -0.544591 0
    outer loop
      vertex -17.5729 1.76335 3
      vertex -17.4019 1.5 0
      vertex -17.4019 1.5 3
    endloop
  endfacet
  facet normal -0.891091 -0.453826 0
    outer loop
      vertex -17.2594 1.2202 0
      vertex -17.4019 1.5 3
      vertex -17.4019 1.5 0
    endloop
  endfacet
  facet normal -0.891091 -0.453826 0
    outer loop
      vertex -17.4019 1.5 3
      vertex -17.2594 1.2202 0
      vertex -17.2594 1.2202 3
    endloop
  endfacet
  facet normal -0.933506 -0.358561 0
    outer loop
      vertex -17.1468 0.927048 0
      vertex -17.2594 1.2202 3
      vertex -17.2594 1.2202 0
    endloop
  endfacet
  facet normal -0.933506 -0.358561 0
    outer loop
      vertex -17.2594 1.2202 3
      vertex -17.1468 0.927048 0
      vertex -17.1468 0.927048 3
    endloop
  endfacet
  facet normal -0.965984 -0.258603 0
    outer loop
      vertex -17.0656 0.623734 0
      vertex -17.1468 0.927048 3
      vertex -17.1468 0.927048 0
    endloop
  endfacet
  facet normal -0.965984 -0.258603 0
    outer loop
      vertex -17.1468 0.927048 3
      vertex -17.0656 0.623734 0
      vertex -17.0656 0.623734 3
    endloop
  endfacet
  facet normal -0.987639 -0.156744 0
    outer loop
      vertex -17.0194 0.332629 0
      vertex -17.0656 0.623734 3
      vertex -17.0656 0.623734 0
    endloop
  endfacet
  facet normal -0.987639 -0.156744 0
    outer loop
      vertex -17.0656 0.623734 3
      vertex -17.0194 0.332629 0
      vertex -17.0194 0.332629 3
    endloop
  endfacet
  facet normal -0 -0 -1
    outer loop
      vertex -17.0164 0.313585 3
      vertex -17.0164 0.313583 3
      vertex -17.0194 0.332629 3
    endloop
  endfacet
  facet normal -0.987639 0.156744 0
    outer loop
      vertex -17.0656 -0.623734 0
      vertex -17.0194 -0.332629 3
      vertex -17.0194 -0.332629 0
    endloop
  endfacet
  facet normal -0.987639 0.156744 0
    outer loop
      vertex -17.0194 -0.332629 3
      vertex -17.0656 -0.623734 0
      vertex -17.0656 -0.623734 3
    endloop
  endfacet
  facet normal 0 -0 -1
    outer loop
      vertex -17.0164 -0.313583 3
      vertex -17.0164 -0.313585 3
      vertex -17.0194 -0.332629 3
    endloop
  endfacet
  facet normal -0.965984 0.258603 0
    outer loop
      vertex -17.1468 -0.927048 0
      vertex -17.0656 -0.623734 3
      vertex -17.0656 -0.623734 0
    endloop
  endfacet
  facet normal -0.965984 0.258603 0
    outer loop
      vertex -17.0656 -0.623734 3
      vertex -17.1468 -0.927048 0
      vertex -17.1468 -0.927048 3
    endloop
  endfacet
  facet normal -0.933506 0.358561 0
    outer loop
      vertex -17.2594 -1.2202 0
      vertex -17.1468 -0.927048 3
      vertex -17.1468 -0.927048 0
    endloop
  endfacet
  facet normal -0.933506 0.358561 0
    outer loop
      vertex -17.1468 -0.927048 3
      vertex -17.2594 -1.2202 0
      vertex -17.2594 -1.2202 3
    endloop
  endfacet
  facet normal -0.891091 0.453826 0
    outer loop
      vertex -17.4019 -1.5 0
      vertex -17.2594 -1.2202 3
      vertex -17.2594 -1.2202 0
    endloop
  endfacet
  facet normal -0.891091 0.453826 0
    outer loop
      vertex -17.2594 -1.2202 3
      vertex -17.4019 -1.5 0
      vertex -17.4019 -1.5 3
    endloop
  endfacet
  facet normal -0.838702 0.544591 0
    outer loop
      vertex -17.5729 -1.76335 0
      vertex -17.4019 -1.5 3
      vertex -17.4019 -1.5 0
    endloop
  endfacet
  facet normal -0.838702 0.544591 0
    outer loop
      vertex -17.4019 -1.5 3
      vertex -17.5729 -1.76335 0
      vertex -17.5729 -1.76335 3
    endloop
  endfacet
  facet normal -0.777021 0.629475 0
    outer loop
      vertex -17.7706 -2.00739 0
      vertex -17.5729 -1.76335 3
      vertex -17.5729 -1.76335 0
    endloop
  endfacet
  facet normal -0.777021 0.629475 0
    outer loop
      vertex -17.5729 -1.76335 3
      vertex -17.7706 -2.00739 0
      vertex -17.7706 -2.00739 3
    endloop
  endfacet
  facet normal -0.70717 0.707043 0
    outer loop
      vertex -17.9926 -2.22943 0
      vertex -17.7706 -2.00739 3
      vertex -17.7706 -2.00739 0
    endloop
  endfacet
  facet normal -0.70717 0.707043 0
    outer loop
      vertex -17.7706 -2.00739 3
      vertex -17.9926 -2.22943 0
      vertex -17.9926 -2.22943 3
    endloop
  endfacet
  facet normal -0.629383 0.777095 0
    outer loop
      vertex -17.9926 -2.22943 0
      vertex -18.2366 -2.42705 3
      vertex -17.9926 -2.22943 3
    endloop
  endfacet
  facet normal -0.629383 0.777095 0
    outer loop
      vertex -18.2366 -2.42705 3
      vertex -17.9926 -2.22943 0
      vertex -18.2366 -2.42705 0
    endloop
  endfacet
  facet normal -0.544431 0.838806 0
    outer loop
      vertex -18.2366 -2.42705 0
      vertex -18.3265 -2.4854 3
      vertex -18.2366 -2.42705 3
    endloop
  endfacet
  facet normal -0.544431 0.838806 0
    outer loop
      vertex -18.3265 -2.4854 3
      vertex -18.2366 -2.42705 0
      vertex -18.3265 -2.4854 0
    endloop
  endfacet
  facet normal -0.544631 0.838675 0
    outer loop
      vertex -18.5 -2.59807 3
      vertex -18.3265 -2.4854 3
      vertex -18.5 -2.59807 2.99999
    endloop
  endfacet
  facet normal -0.453977 0.891013 0
    outer loop
      vertex -18.5 -2.59807 2.99999
      vertex -18.7798 -2.74063 3
      vertex -18.5 -2.59807 3
    endloop
  endfacet
  facet normal 0 -0 -1
    outer loop
      vertex -19.0729 -2.85316 3
      vertex -19.0729 -2.85317 3
      vertex -19.3763 -2.93443 3
    endloop
  endfacet
  facet normal -0.258713 0.965954 0
    outer loop
      vertex -19.3763 -2.93443 3
      vertex -19.0729 -2.85317 3
      vertex -19.3763 -2.93443 2.99999
    endloop
  endfacet
  facet normal -1 0 0
    outer loop
      vertex -19.3763 -2.93444 2.99999
      vertex -19.3763 -2.93443 3
      vertex -19.3763 -2.93443 2.99999
    endloop
  endfacet
  facet normal -0.11131 0.702713 -0.702713
    outer loop
      vertex -19.3763 -2.93443 3
      vertex -19.3763 -2.93444 2.99999
      vertex -19.6864 -2.98355 3
    endloop
  endfacet
  facet normal -0.156419 0.987691 0
    outer loop
      vertex -19.6864 -2.98355 3
      vertex -19.3763 -2.93444 2.99999
      vertex -19.6864 -2.98355 2.99999
    endloop
  endfacet
  facet normal -0.0523833 0.998627 0
    outer loop
      vertex -19.6864 -2.98355 3
      vertex -19.6864 -2.98355 2.99999
      vertex -20 -3 3
    endloop
  endfacet
  facet normal 0.0523833 0.998627 0
    outer loop
      vertex -20.3136 -2.98355 3
      vertex -20 -3 3
      vertex -20.3136 -2.98355 2.99999
    endloop
  endfacet
  facet normal 0.11131 0.702713 -0.702713
    outer loop
      vertex 19.3763 -2.93444 2.99999
      vertex 19.3763 -2.93443 3
      vertex 19.6864 -2.98355 3
    endloop
  endfacet
  facet normal 1 0 0
    outer loop
      vertex 19.3763 -2.93443 3
      vertex 19.3763 -2.93444 2.99999
      vertex 19.3763 -2.93443 2.99999
    endloop
  endfacet
  facet normal 0.156419 0.987691 0
    outer loop
      vertex 19.3763 -2.93444 2.99999
      vertex 19.6864 -2.98355 3
      vertex 19.6864 -2.98355 2.99999
    endloop
  endfacet
  facet normal 0 0 -1
    outer loop
      vertex 19.0729 -2.85317 3
      vertex 19.0729 -2.85316 3
      vertex 19.3763 -2.93443 3
    endloop
  endfacet
  facet normal 0.258713 0.965954 0
    outer loop
      vertex 19.0729 -2.85317 3
      vertex 19.3763 -2.93443 3
      vertex 19.3763 -2.93443 2.99999
    endloop
  endfacet
  facet normal 0.453977 0.891013 0
    outer loop
      vertex 18.7798 -2.74063 3
      vertex 18.5 -2.59807 2.99999
      vertex 18.5 -2.59807 3
    endloop
  endfacet
  facet normal 0.544431 0.838806 -0
    outer loop
      vertex 18.3265 -2.4854 0
      vertex 18.2366 -2.42705 3
      vertex 18.3265 -2.4854 3
    endloop
  endfacet
  facet normal 0.544431 0.838806 0
    outer loop
      vertex 18.2366 -2.42705 3
      vertex 18.3265 -2.4854 0
      vertex 18.2366 -2.42705 0
    endloop
  endfacet
  facet normal 0.544631 0.838675 0
    outer loop
      vertex 18.5 -2.59807 3
      vertex 18.5 -2.59807 2.99999
      vertex 18.3265 -2.4854 3
    endloop
  endfacet
  facet normal 0.629383 0.777095 -0
    outer loop
      vertex 18.2366 -2.42705 0
      vertex 17.9926 -2.22943 3
      vertex 18.2366 -2.42705 3
    endloop
  endfacet
  facet normal 0.629383 0.777095 0
    outer loop
      vertex 17.9926 -2.22943 3
      vertex 18.2366 -2.42705 0
      vertex 17.9926 -2.22943 0
    endloop
  endfacet
  facet normal 0.70717 0.707043 0
    outer loop
      vertex 17.9926 -2.22943 3
      vertex 17.7706 -2.00739 0
      vertex 17.7706 -2.00739 3
    endloop
  endfacet
  facet normal 0.70717 0.707043 0
    outer loop
      vertex 17.7706 -2.00739 0
      vertex 17.9926 -2.22943 3
      vertex 17.9926 -2.22943 0
    endloop
  endfacet
  facet normal 0.777021 0.629475 0
    outer loop
      vertex 17.7706 -2.00739 3
      vertex 17.5729 -1.76335 0
      vertex 17.5729 -1.76335 3
    endloop
  endfacet
  facet normal 0.777021 0.629475 0
    outer loop
      vertex 17.5729 -1.76335 0
      vertex 17.7706 -2.00739 3
      vertex 17.7706 -2.00739 0
    endloop
  endfacet
  facet normal 0.838702 0.544591 0
    outer loop
      vertex 17.5729 -1.76335 3
      vertex 17.4019 -1.5 0
      vertex 17.4019 -1.5 3
    endloop
  endfacet
  facet normal 0.838702 0.544591 0
    outer loop
      vertex 17.4019 -1.5 0
      vertex 17.5729 -1.76335 3
      vertex 17.5729 -1.76335 0
    endloop
  endfacet
  facet normal 0.891091 0.453826 0
    outer loop
      vertex 17.4019 -1.5 3
      vertex 17.2594 -1.2202 0
      vertex 17.2594 -1.2202 3
    endloop
  endfacet
  facet normal 0.891091 0.453826 0
    outer loop
      vertex 17.2594 -1.2202 0
      vertex 17.4019 -1.5 3
      vertex 17.4019 -1.5 0
    endloop
  endfacet
  facet normal 0.933506 0.358561 0
    outer loop
      vertex 17.2594 -1.2202 3
      vertex 17.1468 -0.927048 0
      vertex 17.1468 -0.927048 3
    endloop
  endfacet
  facet normal 0.933506 0.358561 0
    outer loop
      vertex 17.1468 -0.927048 0
      vertex 17.2594 -1.2202 3
      vertex 17.2594 -1.2202 0
    endloop
  endfacet
  facet normal 0.965984 0.258603 0
    outer loop
      vertex 17.1468 -0.927048 3
      vertex 17.0656 -0.623734 0
      vertex 17.0656 -0.623734 3
    endloop
  endfacet
  facet normal 0.965984 0.258603 0
    outer loop
      vertex 17.0656 -0.623734 0
      vertex 17.1468 -0.927048 3
      vertex 17.1468 -0.927048 0
    endloop
  endfacet
  facet normal 0.987639 0.156744 0
    outer loop
      vertex 17.0656 -0.623734 3
      vertex 17.0194 -0.332629 0
      vertex 17.0194 -0.332629 3
    endloop
  endfacet
  facet normal 0.987639 0.156744 0
    outer loop
      vertex 17.0194 -0.332629 0
      vertex 17.0656 -0.623734 3
      vertex 17.0656 -0.623734 0
    endloop
  endfacet
  facet normal 0 0 -1
    outer loop
      vertex 17.0194 -0.332629 3
      vertex 17.0164 -0.313585 3
      vertex 17.0164 -0.313583 3
    endloop
  endfacet
  facet normal 0.987639 -0.156744 0
    outer loop
      vertex 17.0194 0.332629 3
      vertex 17.0656 0.623734 0
      vertex 17.0656 0.623734 3
    endloop
  endfacet
  facet normal 0.987639 -0.156744 0
    outer loop
      vertex 17.0656 0.623734 0
      vertex 17.0194 0.332629 3
      vertex 17.0194 0.332629 0
    endloop
  endfacet
  facet normal 0 0 -1
    outer loop
      vertex 17.0164 0.313585 3
      vertex 17.0194 0.332629 3
      vertex 17.0164 0.313583 3
    endloop
  endfacet
  facet normal 0.965984 -0.258603 0
    outer loop
      vertex 17.0656 0.623734 3
      vertex 17.1468 0.927048 0
      vertex 17.1468 0.927048 3
    endloop
  endfacet
  facet normal 0.965984 -0.258603 0
    outer loop
      vertex 17.1468 0.927048 0
      vertex 17.0656 0.623734 3
      vertex 17.0656 0.623734 0
    endloop
  endfacet
  facet normal 0.933506 -0.358561 0
    outer loop
      vertex 17.1468 0.927048 3
      vertex 17.2594 1.2202 0
      vertex 17.2594 1.2202 3
    endloop
  endfacet
  facet normal 0.933506 -0.358561 0
    outer loop
      vertex 17.2594 1.2202 0
      vertex 17.1468 0.927048 3
      vertex 17.1468 0.927048 0
    endloop
  endfacet
  facet normal 0.891091 -0.453826 0
    outer loop
      vertex 17.2594 1.2202 3
      vertex 17.4019 1.5 0
      vertex 17.4019 1.5 3
    endloop
  endfacet
  facet normal 0.891091 -0.453826 0
    outer loop
      vertex 17.4019 1.5 0
      vertex 17.2594 1.2202 3
      vertex 17.2594 1.2202 0
    endloop
  endfacet
  facet normal 0.838702 -0.544591 0
    outer loop
      vertex 17.4019 1.5 3
      vertex 17.5729 1.76335 0
      vertex 17.5729 1.76335 3
    endloop
  endfacet
  facet normal 0.838702 -0.544591 0
    outer loop
      vertex 17.5729 1.76335 0
      vertex 17.4019 1.5 3
      vertex 17.4019 1.5 0
    endloop
  endfacet
  facet normal 0.777021 -0.629475 0
    outer loop
      vertex 17.5729 1.76335 3
      vertex 17.7706 2.00739 0
      vertex 17.7706 2.00739 3
    endloop
  endfacet
  facet normal 0.777021 -0.629475 0
    outer loop
      vertex 17.7706 2.00739 0
      vertex 17.5729 1.76335 3
      vertex 17.5729 1.76335 0
    endloop
  endfacet
  facet normal 0.70717 -0.707043 0
    outer loop
      vertex 17.7706 2.00739 3
      vertex 17.9926 2.22943 0
      vertex 17.9926 2.22943 3
    endloop
  endfacet
  facet normal 0.70717 -0.707043 0
    outer loop
      vertex 17.9926 2.22943 0
      vertex 17.7706 2.00739 3
      vertex 17.7706 2.00739 0
    endloop
  endfacet
  facet normal 0.629383 -0.777095 0
    outer loop
      vertex 17.9926 2.22943 0
      vertex 18.2366 2.42705 3
      vertex 17.9926 2.22943 3
    endloop
  endfacet
  facet normal 0.629383 -0.777095 0
    outer loop
      vertex 18.2366 2.42705 3
      vertex 17.9926 2.22943 0
      vertex 18.2366 2.42705 0
    endloop
  endfacet
  facet normal 0.544431 -0.838806 0
    outer loop
      vertex 18.2366 2.42705 0
      vertex 18.3265 2.4854 3
      vertex 18.2366 2.42705 3
    endloop
  endfacet
  facet normal 0.544431 -0.838806 0
    outer loop
      vertex 18.3265 2.4854 3
      vertex 18.2366 2.42705 0
      vertex 18.3265 2.4854 0
    endloop
  endfacet
  facet normal 0.544631 -0.838675 0
    outer loop
      vertex 18.5 2.59807 2.99999
      vertex 18.5 2.59807 3
      vertex 18.3265 2.4854 3
    endloop
  endfacet
  facet normal 0.453977 -0.891013 0
    outer loop
      vertex 18.5 2.59807 2.99999
      vertex 18.7798 2.74063 3
      vertex 18.5 2.59807 3
    endloop
  endfacet
  facet normal 0 0 -1
    outer loop
      vertex 19.0729 2.85316 3
      vertex 19.0729 2.85317 3
      vertex 19.3763 2.93443 3
    endloop
  endfacet
  facet normal 0.258713 -0.965954 0
    outer loop
      vertex 19.3763 2.93443 3
      vertex 19.0729 2.85317 3
      vertex 19.3763 2.93443 2.99999
    endloop
  endfacet
  facet normal 1 0 0
    outer loop
      vertex 19.3763 2.93444 2.99999
      vertex 19.3763 2.93443 3
      vertex 19.3763 2.93443 2.99999
    endloop
  endfacet
  facet normal 0.11131 -0.702713 -0.702713
    outer loop
      vertex 19.3763 2.93443 3
      vertex 19.3763 2.93444 2.99999
      vertex 19.6864 2.98355 3
    endloop
  endfacet
  facet normal 0.156419 -0.987691 0
    outer loop
      vertex 19.6864 2.98355 3
      vertex 19.3763 2.93444 2.99999
      vertex 19.6864 2.98355 2.99999
    endloop
  endfacet
  facet normal 0.0523833 -0.998627 0
    outer loop
      vertex 19.6864 2.98355 3
      vertex 19.6864 2.98355 2.99999
      vertex 20 3 3
    endloop
  endfacet
  facet normal -0.0523833 -0.998627 0
    outer loop
      vertex 20.3136 2.98355 2.99999
      vertex 20.3136 2.98355 3
      vertex 20 3 3
    endloop
  endfacet
  facet normal -0.15645 -0.987686 0
    outer loop
      vertex 20.3136 2.98355 3
      vertex 20.6237 2.93443 2.99999
      vertex 20.6237 2.93443 3
    endloop
  endfacet
  facet normal -0.15645 -0.987686 -0
    outer loop
      vertex 20.3136 2.98355 3
      vertex 20.3136 2.98355 2.99999
      vertex 20.6237 2.93443 2.99999
    endloop
  endfacet
  facet normal -0.258822 -0.965925 0
    outer loop
      vertex 20.6237 2.93443 3
      vertex 20.927 2.85316 2.99999
      vertex 20.927 2.85316 3
    endloop
  endfacet
  facet normal -0.258822 -0.965925 0
    outer loop
      vertex 20.927 2.85316 2.99999
      vertex 20.6237 2.93443 3
      vertex 20.6237 2.93443 2.99999
    endloop
  endfacet
  facet normal -0.358315 -0.933601 -0
    outer loop
      vertex 20.927 2.85316 3
      vertex 20.927 2.85316 2.99999
      vertex 21.2202 2.74063 3
    endloop
  endfacet
  facet normal -0.358315 -0.933601 -0
    outer loop
      vertex 21.2202 2.74063 3
      vertex 20.927 2.85316 2.99999
      vertex 21.2202 2.74063 2.99999
    endloop
  endfacet
  facet normal -0.453977 -0.891013 0
    outer loop
      vertex 21.2202 2.74063 2.99999
      vertex 21.5 2.59807 3
      vertex 21.2202 2.74063 3
    endloop
  endfacet
  facet normal -0.453977 -0.891013 -0
    outer loop
      vertex 21.5 2.59807 3
      vertex 21.2202 2.74063 2.99999
      vertex 21.5 2.59807 2.99999
    endloop
  endfacet
  facet normal -0.544563 -0.83872 0
    outer loop
      vertex 21.7634 2.42705 3
      vertex 21.5 2.59807 3
      vertex 21.5 2.59807 2.99999
    endloop
  endfacet
  facet normal -0.629383 -0.777095 -0
    outer loop
      vertex 22.0074 2.22943 3
      vertex 21.7634 2.42705 3
      vertex 22.0074 2.22943 2.99999
    endloop
  endfacet
  facet normal -0.70717 -0.707043 0
    outer loop
      vertex 22.2294 2.00739 2.99999
      vertex 22.0074 2.22943 3
      vertex 22.0074 2.22943 2.99999
    endloop
  endfacet
  facet normal -0.70717 -0.707043 0
    outer loop
      vertex 22.2294 2.00739 2.99999
      vertex 22.2294 2.00739 3
      vertex 22.0074 2.22943 3
    endloop
  endfacet
  facet normal -0.777177 -0.629283 0
    outer loop
      vertex 22.427 1.76335 3
      vertex 22.2294 2.00739 3
      vertex 22.2294 2.00739 2.99999
    endloop
  endfacet
  facet normal -0.838556 -0.544815 0
    outer loop
      vertex 22.427 1.76335 3
      vertex 22.5981 1.5 2.99999
      vertex 22.5981 1.5 3
    endloop
  endfacet
  facet normal -0.891084 -0.453838 0
    outer loop
      vertex 22.7406 1.22021 2.99999
      vertex 22.5981 1.5 3
      vertex 22.5981 1.5 2.99999
    endloop
  endfacet
  facet normal -1 0 0
    outer loop
      vertex 22.7406 1.2202 3
      vertex 22.7406 1.22021 2.99999
      vertex 22.7406 1.2202 2.99999
    endloop
  endfacet
  facet normal -0.811439 -0.41326 -0.41326
    outer loop
      vertex 22.7406 1.22021 2.99999
      vertex 22.7406 1.2202 3
      vertex 22.5981 1.5 3
    endloop
  endfacet
  facet normal -0.933506 -0.358562 0
    outer loop
      vertex 22.8532 0.927049 2.99999
      vertex 22.7406 1.2202 3
      vertex 22.7406 1.2202 2.99999
    endloop
  endfacet
  facet normal -1 0 0
    outer loop
      vertex 22.8532 0.927049 2.99999
      vertex 22.8532 0.927048 2.99999
      vertex 22.8532 0.927048 3
    endloop
  endfacet
  facet normal -0.932907 -0.358331 -0.0358331
    outer loop
      vertex 22.8532 0.927049 2.99999
      vertex 22.8532 0.927048 3
      vertex 22.7406 1.2202 3
    endloop
  endfacet
  facet normal -0.965984 -0.258603 0
    outer loop
      vertex 22.9344 0.623734 2.99999
      vertex 22.8532 0.927048 3
      vertex 22.8532 0.927048 2.99999
    endloop
  endfacet
  facet normal -0.965984 -0.258603 0
    outer loop
      vertex 22.8532 0.927048 3
      vertex 22.9344 0.623734 2.99999
      vertex 22.9344 0.623734 3
    endloop
  endfacet
  facet normal -1 0 0
    outer loop
      vertex 22.9344 0.623733 2.99999
      vertex 22.9344 0.623734 3
      vertex 22.9344 0.623734 2.99999
    endloop
  endfacet
  facet normal -1 0 0
    outer loop
      vertex 22.9344 0.623731 2.99999
      vertex 22.9344 0.623734 3
      vertex 22.9344 0.623733 2.99999
    endloop
  endfacet
  facet normal -0.987529 -0.156656 -0.0156656
    outer loop
      vertex 22.9836 0.313583 3
      vertex 22.9344 0.623731 2.99999
      vertex 22.9836 0.313584 2.99999
    endloop
  endfacet
  facet normal -1 0 0
    outer loop
      vertex 22.9836 0.313583 3
      vertex 22.9836 0.313584 2.99999
      vertex 22.9836 0.313583 2.99999
    endloop
  endfacet
  facet normal -0.986561 -0.156501 0.0469502
    outer loop
      vertex 22.9344 0.623731 2.99999
      vertex 22.9836 0.313583 3
      vertex 22.9344 0.623734 3
    endloop
  endfacet
  facet normal -1 0 0
    outer loop
      vertex 22.9836 0.313582 2.99999
      vertex 22.9836 0.313583 3
      vertex 22.9836 0.313583 2.99999
    endloop
  endfacet
  facet normal -0.998622 -0.0522267 0.00522267
    outer loop
      vertex 22.9836 0.313583 3
      vertex 22.9836 0.313582 2.99999
      vertex 23 0 3
    endloop
  endfacet
  facet normal -0.998635 0.0522274 0
    outer loop
      vertex 22.9836 -0.313583 3
      vertex 23 0 3
      vertex 22.9836 -0.313583 2.99999
    endloop
  endfacet
  facet normal 0 0 0
    outer loop
      vertex 22.9836 -0.313586 2.99999
      vertex 22.9836 -0.313583 2.99999
      vertex 22.9836 -0.313584 2.99999
    endloop
  endfacet
  facet normal -1 0 0
    outer loop
      vertex 22.9836 -0.313583 2.99999
      vertex 22.9836 -0.313586 2.99999
      vertex 22.9836 -0.313583 3
    endloop
  endfacet
  facet normal -0.987529 0.156656 0.0156656
    outer loop
      vertex 22.9344 -0.623734 3
      vertex 22.9836 -0.313586 2.99999
      vertex 22.9344 -0.623733 2.99999
    endloop
  endfacet
  facet normal -1 0 0
    outer loop
      vertex 22.9344 -0.623734 3
      vertex 22.9344 -0.623733 2.99999
      vertex 22.9344 -0.623734 2.99999
    endloop
  endfacet
  facet normal -0.986561 0.156501 -0.0469502
    outer loop
      vertex 22.9836 -0.313586 2.99999
      vertex 22.9344 -0.623734 3
      vertex 22.9836 -0.313583 3
    endloop
  endfacet
  facet normal -0.965984 0.258603 0
    outer loop
      vertex 22.8532 -0.927048 3
      vertex 22.9344 -0.623734 2.99999
      vertex 22.8532 -0.927048 2.99999
    endloop
  endfacet
  facet normal -0.965984 0.258603 0
    outer loop
      vertex 22.9344 -0.623734 2.99999
      vertex 22.8532 -0.927048 3
      vertex 22.9344 -0.623734 3
    endloop
  endfacet
  facet normal -1 0 0
    outer loop
      vertex 22.8532 -0.927049 2.99999
      vertex 22.8532 -0.927048 3
      vertex 22.8532 -0.927048 2.99999
    endloop
  endfacet
  facet normal -1 0 0
    outer loop
      vertex 22.8532 -0.92705 2.99999
      vertex 22.8532 -0.927048 3
      vertex 22.8532 -0.927049 2.99999
    endloop
  endfacet
  facet normal -0.933506 0.358563 0
    outer loop
      vertex 22.7406 -1.2202 3
      vertex 22.8532 -0.92705 2.99999
      vertex 22.7406 -1.2202 2.99999
    endloop
  endfacet
  facet normal -0.931115 0.357642 -0.0715285
    outer loop
      vertex 22.8532 -0.92705 2.99999
      vertex 22.7406 -1.2202 3
      vertex 22.8532 -0.927048 3
    endloop
  endfacet
  facet normal -1 0 0
    outer loop
      vertex 22.7406 -1.22021 2.99999
      vertex 22.7406 -1.2202 3
      vertex 22.7406 -1.2202 2.99999
    endloop
  endfacet
  facet normal -0.891084 0.453838 0
    outer loop
      vertex 22.5981 -1.5 3
      vertex 22.7406 -1.22021 2.99999
      vertex 22.5981 -1.5 2.99999
    endloop
  endfacet
  facet normal -0.811439 0.41326 -0.41326
    outer loop
      vertex 22.7406 -1.22021 2.99999
      vertex 22.5981 -1.5 3
      vertex 22.7406 -1.2202 3
    endloop
  endfacet
  facet normal -0.838556 0.544815 0
    outer loop
      vertex 22.427 -1.76335 3
      vertex 22.5981 -1.5 3
      vertex 22.5981 -1.5 2.99999
    endloop
  endfacet
  facet normal -0.777177 0.629283 0
    outer loop
      vertex 22.2294 -2.00739 3
      vertex 22.427 -1.76335 3
      vertex 22.2294 -2.00739 2.99999
    endloop
  endfacet
  facet normal -0.70717 0.707043 0
    outer loop
      vertex 22.0074 -2.22943 2.99999
      vertex 22.2294 -2.00739 3
      vertex 22.2294 -2.00739 2.99999
    endloop
  endfacet
  facet normal -0.70717 0.707043 0
    outer loop
      vertex 22.0074 -2.22943 2.99999
      vertex 22.0074 -2.22943 3
      vertex 22.2294 -2.00739 3
    endloop
  endfacet
  facet normal -0.629383 0.777095 0
    outer loop
      vertex 21.7634 -2.42705 3
      vertex 22.0074 -2.22943 3
      vertex 22.0074 -2.22943 2.99999
    endloop
  endfacet
  facet normal -0.544563 0.83872 0
    outer loop
      vertex 21.5 -2.59807 3
      vertex 21.7634 -2.42705 3
      vertex 21.5 -2.59807 2.99999
    endloop
  endfacet
  facet normal -0.453977 0.891013 0
    outer loop
      vertex 21.2202 -2.74063 2.99999
      vertex 21.5 -2.59807 3
      vertex 21.5 -2.59807 2.99999
    endloop
  endfacet
  facet normal -0.453977 0.891013 0
    outer loop
      vertex 21.5 -2.59807 3
      vertex 21.2202 -2.74063 2.99999
      vertex 21.2202 -2.74063 3
    endloop
  endfacet
  facet normal -0.358315 0.933601 0
    outer loop
      vertex 20.927 -2.85316 2.99999
      vertex 20.927 -2.85316 3
      vertex 21.2202 -2.74063 3
    endloop
  endfacet
  facet normal -0.358315 0.933601 0
    outer loop
      vertex 20.927 -2.85316 2.99999
      vertex 21.2202 -2.74063 3
      vertex 21.2202 -2.74063 2.99999
    endloop
  endfacet
  facet normal -0.258822 0.965925 0
    outer loop
      vertex 20.927 -2.85316 2.99999
      vertex 20.6237 -2.93443 3
      vertex 20.927 -2.85316 3
    endloop
  endfacet
  facet normal -0.258822 0.965925 0
    outer loop
      vertex 20.6237 -2.93443 3
      vertex 20.927 -2.85316 2.99999
      vertex 20.6237 -2.93443 2.99999
    endloop
  endfacet
  facet normal -0.15645 0.987686 0
    outer loop
      vertex 20.6237 -2.93443 3
      vertex 20.6237 -2.93443 2.99999
      vertex 20.3136 -2.98355 3
    endloop
  endfacet
  facet normal -0.15645 0.987686 0
    outer loop
      vertex 20.6237 -2.93443 2.99999
      vertex 20.3136 -2.98355 2.99999
      vertex 20.3136 -2.98355 3
    endloop
  endfacet
  facet normal -0.0523833 0.998627 0
    outer loop
      vertex 20.3136 -2.98355 3
      vertex 20.3136 -2.98355 2.99999
      vertex 20 -3 3
    endloop
  endfacet
  facet normal 0.0523833 0.998627 -0
    outer loop
      vertex 19.6864 -2.98355 2.99999
      vertex 19.6864 -2.98355 3
      vertex 20 -3 3
    endloop
  endfacet
  facet normal 0 0 1
    outer loop
      vertex 11.6 24 4
      vertex 14 21.6 4
      vertex 13.9869 21.8509 4
    endloop
  endfacet
  facet normal 0 0 1
    outer loop
      vertex 14 21.6 4
      vertex 12.2336 8.59641 4
      vertex 14 -21.6 4
    endloop
  endfacet
  facet normal 0 0 1
    outer loop
      vertex 11.6 24 4
      vertex 13.9869 21.8509 4
      vertex 13.9476 22.099 4
    endloop
  endfacet
  facet normal -0 0 1
    outer loop
      vertex 12.1844 8.28625 4
      vertex 14 -21.6 4
      vertex 12.2336 8.59641 4
    endloop
  endfacet
  facet normal 0 0 1
    outer loop
      vertex 11.6 24 4
      vertex 13.9476 22.099 4
      vertex 13.8825 22.3416 4
    endloop
  endfacet
  facet normal -0 0 1
    outer loop
      vertex 12.1032 7.98294 4
      vertex 14 -21.6 4
      vertex 12.1844 8.28625 4
    endloop
  endfacet
  facet normal 0 0 1
    outer loop
      vertex 11.6 24 4
      vertex 13.8825 22.3416 4
      vertex 13.7925 22.5762 4
    endloop
  endfacet
  facet normal -0 0 1
    outer loop
      vertex 11.9906 7.68979 4
      vertex 14 -21.6 4
      vertex 12.1032 7.98294 4
    endloop
  endfacet
  facet normal 0 0 1
    outer loop
      vertex 11.6 24 4
      vertex 13.7925 22.5762 4
      vertex 13.6785 22.8 4
    endloop
  endfacet
  facet normal 0 0 1
    outer loop
      vertex 14 21.6 4
      vertex 12.25 8.90999 4
      vertex 12.2336 8.59641 4
    endloop
  endfacet
  facet normal 0 0 1
    outer loop
      vertex 11.6 24 4
      vertex 13.6785 22.8 4
      vertex 13.5416 23.0107 4
    endloop
  endfacet
  facet normal -0 0 1
    outer loop
      vertex 11.8481 7.40999 4
      vertex 14 -21.6 4
      vertex 11.9906 7.68979 4
    endloop
  endfacet
  facet normal 0 0 1
    outer loop
      vertex 11.6 24 4
      vertex 13.5416 23.0107 4
      vertex 13.3836 23.2059 4
    endloop
  endfacet
  facet normal -0 0 1
    outer loop
      vertex 11.677 7.14664 4
      vertex 14 -21.6 4
      vertex 11.8481 7.40999 4
    endloop
  endfacet
  facet normal 0 0 1
    outer loop
      vertex 11.6 24 4
      vertex 13.3836 23.2059 4
      vertex 13.2059 23.3836 4
    endloop
  endfacet
  facet normal -0 0 1
    outer loop
      vertex 11.4794 6.9026 4
      vertex 14 -21.6 4
      vertex 11.677 7.14664 4
    endloop
  endfacet
  facet normal 0 0 1
    outer loop
      vertex 11.6 24 4
      vertex 13.2059 23.3836 4
      vertex 13.0107 23.5416 4
    endloop
  endfacet
  facet normal -0 0 1
    outer loop
      vertex 11.2574 6.68056 4
      vertex 14 -21.6 4
      vertex 11.4794 6.9026 4
    endloop
  endfacet
  facet normal 0 0 1
    outer loop
      vertex 11.6 24 4
      vertex 13.0107 23.5416 4
      vertex 12.8 23.6785 4
    endloop
  endfacet
  facet normal -0 0 1
    outer loop
      vertex 11.0134 6.48294 4
      vertex 14 -21.6 4
      vertex 11.2574 6.68056 4
    endloop
  endfacet
  facet normal 0 0 1
    outer loop
      vertex 11.6 24 4
      vertex 12.8 23.6785 4
      vertex 12.5762 23.7925 4
    endloop
  endfacet
  facet normal -0 0 1
    outer loop
      vertex 10.75 6.31192 4
      vertex 14 -21.6 4
      vertex 11.0134 6.48294 4
    endloop
  endfacet
  facet normal 0 0 1
    outer loop
      vertex 11.6 24 4
      vertex 12.5762 23.7925 4
      vertex 12.3416 23.8825 4
    endloop
  endfacet
  facet normal 0 0 1
    outer loop
      vertex 14 21.6 4
      vertex 12.25 16.5 4
      vertex 12.25 8.90999 4
    endloop
  endfacet
  facet normal -0 0 1
    outer loop
      vertex 10.4702 6.16936 4
      vertex 14 -21.6 4
      vertex 10.75 6.31192 4
    endloop
  endfacet
  facet normal 0 0 1
    outer loop
      vertex 14 21.6 4
      vertex 12.1927 16.7323 4
      vertex 12.25 16.5 4
    endloop
  endfacet
  facet normal 0 0 1
    outer loop
      vertex 11.6 24 4
      vertex 12.3416 23.8825 4
      vertex 12.099 23.9476 4
    endloop
  endfacet
  facet normal 0 0 1
    outer loop
      vertex 14 21.6 4
      vertex 12.034 16.9115 4
      vertex 12.1927 16.7323 4
    endloop
  endfacet
  facet normal 0 0 1
    outer loop
      vertex 11.6 24 4
      vertex 12.099 23.9476 4
      vertex 11.8509 23.9869 4
    endloop
  endfacet
  facet normal 0 0 1
    outer loop
      vertex 14 21.6 4
      vertex 11.6 24 4
      vertex 12.034 16.9115 4
    endloop
  endfacet
  facet normal 0 0 1
    outer loop
      vertex 11.6 24 4
      vertex 6.78403 22.1615 4
      vertex 12.034 16.9115 4
    endloop
  endfacet
  facet normal 0 0 1
    outer loop
      vertex 11.6 24 4
      vertex 6.56026 22.2463 4
      vertex 6.78403 22.1615 4
    endloop
  endfacet
  facet normal 0 0 1
    outer loop
      vertex 11.6 24 4
      vertex -6.43973 22.2463 4
      vertex 6.56026 22.2463 4
    endloop
  endfacet
  facet normal -0 0 1
    outer loop
      vertex -11.6 24 4
      vertex -6.43973 22.2463 4
      vertex 11.6 24 4
    endloop
  endfacet
  facet normal 0 0 1
    outer loop
      vertex -11.6 24 4
      vertex -6.67729 22.2175 4
      vertex -6.43973 22.2463 4
    endloop
  endfacet
  facet normal 0 0 1
    outer loop
      vertex -11.6 24 4
      vertex -6.87425 22.0815 4
      vertex -6.67729 22.2175 4
    endloop
  endfacet
  facet normal 0 0 1
    outer loop
      vertex -14 21.6 4
      vertex -11.6 24 4
      vertex -11.8509 23.9869 4
    endloop
  endfacet
  facet normal 0 0 1
    outer loop
      vertex -14 21.6 4
      vertex -11.8509 23.9869 4
      vertex -12.099 23.9476 4
    endloop
  endfacet
  facet normal 0 0 1
    outer loop
      vertex -11.6 24 4
      vertex -14 21.6 4
      vertex -6.87425 22.0815 4
    endloop
  endfacet
  facet normal 0 0 1
    outer loop
      vertex -6.87425 22.0815 4
      vertex -14 21.6 4
      vertex -12.1243 16.8315 4
    endloop
  endfacet
  facet normal 0 0 1
    outer loop
      vertex -12.1243 16.8315 4
      vertex -14 21.6 4
      vertex -12.2355 16.6196 4
    endloop
  endfacet
  facet normal 0 0 1
    outer loop
      vertex -14 21.6 4
      vertex -12.099 23.9476 4
      vertex -12.3416 23.8825 4
    endloop
  endfacet
  facet normal -0 0 1
    outer loop
      vertex 10.177 6.05682 4
      vertex 14 -21.6 4
      vertex 10.4702 6.16936 4
    endloop
  endfacet
  facet normal -0 0 1
    outer loop
      vertex 9.87373 5.97556 4
      vertex 14 -21.6 4
      vertex 10.177 6.05682 4
    endloop
  endfacet
  facet normal -0 0 1
    outer loop
      vertex 9.56358 5.92642 4
      vertex 14 -21.6 4
      vertex 9.87373 5.97556 4
    endloop
  endfacet
  facet normal -0 0 1
    outer loop
      vertex 9.25 5.90999 4
      vertex 14 -21.6 4
      vertex 9.56358 5.92642 4
    endloop
  endfacet
  facet normal 0 -0 1
    outer loop
      vertex 11.6 -24 4
      vertex 14 -21.6 4
      vertex 9.25 5.90999 4
    endloop
  endfacet
  facet normal 0 0 1
    outer loop
      vertex 14 -21.6 4
      vertex 11.6 -24 4
      vertex 13.9869 -21.8509 4
    endloop
  endfacet
  facet normal 0 0 1
    outer loop
      vertex 13.9869 -21.8509 4
      vertex 11.6 -24 4
      vertex 13.9476 -22.099 4
    endloop
  endfacet
  facet normal 0 0 1
    outer loop
      vertex 13.9476 -22.099 4
      vertex 11.6 -24 4
      vertex 13.8825 -22.3416 4
    endloop
  endfacet
  facet normal 0 0 1
    outer loop
      vertex 13.8825 -22.3416 4
      vertex 11.6 -24 4
      vertex 13.7925 -22.5762 4
    endloop
  endfacet
  facet normal 0 0 1
    outer loop
      vertex 13.7925 -22.5762 4
      vertex 11.6 -24 4
      vertex 13.6785 -22.8 4
    endloop
  endfacet
  facet normal 0 0 1
    outer loop
      vertex 13.6785 -22.8 4
      vertex 11.6 -24 4
      vertex 13.5416 -23.0107 4
    endloop
  endfacet
  facet normal 0 0 1
    outer loop
      vertex 13.5416 -23.0107 4
      vertex 11.6 -24 4
      vertex 13.3836 -23.2059 4
    endloop
  endfacet
  facet normal 0 0 1
    outer loop
      vertex 13.3836 -23.2059 4
      vertex 11.6 -24 4
      vertex 13.2059 -23.3836 4
    endloop
  endfacet
  facet normal 0 0 1
    outer loop
      vertex 13.2059 -23.3836 4
      vertex 11.6 -24 4
      vertex 13.0107 -23.5416 4
    endloop
  endfacet
  facet normal 0 0 1
    outer loop
      vertex 13.0107 -23.5416 4
      vertex 11.6 -24 4
      vertex 12.8 -23.6785 4
    endloop
  endfacet
  facet normal 0 0 1
    outer loop
      vertex 12.8 -23.6785 4
      vertex 11.6 -24 4
      vertex 12.5762 -23.7925 4
    endloop
  endfacet
  facet normal 0 0 1
    outer loop
      vertex 12.3416 -23.8825 4
      vertex 11.6 -24 4
      vertex 12.099 -23.9476 4
    endloop
  endfacet
  facet normal 0 0 1
    outer loop
      vertex 12.099 -23.9476 4
      vertex 11.6 -24 4
      vertex 11.8509 -23.9869 4
    endloop
  endfacet
  facet normal 0 0 1
    outer loop
      vertex 12.5762 -23.7925 4
      vertex 11.6 -24 4
      vertex 12.3416 -23.8825 4
    endloop
  endfacet
  facet normal -0 0 1
    outer loop
      vertex -9.25 5.90999 4
      vertex 11.6 -24 4
      vertex 9.25 5.90999 4
    endloop
  endfacet
  facet normal 0 0 1
    outer loop
      vertex -14 -21.6 4
      vertex -9.25 5.90999 4
      vertex -9.56358 5.92642 4
    endloop
  endfacet
  facet normal 0 0 1
    outer loop
      vertex -14 -21.6 4
      vertex -9.56358 5.92642 4
      vertex -9.87373 5.97556 4
    endloop
  endfacet
  facet normal 0 0 1
    outer loop
      vertex -14 -21.6 4
      vertex -9.87373 5.97556 4
      vertex -10.177 6.05682 4
    endloop
  endfacet
  facet normal 0 0 1
    outer loop
      vertex -14 -21.6 4
      vertex -10.177 6.05682 4
      vertex -10.4702 6.16936 4
    endloop
  endfacet
  facet normal 0 0 1
    outer loop
      vertex -14 -21.6 4
      vertex -10.4702 6.16936 4
      vertex -10.75 6.31192 4
    endloop
  endfacet
  facet normal 0 0 1
    outer loop
      vertex -14 -21.6 4
      vertex -10.75 6.31192 4
      vertex -11.0134 6.48294 4
    endloop
  endfacet
  facet normal 0 0 1
    outer loop
      vertex -14 -21.6 4
      vertex -11.0134 6.48294 4
      vertex -11.2574 6.68056 4
    endloop
  endfacet
  facet normal 0 0 1
    outer loop
      vertex -14 -21.6 4
      vertex -11.2574 6.68056 4
      vertex -11.4794 6.9026 4
    endloop
  endfacet
  facet normal 0 0 1
    outer loop
      vertex -9.25 5.90999 4
      vertex -14 -21.6 4
      vertex 11.6 -24 4
    endloop
  endfacet
  facet normal 0 0 1
    outer loop
      vertex -14 -21.6 4
      vertex -11.4794 6.9026 4
      vertex -11.677 7.14664 4
    endloop
  endfacet
  facet normal 0 0 1
    outer loop
      vertex -14 -21.6 4
      vertex -11.677 7.14664 4
      vertex -11.8481 7.40999 4
    endloop
  endfacet
  facet normal 0 0 1
    outer loop
      vertex 11.6 -24 4
      vertex -14 -21.6 4
      vertex -11.6 -24 4
    endloop
  endfacet
  facet normal 0 0 1
    outer loop
      vertex -14 -21.6 4
      vertex -11.8481 7.40999 4
      vertex -11.9906 7.68979 4
    endloop
  endfacet
  facet normal 0 0 1
    outer loop
      vertex -11.6 -24 4
      vertex -14 -21.6 4
      vertex -11.8509 -23.9869 4
    endloop
  endfacet
  facet normal 0 0 1
    outer loop
      vertex -14 -21.6 4
      vertex -11.9906 7.68979 4
      vertex -12.1032 7.98294 4
    endloop
  endfacet
  facet normal 0 0 1
    outer loop
      vertex -14 -21.6 4
      vertex -12.1032 7.98294 4
      vertex -12.1844 8.28625 4
    endloop
  endfacet
  facet normal 0 0 1
    outer loop
      vertex -14 -21.6 4
      vertex -12.1844 8.28625 4
      vertex -12.2336 8.59641 4
    endloop
  endfacet
  facet normal 0 0 1
    outer loop
      vertex -14 21.6 4
      vertex -12.2336 8.59641 4
      vertex -12.25 8.90999 4
    endloop
  endfacet
  facet normal 0 0 1
    outer loop
      vertex -12.2355 16.6196 4
      vertex -14 21.6 4
      vertex -12.25 8.90999 4
    endloop
  endfacet
  facet normal 0 0 1
    outer loop
      vertex -12.2336 8.59641 4
      vertex -14 21.6 4
      vertex -14 -21.6 4
    endloop
  endfacet
  facet normal 0 0 1
    outer loop
      vertex -14 21.6 4
      vertex -12.3416 23.8825 4
      vertex -12.5762 23.7925 4
    endloop
  endfacet
  facet normal 0 0 1
    outer loop
      vertex -11.8509 -23.9869 4
      vertex -14 -21.6 4
      vertex -12.099 -23.9476 4
    endloop
  endfacet
  facet normal 0 0 1
    outer loop
      vertex -14 21.6 4
      vertex -12.5762 23.7925 4
      vertex -12.8 23.6785 4
    endloop
  endfacet
  facet normal 0 0 1
    outer loop
      vertex -12.099 -23.9476 4
      vertex -14 -21.6 4
      vertex -12.3416 -23.8825 4
    endloop
  endfacet
  facet normal 0 0 1
    outer loop
      vertex -14 21.6 4
      vertex -12.8 23.6785 4
      vertex -13.0107 23.5416 4
    endloop
  endfacet
  facet normal 0 0 1
    outer loop
      vertex -12.3416 -23.8825 4
      vertex -14 -21.6 4
      vertex -12.5762 -23.7925 4
    endloop
  endfacet
  facet normal 0 0 1
    outer loop
      vertex -14 21.6 4
      vertex -13.0107 23.5416 4
      vertex -13.2059 23.3836 4
    endloop
  endfacet
  facet normal 0 0 1
    outer loop
      vertex -12.5762 -23.7925 4
      vertex -14 -21.6 4
      vertex -12.8 -23.6785 4
    endloop
  endfacet
  facet normal 0 0 1
    outer loop
      vertex -14 21.6 4
      vertex -13.2059 23.3836 4
      vertex -13.3836 23.2059 4
    endloop
  endfacet
  facet normal 0 0 1
    outer loop
      vertex -12.8 -23.6785 4
      vertex -14 -21.6 4
      vertex -13.0107 -23.5416 4
    endloop
  endfacet
  facet normal 0 0 1
    outer loop
      vertex -14 21.6 4
      vertex -13.3836 23.2059 4
      vertex -13.5416 23.0107 4
    endloop
  endfacet
  facet normal 0 0 1
    outer loop
      vertex -13.0107 -23.5416 4
      vertex -14 -21.6 4
      vertex -13.2059 -23.3836 4
    endloop
  endfacet
  facet normal 0 0 1
    outer loop
      vertex -14 21.6 4
      vertex -13.5416 23.0107 4
      vertex -13.6785 22.8 4
    endloop
  endfacet
  facet normal 0 0 1
    outer loop
      vertex -13.2059 -23.3836 4
      vertex -14 -21.6 4
      vertex -13.3836 -23.2059 4
    endloop
  endfacet
  facet normal 0 0 1
    outer loop
      vertex -14 21.6 4
      vertex -13.6785 22.8 4
      vertex -13.7925 22.5762 4
    endloop
  endfacet
  facet normal 0 0 1
    outer loop
      vertex -13.3836 -23.2059 4
      vertex -14 -21.6 4
      vertex -13.5416 -23.0107 4
    endloop
  endfacet
  facet normal 0 0 1
    outer loop
      vertex -14 21.6 4
      vertex -13.7925 22.5762 4
      vertex -13.8825 22.3416 4
    endloop
  endfacet
  facet normal 0 0 1
    outer loop
      vertex -13.5416 -23.0107 4
      vertex -14 -21.6 4
      vertex -13.6785 -22.8 4
    endloop
  endfacet
  facet normal 0 0 1
    outer loop
      vertex -14 21.6 4
      vertex -13.8825 22.3416 4
      vertex -13.9476 22.099 4
    endloop
  endfacet
  facet normal 0 0 1
    outer loop
      vertex -13.6785 -22.8 4
      vertex -14 -21.6 4
      vertex -13.7925 -22.5762 4
    endloop
  endfacet
  facet normal 0 0 1
    outer loop
      vertex -14 21.6 4
      vertex -13.9476 22.099 4
      vertex -13.9869 21.8509 4
    endloop
  endfacet
  facet normal 0 0 1
    outer loop
      vertex -13.7925 -22.5762 4
      vertex -14 -21.6 4
      vertex -13.8825 -22.3416 4
    endloop
  endfacet
  facet normal 0 0 1
    outer loop
      vertex -13.8825 -22.3416 4
      vertex -14 -21.6 4
      vertex -13.9476 -22.099 4
    endloop
  endfacet
  facet normal 0 0 1
    outer loop
      vertex -13.9476 -22.099 4
      vertex -14 -21.6 4
      vertex -13.9869 -21.8509 4
    endloop
  endfacet
  facet normal 0.156453 -0.987685 0
    outer loop
      vertex 11.8509 -23.9869 3
      vertex 12.099 -23.9476 4
      vertex 11.8509 -23.9869 4
    endloop
  endfacet
  facet normal 0.156453 -0.987685 0
    outer loop
      vertex 12.099 -23.9476 4
      vertex 11.8509 -23.9869 3
      vertex 12.099 -23.9476 3
    endloop
  endfacet
  facet normal 0.259174 -0.965831 0
    outer loop
      vertex 12.099 -23.9476 3
      vertex 12.3416 -23.8825 4
      vertex 12.099 -23.9476 4
    endloop
  endfacet
  facet normal 0.259174 -0.965831 0
    outer loop
      vertex 12.3416 -23.8825 4
      vertex 12.099 -23.9476 3
      vertex 12.3416 -23.8825 3
    endloop
  endfacet
  facet normal 0.358179 -0.933653 0
    outer loop
      vertex 12.3416 -23.8825 3
      vertex 12.5762 -23.7925 4
      vertex 12.3416 -23.8825 4
    endloop
  endfacet
  facet normal 0.358179 -0.933653 0
    outer loop
      vertex 12.5762 -23.7925 4
      vertex 12.3416 -23.8825 3
      vertex 12.5762 -23.7925 3
    endloop
  endfacet
  facet normal 0.45389 -0.891058 0
    outer loop
      vertex 12.5762 -23.7925 3
      vertex 12.8 -23.6785 4
      vertex 12.5762 -23.7925 4
    endloop
  endfacet
  facet normal 0.45389 -0.891058 0
    outer loop
      vertex 12.8 -23.6785 4
      vertex 12.5762 -23.7925 3
      vertex 12.8 -23.6785 3
    endloop
  endfacet
  facet normal 0.544834 -0.838544 0
    outer loop
      vertex 12.8 -23.6785 3
      vertex 13.0107 -23.5416 4
      vertex 12.8 -23.6785 4
    endloop
  endfacet
  facet normal 0.544834 -0.838544 0
    outer loop
      vertex 13.0107 -23.5416 4
      vertex 12.8 -23.6785 3
      vertex 13.0107 -23.5416 3
    endloop
  endfacet
  facet normal 0.629152 -0.777282 0
    outer loop
      vertex 13.0107 -23.5416 3
      vertex 13.2059 -23.3836 4
      vertex 13.0107 -23.5416 4
    endloop
  endfacet
  facet normal 0.629152 -0.777282 0
    outer loop
      vertex 13.2059 -23.3836 4
      vertex 13.0107 -23.5416 3
      vertex 13.2059 -23.3836 3
    endloop
  endfacet
  facet normal 0.707107 -0.707107 0
    outer loop
      vertex 13.2059 -23.3836 4
      vertex 13.3836 -23.2059 3
      vertex 13.3836 -23.2059 4
    endloop
  endfacet
  facet normal 0.707107 -0.707107 0
    outer loop
      vertex 13.3836 -23.2059 3
      vertex 13.2059 -23.3836 4
      vertex 13.2059 -23.3836 3
    endloop
  endfacet
  facet normal 0.777282 -0.629152 0
    outer loop
      vertex 13.3836 -23.2059 4
      vertex 13.5416 -23.0107 3
      vertex 13.5416 -23.0107 4
    endloop
  endfacet
  facet normal 0.777282 -0.629152 0
    outer loop
      vertex 13.5416 -23.0107 3
      vertex 13.3836 -23.2059 4
      vertex 13.3836 -23.2059 3
    endloop
  endfacet
  facet normal 0.838544 -0.544834 0
    outer loop
      vertex 13.5416 -23.0107 4
      vertex 13.6785 -22.8 3
      vertex 13.6785 -22.8 4
    endloop
  endfacet
  facet normal 0.838544 -0.544834 0
    outer loop
      vertex 13.6785 -22.8 3
      vertex 13.5416 -23.0107 4
      vertex 13.5416 -23.0107 3
    endloop
  endfacet
  facet normal 0.891058 -0.45389 0
    outer loop
      vertex 13.6785 -22.8 4
      vertex 13.7925 -22.5762 3
      vertex 13.7925 -22.5762 4
    endloop
  endfacet
  facet normal 0.891058 -0.45389 0
    outer loop
      vertex 13.7925 -22.5762 3
      vertex 13.6785 -22.8 4
      vertex 13.6785 -22.8 3
    endloop
  endfacet
  facet normal 0.933653 -0.358179 0
    outer loop
      vertex 13.7925 -22.5762 4
      vertex 13.8825 -22.3416 3
      vertex 13.8825 -22.3416 4
    endloop
  endfacet
  facet normal 0.933653 -0.358179 0
    outer loop
      vertex 13.8825 -22.3416 3
      vertex 13.7925 -22.5762 4
      vertex 13.7925 -22.5762 3
    endloop
  endfacet
  facet normal 0.965831 -0.259174 0
    outer loop
      vertex 13.8825 -22.3416 4
      vertex 13.9476 -22.099 3
      vertex 13.9476 -22.099 4
    endloop
  endfacet
  facet normal 0.965831 -0.259174 0
    outer loop
      vertex 13.9476 -22.099 3
      vertex 13.8825 -22.3416 4
      vertex 13.8825 -22.3416 3
    endloop
  endfacet
  facet normal 0.987685 -0.156453 0
    outer loop
      vertex 13.9476 -22.099 4
      vertex 13.9869 -21.8509 3
      vertex 13.9869 -21.8509 4
    endloop
  endfacet
  facet normal 0.987685 -0.156453 0
    outer loop
      vertex 13.9869 -21.8509 3
      vertex 13.9476 -22.099 4
      vertex 13.9476 -22.099 3
    endloop
  endfacet
  facet normal 0.99864 -0.052141 0
    outer loop
      vertex 13.9869 -21.8509 4
      vertex 14 -21.6 3
      vertex 14 -21.6 4
    endloop
  endfacet
  facet normal 0.99864 -0.052141 0
    outer loop
      vertex 14 -21.6 3
      vertex 13.9869 -21.8509 4
      vertex 13.9869 -21.8509 3
    endloop
  endfacet
  facet normal 1 -0 0
    outer loop
      vertex 14 -21.6 4
      vertex 14 21.6 3
      vertex 14 21.6 4
    endloop
  endfacet
  facet normal 1 0 0
    outer loop
      vertex 14 21.6 3
      vertex 14 -21.6 4
      vertex 14 -21.6 3
    endloop
  endfacet
  facet normal 0.99864 0.052141 0
    outer loop
      vertex 14 21.6 4
      vertex 13.9869 21.8509 3
      vertex 13.9869 21.8509 4
    endloop
  endfacet
  facet normal 0.99864 0.052141 0
    outer loop
      vertex 13.9869 21.8509 3
      vertex 14 21.6 4
      vertex 14 21.6 3
    endloop
  endfacet
  facet normal 0.987685 0.156453 0
    outer loop
      vertex 13.9869 21.8509 4
      vertex 13.9476 22.099 3
      vertex 13.9476 22.099 4
    endloop
  endfacet
  facet normal 0.987685 0.156453 0
    outer loop
      vertex 13.9476 22.099 3
      vertex 13.9869 21.8509 4
      vertex 13.9869 21.8509 3
    endloop
  endfacet
  facet normal 0.965831 0.259174 0
    outer loop
      vertex 13.9476 22.099 4
      vertex 13.8825 22.3416 3
      vertex 13.8825 22.3416 4
    endloop
  endfacet
  facet normal 0.965831 0.259174 0
    outer loop
      vertex 13.8825 22.3416 3
      vertex 13.9476 22.099 4
      vertex 13.9476 22.099 3
    endloop
  endfacet
  facet normal 0.933653 0.358179 0
    outer loop
      vertex 13.8825 22.3416 4
      vertex 13.7925 22.5762 3
      vertex 13.7925 22.5762 4
    endloop
  endfacet
  facet normal 0.933653 0.358179 0
    outer loop
      vertex 13.7925 22.5762 3
      vertex 13.8825 22.3416 4
      vertex 13.8825 22.3416 3
    endloop
  endfacet
  facet normal 0.891058 0.45389 0
    outer loop
      vertex 13.7925 22.5762 4
      vertex 13.6785 22.8 3
      vertex 13.6785 22.8 4
    endloop
  endfacet
  facet normal 0.891058 0.45389 0
    outer loop
      vertex 13.6785 22.8 3
      vertex 13.7925 22.5762 4
      vertex 13.7925 22.5762 3
    endloop
  endfacet
  facet normal 0.838544 0.544834 0
    outer loop
      vertex 13.6785 22.8 4
      vertex 13.5416 23.0107 3
      vertex 13.5416 23.0107 4
    endloop
  endfacet
  facet normal 0.838544 0.544834 0
    outer loop
      vertex 13.5416 23.0107 3
      vertex 13.6785 22.8 4
      vertex 13.6785 22.8 3
    endloop
  endfacet
  facet normal 0.777282 0.629152 0
    outer loop
      vertex 13.5416 23.0107 4
      vertex 13.3836 23.2059 3
      vertex 13.3836 23.2059 4
    endloop
  endfacet
  facet normal 0.777282 0.629152 0
    outer loop
      vertex 13.3836 23.2059 3
      vertex 13.5416 23.0107 4
      vertex 13.5416 23.0107 3
    endloop
  endfacet
  facet normal 0.707107 0.707107 0
    outer loop
      vertex 13.3836 23.2059 4
      vertex 13.2059 23.3836 3
      vertex 13.2059 23.3836 4
    endloop
  endfacet
  facet normal 0.707107 0.707107 0
    outer loop
      vertex 13.2059 23.3836 3
      vertex 13.3836 23.2059 4
      vertex 13.3836 23.2059 3
    endloop
  endfacet
  facet normal 0.629152 0.777282 -0
    outer loop
      vertex 13.2059 23.3836 3
      vertex 13.0107 23.5416 4
      vertex 13.2059 23.3836 4
    endloop
  endfacet
  facet normal 0.629152 0.777282 0
    outer loop
      vertex 13.0107 23.5416 4
      vertex 13.2059 23.3836 3
      vertex 13.0107 23.5416 3
    endloop
  endfacet
  facet normal 0.544834 0.838544 -0
    outer loop
      vertex 13.0107 23.5416 3
      vertex 12.8 23.6785 4
      vertex 13.0107 23.5416 4
    endloop
  endfacet
  facet normal 0.544834 0.838544 0
    outer loop
      vertex 12.8 23.6785 4
      vertex 13.0107 23.5416 3
      vertex 12.8 23.6785 3
    endloop
  endfacet
  facet normal 0.45389 0.891058 -0
    outer loop
      vertex 12.8 23.6785 3
      vertex 12.5762 23.7925 4
      vertex 12.8 23.6785 4
    endloop
  endfacet
  facet normal 0.45389 0.891058 0
    outer loop
      vertex 12.5762 23.7925 4
      vertex 12.8 23.6785 3
      vertex 12.5762 23.7925 3
    endloop
  endfacet
  facet normal 0.358179 0.933653 -0
    outer loop
      vertex 12.5762 23.7925 3
      vertex 12.3416 23.8825 4
      vertex 12.5762 23.7925 4
    endloop
  endfacet
  facet normal 0.358179 0.933653 0
    outer loop
      vertex 12.3416 23.8825 4
      vertex 12.5762 23.7925 3
      vertex 12.3416 23.8825 3
    endloop
  endfacet
  facet normal 0.259174 0.965831 -0
    outer loop
      vertex 12.3416 23.8825 3
      vertex 12.099 23.9476 4
      vertex 12.3416 23.8825 4
    endloop
  endfacet
  facet normal 0.259174 0.965831 0
    outer loop
      vertex 12.099 23.9476 4
      vertex 12.3416 23.8825 3
      vertex 12.099 23.9476 3
    endloop
  endfacet
  facet normal 0.156453 0.987685 -0
    outer loop
      vertex 12.099 23.9476 3
      vertex 11.8509 23.9869 4
      vertex 12.099 23.9476 4
    endloop
  endfacet
  facet normal 0.156453 0.987685 0
    outer loop
      vertex 11.8509 23.9869 4
      vertex 12.099 23.9476 3
      vertex 11.8509 23.9869 3
    endloop
  endfacet
  facet normal 0.052141 0.99864 -0
    outer loop
      vertex 11.8509 23.9869 3
      vertex 11.6 24 4
      vertex 11.8509 23.9869 4
    endloop
  endfacet
  facet normal 0.052141 0.99864 0
    outer loop
      vertex 11.6 24 4
      vertex 11.8509 23.9869 3
      vertex 11.6 24 3
    endloop
  endfacet
  facet normal 0 1 -0
    outer loop
      vertex 11.6 24 3
      vertex -11.6 24 4
      vertex 11.6 24 4
    endloop
  endfacet
  facet normal 0 1 0
    outer loop
      vertex -11.6 24 4
      vertex 11.6 24 3
      vertex -11.6 24 3
    endloop
  endfacet
  facet normal -0.052141 0.99864 0
    outer loop
      vertex -11.6 24 3
      vertex -11.8509 23.9869 4
      vertex -11.6 24 4
    endloop
  endfacet
  facet normal -0.052141 0.99864 0
    outer loop
      vertex -11.8509 23.9869 4
      vertex -11.6 24 3
      vertex -11.8509 23.9869 3
    endloop
  endfacet
  facet normal -0.156453 0.987685 0
    outer loop
      vertex -11.8509 23.9869 3
      vertex -12.099 23.9476 4
      vertex -11.8509 23.9869 4
    endloop
  endfacet
  facet normal -0.156453 0.987685 0
    outer loop
      vertex -12.099 23.9476 4
      vertex -11.8509 23.9869 3
      vertex -12.099 23.9476 3
    endloop
  endfacet
  facet normal -0.259174 0.965831 0
    outer loop
      vertex -12.099 23.9476 3
      vertex -12.3416 23.8825 4
      vertex -12.099 23.9476 4
    endloop
  endfacet
  facet normal -0.259174 0.965831 0
    outer loop
      vertex -12.3416 23.8825 4
      vertex -12.099 23.9476 3
      vertex -12.3416 23.8825 3
    endloop
  endfacet
  facet normal -0.358179 0.933653 0
    outer loop
      vertex -12.3416 23.8825 3
      vertex -12.5762 23.7925 4
      vertex -12.3416 23.8825 4
    endloop
  endfacet
  facet normal -0.358179 0.933653 0
    outer loop
      vertex -12.5762 23.7925 4
      vertex -12.3416 23.8825 3
      vertex -12.5762 23.7925 3
    endloop
  endfacet
  facet normal -0.45389 0.891058 0
    outer loop
      vertex -12.5762 23.7925 3
      vertex -12.8 23.6785 4
      vertex -12.5762 23.7925 4
    endloop
  endfacet
  facet normal -0.45389 0.891058 0
    outer loop
      vertex -12.8 23.6785 4
      vertex -12.5762 23.7925 3
      vertex -12.8 23.6785 3
    endloop
  endfacet
  facet normal -0.544834 0.838544 0
    outer loop
      vertex -12.8 23.6785 3
      vertex -13.0107 23.5416 4
      vertex -12.8 23.6785 4
    endloop
  endfacet
  facet normal -0.544834 0.838544 0
    outer loop
      vertex -13.0107 23.5416 4
      vertex -12.8 23.6785 3
      vertex -13.0107 23.5416 3
    endloop
  endfacet
  facet normal -0.629152 0.777282 0
    outer loop
      vertex -13.0107 23.5416 3
      vertex -13.2059 23.3836 4
      vertex -13.0107 23.5416 4
    endloop
  endfacet
  facet normal -0.629152 0.777282 0
    outer loop
      vertex -13.2059 23.3836 4
      vertex -13.0107 23.5416 3
      vertex -13.2059 23.3836 3
    endloop
  endfacet
  facet normal -0.707107 0.707107 0
    outer loop
      vertex -13.3836 23.2059 3
      vertex -13.2059 23.3836 4
      vertex -13.2059 23.3836 3
    endloop
  endfacet
  facet normal -0.707107 0.707107 0
    outer loop
      vertex -13.2059 23.3836 4
      vertex -13.3836 23.2059 3
      vertex -13.3836 23.2059 4
    endloop
  endfacet
  facet normal -0.777282 0.629152 0
    outer loop
      vertex -13.5416 23.0107 3
      vertex -13.3836 23.2059 4
      vertex -13.3836 23.2059 3
    endloop
  endfacet
  facet normal -0.777282 0.629152 0
    outer loop
      vertex -13.3836 23.2059 4
      vertex -13.5416 23.0107 3
      vertex -13.5416 23.0107 4
    endloop
  endfacet
  facet normal -0.838544 0.544834 0
    outer loop
      vertex -13.6785 22.8 3
      vertex -13.5416 23.0107 4
      vertex -13.5416 23.0107 3
    endloop
  endfacet
  facet normal -0.838544 0.544834 0
    outer loop
      vertex -13.5416 23.0107 4
      vertex -13.6785 22.8 3
      vertex -13.6785 22.8 4
    endloop
  endfacet
  facet normal -0.891058 0.45389 0
    outer loop
      vertex -13.7925 22.5762 3
      vertex -13.6785 22.8 4
      vertex -13.6785 22.8 3
    endloop
  endfacet
  facet normal -0.891058 0.45389 0
    outer loop
      vertex -13.6785 22.8 4
      vertex -13.7925 22.5762 3
      vertex -13.7925 22.5762 4
    endloop
  endfacet
  facet normal -0.933653 0.358179 0
    outer loop
      vertex -13.8825 22.3416 3
      vertex -13.7925 22.5762 4
      vertex -13.7925 22.5762 3
    endloop
  endfacet
  facet normal -0.933653 0.358179 0
    outer loop
      vertex -13.7925 22.5762 4
      vertex -13.8825 22.3416 3
      vertex -13.8825 22.3416 4
    endloop
  endfacet
  facet normal -0.965831 0.259174 0
    outer loop
      vertex -13.9476 22.099 3
      vertex -13.8825 22.3416 4
      vertex -13.8825 22.3416 3
    endloop
  endfacet
  facet normal -0.965831 0.259174 0
    outer loop
      vertex -13.8825 22.3416 4
      vertex -13.9476 22.099 3
      vertex -13.9476 22.099 4
    endloop
  endfacet
  facet normal -0.987685 0.156453 0
    outer loop
      vertex -13.9869 21.8509 3
      vertex -13.9476 22.099 4
      vertex -13.9476 22.099 3
    endloop
  endfacet
  facet normal -0.987685 0.156453 0
    outer loop
      vertex -13.9476 22.099 4
      vertex -13.9869 21.8509 3
      vertex -13.9869 21.8509 4
    endloop
  endfacet
  facet normal -0.99864 0.052141 0
    outer loop
      vertex -14 21.6 3
      vertex -13.9869 21.8509 4
      vertex -13.9869 21.8509 3
    endloop
  endfacet
  facet normal -0.99864 0.052141 0
    outer loop
      vertex -13.9869 21.8509 4
      vertex -14 21.6 3
      vertex -14 21.6 4
    endloop
  endfacet
  facet normal -1 0 0
    outer loop
      vertex -14 -21.6 3
      vertex -14 21.6 4
      vertex -14 21.6 3
    endloop
  endfacet
  facet normal -1 -0 0
    outer loop
      vertex -14 21.6 4
      vertex -14 -21.6 3
      vertex -14 -21.6 4
    endloop
  endfacet
  facet normal -0.99864 -0.052141 0
    outer loop
      vertex -13.9869 -21.8509 3
      vertex -14 -21.6 4
      vertex -14 -21.6 3
    endloop
  endfacet
  facet normal -0.99864 -0.052141 0
    outer loop
      vertex -14 -21.6 4
      vertex -13.9869 -21.8509 3
      vertex -13.9869 -21.8509 4
    endloop
  endfacet
  facet normal -0.987685 -0.156453 0
    outer loop
      vertex -13.9476 -22.099 3
      vertex -13.9869 -21.8509 4
      vertex -13.9869 -21.8509 3
    endloop
  endfacet
  facet normal -0.987685 -0.156453 0
    outer loop
      vertex -13.9869 -21.8509 4
      vertex -13.9476 -22.099 3
      vertex -13.9476 -22.099 4
    endloop
  endfacet
  facet normal -0.965831 -0.259174 0
    outer loop
      vertex -13.8825 -22.3416 3
      vertex -13.9476 -22.099 4
      vertex -13.9476 -22.099 3
    endloop
  endfacet
  facet normal -0.965831 -0.259174 0
    outer loop
      vertex -13.9476 -22.099 4
      vertex -13.8825 -22.3416 3
      vertex -13.8825 -22.3416 4
    endloop
  endfacet
  facet normal -0.933653 -0.358179 0
    outer loop
      vertex -13.7925 -22.5762 3
      vertex -13.8825 -22.3416 4
      vertex -13.8825 -22.3416 3
    endloop
  endfacet
  facet normal -0.933653 -0.358179 0
    outer loop
      vertex -13.8825 -22.3416 4
      vertex -13.7925 -22.5762 3
      vertex -13.7925 -22.5762 4
    endloop
  endfacet
  facet normal -0.891058 -0.45389 0
    outer loop
      vertex -13.6785 -22.8 3
      vertex -13.7925 -22.5762 4
      vertex -13.7925 -22.5762 3
    endloop
  endfacet
  facet normal -0.891058 -0.45389 0
    outer loop
      vertex -13.7925 -22.5762 4
      vertex -13.6785 -22.8 3
      vertex -13.6785 -22.8 4
    endloop
  endfacet
  facet normal -0.838544 -0.544834 0
    outer loop
      vertex -13.5416 -23.0107 3
      vertex -13.6785 -22.8 4
      vertex -13.6785 -22.8 3
    endloop
  endfacet
  facet normal -0.838544 -0.544834 0
    outer loop
      vertex -13.6785 -22.8 4
      vertex -13.5416 -23.0107 3
      vertex -13.5416 -23.0107 4
    endloop
  endfacet
  facet normal -0.777282 -0.629152 0
    outer loop
      vertex -13.3836 -23.2059 3
      vertex -13.5416 -23.0107 4
      vertex -13.5416 -23.0107 3
    endloop
  endfacet
  facet normal -0.777282 -0.629152 0
    outer loop
      vertex -13.5416 -23.0107 4
      vertex -13.3836 -23.2059 3
      vertex -13.3836 -23.2059 4
    endloop
  endfacet
  facet normal -0.707107 -0.707107 0
    outer loop
      vertex -13.2059 -23.3836 3
      vertex -13.3836 -23.2059 4
      vertex -13.3836 -23.2059 3
    endloop
  endfacet
  facet normal -0.707107 -0.707107 0
    outer loop
      vertex -13.3836 -23.2059 4
      vertex -13.2059 -23.3836 3
      vertex -13.2059 -23.3836 4
    endloop
  endfacet
  facet normal -0.629152 -0.777282 0
    outer loop
      vertex -13.2059 -23.3836 3
      vertex -13.0107 -23.5416 4
      vertex -13.2059 -23.3836 4
    endloop
  endfacet
  facet normal -0.629152 -0.777282 -0
    outer loop
      vertex -13.0107 -23.5416 4
      vertex -13.2059 -23.3836 3
      vertex -13.0107 -23.5416 3
    endloop
  endfacet
  facet normal -0.544834 -0.838544 0
    outer loop
      vertex -13.0107 -23.5416 3
      vertex -12.8 -23.6785 4
      vertex -13.0107 -23.5416 4
    endloop
  endfacet
  facet normal -0.544834 -0.838544 -0
    outer loop
      vertex -12.8 -23.6785 4
      vertex -13.0107 -23.5416 3
      vertex -12.8 -23.6785 3
    endloop
  endfacet
  facet normal -0.45389 -0.891058 0
    outer loop
      vertex -12.8 -23.6785 3
      vertex -12.5762 -23.7925 4
      vertex -12.8 -23.6785 4
    endloop
  endfacet
  facet normal -0.45389 -0.891058 -0
    outer loop
      vertex -12.5762 -23.7925 4
      vertex -12.8 -23.6785 3
      vertex -12.5762 -23.7925 3
    endloop
  endfacet
  facet normal -0.358179 -0.933653 0
    outer loop
      vertex -12.5762 -23.7925 3
      vertex -12.3416 -23.8825 4
      vertex -12.5762 -23.7925 4
    endloop
  endfacet
  facet normal -0.358179 -0.933653 -0
    outer loop
      vertex -12.3416 -23.8825 4
      vertex -12.5762 -23.7925 3
      vertex -12.3416 -23.8825 3
    endloop
  endfacet
  facet normal -0.259174 -0.965831 0
    outer loop
      vertex -12.3416 -23.8825 3
      vertex -12.099 -23.9476 4
      vertex -12.3416 -23.8825 4
    endloop
  endfacet
  facet normal -0.259174 -0.965831 -0
    outer loop
      vertex -12.099 -23.9476 4
      vertex -12.3416 -23.8825 3
      vertex -12.099 -23.9476 3
    endloop
  endfacet
  facet normal -0.156453 -0.987685 0
    outer loop
      vertex -12.099 -23.9476 3
      vertex -11.8509 -23.9869 4
      vertex -12.099 -23.9476 4
    endloop
  endfacet
  facet normal -0.156453 -0.987685 -0
    outer loop
      vertex -11.8509 -23.9869 4
      vertex -12.099 -23.9476 3
      vertex -11.8509 -23.9869 3
    endloop
  endfacet
  facet normal -0.052141 -0.99864 0
    outer loop
      vertex -11.8509 -23.9869 3
      vertex -11.6 -24 4
      vertex -11.8509 -23.9869 4
    endloop
  endfacet
  facet normal -0.052141 -0.99864 -0
    outer loop
      vertex -11.6 -24 4
      vertex -11.8509 -23.9869 3
      vertex -11.6 -24 3
    endloop
  endfacet
  facet normal 0 -1 0
    outer loop
      vertex -11.6 -24 3
      vertex 11.6 -24 4
      vertex -11.6 -24 4
    endloop
  endfacet
  facet normal 0 -1 -0
    outer loop
      vertex 11.6 -24 4
      vertex -11.6 -24 3
      vertex 11.6 -24 3
    endloop
  endfacet
  facet normal 0.052141 -0.99864 0
    outer loop
      vertex 11.6 -24 3
      vertex 11.8509 -23.9869 4
      vertex 11.6 -24 4
    endloop
  endfacet
  facet normal 0.052141 -0.99864 0
    outer loop
      vertex 11.8509 -23.9869 4
      vertex 11.6 -24 3
      vertex 11.8509 -23.9869 3
    endloop
  endfacet
  facet normal -0 0 1
    outer loop
      vertex 8 14.08 -13
      vertex 12.25 8.90999 -13
      vertex 12.25 16.5 -13
    endloop
  endfacet
  facet normal 0 0 1
    outer loop
      vertex 12.034 16.9115 -13
      vertex 12.25 16.5 -13
      vertex 12.1927 16.7323 -13
    endloop
  endfacet
  facet normal -0 0 1
    outer loop
      vertex 8 10.08 -13
      vertex 12.25 8.90999 -13
      vertex 8 14.08 -13
    endloop
  endfacet
  facet normal 0 0 1
    outer loop
      vertex 12.25 8.90999 -13
      vertex 8 10.08 -13
      vertex 12.2336 8.59641 -13
    endloop
  endfacet
  facet normal 0 0 1
    outer loop
      vertex 12.25 16.5 -13
      vertex 12.034 16.9115 -13
      vertex 8 14.08 -13
    endloop
  endfacet
  facet normal 0 0 1
    outer loop
      vertex 12.2336 8.59641 -13
      vertex 8 10.08 -13
      vertex 12.1844 8.28625 -13
    endloop
  endfacet
  facet normal 0 0 1
    outer loop
      vertex 12.1844 8.28625 -13
      vertex 8 10.08 -13
      vertex 12.1032 7.98294 -13
    endloop
  endfacet
  facet normal 0 0 1
    outer loop
      vertex 12.1032 7.98294 -13
      vertex 8 10.08 -13
      vertex 11.9906 7.68979 -13
    endloop
  endfacet
  facet normal 0 0 1
    outer loop
      vertex 11.8481 7.40999 -13
      vertex 8 10.08 -13
      vertex 11.677 7.14664 -13
    endloop
  endfacet
  facet normal 0 0 1
    outer loop
      vertex 11.677 7.14664 -13
      vertex 8 10.08 -13
      vertex 11.4794 6.9026 -13
    endloop
  endfacet
  facet normal 0 0 1
    outer loop
      vertex 11.4794 6.9026 -13
      vertex 8 10.08 -13
      vertex 11.2574 6.68056 -13
    endloop
  endfacet
  facet normal 0 0 1
    outer loop
      vertex 11.2574 6.68056 -13
      vertex 8 10.08 -13
      vertex 11.0134 6.48294 -13
    endloop
  endfacet
  facet normal 0 0 1
    outer loop
      vertex 11.0134 6.48294 -13
      vertex 8 10.08 -13
      vertex 10.75 6.31192 -13
    endloop
  endfacet
  facet normal 0 0 1
    outer loop
      vertex 10.75 6.31192 -13
      vertex 8 10.08 -13
      vertex 10.4702 6.16936 -13
    endloop
  endfacet
  facet normal 0 0 1
    outer loop
      vertex 10.4702 6.16936 -13
      vertex 8 10.08 -13
      vertex 10.177 6.05682 -13
    endloop
  endfacet
  facet normal 0 0 1
    outer loop
      vertex 10.177 6.05682 -13
      vertex 8 10.08 -13
      vertex 9.87373 5.97556 -13
    endloop
  endfacet
  facet normal 0 0 1
    outer loop
      vertex 9.87373 5.97556 -13
      vertex 8 10.08 -13
      vertex 9.56358 5.92642 -13
    endloop
  endfacet
  facet normal 0 0 1
    outer loop
      vertex 11.9906 7.68979 -13
      vertex 8 10.08 -13
      vertex 11.8481 7.40999 -13
    endloop
  endfacet
  facet normal 0 0 1
    outer loop
      vertex 6.78403 22.1615 -13
      vertex 8 14.08 -13
      vertex 12.034 16.9115 -13
    endloop
  endfacet
  facet normal 0 0 1
    outer loop
      vertex 1 18.08 -13
      vertex 6.78403 22.1615 -13
      vertex 6.56026 22.2463 -13
    endloop
  endfacet
  facet normal 0 0 1
    outer loop
      vertex 6.78403 22.1615 -13
      vertex 6 14.08 -13
      vertex 8 14.08 -13
    endloop
  endfacet
  facet normal 0 0 1
    outer loop
      vertex 1 14.08 -13
      vertex 6 14.08 -13
      vertex 1 18.08 -13
    endloop
  endfacet
  facet normal 0 0 1
    outer loop
      vertex 6.78403 22.1615 -13
      vertex 1 18.08 -13
      vertex 6 14.08 -13
    endloop
  endfacet
  facet normal -0 0 1
    outer loop
      vertex -6.43973 22.2463 -13
      vertex 1 18.08 -13
      vertex 6.56026 22.2463 -13
    endloop
  endfacet
  facet normal 0 0 1
    outer loop
      vertex -1 18.08 -13
      vertex -6 14.08 -13
      vertex -1 14.08 -13
    endloop
  endfacet
  facet normal 0 0 1
    outer loop
      vertex 1 18.08 -13
      vertex -6.43973 22.2463 -13
      vertex -1 18.08 -13
    endloop
  endfacet
  facet normal -0 0 1
    outer loop
      vertex -6.87425 22.0815 -13
      vertex -1 18.08 -13
      vertex -6.43973 22.2463 -13
    endloop
  endfacet
  facet normal 0 0 1
    outer loop
      vertex -6.87425 22.0815 -13
      vertex -6.43973 22.2463 -13
      vertex -6.67729 22.2175 -13
    endloop
  endfacet
  facet normal 0 0 1
    outer loop
      vertex -1 18.08 -13
      vertex -6.87425 22.0815 -13
      vertex -6 14.08 -13
    endloop
  endfacet
  facet normal 0 0 1
    outer loop
      vertex -6.87425 22.0815 -13
      vertex -8 14.08 -13
      vertex -6 14.08 -13
    endloop
  endfacet
  facet normal 0 0 1
    outer loop
      vertex -12.25 8.90999 -13
      vertex -8 10.08 -13
      vertex -8 14.08 -13
    endloop
  endfacet
  facet normal -0 0 1
    outer loop
      vertex -12.1243 16.8315 -13
      vertex -8 14.08 -13
      vertex -6.87425 22.0815 -13
    endloop
  endfacet
  facet normal -0 0 1
    outer loop
      vertex -12.2355 16.6196 -13
      vertex -8 14.08 -13
      vertex -12.1243 16.8315 -13
    endloop
  endfacet
  facet normal 0 0 1
    outer loop
      vertex -12.25 8.90999 -13
      vertex -8 14.08 -13
      vertex -12.2355 16.6196 -13
    endloop
  endfacet
  facet normal 0 -0 1
    outer loop
      vertex -12.2336 8.59641 -13
      vertex -8 10.08 -13
      vertex -12.25 8.90999 -13
    endloop
  endfacet
  facet normal 0 0 1
    outer loop
      vertex -8 10.08 -13
      vertex -9.87373 5.97556 -13
      vertex -9.56358 5.92642 -13
    endloop
  endfacet
  facet normal 0 0 1
    outer loop
      vertex -8 10.08 -13
      vertex -10.177 6.05682 -13
      vertex -9.87373 5.97556 -13
    endloop
  endfacet
  facet normal 0 0 1
    outer loop
      vertex -8 10.08 -13
      vertex -10.75 6.31192 -13
      vertex -10.4702 6.16936 -13
    endloop
  endfacet
  facet normal 0 0 1
    outer loop
      vertex -8 10.08 -13
      vertex -11.0134 6.48294 -13
      vertex -10.75 6.31192 -13
    endloop
  endfacet
  facet normal 0 0 1
    outer loop
      vertex -8 10.08 -13
      vertex -11.2574 6.68056 -13
      vertex -11.0134 6.48294 -13
    endloop
  endfacet
  facet normal 0 0 1
    outer loop
      vertex -8 10.08 -13
      vertex -11.4794 6.9026 -13
      vertex -11.2574 6.68056 -13
    endloop
  endfacet
  facet normal 0 0 1
    outer loop
      vertex -8 10.08 -13
      vertex -11.677 7.14664 -13
      vertex -11.4794 6.9026 -13
    endloop
  endfacet
  facet normal 0 0 1
    outer loop
      vertex -8 10.08 -13
      vertex -11.8481 7.40999 -13
      vertex -11.677 7.14664 -13
    endloop
  endfacet
  facet normal 0 0 1
    outer loop
      vertex -8 10.08 -13
      vertex -11.9906 7.68979 -13
      vertex -11.8481 7.40999 -13
    endloop
  endfacet
  facet normal 0 0 1
    outer loop
      vertex -8 10.08 -13
      vertex -10.4702 6.16936 -13
      vertex -10.177 6.05682 -13
    endloop
  endfacet
  facet normal 0 0 1
    outer loop
      vertex -8 10.08 -13
      vertex -12.1032 7.98294 -13
      vertex -11.9906 7.68979 -13
    endloop
  endfacet
  facet normal 0 0 1
    outer loop
      vertex -8 10.08 -13
      vertex -12.1844 8.28625 -13
      vertex -12.1032 7.98294 -13
    endloop
  endfacet
  facet normal 0 0 1
    outer loop
      vertex -8 10.08 -13
      vertex -9.56358 5.92642 -13
      vertex -9.25 5.90999 -13
    endloop
  endfacet
  facet normal 0 0 1
    outer loop
      vertex -8 10.08 -13
      vertex -12.2336 8.59641 -13
      vertex -12.1844 8.28625 -13
    endloop
  endfacet
  facet normal 0 0 1
    outer loop
      vertex 9.56358 5.92642 -13
      vertex 8 10.08 -13
      vertex 9.25 5.90999 -13
    endloop
  endfacet
  facet normal -0 0 1
    outer loop
      vertex 6 10.08 -13
      vertex 9.25 5.90999 -13
      vertex 8 10.08 -13
    endloop
  endfacet
  facet normal 0 0 1
    outer loop
      vertex 6 14.08 -13
      vertex 1 14.08 -13
      vertex 6 10.08 -13
    endloop
  endfacet
  facet normal 0 0 1
    outer loop
      vertex -6 10.08 -13
      vertex 6 10.08 -13
      vertex 1 14.08 -13
    endloop
  endfacet
  facet normal 0 0 1
    outer loop
      vertex -6 10.08 -13
      vertex 1 14.08 -13
      vertex -1 14.08 -13
    endloop
  endfacet
  facet normal 0 0 1
    outer loop
      vertex -6 10.08 -13
      vertex -1 14.08 -13
      vertex -6 14.08 -13
    endloop
  endfacet
  facet normal 0 0 1
    outer loop
      vertex 6 10.08 -13
      vertex -6 10.08 -13
      vertex 9.25 5.90999 -13
    endloop
  endfacet
  facet normal 0 0 1
    outer loop
      vertex -9.25 5.90999 -13
      vertex -6 10.08 -13
      vertex -8 10.08 -13
    endloop
  endfacet
  facet normal 0 0 1
    outer loop
      vertex -6 10.08 -13
      vertex -9.25 5.90999 -13
      vertex 9.25 5.90999 -13
    endloop
  endfacet
  facet normal 0.156699 -0.987646 0
    outer loop
      vertex 10.8136 -23.3836 -16.5
      vertex 11.1237 -23.3344 0
      vertex 10.8136 -23.3836 0
    endloop
  endfacet
  facet normal 0.156699 -0.987646 0
    outer loop
      vertex 11.1237 -23.3344 0
      vertex 10.8136 -23.3836 -16.5
      vertex 11.1237 -23.3344 -16.5
    endloop
  endfacet
  facet normal 0.258614 -0.965981 0
    outer loop
      vertex 11.1237 -23.3344 -16.5
      vertex 11.427 -23.2532 0
      vertex 11.1237 -23.3344 0
    endloop
  endfacet
  facet normal 0.258614 -0.965981 0
    outer loop
      vertex 11.427 -23.2532 0
      vertex 11.1237 -23.3344 -16.5
      vertex 11.427 -23.2532 -16.5
    endloop
  endfacet
  facet normal 0.35851 -0.933526 0
    outer loop
      vertex 11.427 -23.2532 -16.5
      vertex 11.7202 -23.1406 0
      vertex 11.427 -23.2532 0
    endloop
  endfacet
  facet normal 0.35851 -0.933526 0
    outer loop
      vertex 11.7202 -23.1406 0
      vertex 11.427 -23.2532 -16.5
      vertex 11.7202 -23.1406 -16.5
    endloop
  endfacet
  facet normal 0.453826 -0.891091 0
    outer loop
      vertex 11.7202 -23.1406 -16.5
      vertex 12 -22.9981 0
      vertex 11.7202 -23.1406 0
    endloop
  endfacet
  facet normal 0.453826 -0.891091 0
    outer loop
      vertex 12 -22.9981 0
      vertex 11.7202 -23.1406 -16.5
      vertex 12 -22.9981 -16.5
    endloop
  endfacet
  facet normal 0.544742 -0.838604 0
    outer loop
      vertex 12 -22.9981 -16.5
      vertex 12.2634 -22.827 0
      vertex 12 -22.9981 0
    endloop
  endfacet
  facet normal 0.544742 -0.838604 0
    outer loop
      vertex 12.2634 -22.827 0
      vertex 12 -22.9981 -16.5
      vertex 12.2634 -22.827 -16.5
    endloop
  endfacet
  facet normal 0.629345 -0.777126 0
    outer loop
      vertex 12.2634 -22.827 -16.5
      vertex 12.5074 -22.6294 0
      vertex 12.2634 -22.827 0
    endloop
  endfacet
  facet normal 0.629345 -0.777126 0
    outer loop
      vertex 12.5074 -22.6294 0
      vertex 12.2634 -22.827 -16.5
      vertex 12.5074 -22.6294 -16.5
    endloop
  endfacet
  facet normal 0.707107 -0.707107 0
    outer loop
      vertex 12.5074 -22.6294 0
      vertex 12.7294 -22.4074 -16.5
      vertex 12.7294 -22.4074 0
    endloop
  endfacet
  facet normal 0.707107 -0.707107 0
    outer loop
      vertex 12.7294 -22.4074 -16.5
      vertex 12.5074 -22.6294 0
      vertex 12.5074 -22.6294 -16.5
    endloop
  endfacet
  facet normal 0.777252 -0.629189 0
    outer loop
      vertex 12.7294 -22.4074 0
      vertex 12.927 -22.1633 -16.5
      vertex 12.927 -22.1633 0
    endloop
  endfacet
  facet normal 0.777252 -0.629189 0
    outer loop
      vertex 12.927 -22.1633 -16.5
      vertex 12.7294 -22.4074 0
      vertex 12.7294 -22.4074 -16.5
    endloop
  endfacet
  facet normal 0.838509 -0.544888 0
    outer loop
      vertex 12.927 -22.1633 0
      vertex 13.0981 -21.9 -16.5
      vertex 13.0981 -21.9 0
    endloop
  endfacet
  facet normal 0.838509 -0.544888 0
    outer loop
      vertex 13.0981 -21.9 -16.5
      vertex 12.927 -22.1633 0
      vertex 12.927 -22.1633 -16.5
    endloop
  endfacet
  facet normal 0.891091 -0.453826 0
    outer loop
      vertex 13.0981 -21.9 0
      vertex 13.2406 -21.6202 -16.5
      vertex 13.2406 -21.6202 0
    endloop
  endfacet
  facet normal 0.891091 -0.453826 0
    outer loop
      vertex 13.2406 -21.6202 -16.5
      vertex 13.0981 -21.9 0
      vertex 13.0981 -21.9 -16.5
    endloop
  endfacet
  facet normal 0.933526 -0.35851 0
    outer loop
      vertex 13.2406 -21.6202 0
      vertex 13.3532 -21.327 -16.5
      vertex 13.3532 -21.327 0
    endloop
  endfacet
  facet normal 0.933526 -0.35851 0
    outer loop
      vertex 13.3532 -21.327 -16.5
      vertex 13.2406 -21.6202 0
      vertex 13.2406 -21.6202 -16.5
    endloop
  endfacet
  facet normal 0.965981 -0.258614 0
    outer loop
      vertex 13.3532 -21.327 0
      vertex 13.4344 -21.0237 -16.5
      vertex 13.4344 -21.0237 0
    endloop
  endfacet
  facet normal 0.965981 -0.258614 0
    outer loop
      vertex 13.4344 -21.0237 -16.5
      vertex 13.3532 -21.327 0
      vertex 13.3532 -21.327 -16.5
    endloop
  endfacet
  facet normal 0.987646 -0.156699 0
    outer loop
      vertex 13.4344 -21.0237 0
      vertex 13.4836 -20.7136 -16.5
      vertex 13.4836 -20.7136 0
    endloop
  endfacet
  facet normal 0.987646 -0.156699 0
    outer loop
      vertex 13.4836 -20.7136 -16.5
      vertex 13.4344 -21.0237 0
      vertex 13.4344 -21.0237 -16.5
    endloop
  endfacet
  facet normal 0.998635 -0.0522246 0
    outer loop
      vertex 13.4836 -20.7136 0
      vertex 13.5 -20.4 -16.5
      vertex 13.5 -20.4 0
    endloop
  endfacet
  facet normal 0.998635 -0.0522246 0
    outer loop
      vertex 13.5 -20.4 -16.5
      vertex 13.4836 -20.7136 0
      vertex 13.4836 -20.7136 -16.5
    endloop
  endfacet
  facet normal 1 -0 0
    outer loop
      vertex 13.5 -20.4 0
      vertex 13.5 16.9 -16.5
      vertex 13.5 16.9 0
    endloop
  endfacet
  facet normal 1 0 0
    outer loop
      vertex 13.5 16.9 -16.5
      vertex 13.5 -20.4 0
      vertex 13.5 -20.4 -16.5
    endloop
  endfacet
  facet normal 0.993697 0.112098 0
    outer loop
      vertex 13.5 16.9 0
      vertex 13.4749 17.1225 -16.5
      vertex 13.4749 17.1225 0
    endloop
  endfacet
  facet normal 0.993697 0.112098 0
    outer loop
      vertex 13.4749 17.1225 -16.5
      vertex 13.5 16.9 0
      vertex 13.5 16.9 -16.5
    endloop
  endfacet
  facet normal 0.943984 0.329992 0
    outer loop
      vertex 13.4749 17.1225 0
      vertex 13.401 17.3339 -16.5
      vertex 13.401 17.3339 0
    endloop
  endfacet
  facet normal 0.943984 0.329992 0
    outer loop
      vertex 13.401 17.3339 -16.5
      vertex 13.4749 17.1225 0
      vertex 13.4749 17.1225 -16.5
    endloop
  endfacet
  facet normal 0.846591 0.532245 0
    outer loop
      vertex 13.401 17.3339 0
      vertex 13.2818 17.5235 -16.5
      vertex 13.2818 17.5235 0
    endloop
  endfacet
  facet normal 0.846591 0.532245 0
    outer loop
      vertex 13.2818 17.5235 -16.5
      vertex 13.401 17.3339 0
      vertex 13.401 17.3339 -16.5
    endloop
  endfacet
  facet normal 0.707106 0.707107 0
    outer loop
      vertex 13.2818 17.5235 0
      vertex 7.62349 23.1818 -16.5
      vertex 7.62349 23.1818 0
    endloop
  endfacet
  facet normal 0.707106 0.707107 0
    outer loop
      vertex 7.62349 23.1818 -16.5
      vertex 13.2818 17.5235 0
      vertex 13.2818 17.5235 -16.5
    endloop
  endfacet
  facet normal 0.532225 0.846603 -0
    outer loop
      vertex 7.62349 23.1818 -16.5
      vertex 7.43388 23.301 0
      vertex 7.62349 23.1818 0
    endloop
  endfacet
  facet normal 0.532225 0.846603 0
    outer loop
      vertex 7.43388 23.301 0
      vertex 7.62349 23.1818 -16.5
      vertex 7.43388 23.301 -16.5
    endloop
  endfacet
  facet normal 0.330048 0.943964 -0
    outer loop
      vertex 7.43388 23.301 -16.5
      vertex 7.22252 23.3749 0
      vertex 7.43388 23.301 0
    endloop
  endfacet
  facet normal 0.330048 0.943964 0
    outer loop
      vertex 7.22252 23.3749 0
      vertex 7.43388 23.301 -16.5
      vertex 7.22252 23.3749 -16.5
    endloop
  endfacet
  facet normal 0.112088 0.993698 -0
    outer loop
      vertex 7.22252 23.3749 -16.5
      vertex 7 23.4 0
      vertex 7.22252 23.3749 0
    endloop
  endfacet
  facet normal 0.112088 0.993698 0
    outer loop
      vertex 7 23.4 0
      vertex 7.22252 23.3749 -16.5
      vertex 7 23.4 -16.5
    endloop
  endfacet
  facet normal 0 1 -0
    outer loop
      vertex 7 23.4 -16.5
      vertex -7 23.4 0
      vertex 7 23.4 0
    endloop
  endfacet
  facet normal 0 1 0
    outer loop
      vertex -7 23.4 0
      vertex 7 23.4 -16.5
      vertex -7 23.4 -16.5
    endloop
  endfacet
  facet normal -0.112088 0.993698 0
    outer loop
      vertex -7 23.4 -16.5
      vertex -7.22252 23.3749 0
      vertex -7 23.4 0
    endloop
  endfacet
  facet normal -0.112088 0.993698 0
    outer loop
      vertex -7.22252 23.3749 0
      vertex -7 23.4 -16.5
      vertex -7.22252 23.3749 -16.5
    endloop
  endfacet
  facet normal -0.330048 0.943964 0
    outer loop
      vertex -7.22252 23.3749 -16.5
      vertex -7.43388 23.301 0
      vertex -7.22252 23.3749 0
    endloop
  endfacet
  facet normal -0.330048 0.943964 0
    outer loop
      vertex -7.43388 23.301 0
      vertex -7.22252 23.3749 -16.5
      vertex -7.43388 23.301 -16.5
    endloop
  endfacet
  facet normal -0.532225 0.846603 0
    outer loop
      vertex -7.43388 23.301 -16.5
      vertex -7.62349 23.1818 0
      vertex -7.43388 23.301 0
    endloop
  endfacet
  facet normal -0.532225 0.846603 0
    outer loop
      vertex -7.62349 23.1818 0
      vertex -7.43388 23.301 -16.5
      vertex -7.62349 23.1818 -16.5
    endloop
  endfacet
  facet normal -0.707106 0.707107 0
    outer loop
      vertex -13.2818 17.5235 -16.5
      vertex -7.62349 23.1818 0
      vertex -7.62349 23.1818 -16.5
    endloop
  endfacet
  facet normal -0.707106 0.707107 0
    outer loop
      vertex -7.62349 23.1818 0
      vertex -13.2818 17.5235 -16.5
      vertex -13.2818 17.5235 0
    endloop
  endfacet
  facet normal -0.846591 0.532245 0
    outer loop
      vertex -13.401 17.3339 -16.5
      vertex -13.2818 17.5235 0
      vertex -13.2818 17.5235 -16.5
    endloop
  endfacet
  facet normal -0.846591 0.532245 0
    outer loop
      vertex -13.2818 17.5235 0
      vertex -13.401 17.3339 -16.5
      vertex -13.401 17.3339 0
    endloop
  endfacet
  facet normal -0.943984 0.329992 0
    outer loop
      vertex -13.4749 17.1225 -16.5
      vertex -13.401 17.3339 0
      vertex -13.401 17.3339 -16.5
    endloop
  endfacet
  facet normal -0.943984 0.329992 0
    outer loop
      vertex -13.401 17.3339 0
      vertex -13.4749 17.1225 -16.5
      vertex -13.4749 17.1225 0
    endloop
  endfacet
  facet normal -0.993697 0.112098 0
    outer loop
      vertex -13.5 16.9 -16.5
      vertex -13.4749 17.1225 0
      vertex -13.4749 17.1225 -16.5
    endloop
  endfacet
  facet normal -0.993697 0.112098 0
    outer loop
      vertex -13.4749 17.1225 0
      vertex -13.5 16.9 -16.5
      vertex -13.5 16.9 0
    endloop
  endfacet
  facet normal -1 0 0
    outer loop
      vertex -13.5 -20.4 -16.5
      vertex -13.5 16.9 0
      vertex -13.5 16.9 -16.5
    endloop
  endfacet
  facet normal -1 -0 0
    outer loop
      vertex -13.5 16.9 0
      vertex -13.5 -20.4 -16.5
      vertex -13.5 -20.4 0
    endloop
  endfacet
  facet normal -0.998635 -0.0522246 0
    outer loop
      vertex -13.4836 -20.7136 -16.5
      vertex -13.5 -20.4 0
      vertex -13.5 -20.4 -16.5
    endloop
  endfacet
  facet normal -0.998635 -0.0522246 0
    outer loop
      vertex -13.5 -20.4 0
      vertex -13.4836 -20.7136 -16.5
      vertex -13.4836 -20.7136 0
    endloop
  endfacet
  facet normal -0.987646 -0.156699 0
    outer loop
      vertex -13.4344 -21.0237 -16.5
      vertex -13.4836 -20.7136 0
      vertex -13.4836 -20.7136 -16.5
    endloop
  endfacet
  facet normal -0.987646 -0.156699 0
    outer loop
      vertex -13.4836 -20.7136 0
      vertex -13.4344 -21.0237 -16.5
      vertex -13.4344 -21.0237 0
    endloop
  endfacet
  facet normal -0.965981 -0.258614 0
    outer loop
      vertex -13.3532 -21.327 -16.5
      vertex -13.4344 -21.0237 0
      vertex -13.4344 -21.0237 -16.5
    endloop
  endfacet
  facet normal -0.965981 -0.258614 0
    outer loop
      vertex -13.4344 -21.0237 0
      vertex -13.3532 -21.327 -16.5
      vertex -13.3532 -21.327 0
    endloop
  endfacet
  facet normal -0.933526 -0.35851 0
    outer loop
      vertex -13.2406 -21.6202 -16.5
      vertex -13.3532 -21.327 0
      vertex -13.3532 -21.327 -16.5
    endloop
  endfacet
  facet normal -0.933526 -0.35851 0
    outer loop
      vertex -13.3532 -21.327 0
      vertex -13.2406 -21.6202 -16.5
      vertex -13.2406 -21.6202 0
    endloop
  endfacet
  facet normal -0.891091 -0.453826 0
    outer loop
      vertex -13.0981 -21.9 -16.5
      vertex -13.2406 -21.6202 0
      vertex -13.2406 -21.6202 -16.5
    endloop
  endfacet
  facet normal -0.891091 -0.453826 0
    outer loop
      vertex -13.2406 -21.6202 0
      vertex -13.0981 -21.9 -16.5
      vertex -13.0981 -21.9 0
    endloop
  endfacet
  facet normal -0.838509 -0.544888 0
    outer loop
      vertex -12.927 -22.1633 -16.5
      vertex -13.0981 -21.9 0
      vertex -13.0981 -21.9 -16.5
    endloop
  endfacet
  facet normal -0.838509 -0.544888 0
    outer loop
      vertex -13.0981 -21.9 0
      vertex -12.927 -22.1633 -16.5
      vertex -12.927 -22.1633 0
    endloop
  endfacet
  facet normal -0.777252 -0.629189 0
    outer loop
      vertex -12.7294 -22.4074 -16.5
      vertex -12.927 -22.1633 0
      vertex -12.927 -22.1633 -16.5
    endloop
  endfacet
  facet normal -0.777252 -0.629189 0
    outer loop
      vertex -12.927 -22.1633 0
      vertex -12.7294 -22.4074 -16.5
      vertex -12.7294 -22.4074 0
    endloop
  endfacet
  facet normal -0.707107 -0.707107 0
    outer loop
      vertex -12.5074 -22.6294 -16.5
      vertex -12.7294 -22.4074 0
      vertex -12.7294 -22.4074 -16.5
    endloop
  endfacet
  facet normal -0.707107 -0.707107 0
    outer loop
      vertex -12.7294 -22.4074 0
      vertex -12.5074 -22.6294 -16.5
      vertex -12.5074 -22.6294 0
    endloop
  endfacet
  facet normal -0.629345 -0.777126 0
    outer loop
      vertex -12.5074 -22.6294 -16.5
      vertex -12.2634 -22.827 0
      vertex -12.5074 -22.6294 0
    endloop
  endfacet
  facet normal -0.629345 -0.777126 -0
    outer loop
      vertex -12.2634 -22.827 0
      vertex -12.5074 -22.6294 -16.5
      vertex -12.2634 -22.827 -16.5
    endloop
  endfacet
  facet normal -0.544742 -0.838604 0
    outer loop
      vertex -12.2634 -22.827 -16.5
      vertex -12 -22.9981 0
      vertex -12.2634 -22.827 0
    endloop
  endfacet
  facet normal -0.544742 -0.838604 -0
    outer loop
      vertex -12 -22.9981 0
      vertex -12.2634 -22.827 -16.5
      vertex -12 -22.9981 -16.5
    endloop
  endfacet
  facet normal -0.453826 -0.891091 0
    outer loop
      vertex -12 -22.9981 -16.5
      vertex -11.7202 -23.1406 0
      vertex -12 -22.9981 0
    endloop
  endfacet
  facet normal -0.453826 -0.891091 -0
    outer loop
      vertex -11.7202 -23.1406 0
      vertex -12 -22.9981 -16.5
      vertex -11.7202 -23.1406 -16.5
    endloop
  endfacet
  facet normal -0.35851 -0.933526 0
    outer loop
      vertex -11.7202 -23.1406 -16.5
      vertex -11.427 -23.2532 0
      vertex -11.7202 -23.1406 0
    endloop
  endfacet
  facet normal -0.35851 -0.933526 -0
    outer loop
      vertex -11.427 -23.2532 0
      vertex -11.7202 -23.1406 -16.5
      vertex -11.427 -23.2532 -16.5
    endloop
  endfacet
  facet normal -0.258614 -0.965981 0
    outer loop
      vertex -11.427 -23.2532 -16.5
      vertex -11.1237 -23.3344 0
      vertex -11.427 -23.2532 0
    endloop
  endfacet
  facet normal -0.258614 -0.965981 -0
    outer loop
      vertex -11.1237 -23.3344 0
      vertex -11.427 -23.2532 -16.5
      vertex -11.1237 -23.3344 -16.5
    endloop
  endfacet
  facet normal -0.156699 -0.987646 0
    outer loop
      vertex -11.1237 -23.3344 -16.5
      vertex -10.8136 -23.3836 0
      vertex -11.1237 -23.3344 0
    endloop
  endfacet
  facet normal -0.156699 -0.987646 -0
    outer loop
      vertex -10.8136 -23.3836 0
      vertex -11.1237 -23.3344 -16.5
      vertex -10.8136 -23.3836 -16.5
    endloop
  endfacet
  facet normal -0.0522246 -0.998635 0
    outer loop
      vertex -10.8136 -23.3836 -16.5
      vertex -10.5 -23.4 0
      vertex -10.8136 -23.3836 0
    endloop
  endfacet
  facet normal -0.0522246 -0.998635 -0
    outer loop
      vertex -10.5 -23.4 0
      vertex -10.8136 -23.3836 -16.5
      vertex -10.5 -23.4 -16.5
    endloop
  endfacet
  facet normal 0 -1 0
    outer loop
      vertex -10.5 -23.4 -16.5
      vertex 10.5 -23.4 0
      vertex -10.5 -23.4 0
    endloop
  endfacet
  facet normal 0 -1 -0
    outer loop
      vertex 10.5 -23.4 0
      vertex -10.5 -23.4 -16.5
      vertex 10.5 -23.4 -16.5
    endloop
  endfacet
  facet normal 0.0522246 -0.998635 0
    outer loop
      vertex 10.5 -23.4 -16.5
      vertex 10.8136 -23.3836 0
      vertex 10.5 -23.4 0
    endloop
  endfacet
  facet normal 0.0522246 -0.998635 0
    outer loop
      vertex 10.8136 -23.3836 0
      vertex 10.5 -23.4 -16.5
      vertex 10.8136 -23.3836 -16.5
    endloop
  endfacet
  facet normal 0 0 -1
    outer loop
      vertex 5 -1.75 -16.5
      vertex 11 9.75 -16.5
      vertex 13 -1.75 -16.5
    endloop
  endfacet
  facet normal -0 0 -1
    outer loop
      vertex 11 9.75 -16.5
      vertex 5 -1.75 -16.5
      vertex 3 9.75 -16.5
    endloop
  endfacet
  facet normal 0 0 -1
    outer loop
      vertex 10.5 -23.4 -16.5
      vertex 13.5 -20.4 -16.5
      vertex 12.927 -22.1633 -16.5
    endloop
  endfacet
  facet normal 0 0 -1
    outer loop
      vertex 10.5 -23.4 -16.5
      vertex 12.927 -22.1633 -16.5
      vertex 12.7294 -22.4074 -16.5
    endloop
  endfacet
  facet normal 0 0 -1
    outer loop
      vertex 10.5 -23.4 -16.5
      vertex 12.7294 -22.4074 -16.5
      vertex 12.5074 -22.6294 -16.5
    endloop
  endfacet
  facet normal 0 0 -1
    outer loop
      vertex 10.5 -23.4 -16.5
      vertex 12.5074 -22.6294 -16.5
      vertex 12.2634 -22.827 -16.5
    endloop
  endfacet
  facet normal 0 0 -1
    outer loop
      vertex 10.5 -23.4 -16.5
      vertex 12.2634 -22.827 -16.5
      vertex 12 -22.9981 -16.5
    endloop
  endfacet
  facet normal 0 0 -1
    outer loop
      vertex 10.5 -23.4 -16.5
      vertex 12 -22.9981 -16.5
      vertex 11.7202 -23.1406 -16.5
    endloop
  endfacet
  facet normal 0 0 -1
    outer loop
      vertex 10.5 -23.4 -16.5
      vertex 11.7202 -23.1406 -16.5
      vertex 11.427 -23.2532 -16.5
    endloop
  endfacet
  facet normal 0 0 -1
    outer loop
      vertex 10.5 -23.4 -16.5
      vertex 11.427 -23.2532 -16.5
      vertex 11.1237 -23.3344 -16.5
    endloop
  endfacet
  facet normal 0 0 -1
    outer loop
      vertex 10.5 -23.4 -16.5
      vertex 11.1237 -23.3344 -16.5
      vertex 10.8136 -23.3836 -16.5
    endloop
  endfacet
  facet normal -0 0 -1
    outer loop
      vertex 13.5 -20.4 -16.5
      vertex 10.5 -23.4 -16.5
      vertex 5 -2.25 -16.5
    endloop
  endfacet
  facet normal 0 0 -1
    outer loop
      vertex 13.5 -20.4 -16.5
      vertex 5 -2.25 -16.5
      vertex 13 -2.25 -16.5
    endloop
  endfacet
  facet normal 0 0 -1
    outer loop
      vertex -13.5 -20.4 -16.5
      vertex 5 -1.75 -16.5
      vertex 5 -2.25 -16.5
    endloop
  endfacet
  facet normal 0 0 -1
    outer loop
      vertex -13.5 16.9 -16.5
      vertex 3 10.25 -16.5
      vertex 3 9.75 -16.5
    endloop
  endfacet
  facet normal 0 0 -1
    outer loop
      vertex 5 -1.75 -16.5
      vertex -13.5 16.9 -16.5
      vertex 3 9.75 -16.5
    endloop
  endfacet
  facet normal 0 0 -1
    outer loop
      vertex -10.5 -23.4 -16.5
      vertex 5 -2.25 -16.5
      vertex 10.5 -23.4 -16.5
    endloop
  endfacet
  facet normal 0 0 -1
    outer loop
      vertex -7.62349 23.1818 -16.5
      vertex -4 20.25 -16.5
      vertex -4 19.75 -16.5
    endloop
  endfacet
  facet normal -0 0 -1
    outer loop
      vertex 5 -1.75 -16.5
      vertex -13.5 -20.4 -16.5
      vertex -13.5 16.9 -16.5
    endloop
  endfacet
  facet normal 0 -0 -1
    outer loop
      vertex -13.2818 17.5235 -16.5
      vertex -4 19.75 -16.5
      vertex -13.5 16.9 -16.5
    endloop
  endfacet
  facet normal 0 0 -1
    outer loop
      vertex -4 20.25 -16.5
      vertex -7.62349 23.1818 -16.5
      vertex -7 23.4 -16.5
    endloop
  endfacet
  facet normal 0 0 -1
    outer loop
      vertex -7 23.4 -16.5
      vertex -7.62349 23.1818 -16.5
      vertex -7.22252 23.3749 -16.5
    endloop
  endfacet
  facet normal 0 0 -1
    outer loop
      vertex 5 -2.25 -16.5
      vertex -10.5 -23.4 -16.5
      vertex -13.5 -20.4 -16.5
    endloop
  endfacet
  facet normal 0 0 -1
    outer loop
      vertex -13.5 -20.4 -16.5
      vertex -10.5 -23.4 -16.5
      vertex -10.8136 -23.3836 -16.5
    endloop
  endfacet
  facet normal 0 0 -1
    outer loop
      vertex -13.5 -20.4 -16.5
      vertex -10.8136 -23.3836 -16.5
      vertex -11.1237 -23.3344 -16.5
    endloop
  endfacet
  facet normal 0 0 -1
    outer loop
      vertex -13.5 -20.4 -16.5
      vertex -11.1237 -23.3344 -16.5
      vertex -11.427 -23.2532 -16.5
    endloop
  endfacet
  facet normal 0 0 -1
    outer loop
      vertex -13.5 -20.4 -16.5
      vertex -11.427 -23.2532 -16.5
      vertex -11.7202 -23.1406 -16.5
    endloop
  endfacet
  facet normal 0 0 -1
    outer loop
      vertex -13.5 -20.4 -16.5
      vertex -11.7202 -23.1406 -16.5
      vertex -12 -22.9981 -16.5
    endloop
  endfacet
  facet normal 0 0 -1
    outer loop
      vertex -13.5 -20.4 -16.5
      vertex -12 -22.9981 -16.5
      vertex -12.2634 -22.827 -16.5
    endloop
  endfacet
  facet normal 0 0 -1
    outer loop
      vertex -13.5 -20.4 -16.5
      vertex -12.2634 -22.827 -16.5
      vertex -12.5074 -22.6294 -16.5
    endloop
  endfacet
  facet normal 0 0 -1
    outer loop
      vertex -13.5 -20.4 -16.5
      vertex -12.5074 -22.6294 -16.5
      vertex -12.7294 -22.4074 -16.5
    endloop
  endfacet
  facet normal 0 0 -1
    outer loop
      vertex -13.5 -20.4 -16.5
      vertex -12.7294 -22.4074 -16.5
      vertex -12.927 -22.1633 -16.5
    endloop
  endfacet
  facet normal 0 0 -1
    outer loop
      vertex -13.5 -20.4 -16.5
      vertex -12.927 -22.1633 -16.5
      vertex -13.0981 -21.9 -16.5
    endloop
  endfacet
  facet normal 0 0 -1
    outer loop
      vertex -13.5 -20.4 -16.5
      vertex -13.0981 -21.9 -16.5
      vertex -13.2406 -21.6202 -16.5
    endloop
  endfacet
  facet normal 0 0 -1
    outer loop
      vertex 3 10.25 -16.5
      vertex -13.5 16.9 -16.5
      vertex -4 19.75 -16.5
    endloop
  endfacet
  facet normal 0 0 -1
    outer loop
      vertex -13.5 -20.4 -16.5
      vertex -13.2406 -21.6202 -16.5
      vertex -13.3532 -21.327 -16.5
    endloop
  endfacet
  facet normal 0 0 -1
    outer loop
      vertex -7.22252 23.3749 -16.5
      vertex -7.62349 23.1818 -16.5
      vertex -7.43388 23.301 -16.5
    endloop
  endfacet
  facet normal 0 0 -1
    outer loop
      vertex -13.5 -20.4 -16.5
      vertex -13.3532 -21.327 -16.5
      vertex -13.4344 -21.0237 -16.5
    endloop
  endfacet
  facet normal -0 0 -1
    outer loop
      vertex -4 19.75 -16.5
      vertex -13.2818 17.5235 -16.5
      vertex -7.62349 23.1818 -16.5
    endloop
  endfacet
  facet normal 0 0 -1
    outer loop
      vertex -13.5 -20.4 -16.5
      vertex -13.4344 -21.0237 -16.5
      vertex -13.4836 -20.7136 -16.5
    endloop
  endfacet
  facet normal 0 0 -1
    outer loop
      vertex -13.2818 17.5235 -16.5
      vertex -13.5 16.9 -16.5
      vertex -13.401 17.3339 -16.5
    endloop
  endfacet
  facet normal 0 0 -1
    outer loop
      vertex -13.401 17.3339 -16.5
      vertex -13.5 16.9 -16.5
      vertex -13.4749 17.1225 -16.5
    endloop
  endfacet
  facet normal 0 0 -1
    outer loop
      vertex 13.0981 -21.9 -16.5
      vertex 13.5 -20.4 -16.5
      vertex 13.4836 -20.7136 -16.5
    endloop
  endfacet
  facet normal 0 0 -1
    outer loop
      vertex 13.5 -20.4 -16.5
      vertex 13 -2.25 -16.5
      vertex 13.5 16.9 -16.5
    endloop
  endfacet
  facet normal 0 0 -1
    outer loop
      vertex 13.0981 -21.9 -16.5
      vertex 13.4836 -20.7136 -16.5
      vertex 13.4344 -21.0237 -16.5
    endloop
  endfacet
  facet normal 0 0 -1
    outer loop
      vertex 13 -1.75 -16.5
      vertex 13.5 16.9 -16.5
      vertex 13 -2.25 -16.5
    endloop
  endfacet
  facet normal 0 0 -1
    outer loop
      vertex 13.0981 -21.9 -16.5
      vertex 13.4344 -21.0237 -16.5
      vertex 13.3532 -21.327 -16.5
    endloop
  endfacet
  facet normal 0 0 -1
    outer loop
      vertex 11 9.75 -16.5
      vertex 13.5 16.9 -16.5
      vertex 13 -1.75 -16.5
    endloop
  endfacet
  facet normal 0 0 -1
    outer loop
      vertex 13.0981 -21.9 -16.5
      vertex 13.3532 -21.327 -16.5
      vertex 13.2406 -21.6202 -16.5
    endloop
  endfacet
  facet normal 0 0 -1
    outer loop
      vertex 12.927 -22.1633 -16.5
      vertex 13.5 -20.4 -16.5
      vertex 13.0981 -21.9 -16.5
    endloop
  endfacet
  facet normal 0 0 -1
    outer loop
      vertex 11 10.25 -16.5
      vertex 13.5 16.9 -16.5
      vertex 11 9.75 -16.5
    endloop
  endfacet
  facet normal 0 -0 -1
    outer loop
      vertex 13.2818 17.5235 -16.5
      vertex 13.5 16.9 -16.5
      vertex 11 10.25 -16.5
    endloop
  endfacet
  facet normal 0 0 -1
    outer loop
      vertex 13.5 16.9 -16.5
      vertex 13.2818 17.5235 -16.5
      vertex 13.4749 17.1225 -16.5
    endloop
  endfacet
  facet normal 0 0 -1
    outer loop
      vertex 13.4749 17.1225 -16.5
      vertex 13.2818 17.5235 -16.5
      vertex 13.401 17.3339 -16.5
    endloop
  endfacet
  facet normal 0 0 -1
    outer loop
      vertex 4 19.75 -16.5
      vertex 13.2818 17.5235 -16.5
      vertex 11 10.25 -16.5
    endloop
  endfacet
  facet normal 0 0 -1
    outer loop
      vertex 13.2818 17.5235 -16.5
      vertex 4 19.75 -16.5
      vertex 7.62349 23.1818 -16.5
    endloop
  endfacet
  facet normal 0 0 -1
    outer loop
      vertex 4 20.25 -16.5
      vertex 7.62349 23.1818 -16.5
      vertex 4 19.75 -16.5
    endloop
  endfacet
  facet normal 0 -0 -1
    outer loop
      vertex 7 23.4 -16.5
      vertex 7.62349 23.1818 -16.5
      vertex 4 20.25 -16.5
    endloop
  endfacet
  facet normal 0 0 -1
    outer loop
      vertex 7.62349 23.1818 -16.5
      vertex 7 23.4 -16.5
      vertex 7.43388 23.301 -16.5
    endloop
  endfacet
  facet normal 0 0 -1
    outer loop
      vertex 3 10.25 -16.5
      vertex 4 19.75 -16.5
      vertex 11 10.25 -16.5
    endloop
  endfacet
  facet normal -0 0 -1
    outer loop
      vertex 4 19.75 -16.5
      vertex 3 10.25 -16.5
      vertex -4 19.75 -16.5
    endloop
  endfacet
  facet normal 0 0 -1
    outer loop
      vertex 7.43388 23.301 -16.5
      vertex 7 23.4 -16.5
      vertex 7.22252 23.3749 -16.5
    endloop
  endfacet
  facet normal 0 0 -1
    outer loop
      vertex -4 20.25 -16.5
      vertex 7 23.4 -16.5
      vertex 4 20.25 -16.5
    endloop
  endfacet
  facet normal -0 0 -1
    outer loop
      vertex 7 23.4 -16.5
      vertex -4 20.25 -16.5
      vertex -7 23.4 -16.5
    endloop
  endfacet
  facet normal 0 -0.894427 0.447214
    outer loop
      vertex -8 10.08 -2
      vertex -6.5 10.58 -1
      vertex -7.5 10.58 -1
    endloop
  endfacet
  facet normal 0 -0.894427 0.447214
    outer loop
      vertex -6.5 10.58 -1
      vertex -8 10.08 -2
      vertex -6 10.08 -2
    endloop
  endfacet
  facet normal 0 -1 0
    outer loop
      vertex -8 10.08 -13
      vertex -6 10.08 -2
      vertex -8 10.08 -2
    endloop
  endfacet
  facet normal 0 -1 -0
    outer loop
      vertex -6 10.08 -2
      vertex -8 10.08 -13
      vertex -6 10.08 -13
    endloop
  endfacet
  facet normal 0.894427 -0 0.447214
    outer loop
      vertex -6.5 10.58 -1
      vertex -6 14.08 -2
      vertex -6.5 13.58 -1
    endloop
  endfacet
  facet normal 0.894427 0 0.447214
    outer loop
      vertex -6 14.08 -2
      vertex -6.5 10.58 -1
      vertex -6 10.08 -2
    endloop
  endfacet
  facet normal 0 0.894427 0.447214
    outer loop
      vertex -6 14.08 -2
      vertex -7.5 13.58 -1
      vertex -6.5 13.58 -1
    endloop
  endfacet
  facet normal 0 0.894427 0.447214
    outer loop
      vertex -7.5 13.58 -1
      vertex -6 14.08 -2
      vertex -8 14.08 -2
    endloop
  endfacet
  facet normal 1 -0 0
    outer loop
      vertex -6 10.08 -2
      vertex -6 14.08 -13
      vertex -6 14.08 -2
    endloop
  endfacet
  facet normal 1 0 0
    outer loop
      vertex -6 14.08 -13
      vertex -6 10.08 -2
      vertex -6 10.08 -13
    endloop
  endfacet
  facet normal -1 0 0
    outer loop
      vertex -8 10.08 -13
      vertex -8 14.08 -2
      vertex -8 14.08 -13
    endloop
  endfacet
  facet normal -1 -0 0
    outer loop
      vertex -8 14.08 -2
      vertex -8 10.08 -13
      vertex -8 10.08 -2
    endloop
  endfacet
  facet normal 0 1 -0
    outer loop
      vertex -6 14.08 -13
      vertex -8 14.08 -2
      vertex -6 14.08 -2
    endloop
  endfacet
  facet normal 0 1 0
    outer loop
      vertex -8 14.08 -2
      vertex -6 14.08 -13
      vertex -8 14.08 -13
    endloop
  endfacet
  facet normal -0.894427 0 0.447214
    outer loop
      vertex -8 14.08 -2
      vertex -7.5 10.58 -1
      vertex -7.5 13.58 -1
    endloop
  endfacet
  facet normal -0.894427 0 0.447214
    outer loop
      vertex -7.5 10.58 -1
      vertex -8 14.08 -2
      vertex -8 10.08 -2
    endloop
  endfacet
  facet normal -0 0 1
    outer loop
      vertex -7.5 13.58 -1
      vertex -6.5 10.58 -1
      vertex -6.5 13.58 -1
    endloop
  endfacet
  facet normal 0 0 1
    outer loop
      vertex -6.5 10.58 -1
      vertex -7.5 13.58 -1
      vertex -7.5 10.58 -1
    endloop
  endfacet
  facet normal 0 -0.894427 0.447214
    outer loop
      vertex 6 10.08 -2
      vertex 7.5 10.58 -1
      vertex 6.5 10.58 -1
    endloop
  endfacet
  facet normal 0 -0.894427 0.447214
    outer loop
      vertex 7.5 10.58 -1
      vertex 6 10.08 -2
      vertex 8 10.08 -2
    endloop
  endfacet
  facet normal 0 -1 0
    outer loop
      vertex 6 10.08 -13
      vertex 8 10.08 -2
      vertex 6 10.08 -2
    endloop
  endfacet
  facet normal 0 -1 -0
    outer loop
      vertex 8 10.08 -2
      vertex 6 10.08 -13
      vertex 8 10.08 -13
    endloop
  endfacet
  facet normal 0.894427 -0 0.447214
    outer loop
      vertex 7.5 10.58 -1
      vertex 8 14.08 -2
      vertex 7.5 13.58 -1
    endloop
  endfacet
  facet normal 0.894427 0 0.447214
    outer loop
      vertex 8 14.08 -2
      vertex 7.5 10.58 -1
      vertex 8 10.08 -2
    endloop
  endfacet
  facet normal 0 0.894427 0.447214
    outer loop
      vertex 8 14.08 -2
      vertex 6.5 13.58 -1
      vertex 7.5 13.58 -1
    endloop
  endfacet
  facet normal 0 0.894427 0.447214
    outer loop
      vertex 6.5 13.58 -1
      vertex 8 14.08 -2
      vertex 6 14.08 -2
    endloop
  endfacet
  facet normal 1 -0 0
    outer loop
      vertex 8 10.08 -2
      vertex 8 14.08 -13
      vertex 8 14.08 -2
    endloop
  endfacet
  facet normal 1 0 0
    outer loop
      vertex 8 14.08 -13
      vertex 8 10.08 -2
      vertex 8 10.08 -13
    endloop
  endfacet
  facet normal -1 0 0
    outer loop
      vertex 6 10.08 -13
      vertex 6 14.08 -2
      vertex 6 14.08 -13
    endloop
  endfacet
  facet normal -1 -0 0
    outer loop
      vertex 6 14.08 -2
      vertex 6 10.08 -13
      vertex 6 10.08 -2
    endloop
  endfacet
  facet normal 0 1 -0
    outer loop
      vertex 8 14.08 -13
      vertex 6 14.08 -2
      vertex 8 14.08 -2
    endloop
  endfacet
  facet normal 0 1 0
    outer loop
      vertex 6 14.08 -2
      vertex 8 14.08 -13
      vertex 6 14.08 -13
    endloop
  endfacet
  facet normal -0.894427 0 0.447214
    outer loop
      vertex 6 14.08 -2
      vertex 6.5 10.58 -1
      vertex 6.5 13.58 -1
    endloop
  endfacet
  facet normal -0.894427 0 0.447214
    outer loop
      vertex 6.5 10.58 -1
      vertex 6 14.08 -2
      vertex 6 10.08 -2
    endloop
  endfacet
  facet normal -0 0 1
    outer loop
      vertex 6.5 13.58 -1
      vertex 7.5 10.58 -1
      vertex 7.5 13.58 -1
    endloop
  endfacet
  facet normal 0 0 1
    outer loop
      vertex 7.5 10.58 -1
      vertex 6.5 13.58 -1
      vertex 6.5 10.58 -1
    endloop
  endfacet
  facet normal 0 -0.894427 0.447214
    outer loop
      vertex -1 14.08 1
      vertex 0.5 14.58 2
      vertex -0.5 14.58 2
    endloop
  endfacet
  facet normal 0 -0.894427 0.447214
    outer loop
      vertex 0.5 14.58 2
      vertex -1 14.08 1
      vertex 1 14.08 1
    endloop
  endfacet
  facet normal 0 -1 0
    outer loop
      vertex -1 14.08 -13
      vertex 1 14.08 1
      vertex -1 14.08 1
    endloop
  endfacet
  facet normal 0 -1 -0
    outer loop
      vertex 1 14.08 1
      vertex -1 14.08 -13
      vertex 1 14.08 -13
    endloop
  endfacet
  facet normal 0.894427 -0 0.447214
    outer loop
      vertex 0.5 14.58 2
      vertex 1 18.08 1
      vertex 0.5 17.58 2
    endloop
  endfacet
  facet normal 0.894427 0 0.447214
    outer loop
      vertex 1 18.08 1
      vertex 0.5 14.58 2
      vertex 1 14.08 1
    endloop
  endfacet
  facet normal 0 0.894427 0.447214
    outer loop
      vertex 1 18.08 1
      vertex -0.5 17.58 2
      vertex 0.5 17.58 2
    endloop
  endfacet
  facet normal 0 0.894427 0.447214
    outer loop
      vertex -0.5 17.58 2
      vertex 1 18.08 1
      vertex -1 18.08 1
    endloop
  endfacet
  facet normal 1 -0 0
    outer loop
      vertex 1 14.08 1
      vertex 1 18.08 -13
      vertex 1 18.08 1
    endloop
  endfacet
  facet normal 1 0 0
    outer loop
      vertex 1 18.08 -13
      vertex 1 14.08 1
      vertex 1 14.08 -13
    endloop
  endfacet
  facet normal -1 0 0
    outer loop
      vertex -1 14.08 -13
      vertex -1 18.08 1
      vertex -1 18.08 -13
    endloop
  endfacet
  facet normal -1 -0 0
    outer loop
      vertex -1 18.08 1
      vertex -1 14.08 -13
      vertex -1 14.08 1
    endloop
  endfacet
  facet normal 0 1 -0
    outer loop
      vertex 1 18.08 -13
      vertex -1 18.08 1
      vertex 1 18.08 1
    endloop
  endfacet
  facet normal 0 1 0
    outer loop
      vertex -1 18.08 1
      vertex 1 18.08 -13
      vertex -1 18.08 -13
    endloop
  endfacet
  facet normal -0.894427 0 0.447214
    outer loop
      vertex -1 18.08 1
      vertex -0.5 14.58 2
      vertex -0.5 17.58 2
    endloop
  endfacet
  facet normal -0.894427 0 0.447214
    outer loop
      vertex -0.5 14.58 2
      vertex -1 18.08 1
      vertex -1 14.08 1
    endloop
  endfacet
  facet normal -0 0 1
    outer loop
      vertex -0.5 17.58 2
      vertex 0.5 14.58 2
      vertex 0.5 17.58 2
    endloop
  endfacet
  facet normal 0 0 1
    outer loop
      vertex 0.5 14.58 2
      vertex -0.5 17.58 2
      vertex -0.5 14.58 2
    endloop
  endfacet
  facet normal 0 -1 0
    outer loop
      vertex 4.60001 9.75 -18.6
      vertex 6.93858 9.75 -20.9021
      vertex 9.39999 9.75 -18.6
    endloop
  endfacet
  facet normal 0 -1 0
    outer loop
      vertex 4.60001 9.75 -18.6
      vertex 6.69861 9.75 -20.952
      vertex 6.93858 9.75 -20.9021
    endloop
  endfacet
  facet normal 0 -1 0
    outer loop
      vertex 4.60001 9.75 -18.6
      vertex 6.481 9.75 -21.0647
      vertex 6.69861 9.75 -20.952
    endloop
  endfacet
  facet normal 0 -1 0
    outer loop
      vertex 4.60001 9.75 -18.6
      vertex 6.30186 9.75 -21.232
      vertex 6.481 9.75 -21.0647
    endloop
  endfacet
  facet normal 0 -1 0
    outer loop
      vertex 4.60001 9.75 -18.6
      vertex 6.17451 9.75 -21.4414
      vertex 6.30186 9.75 -21.232
    endloop
  endfacet
  facet normal 0 -1 0
    outer loop
      vertex 4.60001 9.75 -18.6
      vertex 6.10838 9.75 -21.6774
      vertex 6.17451 9.75 -21.4414
    endloop
  endfacet
  facet normal 0 -1 0
    outer loop
      vertex 4.60001 9.75 -23.8
      vertex 6.10838 9.75 -21.6774
      vertex 4.60001 9.75 -18.6
    endloop
  endfacet
  facet normal 0 -1 -0
    outer loop
      vertex 6.10838 9.75 -21.6774
      vertex 4.60001 9.75 -23.8
      vertex 6.10838 9.75 -21.9225
    endloop
  endfacet
  facet normal 0 -1 0
    outer loop
      vertex 5.20001 9.75 -25
      vertex 6.69861 9.75 -22.648
      vertex 4.60001 9.75 -23.8
    endloop
  endfacet
  facet normal 0 -1 -0
    outer loop
      vertex 6.481 9.75 -22.5353
      vertex 4.60001 9.75 -23.8
      vertex 6.69861 9.75 -22.648
    endloop
  endfacet
  facet normal 0 -1 -0
    outer loop
      vertex 6.30186 9.75 -22.368
      vertex 4.60001 9.75 -23.8
      vertex 6.481 9.75 -22.5353
    endloop
  endfacet
  facet normal 0 -1 -0
    outer loop
      vertex 6.17451 9.75 -22.1586
      vertex 4.60001 9.75 -23.8
      vertex 6.30186 9.75 -22.368
    endloop
  endfacet
  facet normal 0 -1 -0
    outer loop
      vertex 6.10838 9.75 -21.9225
      vertex 4.60001 9.75 -23.8
      vertex 6.17451 9.75 -22.1586
    endloop
  endfacet
  facet normal 0 -1 0
    outer loop
      vertex 4.60001 9.75 -18.6
      vertex 3 9.75 -16.5
      vertex 3 9.75 -18.6
    endloop
  endfacet
  facet normal 0 -1 0
    outer loop
      vertex 3 9.75 -16.5
      vertex 4.60001 9.75 -18.6
      vertex 11 9.75 -16.5
    endloop
  endfacet
  facet normal 0 -1 0
    outer loop
      vertex 9.39999 9.75 -18.6
      vertex 11 9.75 -16.5
      vertex 4.60001 9.75 -18.6
    endloop
  endfacet
  facet normal 0 -1 -0
    outer loop
      vertex 11 9.75 -16.5
      vertex 9.39999 9.75 -18.6
      vertex 11 9.75 -18.6
    endloop
  endfacet
  facet normal 0 -1 0
    outer loop
      vertex 7.18311 9.75 -20.9188
      vertex 9.39999 9.75 -18.6
      vertex 6.93858 9.75 -20.9021
    endloop
  endfacet
  facet normal 0 -1 0
    outer loop
      vertex 7.41405 9.75 -21.0009
      vertex 9.39999 9.75 -18.6
      vertex 7.18311 9.75 -20.9188
    endloop
  endfacet
  facet normal 0 -1 0
    outer loop
      vertex 7.61429 9.75 -21.1422
      vertex 9.39999 9.75 -18.6
      vertex 7.41405 9.75 -21.0009
    endloop
  endfacet
  facet normal 0 -1 0
    outer loop
      vertex 7.76897 9.75 -21.3324
      vertex 9.39999 9.75 -18.6
      vertex 7.61429 9.75 -21.1422
    endloop
  endfacet
  facet normal 0 -1 0
    outer loop
      vertex 7.86662 9.75 -21.5572
      vertex 9.39999 9.75 -18.6
      vertex 7.76897 9.75 -21.3324
    endloop
  endfacet
  facet normal 0 -1 0
    outer loop
      vertex 9.39999 9.75 -23.8
      vertex 7.86662 9.75 -21.5572
      vertex 7.89999 9.75 -21.8
    endloop
  endfacet
  facet normal 0 -1 0
    outer loop
      vertex 9.39999 9.75 -23.8
      vertex 7.89999 9.75 -21.8
      vertex 7.86662 9.75 -22.0428
    endloop
  endfacet
  facet normal 0 -1 0
    outer loop
      vertex 9.39999 9.75 -23.8
      vertex 7.86662 9.75 -22.0428
      vertex 7.76897 9.75 -22.2676
    endloop
  endfacet
  facet normal 0 -1 -0
    outer loop
      vertex 6.69861 9.75 -22.648
      vertex 5.20001 9.75 -25
      vertex 6.93858 9.75 -22.6979
    endloop
  endfacet
  facet normal 0 -1 0
    outer loop
      vertex 8.79999 9.75 -25
      vertex 6.93858 9.75 -22.6979
      vertex 5.20001 9.75 -25
    endloop
  endfacet
  facet normal 0 -1 0
    outer loop
      vertex 7.86662 9.75 -21.5572
      vertex 9.39999 9.75 -23.8
      vertex 9.39999 9.75 -18.6
    endloop
  endfacet
  facet normal 0 -1 0
    outer loop
      vertex 7.61429 9.75 -22.4577
      vertex 9.39999 9.75 -23.8
      vertex 7.76897 9.75 -22.2676
    endloop
  endfacet
  facet normal 0 -1 0
    outer loop
      vertex 7.41405 9.75 -22.5991
      vertex 9.39999 9.75 -23.8
      vertex 7.61429 9.75 -22.4577
    endloop
  endfacet
  facet normal 0 -1 0
    outer loop
      vertex 6.93858 9.75 -22.6979
      vertex 8.79999 9.75 -25
      vertex 7.18311 9.75 -22.6812
    endloop
  endfacet
  facet normal 0 -1 0
    outer loop
      vertex 7.18311 9.75 -22.6812
      vertex 8.79999 9.75 -25
      vertex 7.41405 9.75 -22.5991
    endloop
  endfacet
  facet normal 0 -1 0
    outer loop
      vertex 7.41405 9.75 -22.5991
      vertex 8.79999 9.75 -25
      vertex 9.39999 9.75 -23.8
    endloop
  endfacet
  facet normal 0 1 0
    outer loop
      vertex 9.39999 10.25 -18.6
      vertex 6.93858 10.25 -20.9021
      vertex 4.60001 10.25 -18.6
    endloop
  endfacet
  facet normal 0 1 0
    outer loop
      vertex 9.39999 10.25 -18.6
      vertex 7.18311 10.25 -20.9188
      vertex 6.93858 10.25 -20.9021
    endloop
  endfacet
  facet normal 0 1 0
    outer loop
      vertex 9.39999 10.25 -18.6
      vertex 7.41405 10.25 -21.0009
      vertex 7.18311 10.25 -20.9188
    endloop
  endfacet
  facet normal 0 1 0
    outer loop
      vertex 9.39999 10.25 -18.6
      vertex 7.61429 10.25 -21.1422
      vertex 7.41405 10.25 -21.0009
    endloop
  endfacet
  facet normal 0 1 0
    outer loop
      vertex 9.39999 10.25 -18.6
      vertex 7.76897 10.25 -21.3324
      vertex 7.61429 10.25 -21.1422
    endloop
  endfacet
  facet normal 0 1 0
    outer loop
      vertex 9.39999 10.25 -18.6
      vertex 7.86662 10.25 -21.5572
      vertex 7.76897 10.25 -21.3324
    endloop
  endfacet
  facet normal 0 1 -0
    outer loop
      vertex 9.39999 10.25 -23.8
      vertex 7.86662 10.25 -21.5572
      vertex 9.39999 10.25 -18.6
    endloop
  endfacet
  facet normal 0 1 0
    outer loop
      vertex 7.86662 10.25 -21.5572
      vertex 9.39999 10.25 -23.8
      vertex 7.89999 10.25 -21.8
    endloop
  endfacet
  facet normal 0 1 0
    outer loop
      vertex 7.89999 10.25 -21.8
      vertex 9.39999 10.25 -23.8
      vertex 7.86662 10.25 -22.0428
    endloop
  endfacet
  facet normal 0 1 0
    outer loop
      vertex 7.41405 10.25 -22.5991
      vertex 8.79999 10.25 -25
      vertex 7.18311 10.25 -22.6812
    endloop
  endfacet
  facet normal 0 1 -0
    outer loop
      vertex 8.79999 10.25 -25
      vertex 7.41405 10.25 -22.5991
      vertex 9.39999 10.25 -23.8
    endloop
  endfacet
  facet normal 0 1 0
    outer loop
      vertex 7.61429 10.25 -22.4577
      vertex 9.39999 10.25 -23.8
      vertex 7.41405 10.25 -22.5991
    endloop
  endfacet
  facet normal 0 1 0
    outer loop
      vertex 7.76897 10.25 -22.2676
      vertex 9.39999 10.25 -23.8
      vertex 7.61429 10.25 -22.4577
    endloop
  endfacet
  facet normal 0 1 0
    outer loop
      vertex 7.86662 10.25 -22.0428
      vertex 9.39999 10.25 -23.8
      vertex 7.76897 10.25 -22.2676
    endloop
  endfacet
  facet normal 0 1 0
    outer loop
      vertex 9.39999 10.25 -18.6
      vertex 11 10.25 -16.5
      vertex 11 10.25 -18.6
    endloop
  endfacet
  facet normal 0 1 0
    outer loop
      vertex 11 10.25 -16.5
      vertex 9.39999 10.25 -18.6
      vertex 3 10.25 -16.5
    endloop
  endfacet
  facet normal 0 1 -0
    outer loop
      vertex 4.60001 10.25 -18.6
      vertex 3 10.25 -16.5
      vertex 9.39999 10.25 -18.6
    endloop
  endfacet
  facet normal 0 1 0
    outer loop
      vertex 3 10.25 -16.5
      vertex 4.60001 10.25 -18.6
      vertex 3 10.25 -18.6
    endloop
  endfacet
  facet normal 0 1 -0
    outer loop
      vertex 6.69861 10.25 -20.952
      vertex 4.60001 10.25 -18.6
      vertex 6.93858 10.25 -20.9021
    endloop
  endfacet
  facet normal 0 1 -0
    outer loop
      vertex 6.481 10.25 -21.0647
      vertex 4.60001 10.25 -18.6
      vertex 6.69861 10.25 -20.952
    endloop
  endfacet
  facet normal 0 1 -0
    outer loop
      vertex 6.30186 10.25 -21.232
      vertex 4.60001 10.25 -18.6
      vertex 6.481 10.25 -21.0647
    endloop
  endfacet
  facet normal 0 1 -0
    outer loop
      vertex 6.17451 10.25 -21.4414
      vertex 4.60001 10.25 -18.6
      vertex 6.30186 10.25 -21.232
    endloop
  endfacet
  facet normal 0 1 -0
    outer loop
      vertex 6.10838 10.25 -21.6774
      vertex 4.60001 10.25 -18.6
      vertex 6.17451 10.25 -21.4414
    endloop
  endfacet
  facet normal 0 1 0
    outer loop
      vertex 4.60001 10.25 -23.8
      vertex 6.10838 10.25 -21.6774
      vertex 6.10838 10.25 -21.9225
    endloop
  endfacet
  facet normal 0 1 0
    outer loop
      vertex 4.60001 10.25 -23.8
      vertex 6.10838 10.25 -21.9225
      vertex 6.17451 10.25 -22.1586
    endloop
  endfacet
  facet normal 0 1 0
    outer loop
      vertex 7.18311 10.25 -22.6812
      vertex 8.79999 10.25 -25
      vertex 6.93858 10.25 -22.6979
    endloop
  endfacet
  facet normal 0 1 0
    outer loop
      vertex 6.10838 10.25 -21.6774
      vertex 4.60001 10.25 -23.8
      vertex 4.60001 10.25 -18.6
    endloop
  endfacet
  facet normal 0 1 0
    outer loop
      vertex 6.30186 10.25 -22.368
      vertex 4.60001 10.25 -23.8
      vertex 6.17451 10.25 -22.1586
    endloop
  endfacet
  facet normal 0 1 0
    outer loop
      vertex 6.481 10.25 -22.5353
      vertex 4.60001 10.25 -23.8
      vertex 6.30186 10.25 -22.368
    endloop
  endfacet
  facet normal 0 1 0
    outer loop
      vertex 6.69861 10.25 -22.648
      vertex 4.60001 10.25 -23.8
      vertex 6.481 10.25 -22.5353
    endloop
  endfacet
  facet normal 0 1 0
    outer loop
      vertex 5.20001 10.25 -25
      vertex 6.93858 10.25 -22.6979
      vertex 8.79999 10.25 -25
    endloop
  endfacet
  facet normal 0 1 0
    outer loop
      vertex 6.93858 10.25 -22.6979
      vertex 5.20001 10.25 -25
      vertex 6.69861 10.25 -22.648
    endloop
  endfacet
  facet normal 0 1 0
    outer loop
      vertex 6.69861 10.25 -22.648
      vertex 5.20001 10.25 -25
      vertex 4.60001 10.25 -23.8
    endloop
  endfacet
  facet normal 0 0 -1
    outer loop
      vertex 9.39999 9.75 -18.6
      vertex 11 10.25 -18.6
      vertex 11 9.75 -18.6
    endloop
  endfacet
  facet normal -0 0 -1
    outer loop
      vertex 11 10.25 -18.6
      vertex 9.39999 9.75 -18.6
      vertex 9.39999 10.25 -18.6
    endloop
  endfacet
  facet normal 1 -0 0
    outer loop
      vertex 9.39999 9.75 -18.6
      vertex 9.39999 10.25 -23.8
      vertex 9.39999 10.25 -18.6
    endloop
  endfacet
  facet normal 1 0 0
    outer loop
      vertex 9.39999 10.25 -23.8
      vertex 9.39999 9.75 -18.6
      vertex 9.39999 9.75 -23.8
    endloop
  endfacet
  facet normal 0.894427 0 -0.447214
    outer loop
      vertex 9.39999 9.75 -23.8
      vertex 8.79999 10.25 -25
      vertex 9.39999 10.25 -23.8
    endloop
  endfacet
  facet normal 0.894427 0 -0.447214
    outer loop
      vertex 8.79999 10.25 -25
      vertex 9.39999 9.75 -23.8
      vertex 8.79999 9.75 -25
    endloop
  endfacet
  facet normal 0 0 -1
    outer loop
      vertex 5.20001 9.75 -25
      vertex 8.79999 10.25 -25
      vertex 8.79999 9.75 -25
    endloop
  endfacet
  facet normal -0 0 -1
    outer loop
      vertex 8.79999 10.25 -25
      vertex 5.20001 9.75 -25
      vertex 5.20001 10.25 -25
    endloop
  endfacet
  facet normal -0.894427 0 -0.447214
    outer loop
      vertex 5.20001 9.75 -25
      vertex 4.60001 10.25 -23.8
      vertex 5.20001 10.25 -25
    endloop
  endfacet
  facet normal -0.894427 -0 -0.447214
    outer loop
      vertex 4.60001 10.25 -23.8
      vertex 5.20001 9.75 -25
      vertex 4.60001 9.75 -23.8
    endloop
  endfacet
  facet normal -1 0 0
    outer loop
      vertex 4.60001 9.75 -23.8
      vertex 4.60001 10.25 -18.6
      vertex 4.60001 10.25 -23.8
    endloop
  endfacet
  facet normal -1 -0 0
    outer loop
      vertex 4.60001 10.25 -18.6
      vertex 4.60001 9.75 -23.8
      vertex 4.60001 9.75 -18.6
    endloop
  endfacet
  facet normal 0 0 -1
    outer loop
      vertex 3 9.75 -18.6
      vertex 4.60001 10.25 -18.6
      vertex 4.60001 9.75 -18.6
    endloop
  endfacet
  facet normal -0 0 -1
    outer loop
      vertex 4.60001 10.25 -18.6
      vertex 3 9.75 -18.6
      vertex 3 10.25 -18.6
    endloop
  endfacet
  facet normal -1 0 0
    outer loop
      vertex 3 9.75 -18.6
      vertex 3 10.25 -16.5
      vertex 3 10.25 -18.6
    endloop
  endfacet
  facet normal -1 -0 0
    outer loop
      vertex 3 10.25 -16.5
      vertex 3 9.75 -18.6
      vertex 3 9.75 -16.5
    endloop
  endfacet
  facet normal 1 -0 0
    outer loop
      vertex 11 9.75 -16.5
      vertex 11 10.25 -18.6
      vertex 11 10.25 -16.5
    endloop
  endfacet
  facet normal 1 0 0
    outer loop
      vertex 11 10.25 -18.6
      vertex 11 9.75 -16.5
      vertex 11 9.75 -18.6
    endloop
  endfacet
  facet normal 0.459884 0 -0.887979
    outer loop
      vertex 6.481 9.75 -21.0647
      vertex 6.69861 10.25 -20.952
      vertex 6.69861 9.75 -20.952
    endloop
  endfacet
  facet normal 0.459884 0 -0.887979
    outer loop
      vertex 6.69861 10.25 -20.952
      vertex 6.481 9.75 -21.0647
      vertex 6.481 10.25 -21.0647
    endloop
  endfacet
  facet normal 0.682542 0 -0.730846
    outer loop
      vertex 6.30186 9.75 -21.232
      vertex 6.481 10.25 -21.0647
      vertex 6.481 9.75 -21.0647
    endloop
  endfacet
  facet normal 0.682542 0 -0.730846
    outer loop
      vertex 6.481 10.25 -21.0647
      vertex 6.30186 9.75 -21.232
      vertex 6.30186 10.25 -21.232
    endloop
  endfacet
  facet normal 0.854399 0 -0.519617
    outer loop
      vertex 6.30186 9.75 -21.232
      vertex 6.17451 10.25 -21.4414
      vertex 6.30186 10.25 -21.232
    endloop
  endfacet
  facet normal 0.854399 0 -0.519617
    outer loop
      vertex 6.17451 10.25 -21.4414
      vertex 6.30186 9.75 -21.232
      vertex 6.17451 9.75 -21.4414
    endloop
  endfacet
  facet normal 0.962911 0 -0.269819
    outer loop
      vertex 6.17451 9.75 -21.4414
      vertex 6.10838 10.25 -21.6774
      vertex 6.17451 10.25 -21.4414
    endloop
  endfacet
  facet normal 0.962911 0 -0.269819
    outer loop
      vertex 6.10838 10.25 -21.6774
      vertex 6.17451 9.75 -21.4414
      vertex 6.10838 9.75 -21.6774
    endloop
  endfacet
  facet normal 1 -0 0
    outer loop
      vertex 6.10838 9.75 -21.6774
      vertex 6.10838 10.25 -21.9225
      vertex 6.10838 10.25 -21.6774
    endloop
  endfacet
  facet normal 1 0 0
    outer loop
      vertex 6.10838 10.25 -21.9225
      vertex 6.10838 9.75 -21.6774
      vertex 6.10838 9.75 -21.9225
    endloop
  endfacet
  facet normal 0.962941 -0 0.269713
    outer loop
      vertex 6.10838 9.75 -21.9225
      vertex 6.17451 10.25 -22.1586
      vertex 6.10838 10.25 -21.9225
    endloop
  endfacet
  facet normal 0.962941 0 0.269713
    outer loop
      vertex 6.17451 10.25 -22.1586
      vertex 6.10838 9.75 -21.9225
      vertex 6.17451 9.75 -22.1586
    endloop
  endfacet
  facet normal 0.854399 -0 0.519617
    outer loop
      vertex 6.17451 9.75 -22.1586
      vertex 6.30186 10.25 -22.368
      vertex 6.17451 10.25 -22.1586
    endloop
  endfacet
  facet normal 0.854399 0 0.519617
    outer loop
      vertex 6.30186 10.25 -22.368
      vertex 6.17451 9.75 -22.1586
      vertex 6.30186 9.75 -22.368
    endloop
  endfacet
  facet normal 0.682542 0 0.730846
    outer loop
      vertex 6.30186 10.25 -22.368
      vertex 6.481 9.75 -22.5353
      vertex 6.481 10.25 -22.5353
    endloop
  endfacet
  facet normal 0.682542 0 0.730846
    outer loop
      vertex 6.481 9.75 -22.5353
      vertex 6.30186 10.25 -22.368
      vertex 6.30186 9.75 -22.368
    endloop
  endfacet
  facet normal 0.459884 0 0.887979
    outer loop
      vertex 6.481 10.25 -22.5353
      vertex 6.69861 9.75 -22.648
      vertex 6.69861 10.25 -22.648
    endloop
  endfacet
  facet normal 0.459884 0 0.887979
    outer loop
      vertex 6.69861 9.75 -22.648
      vertex 6.481 10.25 -22.5353
      vertex 6.481 9.75 -22.5353
    endloop
  endfacet
  facet normal 0.203588 0 0.979057
    outer loop
      vertex 6.69861 10.25 -22.648
      vertex 6.93858 9.75 -22.6979
      vertex 6.93858 10.25 -22.6979
    endloop
  endfacet
  facet normal 0.203588 0 0.979057
    outer loop
      vertex 6.93858 9.75 -22.6979
      vertex 6.69861 10.25 -22.648
      vertex 6.69861 9.75 -22.648
    endloop
  endfacet
  facet normal -0.0681356 0 0.997676
    outer loop
      vertex 6.93858 10.25 -22.6979
      vertex 7.18311 9.75 -22.6812
      vertex 7.18311 10.25 -22.6812
    endloop
  endfacet
  facet normal -0.0681356 0 0.997676
    outer loop
      vertex 7.18311 9.75 -22.6812
      vertex 6.93858 10.25 -22.6979
      vertex 6.93858 9.75 -22.6979
    endloop
  endfacet
  facet normal -0.334966 0 0.94223
    outer loop
      vertex 7.18311 10.25 -22.6812
      vertex 7.41405 9.75 -22.5991
      vertex 7.41405 10.25 -22.5991
    endloop
  endfacet
  facet normal -0.334966 0 0.94223
    outer loop
      vertex 7.41405 9.75 -22.5991
      vertex 7.18311 10.25 -22.6812
      vertex 7.18311 9.75 -22.6812
    endloop
  endfacet
  facet normal -0.576831 0 0.816864
    outer loop
      vertex 7.41405 10.25 -22.5991
      vertex 7.61429 9.75 -22.4577
      vertex 7.61429 10.25 -22.4577
    endloop
  endfacet
  facet normal -0.576831 0 0.816864
    outer loop
      vertex 7.61429 9.75 -22.4577
      vertex 7.41405 10.25 -22.5991
      vertex 7.41405 9.75 -22.5991
    endloop
  endfacet
  facet normal -0.775667 0 0.631142
    outer loop
      vertex 7.61429 9.75 -22.4577
      vertex 7.76897 10.25 -22.2676
      vertex 7.61429 10.25 -22.4577
    endloop
  endfacet
  facet normal -0.775667 0 0.631142
    outer loop
      vertex 7.76897 10.25 -22.2676
      vertex 7.61429 9.75 -22.4577
      vertex 7.76897 9.75 -22.2676
    endloop
  endfacet
  facet normal -0.917203 0 0.39842
    outer loop
      vertex 7.76897 9.75 -22.2676
      vertex 7.86662 10.25 -22.0428
      vertex 7.76897 10.25 -22.2676
    endloop
  endfacet
  facet normal -0.917203 0 0.39842
    outer loop
      vertex 7.86662 10.25 -22.0428
      vertex 7.76897 9.75 -22.2676
      vertex 7.86662 9.75 -22.0428
    endloop
  endfacet
  facet normal -0.990687 0 0.136158
    outer loop
      vertex 7.86662 9.75 -22.0428
      vertex 7.89999 10.25 -21.8
      vertex 7.86662 10.25 -22.0428
    endloop
  endfacet
  facet normal -0.990687 0 0.136158
    outer loop
      vertex 7.89999 10.25 -21.8
      vertex 7.86662 9.75 -22.0428
      vertex 7.89999 9.75 -21.8
    endloop
  endfacet
  facet normal -0.990687 0 -0.136158
    outer loop
      vertex 7.89999 9.75 -21.8
      vertex 7.86662 10.25 -21.5572
      vertex 7.89999 10.25 -21.8
    endloop
  endfacet
  facet normal -0.990687 -0 -0.136158
    outer loop
      vertex 7.86662 10.25 -21.5572
      vertex 7.89999 9.75 -21.8
      vertex 7.86662 9.75 -21.5572
    endloop
  endfacet
  facet normal -0.917203 0 -0.39842
    outer loop
      vertex 7.86662 9.75 -21.5572
      vertex 7.76897 10.25 -21.3324
      vertex 7.86662 10.25 -21.5572
    endloop
  endfacet
  facet normal -0.917203 -0 -0.39842
    outer loop
      vertex 7.76897 10.25 -21.3324
      vertex 7.86662 9.75 -21.5572
      vertex 7.76897 9.75 -21.3324
    endloop
  endfacet
  facet normal -0.775829 0 -0.630943
    outer loop
      vertex 7.76897 9.75 -21.3324
      vertex 7.61429 10.25 -21.1422
      vertex 7.76897 10.25 -21.3324
    endloop
  endfacet
  facet normal -0.775829 -0 -0.630943
    outer loop
      vertex 7.61429 10.25 -21.1422
      vertex 7.76897 9.75 -21.3324
      vertex 7.61429 9.75 -21.1422
    endloop
  endfacet
  facet normal -0.576558 0 -0.817056
    outer loop
      vertex 7.41405 9.75 -21.0009
      vertex 7.61429 10.25 -21.1422
      vertex 7.61429 9.75 -21.1422
    endloop
  endfacet
  facet normal -0.576558 0 -0.817056
    outer loop
      vertex 7.61429 10.25 -21.1422
      vertex 7.41405 9.75 -21.0009
      vertex 7.41405 10.25 -21.0009
    endloop
  endfacet
  facet normal -0.334966 0 -0.94223
    outer loop
      vertex 7.18311 9.75 -20.9188
      vertex 7.41405 10.25 -21.0009
      vertex 7.41405 9.75 -21.0009
    endloop
  endfacet
  facet normal -0.334966 0 -0.94223
    outer loop
      vertex 7.41405 10.25 -21.0009
      vertex 7.18311 9.75 -20.9188
      vertex 7.18311 10.25 -20.9188
    endloop
  endfacet
  facet normal -0.0681356 0 -0.997676
    outer loop
      vertex 6.93858 9.75 -20.9021
      vertex 7.18311 10.25 -20.9188
      vertex 7.18311 9.75 -20.9188
    endloop
  endfacet
  facet normal -0.0681356 0 -0.997676
    outer loop
      vertex 7.18311 10.25 -20.9188
      vertex 6.93858 9.75 -20.9021
      vertex 6.93858 10.25 -20.9021
    endloop
  endfacet
  facet normal 0.203588 0 -0.979057
    outer loop
      vertex 6.69861 9.75 -20.952
      vertex 6.93858 10.25 -20.9021
      vertex 6.93858 9.75 -20.9021
    endloop
  endfacet
  facet normal 0.203588 0 -0.979057
    outer loop
      vertex 6.93858 10.25 -20.9021
      vertex 6.69861 9.75 -20.952
      vertex 6.69861 10.25 -20.952
    endloop
  endfacet
  facet normal 0 -1 0
    outer loop
      vertex -2.39999 19.75 -18.6
      vertex -0.0614166 19.75 -20.9021
      vertex 2.39999 19.75 -18.6
    endloop
  endfacet
  facet normal 0 -1 0
    outer loop
      vertex -2.39999 19.75 -18.6
      vertex -0.301392 19.75 -20.952
      vertex -0.0614166 19.75 -20.9021
    endloop
  endfacet
  facet normal 0 -1 0
    outer loop
      vertex -2.39999 19.75 -18.6
      vertex -0.518997 19.75 -21.0647
      vertex -0.301392 19.75 -20.952
    endloop
  endfacet
  facet normal 0 -1 0
    outer loop
      vertex -2.39999 19.75 -18.6
      vertex -0.698135 19.75 -21.232
      vertex -0.518997 19.75 -21.0647
    endloop
  endfacet
  facet normal 0 -1 0
    outer loop
      vertex -2.39999 19.75 -18.6
      vertex -0.825485 19.75 -21.4414
      vertex -0.698135 19.75 -21.232
    endloop
  endfacet
  facet normal 0 -1 0
    outer loop
      vertex -2.39999 19.75 -18.6
      vertex -0.891617 19.75 -21.6774
      vertex -0.825485 19.75 -21.4414
    endloop
  endfacet
  facet normal 0 -1 0
    outer loop
      vertex -2.39999 19.75 -23.8
      vertex -0.891617 19.75 -21.6774
      vertex -2.39999 19.75 -18.6
    endloop
  endfacet
  facet normal 0 -1 -0
    outer loop
      vertex -0.891617 19.75 -21.6774
      vertex -2.39999 19.75 -23.8
      vertex -0.891617 19.75 -21.9225
    endloop
  endfacet
  facet normal 0 -1 0
    outer loop
      vertex -1.79999 19.75 -25
      vertex -0.301392 19.75 -22.648
      vertex -2.39999 19.75 -23.8
    endloop
  endfacet
  facet normal 0 -1 -0
    outer loop
      vertex -0.518997 19.75 -22.5353
      vertex -2.39999 19.75 -23.8
      vertex -0.301392 19.75 -22.648
    endloop
  endfacet
  facet normal 0 -1 -0
    outer loop
      vertex -0.698135 19.75 -22.368
      vertex -2.39999 19.75 -23.8
      vertex -0.518997 19.75 -22.5353
    endloop
  endfacet
  facet normal 0 -1 -0
    outer loop
      vertex -0.825485 19.75 -22.1586
      vertex -2.39999 19.75 -23.8
      vertex -0.698135 19.75 -22.368
    endloop
  endfacet
  facet normal 0 -1 -0
    outer loop
      vertex -0.891617 19.75 -21.9225
      vertex -2.39999 19.75 -23.8
      vertex -0.825485 19.75 -22.1586
    endloop
  endfacet
  facet normal 0 -1 0
    outer loop
      vertex -2.39999 19.75 -18.6
      vertex -4 19.75 -16.5
      vertex -4 19.75 -18.6
    endloop
  endfacet
  facet normal 0 -1 0
    outer loop
      vertex -4 19.75 -16.5
      vertex -2.39999 19.75 -18.6
      vertex 4 19.75 -16.5
    endloop
  endfacet
  facet normal 0 -1 0
    outer loop
      vertex 2.39999 19.75 -18.6
      vertex 4 19.75 -16.5
      vertex -2.39999 19.75 -18.6
    endloop
  endfacet
  facet normal 0 -1 -0
    outer loop
      vertex 4 19.75 -16.5
      vertex 2.39999 19.75 -18.6
      vertex 4 19.75 -18.6
    endloop
  endfacet
  facet normal 0 -1 0
    outer loop
      vertex 0.183105 19.75 -20.9188
      vertex 2.39999 19.75 -18.6
      vertex -0.0614166 19.75 -20.9021
    endloop
  endfacet
  facet normal 0 -1 0
    outer loop
      vertex 0.414047 19.75 -21.0009
      vertex 2.39999 19.75 -18.6
      vertex 0.183105 19.75 -20.9188
    endloop
  endfacet
  facet normal 0 -1 0
    outer loop
      vertex 0.614288 19.75 -21.1422
      vertex 2.39999 19.75 -18.6
      vertex 0.414047 19.75 -21.0009
    endloop
  endfacet
  facet normal 0 -1 0
    outer loop
      vertex 0.768967 19.75 -21.3324
      vertex 2.39999 19.75 -18.6
      vertex 0.614288 19.75 -21.1422
    endloop
  endfacet
  facet normal 0 -1 0
    outer loop
      vertex 0.866623 19.75 -21.5572
      vertex 2.39999 19.75 -18.6
      vertex 0.768967 19.75 -21.3324
    endloop
  endfacet
  facet normal 0 -1 0
    outer loop
      vertex 2.39999 19.75 -23.8
      vertex 0.866623 19.75 -21.5572
      vertex 0.899994 19.75 -21.8
    endloop
  endfacet
  facet normal 0 -1 0
    outer loop
      vertex 2.39999 19.75 -23.8
      vertex 0.899994 19.75 -21.8
      vertex 0.866623 19.75 -22.0428
    endloop
  endfacet
  facet normal 0 -1 0
    outer loop
      vertex 2.39999 19.75 -23.8
      vertex 0.866623 19.75 -22.0428
      vertex 0.768967 19.75 -22.2676
    endloop
  endfacet
  facet normal 0 -1 -0
    outer loop
      vertex -0.301392 19.75 -22.648
      vertex -1.79999 19.75 -25
      vertex -0.0614166 19.75 -22.6979
    endloop
  endfacet
  facet normal 0 -1 0
    outer loop
      vertex 1.79999 19.75 -25
      vertex -0.0614166 19.75 -22.6979
      vertex -1.79999 19.75 -25
    endloop
  endfacet
  facet normal 0 -1 0
    outer loop
      vertex 0.866623 19.75 -21.5572
      vertex 2.39999 19.75 -23.8
      vertex 2.39999 19.75 -18.6
    endloop
  endfacet
  facet normal 0 -1 0
    outer loop
      vertex 0.614288 19.75 -22.4577
      vertex 2.39999 19.75 -23.8
      vertex 0.768967 19.75 -22.2676
    endloop
  endfacet
  facet normal 0 -1 0
    outer loop
      vertex 0.414047 19.75 -22.5991
      vertex 2.39999 19.75 -23.8
      vertex 0.614288 19.75 -22.4577
    endloop
  endfacet
  facet normal 0 -1 0
    outer loop
      vertex -0.0614166 19.75 -22.6979
      vertex 1.79999 19.75 -25
      vertex 0.183105 19.75 -22.6812
    endloop
  endfacet
  facet normal 0 -1 0
    outer loop
      vertex 0.183105 19.75 -22.6812
      vertex 1.79999 19.75 -25
      vertex 0.414047 19.75 -22.5991
    endloop
  endfacet
  facet normal 0 -1 0
    outer loop
      vertex 0.414047 19.75 -22.5991
      vertex 1.79999 19.75 -25
      vertex 2.39999 19.75 -23.8
    endloop
  endfacet
  facet normal 0 1 0
    outer loop
      vertex 2.39999 20.25 -18.6
      vertex -0.0614166 20.25 -20.9021
      vertex -2.39999 20.25 -18.6
    endloop
  endfacet
  facet normal 0 1 0
    outer loop
      vertex 2.39999 20.25 -18.6
      vertex 0.183105 20.25 -20.9188
      vertex -0.0614166 20.25 -20.9021
    endloop
  endfacet
  facet normal 0 1 0
    outer loop
      vertex 2.39999 20.25 -18.6
      vertex 0.414047 20.25 -21.0009
      vertex 0.183105 20.25 -20.9188
    endloop
  endfacet
  facet normal 0 1 0
    outer loop
      vertex 2.39999 20.25 -18.6
      vertex 0.614288 20.25 -21.1422
      vertex 0.414047 20.25 -21.0009
    endloop
  endfacet
  facet normal 0 1 0
    outer loop
      vertex 2.39999 20.25 -18.6
      vertex 0.768967 20.25 -21.3324
      vertex 0.614288 20.25 -21.1422
    endloop
  endfacet
  facet normal 0 1 0
    outer loop
      vertex 2.39999 20.25 -18.6
      vertex 0.866623 20.25 -21.5572
      vertex 0.768967 20.25 -21.3324
    endloop
  endfacet
  facet normal 0 1 -0
    outer loop
      vertex 2.39999 20.25 -23.8
      vertex 0.866623 20.25 -21.5572
      vertex 2.39999 20.25 -18.6
    endloop
  endfacet
  facet normal 0 1 0
    outer loop
      vertex 0.866623 20.25 -21.5572
      vertex 2.39999 20.25 -23.8
      vertex 0.899994 20.25 -21.8
    endloop
  endfacet
  facet normal 0 1 0
    outer loop
      vertex 0.899994 20.25 -21.8
      vertex 2.39999 20.25 -23.8
      vertex 0.866623 20.25 -22.0428
    endloop
  endfacet
  facet normal 0 1 0
    outer loop
      vertex 0.414047 20.25 -22.5991
      vertex 1.79999 20.25 -25
      vertex 0.183105 20.25 -22.6812
    endloop
  endfacet
  facet normal 0 1 -0
    outer loop
      vertex 1.79999 20.25 -25
      vertex 0.414047 20.25 -22.5991
      vertex 2.39999 20.25 -23.8
    endloop
  endfacet
  facet normal 0 1 0
    outer loop
      vertex 0.614288 20.25 -22.4577
      vertex 2.39999 20.25 -23.8
      vertex 0.414047 20.25 -22.5991
    endloop
  endfacet
  facet normal 0 1 0
    outer loop
      vertex 0.768967 20.25 -22.2676
      vertex 2.39999 20.25 -23.8
      vertex 0.614288 20.25 -22.4577
    endloop
  endfacet
  facet normal 0 1 0
    outer loop
      vertex 0.866623 20.25 -22.0428
      vertex 2.39999 20.25 -23.8
      vertex 0.768967 20.25 -22.2676
    endloop
  endfacet
  facet normal 0 1 0
    outer loop
      vertex 2.39999 20.25 -18.6
      vertex 4 20.25 -16.5
      vertex 4 20.25 -18.6
    endloop
  endfacet
  facet normal 0 1 0
    outer loop
      vertex 4 20.25 -16.5
      vertex 2.39999 20.25 -18.6
      vertex -4 20.25 -16.5
    endloop
  endfacet
  facet normal 0 1 -0
    outer loop
      vertex -2.39999 20.25 -18.6
      vertex -4 20.25 -16.5
      vertex 2.39999 20.25 -18.6
    endloop
  endfacet
  facet normal 0 1 0
    outer loop
      vertex -4 20.25 -16.5
      vertex -2.39999 20.25 -18.6
      vertex -4 20.25 -18.6
    endloop
  endfacet
  facet normal 0 1 -0
    outer loop
      vertex -0.301392 20.25 -20.952
      vertex -2.39999 20.25 -18.6
      vertex -0.0614166 20.25 -20.9021
    endloop
  endfacet
  facet normal 0 1 -0
    outer loop
      vertex -0.518997 20.25 -21.0647
      vertex -2.39999 20.25 -18.6
      vertex -0.301392 20.25 -20.952
    endloop
  endfacet
  facet normal 0 1 -0
    outer loop
      vertex -0.698135 20.25 -21.232
      vertex -2.39999 20.25 -18.6
      vertex -0.518997 20.25 -21.0647
    endloop
  endfacet
  facet normal 0 1 -0
    outer loop
      vertex -0.825485 20.25 -21.4414
      vertex -2.39999 20.25 -18.6
      vertex -0.698135 20.25 -21.232
    endloop
  endfacet
  facet normal 0 1 -0
    outer loop
      vertex -0.891617 20.25 -21.6774
      vertex -2.39999 20.25 -18.6
      vertex -0.825485 20.25 -21.4414
    endloop
  endfacet
  facet normal 0 1 0
    outer loop
      vertex -2.39999 20.25 -23.8
      vertex -0.891617 20.25 -21.6774
      vertex -0.891617 20.25 -21.9225
    endloop
  endfacet
  facet normal 0 1 0
    outer loop
      vertex -2.39999 20.25 -23.8
      vertex -0.891617 20.25 -21.9225
      vertex -0.825485 20.25 -22.1586
    endloop
  endfacet
  facet normal 0 1 0
    outer loop
      vertex 0.183105 20.25 -22.6812
      vertex 1.79999 20.25 -25
      vertex -0.0614166 20.25 -22.6979
    endloop
  endfacet
  facet normal 0 1 0
    outer loop
      vertex -0.891617 20.25 -21.6774
      vertex -2.39999 20.25 -23.8
      vertex -2.39999 20.25 -18.6
    endloop
  endfacet
  facet normal 0 1 0
    outer loop
      vertex -0.698135 20.25 -22.368
      vertex -2.39999 20.25 -23.8
      vertex -0.825485 20.25 -22.1586
    endloop
  endfacet
  facet normal 0 1 0
    outer loop
      vertex -0.518997 20.25 -22.5353
      vertex -2.39999 20.25 -23.8
      vertex -0.698135 20.25 -22.368
    endloop
  endfacet
  facet normal 0 1 0
    outer loop
      vertex -0.301392 20.25 -22.648
      vertex -2.39999 20.25 -23.8
      vertex -0.518997 20.25 -22.5353
    endloop
  endfacet
  facet normal 0 1 0
    outer loop
      vertex -1.79999 20.25 -25
      vertex -0.0614166 20.25 -22.6979
      vertex 1.79999 20.25 -25
    endloop
  endfacet
  facet normal 0 1 0
    outer loop
      vertex -0.0614166 20.25 -22.6979
      vertex -1.79999 20.25 -25
      vertex -0.301392 20.25 -22.648
    endloop
  endfacet
  facet normal 0 1 0
    outer loop
      vertex -0.301392 20.25 -22.648
      vertex -1.79999 20.25 -25
      vertex -2.39999 20.25 -23.8
    endloop
  endfacet
  facet normal 0 0 -1
    outer loop
      vertex 2.39999 19.75 -18.6
      vertex 4 20.25 -18.6
      vertex 4 19.75 -18.6
    endloop
  endfacet
  facet normal -0 0 -1
    outer loop
      vertex 4 20.25 -18.6
      vertex 2.39999 19.75 -18.6
      vertex 2.39999 20.25 -18.6
    endloop
  endfacet
  facet normal 1 -0 0
    outer loop
      vertex 2.39999 19.75 -18.6
      vertex 2.39999 20.25 -23.8
      vertex 2.39999 20.25 -18.6
    endloop
  endfacet
  facet normal 1 0 0
    outer loop
      vertex 2.39999 20.25 -23.8
      vertex 2.39999 19.75 -18.6
      vertex 2.39999 19.75 -23.8
    endloop
  endfacet
  facet normal 0.894427 0 -0.447214
    outer loop
      vertex 2.39999 19.75 -23.8
      vertex 1.79999 20.25 -25
      vertex 2.39999 20.25 -23.8
    endloop
  endfacet
  facet normal 0.894427 0 -0.447214
    outer loop
      vertex 1.79999 20.25 -25
      vertex 2.39999 19.75 -23.8
      vertex 1.79999 19.75 -25
    endloop
  endfacet
  facet normal 0 0 -1
    outer loop
      vertex -1.79999 19.75 -25
      vertex 1.79999 20.25 -25
      vertex 1.79999 19.75 -25
    endloop
  endfacet
  facet normal -0 0 -1
    outer loop
      vertex 1.79999 20.25 -25
      vertex -1.79999 19.75 -25
      vertex -1.79999 20.25 -25
    endloop
  endfacet
  facet normal -0.894427 0 -0.447214
    outer loop
      vertex -1.79999 19.75 -25
      vertex -2.39999 20.25 -23.8
      vertex -1.79999 20.25 -25
    endloop
  endfacet
  facet normal -0.894427 -0 -0.447214
    outer loop
      vertex -2.39999 20.25 -23.8
      vertex -1.79999 19.75 -25
      vertex -2.39999 19.75 -23.8
    endloop
  endfacet
  facet normal -1 0 0
    outer loop
      vertex -2.39999 19.75 -23.8
      vertex -2.39999 20.25 -18.6
      vertex -2.39999 20.25 -23.8
    endloop
  endfacet
  facet normal -1 -0 0
    outer loop
      vertex -2.39999 20.25 -18.6
      vertex -2.39999 19.75 -23.8
      vertex -2.39999 19.75 -18.6
    endloop
  endfacet
  facet normal 0 0 -1
    outer loop
      vertex -4 19.75 -18.6
      vertex -2.39999 20.25 -18.6
      vertex -2.39999 19.75 -18.6
    endloop
  endfacet
  facet normal -0 0 -1
    outer loop
      vertex -2.39999 20.25 -18.6
      vertex -4 19.75 -18.6
      vertex -4 20.25 -18.6
    endloop
  endfacet
  facet normal -1 0 0
    outer loop
      vertex -4 19.75 -18.6
      vertex -4 20.25 -16.5
      vertex -4 20.25 -18.6
    endloop
  endfacet
  facet normal -1 -0 0
    outer loop
      vertex -4 20.25 -16.5
      vertex -4 19.75 -18.6
      vertex -4 19.75 -16.5
    endloop
  endfacet
  facet normal 1 -0 0
    outer loop
      vertex 4 19.75 -16.5
      vertex 4 20.25 -18.6
      vertex 4 20.25 -16.5
    endloop
  endfacet
  facet normal 1 0 0
    outer loop
      vertex 4 20.25 -18.6
      vertex 4 19.75 -16.5
      vertex 4 19.75 -18.6
    endloop
  endfacet
  facet normal 0.459892 0 -0.887975
    outer loop
      vertex -0.518997 19.75 -21.0647
      vertex -0.301392 20.25 -20.952
      vertex -0.301392 19.75 -20.952
    endloop
  endfacet
  facet normal 0.459892 0 -0.887975
    outer loop
      vertex -0.301392 20.25 -20.952
      vertex -0.518997 19.75 -21.0647
      vertex -0.518997 20.25 -21.0647
    endloop
  endfacet
  facet normal 0.682546 0 -0.730843
    outer loop
      vertex -0.698135 19.75 -21.232
      vertex -0.518997 20.25 -21.0647
      vertex -0.518997 19.75 -21.0647
    endloop
  endfacet
  facet normal 0.682546 0 -0.730843
    outer loop
      vertex -0.518997 20.25 -21.0647
      vertex -0.698135 19.75 -21.232
      vertex -0.698135 20.25 -21.232
    endloop
  endfacet
  facet normal 0.854399 0 -0.519617
    outer loop
      vertex -0.698135 19.75 -21.232
      vertex -0.825485 20.25 -21.4414
      vertex -0.698135 20.25 -21.232
    endloop
  endfacet
  facet normal 0.854399 0 -0.519617
    outer loop
      vertex -0.825485 20.25 -21.4414
      vertex -0.698135 19.75 -21.232
      vertex -0.825485 19.75 -21.4414
    endloop
  endfacet
  facet normal 0.962909 0 -0.269827
    outer loop
      vertex -0.825485 19.75 -21.4414
      vertex -0.891617 20.25 -21.6774
      vertex -0.825485 20.25 -21.4414
    endloop
  endfacet
  facet normal 0.962909 0 -0.269827
    outer loop
      vertex -0.891617 20.25 -21.6774
      vertex -0.825485 19.75 -21.4414
      vertex -0.891617 19.75 -21.6774
    endloop
  endfacet
  facet normal 1 -0 0
    outer loop
      vertex -0.891617 19.75 -21.6774
      vertex -0.891617 20.25 -21.9225
      vertex -0.891617 20.25 -21.6774
    endloop
  endfacet
  facet normal 1 0 0
    outer loop
      vertex -0.891617 20.25 -21.9225
      vertex -0.891617 19.75 -21.6774
      vertex -0.891617 19.75 -21.9225
    endloop
  endfacet
  facet normal 0.962939 -0 0.269721
    outer loop
      vertex -0.891617 19.75 -21.9225
      vertex -0.825485 20.25 -22.1586
      vertex -0.891617 20.25 -21.9225
    endloop
  endfacet
  facet normal 0.962939 0 0.269721
    outer loop
      vertex -0.825485 20.25 -22.1586
      vertex -0.891617 19.75 -21.9225
      vertex -0.825485 19.75 -22.1586
    endloop
  endfacet
  facet normal 0.854399 -0 0.519617
    outer loop
      vertex -0.825485 19.75 -22.1586
      vertex -0.698135 20.25 -22.368
      vertex -0.825485 20.25 -22.1586
    endloop
  endfacet
  facet normal 0.854399 0 0.519617
    outer loop
      vertex -0.698135 20.25 -22.368
      vertex -0.825485 19.75 -22.1586
      vertex -0.698135 19.75 -22.368
    endloop
  endfacet
  facet normal 0.682546 0 0.730843
    outer loop
      vertex -0.698135 20.25 -22.368
      vertex -0.518997 19.75 -22.5353
      vertex -0.518997 20.25 -22.5353
    endloop
  endfacet
  facet normal 0.682546 0 0.730843
    outer loop
      vertex -0.518997 19.75 -22.5353
      vertex -0.698135 20.25 -22.368
      vertex -0.698135 19.75 -22.368
    endloop
  endfacet
  facet normal 0.459892 0 0.887975
    outer loop
      vertex -0.518997 20.25 -22.5353
      vertex -0.301392 19.75 -22.648
      vertex -0.301392 20.25 -22.648
    endloop
  endfacet
  facet normal 0.459892 0 0.887975
    outer loop
      vertex -0.301392 19.75 -22.648
      vertex -0.518997 20.25 -22.5353
      vertex -0.518997 19.75 -22.5353
    endloop
  endfacet
  facet normal 0.203583 0 0.979058
    outer loop
      vertex -0.301392 20.25 -22.648
      vertex -0.0614166 19.75 -22.6979
      vertex -0.0614166 20.25 -22.6979
    endloop
  endfacet
  facet normal 0.203583 0 0.979058
    outer loop
      vertex -0.0614166 19.75 -22.6979
      vertex -0.301392 20.25 -22.648
      vertex -0.301392 19.75 -22.648
    endloop
  endfacet
  facet normal -0.0681379 0 0.997676
    outer loop
      vertex -0.0614166 20.25 -22.6979
      vertex 0.183105 19.75 -22.6812
      vertex 0.183105 20.25 -22.6812
    endloop
  endfacet
  facet normal -0.0681379 0 0.997676
    outer loop
      vertex 0.183105 19.75 -22.6812
      vertex -0.0614166 20.25 -22.6979
      vertex -0.0614166 19.75 -22.6979
    endloop
  endfacet
  facet normal -0.334964 0 0.942231
    outer loop
      vertex 0.183105 20.25 -22.6812
      vertex 0.414047 19.75 -22.5991
      vertex 0.414047 20.25 -22.5991
    endloop
  endfacet
  facet normal -0.334964 0 0.942231
    outer loop
      vertex 0.414047 19.75 -22.5991
      vertex 0.183105 20.25 -22.6812
      vertex 0.183105 19.75 -22.6812
    endloop
  endfacet
  facet normal -0.576829 0 0.816865
    outer loop
      vertex 0.414047 20.25 -22.5991
      vertex 0.614288 19.75 -22.4577
      vertex 0.614288 20.25 -22.4577
    endloop
  endfacet
  facet normal -0.576829 0 0.816865
    outer loop
      vertex 0.614288 19.75 -22.4577
      vertex 0.414047 20.25 -22.5991
      vertex 0.414047 19.75 -22.5991
    endloop
  endfacet
  facet normal -0.775669 0 0.63114
    outer loop
      vertex 0.614288 19.75 -22.4577
      vertex 0.768967 20.25 -22.2676
      vertex 0.614288 20.25 -22.4577
    endloop
  endfacet
  facet normal -0.775669 0 0.63114
    outer loop
      vertex 0.768967 20.25 -22.2676
      vertex 0.614288 19.75 -22.4577
      vertex 0.768967 19.75 -22.2676
    endloop
  endfacet
  facet normal -0.917194 0 0.398441
    outer loop
      vertex 0.768967 19.75 -22.2676
      vertex 0.866623 20.25 -22.0428
      vertex 0.768967 20.25 -22.2676
    endloop
  endfacet
  facet normal -0.917194 0 0.398441
    outer loop
      vertex 0.866623 20.25 -22.0428
      vertex 0.768967 19.75 -22.2676
      vertex 0.866623 19.75 -22.0428
    endloop
  endfacet
  facet normal -0.990687 0 0.136162
    outer loop
      vertex 0.866623 19.75 -22.0428
      vertex 0.899994 20.25 -21.8
      vertex 0.866623 20.25 -22.0428
    endloop
  endfacet
  facet normal -0.990687 0 0.136162
    outer loop
      vertex 0.899994 20.25 -21.8
      vertex 0.866623 19.75 -22.0428
      vertex 0.899994 19.75 -21.8
    endloop
  endfacet
  facet normal -0.990687 0 -0.136162
    outer loop
      vertex 0.899994 19.75 -21.8
      vertex 0.866623 20.25 -21.5572
      vertex 0.899994 20.25 -21.8
    endloop
  endfacet
  facet normal -0.990687 -0 -0.136162
    outer loop
      vertex 0.866623 20.25 -21.5572
      vertex 0.899994 19.75 -21.8
      vertex 0.866623 19.75 -21.5572
    endloop
  endfacet
  facet normal -0.917194 0 -0.398441
    outer loop
      vertex 0.866623 19.75 -21.5572
      vertex 0.768967 20.25 -21.3324
      vertex 0.866623 20.25 -21.5572
    endloop
  endfacet
  facet normal -0.917194 -0 -0.398441
    outer loop
      vertex 0.768967 20.25 -21.3324
      vertex 0.866623 19.75 -21.5572
      vertex 0.768967 19.75 -21.3324
    endloop
  endfacet
  facet normal -0.775831 0 -0.63094
    outer loop
      vertex 0.768967 19.75 -21.3324
      vertex 0.614288 20.25 -21.1422
      vertex 0.768967 20.25 -21.3324
    endloop
  endfacet
  facet normal -0.775831 -0 -0.63094
    outer loop
      vertex 0.614288 20.25 -21.1422
      vertex 0.768967 19.75 -21.3324
      vertex 0.614288 19.75 -21.1422
    endloop
  endfacet
  facet normal -0.576556 0 -0.817057
    outer loop
      vertex 0.414047 19.75 -21.0009
      vertex 0.614288 20.25 -21.1422
      vertex 0.614288 19.75 -21.1422
    endloop
  endfacet
  facet normal -0.576556 0 -0.817057
    outer loop
      vertex 0.614288 20.25 -21.1422
      vertex 0.414047 19.75 -21.0009
      vertex 0.414047 20.25 -21.0009
    endloop
  endfacet
  facet normal -0.334964 0 -0.942231
    outer loop
      vertex 0.183105 19.75 -20.9188
      vertex 0.414047 20.25 -21.0009
      vertex 0.414047 19.75 -21.0009
    endloop
  endfacet
  facet normal -0.334964 0 -0.942231
    outer loop
      vertex 0.414047 20.25 -21.0009
      vertex 0.183105 19.75 -20.9188
      vertex 0.183105 20.25 -20.9188
    endloop
  endfacet
  facet normal -0.0681379 0 -0.997676
    outer loop
      vertex -0.0614166 19.75 -20.9021
      vertex 0.183105 20.25 -20.9188
      vertex 0.183105 19.75 -20.9188
    endloop
  endfacet
  facet normal -0.0681379 0 -0.997676
    outer loop
      vertex 0.183105 20.25 -20.9188
      vertex -0.0614166 19.75 -20.9021
      vertex -0.0614166 20.25 -20.9021
    endloop
  endfacet
  facet normal 0.203583 0 -0.979058
    outer loop
      vertex -0.301392 19.75 -20.952
      vertex -0.0614166 20.25 -20.9021
      vertex -0.0614166 19.75 -20.9021
    endloop
  endfacet
  facet normal 0.203583 0 -0.979058
    outer loop
      vertex -0.0614166 20.25 -20.9021
      vertex -0.301392 19.75 -20.952
      vertex -0.301392 20.25 -20.952
    endloop
  endfacet
  facet normal 0 -1 0
    outer loop
      vertex 6.60001 -2.25 -18.6
      vertex 8.93858 -2.25 -20.9021
      vertex 11.4 -2.25 -18.6
    endloop
  endfacet
  facet normal 0 -1 0
    outer loop
      vertex 6.60001 -2.25 -18.6
      vertex 8.69861 -2.25 -20.952
      vertex 8.93858 -2.25 -20.9021
    endloop
  endfacet
  facet normal 0 -1 0
    outer loop
      vertex 6.60001 -2.25 -18.6
      vertex 8.481 -2.25 -21.0647
      vertex 8.69861 -2.25 -20.952
    endloop
  endfacet
  facet normal 0 -1 0
    outer loop
      vertex 6.60001 -2.25 -18.6
      vertex 8.30186 -2.25 -21.232
      vertex 8.481 -2.25 -21.0647
    endloop
  endfacet
  facet normal 0 -1 0
    outer loop
      vertex 6.60001 -2.25 -18.6
      vertex 8.17451 -2.25 -21.4414
      vertex 8.30186 -2.25 -21.232
    endloop
  endfacet
  facet normal 0 -1 0
    outer loop
      vertex 6.60001 -2.25 -18.6
      vertex 8.10838 -2.25 -21.6774
      vertex 8.17451 -2.25 -21.4414
    endloop
  endfacet
  facet normal 0 -1 0
    outer loop
      vertex 6.60001 -2.25 -23.8
      vertex 8.10838 -2.25 -21.6774
      vertex 6.60001 -2.25 -18.6
    endloop
  endfacet
  facet normal 0 -1 -0
    outer loop
      vertex 8.10838 -2.25 -21.6774
      vertex 6.60001 -2.25 -23.8
      vertex 8.10838 -2.25 -21.9225
    endloop
  endfacet
  facet normal 0 -1 0
    outer loop
      vertex 7.20001 -2.25 -25
      vertex 8.69861 -2.25 -22.648
      vertex 6.60001 -2.25 -23.8
    endloop
  endfacet
  facet normal 0 -1 -0
    outer loop
      vertex 8.481 -2.25 -22.5353
      vertex 6.60001 -2.25 -23.8
      vertex 8.69861 -2.25 -22.648
    endloop
  endfacet
  facet normal 0 -1 -0
    outer loop
      vertex 8.30186 -2.25 -22.368
      vertex 6.60001 -2.25 -23.8
      vertex 8.481 -2.25 -22.5353
    endloop
  endfacet
  facet normal 0 -1 -0
    outer loop
      vertex 8.17451 -2.25 -22.1586
      vertex 6.60001 -2.25 -23.8
      vertex 8.30186 -2.25 -22.368
    endloop
  endfacet
  facet normal 0 -1 -0
    outer loop
      vertex 8.10838 -2.25 -21.9225
      vertex 6.60001 -2.25 -23.8
      vertex 8.17451 -2.25 -22.1586
    endloop
  endfacet
  facet normal 0 -1 0
    outer loop
      vertex 6.60001 -2.25 -18.6
      vertex 5 -2.25 -16.5
      vertex 5 -2.25 -18.6
    endloop
  endfacet
  facet normal 0 -1 0
    outer loop
      vertex 5 -2.25 -16.5
      vertex 6.60001 -2.25 -18.6
      vertex 13 -2.25 -16.5
    endloop
  endfacet
  facet normal 0 -1 0
    outer loop
      vertex 11.4 -2.25 -18.6
      vertex 13 -2.25 -16.5
      vertex 6.60001 -2.25 -18.6
    endloop
  endfacet
  facet normal 0 -1 -0
    outer loop
      vertex 13 -2.25 -16.5
      vertex 11.4 -2.25 -18.6
      vertex 13 -2.25 -18.6
    endloop
  endfacet
  facet normal 0 -1 0
    outer loop
      vertex 9.18311 -2.25 -20.9188
      vertex 11.4 -2.25 -18.6
      vertex 8.93858 -2.25 -20.9021
    endloop
  endfacet
  facet normal 0 -1 0
    outer loop
      vertex 9.41405 -2.25 -21.0009
      vertex 11.4 -2.25 -18.6
      vertex 9.18311 -2.25 -20.9188
    endloop
  endfacet
  facet normal 0 -1 0
    outer loop
      vertex 9.61429 -2.25 -21.1422
      vertex 11.4 -2.25 -18.6
      vertex 9.41405 -2.25 -21.0009
    endloop
  endfacet
  facet normal 0 -1 0
    outer loop
      vertex 9.76897 -2.25 -21.3324
      vertex 11.4 -2.25 -18.6
      vertex 9.61429 -2.25 -21.1422
    endloop
  endfacet
  facet normal 0 -1 0
    outer loop
      vertex 9.86662 -2.25 -21.5572
      vertex 11.4 -2.25 -18.6
      vertex 9.76897 -2.25 -21.3324
    endloop
  endfacet
  facet normal 0 -1 0
    outer loop
      vertex 11.4 -2.25 -23.8
      vertex 9.86662 -2.25 -21.5572
      vertex 9.89999 -2.25 -21.8
    endloop
  endfacet
  facet normal 0 -1 0
    outer loop
      vertex 11.4 -2.25 -23.8
      vertex 9.89999 -2.25 -21.8
      vertex 9.86662 -2.25 -22.0428
    endloop
  endfacet
  facet normal 0 -1 0
    outer loop
      vertex 11.4 -2.25 -23.8
      vertex 9.86662 -2.25 -22.0428
      vertex 9.76897 -2.25 -22.2676
    endloop
  endfacet
  facet normal 0 -1 -0
    outer loop
      vertex 8.69861 -2.25 -22.648
      vertex 7.20001 -2.25 -25
      vertex 8.93858 -2.25 -22.6979
    endloop
  endfacet
  facet normal 0 -1 0
    outer loop
      vertex 10.8 -2.25 -25
      vertex 8.93858 -2.25 -22.6979
      vertex 7.20001 -2.25 -25
    endloop
  endfacet
  facet normal 0 -1 0
    outer loop
      vertex 9.86662 -2.25 -21.5572
      vertex 11.4 -2.25 -23.8
      vertex 11.4 -2.25 -18.6
    endloop
  endfacet
  facet normal 0 -1 0
    outer loop
      vertex 9.61429 -2.25 -22.4577
      vertex 11.4 -2.25 -23.8
      vertex 9.76897 -2.25 -22.2676
    endloop
  endfacet
  facet normal 0 -1 0
    outer loop
      vertex 9.41405 -2.25 -22.5991
      vertex 11.4 -2.25 -23.8
      vertex 9.61429 -2.25 -22.4577
    endloop
  endfacet
  facet normal 0 -1 0
    outer loop
      vertex 8.93858 -2.25 -22.6979
      vertex 10.8 -2.25 -25
      vertex 9.18311 -2.25 -22.6812
    endloop
  endfacet
  facet normal 0 -1 0
    outer loop
      vertex 9.18311 -2.25 -22.6812
      vertex 10.8 -2.25 -25
      vertex 9.41405 -2.25 -22.5991
    endloop
  endfacet
  facet normal 0 -1 0
    outer loop
      vertex 9.41405 -2.25 -22.5991
      vertex 10.8 -2.25 -25
      vertex 11.4 -2.25 -23.8
    endloop
  endfacet
  facet normal 0 1 0
    outer loop
      vertex 11.4 -1.75 -18.6
      vertex 8.93858 -1.75 -20.9021
      vertex 6.60001 -1.75 -18.6
    endloop
  endfacet
  facet normal 0 1 0
    outer loop
      vertex 11.4 -1.75 -18.6
      vertex 9.18311 -1.75 -20.9188
      vertex 8.93858 -1.75 -20.9021
    endloop
  endfacet
  facet normal 0 1 0
    outer loop
      vertex 11.4 -1.75 -18.6
      vertex 9.41405 -1.75 -21.0009
      vertex 9.18311 -1.75 -20.9188
    endloop
  endfacet
  facet normal 0 1 0
    outer loop
      vertex 11.4 -1.75 -18.6
      vertex 9.61429 -1.75 -21.1422
      vertex 9.41405 -1.75 -21.0009
    endloop
  endfacet
  facet normal 0 1 0
    outer loop
      vertex 11.4 -1.75 -18.6
      vertex 9.76897 -1.75 -21.3324
      vertex 9.61429 -1.75 -21.1422
    endloop
  endfacet
  facet normal 0 1 0
    outer loop
      vertex 11.4 -1.75 -18.6
      vertex 9.86662 -1.75 -21.5572
      vertex 9.76897 -1.75 -21.3324
    endloop
  endfacet
  facet normal 0 1 -0
    outer loop
      vertex 11.4 -1.75 -23.8
      vertex 9.86662 -1.75 -21.5572
      vertex 11.4 -1.75 -18.6
    endloop
  endfacet
  facet normal 0 1 0
    outer loop
      vertex 9.86662 -1.75 -21.5572
      vertex 11.4 -1.75 -23.8
      vertex 9.89999 -1.75 -21.8
    endloop
  endfacet
  facet normal 0 1 0
    outer loop
      vertex 9.89999 -1.75 -21.8
      vertex 11.4 -1.75 -23.8
      vertex 9.86662 -1.75 -22.0428
    endloop
  endfacet
  facet normal 0 1 0
    outer loop
      vertex 9.41405 -1.75 -22.5991
      vertex 10.8 -1.75 -25
      vertex 9.18311 -1.75 -22.6812
    endloop
  endfacet
  facet normal 0 1 -0
    outer loop
      vertex 10.8 -1.75 -25
      vertex 9.41405 -1.75 -22.5991
      vertex 11.4 -1.75 -23.8
    endloop
  endfacet
  facet normal 0 1 0
    outer loop
      vertex 9.61429 -1.75 -22.4577
      vertex 11.4 -1.75 -23.8
      vertex 9.41405 -1.75 -22.5991
    endloop
  endfacet
  facet normal 0 1 0
    outer loop
      vertex 9.76897 -1.75 -22.2676
      vertex 11.4 -1.75 -23.8
      vertex 9.61429 -1.75 -22.4577
    endloop
  endfacet
  facet normal 0 1 0
    outer loop
      vertex 9.86662 -1.75 -22.0428
      vertex 11.4 -1.75 -23.8
      vertex 9.76897 -1.75 -22.2676
    endloop
  endfacet
  facet normal 0 1 0
    outer loop
      vertex 11.4 -1.75 -18.6
      vertex 13 -1.75 -16.5
      vertex 13 -1.75 -18.6
    endloop
  endfacet
  facet normal 0 1 0
    outer loop
      vertex 13 -1.75 -16.5
      vertex 11.4 -1.75 -18.6
      vertex 5 -1.75 -16.5
    endloop
  endfacet
  facet normal 0 1 -0
    outer loop
      vertex 6.60001 -1.75 -18.6
      vertex 5 -1.75 -16.5
      vertex 11.4 -1.75 -18.6
    endloop
  endfacet
  facet normal 0 1 0
    outer loop
      vertex 5 -1.75 -16.5
      vertex 6.60001 -1.75 -18.6
      vertex 5 -1.75 -18.6
    endloop
  endfacet
  facet normal 0 1 -0
    outer loop
      vertex 8.69861 -1.75 -20.952
      vertex 6.60001 -1.75 -18.6
      vertex 8.93858 -1.75 -20.9021
    endloop
  endfacet
  facet normal 0 1 -0
    outer loop
      vertex 8.481 -1.75 -21.0647
      vertex 6.60001 -1.75 -18.6
      vertex 8.69861 -1.75 -20.952
    endloop
  endfacet
  facet normal 0 1 -0
    outer loop
      vertex 8.30186 -1.75 -21.232
      vertex 6.60001 -1.75 -18.6
      vertex 8.481 -1.75 -21.0647
    endloop
  endfacet
  facet normal 0 1 -0
    outer loop
      vertex 8.17451 -1.75 -21.4414
      vertex 6.60001 -1.75 -18.6
      vertex 8.30186 -1.75 -21.232
    endloop
  endfacet
  facet normal 0 1 -0
    outer loop
      vertex 8.10838 -1.75 -21.6774
      vertex 6.60001 -1.75 -18.6
      vertex 8.17451 -1.75 -21.4414
    endloop
  endfacet
  facet normal 0 1 0
    outer loop
      vertex 6.60001 -1.75 -23.8
      vertex 8.10838 -1.75 -21.6774
      vertex 8.10838 -1.75 -21.9225
    endloop
  endfacet
  facet normal 0 1 0
    outer loop
      vertex 6.60001 -1.75 -23.8
      vertex 8.10838 -1.75 -21.9225
      vertex 8.17451 -1.75 -22.1586
    endloop
  endfacet
  facet normal 0 1 0
    outer loop
      vertex 9.18311 -1.75 -22.6812
      vertex 10.8 -1.75 -25
      vertex 8.93858 -1.75 -22.6979
    endloop
  endfacet
  facet normal 0 1 0
    outer loop
      vertex 8.10838 -1.75 -21.6774
      vertex 6.60001 -1.75 -23.8
      vertex 6.60001 -1.75 -18.6
    endloop
  endfacet
  facet normal 0 1 0
    outer loop
      vertex 8.30186 -1.75 -22.368
      vertex 6.60001 -1.75 -23.8
      vertex 8.17451 -1.75 -22.1586
    endloop
  endfacet
  facet normal 0 1 0
    outer loop
      vertex 8.481 -1.75 -22.5353
      vertex 6.60001 -1.75 -23.8
      vertex 8.30186 -1.75 -22.368
    endloop
  endfacet
  facet normal 0 1 0
    outer loop
      vertex 8.69861 -1.75 -22.648
      vertex 6.60001 -1.75 -23.8
      vertex 8.481 -1.75 -22.5353
    endloop
  endfacet
  facet normal 0 1 0
    outer loop
      vertex 7.20001 -1.75 -25
      vertex 8.93858 -1.75 -22.6979
      vertex 10.8 -1.75 -25
    endloop
  endfacet
  facet normal 0 1 0
    outer loop
      vertex 8.93858 -1.75 -22.6979
      vertex 7.20001 -1.75 -25
      vertex 8.69861 -1.75 -22.648
    endloop
  endfacet
  facet normal 0 1 0
    outer loop
      vertex 8.69861 -1.75 -22.648
      vertex 7.20001 -1.75 -25
      vertex 6.60001 -1.75 -23.8
    endloop
  endfacet
  facet normal 0 0 -1
    outer loop
      vertex 11.4 -2.25 -18.6
      vertex 13 -1.75 -18.6
      vertex 13 -2.25 -18.6
    endloop
  endfacet
  facet normal -0 0 -1
    outer loop
      vertex 13 -1.75 -18.6
      vertex 11.4 -2.25 -18.6
      vertex 11.4 -1.75 -18.6
    endloop
  endfacet
  facet normal 1 -0 0
    outer loop
      vertex 11.4 -2.25 -18.6
      vertex 11.4 -1.75 -23.8
      vertex 11.4 -1.75 -18.6
    endloop
  endfacet
  facet normal 1 0 0
    outer loop
      vertex 11.4 -1.75 -23.8
      vertex 11.4 -2.25 -18.6
      vertex 11.4 -2.25 -23.8
    endloop
  endfacet
  facet normal 0.894427 0 -0.447214
    outer loop
      vertex 11.4 -2.25 -23.8
      vertex 10.8 -1.75 -25
      vertex 11.4 -1.75 -23.8
    endloop
  endfacet
  facet normal 0.894427 0 -0.447214
    outer loop
      vertex 10.8 -1.75 -25
      vertex 11.4 -2.25 -23.8
      vertex 10.8 -2.25 -25
    endloop
  endfacet
  facet normal 0 0 -1
    outer loop
      vertex 7.20001 -2.25 -25
      vertex 10.8 -1.75 -25
      vertex 10.8 -2.25 -25
    endloop
  endfacet
  facet normal -0 0 -1
    outer loop
      vertex 10.8 -1.75 -25
      vertex 7.20001 -2.25 -25
      vertex 7.20001 -1.75 -25
    endloop
  endfacet
  facet normal -0.894427 0 -0.447214
    outer loop
      vertex 7.20001 -2.25 -25
      vertex 6.60001 -1.75 -23.8
      vertex 7.20001 -1.75 -25
    endloop
  endfacet
  facet normal -0.894427 -0 -0.447214
    outer loop
      vertex 6.60001 -1.75 -23.8
      vertex 7.20001 -2.25 -25
      vertex 6.60001 -2.25 -23.8
    endloop
  endfacet
  facet normal -1 0 0
    outer loop
      vertex 6.60001 -2.25 -23.8
      vertex 6.60001 -1.75 -18.6
      vertex 6.60001 -1.75 -23.8
    endloop
  endfacet
  facet normal -1 -0 0
    outer loop
      vertex 6.60001 -1.75 -18.6
      vertex 6.60001 -2.25 -23.8
      vertex 6.60001 -2.25 -18.6
    endloop
  endfacet
  facet normal 0 0 -1
    outer loop
      vertex 5 -2.25 -18.6
      vertex 6.60001 -1.75 -18.6
      vertex 6.60001 -2.25 -18.6
    endloop
  endfacet
  facet normal -0 0 -1
    outer loop
      vertex 6.60001 -1.75 -18.6
      vertex 5 -2.25 -18.6
      vertex 5 -1.75 -18.6
    endloop
  endfacet
  facet normal -1 0 0
    outer loop
      vertex 5 -2.25 -18.6
      vertex 5 -1.75 -16.5
      vertex 5 -1.75 -18.6
    endloop
  endfacet
  facet normal -1 -0 0
    outer loop
      vertex 5 -1.75 -16.5
      vertex 5 -2.25 -18.6
      vertex 5 -2.25 -16.5
    endloop
  endfacet
  facet normal 1 -0 0
    outer loop
      vertex 13 -2.25 -16.5
      vertex 13 -1.75 -18.6
      vertex 13 -1.75 -16.5
    endloop
  endfacet
  facet normal 1 0 0
    outer loop
      vertex 13 -1.75 -18.6
      vertex 13 -2.25 -16.5
      vertex 13 -2.25 -18.6
    endloop
  endfacet
  facet normal 0.459884 0 -0.887979
    outer loop
      vertex 8.481 -2.25 -21.0647
      vertex 8.69861 -1.75 -20.952
      vertex 8.69861 -2.25 -20.952
    endloop
  endfacet
  facet normal 0.459884 0 -0.887979
    outer loop
      vertex 8.69861 -1.75 -20.952
      vertex 8.481 -2.25 -21.0647
      vertex 8.481 -1.75 -21.0647
    endloop
  endfacet
  facet normal 0.682542 0 -0.730846
    outer loop
      vertex 8.30186 -2.25 -21.232
      vertex 8.481 -1.75 -21.0647
      vertex 8.481 -2.25 -21.0647
    endloop
  endfacet
  facet normal 0.682542 0 -0.730846
    outer loop
      vertex 8.481 -1.75 -21.0647
      vertex 8.30186 -2.25 -21.232
      vertex 8.30186 -1.75 -21.232
    endloop
  endfacet
  facet normal 0.854399 0 -0.519617
    outer loop
      vertex 8.30186 -2.25 -21.232
      vertex 8.17451 -1.75 -21.4414
      vertex 8.30186 -1.75 -21.232
    endloop
  endfacet
  facet normal 0.854399 0 -0.519617
    outer loop
      vertex 8.17451 -1.75 -21.4414
      vertex 8.30186 -2.25 -21.232
      vertex 8.17451 -2.25 -21.4414
    endloop
  endfacet
  facet normal 0.962911 0 -0.269819
    outer loop
      vertex 8.17451 -2.25 -21.4414
      vertex 8.10838 -1.75 -21.6774
      vertex 8.17451 -1.75 -21.4414
    endloop
  endfacet
  facet normal 0.962911 0 -0.269819
    outer loop
      vertex 8.10838 -1.75 -21.6774
      vertex 8.17451 -2.25 -21.4414
      vertex 8.10838 -2.25 -21.6774
    endloop
  endfacet
  facet normal 1 -0 0
    outer loop
      vertex 8.10838 -2.25 -21.6774
      vertex 8.10838 -1.75 -21.9225
      vertex 8.10838 -1.75 -21.6774
    endloop
  endfacet
  facet normal 1 0 0
    outer loop
      vertex 8.10838 -1.75 -21.9225
      vertex 8.10838 -2.25 -21.6774
      vertex 8.10838 -2.25 -21.9225
    endloop
  endfacet
  facet normal 0.962941 -0 0.269713
    outer loop
      vertex 8.10838 -2.25 -21.9225
      vertex 8.17451 -1.75 -22.1586
      vertex 8.10838 -1.75 -21.9225
    endloop
  endfacet
  facet normal 0.962941 0 0.269713
    outer loop
      vertex 8.17451 -1.75 -22.1586
      vertex 8.10838 -2.25 -21.9225
      vertex 8.17451 -2.25 -22.1586
    endloop
  endfacet
  facet normal 0.854399 -0 0.519617
    outer loop
      vertex 8.17451 -2.25 -22.1586
      vertex 8.30186 -1.75 -22.368
      vertex 8.17451 -1.75 -22.1586
    endloop
  endfacet
  facet normal 0.854399 0 0.519617
    outer loop
      vertex 8.30186 -1.75 -22.368
      vertex 8.17451 -2.25 -22.1586
      vertex 8.30186 -2.25 -22.368
    endloop
  endfacet
  facet normal 0.682542 0 0.730846
    outer loop
      vertex 8.30186 -1.75 -22.368
      vertex 8.481 -2.25 -22.5353
      vertex 8.481 -1.75 -22.5353
    endloop
  endfacet
  facet normal 0.682542 0 0.730846
    outer loop
      vertex 8.481 -2.25 -22.5353
      vertex 8.30186 -1.75 -22.368
      vertex 8.30186 -2.25 -22.368
    endloop
  endfacet
  facet normal 0.459884 0 0.887979
    outer loop
      vertex 8.481 -1.75 -22.5353
      vertex 8.69861 -2.25 -22.648
      vertex 8.69861 -1.75 -22.648
    endloop
  endfacet
  facet normal 0.459884 0 0.887979
    outer loop
      vertex 8.69861 -2.25 -22.648
      vertex 8.481 -1.75 -22.5353
      vertex 8.481 -2.25 -22.5353
    endloop
  endfacet
  facet normal 0.203588 0 0.979057
    outer loop
      vertex 8.69861 -1.75 -22.648
      vertex 8.93858 -2.25 -22.6979
      vertex 8.93858 -1.75 -22.6979
    endloop
  endfacet
  facet normal 0.203588 0 0.979057
    outer loop
      vertex 8.93858 -2.25 -22.6979
      vertex 8.69861 -1.75 -22.648
      vertex 8.69861 -2.25 -22.648
    endloop
  endfacet
  facet normal -0.0681356 0 0.997676
    outer loop
      vertex 8.93858 -1.75 -22.6979
      vertex 9.18311 -2.25 -22.6812
      vertex 9.18311 -1.75 -22.6812
    endloop
  endfacet
  facet normal -0.0681356 0 0.997676
    outer loop
      vertex 9.18311 -2.25 -22.6812
      vertex 8.93858 -1.75 -22.6979
      vertex 8.93858 -2.25 -22.6979
    endloop
  endfacet
  facet normal -0.334966 0 0.94223
    outer loop
      vertex 9.18311 -1.75 -22.6812
      vertex 9.41405 -2.25 -22.5991
      vertex 9.41405 -1.75 -22.5991
    endloop
  endfacet
  facet normal -0.334966 0 0.94223
    outer loop
      vertex 9.41405 -2.25 -22.5991
      vertex 9.18311 -1.75 -22.6812
      vertex 9.18311 -2.25 -22.6812
    endloop
  endfacet
  facet normal -0.576831 0 0.816864
    outer loop
      vertex 9.41405 -1.75 -22.5991
      vertex 9.61429 -2.25 -22.4577
      vertex 9.61429 -1.75 -22.4577
    endloop
  endfacet
  facet normal -0.576831 0 0.816864
    outer loop
      vertex 9.61429 -2.25 -22.4577
      vertex 9.41405 -1.75 -22.5991
      vertex 9.41405 -2.25 -22.5991
    endloop
  endfacet
  facet normal -0.775667 0 0.631142
    outer loop
      vertex 9.61429 -2.25 -22.4577
      vertex 9.76897 -1.75 -22.2676
      vertex 9.61429 -1.75 -22.4577
    endloop
  endfacet
  facet normal -0.775667 0 0.631142
    outer loop
      vertex 9.76897 -1.75 -22.2676
      vertex 9.61429 -2.25 -22.4577
      vertex 9.76897 -2.25 -22.2676
    endloop
  endfacet
  facet normal -0.917203 0 0.39842
    outer loop
      vertex 9.76897 -2.25 -22.2676
      vertex 9.86662 -1.75 -22.0428
      vertex 9.76897 -1.75 -22.2676
    endloop
  endfacet
  facet normal -0.917203 0 0.39842
    outer loop
      vertex 9.86662 -1.75 -22.0428
      vertex 9.76897 -2.25 -22.2676
      vertex 9.86662 -2.25 -22.0428
    endloop
  endfacet
  facet normal -0.990687 0 0.136158
    outer loop
      vertex 9.86662 -2.25 -22.0428
      vertex 9.89999 -1.75 -21.8
      vertex 9.86662 -1.75 -22.0428
    endloop
  endfacet
  facet normal -0.990687 0 0.136158
    outer loop
      vertex 9.89999 -1.75 -21.8
      vertex 9.86662 -2.25 -22.0428
      vertex 9.89999 -2.25 -21.8
    endloop
  endfacet
  facet normal -0.990687 0 -0.136158
    outer loop
      vertex 9.89999 -2.25 -21.8
      vertex 9.86662 -1.75 -21.5572
      vertex 9.89999 -1.75 -21.8
    endloop
  endfacet
  facet normal -0.990687 -0 -0.136158
    outer loop
      vertex 9.86662 -1.75 -21.5572
      vertex 9.89999 -2.25 -21.8
      vertex 9.86662 -2.25 -21.5572
    endloop
  endfacet
  facet normal -0.917203 0 -0.39842
    outer loop
      vertex 9.86662 -2.25 -21.5572
      vertex 9.76897 -1.75 -21.3324
      vertex 9.86662 -1.75 -21.5572
    endloop
  endfacet
  facet normal -0.917203 -0 -0.39842
    outer loop
      vertex 9.76897 -1.75 -21.3324
      vertex 9.86662 -2.25 -21.5572
      vertex 9.76897 -2.25 -21.3324
    endloop
  endfacet
  facet normal -0.775829 0 -0.630943
    outer loop
      vertex 9.76897 -2.25 -21.3324
      vertex 9.61429 -1.75 -21.1422
      vertex 9.76897 -1.75 -21.3324
    endloop
  endfacet
  facet normal -0.775829 -0 -0.630943
    outer loop
      vertex 9.61429 -1.75 -21.1422
      vertex 9.76897 -2.25 -21.3324
      vertex 9.61429 -2.25 -21.1422
    endloop
  endfacet
  facet normal -0.576558 0 -0.817056
    outer loop
      vertex 9.41405 -2.25 -21.0009
      vertex 9.61429 -1.75 -21.1422
      vertex 9.61429 -2.25 -21.1422
    endloop
  endfacet
  facet normal -0.576558 0 -0.817056
    outer loop
      vertex 9.61429 -1.75 -21.1422
      vertex 9.41405 -2.25 -21.0009
      vertex 9.41405 -1.75 -21.0009
    endloop
  endfacet
  facet normal -0.334966 0 -0.94223
    outer loop
      vertex 9.18311 -2.25 -20.9188
      vertex 9.41405 -1.75 -21.0009
      vertex 9.41405 -2.25 -21.0009
    endloop
  endfacet
  facet normal -0.334966 0 -0.94223
    outer loop
      vertex 9.41405 -1.75 -21.0009
      vertex 9.18311 -2.25 -20.9188
      vertex 9.18311 -1.75 -20.9188
    endloop
  endfacet
  facet normal -0.0681356 0 -0.997676
    outer loop
      vertex 8.93858 -2.25 -20.9021
      vertex 9.18311 -1.75 -20.9188
      vertex 9.18311 -2.25 -20.9188
    endloop
  endfacet
  facet normal -0.0681356 0 -0.997676
    outer loop
      vertex 9.18311 -1.75 -20.9188
      vertex 8.93858 -2.25 -20.9021
      vertex 8.93858 -1.75 -20.9021
    endloop
  endfacet
  facet normal 0.203588 0 -0.979057
    outer loop
      vertex 8.69861 -2.25 -20.952
      vertex 8.93858 -1.75 -20.9021
      vertex 8.93858 -2.25 -20.9021
    endloop
  endfacet
  facet normal 0.203588 0 -0.979057
    outer loop
      vertex 8.93858 -1.75 -20.9021
      vertex 8.69861 -2.25 -20.952
      vertex 8.69861 -1.75 -20.952
    endloop
  endfacet
endsolid OpenSCAD_Model
