solid OpenSCAD_Model
  facet normal -0.555406 0.0291064 -0.83107
    outer loop
      vertex -3.02854 -0 0.146454
      vertex -3.01195 0.316569 0.146454
      vertex -2.86634 -0 0.0380554
    endloop
  endfacet
  facet normal -0.555409 0.0291039 -0.831068
    outer loop
      vertex -3.01195 0.316569 0.146454
      vertex -2.85064 0.299614 0.0380554
      vertex -2.86634 -0 0.0380554
    endloop
  endfacet
  facet normal -0.830632 0.0435456 -0.555117
    outer loop
      vertex -3.13694 -0 0.308655
      vertex -3.11975 0.327899 0.308655
      vertex -3.02854 -0 0.146454
    endloop
  endfacet
  facet normal -0.830647 0.0435306 -0.555095
    outer loop
      vertex -3.11975 0.327899 0.308655
      vertex -3.01195 0.316569 0.146454
      vertex -3.02854 -0 0.146454
    endloop
  endfacet
  facet normal -0.979503 0.0513249 -0.19478
    outer loop
      vertex -3.17499 -0 0.5
      vertex -3.1576 0.331877 0.5
      vertex -3.13694 -0 0.308655
    endloop
  endfacet
  facet normal -0.979494 0.0513496 -0.194821
    outer loop
      vertex -3.1576 0.331877 0.5
      vertex -3.11975 0.327899 0.308655
      vertex -3.13694 -0 0.308655
    endloop
  endfacet
  facet normal -0.99863 0.0523271 0
    outer loop
      vertex -3.17499 -0 5.84999
      vertex -3.1576 0.331877 5.84999
      vertex -3.17499 -0 0.5
    endloop
  endfacet
  facet normal -0.99863 0.0523271 0
    outer loop
      vertex -3.1576 0.331877 5.84999
      vertex -3.1576 0.331877 0.5
      vertex -3.17499 -0 0.5
    endloop
  endfacet
  facet normal -0.979503 0.0513501 0.194774
    outer loop
      vertex -3.13694 -0 6.04134
      vertex -3.11975 0.327899 6.04134
      vertex -3.17499 -0 5.84999
    endloop
  endfacet
  facet normal -0.979496 0.0513245 0.194816
    outer loop
      vertex -3.11975 0.327899 6.04134
      vertex -3.1576 0.331877 5.84999
      vertex -3.17499 -0 5.84999
    endloop
  endfacet
  facet normal -0.830631 0.0435297 0.555119
    outer loop
      vertex -3.02854 -0 6.20354
      vertex -3.01195 0.316569 6.20354
      vertex -3.13694 -0 6.04134
    endloop
  endfacet
  facet normal -0.830644 0.0435463 0.555098
    outer loop
      vertex -3.01195 0.316569 6.20354
      vertex -3.11975 0.327899 6.04134
      vertex -3.13694 -0 6.04134
    endloop
  endfacet
  facet normal -0.555411 0.0291039 0.831067
    outer loop
      vertex -2.86634 -0 6.31194
      vertex -2.85064 0.299614 6.31194
      vertex -3.02854 -0 6.20354
    endloop
  endfacet
  facet normal -0.555414 0.0291068 0.831064
    outer loop
      vertex -2.85064 0.299614 6.31194
      vertex -3.01195 0.316569 6.20354
      vertex -3.02854 -0 6.20354
    endloop
  endfacet
  facet normal -0.195022 0.0102179 0.980746
    outer loop
      vertex -2.67499 -0 6.34999
      vertex -2.66034 0.279613 6.34999
      vertex -2.86634 -0 6.31194
    endloop
  endfacet
  facet normal -0.195023 0.0102194 0.980745
    outer loop
      vertex -2.66034 0.279613 6.34999
      vertex -2.85064 0.299614 6.31194
      vertex -2.86634 -0 6.31194
    endloop
  endfacet
  facet normal 0 -0 1
    outer loop
      vertex -2.0875 -0 6.34999
      vertex -2.07606 0.218203 6.34999
      vertex -2.67499 -0 6.34999
    endloop
  endfacet
  facet normal 0 0 1
    outer loop
      vertex -2.07606 0.218203 6.34999
      vertex -2.66034 0.279613 6.34999
      vertex -2.67499 -0 6.34999
    endloop
  endfacet
  facet normal 0.195022 -0.0102134 0.980746
    outer loop
      vertex -1.89615 -0 6.31194
      vertex -1.88577 0.198202 6.31194
      vertex -2.0875 -0 6.34999
    endloop
  endfacet
  facet normal 0.195033 -0.0102252 0.980743
    outer loop
      vertex -1.88577 0.198202 6.31194
      vertex -2.07606 0.218203 6.34999
      vertex -2.0875 -0 6.34999
    endloop
  endfacet
  facet normal 0.555411 -0.0290809 0.831067
    outer loop
      vertex -1.73395 -0 6.20354
      vertex -1.72446 0.181248 6.20354
      vertex -1.89615 -0 6.31194
    endloop
  endfacet
  facet normal 0.555416 -0.0290876 0.831064
    outer loop
      vertex -1.72446 0.181248 6.20354
      vertex -1.88577 0.198202 6.31194
      vertex -1.89615 -0 6.31194
    endloop
  endfacet
  facet normal 0.830653 -0.0435573 0.555083
    outer loop
      vertex -1.62556 -0 6.04134
      vertex -1.61665 0.169917 6.04134
      vertex -1.73395 -0 6.20354
    endloop
  endfacet
  facet normal 0.830624 -0.0434908 0.555132
    outer loop
      vertex -1.61665 0.169917 6.04134
      vertex -1.72446 0.181248 6.20354
      vertex -1.73395 -0 6.20354
    endloop
  endfacet
  facet normal 0.979493 -0.0513537 0.194824
    outer loop
      vertex -1.5875 -0 5.84999
      vertex -1.5788 0.165939 5.84999
      vertex -1.62556 -0 6.04134
    endloop
  endfacet
  facet normal 0.979494 -0.0513621 0.194817
    outer loop
      vertex -1.5788 0.165939 5.84999
      vertex -1.61665 0.169917 6.04134
      vertex -1.62556 -0 6.04134
    endloop
  endfacet
  facet normal 0.998628 -0.052357 0
    outer loop
      vertex -1.5875 -0 0.5
      vertex -1.5788 0.165939 0.5
      vertex -1.5875 -0 5.84999
    endloop
  endfacet
  facet normal 0.998628 -0.052357 0
    outer loop
      vertex -1.5788 0.165939 0.5
      vertex -1.5788 0.165939 5.84999
      vertex -1.5875 -0 5.84999
    endloop
  endfacet
  facet normal 0.979492 -0.051362 -0.194828
    outer loop
      vertex -1.62556 -0 0.308655
      vertex -1.61665 0.169917 0.308655
      vertex -1.5875 -0 0.5
    endloop
  endfacet
  facet normal 0.979493 -0.0513538 -0.194821
    outer loop
      vertex -1.61665 0.169917 0.308655
      vertex -1.5788 0.165939 0.5
      vertex -1.5875 -0 0.5
    endloop
  endfacet
  facet normal 0.830657 -0.0434926 -0.555083
    outer loop
      vertex -1.73395 -0 0.146454
      vertex -1.72446 0.181248 0.146454
      vertex -1.62556 -0 0.308655
    endloop
  endfacet
  facet normal 0.830622 -0.0435556 -0.555131
    outer loop
      vertex -1.72446 0.181248 0.146454
      vertex -1.61665 0.169917 0.308655
      vertex -1.62556 -0 0.308655
    endloop
  endfacet
  facet normal 0.555406 -0.0290871 -0.83107
    outer loop
      vertex -1.89615 -0 0.0380554
      vertex -1.88577 0.198202 0.0380554
      vertex -1.73395 -0 0.146454
    endloop
  endfacet
  facet normal 0.555412 -0.0290809 -0.831067
    outer loop
      vertex -1.88577 0.198202 0.0380554
      vertex -1.72446 0.181248 0.146454
      vertex -1.73395 -0 0.146454
    endloop
  endfacet
  facet normal 0.195048 -0.010226 -0.98074
    outer loop
      vertex -2.0875 -0 0
      vertex -2.07606 0.218203 0
      vertex -1.89615 -0 0.0380554
    endloop
  endfacet
  facet normal 0.19506 -0.0102155 -0.980738
    outer loop
      vertex -2.07606 0.218203 0
      vertex -1.88577 0.198202 0.0380554
      vertex -1.89615 -0 0.0380554
    endloop
  endfacet
  facet normal 0 0 -1
    outer loop
      vertex -2.67499 -0 0
      vertex -2.66034 0.279613 0
      vertex -2.0875 -0 0
    endloop
  endfacet
  facet normal 0 0 -1
    outer loop
      vertex -2.66034 0.279613 0
      vertex -2.07606 0.218203 0
      vertex -2.0875 -0 0
    endloop
  endfacet
  facet normal -0.195048 0.0102207 -0.98074
    outer loop
      vertex -2.86634 -0 0.0380554
      vertex -2.85064 0.299614 0.0380554
      vertex -2.67499 -0 0
    endloop
  endfacet
  facet normal -0.19505 0.0102194 -0.98074
    outer loop
      vertex -2.85064 0.299614 0.0380554
      vertex -2.66034 0.279613 0
      vertex -2.67499 -0 0
    endloop
  endfacet
  facet normal -0.549324 0.0870041 -0.831068
    outer loop
      vertex -3.01195 0.316569 0.146454
      vertex -2.96236 0.629669 0.146454
      vertex -2.85064 0.299614 0.0380554
    endloop
  endfacet
  facet normal -0.549308 0.0870126 -0.831077
    outer loop
      vertex -2.96236 0.629669 0.146454
      vertex -2.8037 0.595945 0.0380554
      vertex -2.85064 0.299614 0.0380554
    endloop
  endfacet
  facet normal -0.821548 0.130107 -0.555095
    outer loop
      vertex -3.11975 0.327899 0.308655
      vertex -3.06839 0.652206 0.308655
      vertex -3.01195 0.316569 0.146454
    endloop
  endfacet
  facet normal -0.821535 0.130118 -0.555113
    outer loop
      vertex -3.06839 0.652206 0.308655
      vertex -2.96236 0.629669 0.146454
      vertex -3.01195 0.316569 0.146454
    endloop
  endfacet
  facet normal -0.968762 0.153442 -0.194821
    outer loop
      vertex -3.1576 0.331877 0.5
      vertex -3.10561 0.660118 0.5
      vertex -3.11975 0.327899 0.308655
    endloop
  endfacet
  facet normal -0.968772 0.153423 -0.194787
    outer loop
      vertex -3.10561 0.660118 0.5
      vertex -3.06839 0.652206 0.308655
      vertex -3.11975 0.327899 0.308655
    endloop
  endfacet
  facet normal -0.987688 0.15644 0
    outer loop
      vertex -3.1576 0.331877 5.84999
      vertex -3.10561 0.660118 5.84999
      vertex -3.1576 0.331877 0.5
    endloop
  endfacet
  facet normal -0.987688 0.15644 0
    outer loop
      vertex -3.10561 0.660118 5.84999
      vertex -3.10561 0.660118 0.5
      vertex -3.1576 0.331877 0.5
    endloop
  endfacet
  facet normal -0.968766 0.153422 0.194816
    outer loop
      vertex -3.11975 0.327899 6.04134
      vertex -3.06839 0.652206 6.04134
      vertex -3.1576 0.331877 5.84999
    endloop
  endfacet
  facet normal -0.96877 0.153443 0.194783
    outer loop
      vertex -3.06839 0.652206 6.04134
      vertex -3.10561 0.660118 5.84999
      vertex -3.1576 0.331877 5.84999
    endloop
  endfacet
  facet normal -0.821545 0.130119 0.555097
    outer loop
      vertex -3.01195 0.316569 6.20354
      vertex -2.96236 0.629669 6.20354
      vertex -3.11975 0.327899 6.04134
    endloop
  endfacet
  facet normal -0.821535 0.130105 0.555115
    outer loop
      vertex -2.96236 0.629669 6.20354
      vertex -3.06839 0.652206 6.04134
      vertex -3.11975 0.327899 6.04134
    endloop
  endfacet
  facet normal -0.549327 0.0870156 0.831064
    outer loop
      vertex -2.85064 0.299614 6.31194
      vertex -2.8037 0.595945 6.31194
      vertex -3.01195 0.316569 6.20354
    endloop
  endfacet
  facet normal -0.549315 0.0870027 0.831074
    outer loop
      vertex -2.8037 0.595945 6.31194
      vertex -2.96236 0.629669 6.20354
      vertex -3.01195 0.316569 6.20354
    endloop
  endfacet
  facet normal -0.192887 0.0305495 0.980745
    outer loop
      vertex -2.66034 0.279613 6.34999
      vertex -2.61654 0.556162 6.34999
      vertex -2.85064 0.299614 6.31194
    endloop
  endfacet
  facet normal -0.192892 0.0305549 0.980744
    outer loop
      vertex -2.61654 0.556162 6.34999
      vertex -2.8037 0.595945 6.31194
      vertex -2.85064 0.299614 6.31194
    endloop
  endfacet
  facet normal 0 -0 1
    outer loop
      vertex -2.07606 0.218203 6.34999
      vertex -2.04188 0.434016 6.34999
      vertex -2.66034 0.279613 6.34999
    endloop
  endfacet
  facet normal 0 0 1
    outer loop
      vertex -2.04188 0.434016 6.34999
      vertex -2.61654 0.556162 6.34999
      vertex -2.66034 0.279613 6.34999
    endloop
  endfacet
  facet normal 0.192896 -0.0305534 0.980743
    outer loop
      vertex -1.88577 0.198202 6.31194
      vertex -1.85472 0.394233 6.31194
      vertex -2.07606 0.218203 6.34999
    endloop
  endfacet
  facet normal 0.192893 -0.03055 0.980744
    outer loop
      vertex -1.85472 0.394233 6.31194
      vertex -2.04188 0.434016 6.34999
      vertex -2.07606 0.218203 6.34999
    endloop
  endfacet
  facet normal 0.549326 -0.0870288 0.831064
    outer loop
      vertex -1.72446 0.181248 6.20354
      vertex -1.69606 0.360509 6.20354
      vertex -1.88577 0.198202 6.31194
    endloop
  endfacet
  facet normal 0.549314 -0.0870077 0.831074
    outer loop
      vertex -1.69606 0.360509 6.20354
      vertex -1.85472 0.394233 6.31194
      vertex -1.88577 0.198202 6.31194
    endloop
  endfacet
  facet normal 0.821519 -0.130129 0.555133
    outer loop
      vertex -1.61665 0.169917 6.04134
      vertex -1.59003 0.337972 6.04134
      vertex -1.72446 0.181248 6.20354
    endloop
  endfacet
  facet normal 0.821527 -0.130153 0.555116
    outer loop
      vertex -1.59003 0.337972 6.04134
      vertex -1.69606 0.360509 6.20354
      vertex -1.72446 0.181248 6.20354
    endloop
  endfacet
  facet normal 0.968768 -0.153413 0.194816
    outer loop
      vertex -1.5788 0.165939 5.84999
      vertex -1.55281 0.33006 5.84999
      vertex -1.61665 0.169917 6.04134
    endloop
  endfacet
  facet normal 0.968768 -0.153453 0.194783
    outer loop
      vertex -1.55281 0.33006 5.84999
      vertex -1.59003 0.337972 6.04134
      vertex -1.61665 0.169917 6.04134
    endloop
  endfacet
  facet normal 0.987692 -0.15641 0
    outer loop
      vertex -1.5788 0.165939 0.5
      vertex -1.55281 0.33006 0.5
      vertex -1.5788 0.165939 5.84999
    endloop
  endfacet
  facet normal 0.987692 -0.15641 0
    outer loop
      vertex -1.55281 0.33006 0.5
      vertex -1.55281 0.33006 5.84999
      vertex -1.5788 0.165939 5.84999
    endloop
  endfacet
  facet normal 0.968761 -0.153452 -0.194821
    outer loop
      vertex -1.61665 0.169917 0.308655
      vertex -1.59003 0.337972 0.308655
      vertex -1.5788 0.165939 0.5
    endloop
  endfacet
  facet normal 0.968774 -0.153414 -0.194787
    outer loop
      vertex -1.59003 0.337972 0.308655
      vertex -1.55281 0.33006 0.5
      vertex -1.5788 0.165939 0.5
    endloop
  endfacet
  facet normal 0.821518 -0.130152 -0.55513
    outer loop
      vertex -1.72446 0.181248 0.146454
      vertex -1.69606 0.360509 0.146454
      vertex -1.61665 0.169917 0.308655
    endloop
  endfacet
  facet normal 0.821532 -0.130131 -0.555113
    outer loop
      vertex -1.69606 0.360509 0.146454
      vertex -1.59003 0.337972 0.308655
      vertex -1.61665 0.169917 0.308655
    endloop
  endfacet
  facet normal 0.549324 -0.0870092 -0.831067
    outer loop
      vertex -1.88577 0.198202 0.0380554
      vertex -1.85472 0.394233 0.0380554
      vertex -1.72446 0.181248 0.146454
    endloop
  endfacet
  facet normal 0.549305 -0.0870255 -0.831078
    outer loop
      vertex -1.85472 0.394233 0.0380554
      vertex -1.69606 0.360509 0.146454
      vertex -1.72446 0.181248 0.146454
    endloop
  endfacet
  facet normal 0.192923 -0.0305547 -0.980738
    outer loop
      vertex -2.07606 0.218203 0
      vertex -2.04188 0.434016 0
      vertex -1.88577 0.198202 0.0380554
    endloop
  endfacet
  facet normal 0.192919 -0.0305571 -0.980739
    outer loop
      vertex -2.04188 0.434016 0
      vertex -1.85472 0.394233 0.0380554
      vertex -1.88577 0.198202 0.0380554
    endloop
  endfacet
  facet normal 0 0 -1
    outer loop
      vertex -2.66034 0.279613 0
      vertex -2.61654 0.556162 0
      vertex -2.07606 0.218203 0
    endloop
  endfacet
  facet normal 0 0 -1
    outer loop
      vertex -2.61654 0.556162 0
      vertex -2.04188 0.434016 0
      vertex -2.07606 0.218203 0
    endloop
  endfacet
  facet normal -0.192913 0.0305581 -0.98074
    outer loop
      vertex -2.85064 0.299614 0.0380554
      vertex -2.8037 0.595945 0.0380554
      vertex -2.66034 0.279613 0
    endloop
  endfacet
  facet normal -0.19292 0.0305547 -0.980739
    outer loop
      vertex -2.8037 0.595945 0.0380554
      vertex -2.61654 0.556162 0
      vertex -2.66034 0.279613 0
    endloop
  endfacet
  facet normal -0.537205 0.14395 -0.831077
    outer loop
      vertex -2.96236 0.629669 0.146454
      vertex -2.88031 0.93587 0.146454
      vertex -2.8037 0.595945 0.0380554
    endloop
  endfacet
  facet normal -0.537221 0.143944 -0.831068
    outer loop
      vertex -2.88031 0.93587 0.146454
      vertex -2.72605 0.885747 0.0380554
      vertex -2.8037 0.595945 0.0380554
    endloop
  endfacet
  facet normal -0.803435 0.215272 -0.555113
    outer loop
      vertex -3.06839 0.652206 0.308655
      vertex -2.98341 0.969367 0.308655
      vertex -2.96236 0.629669 0.146454
    endloop
  endfacet
  facet normal -0.803416 0.215284 -0.555136
    outer loop
      vertex -2.98341 0.969367 0.308655
      vertex -2.88031 0.93587 0.146454
      vertex -2.96236 0.629669 0.146454
    endloop
  endfacet
  facet normal -0.947427 0.25385 -0.194788
    outer loop
      vertex -3.10561 0.660118 0.5
      vertex -3.0196 0.981127 0.5
      vertex -3.06839 0.652206 0.308655
    endloop
  endfacet
  facet normal -0.947425 0.253853 -0.194793
    outer loop
      vertex -3.0196 0.981127 0.5
      vertex -2.98341 0.969367 0.308655
      vertex -3.06839 0.652206 0.308655
    endloop
  endfacet
  facet normal -0.965929 0.258808 0
    outer loop
      vertex -3.10561 0.660118 5.84999
      vertex -3.0196 0.981127 5.84999
      vertex -3.10561 0.660118 0.5
    endloop
  endfacet
  facet normal -0.965929 0.258808 0
    outer loop
      vertex -3.0196 0.981127 5.84999
      vertex -3.0196 0.981127 0.5
      vertex -3.10561 0.660118 0.5
    endloop
  endfacet
  facet normal -0.947427 0.253853 0.194783
    outer loop
      vertex -3.06839 0.652206 6.04134
      vertex -2.98341 0.969367 6.04134
      vertex -3.10561 0.660118 5.84999
    endloop
  endfacet
  facet normal -0.947427 0.25385 0.194788
    outer loop
      vertex -2.98341 0.969367 6.04134
      vertex -3.0196 0.981127 5.84999
      vertex -3.10561 0.660118 5.84999
    endloop
  endfacet
  facet normal -0.80343 0.215288 0.555115
    outer loop
      vertex -2.96236 0.629669 6.20354
      vertex -2.88031 0.93587 6.20354
      vertex -3.06839 0.652206 6.04134
    endloop
  endfacet
  facet normal -0.803419 0.215268 0.555138
    outer loop
      vertex -2.88031 0.93587 6.20354
      vertex -2.98341 0.969367 6.04134
      vertex -3.06839 0.652206 6.04134
    endloop
  endfacet
  facet normal -0.537212 0.143942 0.831074
    outer loop
      vertex -2.8037 0.595945 6.31194
      vertex -2.72605 0.885747 6.31194
      vertex -2.96236 0.629669 6.20354
    endloop
  endfacet
  facet normal -0.537223 0.143955 0.831065
    outer loop
      vertex -2.72605 0.885747 6.31194
      vertex -2.88031 0.93587 6.20354
      vertex -2.96236 0.629669 6.20354
    endloop
  endfacet
  facet normal -0.188643 0.0505476 0.980744
    outer loop
      vertex -2.61654 0.556162 6.34999
      vertex -2.54407 0.826619 6.34999
      vertex -2.8037 0.595945 6.31194
    endloop
  endfacet
  facet normal -0.18864 0.0505445 0.980745
    outer loop
      vertex -2.54407 0.826619 6.34999
      vertex -2.72605 0.885747 6.31194
      vertex -2.8037 0.595945 6.31194
    endloop
  endfacet
  facet normal 0 -0 1
    outer loop
      vertex -2.04188 0.434016 6.34999
      vertex -1.98533 0.645073 6.34999
      vertex -2.61654 0.556162 6.34999
    endloop
  endfacet
  facet normal 0 0 1
    outer loop
      vertex -1.98533 0.645073 6.34999
      vertex -2.54407 0.826619 6.34999
      vertex -2.61654 0.556162 6.34999
    endloop
  endfacet
  facet normal 0.188643 -0.0505478 0.980744
    outer loop
      vertex -1.85472 0.394233 6.31194
      vertex -1.80335 0.585944 6.31194
      vertex -2.04188 0.434016 6.34999
    endloop
  endfacet
  facet normal 0.18864 -0.0505437 0.980745
    outer loop
      vertex -1.80335 0.585944 6.31194
      vertex -1.98533 0.645073 6.34999
      vertex -2.04188 0.434016 6.34999
    endloop
  endfacet
  facet normal 0.537215 -0.143932 0.831074
    outer loop
      vertex -1.69606 0.360509 6.20354
      vertex -1.64909 0.535821 6.20354
      vertex -1.85472 0.394233 6.31194
    endloop
  endfacet
  facet normal 0.537224 -0.143952 0.831065
    outer loop
      vertex -1.64909 0.535821 6.20354
      vertex -1.80335 0.585944 6.31194
      vertex -1.85472 0.394233 6.31194
    endloop
  endfacet
  facet normal 0.803441 -0.215242 0.555116
    outer loop
      vertex -1.59003 0.337972 6.04134
      vertex -1.546 0.502324 6.04134
      vertex -1.69606 0.360509 6.20354
    endloop
  endfacet
  facet normal 0.803445 -0.215261 0.555103
    outer loop
      vertex -1.546 0.502324 6.04134
      vertex -1.64909 0.535821 6.20354
      vertex -1.69606 0.360509 6.20354
    endloop
  endfacet
  facet normal 0.94742 -0.253879 0.194783
    outer loop
      vertex -1.55281 0.33006 5.84999
      vertex -1.5098 0.490564 5.84999
      vertex -1.59003 0.337972 6.04134
    endloop
  endfacet
  facet normal 0.947426 -0.253816 0.194835
    outer loop
      vertex -1.5098 0.490564 5.84999
      vertex -1.546 0.502324 6.04134
      vertex -1.59003 0.337972 6.04134
    endloop
  endfacet
  facet normal 0.965921 -0.258836 0
    outer loop
      vertex -1.55281 0.33006 0.5
      vertex -1.5098 0.490564 0.5
      vertex -1.55281 0.33006 5.84999
    endloop
  endfacet
  facet normal 0.965921 -0.258836 0
    outer loop
      vertex -1.5098 0.490564 0.5
      vertex -1.5098 0.490564 5.84999
      vertex -1.55281 0.33006 5.84999
    endloop
  endfacet
  facet normal 0.947435 -0.253818 -0.194788
    outer loop
      vertex -1.59003 0.337972 0.308655
      vertex -1.546 0.502324 0.308655
      vertex -1.55281 0.33006 0.5
    endloop
  endfacet
  facet normal 0.947409 -0.253876 -0.194841
    outer loop
      vertex -1.546 0.502324 0.308655
      vertex -1.5098 0.490564 0.5
      vertex -1.55281 0.33006 0.5
    endloop
  endfacet
  facet normal 0.803438 -0.215259 -0.555113
    outer loop
      vertex -1.69606 0.360509 0.146454
      vertex -1.64909 0.535821 0.146454
      vertex -1.59003 0.337972 0.308655
    endloop
  endfacet
  facet normal 0.803451 -0.215245 -0.5551
    outer loop
      vertex -1.64909 0.535821 0.146454
      vertex -1.546 0.502324 0.308655
      vertex -1.59003 0.337972 0.308655
    endloop
  endfacet
  facet normal 0.537206 -0.143947 -0.831077
    outer loop
      vertex -1.85472 0.394233 0.0380554
      vertex -1.80335 0.585944 0.0380554
      vertex -1.69606 0.360509 0.146454
    endloop
  endfacet
  facet normal 0.537224 -0.143934 -0.831068
    outer loop
      vertex -1.80335 0.585944 0.0380554
      vertex -1.64909 0.535821 0.146454
      vertex -1.69606 0.360509 0.146454
    endloop
  endfacet
  facet normal 0.188669 -0.0505515 -0.980739
    outer loop
      vertex -2.04188 0.434016 0
      vertex -1.98533 0.645073 0
      vertex -1.85472 0.394233 0.0380554
    endloop
  endfacet
  facet normal 0.188665 -0.0505538 -0.980739
    outer loop
      vertex -1.98533 0.645073 0
      vertex -1.80335 0.585944 0.0380554
      vertex -1.85472 0.394233 0.0380554
    endloop
  endfacet
  facet normal 0 0 -1
    outer loop
      vertex -2.61654 0.556162 0
      vertex -2.54407 0.826619 0
      vertex -2.04188 0.434016 0
    endloop
  endfacet
  facet normal 0 0 -1
    outer loop
      vertex -2.54407 0.826619 0
      vertex -1.98533 0.645073 0
      vertex -2.04188 0.434016 0
    endloop
  endfacet
  facet normal -0.188669 0.0505523 -0.980739
    outer loop
      vertex -2.8037 0.595945 0.0380554
      vertex -2.72605 0.885747 0.0380554
      vertex -2.61654 0.556162 0
    endloop
  endfacet
  facet normal -0.188665 0.0505536 -0.980739
    outer loop
      vertex -2.72605 0.885747 0.0380554
      vertex -2.54407 0.826619 0
      vertex -2.61654 0.556162 0
    endloop
  endfacet
  facet normal -0.519232 0.199307 -0.831068
    outer loop
      vertex -2.88031 0.93587 0.146454
      vertex -2.76671 1.23182 0.146454
      vertex -2.72605 0.885747 0.0380554
    endloop
  endfacet
  facet normal -0.519225 0.199309 -0.831073
    outer loop
      vertex -2.76671 1.23182 0.146454
      vertex -2.61853 1.16585 0.0380554
      vertex -2.72605 0.885747 0.0380554
    endloop
  endfacet
  facet normal -0.776516 0.298074 -0.555135
    outer loop
      vertex -2.98341 0.969367 0.308655
      vertex -2.86574 1.27591 0.308655
      vertex -2.88031 0.93587 0.146454
    endloop
  endfacet
  facet normal -0.776527 0.298069 -0.555122
    outer loop
      vertex -2.86574 1.27591 0.308655
      vertex -2.76671 1.23182 0.146454
      vertex -2.88031 0.93587 0.146454
    endloop
  endfacet
  facet normal -0.915696 0.351506 -0.194793
    outer loop
      vertex -3.0196 0.981127 0.5
      vertex -2.9005 1.29139 0.5
      vertex -2.98341 0.969367 0.308655
    endloop
  endfacet
  facet normal -0.9157 0.351502 -0.194784
    outer loop
      vertex -2.9005 1.29139 0.5
      vertex -2.86574 1.27591 0.308655
      vertex -2.98341 0.969367 0.308655
    endloop
  endfacet
  facet normal -0.933579 0.358371 0
    outer loop
      vertex -3.0196 0.981127 5.84999
      vertex -2.9005 1.29139 5.84999
      vertex -3.0196 0.981127 0.5
    endloop
  endfacet
  facet normal -0.933579 0.358371 0
    outer loop
      vertex -2.9005 1.29139 5.84999
      vertex -2.9005 1.29139 0.5
      vertex -3.0196 0.981127 0.5
    endloop
  endfacet
  facet normal -0.915699 0.351501 0.194789
    outer loop
      vertex -2.98341 0.969367 6.04134
      vertex -2.86574 1.27591 6.04134
      vertex -3.0196 0.981127 5.84999
    endloop
  endfacet
  facet normal -0.915698 0.351507 0.194779
    outer loop
      vertex -2.86574 1.27591 6.04134
      vertex -2.9005 1.29139 5.84999
      vertex -3.0196 0.981127 5.84999
    endloop
  endfacet
  facet normal -0.776518 0.298065 0.555137
    outer loop
      vertex -2.88031 0.93587 6.20354
      vertex -2.76671 1.23182 6.20354
      vertex -2.98341 0.969367 6.04134
    endloop
  endfacet
  facet normal -0.776522 0.298077 0.555125
    outer loop
      vertex -2.76671 1.23182 6.20354
      vertex -2.86574 1.27591 6.04134
      vertex -2.98341 0.969367 6.04134
    endloop
  endfacet
  facet normal -0.519235 0.199313 0.831065
    outer loop
      vertex -2.72605 0.885747 6.31194
      vertex -2.61853 1.16585 6.31194
      vertex -2.88031 0.93587 6.20354
    endloop
  endfacet
  facet normal -0.519231 0.199306 0.831069
    outer loop
      vertex -2.61853 1.16585 6.31194
      vertex -2.76671 1.23182 6.20354
      vertex -2.88031 0.93587 6.20354
    endloop
  endfacet
  facet normal -0.182323 0.0699857 0.980745
    outer loop
      vertex -2.54407 0.826619 6.34999
      vertex -2.44373 1.08802 6.34999
      vertex -2.72605 0.885747 6.31194
    endloop
  endfacet
  facet normal -0.182324 0.0699867 0.980744
    outer loop
      vertex -2.44373 1.08802 6.34999
      vertex -2.61853 1.16585 6.31194
      vertex -2.72605 0.885747 6.31194
    endloop
  endfacet
  facet normal 0 -0 1
    outer loop
      vertex -1.98533 0.645073 6.34999
      vertex -1.90703 0.849063 6.34999
      vertex -2.54407 0.826619 6.34999
    endloop
  endfacet
  facet normal 0 0 1
    outer loop
      vertex -1.90703 0.849063 6.34999
      vertex -2.44373 1.08802 6.34999
      vertex -2.54407 0.826619 6.34999
    endloop
  endfacet
  facet normal 0.182322 -0.0699898 0.980745
    outer loop
      vertex -1.80335 0.585944 6.31194
      vertex -1.73222 0.771236 6.31194
      vertex -1.98533 0.645073 6.34999
    endloop
  endfacet
  facet normal 0.182318 -0.0699813 0.980746
    outer loop
      vertex -1.73222 0.771236 6.31194
      vertex -1.90703 0.849063 6.34999
      vertex -1.98533 0.645073 6.34999
    endloop
  endfacet
  facet normal 0.519237 -0.199308 0.831065
    outer loop
      vertex -1.64909 0.535821 6.20354
      vertex -1.58405 0.705263 6.20354
      vertex -1.80335 0.585944 6.31194
    endloop
  endfacet
  facet normal 0.519243 -0.199327 0.831056
    outer loop
      vertex -1.58405 0.705263 6.20354
      vertex -1.73222 0.771236 6.31194
      vertex -1.80335 0.585944 6.31194
    endloop
  endfacet
  facet normal 0.776529 -0.298099 0.555103
    outer loop
      vertex -1.546 0.502324 6.04134
      vertex -1.48502 0.661173 6.04134
      vertex -1.64909 0.535821 6.20354
    endloop
  endfacet
  facet normal 0.776526 -0.298068 0.555124
    outer loop
      vertex -1.48502 0.661173 6.04134
      vertex -1.58405 0.705263 6.20354
      vertex -1.64909 0.535821 6.20354
    endloop
  endfacet
  facet normal 0.915687 -0.351506 0.194835
    outer loop
      vertex -1.5098 0.490564 5.84999
      vertex -1.45025 0.645694 5.84999
      vertex -1.546 0.502324 6.04134
    endloop
  endfacet
  facet normal 0.915685 -0.351519 0.194824
    outer loop
      vertex -1.45025 0.645694 5.84999
      vertex -1.48502 0.661173 6.04134
      vertex -1.546 0.502324 6.04134
    endloop
  endfacet
  facet normal 0.933578 -0.358374 0
    outer loop
      vertex -1.5098 0.490564 0.5
      vertex -1.45025 0.645694 0.5
      vertex -1.5098 0.490564 5.84999
    endloop
  endfacet
  facet normal 0.933578 -0.358374 0
    outer loop
      vertex -1.45025 0.645694 0.5
      vertex -1.45025 0.645694 5.84999
      vertex -1.5098 0.490564 5.84999
    endloop
  endfacet
  facet normal 0.915682 -0.351518 -0.194839
    outer loop
      vertex -1.546 0.502324 0.308655
      vertex -1.48502 0.661173 0.308655
      vertex -1.5098 0.490564 0.5
    endloop
  endfacet
  facet normal 0.915688 -0.351507 -0.194828
    outer loop
      vertex -1.48502 0.661173 0.308655
      vertex -1.45025 0.645694 0.5
      vertex -1.5098 0.490564 0.5
    endloop
  endfacet
  facet normal 0.77654 -0.298073 -0.555102
    outer loop
      vertex -1.64909 0.535821 0.146454
      vertex -1.58405 0.705263 0.146454
      vertex -1.546 0.502324 0.308655
    endloop
  endfacet
  facet normal 0.776517 -0.298094 -0.555123
    outer loop
      vertex -1.58405 0.705263 0.146454
      vertex -1.48502 0.661173 0.308655
      vertex -1.546 0.502324 0.308655
    endloop
  endfacet
  facet normal 0.519227 -0.199321 -0.831068
    outer loop
      vertex -1.80335 0.585944 0.0380554
      vertex -1.73222 0.771236 0.0380554
      vertex -1.64909 0.535821 0.146454
    endloop
  endfacet
  facet normal 0.519245 -0.199311 -0.831059
    outer loop
      vertex -1.73222 0.771236 0.0380554
      vertex -1.58405 0.705263 0.146454
      vertex -1.64909 0.535821 0.146454
    endloop
  endfacet
  facet normal 0.182349 -0.0699931 -0.980739
    outer loop
      vertex -1.98533 0.645073 0
      vertex -1.90703 0.849063 0
      vertex -1.80335 0.585944 0.0380554
    endloop
  endfacet
  facet normal 0.18234 -0.0699968 -0.980741
    outer loop
      vertex -1.90703 0.849063 0
      vertex -1.73222 0.771236 0.0380554
      vertex -1.80335 0.585944 0.0380554
    endloop
  endfacet
  facet normal 0 0 -1
    outer loop
      vertex -2.54407 0.826619 0
      vertex -2.44373 1.08802 0
      vertex -1.98533 0.645073 0
    endloop
  endfacet
  facet normal 0 0 -1
    outer loop
      vertex -2.44373 1.08802 0
      vertex -1.90703 0.849063 0
      vertex -1.98533 0.645073 0
    endloop
  endfacet
  facet normal -0.182348 0.0699959 -0.980739
    outer loop
      vertex -2.72605 0.885747 0.0380554
      vertex -2.61853 1.16585 0.0380554
      vertex -2.54407 0.826619 0
    endloop
  endfacet
  facet normal -0.182349 0.0699956 -0.980739
    outer loop
      vertex -2.61853 1.16585 0.0380554
      vertex -2.44373 1.08802 0
      vertex -2.54407 0.826619 0
    endloop
  endfacet
  facet normal -0.495543 0.2525 -0.831072
    outer loop
      vertex -2.76671 1.23182 0.146454
      vertex -2.62279 1.51427 0.146454
      vertex -2.61853 1.16585 0.0380554
    endloop
  endfacet
  facet normal -0.495545 0.2525 -0.831071
    outer loop
      vertex -2.62279 1.51427 0.146454
      vertex -2.48232 1.43317 0.0380554
      vertex -2.61853 1.16585 0.0380554
    endloop
  endfacet
  facet normal -0.741108 0.377622 -0.555122
    outer loop
      vertex -2.86574 1.27591 0.308655
      vertex -2.71667 1.56847 0.308655
      vertex -2.76671 1.23182 0.146454
    endloop
  endfacet
  facet normal -0.741104 0.377623 -0.555126
    outer loop
      vertex -2.71667 1.56847 0.308655
      vertex -2.62279 1.51427 0.146454
      vertex -2.76671 1.23182 0.146454
    endloop
  endfacet
  facet normal -0.873947 0.445282 -0.194786
    outer loop
      vertex -2.9005 1.29139 0.5
      vertex -2.74963 1.5875 0.5
      vertex -2.86574 1.27591 0.308655
    endloop
  endfacet
  facet normal -0.873929 0.445299 -0.194825
    outer loop
      vertex -2.74963 1.5875 0.5
      vertex -2.71667 1.56847 0.308655
      vertex -2.86574 1.27591 0.308655
    endloop
  endfacet
  facet normal -0.891013 0.453977 0
    outer loop
      vertex -2.9005 1.29139 5.84999
      vertex -2.74963 1.5875 5.84999
      vertex -2.9005 1.29139 0.5
    endloop
  endfacet
  facet normal -0.891013 0.453977 0
    outer loop
      vertex -2.74963 1.5875 5.84999
      vertex -2.74963 1.5875 0.5
      vertex -2.9005 1.29139 0.5
    endloop
  endfacet
  facet normal -0.873937 0.445303 0.194781
    outer loop
      vertex -2.86574 1.27591 6.04134
      vertex -2.71667 1.56847 6.04134
      vertex -2.9005 1.29139 5.84999
    endloop
  endfacet
  facet normal -0.873941 0.445279 0.19482
    outer loop
      vertex -2.71667 1.56847 6.04134
      vertex -2.74963 1.5875 5.84999
      vertex -2.9005 1.29139 5.84999
    endloop
  endfacet
  facet normal -0.741106 0.377624 0.555124
    outer loop
      vertex -2.76671 1.23182 6.20354
      vertex -2.62279 1.51427 6.20354
      vertex -2.86574 1.27591 6.04134
    endloop
  endfacet
  facet normal -0.741104 0.37762 0.555129
    outer loop
      vertex -2.62279 1.51427 6.20354
      vertex -2.71667 1.56847 6.04134
      vertex -2.86574 1.27591 6.04134
    endloop
  endfacet
  facet normal -0.495548 0.252501 0.831069
    outer loop
      vertex -2.61853 1.16585 6.31194
      vertex -2.48232 1.43317 6.31194
      vertex -2.76671 1.23182 6.20354
    endloop
  endfacet
  facet normal -0.495549 0.252503 0.831068
    outer loop
      vertex -2.48232 1.43317 6.31194
      vertex -2.62279 1.51427 6.20354
      vertex -2.76671 1.23182 6.20354
    endloop
  endfacet
  facet normal -0.174008 0.088664 0.980745
    outer loop
      vertex -2.44373 1.08802 6.34999
      vertex -2.31661 1.3375 6.34999
      vertex -2.61853 1.16585 6.31194
    endloop
  endfacet
  facet normal -0.174008 0.0886639 0.980745
    outer loop
      vertex -2.31661 1.3375 6.34999
      vertex -2.48232 1.43317 6.31194
      vertex -2.61853 1.16585 6.31194
    endloop
  endfacet
  facet normal 0 -0 1
    outer loop
      vertex -1.90703 0.849063 6.34999
      vertex -1.80783 1.04375 6.34999
      vertex -2.44373 1.08802 6.34999
    endloop
  endfacet
  facet normal 0 0 1
    outer loop
      vertex -1.80783 1.04375 6.34999
      vertex -2.31661 1.3375 6.34999
      vertex -2.44373 1.08802 6.34999
    endloop
  endfacet
  facet normal 0.174004 -0.0886546 0.980746
    outer loop
      vertex -1.73222 0.771236 6.31194
      vertex -1.64212 0.948077 6.31194
      vertex -1.90703 0.849063 6.34999
    endloop
  endfacet
  facet normal 0.174007 -0.0886628 0.980745
    outer loop
      vertex -1.64212 0.948077 6.31194
      vertex -1.80783 1.04375 6.34999
      vertex -1.90703 0.849063 6.34999
    endloop
  endfacet
  facet normal 0.495564 -0.25251 0.831057
    outer loop
      vertex -1.58405 0.705263 6.20354
      vertex -1.50165 0.866977 6.20354
      vertex -1.73222 0.771236 6.31194
    endloop
  endfacet
  facet normal 0.495558 -0.252486 0.831067
    outer loop
      vertex -1.50165 0.866977 6.20354
      vertex -1.64212 0.948077 6.31194
      vertex -1.73222 0.771236 6.31194
    endloop
  endfacet
  facet normal 0.741104 -0.377628 0.555124
    outer loop
      vertex -1.48502 0.661173 6.04134
      vertex -1.40777 0.812778 6.04134
      vertex -1.58405 0.705263 6.20354
    endloop
  endfacet
  facet normal 0.741104 -0.377623 0.555127
    outer loop
      vertex -1.40777 0.812778 6.04134
      vertex -1.50165 0.866977 6.20354
      vertex -1.58405 0.705263 6.20354
    endloop
  endfacet
  facet normal 0.873953 -0.445252 0.194823
    outer loop
      vertex -1.45025 0.645694 5.84999
      vertex -1.37482 0.79375 5.84999
      vertex -1.48502 0.661173 6.04134
    endloop
  endfacet
  facet normal 0.873935 -0.445311 0.194772
    outer loop
      vertex -1.37482 0.79375 5.84999
      vertex -1.40777 0.812778 6.04134
      vertex -1.48502 0.661173 6.04134
    endloop
  endfacet
  facet normal 0.891027 -0.453951 0
    outer loop
      vertex -1.45025 0.645694 0.5
      vertex -1.37482 0.79375 0.5
      vertex -1.45025 0.645694 5.84999
    endloop
  endfacet
  facet normal 0.891027 -0.453951 0
    outer loop
      vertex -1.37482 0.79375 0.5
      vertex -1.37482 0.79375 5.84999
      vertex -1.45025 0.645694 5.84999
    endloop
  endfacet
  facet normal 0.873925 -0.445306 -0.194827
    outer loop
      vertex -1.48502 0.661173 0.308655
      vertex -1.40777 0.812778 0.308655
      vertex -1.45025 0.645694 0.5
    endloop
  endfacet
  facet normal 0.873962 -0.445257 -0.194776
    outer loop
      vertex -1.40777 0.812778 0.308655
      vertex -1.37482 0.79375 0.5
      vertex -1.45025 0.645694 0.5
    endloop
  endfacet
  facet normal 0.741107 -0.377625 -0.555122
    outer loop
      vertex -1.58405 0.705263 0.146454
      vertex -1.50165 0.866977 0.146454
      vertex -1.48502 0.661173 0.308655
    endloop
  endfacet
  facet normal 0.741103 -0.377628 -0.555125
    outer loop
      vertex -1.50165 0.866977 0.146454
      vertex -1.40777 0.812778 0.308655
      vertex -1.48502 0.661173 0.308655
    endloop
  endfacet
  facet normal 0.495568 -0.25249 -0.83106
    outer loop
      vertex -1.73222 0.771236 0.0380554
      vertex -1.64212 0.948077 0.0380554
      vertex -1.58405 0.705263 0.146454
    endloop
  endfacet
  facet normal 0.495545 -0.252501 -0.831071
    outer loop
      vertex -1.64212 0.948077 0.0380554
      vertex -1.50165 0.866977 0.146454
      vertex -1.58405 0.705263 0.146454
    endloop
  endfacet
  facet normal 0.174025 -0.0886722 -0.980741
    outer loop
      vertex -1.90703 0.849063 0
      vertex -1.80783 1.04375 0
      vertex -1.73222 0.771236 0.0380554
    endloop
  endfacet
  facet normal 0.174034 -0.0886697 -0.980739
    outer loop
      vertex -1.80783 1.04375 0
      vertex -1.64212 0.948077 0.0380554
      vertex -1.73222 0.771236 0.0380554
    endloop
  endfacet
  facet normal 0 0 -1
    outer loop
      vertex -2.44373 1.08802 0
      vertex -2.31661 1.3375 0
      vertex -1.90703 0.849063 0
    endloop
  endfacet
  facet normal 0 0 -1
    outer loop
      vertex -2.31661 1.3375 0
      vertex -1.80783 1.04375 0
      vertex -1.90703 0.849063 0
    endloop
  endfacet
  facet normal -0.174032 0.088676 -0.980739
    outer loop
      vertex -2.61853 1.16585 0.0380554
      vertex -2.48232 1.43317 0.0380554
      vertex -2.44373 1.08802 0
    endloop
  endfacet
  facet normal -0.174032 0.0886761 -0.980739
    outer loop
      vertex -2.48232 1.43317 0.0380554
      vertex -2.31661 1.3375 0
      vertex -2.44373 1.08802 0
    endloop
  endfacet
  facet normal -0.466442 0.302908 -0.831071
    outer loop
      vertex -2.62279 1.51427 0.146454
      vertex -2.45014 1.78013 0.146454
      vertex -2.48232 1.43317 0.0380554
    endloop
  endfacet
  facet normal -0.466448 0.302908 -0.831067
    outer loop
      vertex -2.45014 1.78013 0.146454
      vertex -2.31892 1.68479 0.0380554
      vertex -2.48232 1.43317 0.0380554
    endloop
  endfacet
  facet normal -0.697583 0.453006 -0.555126
    outer loop
      vertex -2.71667 1.56847 0.308655
      vertex -2.53784 1.84385 0.308655
      vertex -2.62279 1.51427 0.146454
    endloop
  endfacet
  facet normal -0.697576 0.453007 -0.555132
    outer loop
      vertex -2.53784 1.84385 0.308655
      vertex -2.45014 1.78013 0.146454
      vertex -2.62279 1.51427 0.146454
    endloop
  endfacet
  facet normal -0.822582 0.534231 -0.194825
    outer loop
      vertex -2.74963 1.5875 0.5
      vertex -2.56862 1.86621 0.5
      vertex -2.71667 1.56847 0.308655
    endloop
  endfacet
  facet normal -0.822617 0.534202 -0.194753
    outer loop
      vertex -2.56862 1.86621 0.5
      vertex -2.53784 1.84385 0.308655
      vertex -2.71667 1.56847 0.308655
    endloop
  endfacet
  facet normal -0.838652 0.544668 0
    outer loop
      vertex -2.74963 1.5875 5.84999
      vertex -2.56862 1.86621 5.84999
      vertex -2.74963 1.5875 0.5
    endloop
  endfacet
  facet normal -0.838652 0.544668 0
    outer loop
      vertex -2.56862 1.86621 5.84999
      vertex -2.56862 1.86621 0.5
      vertex -2.74963 1.5875 0.5
    endloop
  endfacet
  facet normal -0.822606 0.534195 0.19482
    outer loop
      vertex -2.71667 1.56847 6.04134
      vertex -2.53784 1.84385 6.04134
      vertex -2.74963 1.5875 5.84999
    endloop
  endfacet
  facet normal -0.822594 0.534239 0.194748
    outer loop
      vertex -2.53784 1.84385 6.04134
      vertex -2.56862 1.86621 5.84999
      vertex -2.74963 1.5875 5.84999
    endloop
  endfacet
  facet normal -0.697579 0.453009 0.555128
    outer loop
      vertex -2.62279 1.51427 6.20354
      vertex -2.45014 1.78013 6.20354
      vertex -2.71667 1.56847 6.04134
    endloop
  endfacet
  facet normal -0.697577 0.453002 0.555135
    outer loop
      vertex -2.45014 1.78013 6.20354
      vertex -2.53784 1.84385 6.04134
      vertex -2.71667 1.56847 6.04134
    endloop
  endfacet
  facet normal -0.466448 0.302907 0.831068
    outer loop
      vertex -2.48232 1.43317 6.31194
      vertex -2.31892 1.68479 6.31194
      vertex -2.62279 1.51427 6.20354
    endloop
  endfacet
  facet normal -0.46645 0.302914 0.831064
    outer loop
      vertex -2.31892 1.68479 6.31194
      vertex -2.45014 1.78013 6.20354
      vertex -2.62279 1.51427 6.20354
    endloop
  endfacet
  facet normal -0.163789 0.106363 0.980745
    outer loop
      vertex -2.31661 1.3375 6.34999
      vertex -2.16412 1.57232 6.34999
      vertex -2.48232 1.43317 6.31194
    endloop
  endfacet
  facet normal -0.16379 0.106364 0.980745
    outer loop
      vertex -2.16412 1.57232 6.34999
      vertex -2.31892 1.68479 6.31194
      vertex -2.48232 1.43317 6.31194
    endloop
  endfacet
  facet normal 0 -0 1
    outer loop
      vertex -1.80783 1.04375 6.34999
      vertex -1.68882 1.227 6.34999
      vertex -2.31661 1.3375 6.34999
    endloop
  endfacet
  facet normal 0 0 1
    outer loop
      vertex -1.68882 1.227 6.34999
      vertex -2.16412 1.57232 6.34999
      vertex -2.31661 1.3375 6.34999
    endloop
  endfacet
  facet normal 0.163785 -0.106367 0.980745
    outer loop
      vertex -1.64212 0.948077 6.31194
      vertex -1.53402 1.11453 6.31194
      vertex -1.80783 1.04375 6.34999
    endloop
  endfacet
  facet normal 0.163786 -0.106369 0.980745
    outer loop
      vertex -1.53402 1.11453 6.31194
      vertex -1.68882 1.227 6.34999
      vertex -1.80783 1.04375 6.34999
    endloop
  endfacet
  facet normal 0.466442 -0.302917 0.831067
    outer loop
      vertex -1.50165 0.866977 6.20354
      vertex -1.4028 1.01919 6.20354
      vertex -1.64212 0.948077 6.31194
    endloop
  endfacet
  facet normal 0.466443 -0.302923 0.831064
    outer loop
      vertex -1.4028 1.01919 6.20354
      vertex -1.53402 1.11453 6.31194
      vertex -1.64212 0.948077 6.31194
    endloop
  endfacet
  facet normal 0.697578 -0.453013 0.555126
    outer loop
      vertex -1.40777 0.812778 6.04134
      vertex -1.3151 0.955477 6.04134
      vertex -1.50165 0.866977 6.20354
    endloop
  endfacet
  facet normal 0.697577 -0.45302 0.555122
    outer loop
      vertex -1.3151 0.955477 6.04134
      vertex -1.4028 1.01919 6.20354
      vertex -1.50165 0.866977 6.20354
    endloop
  endfacet
  facet normal 0.822584 -0.534247 0.194773
    outer loop
      vertex -1.37482 0.79375 5.84999
      vertex -1.28431 0.933109 5.84999
      vertex -1.40777 0.812778 6.04134
    endloop
  endfacet
  facet normal 0.822602 -0.534205 0.194811
    outer loop
      vertex -1.28431 0.933109 5.84999
      vertex -1.3151 0.955477 6.04134
      vertex -1.40777 0.812778 6.04134
    endloop
  endfacet
  facet normal 0.838645 -0.544678 0
    outer loop
      vertex -1.37482 0.79375 0.5
      vertex -1.28431 0.933109 0.5
      vertex -1.37482 0.79375 5.84999
    endloop
  endfacet
  facet normal 0.838645 -0.544678 0
    outer loop
      vertex -1.28431 0.933109 0.5
      vertex -1.28431 0.933109 5.84999
      vertex -1.37482 0.79375 5.84999
    endloop
  endfacet
  facet normal 0.822607 -0.534208 -0.194778
    outer loop
      vertex -1.40777 0.812778 0.308655
      vertex -1.3151 0.955477 0.308655
      vertex -1.37482 0.79375 0.5
    endloop
  endfacet
  facet normal 0.822577 -0.534242 -0.194816
    outer loop
      vertex -1.3151 0.955477 0.308655
      vertex -1.28431 0.933109 0.5
      vertex -1.37482 0.79375 0.5
    endloop
  endfacet
  facet normal 0.697576 -0.453019 -0.555123
    outer loop
      vertex -1.50165 0.866977 0.146454
      vertex -1.4028 1.01919 0.146454
      vertex -1.40777 0.812778 0.308655
    endloop
  endfacet
  facet normal 0.697581 -0.453016 -0.555119
    outer loop
      vertex -1.4028 1.01919 0.146454
      vertex -1.3151 0.955477 0.308655
      vertex -1.40777 0.812778 0.308655
    endloop
  endfacet
  facet normal 0.466436 -0.302918 -0.831071
    outer loop
      vertex -1.64212 0.948077 0.0380554
      vertex -1.53402 1.11453 0.0380554
      vertex -1.50165 0.866977 0.146454
    endloop
  endfacet
  facet normal 0.466442 -0.302916 -0.831068
    outer loop
      vertex -1.53402 1.11453 0.0380554
      vertex -1.4028 1.01919 0.146454
      vertex -1.50165 0.866977 0.146454
    endloop
  endfacet
  facet normal 0.163807 -0.106383 -0.980739
    outer loop
      vertex -1.80783 1.04375 0
      vertex -1.68882 1.227 0
      vertex -1.64212 0.948077 0.0380554
    endloop
  endfacet
  facet normal 0.163809 -0.106383 -0.980739
    outer loop
      vertex -1.68882 1.227 0
      vertex -1.53402 1.11453 0.0380554
      vertex -1.64212 0.948077 0.0380554
    endloop
  endfacet
  facet normal 0 0 -1
    outer loop
      vertex -2.31661 1.3375 0
      vertex -2.16412 1.57232 0
      vertex -1.80783 1.04375 0
    endloop
  endfacet
  facet normal 0 0 -1
    outer loop
      vertex -2.16412 1.57232 0
      vertex -1.68882 1.227 0
      vertex -1.80783 1.04375 0
    endloop
  endfacet
  facet normal -0.163812 0.106378 -0.980739
    outer loop
      vertex -2.48232 1.43317 0.0380554
      vertex -2.31892 1.68479 0.0380554
      vertex -2.31661 1.3375 0
    endloop
  endfacet
  facet normal -0.163812 0.106378 -0.980739
    outer loop
      vertex -2.31892 1.68479 0.0380554
      vertex -2.16412 1.57232 0
      vertex -2.31661 1.3375 0
    endloop
  endfacet
  facet normal -0.432225 0.350011 -0.831068
    outer loop
      vertex -2.45014 1.78013 0.146454
      vertex -2.25064 2.02649 0.146454
      vertex -2.31892 1.68479 0.0380554
    endloop
  endfacet
  facet normal -0.432246 0.350012 -0.831057
    outer loop
      vertex -2.25064 2.02649 0.146454
      vertex -2.13011 1.91796 0.0380554
      vertex -2.31892 1.68479 0.0380554
    endloop
  endfacet
  facet normal -0.646391 0.523456 -0.555133
    outer loop
      vertex -2.53784 1.84385 0.308655
      vertex -2.3312 2.09902 0.308655
      vertex -2.45014 1.78013 0.146454
    endloop
  endfacet
  facet normal -0.646406 0.523454 -0.555117
    outer loop
      vertex -2.3312 2.09902 0.308655
      vertex -2.25064 2.02649 0.146454
      vertex -2.45014 1.78013 0.146454
    endloop
  endfacet
  facet normal -0.762282 0.617251 -0.194752
    outer loop
      vertex -2.56862 1.86621 0.5
      vertex -2.35948 2.12449 0.5
      vertex -2.53784 1.84385 0.308655
    endloop
  endfacet
  facet normal -0.762244 0.617275 -0.194822
    outer loop
      vertex -2.35948 2.12449 0.5
      vertex -2.3312 2.09902 0.308655
      vertex -2.53784 1.84385 0.308655
    endloop
  endfacet
  facet normal -0.777162 0.6293 0
    outer loop
      vertex -2.56862 1.86621 5.84999
      vertex -2.35948 2.12449 5.84999
      vertex -2.56862 1.86621 0.5
    endloop
  endfacet
  facet normal -0.777162 0.6293 0
    outer loop
      vertex -2.35948 2.12449 5.84999
      vertex -2.35948 2.12449 0.5
      vertex -2.56862 1.86621 0.5
    endloop
  endfacet
  facet normal -0.762256 0.617285 0.194746
    outer loop
      vertex -2.53784 1.84385 6.04134
      vertex -2.3312 2.09902 6.04134
      vertex -2.56862 1.86621 5.84999
    endloop
  endfacet
  facet normal -0.762271 0.617243 0.194817
    outer loop
      vertex -2.3312 2.09902 6.04134
      vertex -2.35948 2.12449 5.84999
      vertex -2.56862 1.86621 5.84999
    endloop
  endfacet
  facet normal -0.646397 0.523446 0.555136
    outer loop
      vertex -2.45014 1.78013 6.20354
      vertex -2.25064 2.02649 6.20354
      vertex -2.53784 1.84385 6.04134
    endloop
  endfacet
  facet normal -0.646398 0.523461 0.55512
    outer loop
      vertex -2.25064 2.02649 6.20354
      vertex -2.3312 2.09902 6.04134
      vertex -2.53784 1.84385 6.04134
    endloop
  endfacet
  facet normal -0.432236 0.350004 0.831065
    outer loop
      vertex -2.31892 1.68479 6.31194
      vertex -2.13011 1.91796 6.31194
      vertex -2.45014 1.78013 6.20354
    endloop
  endfacet
  facet normal -0.432241 0.350025 0.831054
    outer loop
      vertex -2.13011 1.91796 6.31194
      vertex -2.25064 2.02649 6.20354
      vertex -2.45014 1.78013 6.20354
    endloop
  endfacet
  facet normal -0.151772 0.122904 0.980745
    outer loop
      vertex -2.16412 1.57232 6.34999
      vertex -1.98791 1.78992 6.34999
      vertex -2.31892 1.68479 6.31194
    endloop
  endfacet
  facet normal -0.15177 0.122896 0.980746
    outer loop
      vertex -1.98791 1.78992 6.34999
      vertex -2.13011 1.91796 6.31194
      vertex -2.31892 1.68479 6.31194
    endloop
  endfacet
  facet normal 0 -0 1
    outer loop
      vertex -1.68882 1.227 6.34999
      vertex -1.55131 1.39681 6.34999
      vertex -2.16412 1.57232 6.34999
    endloop
  endfacet
  facet normal 0 0 1
    outer loop
      vertex -1.55131 1.39681 6.34999
      vertex -1.98791 1.78992 6.34999
      vertex -2.16412 1.57232 6.34999
    endloop
  endfacet
  facet normal 0.151777 -0.122897 0.980745
    outer loop
      vertex -1.53402 1.11453 6.31194
      vertex -1.40912 1.26878 6.31194
      vertex -1.68882 1.227 6.34999
    endloop
  endfacet
  facet normal 0.151778 -0.122908 0.980743
    outer loop
      vertex -1.40912 1.26878 6.31194
      vertex -1.55131 1.39681 6.34999
      vertex -1.68882 1.227 6.34999
    endloop
  endfacet
  facet normal 0.43223 -0.350013 0.831065
    outer loop
      vertex -1.4028 1.01919 6.20354
      vertex -1.28858 1.16024 6.20354
      vertex -1.53402 1.11453 6.31194
    endloop
  endfacet
  facet normal 0.43223 -0.349987 0.831075
    outer loop
      vertex -1.28858 1.16024 6.20354
      vertex -1.40912 1.26878 6.31194
      vertex -1.53402 1.11453 6.31194
    endloop
  endfacet
  facet normal 0.646407 -0.523449 0.55512
    outer loop
      vertex -1.3151 0.955477 6.04134
      vertex -1.20802 1.08771 6.04134
      vertex -1.4028 1.01919 6.20354
    endloop
  endfacet
  facet normal 0.646407 -0.52345 0.55512
    outer loop
      vertex -1.20802 1.08771 6.04134
      vertex -1.28858 1.16024 6.20354
      vertex -1.4028 1.01919 6.20354
    endloop
  endfacet
  facet normal 0.762252 -0.61727 0.19481
    outer loop
      vertex -1.28431 0.933109 5.84999
      vertex -1.17974 1.06224 5.84999
      vertex -1.3151 0.955477 6.04134
    endloop
  endfacet
  facet normal 0.762256 -0.617262 0.194817
    outer loop
      vertex -1.17974 1.06224 5.84999
      vertex -1.20802 1.08771 6.04134
      vertex -1.3151 0.955477 6.04134
    endloop
  endfacet
  facet normal 0.777141 -0.629327 0
    outer loop
      vertex -1.28431 0.933109 0.5
      vertex -1.17974 1.06224 0.5
      vertex -1.28431 0.933109 5.84999
    endloop
  endfacet
  facet normal 0.777141 -0.629327 0
    outer loop
      vertex -1.17974 1.06224 0.5
      vertex -1.17974 1.06224 5.84999
      vertex -1.28431 0.933109 5.84999
    endloop
  endfacet
  facet normal 0.762256 -0.617262 -0.194815
    outer loop
      vertex -1.3151 0.955477 0.308655
      vertex -1.20802 1.08771 0.308655
      vertex -1.28431 0.933109 0.5
    endloop
  endfacet
  facet normal 0.76225 -0.617268 -0.194822
    outer loop
      vertex -1.20802 1.08771 0.308655
      vertex -1.17974 1.06224 0.5
      vertex -1.28431 0.933109 0.5
    endloop
  endfacet
  facet normal 0.646408 -0.523451 -0.555118
    outer loop
      vertex -1.4028 1.01919 0.146454
      vertex -1.28858 1.16024 0.146454
      vertex -1.3151 0.955477 0.308655
    endloop
  endfacet
  facet normal 0.646409 -0.523451 -0.555117
    outer loop
      vertex -1.28858 1.16024 0.146454
      vertex -1.20802 1.08771 0.308655
      vertex -1.3151 0.955477 0.308655
    endloop
  endfacet
  facet normal 0.432238 -0.349994 -0.831068
    outer loop
      vertex -1.53402 1.11453 0.0380554
      vertex -1.40912 1.26878 0.0380554
      vertex -1.4028 1.01919 0.146454
    endloop
  endfacet
  facet normal 0.432213 -0.349999 -0.831079
    outer loop
      vertex -1.40912 1.26878 0.0380554
      vertex -1.28858 1.16024 0.146454
      vertex -1.4028 1.01919 0.146454
    endloop
  endfacet
  facet normal 0.151793 -0.12292 -0.980739
    outer loop
      vertex -1.68882 1.227 0
      vertex -1.55131 1.39681 0
      vertex -1.53402 1.11453 0.0380554
    endloop
  endfacet
  facet normal 0.151804 -0.122919 -0.980738
    outer loop
      vertex -1.55131 1.39681 0
      vertex -1.40912 1.26878 0.0380554
      vertex -1.53402 1.11453 0.0380554
    endloop
  endfacet
  facet normal 0 0 -1
    outer loop
      vertex -2.16412 1.57232 0
      vertex -1.98791 1.78992 0
      vertex -1.68882 1.227 0
    endloop
  endfacet
  facet normal 0 0 -1
    outer loop
      vertex -1.98791 1.78992 0
      vertex -1.55131 1.39681 0
      vertex -1.68882 1.227 0
    endloop
  endfacet
  facet normal -0.151796 0.122917 -0.980739
    outer loop
      vertex -2.31892 1.68479 0.0380554
      vertex -2.13011 1.91796 0.0380554
      vertex -2.16412 1.57232 0
    endloop
  endfacet
  facet normal -0.151788 0.122916 -0.980741
    outer loop
      vertex -2.13011 1.91796 0.0380554
      vertex -1.98791 1.78992 0
      vertex -2.16412 1.57232 0
    endloop
  endfacet
  facet normal -0.393283 0.393283 -0.831057
    outer loop
      vertex -2.25064 2.02649 0.146454
      vertex -2.02649 2.25064 0.146454
      vertex -2.13011 1.91796 0.0380554
    endloop
  endfacet
  facet normal -0.393283 0.393283 -0.831057
    outer loop
      vertex -2.02649 2.25064 0.146454
      vertex -1.91796 2.13011 0.0380554
      vertex -2.13011 1.91796 0.0380554
    endloop
  endfacet
  facet normal -0.588153 0.588153 -0.555115
    outer loop
      vertex -2.3312 2.09902 0.308655
      vertex -2.09902 2.3312 0.308655
      vertex -2.25064 2.02649 0.146454
    endloop
  endfacet
  facet normal -0.588153 0.588153 -0.555115
    outer loop
      vertex -2.09902 2.3312 0.308655
      vertex -2.02649 2.25064 0.146454
      vertex -2.25064 2.02649 0.146454
    endloop
  endfacet
  facet normal -0.693557 0.693557 -0.194825
    outer loop
      vertex -2.35948 2.12449 0.5
      vertex -2.12449 2.35948 0.5
      vertex -2.3312 2.09902 0.308655
    endloop
  endfacet
  facet normal -0.693557 0.693557 -0.194825
    outer loop
      vertex -2.12449 2.35948 0.5
      vertex -2.09902 2.3312 0.308655
      vertex -2.3312 2.09902 0.308655
    endloop
  endfacet
  facet normal -0.707107 0.707107 0
    outer loop
      vertex -2.35948 2.12449 5.84999
      vertex -2.12449 2.35948 5.84999
      vertex -2.35948 2.12449 0.5
    endloop
  endfacet
  facet normal -0.707107 0.707107 0
    outer loop
      vertex -2.12449 2.35948 5.84999
      vertex -2.12449 2.35948 0.5
      vertex -2.35948 2.12449 0.5
    endloop
  endfacet
  facet normal -0.693558 0.693558 0.19482
    outer loop
      vertex -2.3312 2.09902 6.04134
      vertex -2.09902 2.3312 6.04134
      vertex -2.35948 2.12449 5.84999
    endloop
  endfacet
  facet normal -0.693558 0.693558 0.19482
    outer loop
      vertex -2.09902 2.3312 6.04134
      vertex -2.12449 2.35948 5.84999
      vertex -2.35948 2.12449 5.84999
    endloop
  endfacet
  facet normal -0.588151 0.588151 0.555118
    outer loop
      vertex -2.25064 2.02649 6.20354
      vertex -2.02649 2.25064 6.20354
      vertex -2.3312 2.09902 6.04134
    endloop
  endfacet
  facet normal -0.588151 0.588151 0.555118
    outer loop
      vertex -2.02649 2.25064 6.20354
      vertex -2.09902 2.3312 6.04134
      vertex -2.3312 2.09902 6.04134
    endloop
  endfacet
  facet normal -0.393287 0.393287 0.831054
    outer loop
      vertex -2.13011 1.91796 6.31194
      vertex -1.91796 2.13011 6.31194
      vertex -2.25064 2.02649 6.20354
    endloop
  endfacet
  facet normal -0.393287 0.393287 0.831054
    outer loop
      vertex -1.91796 2.13011 6.31194
      vertex -2.02649 2.25064 6.20354
      vertex -2.25064 2.02649 6.20354
    endloop
  endfacet
  facet normal -0.13809 0.13809 0.980746
    outer loop
      vertex -1.98791 1.78992 6.34999
      vertex -1.78992 1.98791 6.34999
      vertex -2.13011 1.91796 6.31194
    endloop
  endfacet
  facet normal -0.13809 0.13809 0.980746
    outer loop
      vertex -1.78992 1.98791 6.34999
      vertex -1.91796 2.13011 6.31194
      vertex -2.13011 1.91796 6.31194
    endloop
  endfacet
  facet normal 0 -0 1
    outer loop
      vertex -1.55131 1.39681 6.34999
      vertex -1.39681 1.55131 6.34999
      vertex -1.98791 1.78992 6.34999
    endloop
  endfacet
  facet normal 0 0 1
    outer loop
      vertex -1.39681 1.55131 6.34999
      vertex -1.78992 1.98791 6.34999
      vertex -1.98791 1.78992 6.34999
    endloop
  endfacet
  facet normal 0.1381 -0.1381 0.980743
    outer loop
      vertex -1.40912 1.26878 6.31194
      vertex -1.26878 1.40912 6.31194
      vertex -1.55131 1.39681 6.34999
    endloop
  endfacet
  facet normal 0.1381 -0.1381 0.980743
    outer loop
      vertex -1.26878 1.40912 6.31194
      vertex -1.39681 1.55131 6.34999
      vertex -1.55131 1.39681 6.34999
    endloop
  endfacet
  facet normal 0.393263 -0.393263 0.831077
    outer loop
      vertex -1.28858 1.16024 6.20354
      vertex -1.16024 1.28858 6.20354
      vertex -1.40912 1.26878 6.31194
    endloop
  endfacet
  facet normal 0.393263 -0.393263 0.831077
    outer loop
      vertex -1.16024 1.28858 6.20354
      vertex -1.26878 1.40912 6.31194
      vertex -1.40912 1.26878 6.31194
    endloop
  endfacet
  facet normal 0.588151 -0.588151 0.555118
    outer loop
      vertex -1.20802 1.08771 6.04134
      vertex -1.08771 1.20802 6.04134
      vertex -1.28858 1.16024 6.20354
    endloop
  endfacet
  facet normal 0.588151 -0.588151 0.555118
    outer loop
      vertex -1.08771 1.20802 6.04134
      vertex -1.16024 1.28858 6.20354
      vertex -1.28858 1.16024 6.20354
    endloop
  endfacet
  facet normal 0.693558 -0.693558 0.19482
    outer loop
      vertex -1.17974 1.06224 5.84999
      vertex -1.06224 1.17974 5.84999
      vertex -1.20802 1.08771 6.04134
    endloop
  endfacet
  facet normal 0.693558 -0.693558 0.19482
    outer loop
      vertex -1.06224 1.17974 5.84999
      vertex -1.08771 1.20802 6.04134
      vertex -1.20802 1.08771 6.04134
    endloop
  endfacet
  facet normal 0.707107 -0.707107 0
    outer loop
      vertex -1.17974 1.06224 0.5
      vertex -1.06224 1.17974 0.5
      vertex -1.17974 1.06224 5.84999
    endloop
  endfacet
  facet normal 0.707107 -0.707107 0
    outer loop
      vertex -1.06224 1.17974 0.5
      vertex -1.06224 1.17974 5.84999
      vertex -1.17974 1.06224 5.84999
    endloop
  endfacet
  facet normal 0.693557 -0.693557 -0.194825
    outer loop
      vertex -1.20802 1.08771 0.308655
      vertex -1.08771 1.20802 0.308655
      vertex -1.17974 1.06224 0.5
    endloop
  endfacet
  facet normal 0.693557 -0.693557 -0.194825
    outer loop
      vertex -1.08771 1.20802 0.308655
      vertex -1.06224 1.17974 0.5
      vertex -1.17974 1.06224 0.5
    endloop
  endfacet
  facet normal 0.588153 -0.588153 -0.555115
    outer loop
      vertex -1.28858 1.16024 0.146454
      vertex -1.16024 1.28858 0.146454
      vertex -1.20802 1.08771 0.308655
    endloop
  endfacet
  facet normal 0.588153 -0.588153 -0.555115
    outer loop
      vertex -1.16024 1.28858 0.146454
      vertex -1.08771 1.20802 0.308655
      vertex -1.20802 1.08771 0.308655
    endloop
  endfacet
  facet normal 0.39326 -0.39326 -0.83108
    outer loop
      vertex -1.40912 1.26878 0.0380554
      vertex -1.26878 1.40912 0.0380554
      vertex -1.28858 1.16024 0.146454
    endloop
  endfacet
  facet normal 0.39326 -0.39326 -0.83108
    outer loop
      vertex -1.26878 1.40912 0.0380554
      vertex -1.16024 1.28858 0.146454
      vertex -1.28858 1.16024 0.146454
    endloop
  endfacet
  facet normal 0.138118 -0.138118 -0.980738
    outer loop
      vertex -1.55131 1.39681 0
      vertex -1.39681 1.55131 0
      vertex -1.40912 1.26878 0.0380554
    endloop
  endfacet
  facet normal 0.138118 -0.138118 -0.980738
    outer loop
      vertex -1.39681 1.55131 0
      vertex -1.26878 1.40912 0.0380554
      vertex -1.40912 1.26878 0.0380554
    endloop
  endfacet
  facet normal 0 0 -1
    outer loop
      vertex -1.98791 1.78992 0
      vertex -1.78992 1.98791 0
      vertex -1.55131 1.39681 0
    endloop
  endfacet
  facet normal 0 0 -1
    outer loop
      vertex -1.78992 1.98791 0
      vertex -1.39681 1.55131 0
      vertex -1.55131 1.39681 0
    endloop
  endfacet
  facet normal -0.138109 0.138109 -0.980741
    outer loop
      vertex -2.13011 1.91796 0.0380554
      vertex -1.91796 2.13011 0.0380554
      vertex -1.98791 1.78992 0
    endloop
  endfacet
  facet normal -0.138109 0.138109 -0.980741
    outer loop
      vertex -1.91796 2.13011 0.0380554
      vertex -1.78992 1.98791 0
      vertex -1.98791 1.78992 0
    endloop
  endfacet
  facet normal -0.350022 0.432237 -0.831057
    outer loop
      vertex -2.02649 2.25064 0.146454
      vertex -1.78013 2.45014 0.146454
      vertex -1.91796 2.13011 0.0380554
    endloop
  endfacet
  facet normal -0.350001 0.432232 -0.831068
    outer loop
      vertex -1.78013 2.45014 0.146454
      vertex -1.68479 2.31892 0.0380554
      vertex -1.91796 2.13011 0.0380554
    endloop
  endfacet
  facet normal -0.523462 0.646399 -0.555118
    outer loop
      vertex -2.09902 2.3312 0.308655
      vertex -1.84385 2.53784 0.308655
      vertex -2.02649 2.25064 0.146454
    endloop
  endfacet
  facet normal -0.523447 0.646398 -0.555133
    outer loop
      vertex -1.84385 2.53784 0.308655
      vertex -1.78013 2.45014 0.146454
      vertex -2.02649 2.25064 0.146454
    endloop
  endfacet
  facet normal -0.617242 0.762271 -0.194822
    outer loop
      vertex -2.12449 2.35948 0.5
      vertex -1.86621 2.56862 0.5
      vertex -2.09902 2.3312 0.308655
    endloop
  endfacet
  facet normal -0.617284 0.762255 -0.194751
    outer loop
      vertex -1.86621 2.56862 0.5
      vertex -1.84385 2.53784 0.308655
      vertex -2.09902 2.3312 0.308655
    endloop
  endfacet
  facet normal -0.6293 0.777162 0
    outer loop
      vertex -2.12449 2.35948 5.84999
      vertex -1.86621 2.56862 5.84999
      vertex -2.12449 2.35948 0.5
    endloop
  endfacet
  facet normal -0.6293 0.777162 0
    outer loop
      vertex -1.86621 2.56862 5.84999
      vertex -1.86621 2.56862 0.5
      vertex -2.12449 2.35948 0.5
    endloop
  endfacet
  facet normal -0.617276 0.762245 0.194817
    outer loop
      vertex -2.09902 2.3312 6.04134
      vertex -1.84385 2.53784 6.04134
      vertex -2.12449 2.35948 5.84999
    endloop
  endfacet
  facet normal -0.617252 0.762282 0.194747
    outer loop
      vertex -1.84385 2.53784 6.04134
      vertex -1.86621 2.56862 5.84999
      vertex -2.12449 2.35948 5.84999
    endloop
  endfacet
  facet normal -0.523453 0.646405 0.55512
    outer loop
      vertex -2.02649 2.25064 6.20354
      vertex -1.78013 2.45014 6.20354
      vertex -2.09902 2.3312 6.04134
    endloop
  endfacet
  facet normal -0.523455 0.64639 0.555135
    outer loop
      vertex -1.78013 2.45014 6.20354
      vertex -1.84385 2.53784 6.04134
      vertex -2.09902 2.3312 6.04134
    endloop
  endfacet
  facet normal -0.350015 0.43225 0.831053
    outer loop
      vertex -1.91796 2.13011 6.31194
      vertex -1.68479 2.31892 6.31194
      vertex -2.02649 2.25064 6.20354
    endloop
  endfacet
  facet normal -0.350015 0.432228 0.831065
    outer loop
      vertex -1.68479 2.31892 6.31194
      vertex -1.78013 2.45014 6.20354
      vertex -2.02649 2.25064 6.20354
    endloop
  endfacet
  facet normal -0.1229 0.151767 0.980746
    outer loop
      vertex -1.78992 1.98791 6.34999
      vertex -1.57232 2.16412 6.34999
      vertex -1.91796 2.13011 6.31194
    endloop
  endfacet
  facet normal -0.1229 0.151775 0.980745
    outer loop
      vertex -1.57232 2.16412 6.34999
      vertex -1.68479 2.31892 6.31194
      vertex -1.91796 2.13011 6.31194
    endloop
  endfacet
  facet normal 0 -0 1
    outer loop
      vertex -1.39681 1.55131 6.34999
      vertex -1.227 1.68882 6.34999
      vertex -1.78992 1.98791 6.34999
    endloop
  endfacet
  facet normal 0 0 1
    outer loop
      vertex -1.227 1.68882 6.34999
      vertex -1.57232 2.16412 6.34999
      vertex -1.78992 1.98791 6.34999
    endloop
  endfacet
  facet normal 0.122903 -0.151783 0.980743
    outer loop
      vertex -1.26878 1.40912 6.31194
      vertex -1.11453 1.53402 6.31194
      vertex -1.39681 1.55131 6.34999
    endloop
  endfacet
  facet normal 0.122903 -0.151772 0.980745
    outer loop
      vertex -1.11453 1.53402 6.31194
      vertex -1.227 1.68882 6.34999
      vertex -1.39681 1.55131 6.34999
    endloop
  endfacet
  facet normal 0.350002 -0.432217 0.831076
    outer loop
      vertex -1.16024 1.28858 6.20354
      vertex -1.01919 1.4028 6.20354
      vertex -1.26878 1.40912 6.31194
    endloop
  endfacet
  facet normal 0.349997 -0.432242 0.831065
    outer loop
      vertex -1.01919 1.4028 6.20354
      vertex -1.11453 1.53402 6.31194
      vertex -1.26878 1.40912 6.31194
    endloop
  endfacet
  facet normal 0.52345 -0.646408 0.55512
    outer loop
      vertex -1.08771 1.20802 6.04134
      vertex -0.955477 1.3151 6.04134
      vertex -1.16024 1.28858 6.20354
    endloop
  endfacet
  facet normal 0.52345 -0.646407 0.55512
    outer loop
      vertex -0.955477 1.3151 6.04134
      vertex -1.01919 1.4028 6.20354
      vertex -1.16024 1.28858 6.20354
    endloop
  endfacet
  facet normal 0.617269 -0.76225 0.194817
    outer loop
      vertex -1.06224 1.17974 5.84999
      vertex -0.933109 1.28431 5.84999
      vertex -1.08771 1.20802 6.04134
    endloop
  endfacet
  facet normal 0.617263 -0.762257 0.19481
    outer loop
      vertex -0.933109 1.28431 5.84999
      vertex -0.955477 1.3151 6.04134
      vertex -1.08771 1.20802 6.04134
    endloop
  endfacet
  facet normal 0.629327 -0.777141 0
    outer loop
      vertex -1.06224 1.17974 0.5
      vertex -0.933109 1.28431 0.5
      vertex -1.06224 1.17974 5.84999
    endloop
  endfacet
  facet normal 0.629327 -0.777141 0
    outer loop
      vertex -0.933109 1.28431 0.5
      vertex -0.933109 1.28431 5.84999
      vertex -1.06224 1.17974 5.84999
    endloop
  endfacet
  facet normal 0.617261 -0.762255 -0.194822
    outer loop
      vertex -1.08771 1.20802 0.308655
      vertex -0.955477 1.3151 0.308655
      vertex -1.06224 1.17974 0.5
    endloop
  endfacet
  facet normal 0.617269 -0.762251 -0.194814
    outer loop
      vertex -0.955477 1.3151 0.308655
      vertex -0.933109 1.28431 0.5
      vertex -1.06224 1.17974 0.5
    endloop
  endfacet
  facet normal 0.523451 -0.646408 -0.555117
    outer loop
      vertex -1.16024 1.28858 0.146454
      vertex -1.01919 1.4028 0.146454
      vertex -1.08771 1.20802 0.308655
    endloop
  endfacet
  facet normal 0.52345 -0.646409 -0.555118
    outer loop
      vertex -1.01919 1.4028 0.146454
      vertex -0.955477 1.3151 0.308655
      vertex -1.08771 1.20802 0.308655
    endloop
  endfacet
  facet normal 0.349984 -0.432226 -0.831079
    outer loop
      vertex -1.26878 1.40912 0.0380554
      vertex -1.11453 1.53402 0.0380554
      vertex -1.16024 1.28858 0.146454
    endloop
  endfacet
  facet normal 0.35001 -0.432226 -0.831068
    outer loop
      vertex -1.11453 1.53402 0.0380554
      vertex -1.01919 1.4028 0.146454
      vertex -1.16024 1.28858 0.146454
    endloop
  endfacet
  facet normal 0.122925 -0.151799 -0.980738
    outer loop
      vertex -1.39681 1.55131 0
      vertex -1.227 1.68882 0
      vertex -1.26878 1.40912 0.0380554
    endloop
  endfacet
  facet normal 0.122914 -0.151798 -0.980739
    outer loop
      vertex -1.227 1.68882 0
      vertex -1.11453 1.53402 0.0380554
      vertex -1.26878 1.40912 0.0380554
    endloop
  endfacet
  facet normal 0 0 -1
    outer loop
      vertex -1.78992 1.98791 0
      vertex -1.57232 2.16412 0
      vertex -1.39681 1.55131 0
    endloop
  endfacet
  facet normal 0 0 -1
    outer loop
      vertex -1.57232 2.16412 0
      vertex -1.227 1.68882 0
      vertex -1.39681 1.55131 0
    endloop
  endfacet
  facet normal -0.122913 0.151791 -0.98074
    outer loop
      vertex -1.91796 2.13011 0.0380554
      vertex -1.68479 2.31892 0.0380554
      vertex -1.78992 1.98791 0
    endloop
  endfacet
  facet normal -0.12292 0.151793 -0.980739
    outer loop
      vertex -1.68479 2.31892 0.0380554
      vertex -1.57232 2.16412 0
      vertex -1.78992 1.98791 0
    endloop
  endfacet
  facet normal -0.302911 0.466446 -0.831068
    outer loop
      vertex -1.78013 2.45014 0.146454
      vertex -1.51427 2.62279 0.146454
      vertex -1.68479 2.31892 0.0380554
    endloop
  endfacet
  facet normal -0.302905 0.466444 -0.831071
    outer loop
      vertex -1.51427 2.62279 0.146454
      vertex -1.43317 2.48232 0.0380554
      vertex -1.68479 2.31892 0.0380554
    endloop
  endfacet
  facet normal -0.453003 0.697579 -0.555132
    outer loop
      vertex -1.84385 2.53784 0.308655
      vertex -1.56847 2.71667 0.308655
      vertex -1.78013 2.45014 0.146454
    endloop
  endfacet
  facet normal -0.45301 0.69758 -0.555126
    outer loop
      vertex -1.56847 2.71667 0.308655
      vertex -1.51427 2.62279 0.146454
      vertex -1.78013 2.45014 0.146454
    endloop
  endfacet
  facet normal -0.534239 0.822594 -0.194753
    outer loop
      vertex -1.86621 2.56862 0.5
      vertex -1.5875 2.74963 0.5
      vertex -1.84385 2.53784 0.308655
    endloop
  endfacet
  facet normal -0.534195 0.822605 -0.194825
    outer loop
      vertex -1.5875 2.74963 0.5
      vertex -1.56847 2.71667 0.308655
      vertex -1.84385 2.53784 0.308655
    endloop
  endfacet
  facet normal -0.544668 0.838652 0
    outer loop
      vertex -1.86621 2.56862 5.84999
      vertex -1.5875 2.74963 5.84999
      vertex -1.86621 2.56862 0.5
    endloop
  endfacet
  facet normal -0.544668 0.838652 0
    outer loop
      vertex -1.5875 2.74963 5.84999
      vertex -1.5875 2.74963 0.5
      vertex -1.86621 2.56862 0.5
    endloop
  endfacet
  facet normal -0.534203 0.822618 0.194748
    outer loop
      vertex -1.84385 2.53784 6.04134
      vertex -1.56847 2.71667 6.04134
      vertex -1.86621 2.56862 5.84999
    endloop
  endfacet
  facet normal -0.534232 0.822583 0.19482
    outer loop
      vertex -1.56847 2.71667 6.04134
      vertex -1.5875 2.74963 5.84999
      vertex -1.86621 2.56862 5.84999
    endloop
  endfacet
  facet normal -0.453006 0.697575 0.555135
    outer loop
      vertex -1.78013 2.45014 6.20354
      vertex -1.51427 2.62279 6.20354
      vertex -1.84385 2.53784 6.04134
    endloop
  endfacet
  facet normal -0.453005 0.697581 0.555128
    outer loop
      vertex -1.51427 2.62279 6.20354
      vertex -1.56847 2.71667 6.04134
      vertex -1.84385 2.53784 6.04134
    endloop
  endfacet
  facet normal -0.30291 0.466452 0.831064
    outer loop
      vertex -1.68479 2.31892 6.31194
      vertex -1.43317 2.48232 6.31194
      vertex -1.78013 2.45014 6.20354
    endloop
  endfacet
  facet normal -0.302911 0.466446 0.831068
    outer loop
      vertex -1.43317 2.48232 6.31194
      vertex -1.51427 2.62279 6.20354
      vertex -1.78013 2.45014 6.20354
    endloop
  endfacet
  facet normal -0.106363 0.16379 0.980745
    outer loop
      vertex -1.57232 2.16412 6.34999
      vertex -1.3375 2.31661 6.34999
      vertex -1.68479 2.31892 6.31194
    endloop
  endfacet
  facet normal -0.106363 0.163789 0.980745
    outer loop
      vertex -1.3375 2.31661 6.34999
      vertex -1.43317 2.48232 6.31194
      vertex -1.68479 2.31892 6.31194
    endloop
  endfacet
  facet normal 0 -0 1
    outer loop
      vertex -1.227 1.68882 6.34999
      vertex -1.04375 1.80783 6.34999
      vertex -1.57232 2.16412 6.34999
    endloop
  endfacet
  facet normal 0 0 1
    outer loop
      vertex -1.04375 1.80783 6.34999
      vertex -1.3375 2.31661 6.34999
      vertex -1.57232 2.16412 6.34999
    endloop
  endfacet
  facet normal 0.106368 -0.163786 0.980745
    outer loop
      vertex -1.11453 1.53402 6.31194
      vertex -0.948077 1.64212 6.31194
      vertex -1.227 1.68882 6.34999
    endloop
  endfacet
  facet normal 0.106368 -0.163785 0.980745
    outer loop
      vertex -0.948077 1.64212 6.31194
      vertex -1.04375 1.80783 6.34999
      vertex -1.227 1.68882 6.34999
    endloop
  endfacet
  facet normal 0.302919 -0.466446 0.831064
    outer loop
      vertex -1.01919 1.4028 6.20354
      vertex -0.866977 1.50165 6.20354
      vertex -1.11453 1.53402 6.31194
    endloop
  endfacet
  facet normal 0.302921 -0.46644 0.831067
    outer loop
      vertex -0.866977 1.50165 6.20354
      vertex -0.948077 1.64212 6.31194
      vertex -1.11453 1.53402 6.31194
    endloop
  endfacet
  facet normal 0.453015 -0.69758 0.555121
    outer loop
      vertex -0.955477 1.3151 6.04134
      vertex -0.812778 1.40777 6.04134
      vertex -1.01919 1.4028 6.20354
    endloop
  endfacet
  facet normal 0.453018 -0.697574 0.555126
    outer loop
      vertex -0.812778 1.40777 6.04134
      vertex -0.866977 1.50165 6.20354
      vertex -1.01919 1.4028 6.20354
    endloop
  endfacet
  facet normal 0.534242 -0.822577 0.194811
    outer loop
      vertex -0.933109 1.28431 5.84999
      vertex -0.79375 1.37482 5.84999
      vertex -0.955477 1.3151 6.04134
    endloop
  endfacet
  facet normal 0.534209 -0.822608 0.194773
    outer loop
      vertex -0.79375 1.37482 5.84999
      vertex -0.812778 1.40777 6.04134
      vertex -0.955477 1.3151 6.04134
    endloop
  endfacet
  facet normal 0.544678 -0.838645 0
    outer loop
      vertex -0.933109 1.28431 0.5
      vertex -0.79375 1.37482 0.5
      vertex -0.933109 1.28431 5.84999
    endloop
  endfacet
  facet normal 0.544678 -0.838645 0
    outer loop
      vertex -0.79375 1.37482 0.5
      vertex -0.79375 1.37482 5.84999
      vertex -0.933109 1.28431 5.84999
    endloop
  endfacet
  facet normal 0.534204 -0.822601 -0.194816
    outer loop
      vertex -0.955477 1.3151 0.308655
      vertex -0.812778 1.40777 0.308655
      vertex -0.933109 1.28431 0.5
    endloop
  endfacet
  facet normal 0.534246 -0.822583 -0.194778
    outer loop
      vertex -0.812778 1.40777 0.308655
      vertex -0.79375 1.37482 0.5
      vertex -0.933109 1.28431 0.5
    endloop
  endfacet
  facet normal 0.45302 -0.697578 -0.555119
    outer loop
      vertex -1.01919 1.4028 0.146454
      vertex -0.866977 1.50165 0.146454
      vertex -0.955477 1.3151 0.308655
    endloop
  endfacet
  facet normal 0.453014 -0.697579 -0.555124
    outer loop
      vertex -0.866977 1.50165 0.146454
      vertex -0.812778 1.40777 0.308655
      vertex -0.955477 1.3151 0.308655
    endloop
  endfacet
  facet normal 0.302921 -0.466439 -0.831068
    outer loop
      vertex -1.11453 1.53402 0.0380554
      vertex -0.948077 1.64212 0.0380554
      vertex -1.01919 1.4028 0.146454
    endloop
  endfacet
  facet normal 0.302914 -0.466438 -0.831071
    outer loop
      vertex -0.948077 1.64212 0.0380554
      vertex -0.866977 1.50165 0.146454
      vertex -1.01919 1.4028 0.146454
    endloop
  endfacet
  facet normal 0.106384 -0.163808 -0.980739
    outer loop
      vertex -1.227 1.68882 0
      vertex -1.04375 1.80783 0
      vertex -1.11453 1.53402 0.0380554
    endloop
  endfacet
  facet normal 0.106382 -0.163808 -0.980739
    outer loop
      vertex -1.04375 1.80783 0
      vertex -0.948077 1.64212 0.0380554
      vertex -1.11453 1.53402 0.0380554
    endloop
  endfacet
  facet normal 0 0 -1
    outer loop
      vertex -1.57232 2.16412 0
      vertex -1.3375 2.31661 0
      vertex -1.227 1.68882 0
    endloop
  endfacet
  facet normal 0 0 -1
    outer loop
      vertex -1.3375 2.31661 0
      vertex -1.04375 1.80783 0
      vertex -1.227 1.68882 0
    endloop
  endfacet
  facet normal -0.106378 0.163812 -0.980739
    outer loop
      vertex -1.68479 2.31892 0.0380554
      vertex -1.43317 2.48232 0.0380554
      vertex -1.57232 2.16412 0
    endloop
  endfacet
  facet normal -0.106378 0.163812 -0.980739
    outer loop
      vertex -1.43317 2.48232 0.0380554
      vertex -1.3375 2.31661 0
      vertex -1.57232 2.16412 0
    endloop
  endfacet
  facet normal -0.252501 0.495545 -0.831071
    outer loop
      vertex -1.51427 2.62279 0.146454
      vertex -1.23182 2.76671 0.146454
      vertex -1.43317 2.48232 0.0380554
    endloop
  endfacet
  facet normal -0.252499 0.495544 -0.831072
    outer loop
      vertex -1.23182 2.76671 0.146454
      vertex -1.16585 2.61853 0.0380554
      vertex -1.43317 2.48232 0.0380554
    endloop
  endfacet
  facet normal -0.37762 0.741106 -0.555126
    outer loop
      vertex -1.56847 2.71667 0.308655
      vertex -1.27591 2.86574 0.308655
      vertex -1.51427 2.62279 0.146454
    endloop
  endfacet
  facet normal -0.377625 0.741107 -0.555122
    outer loop
      vertex -1.27591 2.86574 0.308655
      vertex -1.23182 2.76671 0.146454
      vertex -1.51427 2.62279 0.146454
    endloop
  endfacet
  facet normal -0.445278 0.87394 -0.194825
    outer loop
      vertex -1.5875 2.74963 0.5
      vertex -1.29139 2.9005 0.5
      vertex -1.56847 2.71667 0.308655
    endloop
  endfacet
  facet normal -0.445302 0.873936 -0.194786
    outer loop
      vertex -1.29139 2.9005 0.5
      vertex -1.27591 2.86574 0.308655
      vertex -1.56847 2.71667 0.308655
    endloop
  endfacet
  facet normal -0.453977 0.891013 0
    outer loop
      vertex -1.5875 2.74963 5.84999
      vertex -1.29139 2.9005 5.84999
      vertex -1.5875 2.74963 0.5
    endloop
  endfacet
  facet normal -0.453977 0.891013 0
    outer loop
      vertex -1.29139 2.9005 5.84999
      vertex -1.29139 2.9005 0.5
      vertex -1.5875 2.74963 0.5
    endloop
  endfacet
  facet normal -0.445299 0.87393 0.19482
    outer loop
      vertex -1.56847 2.71667 6.04134
      vertex -1.27591 2.86574 6.04134
      vertex -1.5875 2.74963 5.84999
    endloop
  endfacet
  facet normal -0.445282 0.873947 0.194781
    outer loop
      vertex -1.27591 2.86574 6.04134
      vertex -1.29139 2.9005 5.84999
      vertex -1.5875 2.74963 5.84999
    endloop
  endfacet
  facet normal -0.377623 0.741103 0.555129
    outer loop
      vertex -1.51427 2.62279 6.20354
      vertex -1.23182 2.76671 6.20354
      vertex -1.56847 2.71667 6.04134
    endloop
  endfacet
  facet normal -0.377621 0.741107 0.555124
    outer loop
      vertex -1.23182 2.76671 6.20354
      vertex -1.27591 2.86574 6.04134
      vertex -1.56847 2.71667 6.04134
    endloop
  endfacet
  facet normal -0.252502 0.495549 0.831068
    outer loop
      vertex -1.43317 2.48232 6.31194
      vertex -1.16585 2.61853 6.31194
      vertex -1.51427 2.62279 6.20354
    endloop
  endfacet
  facet normal -0.252502 0.495548 0.831069
    outer loop
      vertex -1.16585 2.61853 6.31194
      vertex -1.23182 2.76671 6.20354
      vertex -1.51427 2.62279 6.20354
    endloop
  endfacet
  facet normal -0.088664 0.174008 0.980745
    outer loop
      vertex -1.3375 2.31661 6.34999
      vertex -1.08802 2.44373 6.34999
      vertex -1.43317 2.48232 6.31194
    endloop
  endfacet
  facet normal -0.0886639 0.174008 0.980745
    outer loop
      vertex -1.08802 2.44373 6.34999
      vertex -1.16585 2.61853 6.31194
      vertex -1.43317 2.48232 6.31194
    endloop
  endfacet
  facet normal 0 -0 1
    outer loop
      vertex -1.04375 1.80783 6.34999
      vertex -0.849063 1.90703 6.34999
      vertex -1.3375 2.31661 6.34999
    endloop
  endfacet
  facet normal 0 0 1
    outer loop
      vertex -0.849063 1.90703 6.34999
      vertex -1.08802 2.44373 6.34999
      vertex -1.3375 2.31661 6.34999
    endloop
  endfacet
  facet normal 0.0886576 -0.17401 0.980745
    outer loop
      vertex -0.948077 1.64212 6.31194
      vertex -0.771236 1.73222 6.31194
      vertex -1.04375 1.80783 6.34999
    endloop
  endfacet
  facet normal 0.0886601 -0.174002 0.980746
    outer loop
      vertex -0.771236 1.73222 6.31194
      vertex -0.849063 1.90703 6.34999
      vertex -1.04375 1.80783 6.34999
    endloop
  endfacet
  facet normal 0.252503 -0.495549 0.831068
    outer loop
      vertex -0.866977 1.50165 6.20354
      vertex -0.705263 1.58405 6.20354
      vertex -0.948077 1.64212 6.31194
    endloop
  endfacet
  facet normal 0.252493 -0.495572 0.831057
    outer loop
      vertex -0.705263 1.58405 6.20354
      vertex -0.771236 1.73222 6.31194
      vertex -0.948077 1.64212 6.31194
    endloop
  endfacet
  facet normal 0.377627 -0.741102 0.555127
    outer loop
      vertex -0.812778 1.40777 6.04134
      vertex -0.661173 1.48502 6.04134
      vertex -0.866977 1.50165 6.20354
    endloop
  endfacet
  facet normal 0.377624 -0.741106 0.555124
    outer loop
      vertex -0.661173 1.48502 6.04134
      vertex -0.705263 1.58405 6.20354
      vertex -0.866977 1.50165 6.20354
    endloop
  endfacet
  facet normal 0.445257 -0.873962 0.194771
    outer loop
      vertex -0.79375 1.37482 5.84999
      vertex -0.645694 1.45025 5.84999
      vertex -0.812778 1.40777 6.04134
    endloop
  endfacet
  facet normal 0.445307 -0.873926 0.194823
    outer loop
      vertex -0.645694 1.45025 5.84999
      vertex -0.661173 1.48502 6.04134
      vertex -0.812778 1.40777 6.04134
    endloop
  endfacet
  facet normal 0.453951 -0.891027 0
    outer loop
      vertex -0.79375 1.37482 0.5
      vertex -0.645694 1.45025 0.5
      vertex -0.79375 1.37482 5.84999
    endloop
  endfacet
  facet normal 0.453951 -0.891027 0
    outer loop
      vertex -0.645694 1.45025 0.5
      vertex -0.645694 1.45025 5.84999
      vertex -0.79375 1.37482 5.84999
    endloop
  endfacet
  facet normal 0.445311 -0.873934 -0.194776
    outer loop
      vertex -0.812778 1.40777 0.308655
      vertex -0.661173 1.48502 0.308655
      vertex -0.79375 1.37482 0.5
    endloop
  endfacet
  facet normal 0.445252 -0.873952 -0.194828
    outer loop
      vertex -0.661173 1.48502 0.308655
      vertex -0.645694 1.45025 0.5
      vertex -0.79375 1.37482 0.5
    endloop
  endfacet
  facet normal 0.377624 -0.741105 -0.555125
    outer loop
      vertex -0.866977 1.50165 0.146454
      vertex -0.705263 1.58405 0.146454
      vertex -0.812778 1.40777 0.308655
    endloop
  endfacet
  facet normal 0.377628 -0.741105 -0.555122
    outer loop
      vertex -0.705263 1.58405 0.146454
      vertex -0.661173 1.48502 0.308655
      vertex -0.812778 1.40777 0.308655
    endloop
  endfacet
  facet normal 0.252483 -0.495554 -0.831071
    outer loop
      vertex -0.948077 1.64212 0.0380554
      vertex -0.771236 1.73222 0.0380554
      vertex -0.866977 1.50165 0.146454
    endloop
  endfacet
  facet normal 0.252508 -0.495559 -0.83106
    outer loop
      vertex -0.771236 1.73222 0.0380554
      vertex -0.705263 1.58405 0.146454
      vertex -0.866977 1.50165 0.146454
    endloop
  endfacet
  facet normal 0.0886749 -0.174031 -0.98074
    outer loop
      vertex -1.04375 1.80783 0
      vertex -0.849063 1.90703 0
      vertex -0.948077 1.64212 0.0380554
    endloop
  endfacet
  facet normal 0.0886667 -0.174028 -0.980741
    outer loop
      vertex -0.849063 1.90703 0
      vertex -0.771236 1.73222 0.0380554
      vertex -0.948077 1.64212 0.0380554
    endloop
  endfacet
  facet normal 0 0 -1
    outer loop
      vertex -1.3375 2.31661 0
      vertex -1.08802 2.44373 0
      vertex -1.04375 1.80783 0
    endloop
  endfacet
  facet normal 0 0 -1
    outer loop
      vertex -1.08802 2.44373 0
      vertex -0.849063 1.90703 0
      vertex -1.04375 1.80783 0
    endloop
  endfacet
  facet normal -0.088676 0.174032 -0.980739
    outer loop
      vertex -1.43317 2.48232 0.0380554
      vertex -1.16585 2.61853 0.0380554
      vertex -1.3375 2.31661 0
    endloop
  endfacet
  facet normal -0.0886761 0.174032 -0.980739
    outer loop
      vertex -1.16585 2.61853 0.0380554
      vertex -1.08802 2.44373 0
      vertex -1.3375 2.31661 0
    endloop
  endfacet
  facet normal -0.199304 0.519227 -0.831073
    outer loop
      vertex -1.23182 2.76671 0.146454
      vertex -0.93587 2.88031 0.146454
      vertex -1.16585 2.61853 0.0380554
    endloop
  endfacet
  facet normal -0.199311 0.519231 -0.831068
    outer loop
      vertex -0.93587 2.88031 0.146454
      vertex -0.885747 2.72605 0.0380554
      vertex -1.16585 2.61853 0.0380554
    endloop
  endfacet
  facet normal -0.298077 0.776524 -0.555122
    outer loop
      vertex -1.27591 2.86574 0.308655
      vertex -0.969367 2.98341 0.308655
      vertex -1.23182 2.76671 0.146454
    endloop
  endfacet
  facet normal -0.298066 0.776519 -0.555135
    outer loop
      vertex -0.969367 2.98341 0.308655
      vertex -0.93587 2.88031 0.146454
      vertex -1.23182 2.76671 0.146454
    endloop
  endfacet
  facet normal -0.351507 0.915698 -0.194784
    outer loop
      vertex -1.29139 2.9005 0.5
      vertex -0.981127 3.0196 0.5
      vertex -1.27591 2.86574 0.308655
    endloop
  endfacet
  facet normal -0.351501 0.915698 -0.194793
    outer loop
      vertex -0.981127 3.0196 0.5
      vertex -0.969367 2.98341 0.308655
      vertex -1.27591 2.86574 0.308655
    endloop
  endfacet
  facet normal -0.358371 0.933579 0
    outer loop
      vertex -1.29139 2.9005 5.84999
      vertex -0.981127 3.0196 5.84999
      vertex -1.29139 2.9005 0.5
    endloop
  endfacet
  facet normal -0.358371 0.933579 0
    outer loop
      vertex -0.981127 3.0196 5.84999
      vertex -0.981127 3.0196 0.5
      vertex -1.29139 2.9005 0.5
    endloop
  endfacet
  facet normal -0.351502 0.915701 0.194779
    outer loop
      vertex -1.27591 2.86574 6.04134
      vertex -0.969367 2.98341 6.04134
      vertex -1.29139 2.9005 5.84999
    endloop
  endfacet
  facet normal -0.351507 0.915697 0.194789
    outer loop
      vertex -0.969367 2.98341 6.04134
      vertex -0.981127 3.0196 5.84999
      vertex -1.29139 2.9005 5.84999
    endloop
  endfacet
  facet normal -0.298068 0.776526 0.555124
    outer loop
      vertex -1.23182 2.76671 6.20354
      vertex -0.93587 2.88031 6.20354
      vertex -1.27591 2.86574 6.04134
    endloop
  endfacet
  facet normal -0.298074 0.776515 0.555137
    outer loop
      vertex -0.93587 2.88031 6.20354
      vertex -0.969367 2.98341 6.04134
      vertex -1.27591 2.86574 6.04134
    endloop
  endfacet
  facet normal -0.199311 0.519229 0.831069
    outer loop
      vertex -1.16585 2.61853 6.31194
      vertex -0.885747 2.72605 6.31194
      vertex -1.23182 2.76671 6.20354
    endloop
  endfacet
  facet normal -0.199308 0.519237 0.831065
    outer loop
      vertex -0.885747 2.72605 6.31194
      vertex -0.93587 2.88031 6.20354
      vertex -1.23182 2.76671 6.20354
    endloop
  endfacet
  facet normal -0.0699861 0.182324 0.980744
    outer loop
      vertex -1.08802 2.44373 6.34999
      vertex -0.826619 2.54407 6.34999
      vertex -1.16585 2.61853 6.31194
    endloop
  endfacet
  facet normal -0.0699864 0.182323 0.980745
    outer loop
      vertex -0.826619 2.54407 6.34999
      vertex -0.885747 2.72605 6.31194
      vertex -1.16585 2.61853 6.31194
    endloop
  endfacet
  facet normal 0 -0 1
    outer loop
      vertex -0.849063 1.90703 6.34999
      vertex -0.645073 1.98533 6.34999
      vertex -1.08802 2.44373 6.34999
    endloop
  endfacet
  facet normal 0 0 1
    outer loop
      vertex -0.645073 1.98533 6.34999
      vertex -0.826619 2.54407 6.34999
      vertex -1.08802 2.44373 6.34999
    endloop
  endfacet
  facet normal 0.0699872 -0.182315 0.980746
    outer loop
      vertex -0.771236 1.73222 6.31194
      vertex -0.585944 1.80335 6.31194
      vertex -0.849063 1.90703 6.34999
    endloop
  endfacet
  facet normal 0.0699836 -0.182324 0.980745
    outer loop
      vertex -0.585944 1.80335 6.31194
      vertex -0.645073 1.98533 6.34999
      vertex -0.849063 1.90703 6.34999
    endloop
  endfacet
  facet normal 0.199313 -0.51925 0.831056
    outer loop
      vertex -0.705263 1.58405 6.20354
      vertex -0.535821 1.64909 6.20354
      vertex -0.771236 1.73222 6.31194
    endloop
  endfacet
  facet normal 0.199323 -0.519232 0.831065
    outer loop
      vertex -0.535821 1.64909 6.20354
      vertex -0.585944 1.80335 6.31194
      vertex -0.771236 1.73222 6.31194
    endloop
  endfacet
  facet normal 0.298094 -0.776515 0.555125
    outer loop
      vertex -0.661173 1.48502 6.04134
      vertex -0.502324 1.546 6.04134
      vertex -0.705263 1.58405 6.20354
    endloop
  endfacet
  facet normal 0.298073 -0.776538 0.555104
    outer loop
      vertex -0.502324 1.546 6.04134
      vertex -0.535821 1.64909 6.20354
      vertex -0.705263 1.58405 6.20354
    endloop
  endfacet
  facet normal 0.351507 -0.915689 0.194824
    outer loop
      vertex -0.645694 1.45025 5.84999
      vertex -0.490564 1.5098 5.84999
      vertex -0.661173 1.48502 6.04134
    endloop
  endfacet
  facet normal 0.351518 -0.915683 0.194834
    outer loop
      vertex -0.490564 1.5098 5.84999
      vertex -0.502324 1.546 6.04134
      vertex -0.661173 1.48502 6.04134
    endloop
  endfacet
  facet normal 0.358374 -0.933578 0
    outer loop
      vertex -0.645694 1.45025 0.5
      vertex -0.490564 1.5098 0.5
      vertex -0.645694 1.45025 5.84999
    endloop
  endfacet
  facet normal 0.358374 -0.933578 0
    outer loop
      vertex -0.490564 1.5098 0.5
      vertex -0.490564 1.5098 5.84999
      vertex -0.645694 1.45025 5.84999
    endloop
  endfacet
  facet normal 0.351519 -0.915684 -0.194829
    outer loop
      vertex -0.661173 1.48502 0.308655
      vertex -0.502324 1.546 0.308655
      vertex -0.645694 1.45025 0.5
    endloop
  endfacet
  facet normal 0.351506 -0.915686 -0.194839
    outer loop
      vertex -0.502324 1.546 0.308655
      vertex -0.490564 1.5098 0.5
      vertex -0.645694 1.45025 0.5
    endloop
  endfacet
  facet normal 0.298069 -0.776527 -0.555122
    outer loop
      vertex -0.705263 1.58405 0.146454
      vertex -0.535821 1.64909 0.146454
      vertex -0.661173 1.48502 0.308655
    endloop
  endfacet
  facet normal 0.2981 -0.77653 -0.555101
    outer loop
      vertex -0.535821 1.64909 0.146454
      vertex -0.502324 1.546 0.308655
      vertex -0.661173 1.48502 0.308655
    endloop
  endfacet
  facet normal 0.199326 -0.519239 -0.83106
    outer loop
      vertex -0.771236 1.73222 0.0380554
      vertex -0.585944 1.80335 0.0380554
      vertex -0.705263 1.58405 0.146454
    endloop
  endfacet
  facet normal 0.199306 -0.519233 -0.831068
    outer loop
      vertex -0.585944 1.80335 0.0380554
      vertex -0.535821 1.64909 0.146454
      vertex -0.705263 1.58405 0.146454
    endloop
  endfacet
  facet normal 0.0699908 -0.182343 -0.980741
    outer loop
      vertex -0.849063 1.90703 0
      vertex -0.645073 1.98533 0
      vertex -0.771236 1.73222 0.0380554
    endloop
  endfacet
  facet normal 0.0699993 -0.182347 -0.980739
    outer loop
      vertex -0.645073 1.98533 0
      vertex -0.585944 1.80335 0.0380554
      vertex -0.771236 1.73222 0.0380554
    endloop
  endfacet
  facet normal 0 0 -1
    outer loop
      vertex -1.08802 2.44373 0
      vertex -0.826619 2.54407 0
      vertex -0.849063 1.90703 0
    endloop
  endfacet
  facet normal 0 -0 -1
    outer loop
      vertex -0.826619 2.54407 0
      vertex -0.645073 1.98533 0
      vertex -0.849063 1.90703 0
    endloop
  endfacet
  facet normal -0.0699963 0.182349 -0.980739
    outer loop
      vertex -1.16585 2.61853 0.0380554
      vertex -0.885747 2.72605 0.0380554
      vertex -1.08802 2.44373 0
    endloop
  endfacet
  facet normal -0.0699953 0.182348 -0.980739
    outer loop
      vertex -0.885747 2.72605 0.0380554
      vertex -0.826619 2.54407 0
      vertex -1.08802 2.44373 0
    endloop
  endfacet
  facet normal -0.143954 0.537218 -0.831068
    outer loop
      vertex -0.93587 2.88031 0.146454
      vertex -0.629669 2.96236 0.146454
      vertex -0.885747 2.72605 0.0380554
    endloop
  endfacet
  facet normal -0.14394 0.537208 -0.831077
    outer loop
      vertex -0.629669 2.96236 0.146454
      vertex -0.595945 2.8037 0.0380554
      vertex -0.885747 2.72605 0.0380554
    endloop
  endfacet
  facet normal -0.215268 0.80342 -0.555135
    outer loop
      vertex -0.969367 2.98341 0.308655
      vertex -0.652206 3.06839 0.308655
      vertex -0.93587 2.88031 0.146454
    endloop
  endfacet
  facet normal -0.215288 0.803431 -0.555112
    outer loop
      vertex -0.652206 3.06839 0.308655
      vertex -0.629669 2.96236 0.146454
      vertex -0.93587 2.88031 0.146454
    endloop
  endfacet
  facet normal -0.25385 0.947426 -0.194793
    outer loop
      vertex -0.981127 3.0196 0.5
      vertex -0.660118 3.10561 0.5
      vertex -0.969367 2.98341 0.308655
    endloop
  endfacet
  facet normal -0.253853 0.947426 -0.194788
    outer loop
      vertex -0.660118 3.10561 0.5
      vertex -0.652206 3.06839 0.308655
      vertex -0.969367 2.98341 0.308655
    endloop
  endfacet
  facet normal -0.258808 0.965929 0
    outer loop
      vertex -0.981127 3.0196 5.84999
      vertex -0.660118 3.10561 5.84999
      vertex -0.981127 3.0196 0.5
    endloop
  endfacet
  facet normal -0.258808 0.965929 0
    outer loop
      vertex -0.660118 3.10561 5.84999
      vertex -0.660118 3.10561 0.5
      vertex -0.981127 3.0196 0.5
    endloop
  endfacet
  facet normal -0.253853 0.947426 0.194788
    outer loop
      vertex -0.969367 2.98341 6.04134
      vertex -0.652206 3.06839 6.04134
      vertex -0.981127 3.0196 5.84999
    endloop
  endfacet
  facet normal -0.25385 0.947428 0.194783
    outer loop
      vertex -0.652206 3.06839 6.04134
      vertex -0.660118 3.10561 5.84999
      vertex -0.981127 3.0196 5.84999
    endloop
  endfacet
  facet normal -0.215284 0.803414 0.555138
    outer loop
      vertex -0.93587 2.88031 6.20354
      vertex -0.629669 2.96236 6.20354
      vertex -0.969367 2.98341 6.04134
    endloop
  endfacet
  facet normal -0.215272 0.803434 0.555115
    outer loop
      vertex -0.629669 2.96236 6.20354
      vertex -0.652206 3.06839 6.04134
      vertex -0.969367 2.98341 6.04134
    endloop
  endfacet
  facet normal -0.143945 0.537226 0.831065
    outer loop
      vertex -0.885747 2.72605 6.31194
      vertex -0.595945 2.8037 6.31194
      vertex -0.93587 2.88031 6.20354
    endloop
  endfacet
  facet normal -0.143951 0.53721 0.831074
    outer loop
      vertex -0.595945 2.8037 6.31194
      vertex -0.629669 2.96236 6.20354
      vertex -0.93587 2.88031 6.20354
    endloop
  endfacet
  facet normal -0.0505467 0.188639 0.980745
    outer loop
      vertex -0.826619 2.54407 6.34999
      vertex -0.556162 2.61654 6.34999
      vertex -0.885747 2.72605 6.31194
    endloop
  endfacet
  facet normal -0.0505454 0.188643 0.980744
    outer loop
      vertex -0.556162 2.61654 6.34999
      vertex -0.595945 2.8037 6.31194
      vertex -0.885747 2.72605 6.31194
    endloop
  endfacet
  facet normal 0 -0 1
    outer loop
      vertex -0.645073 1.98533 6.34999
      vertex -0.434016 2.04188 6.34999
      vertex -0.826619 2.54407 6.34999
    endloop
  endfacet
  facet normal 0 0 1
    outer loop
      vertex -0.434016 2.04188 6.34999
      vertex -0.556162 2.61654 6.34999
      vertex -0.826619 2.54407 6.34999
    endloop
  endfacet
  facet normal 0.0505469 -0.188639 0.980745
    outer loop
      vertex -0.585944 1.80335 6.31194
      vertex -0.394233 1.85472 6.31194
      vertex -0.645073 1.98533 6.34999
    endloop
  endfacet
  facet normal 0.0505446 -0.188643 0.980744
    outer loop
      vertex -0.394233 1.85472 6.31194
      vertex -0.434016 2.04188 6.34999
      vertex -0.645073 1.98533 6.34999
    endloop
  endfacet
  facet normal 0.143936 -0.537229 0.831064
    outer loop
      vertex -0.535821 1.64909 6.20354
      vertex -0.360509 1.69606 6.20354
      vertex -0.585944 1.80335 6.31194
    endloop
  endfacet
  facet normal 0.143949 -0.537211 0.831074
    outer loop
      vertex -0.360509 1.69606 6.20354
      vertex -0.394233 1.85472 6.31194
      vertex -0.585944 1.80335 6.31194
    endloop
  endfacet
  facet normal 0.215245 -0.803449 0.555103
    outer loop
      vertex -0.502324 1.546 6.04134
      vertex -0.337972 1.59003 6.04134
      vertex -0.535821 1.64909 6.20354
    endloop
  endfacet
  facet normal 0.215259 -0.803437 0.555115
    outer loop
      vertex -0.337972 1.59003 6.04134
      vertex -0.360509 1.69606 6.20354
      vertex -0.535821 1.64909 6.20354
    endloop
  endfacet
  facet normal 0.253876 -0.94741 0.194836
    outer loop
      vertex -0.490564 1.5098 5.84999
      vertex -0.33006 1.55281 5.84999
      vertex -0.502324 1.546 6.04134
    endloop
  endfacet
  facet normal 0.253819 -0.947436 0.194783
    outer loop
      vertex -0.33006 1.55281 5.84999
      vertex -0.337972 1.59003 6.04134
      vertex -0.502324 1.546 6.04134
    endloop
  endfacet
  facet normal 0.258836 -0.965921 0
    outer loop
      vertex -0.490564 1.5098 0.5
      vertex -0.33006 1.55281 0.5
      vertex -0.490564 1.5098 5.84999
    endloop
  endfacet
  facet normal 0.258836 -0.965921 0
    outer loop
      vertex -0.33006 1.55281 0.5
      vertex -0.33006 1.55281 5.84999
      vertex -0.490564 1.5098 5.84999
    endloop
  endfacet
  facet normal 0.253816 -0.947425 -0.19484
    outer loop
      vertex -0.502324 1.546 0.308655
      vertex -0.337972 1.59003 0.308655
      vertex -0.490564 1.5098 0.5
    endloop
  endfacet
  facet normal 0.253878 -0.947419 -0.194788
    outer loop
      vertex -0.337972 1.59003 0.308655
      vertex -0.33006 1.55281 0.5
      vertex -0.490564 1.5098 0.5
    endloop
  endfacet
  facet normal 0.215261 -0.803446 -0.555101
    outer loop
      vertex -0.535821 1.64909 0.146454
      vertex -0.360509 1.69606 0.146454
      vertex -0.502324 1.546 0.308655
    endloop
  endfacet
  facet normal 0.215243 -0.803442 -0.555113
    outer loop
      vertex -0.360509 1.69606 0.146454
      vertex -0.337972 1.59003 0.308655
      vertex -0.502324 1.546 0.308655
    endloop
  endfacet
  facet normal 0.143951 -0.537219 -0.831068
    outer loop
      vertex -0.585944 1.80335 0.0380554
      vertex -0.394233 1.85472 0.0380554
      vertex -0.535821 1.64909 0.146454
    endloop
  endfacet
  facet normal 0.143931 -0.53721 -0.831077
    outer loop
      vertex -0.394233 1.85472 0.0380554
      vertex -0.360509 1.69606 0.146454
      vertex -0.535821 1.64909 0.146454
    endloop
  endfacet
  facet normal 0.0505506 -0.188666 -0.980739
    outer loop
      vertex -0.645073 1.98533 0
      vertex -0.434016 2.04188 0
      vertex -0.585944 1.80335 0.0380554
    endloop
  endfacet
  facet normal 0.0505547 -0.188668 -0.980739
    outer loop
      vertex -0.434016 2.04188 0
      vertex -0.394233 1.85472 0.0380554
      vertex -0.585944 1.80335 0.0380554
    endloop
  endfacet
  facet normal 0 0 -1
    outer loop
      vertex -0.826619 2.54407 0
      vertex -0.556162 2.61654 0
      vertex -0.645073 1.98533 0
    endloop
  endfacet
  facet normal 0 -0 -1
    outer loop
      vertex -0.556162 2.61654 0
      vertex -0.434016 2.04188 0
      vertex -0.645073 1.98533 0
    endloop
  endfacet
  facet normal -0.0505514 0.188666 -0.980739
    outer loop
      vertex -0.885747 2.72605 0.0380554
      vertex -0.595945 2.8037 0.0380554
      vertex -0.826619 2.54407 0
    endloop
  endfacet
  facet normal -0.0505545 0.188669 -0.980739
    outer loop
      vertex -0.595945 2.8037 0.0380554
      vertex -0.556162 2.61654 0
      vertex -0.826619 2.54407 0
    endloop
  endfacet
  facet normal -0.0870019 0.54931 -0.831077
    outer loop
      vertex -0.629669 2.96236 0.146454
      vertex -0.316569 3.01195 0.146454
      vertex -0.595945 2.8037 0.0380554
    endloop
  endfacet
  facet normal -0.0870149 0.549323 -0.831067
    outer loop
      vertex -0.316569 3.01195 0.146454
      vertex -0.299614 2.85064 0.0380554
      vertex -0.595945 2.8037 0.0380554
    endloop
  endfacet
  facet normal -0.130106 0.821537 -0.555112
    outer loop
      vertex -0.652206 3.06839 0.308655
      vertex -0.327899 3.11975 0.308655
      vertex -0.629669 2.96236 0.146454
    endloop
  endfacet
  facet normal -0.13012 0.821546 -0.555095
    outer loop
      vertex -0.327899 3.11975 0.308655
      vertex -0.316569 3.01195 0.146454
      vertex -0.629669 2.96236 0.146454
    endloop
  endfacet
  facet normal -0.153443 0.968769 -0.194788
    outer loop
      vertex -0.660118 3.10561 0.5
      vertex -0.331877 3.1576 0.5
      vertex -0.652206 3.06839 0.308655
    endloop
  endfacet
  facet normal -0.153422 0.968765 -0.194821
    outer loop
      vertex -0.331877 3.1576 0.5
      vertex -0.327899 3.11975 0.308655
      vertex -0.652206 3.06839 0.308655
    endloop
  endfacet
  facet normal -0.15644 0.987688 0
    outer loop
      vertex -0.660118 3.10561 5.84999
      vertex -0.331877 3.1576 5.84999
      vertex -0.660118 3.10561 0.5
    endloop
  endfacet
  facet normal -0.15644 0.987688 0
    outer loop
      vertex -0.331877 3.1576 5.84999
      vertex -0.331877 3.1576 0.5
      vertex -0.660118 3.10561 0.5
    endloop
  endfacet
  facet normal -0.153423 0.968773 0.194782
    outer loop
      vertex -0.652206 3.06839 6.04134
      vertex -0.327899 3.11975 6.04134
      vertex -0.660118 3.10561 5.84999
    endloop
  endfacet
  facet normal -0.153442 0.968763 0.194816
    outer loop
      vertex -0.327899 3.11975 6.04134
      vertex -0.331877 3.1576 5.84999
      vertex -0.660118 3.10561 5.84999
    endloop
  endfacet
  facet normal -0.130118 0.821533 0.555115
    outer loop
      vertex -0.629669 2.96236 6.20354
      vertex -0.316569 3.01195 6.20354
      vertex -0.652206 3.06839 6.04134
    endloop
  endfacet
  facet normal -0.130107 0.821547 0.555098
    outer loop
      vertex -0.316569 3.01195 6.20354
      vertex -0.327899 3.11975 6.04134
      vertex -0.652206 3.06839 6.04134
    endloop
  endfacet
  facet normal -0.0870133 0.549313 0.831074
    outer loop
      vertex -0.595945 2.8037 6.31194
      vertex -0.299614 2.85064 6.31194
      vertex -0.629669 2.96236 6.20354
    endloop
  endfacet
  facet normal -0.0870048 0.549329 0.831064
    outer loop
      vertex -0.299614 2.85064 6.31194
      vertex -0.316569 3.01195 6.20354
      vertex -0.629669 2.96236 6.20354
    endloop
  endfacet
  facet normal -0.0305506 0.192893 0.980744
    outer loop
      vertex -0.556162 2.61654 6.34999
      vertex -0.279613 2.66034 6.34999
      vertex -0.595945 2.8037 6.31194
    endloop
  endfacet
  facet normal -0.0305539 0.192886 0.980745
    outer loop
      vertex -0.279613 2.66034 6.34999
      vertex -0.299614 2.85064 6.31194
      vertex -0.595945 2.8037 6.31194
    endloop
  endfacet
  facet normal 0 -0 1
    outer loop
      vertex -0.434016 2.04188 6.34999
      vertex -0.218203 2.07606 6.34999
      vertex -0.556162 2.61654 6.34999
    endloop
  endfacet
  facet normal 0 0 1
    outer loop
      vertex -0.218203 2.07606 6.34999
      vertex -0.279613 2.66034 6.34999
      vertex -0.556162 2.61654 6.34999
    endloop
  endfacet
  facet normal 0.0305529 -0.192893 0.980744
    outer loop
      vertex -0.394233 1.85472 6.31194
      vertex -0.198202 1.88577 6.31194
      vertex -0.434016 2.04188 6.34999
    endloop
  endfacet
  facet normal 0.0305505 -0.192896 0.980743
    outer loop
      vertex -0.198202 1.88577 6.31194
      vertex -0.218203 2.07606 6.34999
      vertex -0.434016 2.04188 6.34999
    endloop
  endfacet
  facet normal 0.0870263 -0.54931 0.831074
    outer loop
      vertex -0.360509 1.69606 6.20354
      vertex -0.181248 1.72446 6.20354
      vertex -0.394233 1.85472 6.31194
    endloop
  endfacet
  facet normal 0.08701 -0.549328 0.831064
    outer loop
      vertex -0.181248 1.72446 6.20354
      vertex -0.198202 1.88577 6.31194
      vertex -0.394233 1.85472 6.31194
    endloop
  endfacet
  facet normal 0.130131 -0.821531 0.555115
    outer loop
      vertex -0.337972 1.59003 6.04134
      vertex -0.169917 1.61665 6.04134
      vertex -0.360509 1.69606 6.20354
    endloop
  endfacet
  facet normal 0.130151 -0.821516 0.555132
    outer loop
      vertex -0.169917 1.61665 6.04134
      vertex -0.181248 1.72446 6.20354
      vertex -0.360509 1.69606 6.20354
    endloop
  endfacet
  facet normal 0.153414 -0.968774 0.194782
    outer loop
      vertex -0.33006 1.55281 5.84999
      vertex -0.165939 1.5788 5.84999
      vertex -0.337972 1.59003 6.04134
    endloop
  endfacet
  facet normal 0.153452 -0.968762 0.194816
    outer loop
      vertex -0.165939 1.5788 5.84999
      vertex -0.169917 1.61665 6.04134
      vertex -0.337972 1.59003 6.04134
    endloop
  endfacet
  facet normal 0.15641 -0.987692 0
    outer loop
      vertex -0.33006 1.55281 0.5
      vertex -0.165939 1.5788 0.5
      vertex -0.33006 1.55281 5.84999
    endloop
  endfacet
  facet normal 0.15641 -0.987692 0
    outer loop
      vertex -0.165939 1.5788 0.5
      vertex -0.165939 1.5788 5.84999
      vertex -0.33006 1.55281 5.84999
    endloop
  endfacet
  facet normal 0.153453 -0.968767 -0.194788
    outer loop
      vertex -0.337972 1.59003 0.308655
      vertex -0.169917 1.61665 0.308655
      vertex -0.33006 1.55281 0.5
    endloop
  endfacet
  facet normal 0.153413 -0.968767 -0.194821
    outer loop
      vertex -0.169917 1.61665 0.308655
      vertex -0.165939 1.5788 0.5
      vertex -0.33006 1.55281 0.5
    endloop
  endfacet
  facet normal 0.130153 -0.821529 -0.555113
    outer loop
      vertex -0.360509 1.69606 0.146454
      vertex -0.181248 1.72446 0.146454
      vertex -0.337972 1.59003 0.308655
    endloop
  endfacet
  facet normal 0.130129 -0.821521 -0.55513
    outer loop
      vertex -0.181248 1.72446 0.146454
      vertex -0.169917 1.61665 0.308655
      vertex -0.337972 1.59003 0.308655
    endloop
  endfacet
  facet normal 0.0870069 -0.549309 -0.831077
    outer loop
      vertex -0.394233 1.85472 0.0380554
      vertex -0.198202 1.88577 0.0380554
      vertex -0.360509 1.69606 0.146454
    endloop
  endfacet
  facet normal 0.087028 -0.549321 -0.831067
    outer loop
      vertex -0.198202 1.88577 0.0380554
      vertex -0.181248 1.72446 0.146454
      vertex -0.360509 1.69606 0.146454
    endloop
  endfacet
  facet normal 0.0305542 -0.19292 -0.980739
    outer loop
      vertex -0.434016 2.04188 0
      vertex -0.218203 2.07606 0
      vertex -0.394233 1.85472 0.0380554
    endloop
  endfacet
  facet normal 0.0305576 -0.192922 -0.980738
    outer loop
      vertex -0.218203 2.07606 0
      vertex -0.198202 1.88577 0.0380554
      vertex -0.394233 1.85472 0.0380554
    endloop
  endfacet
  facet normal 0 0 -1
    outer loop
      vertex -0.556162 2.61654 0
      vertex -0.279613 2.66034 0
      vertex -0.434016 2.04188 0
    endloop
  endfacet
  facet normal 0 -0 -1
    outer loop
      vertex -0.279613 2.66034 0
      vertex -0.218203 2.07606 0
      vertex -0.434016 2.04188 0
    endloop
  endfacet
  facet normal -0.0305591 0.192919 -0.980739
    outer loop
      vertex -0.595945 2.8037 0.0380554
      vertex -0.299614 2.85064 0.0380554
      vertex -0.556162 2.61654 0
    endloop
  endfacet
  facet normal -0.0305537 0.192913 -0.98074
    outer loop
      vertex -0.299614 2.85064 0.0380554
      vertex -0.279613 2.66034 0
      vertex -0.556162 2.61654 0
    endloop
  endfacet
  facet normal -0.0291066 0.555409 -0.831068
    outer loop
      vertex -0.316569 3.01195 0.146454
      vertex 0 3.02854 0.146454
      vertex -0.299614 2.85064 0.0380554
    endloop
  endfacet
  facet normal -0.0291037 0.555406 -0.83107
    outer loop
      vertex 0 3.02854 0.146454
      vertex 0 2.86634 0.0380554
      vertex -0.299614 2.85064 0.0380554
    endloop
  endfacet
  facet normal -0.0435464 0.830646 -0.555095
    outer loop
      vertex -0.327899 3.11975 0.308655
      vertex 0 3.13694 0.308655
      vertex -0.316569 3.01195 0.146454
    endloop
  endfacet
  facet normal -0.0435298 0.830632 -0.555117
    outer loop
      vertex 0 3.13694 0.308655
      vertex 0 3.02854 0.146454
      vertex -0.316569 3.01195 0.146454
    endloop
  endfacet
  facet normal -0.0513245 0.979495 -0.194821
    outer loop
      vertex -0.331877 3.1576 0.5
      vertex 0 3.17499 0.5
      vertex -0.327899 3.11975 0.308655
    endloop
  endfacet
  facet normal -0.0513501 0.979502 -0.194779
    outer loop
      vertex 0 3.17499 0.5
      vertex 0 3.13694 0.308655
      vertex -0.327899 3.11975 0.308655
    endloop
  endfacet
  facet normal -0.0523271 0.99863 0
    outer loop
      vertex -0.331877 3.1576 5.84999
      vertex 0 3.17499 5.84999
      vertex -0.331877 3.1576 0.5
    endloop
  endfacet
  facet normal -0.0523271 0.99863 0
    outer loop
      vertex 0 3.17499 5.84999
      vertex 0 3.17499 0.5
      vertex -0.331877 3.1576 0.5
    endloop
  endfacet
  facet normal -0.0513497 0.979495 0.194817
    outer loop
      vertex -0.327899 3.11975 6.04134
      vertex 0 3.13694 6.04134
      vertex -0.331877 3.1576 5.84999
    endloop
  endfacet
  facet normal -0.051325 0.979504 0.194775
    outer loop
      vertex 0 3.13694 6.04134
      vertex 0 3.17499 5.84999
      vertex -0.331877 3.1576 5.84999
    endloop
  endfacet
  facet normal -0.0435305 0.830646 0.555097
    outer loop
      vertex -0.316569 3.01195 6.20354
      vertex 0 3.02854 6.20354
      vertex -0.327899 3.11975 6.04134
    endloop
  endfacet
  facet normal -0.0435455 0.83063 0.555119
    outer loop
      vertex 0 3.02854 6.20354
      vertex 0 3.13694 6.04134
      vertex -0.327899 3.11975 6.04134
    endloop
  endfacet
  facet normal -0.0291041 0.555414 0.831064
    outer loop
      vertex -0.299614 2.85064 6.31194
      vertex 0 2.86634 6.31194
      vertex -0.316569 3.01195 6.20354
    endloop
  endfacet
  facet normal -0.0291067 0.555411 0.831067
    outer loop
      vertex 0 2.86634 6.31194
      vertex 0 3.02854 6.20354
      vertex -0.316569 3.01195 6.20354
    endloop
  endfacet
  facet normal -0.010218 0.195024 0.980745
    outer loop
      vertex -0.279613 2.66034 6.34999
      vertex 0 2.67499 6.34999
      vertex -0.299614 2.85064 6.31194
    endloop
  endfacet
  facet normal -0.0102193 0.195022 0.980746
    outer loop
      vertex 0 2.67499 6.34999
      vertex 0 2.86634 6.31194
      vertex -0.299614 2.85064 6.31194
    endloop
  endfacet
  facet normal 0 -0 1
    outer loop
      vertex -0.218203 2.07606 6.34999
      vertex 0 2.0875 6.34999
      vertex -0.279613 2.66034 6.34999
    endloop
  endfacet
  facet normal 0 -0 1
    outer loop
      vertex 0 2.0875 6.34999
      vertex 0 2.67499 6.34999
      vertex -0.279613 2.66034 6.34999
    endloop
  endfacet
  facet normal 0.0102141 -0.195034 0.980743
    outer loop
      vertex -0.198202 1.88577 6.31194
      vertex 0 1.89615 6.31194
      vertex -0.218203 2.07606 6.34999
    endloop
  endfacet
  facet normal 0.0102246 -0.195022 0.980746
    outer loop
      vertex 0 1.89615 6.31194
      vertex 0 2.0875 6.34999
      vertex -0.218203 2.07606 6.34999
    endloop
  endfacet
  facet normal 0.0290812 -0.555417 0.831064
    outer loop
      vertex -0.181248 1.72446 6.20354
      vertex 0 1.73395 6.20354
      vertex -0.198202 1.88577 6.31194
    endloop
  endfacet
  facet normal 0.0290873 -0.555411 0.831067
    outer loop
      vertex 0 1.73395 6.20354
      vertex 0 1.89615 6.31194
      vertex -0.198202 1.88577 6.31194
    endloop
  endfacet
  facet normal 0.0435555 -0.83062 0.555134
    outer loop
      vertex -0.169917 1.61665 6.04134
      vertex 0 1.62556 6.04134
      vertex -0.181248 1.72446 6.20354
    endloop
  endfacet
  facet normal 0.0434925 -0.830656 0.555085
    outer loop
      vertex 0 1.62556 6.04134
      vertex 0 1.73395 6.20354
      vertex -0.181248 1.72446 6.20354
    endloop
  endfacet
  facet normal 0.0513538 -0.979494 0.194817
    outer loop
      vertex -0.165939 1.5788 5.84999
      vertex 0 1.5875 5.84999
      vertex -0.169917 1.61665 6.04134
    endloop
  endfacet
  facet normal 0.051362 -0.979493 0.194824
    outer loop
      vertex 0 1.5875 5.84999
      vertex 0 1.62556 6.04134
      vertex -0.169917 1.61665 6.04134
    endloop
  endfacet
  facet normal 0.052357 -0.998628 0
    outer loop
      vertex -0.165939 1.5788 0.5
      vertex 0 1.5875 0.5
      vertex -0.165939 1.5788 5.84999
    endloop
  endfacet
  facet normal 0.052357 -0.998628 0
    outer loop
      vertex 0 1.5875 0.5
      vertex 0 1.5875 5.84999
      vertex -0.165939 1.5788 5.84999
    endloop
  endfacet
  facet normal 0.051362 -0.979493 -0.194822
    outer loop
      vertex -0.169917 1.61665 0.308655
      vertex 0 1.62556 0.308655
      vertex -0.165939 1.5788 0.5
    endloop
  endfacet
  facet normal 0.0513537 -0.979492 -0.194829
    outer loop
      vertex 0 1.62556 0.308655
      vertex 0 1.5875 0.5
      vertex -0.165939 1.5788 0.5
    endloop
  endfacet
  facet normal 0.0434909 -0.830626 -0.55513
    outer loop
      vertex -0.181248 1.72446 0.146454
      vertex 0 1.73395 0.146454
      vertex -0.169917 1.61665 0.308655
    endloop
  endfacet
  facet normal 0.0435574 -0.830655 -0.555081
    outer loop
      vertex 0 1.73395 0.146454
      vertex 0 1.62556 0.308655
      vertex -0.169917 1.61665 0.308655
    endloop
  endfacet
  facet normal 0.0290873 -0.555411 -0.831067
    outer loop
      vertex -0.198202 1.88577 0.0380554
      vertex 0 1.89615 0.0380554
      vertex -0.181248 1.72446 0.146454
    endloop
  endfacet
  facet normal 0.0290806 -0.555406 -0.831071
    outer loop
      vertex 0 1.89615 0.0380554
      vertex 0 1.73395 0.146454
      vertex -0.181248 1.72446 0.146454
    endloop
  endfacet
  facet normal 0.0102266 -0.195059 -0.980738
    outer loop
      vertex -0.218203 2.07606 0
      vertex 0 2.0875 0
      vertex -0.198202 1.88577 0.0380554
    endloop
  endfacet
  facet normal 0.0102148 -0.195048 -0.98074
    outer loop
      vertex 0 2.0875 0
      vertex 0 1.89615 0.0380554
      vertex -0.198202 1.88577 0.0380554
    endloop
  endfacet
  facet normal 0 0 -1
    outer loop
      vertex -0.279613 2.66034 0
      vertex 0 2.67499 0
      vertex -0.218203 2.07606 0
    endloop
  endfacet
  facet normal 0 -0 -1
    outer loop
      vertex 0 2.67499 0
      vertex 0 2.0875 0
      vertex -0.218203 2.07606 0
    endloop
  endfacet
  facet normal -0.0102208 0.19505 -0.98074
    outer loop
      vertex -0.299614 2.85064 0.0380554
      vertex 0 2.86634 0.0380554
      vertex -0.279613 2.66034 0
    endloop
  endfacet
  facet normal -0.0102193 0.195048 -0.98074
    outer loop
      vertex 0 2.86634 0.0380554
      vertex 0 2.67499 0
      vertex -0.279613 2.66034 0
    endloop
  endfacet
  facet normal 0.0291064 0.555406 -0.83107
    outer loop
      vertex 0 3.02854 0.146454
      vertex 0.316569 3.01195 0.146454
      vertex 0 2.86634 0.0380554
    endloop
  endfacet
  facet normal 0.0291039 0.555409 -0.831068
    outer loop
      vertex 0.316569 3.01195 0.146454
      vertex 0.299614 2.85064 0.0380554
      vertex 0 2.86634 0.0380554
    endloop
  endfacet
  facet normal 0.0435456 0.830632 -0.555117
    outer loop
      vertex 0 3.13694 0.308655
      vertex 0.327899 3.11975 0.308655
      vertex 0 3.02854 0.146454
    endloop
  endfacet
  facet normal 0.0435306 0.830647 -0.555095
    outer loop
      vertex 0.327899 3.11975 0.308655
      vertex 0.316569 3.01195 0.146454
      vertex 0 3.02854 0.146454
    endloop
  endfacet
  facet normal 0.0513249 0.979503 -0.19478
    outer loop
      vertex 0 3.17499 0.5
      vertex 0.331877 3.1576 0.5
      vertex 0 3.13694 0.308655
    endloop
  endfacet
  facet normal 0.0513496 0.979494 -0.194821
    outer loop
      vertex 0.331877 3.1576 0.5
      vertex 0.327899 3.11975 0.308655
      vertex 0 3.13694 0.308655
    endloop
  endfacet
  facet normal 0.0523271 0.99863 0
    outer loop
      vertex 0 3.17499 5.84999
      vertex 0.331877 3.1576 5.84999
      vertex 0 3.17499 0.5
    endloop
  endfacet
  facet normal 0.0523271 0.99863 0
    outer loop
      vertex 0.331877 3.1576 5.84999
      vertex 0.331877 3.1576 0.5
      vertex 0 3.17499 0.5
    endloop
  endfacet
  facet normal 0.0513501 0.979503 0.194774
    outer loop
      vertex 0 3.13694 6.04134
      vertex 0.327899 3.11975 6.04134
      vertex 0 3.17499 5.84999
    endloop
  endfacet
  facet normal 0.0513245 0.979496 0.194816
    outer loop
      vertex 0.327899 3.11975 6.04134
      vertex 0.331877 3.1576 5.84999
      vertex 0 3.17499 5.84999
    endloop
  endfacet
  facet normal 0.0435297 0.830631 0.555119
    outer loop
      vertex 0 3.02854 6.20354
      vertex 0.316569 3.01195 6.20354
      vertex 0 3.13694 6.04134
    endloop
  endfacet
  facet normal 0.0435463 0.830644 0.555098
    outer loop
      vertex 0.316569 3.01195 6.20354
      vertex 0.327899 3.11975 6.04134
      vertex 0 3.13694 6.04134
    endloop
  endfacet
  facet normal 0.0291039 0.555411 0.831067
    outer loop
      vertex 0 2.86634 6.31194
      vertex 0.299614 2.85064 6.31194
      vertex 0 3.02854 6.20354
    endloop
  endfacet
  facet normal 0.0291068 0.555414 0.831064
    outer loop
      vertex 0.299614 2.85064 6.31194
      vertex 0.316569 3.01195 6.20354
      vertex 0 3.02854 6.20354
    endloop
  endfacet
  facet normal 0.0102179 0.195022 0.980746
    outer loop
      vertex 0 2.67499 6.34999
      vertex 0.279613 2.66034 6.34999
      vertex 0 2.86634 6.31194
    endloop
  endfacet
  facet normal 0.0102194 0.195023 0.980745
    outer loop
      vertex 0.279613 2.66034 6.34999
      vertex 0.299614 2.85064 6.31194
      vertex 0 2.86634 6.31194
    endloop
  endfacet
  facet normal -0 0 1
    outer loop
      vertex 0 2.0875 6.34999
      vertex 0.218203 2.07606 6.34999
      vertex 0 2.67499 6.34999
    endloop
  endfacet
  facet normal 0 -0 1
    outer loop
      vertex 0.218203 2.07606 6.34999
      vertex 0.279613 2.66034 6.34999
      vertex 0 2.67499 6.34999
    endloop
  endfacet
  facet normal -0.0102134 -0.195022 0.980746
    outer loop
      vertex 0 1.89615 6.31194
      vertex 0.198202 1.88577 6.31194
      vertex 0 2.0875 6.34999
    endloop
  endfacet
  facet normal -0.0102252 -0.195033 0.980743
    outer loop
      vertex 0.198202 1.88577 6.31194
      vertex 0.218203 2.07606 6.34999
      vertex 0 2.0875 6.34999
    endloop
  endfacet
  facet normal -0.0290809 -0.555411 0.831067
    outer loop
      vertex 0 1.73395 6.20354
      vertex 0.181248 1.72446 6.20354
      vertex 0 1.89615 6.31194
    endloop
  endfacet
  facet normal -0.0290876 -0.555416 0.831064
    outer loop
      vertex 0.181248 1.72446 6.20354
      vertex 0.198202 1.88577 6.31194
      vertex 0 1.89615 6.31194
    endloop
  endfacet
  facet normal -0.0435573 -0.830653 0.555083
    outer loop
      vertex 0 1.62556 6.04134
      vertex 0.169917 1.61665 6.04134
      vertex 0 1.73395 6.20354
    endloop
  endfacet
  facet normal -0.0434908 -0.830624 0.555132
    outer loop
      vertex 0.169917 1.61665 6.04134
      vertex 0.181248 1.72446 6.20354
      vertex 0 1.73395 6.20354
    endloop
  endfacet
  facet normal -0.0513537 -0.979493 0.194824
    outer loop
      vertex 0 1.5875 5.84999
      vertex 0.165939 1.5788 5.84999
      vertex 0 1.62556 6.04134
    endloop
  endfacet
  facet normal -0.0513621 -0.979494 0.194817
    outer loop
      vertex 0.165939 1.5788 5.84999
      vertex 0.169917 1.61665 6.04134
      vertex 0 1.62556 6.04134
    endloop
  endfacet
  facet normal -0.052357 -0.998628 0
    outer loop
      vertex 0 1.5875 0.5
      vertex 0.165939 1.5788 0.5
      vertex 0 1.5875 5.84999
    endloop
  endfacet
  facet normal -0.052357 -0.998628 0
    outer loop
      vertex 0.165939 1.5788 0.5
      vertex 0.165939 1.5788 5.84999
      vertex 0 1.5875 5.84999
    endloop
  endfacet
  facet normal -0.051362 -0.979492 -0.194828
    outer loop
      vertex 0 1.62556 0.308655
      vertex 0.169917 1.61665 0.308655
      vertex 0 1.5875 0.5
    endloop
  endfacet
  facet normal -0.0513538 -0.979493 -0.194821
    outer loop
      vertex 0.169917 1.61665 0.308655
      vertex 0.165939 1.5788 0.5
      vertex 0 1.5875 0.5
    endloop
  endfacet
  facet normal -0.0434926 -0.830657 -0.555083
    outer loop
      vertex 0 1.73395 0.146454
      vertex 0.181248 1.72446 0.146454
      vertex 0 1.62556 0.308655
    endloop
  endfacet
  facet normal -0.0435556 -0.830622 -0.555131
    outer loop
      vertex 0.181248 1.72446 0.146454
      vertex 0.169917 1.61665 0.308655
      vertex 0 1.62556 0.308655
    endloop
  endfacet
  facet normal -0.0290871 -0.555406 -0.83107
    outer loop
      vertex 0 1.89615 0.0380554
      vertex 0.198202 1.88577 0.0380554
      vertex 0 1.73395 0.146454
    endloop
  endfacet
  facet normal -0.0290809 -0.555412 -0.831067
    outer loop
      vertex 0.198202 1.88577 0.0380554
      vertex 0.181248 1.72446 0.146454
      vertex 0 1.73395 0.146454
    endloop
  endfacet
  facet normal -0.010226 -0.195048 -0.98074
    outer loop
      vertex 0 2.0875 0
      vertex 0.218203 2.07606 0
      vertex 0 1.89615 0.0380554
    endloop
  endfacet
  facet normal -0.0102155 -0.19506 -0.980738
    outer loop
      vertex 0.218203 2.07606 0
      vertex 0.198202 1.88577 0.0380554
      vertex 0 1.89615 0.0380554
    endloop
  endfacet
  facet normal 0 0 -1
    outer loop
      vertex 0 2.67499 0
      vertex 0.279613 2.66034 0
      vertex 0 2.0875 0
    endloop
  endfacet
  facet normal 0 0 -1
    outer loop
      vertex 0.279613 2.66034 0
      vertex 0.218203 2.07606 0
      vertex 0 2.0875 0
    endloop
  endfacet
  facet normal 0.0102207 0.195048 -0.98074
    outer loop
      vertex 0 2.86634 0.0380554
      vertex 0.299614 2.85064 0.0380554
      vertex 0 2.67499 0
    endloop
  endfacet
  facet normal 0.0102194 0.19505 -0.98074
    outer loop
      vertex 0.299614 2.85064 0.0380554
      vertex 0.279613 2.66034 0
      vertex 0 2.67499 0
    endloop
  endfacet
  facet normal 0.0870041 0.549324 -0.831068
    outer loop
      vertex 0.316569 3.01195 0.146454
      vertex 0.629669 2.96236 0.146454
      vertex 0.299614 2.85064 0.0380554
    endloop
  endfacet
  facet normal 0.0870126 0.549308 -0.831077
    outer loop
      vertex 0.629669 2.96236 0.146454
      vertex 0.595945 2.8037 0.0380554
      vertex 0.299614 2.85064 0.0380554
    endloop
  endfacet
  facet normal 0.130107 0.821548 -0.555095
    outer loop
      vertex 0.327899 3.11975 0.308655
      vertex 0.652206 3.06839 0.308655
      vertex 0.316569 3.01195 0.146454
    endloop
  endfacet
  facet normal 0.130118 0.821535 -0.555113
    outer loop
      vertex 0.652206 3.06839 0.308655
      vertex 0.629669 2.96236 0.146454
      vertex 0.316569 3.01195 0.146454
    endloop
  endfacet
  facet normal 0.153442 0.968762 -0.194821
    outer loop
      vertex 0.331877 3.1576 0.5
      vertex 0.660118 3.10561 0.5
      vertex 0.327899 3.11975 0.308655
    endloop
  endfacet
  facet normal 0.153423 0.968772 -0.194787
    outer loop
      vertex 0.660118 3.10561 0.5
      vertex 0.652206 3.06839 0.308655
      vertex 0.327899 3.11975 0.308655
    endloop
  endfacet
  facet normal 0.15644 0.987688 0
    outer loop
      vertex 0.331877 3.1576 5.84999
      vertex 0.660118 3.10561 5.84999
      vertex 0.331877 3.1576 0.5
    endloop
  endfacet
  facet normal 0.15644 0.987688 0
    outer loop
      vertex 0.660118 3.10561 5.84999
      vertex 0.660118 3.10561 0.5
      vertex 0.331877 3.1576 0.5
    endloop
  endfacet
  facet normal 0.153422 0.968766 0.194816
    outer loop
      vertex 0.327899 3.11975 6.04134
      vertex 0.652206 3.06839 6.04134
      vertex 0.331877 3.1576 5.84999
    endloop
  endfacet
  facet normal 0.153443 0.96877 0.194783
    outer loop
      vertex 0.652206 3.06839 6.04134
      vertex 0.660118 3.10561 5.84999
      vertex 0.331877 3.1576 5.84999
    endloop
  endfacet
  facet normal 0.130119 0.821545 0.555097
    outer loop
      vertex 0.316569 3.01195 6.20354
      vertex 0.629669 2.96236 6.20354
      vertex 0.327899 3.11975 6.04134
    endloop
  endfacet
  facet normal 0.130105 0.821535 0.555115
    outer loop
      vertex 0.629669 2.96236 6.20354
      vertex 0.652206 3.06839 6.04134
      vertex 0.327899 3.11975 6.04134
    endloop
  endfacet
  facet normal 0.0870156 0.549327 0.831064
    outer loop
      vertex 0.299614 2.85064 6.31194
      vertex 0.595945 2.8037 6.31194
      vertex 0.316569 3.01195 6.20354
    endloop
  endfacet
  facet normal 0.0870027 0.549315 0.831074
    outer loop
      vertex 0.595945 2.8037 6.31194
      vertex 0.629669 2.96236 6.20354
      vertex 0.316569 3.01195 6.20354
    endloop
  endfacet
  facet normal 0.0305495 0.192887 0.980745
    outer loop
      vertex 0.279613 2.66034 6.34999
      vertex 0.556162 2.61654 6.34999
      vertex 0.299614 2.85064 6.31194
    endloop
  endfacet
  facet normal 0.0305549 0.192892 0.980744
    outer loop
      vertex 0.556162 2.61654 6.34999
      vertex 0.595945 2.8037 6.31194
      vertex 0.299614 2.85064 6.31194
    endloop
  endfacet
  facet normal -0 0 1
    outer loop
      vertex 0.218203 2.07606 6.34999
      vertex 0.434016 2.04188 6.34999
      vertex 0.279613 2.66034 6.34999
    endloop
  endfacet
  facet normal 0 -0 1
    outer loop
      vertex 0.434016 2.04188 6.34999
      vertex 0.556162 2.61654 6.34999
      vertex 0.279613 2.66034 6.34999
    endloop
  endfacet
  facet normal -0.0305534 -0.192896 0.980743
    outer loop
      vertex 0.198202 1.88577 6.31194
      vertex 0.394233 1.85472 6.31194
      vertex 0.218203 2.07606 6.34999
    endloop
  endfacet
  facet normal -0.03055 -0.192893 0.980744
    outer loop
      vertex 0.394233 1.85472 6.31194
      vertex 0.434016 2.04188 6.34999
      vertex 0.218203 2.07606 6.34999
    endloop
  endfacet
  facet normal -0.0870288 -0.549326 0.831064
    outer loop
      vertex 0.181248 1.72446 6.20354
      vertex 0.360509 1.69606 6.20354
      vertex 0.198202 1.88577 6.31194
    endloop
  endfacet
  facet normal -0.0870077 -0.549314 0.831074
    outer loop
      vertex 0.360509 1.69606 6.20354
      vertex 0.394233 1.85472 6.31194
      vertex 0.198202 1.88577 6.31194
    endloop
  endfacet
  facet normal -0.130129 -0.821519 0.555133
    outer loop
      vertex 0.169917 1.61665 6.04134
      vertex 0.337972 1.59003 6.04134
      vertex 0.181248 1.72446 6.20354
    endloop
  endfacet
  facet normal -0.130153 -0.821527 0.555116
    outer loop
      vertex 0.337972 1.59003 6.04134
      vertex 0.360509 1.69606 6.20354
      vertex 0.181248 1.72446 6.20354
    endloop
  endfacet
  facet normal -0.153413 -0.968768 0.194816
    outer loop
      vertex 0.165939 1.5788 5.84999
      vertex 0.33006 1.55281 5.84999
      vertex 0.169917 1.61665 6.04134
    endloop
  endfacet
  facet normal -0.153453 -0.968768 0.194783
    outer loop
      vertex 0.33006 1.55281 5.84999
      vertex 0.337972 1.59003 6.04134
      vertex 0.169917 1.61665 6.04134
    endloop
  endfacet
  facet normal -0.15641 -0.987692 0
    outer loop
      vertex 0.165939 1.5788 0.5
      vertex 0.33006 1.55281 0.5
      vertex 0.165939 1.5788 5.84999
    endloop
  endfacet
  facet normal -0.15641 -0.987692 0
    outer loop
      vertex 0.33006 1.55281 0.5
      vertex 0.33006 1.55281 5.84999
      vertex 0.165939 1.5788 5.84999
    endloop
  endfacet
  facet normal -0.153452 -0.968761 -0.194821
    outer loop
      vertex 0.169917 1.61665 0.308655
      vertex 0.337972 1.59003 0.308655
      vertex 0.165939 1.5788 0.5
    endloop
  endfacet
  facet normal -0.153414 -0.968774 -0.194787
    outer loop
      vertex 0.337972 1.59003 0.308655
      vertex 0.33006 1.55281 0.5
      vertex 0.165939 1.5788 0.5
    endloop
  endfacet
  facet normal -0.130152 -0.821518 -0.55513
    outer loop
      vertex 0.181248 1.72446 0.146454
      vertex 0.360509 1.69606 0.146454
      vertex 0.169917 1.61665 0.308655
    endloop
  endfacet
  facet normal -0.130131 -0.821532 -0.555113
    outer loop
      vertex 0.360509 1.69606 0.146454
      vertex 0.337972 1.59003 0.308655
      vertex 0.169917 1.61665 0.308655
    endloop
  endfacet
  facet normal -0.0870092 -0.549324 -0.831067
    outer loop
      vertex 0.198202 1.88577 0.0380554
      vertex 0.394233 1.85472 0.0380554
      vertex 0.181248 1.72446 0.146454
    endloop
  endfacet
  facet normal -0.0870255 -0.549305 -0.831078
    outer loop
      vertex 0.394233 1.85472 0.0380554
      vertex 0.360509 1.69606 0.146454
      vertex 0.181248 1.72446 0.146454
    endloop
  endfacet
  facet normal -0.0305547 -0.192923 -0.980738
    outer loop
      vertex 0.218203 2.07606 0
      vertex 0.434016 2.04188 0
      vertex 0.198202 1.88577 0.0380554
    endloop
  endfacet
  facet normal -0.0305571 -0.192919 -0.980739
    outer loop
      vertex 0.434016 2.04188 0
      vertex 0.394233 1.85472 0.0380554
      vertex 0.198202 1.88577 0.0380554
    endloop
  endfacet
  facet normal 0 -0 -1
    outer loop
      vertex 0.279613 2.66034 0
      vertex 0.556162 2.61654 0
      vertex 0.218203 2.07606 0
    endloop
  endfacet
  facet normal 0 0 -1
    outer loop
      vertex 0.556162 2.61654 0
      vertex 0.434016 2.04188 0
      vertex 0.218203 2.07606 0
    endloop
  endfacet
  facet normal 0.0305581 0.192913 -0.98074
    outer loop
      vertex 0.299614 2.85064 0.0380554
      vertex 0.595945 2.8037 0.0380554
      vertex 0.279613 2.66034 0
    endloop
  endfacet
  facet normal 0.0305547 0.19292 -0.980739
    outer loop
      vertex 0.595945 2.8037 0.0380554
      vertex 0.556162 2.61654 0
      vertex 0.279613 2.66034 0
    endloop
  endfacet
  facet normal 0.14395 0.537205 -0.831077
    outer loop
      vertex 0.629669 2.96236 0.146454
      vertex 0.93587 2.88031 0.146454
      vertex 0.595945 2.8037 0.0380554
    endloop
  endfacet
  facet normal 0.143944 0.537221 -0.831068
    outer loop
      vertex 0.93587 2.88031 0.146454
      vertex 0.885747 2.72605 0.0380554
      vertex 0.595945 2.8037 0.0380554
    endloop
  endfacet
  facet normal 0.215272 0.803435 -0.555113
    outer loop
      vertex 0.652206 3.06839 0.308655
      vertex 0.969367 2.98341 0.308655
      vertex 0.629669 2.96236 0.146454
    endloop
  endfacet
  facet normal 0.215284 0.803416 -0.555136
    outer loop
      vertex 0.969367 2.98341 0.308655
      vertex 0.93587 2.88031 0.146454
      vertex 0.629669 2.96236 0.146454
    endloop
  endfacet
  facet normal 0.25385 0.947427 -0.194788
    outer loop
      vertex 0.660118 3.10561 0.5
      vertex 0.981127 3.0196 0.5
      vertex 0.652206 3.06839 0.308655
    endloop
  endfacet
  facet normal 0.253853 0.947425 -0.194793
    outer loop
      vertex 0.981127 3.0196 0.5
      vertex 0.969367 2.98341 0.308655
      vertex 0.652206 3.06839 0.308655
    endloop
  endfacet
  facet normal 0.258808 0.965929 0
    outer loop
      vertex 0.660118 3.10561 5.84999
      vertex 0.981127 3.0196 5.84999
      vertex 0.660118 3.10561 0.5
    endloop
  endfacet
  facet normal 0.258808 0.965929 0
    outer loop
      vertex 0.981127 3.0196 5.84999
      vertex 0.981127 3.0196 0.5
      vertex 0.660118 3.10561 0.5
    endloop
  endfacet
  facet normal 0.253853 0.947427 0.194783
    outer loop
      vertex 0.652206 3.06839 6.04134
      vertex 0.969367 2.98341 6.04134
      vertex 0.660118 3.10561 5.84999
    endloop
  endfacet
  facet normal 0.25385 0.947427 0.194788
    outer loop
      vertex 0.969367 2.98341 6.04134
      vertex 0.981127 3.0196 5.84999
      vertex 0.660118 3.10561 5.84999
    endloop
  endfacet
  facet normal 0.215288 0.80343 0.555115
    outer loop
      vertex 0.629669 2.96236 6.20354
      vertex 0.93587 2.88031 6.20354
      vertex 0.652206 3.06839 6.04134
    endloop
  endfacet
  facet normal 0.215268 0.803419 0.555138
    outer loop
      vertex 0.93587 2.88031 6.20354
      vertex 0.969367 2.98341 6.04134
      vertex 0.652206 3.06839 6.04134
    endloop
  endfacet
  facet normal 0.143942 0.537212 0.831074
    outer loop
      vertex 0.595945 2.8037 6.31194
      vertex 0.885747 2.72605 6.31194
      vertex 0.629669 2.96236 6.20354
    endloop
  endfacet
  facet normal 0.143955 0.537223 0.831065
    outer loop
      vertex 0.885747 2.72605 6.31194
      vertex 0.93587 2.88031 6.20354
      vertex 0.629669 2.96236 6.20354
    endloop
  endfacet
  facet normal 0.0505476 0.188643 0.980744
    outer loop
      vertex 0.556162 2.61654 6.34999
      vertex 0.826619 2.54407 6.34999
      vertex 0.595945 2.8037 6.31194
    endloop
  endfacet
  facet normal 0.0505445 0.18864 0.980745
    outer loop
      vertex 0.826619 2.54407 6.34999
      vertex 0.885747 2.72605 6.31194
      vertex 0.595945 2.8037 6.31194
    endloop
  endfacet
  facet normal -0 0 1
    outer loop
      vertex 0.434016 2.04188 6.34999
      vertex 0.645073 1.98533 6.34999
      vertex 0.556162 2.61654 6.34999
    endloop
  endfacet
  facet normal 0 -0 1
    outer loop
      vertex 0.645073 1.98533 6.34999
      vertex 0.826619 2.54407 6.34999
      vertex 0.556162 2.61654 6.34999
    endloop
  endfacet
  facet normal -0.0505478 -0.188643 0.980744
    outer loop
      vertex 0.394233 1.85472 6.31194
      vertex 0.585944 1.80335 6.31194
      vertex 0.434016 2.04188 6.34999
    endloop
  endfacet
  facet normal -0.0505437 -0.18864 0.980745
    outer loop
      vertex 0.585944 1.80335 6.31194
      vertex 0.645073 1.98533 6.34999
      vertex 0.434016 2.04188 6.34999
    endloop
  endfacet
  facet normal -0.143932 -0.537215 0.831074
    outer loop
      vertex 0.360509 1.69606 6.20354
      vertex 0.535821 1.64909 6.20354
      vertex 0.394233 1.85472 6.31194
    endloop
  endfacet
  facet normal -0.143952 -0.537224 0.831065
    outer loop
      vertex 0.535821 1.64909 6.20354
      vertex 0.585944 1.80335 6.31194
      vertex 0.394233 1.85472 6.31194
    endloop
  endfacet
  facet normal -0.215242 -0.803441 0.555116
    outer loop
      vertex 0.337972 1.59003 6.04134
      vertex 0.502324 1.546 6.04134
      vertex 0.360509 1.69606 6.20354
    endloop
  endfacet
  facet normal -0.215261 -0.803445 0.555103
    outer loop
      vertex 0.502324 1.546 6.04134
      vertex 0.535821 1.64909 6.20354
      vertex 0.360509 1.69606 6.20354
    endloop
  endfacet
  facet normal -0.253879 -0.94742 0.194783
    outer loop
      vertex 0.33006 1.55281 5.84999
      vertex 0.490564 1.5098 5.84999
      vertex 0.337972 1.59003 6.04134
    endloop
  endfacet
  facet normal -0.253816 -0.947426 0.194835
    outer loop
      vertex 0.490564 1.5098 5.84999
      vertex 0.502324 1.546 6.04134
      vertex 0.337972 1.59003 6.04134
    endloop
  endfacet
  facet normal -0.258836 -0.965921 0
    outer loop
      vertex 0.33006 1.55281 0.5
      vertex 0.490564 1.5098 0.5
      vertex 0.33006 1.55281 5.84999
    endloop
  endfacet
  facet normal -0.258836 -0.965921 0
    outer loop
      vertex 0.490564 1.5098 0.5
      vertex 0.490564 1.5098 5.84999
      vertex 0.33006 1.55281 5.84999
    endloop
  endfacet
  facet normal -0.253818 -0.947435 -0.194788
    outer loop
      vertex 0.337972 1.59003 0.308655
      vertex 0.502324 1.546 0.308655
      vertex 0.33006 1.55281 0.5
    endloop
  endfacet
  facet normal -0.253876 -0.947409 -0.194841
    outer loop
      vertex 0.502324 1.546 0.308655
      vertex 0.490564 1.5098 0.5
      vertex 0.33006 1.55281 0.5
    endloop
  endfacet
  facet normal -0.215259 -0.803438 -0.555113
    outer loop
      vertex 0.360509 1.69606 0.146454
      vertex 0.535821 1.64909 0.146454
      vertex 0.337972 1.59003 0.308655
    endloop
  endfacet
  facet normal -0.215245 -0.803451 -0.5551
    outer loop
      vertex 0.535821 1.64909 0.146454
      vertex 0.502324 1.546 0.308655
      vertex 0.337972 1.59003 0.308655
    endloop
  endfacet
  facet normal -0.143947 -0.537206 -0.831077
    outer loop
      vertex 0.394233 1.85472 0.0380554
      vertex 0.585944 1.80335 0.0380554
      vertex 0.360509 1.69606 0.146454
    endloop
  endfacet
  facet normal -0.143934 -0.537224 -0.831068
    outer loop
      vertex 0.585944 1.80335 0.0380554
      vertex 0.535821 1.64909 0.146454
      vertex 0.360509 1.69606 0.146454
    endloop
  endfacet
  facet normal -0.0505515 -0.188669 -0.980739
    outer loop
      vertex 0.434016 2.04188 0
      vertex 0.645073 1.98533 0
      vertex 0.394233 1.85472 0.0380554
    endloop
  endfacet
  facet normal -0.0505538 -0.188665 -0.980739
    outer loop
      vertex 0.645073 1.98533 0
      vertex 0.585944 1.80335 0.0380554
      vertex 0.394233 1.85472 0.0380554
    endloop
  endfacet
  facet normal 0 -0 -1
    outer loop
      vertex 0.556162 2.61654 0
      vertex 0.826619 2.54407 0
      vertex 0.434016 2.04188 0
    endloop
  endfacet
  facet normal 0 0 -1
    outer loop
      vertex 0.826619 2.54407 0
      vertex 0.645073 1.98533 0
      vertex 0.434016 2.04188 0
    endloop
  endfacet
  facet normal 0.0505523 0.188669 -0.980739
    outer loop
      vertex 0.595945 2.8037 0.0380554
      vertex 0.885747 2.72605 0.0380554
      vertex 0.556162 2.61654 0
    endloop
  endfacet
  facet normal 0.0505536 0.188665 -0.980739
    outer loop
      vertex 0.885747 2.72605 0.0380554
      vertex 0.826619 2.54407 0
      vertex 0.556162 2.61654 0
    endloop
  endfacet
  facet normal 0.199307 0.519232 -0.831068
    outer loop
      vertex 0.93587 2.88031 0.146454
      vertex 1.23182 2.76671 0.146454
      vertex 0.885747 2.72605 0.0380554
    endloop
  endfacet
  facet normal 0.199309 0.519225 -0.831073
    outer loop
      vertex 1.23182 2.76671 0.146454
      vertex 1.16585 2.61853 0.0380554
      vertex 0.885747 2.72605 0.0380554
    endloop
  endfacet
  facet normal 0.298074 0.776516 -0.555135
    outer loop
      vertex 0.969367 2.98341 0.308655
      vertex 1.27591 2.86574 0.308655
      vertex 0.93587 2.88031 0.146454
    endloop
  endfacet
  facet normal 0.298069 0.776527 -0.555122
    outer loop
      vertex 1.27591 2.86574 0.308655
      vertex 1.23182 2.76671 0.146454
      vertex 0.93587 2.88031 0.146454
    endloop
  endfacet
  facet normal 0.351506 0.915696 -0.194793
    outer loop
      vertex 0.981127 3.0196 0.5
      vertex 1.29139 2.9005 0.5
      vertex 0.969367 2.98341 0.308655
    endloop
  endfacet
  facet normal 0.351502 0.9157 -0.194784
    outer loop
      vertex 1.29139 2.9005 0.5
      vertex 1.27591 2.86574 0.308655
      vertex 0.969367 2.98341 0.308655
    endloop
  endfacet
  facet normal 0.358371 0.933579 0
    outer loop
      vertex 0.981127 3.0196 5.84999
      vertex 1.29139 2.9005 5.84999
      vertex 0.981127 3.0196 0.5
    endloop
  endfacet
  facet normal 0.358371 0.933579 0
    outer loop
      vertex 1.29139 2.9005 5.84999
      vertex 1.29139 2.9005 0.5
      vertex 0.981127 3.0196 0.5
    endloop
  endfacet
  facet normal 0.351501 0.915699 0.194789
    outer loop
      vertex 0.969367 2.98341 6.04134
      vertex 1.27591 2.86574 6.04134
      vertex 0.981127 3.0196 5.84999
    endloop
  endfacet
  facet normal 0.351507 0.915698 0.194779
    outer loop
      vertex 1.27591 2.86574 6.04134
      vertex 1.29139 2.9005 5.84999
      vertex 0.981127 3.0196 5.84999
    endloop
  endfacet
  facet normal 0.298065 0.776518 0.555137
    outer loop
      vertex 0.93587 2.88031 6.20354
      vertex 1.23182 2.76671 6.20354
      vertex 0.969367 2.98341 6.04134
    endloop
  endfacet
  facet normal 0.298077 0.776522 0.555125
    outer loop
      vertex 1.23182 2.76671 6.20354
      vertex 1.27591 2.86574 6.04134
      vertex 0.969367 2.98341 6.04134
    endloop
  endfacet
  facet normal 0.199313 0.519235 0.831065
    outer loop
      vertex 0.885747 2.72605 6.31194
      vertex 1.16585 2.61853 6.31194
      vertex 0.93587 2.88031 6.20354
    endloop
  endfacet
  facet normal 0.199306 0.519231 0.831069
    outer loop
      vertex 1.16585 2.61853 6.31194
      vertex 1.23182 2.76671 6.20354
      vertex 0.93587 2.88031 6.20354
    endloop
  endfacet
  facet normal 0.0699857 0.182323 0.980745
    outer loop
      vertex 0.826619 2.54407 6.34999
      vertex 1.08802 2.44373 6.34999
      vertex 0.885747 2.72605 6.31194
    endloop
  endfacet
  facet normal 0.0699867 0.182324 0.980744
    outer loop
      vertex 1.08802 2.44373 6.34999
      vertex 1.16585 2.61853 6.31194
      vertex 0.885747 2.72605 6.31194
    endloop
  endfacet
  facet normal -0 0 1
    outer loop
      vertex 0.645073 1.98533 6.34999
      vertex 0.849063 1.90703 6.34999
      vertex 0.826619 2.54407 6.34999
    endloop
  endfacet
  facet normal 0 -0 1
    outer loop
      vertex 0.849063 1.90703 6.34999
      vertex 1.08802 2.44373 6.34999
      vertex 0.826619 2.54407 6.34999
    endloop
  endfacet
  facet normal -0.0699898 -0.182322 0.980745
    outer loop
      vertex 0.585944 1.80335 6.31194
      vertex 0.771236 1.73222 6.31194
      vertex 0.645073 1.98533 6.34999
    endloop
  endfacet
  facet normal -0.0699813 -0.182318 0.980746
    outer loop
      vertex 0.771236 1.73222 6.31194
      vertex 0.849063 1.90703 6.34999
      vertex 0.645073 1.98533 6.34999
    endloop
  endfacet
  facet normal -0.199308 -0.519237 0.831065
    outer loop
      vertex 0.535821 1.64909 6.20354
      vertex 0.705263 1.58405 6.20354
      vertex 0.585944 1.80335 6.31194
    endloop
  endfacet
  facet normal -0.199327 -0.519243 0.831056
    outer loop
      vertex 0.705263 1.58405 6.20354
      vertex 0.771236 1.73222 6.31194
      vertex 0.585944 1.80335 6.31194
    endloop
  endfacet
  facet normal -0.298099 -0.776529 0.555103
    outer loop
      vertex 0.502324 1.546 6.04134
      vertex 0.661173 1.48502 6.04134
      vertex 0.535821 1.64909 6.20354
    endloop
  endfacet
  facet normal -0.298068 -0.776526 0.555124
    outer loop
      vertex 0.661173 1.48502 6.04134
      vertex 0.705263 1.58405 6.20354
      vertex 0.535821 1.64909 6.20354
    endloop
  endfacet
  facet normal -0.351506 -0.915687 0.194835
    outer loop
      vertex 0.490564 1.5098 5.84999
      vertex 0.645694 1.45025 5.84999
      vertex 0.502324 1.546 6.04134
    endloop
  endfacet
  facet normal -0.351519 -0.915685 0.194824
    outer loop
      vertex 0.645694 1.45025 5.84999
      vertex 0.661173 1.48502 6.04134
      vertex 0.502324 1.546 6.04134
    endloop
  endfacet
  facet normal -0.358374 -0.933578 0
    outer loop
      vertex 0.490564 1.5098 0.5
      vertex 0.645694 1.45025 0.5
      vertex 0.490564 1.5098 5.84999
    endloop
  endfacet
  facet normal -0.358374 -0.933578 0
    outer loop
      vertex 0.645694 1.45025 0.5
      vertex 0.645694 1.45025 5.84999
      vertex 0.490564 1.5098 5.84999
    endloop
  endfacet
  facet normal -0.351518 -0.915682 -0.194839
    outer loop
      vertex 0.502324 1.546 0.308655
      vertex 0.661173 1.48502 0.308655
      vertex 0.490564 1.5098 0.5
    endloop
  endfacet
  facet normal -0.351507 -0.915688 -0.194828
    outer loop
      vertex 0.661173 1.48502 0.308655
      vertex 0.645694 1.45025 0.5
      vertex 0.490564 1.5098 0.5
    endloop
  endfacet
  facet normal -0.298073 -0.77654 -0.555102
    outer loop
      vertex 0.535821 1.64909 0.146454
      vertex 0.705263 1.58405 0.146454
      vertex 0.502324 1.546 0.308655
    endloop
  endfacet
  facet normal -0.298094 -0.776517 -0.555123
    outer loop
      vertex 0.705263 1.58405 0.146454
      vertex 0.661173 1.48502 0.308655
      vertex 0.502324 1.546 0.308655
    endloop
  endfacet
  facet normal -0.199321 -0.519227 -0.831068
    outer loop
      vertex 0.585944 1.80335 0.0380554
      vertex 0.771236 1.73222 0.0380554
      vertex 0.535821 1.64909 0.146454
    endloop
  endfacet
  facet normal -0.199311 -0.519245 -0.831059
    outer loop
      vertex 0.771236 1.73222 0.0380554
      vertex 0.705263 1.58405 0.146454
      vertex 0.535821 1.64909 0.146454
    endloop
  endfacet
  facet normal -0.0699931 -0.182349 -0.980739
    outer loop
      vertex 0.645073 1.98533 0
      vertex 0.849063 1.90703 0
      vertex 0.585944 1.80335 0.0380554
    endloop
  endfacet
  facet normal -0.0699968 -0.18234 -0.980741
    outer loop
      vertex 0.849063 1.90703 0
      vertex 0.771236 1.73222 0.0380554
      vertex 0.585944 1.80335 0.0380554
    endloop
  endfacet
  facet normal 0 -0 -1
    outer loop
      vertex 0.826619 2.54407 0
      vertex 1.08802 2.44373 0
      vertex 0.645073 1.98533 0
    endloop
  endfacet
  facet normal 0 0 -1
    outer loop
      vertex 1.08802 2.44373 0
      vertex 0.849063 1.90703 0
      vertex 0.645073 1.98533 0
    endloop
  endfacet
  facet normal 0.0699959 0.182348 -0.980739
    outer loop
      vertex 0.885747 2.72605 0.0380554
      vertex 1.16585 2.61853 0.0380554
      vertex 0.826619 2.54407 0
    endloop
  endfacet
  facet normal 0.0699956 0.182349 -0.980739
    outer loop
      vertex 1.16585 2.61853 0.0380554
      vertex 1.08802 2.44373 0
      vertex 0.826619 2.54407 0
    endloop
  endfacet
  facet normal 0.2525 0.495543 -0.831072
    outer loop
      vertex 1.23182 2.76671 0.146454
      vertex 1.51427 2.62279 0.146454
      vertex 1.16585 2.61853 0.0380554
    endloop
  endfacet
  facet normal 0.2525 0.495545 -0.831071
    outer loop
      vertex 1.51427 2.62279 0.146454
      vertex 1.43317 2.48232 0.0380554
      vertex 1.16585 2.61853 0.0380554
    endloop
  endfacet
  facet normal 0.377622 0.741108 -0.555122
    outer loop
      vertex 1.27591 2.86574 0.308655
      vertex 1.56847 2.71667 0.308655
      vertex 1.23182 2.76671 0.146454
    endloop
  endfacet
  facet normal 0.377623 0.741104 -0.555126
    outer loop
      vertex 1.56847 2.71667 0.308655
      vertex 1.51427 2.62279 0.146454
      vertex 1.23182 2.76671 0.146454
    endloop
  endfacet
  facet normal 0.445282 0.873947 -0.194786
    outer loop
      vertex 1.29139 2.9005 0.5
      vertex 1.5875 2.74963 0.5
      vertex 1.27591 2.86574 0.308655
    endloop
  endfacet
  facet normal 0.445299 0.873929 -0.194825
    outer loop
      vertex 1.5875 2.74963 0.5
      vertex 1.56847 2.71667 0.308655
      vertex 1.27591 2.86574 0.308655
    endloop
  endfacet
  facet normal 0.453977 0.891013 0
    outer loop
      vertex 1.29139 2.9005 5.84999
      vertex 1.5875 2.74963 5.84999
      vertex 1.29139 2.9005 0.5
    endloop
  endfacet
  facet normal 0.453977 0.891013 0
    outer loop
      vertex 1.5875 2.74963 5.84999
      vertex 1.5875 2.74963 0.5
      vertex 1.29139 2.9005 0.5
    endloop
  endfacet
  facet normal 0.445303 0.873937 0.194781
    outer loop
      vertex 1.27591 2.86574 6.04134
      vertex 1.56847 2.71667 6.04134
      vertex 1.29139 2.9005 5.84999
    endloop
  endfacet
  facet normal 0.445279 0.873941 0.19482
    outer loop
      vertex 1.56847 2.71667 6.04134
      vertex 1.5875 2.74963 5.84999
      vertex 1.29139 2.9005 5.84999
    endloop
  endfacet
  facet normal 0.377624 0.741106 0.555124
    outer loop
      vertex 1.23182 2.76671 6.20354
      vertex 1.51427 2.62279 6.20354
      vertex 1.27591 2.86574 6.04134
    endloop
  endfacet
  facet normal 0.37762 0.741104 0.555129
    outer loop
      vertex 1.51427 2.62279 6.20354
      vertex 1.56847 2.71667 6.04134
      vertex 1.27591 2.86574 6.04134
    endloop
  endfacet
  facet normal 0.252501 0.495548 0.831069
    outer loop
      vertex 1.16585 2.61853 6.31194
      vertex 1.43317 2.48232 6.31194
      vertex 1.23182 2.76671 6.20354
    endloop
  endfacet
  facet normal 0.252503 0.495549 0.831068
    outer loop
      vertex 1.43317 2.48232 6.31194
      vertex 1.51427 2.62279 6.20354
      vertex 1.23182 2.76671 6.20354
    endloop
  endfacet
  facet normal 0.088664 0.174008 0.980745
    outer loop
      vertex 1.08802 2.44373 6.34999
      vertex 1.3375 2.31661 6.34999
      vertex 1.16585 2.61853 6.31194
    endloop
  endfacet
  facet normal 0.0886639 0.174008 0.980745
    outer loop
      vertex 1.3375 2.31661 6.34999
      vertex 1.43317 2.48232 6.31194
      vertex 1.16585 2.61853 6.31194
    endloop
  endfacet
  facet normal -0 0 1
    outer loop
      vertex 0.849063 1.90703 6.34999
      vertex 1.04375 1.80783 6.34999
      vertex 1.08802 2.44373 6.34999
    endloop
  endfacet
  facet normal 0 0 1
    outer loop
      vertex 1.04375 1.80783 6.34999
      vertex 1.3375 2.31661 6.34999
      vertex 1.08802 2.44373 6.34999
    endloop
  endfacet
  facet normal -0.0886546 -0.174004 0.980746
    outer loop
      vertex 0.771236 1.73222 6.31194
      vertex 0.948077 1.64212 6.31194
      vertex 0.849063 1.90703 6.34999
    endloop
  endfacet
  facet normal -0.0886628 -0.174007 0.980745
    outer loop
      vertex 0.948077 1.64212 6.31194
      vertex 1.04375 1.80783 6.34999
      vertex 0.849063 1.90703 6.34999
    endloop
  endfacet
  facet normal -0.25251 -0.495564 0.831057
    outer loop
      vertex 0.705263 1.58405 6.20354
      vertex 0.866977 1.50165 6.20354
      vertex 0.771236 1.73222 6.31194
    endloop
  endfacet
  facet normal -0.252486 -0.495558 0.831067
    outer loop
      vertex 0.866977 1.50165 6.20354
      vertex 0.948077 1.64212 6.31194
      vertex 0.771236 1.73222 6.31194
    endloop
  endfacet
  facet normal -0.377628 -0.741104 0.555124
    outer loop
      vertex 0.661173 1.48502 6.04134
      vertex 0.812778 1.40777 6.04134
      vertex 0.705263 1.58405 6.20354
    endloop
  endfacet
  facet normal -0.377623 -0.741104 0.555127
    outer loop
      vertex 0.812778 1.40777 6.04134
      vertex 0.866977 1.50165 6.20354
      vertex 0.705263 1.58405 6.20354
    endloop
  endfacet
  facet normal -0.445252 -0.873953 0.194823
    outer loop
      vertex 0.645694 1.45025 5.84999
      vertex 0.79375 1.37482 5.84999
      vertex 0.661173 1.48502 6.04134
    endloop
  endfacet
  facet normal -0.445311 -0.873935 0.194772
    outer loop
      vertex 0.79375 1.37482 5.84999
      vertex 0.812778 1.40777 6.04134
      vertex 0.661173 1.48502 6.04134
    endloop
  endfacet
  facet normal -0.453951 -0.891027 0
    outer loop
      vertex 0.645694 1.45025 0.5
      vertex 0.79375 1.37482 0.5
      vertex 0.645694 1.45025 5.84999
    endloop
  endfacet
  facet normal -0.453951 -0.891027 0
    outer loop
      vertex 0.79375 1.37482 0.5
      vertex 0.79375 1.37482 5.84999
      vertex 0.645694 1.45025 5.84999
    endloop
  endfacet
  facet normal -0.445306 -0.873925 -0.194827
    outer loop
      vertex 0.661173 1.48502 0.308655
      vertex 0.812778 1.40777 0.308655
      vertex 0.645694 1.45025 0.5
    endloop
  endfacet
  facet normal -0.445257 -0.873962 -0.194776
    outer loop
      vertex 0.812778 1.40777 0.308655
      vertex 0.79375 1.37482 0.5
      vertex 0.645694 1.45025 0.5
    endloop
  endfacet
  facet normal -0.377625 -0.741107 -0.555122
    outer loop
      vertex 0.705263 1.58405 0.146454
      vertex 0.866977 1.50165 0.146454
      vertex 0.661173 1.48502 0.308655
    endloop
  endfacet
  facet normal -0.377628 -0.741103 -0.555125
    outer loop
      vertex 0.866977 1.50165 0.146454
      vertex 0.812778 1.40777 0.308655
      vertex 0.661173 1.48502 0.308655
    endloop
  endfacet
  facet normal -0.25249 -0.495568 -0.83106
    outer loop
      vertex 0.771236 1.73222 0.0380554
      vertex 0.948077 1.64212 0.0380554
      vertex 0.705263 1.58405 0.146454
    endloop
  endfacet
  facet normal -0.252501 -0.495545 -0.831071
    outer loop
      vertex 0.948077 1.64212 0.0380554
      vertex 0.866977 1.50165 0.146454
      vertex 0.705263 1.58405 0.146454
    endloop
  endfacet
  facet normal -0.0886722 -0.174025 -0.980741
    outer loop
      vertex 0.849063 1.90703 0
      vertex 1.04375 1.80783 0
      vertex 0.771236 1.73222 0.0380554
    endloop
  endfacet
  facet normal -0.0886697 -0.174034 -0.980739
    outer loop
      vertex 1.04375 1.80783 0
      vertex 0.948077 1.64212 0.0380554
      vertex 0.771236 1.73222 0.0380554
    endloop
  endfacet
  facet normal 0 -0 -1
    outer loop
      vertex 1.08802 2.44373 0
      vertex 1.3375 2.31661 0
      vertex 0.849063 1.90703 0
    endloop
  endfacet
  facet normal 0 0 -1
    outer loop
      vertex 1.3375 2.31661 0
      vertex 1.04375 1.80783 0
      vertex 0.849063 1.90703 0
    endloop
  endfacet
  facet normal 0.088676 0.174032 -0.980739
    outer loop
      vertex 1.16585 2.61853 0.0380554
      vertex 1.43317 2.48232 0.0380554
      vertex 1.08802 2.44373 0
    endloop
  endfacet
  facet normal 0.0886761 0.174032 -0.980739
    outer loop
      vertex 1.43317 2.48232 0.0380554
      vertex 1.3375 2.31661 0
      vertex 1.08802 2.44373 0
    endloop
  endfacet
  facet normal 0.302908 0.466442 -0.831071
    outer loop
      vertex 1.51427 2.62279 0.146454
      vertex 1.78013 2.45014 0.146454
      vertex 1.43317 2.48232 0.0380554
    endloop
  endfacet
  facet normal 0.302908 0.466448 -0.831067
    outer loop
      vertex 1.78013 2.45014 0.146454
      vertex 1.68479 2.31892 0.0380554
      vertex 1.43317 2.48232 0.0380554
    endloop
  endfacet
  facet normal 0.453006 0.697583 -0.555126
    outer loop
      vertex 1.56847 2.71667 0.308655
      vertex 1.84385 2.53784 0.308655
      vertex 1.51427 2.62279 0.146454
    endloop
  endfacet
  facet normal 0.453007 0.697576 -0.555132
    outer loop
      vertex 1.84385 2.53784 0.308655
      vertex 1.78013 2.45014 0.146454
      vertex 1.51427 2.62279 0.146454
    endloop
  endfacet
  facet normal 0.534231 0.822582 -0.194825
    outer loop
      vertex 1.5875 2.74963 0.5
      vertex 1.86621 2.56862 0.5
      vertex 1.56847 2.71667 0.308655
    endloop
  endfacet
  facet normal 0.534202 0.822617 -0.194753
    outer loop
      vertex 1.86621 2.56862 0.5
      vertex 1.84385 2.53784 0.308655
      vertex 1.56847 2.71667 0.308655
    endloop
  endfacet
  facet normal 0.544668 0.838652 0
    outer loop
      vertex 1.5875 2.74963 5.84999
      vertex 1.86621 2.56862 5.84999
      vertex 1.5875 2.74963 0.5
    endloop
  endfacet
  facet normal 0.544668 0.838652 0
    outer loop
      vertex 1.86621 2.56862 5.84999
      vertex 1.86621 2.56862 0.5
      vertex 1.5875 2.74963 0.5
    endloop
  endfacet
  facet normal 0.534195 0.822606 0.19482
    outer loop
      vertex 1.56847 2.71667 6.04134
      vertex 1.84385 2.53784 6.04134
      vertex 1.5875 2.74963 5.84999
    endloop
  endfacet
  facet normal 0.534239 0.822594 0.194748
    outer loop
      vertex 1.84385 2.53784 6.04134
      vertex 1.86621 2.56862 5.84999
      vertex 1.5875 2.74963 5.84999
    endloop
  endfacet
  facet normal 0.453009 0.697579 0.555128
    outer loop
      vertex 1.51427 2.62279 6.20354
      vertex 1.78013 2.45014 6.20354
      vertex 1.56847 2.71667 6.04134
    endloop
  endfacet
  facet normal 0.453002 0.697577 0.555135
    outer loop
      vertex 1.78013 2.45014 6.20354
      vertex 1.84385 2.53784 6.04134
      vertex 1.56847 2.71667 6.04134
    endloop
  endfacet
  facet normal 0.302907 0.466448 0.831068
    outer loop
      vertex 1.43317 2.48232 6.31194
      vertex 1.68479 2.31892 6.31194
      vertex 1.51427 2.62279 6.20354
    endloop
  endfacet
  facet normal 0.302914 0.46645 0.831064
    outer loop
      vertex 1.68479 2.31892 6.31194
      vertex 1.78013 2.45014 6.20354
      vertex 1.51427 2.62279 6.20354
    endloop
  endfacet
  facet normal 0.106363 0.163789 0.980745
    outer loop
      vertex 1.3375 2.31661 6.34999
      vertex 1.57232 2.16412 6.34999
      vertex 1.43317 2.48232 6.31194
    endloop
  endfacet
  facet normal 0.106364 0.16379 0.980745
    outer loop
      vertex 1.57232 2.16412 6.34999
      vertex 1.68479 2.31892 6.31194
      vertex 1.43317 2.48232 6.31194
    endloop
  endfacet
  facet normal -0 0 1
    outer loop
      vertex 1.04375 1.80783 6.34999
      vertex 1.227 1.68882 6.34999
      vertex 1.3375 2.31661 6.34999
    endloop
  endfacet
  facet normal 0 0 1
    outer loop
      vertex 1.227 1.68882 6.34999
      vertex 1.57232 2.16412 6.34999
      vertex 1.3375 2.31661 6.34999
    endloop
  endfacet
  facet normal -0.106367 -0.163785 0.980745
    outer loop
      vertex 0.948077 1.64212 6.31194
      vertex 1.11453 1.53402 6.31194
      vertex 1.04375 1.80783 6.34999
    endloop
  endfacet
  facet normal -0.106369 -0.163786 0.980745
    outer loop
      vertex 1.11453 1.53402 6.31194
      vertex 1.227 1.68882 6.34999
      vertex 1.04375 1.80783 6.34999
    endloop
  endfacet
  facet normal -0.302917 -0.466442 0.831067
    outer loop
      vertex 0.866977 1.50165 6.20354
      vertex 1.01919 1.4028 6.20354
      vertex 0.948077 1.64212 6.31194
    endloop
  endfacet
  facet normal -0.302923 -0.466443 0.831064
    outer loop
      vertex 1.01919 1.4028 6.20354
      vertex 1.11453 1.53402 6.31194
      vertex 0.948077 1.64212 6.31194
    endloop
  endfacet
  facet normal -0.453013 -0.697578 0.555126
    outer loop
      vertex 0.812778 1.40777 6.04134
      vertex 0.955477 1.3151 6.04134
      vertex 0.866977 1.50165 6.20354
    endloop
  endfacet
  facet normal -0.45302 -0.697577 0.555122
    outer loop
      vertex 0.955477 1.3151 6.04134
      vertex 1.01919 1.4028 6.20354
      vertex 0.866977 1.50165 6.20354
    endloop
  endfacet
  facet normal -0.534247 -0.822584 0.194773
    outer loop
      vertex 0.79375 1.37482 5.84999
      vertex 0.933109 1.28431 5.84999
      vertex 0.812778 1.40777 6.04134
    endloop
  endfacet
  facet normal -0.534205 -0.822602 0.194811
    outer loop
      vertex 0.933109 1.28431 5.84999
      vertex 0.955477 1.3151 6.04134
      vertex 0.812778 1.40777 6.04134
    endloop
  endfacet
  facet normal -0.544678 -0.838645 0
    outer loop
      vertex 0.79375 1.37482 0.5
      vertex 0.933109 1.28431 0.5
      vertex 0.79375 1.37482 5.84999
    endloop
  endfacet
  facet normal -0.544678 -0.838645 0
    outer loop
      vertex 0.933109 1.28431 0.5
      vertex 0.933109 1.28431 5.84999
      vertex 0.79375 1.37482 5.84999
    endloop
  endfacet
  facet normal -0.534208 -0.822607 -0.194778
    outer loop
      vertex 0.812778 1.40777 0.308655
      vertex 0.955477 1.3151 0.308655
      vertex 0.79375 1.37482 0.5
    endloop
  endfacet
  facet normal -0.534242 -0.822577 -0.194816
    outer loop
      vertex 0.955477 1.3151 0.308655
      vertex 0.933109 1.28431 0.5
      vertex 0.79375 1.37482 0.5
    endloop
  endfacet
  facet normal -0.453019 -0.697576 -0.555123
    outer loop
      vertex 0.866977 1.50165 0.146454
      vertex 1.01919 1.4028 0.146454
      vertex 0.812778 1.40777 0.308655
    endloop
  endfacet
  facet normal -0.453016 -0.697581 -0.555119
    outer loop
      vertex 1.01919 1.4028 0.146454
      vertex 0.955477 1.3151 0.308655
      vertex 0.812778 1.40777 0.308655
    endloop
  endfacet
  facet normal -0.302918 -0.466436 -0.831071
    outer loop
      vertex 0.948077 1.64212 0.0380554
      vertex 1.11453 1.53402 0.0380554
      vertex 0.866977 1.50165 0.146454
    endloop
  endfacet
  facet normal -0.302916 -0.466442 -0.831068
    outer loop
      vertex 1.11453 1.53402 0.0380554
      vertex 1.01919 1.4028 0.146454
      vertex 0.866977 1.50165 0.146454
    endloop
  endfacet
  facet normal -0.106383 -0.163807 -0.980739
    outer loop
      vertex 1.04375 1.80783 0
      vertex 1.227 1.68882 0
      vertex 0.948077 1.64212 0.0380554
    endloop
  endfacet
  facet normal -0.106383 -0.163809 -0.980739
    outer loop
      vertex 1.227 1.68882 0
      vertex 1.11453 1.53402 0.0380554
      vertex 0.948077 1.64212 0.0380554
    endloop
  endfacet
  facet normal 0 -0 -1
    outer loop
      vertex 1.3375 2.31661 0
      vertex 1.57232 2.16412 0
      vertex 1.04375 1.80783 0
    endloop
  endfacet
  facet normal 0 0 -1
    outer loop
      vertex 1.57232 2.16412 0
      vertex 1.227 1.68882 0
      vertex 1.04375 1.80783 0
    endloop
  endfacet
  facet normal 0.106378 0.163812 -0.980739
    outer loop
      vertex 1.43317 2.48232 0.0380554
      vertex 1.68479 2.31892 0.0380554
      vertex 1.3375 2.31661 0
    endloop
  endfacet
  facet normal 0.106378 0.163812 -0.980739
    outer loop
      vertex 1.68479 2.31892 0.0380554
      vertex 1.57232 2.16412 0
      vertex 1.3375 2.31661 0
    endloop
  endfacet
  facet normal 0.350011 0.432225 -0.831068
    outer loop
      vertex 1.78013 2.45014 0.146454
      vertex 2.02649 2.25064 0.146454
      vertex 1.68479 2.31892 0.0380554
    endloop
  endfacet
  facet normal 0.350012 0.432246 -0.831057
    outer loop
      vertex 2.02649 2.25064 0.146454
      vertex 1.91796 2.13011 0.0380554
      vertex 1.68479 2.31892 0.0380554
    endloop
  endfacet
  facet normal 0.523456 0.646391 -0.555133
    outer loop
      vertex 1.84385 2.53784 0.308655
      vertex 2.09902 2.3312 0.308655
      vertex 1.78013 2.45014 0.146454
    endloop
  endfacet
  facet normal 0.523454 0.646406 -0.555117
    outer loop
      vertex 2.09902 2.3312 0.308655
      vertex 2.02649 2.25064 0.146454
      vertex 1.78013 2.45014 0.146454
    endloop
  endfacet
  facet normal 0.617251 0.762282 -0.194752
    outer loop
      vertex 1.86621 2.56862 0.5
      vertex 2.12449 2.35948 0.5
      vertex 1.84385 2.53784 0.308655
    endloop
  endfacet
  facet normal 0.617275 0.762244 -0.194822
    outer loop
      vertex 2.12449 2.35948 0.5
      vertex 2.09902 2.3312 0.308655
      vertex 1.84385 2.53784 0.308655
    endloop
  endfacet
  facet normal 0.6293 0.777162 0
    outer loop
      vertex 1.86621 2.56862 5.84999
      vertex 2.12449 2.35948 5.84999
      vertex 1.86621 2.56862 0.5
    endloop
  endfacet
  facet normal 0.6293 0.777162 0
    outer loop
      vertex 2.12449 2.35948 5.84999
      vertex 2.12449 2.35948 0.5
      vertex 1.86621 2.56862 0.5
    endloop
  endfacet
  facet normal 0.617285 0.762256 0.194746
    outer loop
      vertex 1.84385 2.53784 6.04134
      vertex 2.09902 2.3312 6.04134
      vertex 1.86621 2.56862 5.84999
    endloop
  endfacet
  facet normal 0.617243 0.762271 0.194817
    outer loop
      vertex 2.09902 2.3312 6.04134
      vertex 2.12449 2.35948 5.84999
      vertex 1.86621 2.56862 5.84999
    endloop
  endfacet
  facet normal 0.523446 0.646397 0.555136
    outer loop
      vertex 1.78013 2.45014 6.20354
      vertex 2.02649 2.25064 6.20354
      vertex 1.84385 2.53784 6.04134
    endloop
  endfacet
  facet normal 0.523461 0.646398 0.55512
    outer loop
      vertex 2.02649 2.25064 6.20354
      vertex 2.09902 2.3312 6.04134
      vertex 1.84385 2.53784 6.04134
    endloop
  endfacet
  facet normal 0.350004 0.432236 0.831065
    outer loop
      vertex 1.68479 2.31892 6.31194
      vertex 1.91796 2.13011 6.31194
      vertex 1.78013 2.45014 6.20354
    endloop
  endfacet
  facet normal 0.350025 0.432241 0.831054
    outer loop
      vertex 1.91796 2.13011 6.31194
      vertex 2.02649 2.25064 6.20354
      vertex 1.78013 2.45014 6.20354
    endloop
  endfacet
  facet normal 0.122904 0.151772 0.980745
    outer loop
      vertex 1.57232 2.16412 6.34999
      vertex 1.78992 1.98791 6.34999
      vertex 1.68479 2.31892 6.31194
    endloop
  endfacet
  facet normal 0.122896 0.15177 0.980746
    outer loop
      vertex 1.78992 1.98791 6.34999
      vertex 1.91796 2.13011 6.31194
      vertex 1.68479 2.31892 6.31194
    endloop
  endfacet
  facet normal -0 0 1
    outer loop
      vertex 1.227 1.68882 6.34999
      vertex 1.39681 1.55131 6.34999
      vertex 1.57232 2.16412 6.34999
    endloop
  endfacet
  facet normal 0 0 1
    outer loop
      vertex 1.39681 1.55131 6.34999
      vertex 1.78992 1.98791 6.34999
      vertex 1.57232 2.16412 6.34999
    endloop
  endfacet
  facet normal -0.122897 -0.151777 0.980745
    outer loop
      vertex 1.11453 1.53402 6.31194
      vertex 1.26878 1.40912 6.31194
      vertex 1.227 1.68882 6.34999
    endloop
  endfacet
  facet normal -0.122908 -0.151778 0.980743
    outer loop
      vertex 1.26878 1.40912 6.31194
      vertex 1.39681 1.55131 6.34999
      vertex 1.227 1.68882 6.34999
    endloop
  endfacet
  facet normal -0.350013 -0.43223 0.831065
    outer loop
      vertex 1.01919 1.4028 6.20354
      vertex 1.16024 1.28858 6.20354
      vertex 1.11453 1.53402 6.31194
    endloop
  endfacet
  facet normal -0.349987 -0.43223 0.831075
    outer loop
      vertex 1.16024 1.28858 6.20354
      vertex 1.26878 1.40912 6.31194
      vertex 1.11453 1.53402 6.31194
    endloop
  endfacet
  facet normal -0.523449 -0.646407 0.55512
    outer loop
      vertex 0.955477 1.3151 6.04134
      vertex 1.08771 1.20802 6.04134
      vertex 1.01919 1.4028 6.20354
    endloop
  endfacet
  facet normal -0.52345 -0.646407 0.55512
    outer loop
      vertex 1.08771 1.20802 6.04134
      vertex 1.16024 1.28858 6.20354
      vertex 1.01919 1.4028 6.20354
    endloop
  endfacet
  facet normal -0.61727 -0.762252 0.19481
    outer loop
      vertex 0.933109 1.28431 5.84999
      vertex 1.06224 1.17974 5.84999
      vertex 0.955477 1.3151 6.04134
    endloop
  endfacet
  facet normal -0.617262 -0.762256 0.194817
    outer loop
      vertex 1.06224 1.17974 5.84999
      vertex 1.08771 1.20802 6.04134
      vertex 0.955477 1.3151 6.04134
    endloop
  endfacet
  facet normal -0.629327 -0.777141 0
    outer loop
      vertex 0.933109 1.28431 0.5
      vertex 1.06224 1.17974 0.5
      vertex 0.933109 1.28431 5.84999
    endloop
  endfacet
  facet normal -0.629327 -0.777141 0
    outer loop
      vertex 1.06224 1.17974 0.5
      vertex 1.06224 1.17974 5.84999
      vertex 0.933109 1.28431 5.84999
    endloop
  endfacet
  facet normal -0.617262 -0.762256 -0.194815
    outer loop
      vertex 0.955477 1.3151 0.308655
      vertex 1.08771 1.20802 0.308655
      vertex 0.933109 1.28431 0.5
    endloop
  endfacet
  facet normal -0.617268 -0.76225 -0.194822
    outer loop
      vertex 1.08771 1.20802 0.308655
      vertex 1.06224 1.17974 0.5
      vertex 0.933109 1.28431 0.5
    endloop
  endfacet
  facet normal -0.523451 -0.646408 -0.555118
    outer loop
      vertex 1.01919 1.4028 0.146454
      vertex 1.16024 1.28858 0.146454
      vertex 0.955477 1.3151 0.308655
    endloop
  endfacet
  facet normal -0.523451 -0.646409 -0.555117
    outer loop
      vertex 1.16024 1.28858 0.146454
      vertex 1.08771 1.20802 0.308655
      vertex 0.955477 1.3151 0.308655
    endloop
  endfacet
  facet normal -0.349994 -0.432238 -0.831068
    outer loop
      vertex 1.11453 1.53402 0.0380554
      vertex 1.26878 1.40912 0.0380554
      vertex 1.01919 1.4028 0.146454
    endloop
  endfacet
  facet normal -0.349999 -0.432213 -0.831079
    outer loop
      vertex 1.26878 1.40912 0.0380554
      vertex 1.16024 1.28858 0.146454
      vertex 1.01919 1.4028 0.146454
    endloop
  endfacet
  facet normal -0.12292 -0.151793 -0.980739
    outer loop
      vertex 1.227 1.68882 0
      vertex 1.39681 1.55131 0
      vertex 1.11453 1.53402 0.0380554
    endloop
  endfacet
  facet normal -0.122919 -0.151804 -0.980738
    outer loop
      vertex 1.39681 1.55131 0
      vertex 1.26878 1.40912 0.0380554
      vertex 1.11453 1.53402 0.0380554
    endloop
  endfacet
  facet normal 0 -0 -1
    outer loop
      vertex 1.57232 2.16412 0
      vertex 1.78992 1.98791 0
      vertex 1.227 1.68882 0
    endloop
  endfacet
  facet normal 0 0 -1
    outer loop
      vertex 1.78992 1.98791 0
      vertex 1.39681 1.55131 0
      vertex 1.227 1.68882 0
    endloop
  endfacet
  facet normal 0.122917 0.151796 -0.980739
    outer loop
      vertex 1.68479 2.31892 0.0380554
      vertex 1.91796 2.13011 0.0380554
      vertex 1.57232 2.16412 0
    endloop
  endfacet
  facet normal 0.122916 0.151788 -0.980741
    outer loop
      vertex 1.91796 2.13011 0.0380554
      vertex 1.78992 1.98791 0
      vertex 1.57232 2.16412 0
    endloop
  endfacet
  facet normal 0.393283 0.393283 -0.831057
    outer loop
      vertex 2.02649 2.25064 0.146454
      vertex 2.25064 2.02649 0.146454
      vertex 1.91796 2.13011 0.0380554
    endloop
  endfacet
  facet normal 0.393283 0.393283 -0.831057
    outer loop
      vertex 2.25064 2.02649 0.146454
      vertex 2.13011 1.91796 0.0380554
      vertex 1.91796 2.13011 0.0380554
    endloop
  endfacet
  facet normal 0.588153 0.588153 -0.555115
    outer loop
      vertex 2.09902 2.3312 0.308655
      vertex 2.3312 2.09902 0.308655
      vertex 2.02649 2.25064 0.146454
    endloop
  endfacet
  facet normal 0.588153 0.588153 -0.555115
    outer loop
      vertex 2.3312 2.09902 0.308655
      vertex 2.25064 2.02649 0.146454
      vertex 2.02649 2.25064 0.146454
    endloop
  endfacet
  facet normal 0.693557 0.693557 -0.194825
    outer loop
      vertex 2.12449 2.35948 0.5
      vertex 2.35948 2.12449 0.5
      vertex 2.09902 2.3312 0.308655
    endloop
  endfacet
  facet normal 0.693557 0.693557 -0.194825
    outer loop
      vertex 2.35948 2.12449 0.5
      vertex 2.3312 2.09902 0.308655
      vertex 2.09902 2.3312 0.308655
    endloop
  endfacet
  facet normal 0.707107 0.707107 0
    outer loop
      vertex 2.12449 2.35948 5.84999
      vertex 2.35948 2.12449 5.84999
      vertex 2.12449 2.35948 0.5
    endloop
  endfacet
  facet normal 0.707107 0.707107 0
    outer loop
      vertex 2.35948 2.12449 5.84999
      vertex 2.35948 2.12449 0.5
      vertex 2.12449 2.35948 0.5
    endloop
  endfacet
  facet normal 0.693558 0.693558 0.19482
    outer loop
      vertex 2.09902 2.3312 6.04134
      vertex 2.3312 2.09902 6.04134
      vertex 2.12449 2.35948 5.84999
    endloop
  endfacet
  facet normal 0.693558 0.693558 0.19482
    outer loop
      vertex 2.3312 2.09902 6.04134
      vertex 2.35948 2.12449 5.84999
      vertex 2.12449 2.35948 5.84999
    endloop
  endfacet
  facet normal 0.588151 0.588151 0.555118
    outer loop
      vertex 2.02649 2.25064 6.20354
      vertex 2.25064 2.02649 6.20354
      vertex 2.09902 2.3312 6.04134
    endloop
  endfacet
  facet normal 0.588151 0.588151 0.555118
    outer loop
      vertex 2.25064 2.02649 6.20354
      vertex 2.3312 2.09902 6.04134
      vertex 2.09902 2.3312 6.04134
    endloop
  endfacet
  facet normal 0.393287 0.393287 0.831054
    outer loop
      vertex 1.91796 2.13011 6.31194
      vertex 2.13011 1.91796 6.31194
      vertex 2.02649 2.25064 6.20354
    endloop
  endfacet
  facet normal 0.393287 0.393287 0.831054
    outer loop
      vertex 2.13011 1.91796 6.31194
      vertex 2.25064 2.02649 6.20354
      vertex 2.02649 2.25064 6.20354
    endloop
  endfacet
  facet normal 0.13809 0.13809 0.980746
    outer loop
      vertex 1.78992 1.98791 6.34999
      vertex 1.98791 1.78992 6.34999
      vertex 1.91796 2.13011 6.31194
    endloop
  endfacet
  facet normal 0.13809 0.13809 0.980746
    outer loop
      vertex 1.98791 1.78992 6.34999
      vertex 2.13011 1.91796 6.31194
      vertex 1.91796 2.13011 6.31194
    endloop
  endfacet
  facet normal -0 0 1
    outer loop
      vertex 1.39681 1.55131 6.34999
      vertex 1.55131 1.39681 6.34999
      vertex 1.78992 1.98791 6.34999
    endloop
  endfacet
  facet normal 0 0 1
    outer loop
      vertex 1.55131 1.39681 6.34999
      vertex 1.98791 1.78992 6.34999
      vertex 1.78992 1.98791 6.34999
    endloop
  endfacet
  facet normal -0.1381 -0.1381 0.980743
    outer loop
      vertex 1.26878 1.40912 6.31194
      vertex 1.40912 1.26878 6.31194
      vertex 1.39681 1.55131 6.34999
    endloop
  endfacet
  facet normal -0.1381 -0.1381 0.980743
    outer loop
      vertex 1.40912 1.26878 6.31194
      vertex 1.55131 1.39681 6.34999
      vertex 1.39681 1.55131 6.34999
    endloop
  endfacet
  facet normal -0.393263 -0.393263 0.831077
    outer loop
      vertex 1.16024 1.28858 6.20354
      vertex 1.28858 1.16024 6.20354
      vertex 1.26878 1.40912 6.31194
    endloop
  endfacet
  facet normal -0.393263 -0.393263 0.831077
    outer loop
      vertex 1.28858 1.16024 6.20354
      vertex 1.40912 1.26878 6.31194
      vertex 1.26878 1.40912 6.31194
    endloop
  endfacet
  facet normal -0.588151 -0.588151 0.555118
    outer loop
      vertex 1.08771 1.20802 6.04134
      vertex 1.20802 1.08771 6.04134
      vertex 1.16024 1.28858 6.20354
    endloop
  endfacet
  facet normal -0.588151 -0.588151 0.555118
    outer loop
      vertex 1.20802 1.08771 6.04134
      vertex 1.28858 1.16024 6.20354
      vertex 1.16024 1.28858 6.20354
    endloop
  endfacet
  facet normal -0.693558 -0.693558 0.19482
    outer loop
      vertex 1.06224 1.17974 5.84999
      vertex 1.17974 1.06224 5.84999
      vertex 1.08771 1.20802 6.04134
    endloop
  endfacet
  facet normal -0.693558 -0.693558 0.19482
    outer loop
      vertex 1.17974 1.06224 5.84999
      vertex 1.20802 1.08771 6.04134
      vertex 1.08771 1.20802 6.04134
    endloop
  endfacet
  facet normal -0.707107 -0.707107 0
    outer loop
      vertex 1.06224 1.17974 0.5
      vertex 1.17974 1.06224 0.5
      vertex 1.06224 1.17974 5.84999
    endloop
  endfacet
  facet normal -0.707107 -0.707107 0
    outer loop
      vertex 1.17974 1.06224 0.5
      vertex 1.17974 1.06224 5.84999
      vertex 1.06224 1.17974 5.84999
    endloop
  endfacet
  facet normal -0.693557 -0.693557 -0.194825
    outer loop
      vertex 1.08771 1.20802 0.308655
      vertex 1.20802 1.08771 0.308655
      vertex 1.06224 1.17974 0.5
    endloop
  endfacet
  facet normal -0.693557 -0.693557 -0.194825
    outer loop
      vertex 1.20802 1.08771 0.308655
      vertex 1.17974 1.06224 0.5
      vertex 1.06224 1.17974 0.5
    endloop
  endfacet
  facet normal -0.588153 -0.588153 -0.555115
    outer loop
      vertex 1.16024 1.28858 0.146454
      vertex 1.28858 1.16024 0.146454
      vertex 1.08771 1.20802 0.308655
    endloop
  endfacet
  facet normal -0.588153 -0.588153 -0.555115
    outer loop
      vertex 1.28858 1.16024 0.146454
      vertex 1.20802 1.08771 0.308655
      vertex 1.08771 1.20802 0.308655
    endloop
  endfacet
  facet normal -0.39326 -0.39326 -0.83108
    outer loop
      vertex 1.26878 1.40912 0.0380554
      vertex 1.40912 1.26878 0.0380554
      vertex 1.16024 1.28858 0.146454
    endloop
  endfacet
  facet normal -0.39326 -0.39326 -0.83108
    outer loop
      vertex 1.40912 1.26878 0.0380554
      vertex 1.28858 1.16024 0.146454
      vertex 1.16024 1.28858 0.146454
    endloop
  endfacet
  facet normal -0.138118 -0.138118 -0.980738
    outer loop
      vertex 1.39681 1.55131 0
      vertex 1.55131 1.39681 0
      vertex 1.26878 1.40912 0.0380554
    endloop
  endfacet
  facet normal -0.138118 -0.138118 -0.980738
    outer loop
      vertex 1.55131 1.39681 0
      vertex 1.40912 1.26878 0.0380554
      vertex 1.26878 1.40912 0.0380554
    endloop
  endfacet
  facet normal 0 -0 -1
    outer loop
      vertex 1.78992 1.98791 0
      vertex 1.98791 1.78992 0
      vertex 1.39681 1.55131 0
    endloop
  endfacet
  facet normal 0 0 -1
    outer loop
      vertex 1.98791 1.78992 0
      vertex 1.55131 1.39681 0
      vertex 1.39681 1.55131 0
    endloop
  endfacet
  facet normal 0.138109 0.138109 -0.980741
    outer loop
      vertex 1.91796 2.13011 0.0380554
      vertex 2.13011 1.91796 0.0380554
      vertex 1.78992 1.98791 0
    endloop
  endfacet
  facet normal 0.138109 0.138109 -0.980741
    outer loop
      vertex 2.13011 1.91796 0.0380554
      vertex 1.98791 1.78992 0
      vertex 1.78992 1.98791 0
    endloop
  endfacet
  facet normal 0.432237 0.350022 -0.831057
    outer loop
      vertex 2.25064 2.02649 0.146454
      vertex 2.45014 1.78013 0.146454
      vertex 2.13011 1.91796 0.0380554
    endloop
  endfacet
  facet normal 0.432232 0.350001 -0.831068
    outer loop
      vertex 2.45014 1.78013 0.146454
      vertex 2.31892 1.68479 0.0380554
      vertex 2.13011 1.91796 0.0380554
    endloop
  endfacet
  facet normal 0.646399 0.523462 -0.555118
    outer loop
      vertex 2.3312 2.09902 0.308655
      vertex 2.53784 1.84385 0.308655
      vertex 2.25064 2.02649 0.146454
    endloop
  endfacet
  facet normal 0.646398 0.523447 -0.555133
    outer loop
      vertex 2.53784 1.84385 0.308655
      vertex 2.45014 1.78013 0.146454
      vertex 2.25064 2.02649 0.146454
    endloop
  endfacet
  facet normal 0.762271 0.617242 -0.194822
    outer loop
      vertex 2.35948 2.12449 0.5
      vertex 2.56862 1.86621 0.5
      vertex 2.3312 2.09902 0.308655
    endloop
  endfacet
  facet normal 0.762255 0.617284 -0.194751
    outer loop
      vertex 2.56862 1.86621 0.5
      vertex 2.53784 1.84385 0.308655
      vertex 2.3312 2.09902 0.308655
    endloop
  endfacet
  facet normal 0.777162 0.6293 0
    outer loop
      vertex 2.35948 2.12449 5.84999
      vertex 2.56862 1.86621 5.84999
      vertex 2.35948 2.12449 0.5
    endloop
  endfacet
  facet normal 0.777162 0.6293 0
    outer loop
      vertex 2.56862 1.86621 5.84999
      vertex 2.56862 1.86621 0.5
      vertex 2.35948 2.12449 0.5
    endloop
  endfacet
  facet normal 0.762245 0.617276 0.194817
    outer loop
      vertex 2.3312 2.09902 6.04134
      vertex 2.53784 1.84385 6.04134
      vertex 2.35948 2.12449 5.84999
    endloop
  endfacet
  facet normal 0.762282 0.617252 0.194747
    outer loop
      vertex 2.53784 1.84385 6.04134
      vertex 2.56862 1.86621 5.84999
      vertex 2.35948 2.12449 5.84999
    endloop
  endfacet
  facet normal 0.646405 0.523453 0.55512
    outer loop
      vertex 2.25064 2.02649 6.20354
      vertex 2.45014 1.78013 6.20354
      vertex 2.3312 2.09902 6.04134
    endloop
  endfacet
  facet normal 0.64639 0.523455 0.555135
    outer loop
      vertex 2.45014 1.78013 6.20354
      vertex 2.53784 1.84385 6.04134
      vertex 2.3312 2.09902 6.04134
    endloop
  endfacet
  facet normal 0.43225 0.350015 0.831053
    outer loop
      vertex 2.13011 1.91796 6.31194
      vertex 2.31892 1.68479 6.31194
      vertex 2.25064 2.02649 6.20354
    endloop
  endfacet
  facet normal 0.432228 0.350015 0.831065
    outer loop
      vertex 2.31892 1.68479 6.31194
      vertex 2.45014 1.78013 6.20354
      vertex 2.25064 2.02649 6.20354
    endloop
  endfacet
  facet normal 0.151767 0.1229 0.980746
    outer loop
      vertex 1.98791 1.78992 6.34999
      vertex 2.16412 1.57232 6.34999
      vertex 2.13011 1.91796 6.31194
    endloop
  endfacet
  facet normal 0.151775 0.1229 0.980745
    outer loop
      vertex 2.16412 1.57232 6.34999
      vertex 2.31892 1.68479 6.31194
      vertex 2.13011 1.91796 6.31194
    endloop
  endfacet
  facet normal -0 0 1
    outer loop
      vertex 1.55131 1.39681 6.34999
      vertex 1.68882 1.227 6.34999
      vertex 1.98791 1.78992 6.34999
    endloop
  endfacet
  facet normal 0 0 1
    outer loop
      vertex 1.68882 1.227 6.34999
      vertex 2.16412 1.57232 6.34999
      vertex 1.98791 1.78992 6.34999
    endloop
  endfacet
  facet normal -0.151783 -0.122903 0.980743
    outer loop
      vertex 1.40912 1.26878 6.31194
      vertex 1.53402 1.11453 6.31194
      vertex 1.55131 1.39681 6.34999
    endloop
  endfacet
  facet normal -0.151772 -0.122903 0.980745
    outer loop
      vertex 1.53402 1.11453 6.31194
      vertex 1.68882 1.227 6.34999
      vertex 1.55131 1.39681 6.34999
    endloop
  endfacet
  facet normal -0.432217 -0.350002 0.831076
    outer loop
      vertex 1.28858 1.16024 6.20354
      vertex 1.4028 1.01919 6.20354
      vertex 1.40912 1.26878 6.31194
    endloop
  endfacet
  facet normal -0.432242 -0.349997 0.831065
    outer loop
      vertex 1.4028 1.01919 6.20354
      vertex 1.53402 1.11453 6.31194
      vertex 1.40912 1.26878 6.31194
    endloop
  endfacet
  facet normal -0.646408 -0.52345 0.55512
    outer loop
      vertex 1.20802 1.08771 6.04134
      vertex 1.3151 0.955477 6.04134
      vertex 1.28858 1.16024 6.20354
    endloop
  endfacet
  facet normal -0.646407 -0.52345 0.55512
    outer loop
      vertex 1.3151 0.955477 6.04134
      vertex 1.4028 1.01919 6.20354
      vertex 1.28858 1.16024 6.20354
    endloop
  endfacet
  facet normal -0.76225 -0.617269 0.194817
    outer loop
      vertex 1.17974 1.06224 5.84999
      vertex 1.28431 0.933109 5.84999
      vertex 1.20802 1.08771 6.04134
    endloop
  endfacet
  facet normal -0.762257 -0.617263 0.19481
    outer loop
      vertex 1.28431 0.933109 5.84999
      vertex 1.3151 0.955477 6.04134
      vertex 1.20802 1.08771 6.04134
    endloop
  endfacet
  facet normal -0.777141 -0.629327 0
    outer loop
      vertex 1.17974 1.06224 0.5
      vertex 1.28431 0.933109 0.5
      vertex 1.17974 1.06224 5.84999
    endloop
  endfacet
  facet normal -0.777141 -0.629327 0
    outer loop
      vertex 1.28431 0.933109 0.5
      vertex 1.28431 0.933109 5.84999
      vertex 1.17974 1.06224 5.84999
    endloop
  endfacet
  facet normal -0.762255 -0.617261 -0.194822
    outer loop
      vertex 1.20802 1.08771 0.308655
      vertex 1.3151 0.955477 0.308655
      vertex 1.17974 1.06224 0.5
    endloop
  endfacet
  facet normal -0.762251 -0.617269 -0.194814
    outer loop
      vertex 1.3151 0.955477 0.308655
      vertex 1.28431 0.933109 0.5
      vertex 1.17974 1.06224 0.5
    endloop
  endfacet
  facet normal -0.646408 -0.523451 -0.555117
    outer loop
      vertex 1.28858 1.16024 0.146454
      vertex 1.4028 1.01919 0.146454
      vertex 1.20802 1.08771 0.308655
    endloop
  endfacet
  facet normal -0.646409 -0.52345 -0.555118
    outer loop
      vertex 1.4028 1.01919 0.146454
      vertex 1.3151 0.955477 0.308655
      vertex 1.20802 1.08771 0.308655
    endloop
  endfacet
  facet normal -0.432226 -0.349984 -0.831079
    outer loop
      vertex 1.40912 1.26878 0.0380554
      vertex 1.53402 1.11453 0.0380554
      vertex 1.28858 1.16024 0.146454
    endloop
  endfacet
  facet normal -0.432226 -0.35001 -0.831068
    outer loop
      vertex 1.53402 1.11453 0.0380554
      vertex 1.4028 1.01919 0.146454
      vertex 1.28858 1.16024 0.146454
    endloop
  endfacet
  facet normal -0.151799 -0.122925 -0.980738
    outer loop
      vertex 1.55131 1.39681 0
      vertex 1.68882 1.227 0
      vertex 1.40912 1.26878 0.0380554
    endloop
  endfacet
  facet normal -0.151798 -0.122914 -0.980739
    outer loop
      vertex 1.68882 1.227 0
      vertex 1.53402 1.11453 0.0380554
      vertex 1.40912 1.26878 0.0380554
    endloop
  endfacet
  facet normal 0 -0 -1
    outer loop
      vertex 1.98791 1.78992 0
      vertex 2.16412 1.57232 0
      vertex 1.55131 1.39681 0
    endloop
  endfacet
  facet normal 0 0 -1
    outer loop
      vertex 2.16412 1.57232 0
      vertex 1.68882 1.227 0
      vertex 1.55131 1.39681 0
    endloop
  endfacet
  facet normal 0.151791 0.122913 -0.98074
    outer loop
      vertex 2.13011 1.91796 0.0380554
      vertex 2.31892 1.68479 0.0380554
      vertex 1.98791 1.78992 0
    endloop
  endfacet
  facet normal 0.151793 0.12292 -0.980739
    outer loop
      vertex 2.31892 1.68479 0.0380554
      vertex 2.16412 1.57232 0
      vertex 1.98791 1.78992 0
    endloop
  endfacet
  facet normal 0.466446 0.302911 -0.831068
    outer loop
      vertex 2.45014 1.78013 0.146454
      vertex 2.62279 1.51427 0.146454
      vertex 2.31892 1.68479 0.0380554
    endloop
  endfacet
  facet normal 0.466444 0.302905 -0.831071
    outer loop
      vertex 2.62279 1.51427 0.146454
      vertex 2.48232 1.43317 0.0380554
      vertex 2.31892 1.68479 0.0380554
    endloop
  endfacet
  facet normal 0.697579 0.453003 -0.555132
    outer loop
      vertex 2.53784 1.84385 0.308655
      vertex 2.71667 1.56847 0.308655
      vertex 2.45014 1.78013 0.146454
    endloop
  endfacet
  facet normal 0.69758 0.45301 -0.555126
    outer loop
      vertex 2.71667 1.56847 0.308655
      vertex 2.62279 1.51427 0.146454
      vertex 2.45014 1.78013 0.146454
    endloop
  endfacet
  facet normal 0.822594 0.534239 -0.194753
    outer loop
      vertex 2.56862 1.86621 0.5
      vertex 2.74963 1.5875 0.5
      vertex 2.53784 1.84385 0.308655
    endloop
  endfacet
  facet normal 0.822605 0.534195 -0.194825
    outer loop
      vertex 2.74963 1.5875 0.5
      vertex 2.71667 1.56847 0.308655
      vertex 2.53784 1.84385 0.308655
    endloop
  endfacet
  facet normal 0.838652 0.544668 0
    outer loop
      vertex 2.56862 1.86621 5.84999
      vertex 2.74963 1.5875 5.84999
      vertex 2.56862 1.86621 0.5
    endloop
  endfacet
  facet normal 0.838652 0.544668 0
    outer loop
      vertex 2.74963 1.5875 5.84999
      vertex 2.74963 1.5875 0.5
      vertex 2.56862 1.86621 0.5
    endloop
  endfacet
  facet normal 0.822618 0.534203 0.194748
    outer loop
      vertex 2.53784 1.84385 6.04134
      vertex 2.71667 1.56847 6.04134
      vertex 2.56862 1.86621 5.84999
    endloop
  endfacet
  facet normal 0.822583 0.534232 0.19482
    outer loop
      vertex 2.71667 1.56847 6.04134
      vertex 2.74963 1.5875 5.84999
      vertex 2.56862 1.86621 5.84999
    endloop
  endfacet
  facet normal 0.697575 0.453006 0.555135
    outer loop
      vertex 2.45014 1.78013 6.20354
      vertex 2.62279 1.51427 6.20354
      vertex 2.53784 1.84385 6.04134
    endloop
  endfacet
  facet normal 0.697581 0.453005 0.555128
    outer loop
      vertex 2.62279 1.51427 6.20354
      vertex 2.71667 1.56847 6.04134
      vertex 2.53784 1.84385 6.04134
    endloop
  endfacet
  facet normal 0.466452 0.30291 0.831064
    outer loop
      vertex 2.31892 1.68479 6.31194
      vertex 2.48232 1.43317 6.31194
      vertex 2.45014 1.78013 6.20354
    endloop
  endfacet
  facet normal 0.466446 0.302911 0.831068
    outer loop
      vertex 2.48232 1.43317 6.31194
      vertex 2.62279 1.51427 6.20354
      vertex 2.45014 1.78013 6.20354
    endloop
  endfacet
  facet normal 0.16379 0.106363 0.980745
    outer loop
      vertex 2.16412 1.57232 6.34999
      vertex 2.31661 1.3375 6.34999
      vertex 2.31892 1.68479 6.31194
    endloop
  endfacet
  facet normal 0.163789 0.106363 0.980745
    outer loop
      vertex 2.31661 1.3375 6.34999
      vertex 2.48232 1.43317 6.31194
      vertex 2.31892 1.68479 6.31194
    endloop
  endfacet
  facet normal -0 0 1
    outer loop
      vertex 1.68882 1.227 6.34999
      vertex 1.80783 1.04375 6.34999
      vertex 2.16412 1.57232 6.34999
    endloop
  endfacet
  facet normal 0 0 1
    outer loop
      vertex 1.80783 1.04375 6.34999
      vertex 2.31661 1.3375 6.34999
      vertex 2.16412 1.57232 6.34999
    endloop
  endfacet
  facet normal -0.163786 -0.106368 0.980745
    outer loop
      vertex 1.53402 1.11453 6.31194
      vertex 1.64212 0.948077 6.31194
      vertex 1.68882 1.227 6.34999
    endloop
  endfacet
  facet normal -0.163785 -0.106368 0.980745
    outer loop
      vertex 1.64212 0.948077 6.31194
      vertex 1.80783 1.04375 6.34999
      vertex 1.68882 1.227 6.34999
    endloop
  endfacet
  facet normal -0.466446 -0.302919 0.831064
    outer loop
      vertex 1.4028 1.01919 6.20354
      vertex 1.50165 0.866977 6.20354
      vertex 1.53402 1.11453 6.31194
    endloop
  endfacet
  facet normal -0.46644 -0.302921 0.831067
    outer loop
      vertex 1.50165 0.866977 6.20354
      vertex 1.64212 0.948077 6.31194
      vertex 1.53402 1.11453 6.31194
    endloop
  endfacet
  facet normal -0.69758 -0.453015 0.555121
    outer loop
      vertex 1.3151 0.955477 6.04134
      vertex 1.40777 0.812778 6.04134
      vertex 1.4028 1.01919 6.20354
    endloop
  endfacet
  facet normal -0.697574 -0.453018 0.555126
    outer loop
      vertex 1.40777 0.812778 6.04134
      vertex 1.50165 0.866977 6.20354
      vertex 1.4028 1.01919 6.20354
    endloop
  endfacet
  facet normal -0.822577 -0.534242 0.194811
    outer loop
      vertex 1.28431 0.933109 5.84999
      vertex 1.37482 0.79375 5.84999
      vertex 1.3151 0.955477 6.04134
    endloop
  endfacet
  facet normal -0.822608 -0.534209 0.194773
    outer loop
      vertex 1.37482 0.79375 5.84999
      vertex 1.40777 0.812778 6.04134
      vertex 1.3151 0.955477 6.04134
    endloop
  endfacet
  facet normal -0.838645 -0.544678 0
    outer loop
      vertex 1.28431 0.933109 0.5
      vertex 1.37482 0.79375 0.5
      vertex 1.28431 0.933109 5.84999
    endloop
  endfacet
  facet normal -0.838645 -0.544678 0
    outer loop
      vertex 1.37482 0.79375 0.5
      vertex 1.37482 0.79375 5.84999
      vertex 1.28431 0.933109 5.84999
    endloop
  endfacet
  facet normal -0.822601 -0.534204 -0.194816
    outer loop
      vertex 1.3151 0.955477 0.308655
      vertex 1.40777 0.812778 0.308655
      vertex 1.28431 0.933109 0.5
    endloop
  endfacet
  facet normal -0.822583 -0.534246 -0.194778
    outer loop
      vertex 1.40777 0.812778 0.308655
      vertex 1.37482 0.79375 0.5
      vertex 1.28431 0.933109 0.5
    endloop
  endfacet
  facet normal -0.697578 -0.45302 -0.555119
    outer loop
      vertex 1.4028 1.01919 0.146454
      vertex 1.50165 0.866977 0.146454
      vertex 1.3151 0.955477 0.308655
    endloop
  endfacet
  facet normal -0.697579 -0.453014 -0.555124
    outer loop
      vertex 1.50165 0.866977 0.146454
      vertex 1.40777 0.812778 0.308655
      vertex 1.3151 0.955477 0.308655
    endloop
  endfacet
  facet normal -0.466439 -0.302921 -0.831068
    outer loop
      vertex 1.53402 1.11453 0.0380554
      vertex 1.64212 0.948077 0.0380554
      vertex 1.4028 1.01919 0.146454
    endloop
  endfacet
  facet normal -0.466438 -0.302914 -0.831071
    outer loop
      vertex 1.64212 0.948077 0.0380554
      vertex 1.50165 0.866977 0.146454
      vertex 1.4028 1.01919 0.146454
    endloop
  endfacet
  facet normal -0.163808 -0.106384 -0.980739
    outer loop
      vertex 1.68882 1.227 0
      vertex 1.80783 1.04375 0
      vertex 1.53402 1.11453 0.0380554
    endloop
  endfacet
  facet normal -0.163808 -0.106382 -0.980739
    outer loop
      vertex 1.80783 1.04375 0
      vertex 1.64212 0.948077 0.0380554
      vertex 1.53402 1.11453 0.0380554
    endloop
  endfacet
  facet normal 0 -0 -1
    outer loop
      vertex 2.16412 1.57232 0
      vertex 2.31661 1.3375 0
      vertex 1.68882 1.227 0
    endloop
  endfacet
  facet normal 0 0 -1
    outer loop
      vertex 2.31661 1.3375 0
      vertex 1.80783 1.04375 0
      vertex 1.68882 1.227 0
    endloop
  endfacet
  facet normal 0.163812 0.106378 -0.980739
    outer loop
      vertex 2.31892 1.68479 0.0380554
      vertex 2.48232 1.43317 0.0380554
      vertex 2.16412 1.57232 0
    endloop
  endfacet
  facet normal 0.163812 0.106378 -0.980739
    outer loop
      vertex 2.48232 1.43317 0.0380554
      vertex 2.31661 1.3375 0
      vertex 2.16412 1.57232 0
    endloop
  endfacet
  facet normal 0.495545 0.252501 -0.831071
    outer loop
      vertex 2.62279 1.51427 0.146454
      vertex 2.76671 1.23182 0.146454
      vertex 2.48232 1.43317 0.0380554
    endloop
  endfacet
  facet normal 0.495544 0.252499 -0.831072
    outer loop
      vertex 2.76671 1.23182 0.146454
      vertex 2.61853 1.16585 0.0380554
      vertex 2.48232 1.43317 0.0380554
    endloop
  endfacet
  facet normal 0.741106 0.37762 -0.555126
    outer loop
      vertex 2.71667 1.56847 0.308655
      vertex 2.86574 1.27591 0.308655
      vertex 2.62279 1.51427 0.146454
    endloop
  endfacet
  facet normal 0.741107 0.377625 -0.555122
    outer loop
      vertex 2.86574 1.27591 0.308655
      vertex 2.76671 1.23182 0.146454
      vertex 2.62279 1.51427 0.146454
    endloop
  endfacet
  facet normal 0.87394 0.445278 -0.194825
    outer loop
      vertex 2.74963 1.5875 0.5
      vertex 2.9005 1.29139 0.5
      vertex 2.71667 1.56847 0.308655
    endloop
  endfacet
  facet normal 0.873936 0.445302 -0.194786
    outer loop
      vertex 2.9005 1.29139 0.5
      vertex 2.86574 1.27591 0.308655
      vertex 2.71667 1.56847 0.308655
    endloop
  endfacet
  facet normal 0.891013 0.453977 0
    outer loop
      vertex 2.74963 1.5875 5.84999
      vertex 2.9005 1.29139 5.84999
      vertex 2.74963 1.5875 0.5
    endloop
  endfacet
  facet normal 0.891013 0.453977 0
    outer loop
      vertex 2.9005 1.29139 5.84999
      vertex 2.9005 1.29139 0.5
      vertex 2.74963 1.5875 0.5
    endloop
  endfacet
  facet normal 0.87393 0.445299 0.19482
    outer loop
      vertex 2.71667 1.56847 6.04134
      vertex 2.86574 1.27591 6.04134
      vertex 2.74963 1.5875 5.84999
    endloop
  endfacet
  facet normal 0.873947 0.445282 0.194781
    outer loop
      vertex 2.86574 1.27591 6.04134
      vertex 2.9005 1.29139 5.84999
      vertex 2.74963 1.5875 5.84999
    endloop
  endfacet
  facet normal 0.741103 0.377623 0.555129
    outer loop
      vertex 2.62279 1.51427 6.20354
      vertex 2.76671 1.23182 6.20354
      vertex 2.71667 1.56847 6.04134
    endloop
  endfacet
  facet normal 0.741107 0.377621 0.555124
    outer loop
      vertex 2.76671 1.23182 6.20354
      vertex 2.86574 1.27591 6.04134
      vertex 2.71667 1.56847 6.04134
    endloop
  endfacet
  facet normal 0.495549 0.252502 0.831068
    outer loop
      vertex 2.48232 1.43317 6.31194
      vertex 2.61853 1.16585 6.31194
      vertex 2.62279 1.51427 6.20354
    endloop
  endfacet
  facet normal 0.495548 0.252502 0.831069
    outer loop
      vertex 2.61853 1.16585 6.31194
      vertex 2.76671 1.23182 6.20354
      vertex 2.62279 1.51427 6.20354
    endloop
  endfacet
  facet normal 0.174008 0.088664 0.980745
    outer loop
      vertex 2.31661 1.3375 6.34999
      vertex 2.44373 1.08802 6.34999
      vertex 2.48232 1.43317 6.31194
    endloop
  endfacet
  facet normal 0.174008 0.0886639 0.980745
    outer loop
      vertex 2.44373 1.08802 6.34999
      vertex 2.61853 1.16585 6.31194
      vertex 2.48232 1.43317 6.31194
    endloop
  endfacet
  facet normal -0 0 1
    outer loop
      vertex 1.80783 1.04375 6.34999
      vertex 1.90703 0.849063 6.34999
      vertex 2.31661 1.3375 6.34999
    endloop
  endfacet
  facet normal 0 0 1
    outer loop
      vertex 1.90703 0.849063 6.34999
      vertex 2.44373 1.08802 6.34999
      vertex 2.31661 1.3375 6.34999
    endloop
  endfacet
  facet normal -0.17401 -0.0886576 0.980745
    outer loop
      vertex 1.64212 0.948077 6.31194
      vertex 1.73222 0.771236 6.31194
      vertex 1.80783 1.04375 6.34999
    endloop
  endfacet
  facet normal -0.174002 -0.0886601 0.980746
    outer loop
      vertex 1.73222 0.771236 6.31194
      vertex 1.90703 0.849063 6.34999
      vertex 1.80783 1.04375 6.34999
    endloop
  endfacet
  facet normal -0.495549 -0.252503 0.831068
    outer loop
      vertex 1.50165 0.866977 6.20354
      vertex 1.58405 0.705263 6.20354
      vertex 1.64212 0.948077 6.31194
    endloop
  endfacet
  facet normal -0.495572 -0.252493 0.831057
    outer loop
      vertex 1.58405 0.705263 6.20354
      vertex 1.73222 0.771236 6.31194
      vertex 1.64212 0.948077 6.31194
    endloop
  endfacet
  facet normal -0.741102 -0.377627 0.555127
    outer loop
      vertex 1.40777 0.812778 6.04134
      vertex 1.48502 0.661173 6.04134
      vertex 1.50165 0.866977 6.20354
    endloop
  endfacet
  facet normal -0.741106 -0.377624 0.555124
    outer loop
      vertex 1.48502 0.661173 6.04134
      vertex 1.58405 0.705263 6.20354
      vertex 1.50165 0.866977 6.20354
    endloop
  endfacet
  facet normal -0.873962 -0.445257 0.194771
    outer loop
      vertex 1.37482 0.79375 5.84999
      vertex 1.45025 0.645694 5.84999
      vertex 1.40777 0.812778 6.04134
    endloop
  endfacet
  facet normal -0.873926 -0.445307 0.194823
    outer loop
      vertex 1.45025 0.645694 5.84999
      vertex 1.48502 0.661173 6.04134
      vertex 1.40777 0.812778 6.04134
    endloop
  endfacet
  facet normal -0.891027 -0.453951 0
    outer loop
      vertex 1.37482 0.79375 0.5
      vertex 1.45025 0.645694 0.5
      vertex 1.37482 0.79375 5.84999
    endloop
  endfacet
  facet normal -0.891027 -0.453951 0
    outer loop
      vertex 1.45025 0.645694 0.5
      vertex 1.45025 0.645694 5.84999
      vertex 1.37482 0.79375 5.84999
    endloop
  endfacet
  facet normal -0.873934 -0.445311 -0.194776
    outer loop
      vertex 1.40777 0.812778 0.308655
      vertex 1.48502 0.661173 0.308655
      vertex 1.37482 0.79375 0.5
    endloop
  endfacet
  facet normal -0.873952 -0.445252 -0.194828
    outer loop
      vertex 1.48502 0.661173 0.308655
      vertex 1.45025 0.645694 0.5
      vertex 1.37482 0.79375 0.5
    endloop
  endfacet
  facet normal -0.741105 -0.377624 -0.555125
    outer loop
      vertex 1.50165 0.866977 0.146454
      vertex 1.58405 0.705263 0.146454
      vertex 1.40777 0.812778 0.308655
    endloop
  endfacet
  facet normal -0.741105 -0.377628 -0.555122
    outer loop
      vertex 1.58405 0.705263 0.146454
      vertex 1.48502 0.661173 0.308655
      vertex 1.40777 0.812778 0.308655
    endloop
  endfacet
  facet normal -0.495554 -0.252483 -0.831071
    outer loop
      vertex 1.64212 0.948077 0.0380554
      vertex 1.73222 0.771236 0.0380554
      vertex 1.50165 0.866977 0.146454
    endloop
  endfacet
  facet normal -0.495559 -0.252508 -0.83106
    outer loop
      vertex 1.73222 0.771236 0.0380554
      vertex 1.58405 0.705263 0.146454
      vertex 1.50165 0.866977 0.146454
    endloop
  endfacet
  facet normal -0.174031 -0.0886749 -0.98074
    outer loop
      vertex 1.80783 1.04375 0
      vertex 1.90703 0.849063 0
      vertex 1.64212 0.948077 0.0380554
    endloop
  endfacet
  facet normal -0.174028 -0.0886667 -0.980741
    outer loop
      vertex 1.90703 0.849063 0
      vertex 1.73222 0.771236 0.0380554
      vertex 1.64212 0.948077 0.0380554
    endloop
  endfacet
  facet normal 0 -0 -1
    outer loop
      vertex 2.31661 1.3375 0
      vertex 2.44373 1.08802 0
      vertex 1.80783 1.04375 0
    endloop
  endfacet
  facet normal 0 0 -1
    outer loop
      vertex 2.44373 1.08802 0
      vertex 1.90703 0.849063 0
      vertex 1.80783 1.04375 0
    endloop
  endfacet
  facet normal 0.174032 0.088676 -0.980739
    outer loop
      vertex 2.48232 1.43317 0.0380554
      vertex 2.61853 1.16585 0.0380554
      vertex 2.31661 1.3375 0
    endloop
  endfacet
  facet normal 0.174032 0.0886761 -0.980739
    outer loop
      vertex 2.61853 1.16585 0.0380554
      vertex 2.44373 1.08802 0
      vertex 2.31661 1.3375 0
    endloop
  endfacet
  facet normal 0.519227 0.199304 -0.831073
    outer loop
      vertex 2.76671 1.23182 0.146454
      vertex 2.88031 0.93587 0.146454
      vertex 2.61853 1.16585 0.0380554
    endloop
  endfacet
  facet normal 0.519231 0.199311 -0.831068
    outer loop
      vertex 2.88031 0.93587 0.146454
      vertex 2.72605 0.885747 0.0380554
      vertex 2.61853 1.16585 0.0380554
    endloop
  endfacet
  facet normal 0.776524 0.298077 -0.555122
    outer loop
      vertex 2.86574 1.27591 0.308655
      vertex 2.98341 0.969367 0.308655
      vertex 2.76671 1.23182 0.146454
    endloop
  endfacet
  facet normal 0.776519 0.298066 -0.555135
    outer loop
      vertex 2.98341 0.969367 0.308655
      vertex 2.88031 0.93587 0.146454
      vertex 2.76671 1.23182 0.146454
    endloop
  endfacet
  facet normal 0.915698 0.351507 -0.194784
    outer loop
      vertex 2.9005 1.29139 0.5
      vertex 3.0196 0.981127 0.5
      vertex 2.86574 1.27591 0.308655
    endloop
  endfacet
  facet normal 0.915698 0.351501 -0.194793
    outer loop
      vertex 3.0196 0.981127 0.5
      vertex 2.98341 0.969367 0.308655
      vertex 2.86574 1.27591 0.308655
    endloop
  endfacet
  facet normal 0.933579 0.358371 0
    outer loop
      vertex 2.9005 1.29139 5.84999
      vertex 3.0196 0.981127 5.84999
      vertex 2.9005 1.29139 0.5
    endloop
  endfacet
  facet normal 0.933579 0.358371 0
    outer loop
      vertex 3.0196 0.981127 5.84999
      vertex 3.0196 0.981127 0.5
      vertex 2.9005 1.29139 0.5
    endloop
  endfacet
  facet normal 0.915701 0.351502 0.194779
    outer loop
      vertex 2.86574 1.27591 6.04134
      vertex 2.98341 0.969367 6.04134
      vertex 2.9005 1.29139 5.84999
    endloop
  endfacet
  facet normal 0.915697 0.351507 0.194789
    outer loop
      vertex 2.98341 0.969367 6.04134
      vertex 3.0196 0.981127 5.84999
      vertex 2.9005 1.29139 5.84999
    endloop
  endfacet
  facet normal 0.776526 0.298068 0.555124
    outer loop
      vertex 2.76671 1.23182 6.20354
      vertex 2.88031 0.93587 6.20354
      vertex 2.86574 1.27591 6.04134
    endloop
  endfacet
  facet normal 0.776515 0.298074 0.555137
    outer loop
      vertex 2.88031 0.93587 6.20354
      vertex 2.98341 0.969367 6.04134
      vertex 2.86574 1.27591 6.04134
    endloop
  endfacet
  facet normal 0.519229 0.199311 0.831069
    outer loop
      vertex 2.61853 1.16585 6.31194
      vertex 2.72605 0.885747 6.31194
      vertex 2.76671 1.23182 6.20354
    endloop
  endfacet
  facet normal 0.519237 0.199308 0.831065
    outer loop
      vertex 2.72605 0.885747 6.31194
      vertex 2.88031 0.93587 6.20354
      vertex 2.76671 1.23182 6.20354
    endloop
  endfacet
  facet normal 0.182324 0.0699861 0.980744
    outer loop
      vertex 2.44373 1.08802 6.34999
      vertex 2.54407 0.826619 6.34999
      vertex 2.61853 1.16585 6.31194
    endloop
  endfacet
  facet normal 0.182323 0.0699864 0.980745
    outer loop
      vertex 2.54407 0.826619 6.34999
      vertex 2.72605 0.885747 6.31194
      vertex 2.61853 1.16585 6.31194
    endloop
  endfacet
  facet normal -0 0 1
    outer loop
      vertex 1.90703 0.849063 6.34999
      vertex 1.98533 0.645073 6.34999
      vertex 2.44373 1.08802 6.34999
    endloop
  endfacet
  facet normal 0 0 1
    outer loop
      vertex 1.98533 0.645073 6.34999
      vertex 2.54407 0.826619 6.34999
      vertex 2.44373 1.08802 6.34999
    endloop
  endfacet
  facet normal -0.182315 -0.0699872 0.980746
    outer loop
      vertex 1.73222 0.771236 6.31194
      vertex 1.80335 0.585944 6.31194
      vertex 1.90703 0.849063 6.34999
    endloop
  endfacet
  facet normal -0.182324 -0.0699836 0.980745
    outer loop
      vertex 1.80335 0.585944 6.31194
      vertex 1.98533 0.645073 6.34999
      vertex 1.90703 0.849063 6.34999
    endloop
  endfacet
  facet normal -0.51925 -0.199313 0.831056
    outer loop
      vertex 1.58405 0.705263 6.20354
      vertex 1.64909 0.535821 6.20354
      vertex 1.73222 0.771236 6.31194
    endloop
  endfacet
  facet normal -0.519232 -0.199323 0.831065
    outer loop
      vertex 1.64909 0.535821 6.20354
      vertex 1.80335 0.585944 6.31194
      vertex 1.73222 0.771236 6.31194
    endloop
  endfacet
  facet normal -0.776515 -0.298094 0.555125
    outer loop
      vertex 1.48502 0.661173 6.04134
      vertex 1.546 0.502324 6.04134
      vertex 1.58405 0.705263 6.20354
    endloop
  endfacet
  facet normal -0.776538 -0.298073 0.555104
    outer loop
      vertex 1.546 0.502324 6.04134
      vertex 1.64909 0.535821 6.20354
      vertex 1.58405 0.705263 6.20354
    endloop
  endfacet
  facet normal -0.915689 -0.351507 0.194824
    outer loop
      vertex 1.45025 0.645694 5.84999
      vertex 1.5098 0.490564 5.84999
      vertex 1.48502 0.661173 6.04134
    endloop
  endfacet
  facet normal -0.915683 -0.351518 0.194834
    outer loop
      vertex 1.5098 0.490564 5.84999
      vertex 1.546 0.502324 6.04134
      vertex 1.48502 0.661173 6.04134
    endloop
  endfacet
  facet normal -0.933578 -0.358374 0
    outer loop
      vertex 1.45025 0.645694 0.5
      vertex 1.5098 0.490564 0.5
      vertex 1.45025 0.645694 5.84999
    endloop
  endfacet
  facet normal -0.933578 -0.358374 0
    outer loop
      vertex 1.5098 0.490564 0.5
      vertex 1.5098 0.490564 5.84999
      vertex 1.45025 0.645694 5.84999
    endloop
  endfacet
  facet normal -0.915684 -0.351519 -0.194829
    outer loop
      vertex 1.48502 0.661173 0.308655
      vertex 1.546 0.502324 0.308655
      vertex 1.45025 0.645694 0.5
    endloop
  endfacet
  facet normal -0.915686 -0.351506 -0.194839
    outer loop
      vertex 1.546 0.502324 0.308655
      vertex 1.5098 0.490564 0.5
      vertex 1.45025 0.645694 0.5
    endloop
  endfacet
  facet normal -0.776527 -0.298069 -0.555122
    outer loop
      vertex 1.58405 0.705263 0.146454
      vertex 1.64909 0.535821 0.146454
      vertex 1.48502 0.661173 0.308655
    endloop
  endfacet
  facet normal -0.77653 -0.2981 -0.555101
    outer loop
      vertex 1.64909 0.535821 0.146454
      vertex 1.546 0.502324 0.308655
      vertex 1.48502 0.661173 0.308655
    endloop
  endfacet
  facet normal -0.519239 -0.199326 -0.83106
    outer loop
      vertex 1.73222 0.771236 0.0380554
      vertex 1.80335 0.585944 0.0380554
      vertex 1.58405 0.705263 0.146454
    endloop
  endfacet
  facet normal -0.519233 -0.199306 -0.831068
    outer loop
      vertex 1.80335 0.585944 0.0380554
      vertex 1.64909 0.535821 0.146454
      vertex 1.58405 0.705263 0.146454
    endloop
  endfacet
  facet normal -0.182343 -0.0699908 -0.980741
    outer loop
      vertex 1.90703 0.849063 0
      vertex 1.98533 0.645073 0
      vertex 1.73222 0.771236 0.0380554
    endloop
  endfacet
  facet normal -0.182347 -0.0699993 -0.980739
    outer loop
      vertex 1.98533 0.645073 0
      vertex 1.80335 0.585944 0.0380554
      vertex 1.73222 0.771236 0.0380554
    endloop
  endfacet
  facet normal 0 -0 -1
    outer loop
      vertex 2.44373 1.08802 0
      vertex 2.54407 0.826619 0
      vertex 1.90703 0.849063 0
    endloop
  endfacet
  facet normal -0 0 -1
    outer loop
      vertex 2.54407 0.826619 0
      vertex 1.98533 0.645073 0
      vertex 1.90703 0.849063 0
    endloop
  endfacet
  facet normal 0.182349 0.0699963 -0.980739
    outer loop
      vertex 2.61853 1.16585 0.0380554
      vertex 2.72605 0.885747 0.0380554
      vertex 2.44373 1.08802 0
    endloop
  endfacet
  facet normal 0.182348 0.0699953 -0.980739
    outer loop
      vertex 2.72605 0.885747 0.0380554
      vertex 2.54407 0.826619 0
      vertex 2.44373 1.08802 0
    endloop
  endfacet
  facet normal 0.537218 0.143954 -0.831068
    outer loop
      vertex 2.88031 0.93587 0.146454
      vertex 2.96236 0.629669 0.146454
      vertex 2.72605 0.885747 0.0380554
    endloop
  endfacet
  facet normal 0.537208 0.14394 -0.831077
    outer loop
      vertex 2.96236 0.629669 0.146454
      vertex 2.8037 0.595945 0.0380554
      vertex 2.72605 0.885747 0.0380554
    endloop
  endfacet
  facet normal 0.80342 0.215268 -0.555135
    outer loop
      vertex 2.98341 0.969367 0.308655
      vertex 3.06839 0.652206 0.308655
      vertex 2.88031 0.93587 0.146454
    endloop
  endfacet
  facet normal 0.803431 0.215288 -0.555112
    outer loop
      vertex 3.06839 0.652206 0.308655
      vertex 2.96236 0.629669 0.146454
      vertex 2.88031 0.93587 0.146454
    endloop
  endfacet
  facet normal 0.947426 0.25385 -0.194793
    outer loop
      vertex 3.0196 0.981127 0.5
      vertex 3.10561 0.660118 0.5
      vertex 2.98341 0.969367 0.308655
    endloop
  endfacet
  facet normal 0.947426 0.253853 -0.194788
    outer loop
      vertex 3.10561 0.660118 0.5
      vertex 3.06839 0.652206 0.308655
      vertex 2.98341 0.969367 0.308655
    endloop
  endfacet
  facet normal 0.965929 0.258808 0
    outer loop
      vertex 3.0196 0.981127 5.84999
      vertex 3.10561 0.660118 5.84999
      vertex 3.0196 0.981127 0.5
    endloop
  endfacet
  facet normal 0.965929 0.258808 0
    outer loop
      vertex 3.10561 0.660118 5.84999
      vertex 3.10561 0.660118 0.5
      vertex 3.0196 0.981127 0.5
    endloop
  endfacet
  facet normal 0.947426 0.253853 0.194788
    outer loop
      vertex 2.98341 0.969367 6.04134
      vertex 3.06839 0.652206 6.04134
      vertex 3.0196 0.981127 5.84999
    endloop
  endfacet
  facet normal 0.947428 0.25385 0.194783
    outer loop
      vertex 3.06839 0.652206 6.04134
      vertex 3.10561 0.660118 5.84999
      vertex 3.0196 0.981127 5.84999
    endloop
  endfacet
  facet normal 0.803414 0.215284 0.555138
    outer loop
      vertex 2.88031 0.93587 6.20354
      vertex 2.96236 0.629669 6.20354
      vertex 2.98341 0.969367 6.04134
    endloop
  endfacet
  facet normal 0.803434 0.215272 0.555115
    outer loop
      vertex 2.96236 0.629669 6.20354
      vertex 3.06839 0.652206 6.04134
      vertex 2.98341 0.969367 6.04134
    endloop
  endfacet
  facet normal 0.537226 0.143945 0.831065
    outer loop
      vertex 2.72605 0.885747 6.31194
      vertex 2.8037 0.595945 6.31194
      vertex 2.88031 0.93587 6.20354
    endloop
  endfacet
  facet normal 0.53721 0.143951 0.831074
    outer loop
      vertex 2.8037 0.595945 6.31194
      vertex 2.96236 0.629669 6.20354
      vertex 2.88031 0.93587 6.20354
    endloop
  endfacet
  facet normal 0.188639 0.0505467 0.980745
    outer loop
      vertex 2.54407 0.826619 6.34999
      vertex 2.61654 0.556162 6.34999
      vertex 2.72605 0.885747 6.31194
    endloop
  endfacet
  facet normal 0.188643 0.0505454 0.980744
    outer loop
      vertex 2.61654 0.556162 6.34999
      vertex 2.8037 0.595945 6.31194
      vertex 2.72605 0.885747 6.31194
    endloop
  endfacet
  facet normal -0 0 1
    outer loop
      vertex 1.98533 0.645073 6.34999
      vertex 2.04188 0.434016 6.34999
      vertex 2.54407 0.826619 6.34999
    endloop
  endfacet
  facet normal 0 0 1
    outer loop
      vertex 2.04188 0.434016 6.34999
      vertex 2.61654 0.556162 6.34999
      vertex 2.54407 0.826619 6.34999
    endloop
  endfacet
  facet normal -0.188639 -0.0505469 0.980745
    outer loop
      vertex 1.80335 0.585944 6.31194
      vertex 1.85472 0.394233 6.31194
      vertex 1.98533 0.645073 6.34999
    endloop
  endfacet
  facet normal -0.188643 -0.0505446 0.980744
    outer loop
      vertex 1.85472 0.394233 6.31194
      vertex 2.04188 0.434016 6.34999
      vertex 1.98533 0.645073 6.34999
    endloop
  endfacet
  facet normal -0.537229 -0.143936 0.831064
    outer loop
      vertex 1.64909 0.535821 6.20354
      vertex 1.69606 0.360509 6.20354
      vertex 1.80335 0.585944 6.31194
    endloop
  endfacet
  facet normal -0.537211 -0.143949 0.831074
    outer loop
      vertex 1.69606 0.360509 6.20354
      vertex 1.85472 0.394233 6.31194
      vertex 1.80335 0.585944 6.31194
    endloop
  endfacet
  facet normal -0.803449 -0.215245 0.555103
    outer loop
      vertex 1.546 0.502324 6.04134
      vertex 1.59003 0.337972 6.04134
      vertex 1.64909 0.535821 6.20354
    endloop
  endfacet
  facet normal -0.803437 -0.215259 0.555115
    outer loop
      vertex 1.59003 0.337972 6.04134
      vertex 1.69606 0.360509 6.20354
      vertex 1.64909 0.535821 6.20354
    endloop
  endfacet
  facet normal -0.94741 -0.253876 0.194836
    outer loop
      vertex 1.5098 0.490564 5.84999
      vertex 1.55281 0.33006 5.84999
      vertex 1.546 0.502324 6.04134
    endloop
  endfacet
  facet normal -0.947436 -0.253819 0.194783
    outer loop
      vertex 1.55281 0.33006 5.84999
      vertex 1.59003 0.337972 6.04134
      vertex 1.546 0.502324 6.04134
    endloop
  endfacet
  facet normal -0.965921 -0.258836 0
    outer loop
      vertex 1.5098 0.490564 0.5
      vertex 1.55281 0.33006 0.5
      vertex 1.5098 0.490564 5.84999
    endloop
  endfacet
  facet normal -0.965921 -0.258836 0
    outer loop
      vertex 1.55281 0.33006 0.5
      vertex 1.55281 0.33006 5.84999
      vertex 1.5098 0.490564 5.84999
    endloop
  endfacet
  facet normal -0.947425 -0.253816 -0.19484
    outer loop
      vertex 1.546 0.502324 0.308655
      vertex 1.59003 0.337972 0.308655
      vertex 1.5098 0.490564 0.5
    endloop
  endfacet
  facet normal -0.947419 -0.253878 -0.194788
    outer loop
      vertex 1.59003 0.337972 0.308655
      vertex 1.55281 0.33006 0.5
      vertex 1.5098 0.490564 0.5
    endloop
  endfacet
  facet normal -0.803446 -0.215261 -0.555101
    outer loop
      vertex 1.64909 0.535821 0.146454
      vertex 1.69606 0.360509 0.146454
      vertex 1.546 0.502324 0.308655
    endloop
  endfacet
  facet normal -0.803442 -0.215243 -0.555113
    outer loop
      vertex 1.69606 0.360509 0.146454
      vertex 1.59003 0.337972 0.308655
      vertex 1.546 0.502324 0.308655
    endloop
  endfacet
  facet normal -0.537219 -0.143951 -0.831068
    outer loop
      vertex 1.80335 0.585944 0.0380554
      vertex 1.85472 0.394233 0.0380554
      vertex 1.64909 0.535821 0.146454
    endloop
  endfacet
  facet normal -0.53721 -0.143931 -0.831077
    outer loop
      vertex 1.85472 0.394233 0.0380554
      vertex 1.69606 0.360509 0.146454
      vertex 1.64909 0.535821 0.146454
    endloop
  endfacet
  facet normal -0.188666 -0.0505506 -0.980739
    outer loop
      vertex 1.98533 0.645073 0
      vertex 2.04188 0.434016 0
      vertex 1.80335 0.585944 0.0380554
    endloop
  endfacet
  facet normal -0.188668 -0.0505547 -0.980739
    outer loop
      vertex 2.04188 0.434016 0
      vertex 1.85472 0.394233 0.0380554
      vertex 1.80335 0.585944 0.0380554
    endloop
  endfacet
  facet normal 0 -0 -1
    outer loop
      vertex 2.54407 0.826619 0
      vertex 2.61654 0.556162 0
      vertex 1.98533 0.645073 0
    endloop
  endfacet
  facet normal -0 0 -1
    outer loop
      vertex 2.61654 0.556162 0
      vertex 2.04188 0.434016 0
      vertex 1.98533 0.645073 0
    endloop
  endfacet
  facet normal 0.188666 0.0505514 -0.980739
    outer loop
      vertex 2.72605 0.885747 0.0380554
      vertex 2.8037 0.595945 0.0380554
      vertex 2.54407 0.826619 0
    endloop
  endfacet
  facet normal 0.188669 0.0505545 -0.980739
    outer loop
      vertex 2.8037 0.595945 0.0380554
      vertex 2.61654 0.556162 0
      vertex 2.54407 0.826619 0
    endloop
  endfacet
  facet normal 0.54931 0.0870019 -0.831077
    outer loop
      vertex 2.96236 0.629669 0.146454
      vertex 3.01195 0.316569 0.146454
      vertex 2.8037 0.595945 0.0380554
    endloop
  endfacet
  facet normal 0.549323 0.0870149 -0.831067
    outer loop
      vertex 3.01195 0.316569 0.146454
      vertex 2.85064 0.299614 0.0380554
      vertex 2.8037 0.595945 0.0380554
    endloop
  endfacet
  facet normal 0.821537 0.130106 -0.555112
    outer loop
      vertex 3.06839 0.652206 0.308655
      vertex 3.11975 0.327899 0.308655
      vertex 2.96236 0.629669 0.146454
    endloop
  endfacet
  facet normal 0.821546 0.13012 -0.555095
    outer loop
      vertex 3.11975 0.327899 0.308655
      vertex 3.01195 0.316569 0.146454
      vertex 2.96236 0.629669 0.146454
    endloop
  endfacet
  facet normal 0.968769 0.153443 -0.194788
    outer loop
      vertex 3.10561 0.660118 0.5
      vertex 3.1576 0.331877 0.5
      vertex 3.06839 0.652206 0.308655
    endloop
  endfacet
  facet normal 0.968765 0.153422 -0.194821
    outer loop
      vertex 3.1576 0.331877 0.5
      vertex 3.11975 0.327899 0.308655
      vertex 3.06839 0.652206 0.308655
    endloop
  endfacet
  facet normal 0.987688 0.15644 0
    outer loop
      vertex 3.10561 0.660118 5.84999
      vertex 3.1576 0.331877 5.84999
      vertex 3.10561 0.660118 0.5
    endloop
  endfacet
  facet normal 0.987688 0.15644 0
    outer loop
      vertex 3.1576 0.331877 5.84999
      vertex 3.1576 0.331877 0.5
      vertex 3.10561 0.660118 0.5
    endloop
  endfacet
  facet normal 0.968773 0.153423 0.194782
    outer loop
      vertex 3.06839 0.652206 6.04134
      vertex 3.11975 0.327899 6.04134
      vertex 3.10561 0.660118 5.84999
    endloop
  endfacet
  facet normal 0.968763 0.153442 0.194816
    outer loop
      vertex 3.11975 0.327899 6.04134
      vertex 3.1576 0.331877 5.84999
      vertex 3.10561 0.660118 5.84999
    endloop
  endfacet
  facet normal 0.821533 0.130118 0.555115
    outer loop
      vertex 2.96236 0.629669 6.20354
      vertex 3.01195 0.316569 6.20354
      vertex 3.06839 0.652206 6.04134
    endloop
  endfacet
  facet normal 0.821547 0.130107 0.555098
    outer loop
      vertex 3.01195 0.316569 6.20354
      vertex 3.11975 0.327899 6.04134
      vertex 3.06839 0.652206 6.04134
    endloop
  endfacet
  facet normal 0.549313 0.0870133 0.831074
    outer loop
      vertex 2.8037 0.595945 6.31194
      vertex 2.85064 0.299614 6.31194
      vertex 2.96236 0.629669 6.20354
    endloop
  endfacet
  facet normal 0.549329 0.0870048 0.831064
    outer loop
      vertex 2.85064 0.299614 6.31194
      vertex 3.01195 0.316569 6.20354
      vertex 2.96236 0.629669 6.20354
    endloop
  endfacet
  facet normal 0.192893 0.0305506 0.980744
    outer loop
      vertex 2.61654 0.556162 6.34999
      vertex 2.66034 0.279613 6.34999
      vertex 2.8037 0.595945 6.31194
    endloop
  endfacet
  facet normal 0.192886 0.0305539 0.980745
    outer loop
      vertex 2.66034 0.279613 6.34999
      vertex 2.85064 0.299614 6.31194
      vertex 2.8037 0.595945 6.31194
    endloop
  endfacet
  facet normal -0 0 1
    outer loop
      vertex 2.04188 0.434016 6.34999
      vertex 2.07606 0.218203 6.34999
      vertex 2.61654 0.556162 6.34999
    endloop
  endfacet
  facet normal 0 0 1
    outer loop
      vertex 2.07606 0.218203 6.34999
      vertex 2.66034 0.279613 6.34999
      vertex 2.61654 0.556162 6.34999
    endloop
  endfacet
  facet normal -0.192893 -0.0305529 0.980744
    outer loop
      vertex 1.85472 0.394233 6.31194
      vertex 1.88577 0.198202 6.31194
      vertex 2.04188 0.434016 6.34999
    endloop
  endfacet
  facet normal -0.192896 -0.0305505 0.980743
    outer loop
      vertex 1.88577 0.198202 6.31194
      vertex 2.07606 0.218203 6.34999
      vertex 2.04188 0.434016 6.34999
    endloop
  endfacet
  facet normal -0.54931 -0.0870263 0.831074
    outer loop
      vertex 1.69606 0.360509 6.20354
      vertex 1.72446 0.181248 6.20354
      vertex 1.85472 0.394233 6.31194
    endloop
  endfacet
  facet normal -0.549328 -0.08701 0.831064
    outer loop
      vertex 1.72446 0.181248 6.20354
      vertex 1.88577 0.198202 6.31194
      vertex 1.85472 0.394233 6.31194
    endloop
  endfacet
  facet normal -0.821531 -0.130131 0.555115
    outer loop
      vertex 1.59003 0.337972 6.04134
      vertex 1.61665 0.169917 6.04134
      vertex 1.69606 0.360509 6.20354
    endloop
  endfacet
  facet normal -0.821516 -0.130151 0.555132
    outer loop
      vertex 1.61665 0.169917 6.04134
      vertex 1.72446 0.181248 6.20354
      vertex 1.69606 0.360509 6.20354
    endloop
  endfacet
  facet normal -0.968774 -0.153414 0.194782
    outer loop
      vertex 1.55281 0.33006 5.84999
      vertex 1.5788 0.165939 5.84999
      vertex 1.59003 0.337972 6.04134
    endloop
  endfacet
  facet normal -0.968762 -0.153452 0.194816
    outer loop
      vertex 1.5788 0.165939 5.84999
      vertex 1.61665 0.169917 6.04134
      vertex 1.59003 0.337972 6.04134
    endloop
  endfacet
  facet normal -0.987692 -0.15641 0
    outer loop
      vertex 1.55281 0.33006 0.5
      vertex 1.5788 0.165939 0.5
      vertex 1.55281 0.33006 5.84999
    endloop
  endfacet
  facet normal -0.987692 -0.15641 0
    outer loop
      vertex 1.5788 0.165939 0.5
      vertex 1.5788 0.165939 5.84999
      vertex 1.55281 0.33006 5.84999
    endloop
  endfacet
  facet normal -0.968767 -0.153453 -0.194788
    outer loop
      vertex 1.59003 0.337972 0.308655
      vertex 1.61665 0.169917 0.308655
      vertex 1.55281 0.33006 0.5
    endloop
  endfacet
  facet normal -0.968767 -0.153413 -0.194821
    outer loop
      vertex 1.61665 0.169917 0.308655
      vertex 1.5788 0.165939 0.5
      vertex 1.55281 0.33006 0.5
    endloop
  endfacet
  facet normal -0.821529 -0.130153 -0.555113
    outer loop
      vertex 1.69606 0.360509 0.146454
      vertex 1.72446 0.181248 0.146454
      vertex 1.59003 0.337972 0.308655
    endloop
  endfacet
  facet normal -0.821521 -0.130129 -0.55513
    outer loop
      vertex 1.72446 0.181248 0.146454
      vertex 1.61665 0.169917 0.308655
      vertex 1.59003 0.337972 0.308655
    endloop
  endfacet
  facet normal -0.549309 -0.0870069 -0.831077
    outer loop
      vertex 1.85472 0.394233 0.0380554
      vertex 1.88577 0.198202 0.0380554
      vertex 1.69606 0.360509 0.146454
    endloop
  endfacet
  facet normal -0.549321 -0.087028 -0.831067
    outer loop
      vertex 1.88577 0.198202 0.0380554
      vertex 1.72446 0.181248 0.146454
      vertex 1.69606 0.360509 0.146454
    endloop
  endfacet
  facet normal -0.19292 -0.0305542 -0.980739
    outer loop
      vertex 2.04188 0.434016 0
      vertex 2.07606 0.218203 0
      vertex 1.85472 0.394233 0.0380554
    endloop
  endfacet
  facet normal -0.192922 -0.0305576 -0.980738
    outer loop
      vertex 2.07606 0.218203 0
      vertex 1.88577 0.198202 0.0380554
      vertex 1.85472 0.394233 0.0380554
    endloop
  endfacet
  facet normal 0 -0 -1
    outer loop
      vertex 2.61654 0.556162 0
      vertex 2.66034 0.279613 0
      vertex 2.04188 0.434016 0
    endloop
  endfacet
  facet normal -0 0 -1
    outer loop
      vertex 2.66034 0.279613 0
      vertex 2.07606 0.218203 0
      vertex 2.04188 0.434016 0
    endloop
  endfacet
  facet normal 0.192919 0.0305591 -0.980739
    outer loop
      vertex 2.8037 0.595945 0.0380554
      vertex 2.85064 0.299614 0.0380554
      vertex 2.61654 0.556162 0
    endloop
  endfacet
  facet normal 0.192913 0.0305537 -0.98074
    outer loop
      vertex 2.85064 0.299614 0.0380554
      vertex 2.66034 0.279613 0
      vertex 2.61654 0.556162 0
    endloop
  endfacet
  facet normal 0.555409 0.0291066 -0.831068
    outer loop
      vertex 3.01195 0.316569 0.146454
      vertex 3.02854 0 0.146454
      vertex 2.85064 0.299614 0.0380554
    endloop
  endfacet
  facet normal 0.555406 0.0291037 -0.83107
    outer loop
      vertex 3.02854 0 0.146454
      vertex 2.86634 0 0.0380554
      vertex 2.85064 0.299614 0.0380554
    endloop
  endfacet
  facet normal 0.830646 0.0435464 -0.555095
    outer loop
      vertex 3.11975 0.327899 0.308655
      vertex 3.13694 0 0.308655
      vertex 3.01195 0.316569 0.146454
    endloop
  endfacet
  facet normal 0.830632 0.0435298 -0.555117
    outer loop
      vertex 3.13694 0 0.308655
      vertex 3.02854 0 0.146454
      vertex 3.01195 0.316569 0.146454
    endloop
  endfacet
  facet normal 0.979495 0.0513245 -0.194821
    outer loop
      vertex 3.1576 0.331877 0.5
      vertex 3.17499 0 0.5
      vertex 3.11975 0.327899 0.308655
    endloop
  endfacet
  facet normal 0.979502 0.0513501 -0.194779
    outer loop
      vertex 3.17499 0 0.5
      vertex 3.13694 0 0.308655
      vertex 3.11975 0.327899 0.308655
    endloop
  endfacet
  facet normal 0.99863 0.0523271 0
    outer loop
      vertex 3.1576 0.331877 5.84999
      vertex 3.17499 0 5.84999
      vertex 3.1576 0.331877 0.5
    endloop
  endfacet
  facet normal 0.99863 0.0523271 0
    outer loop
      vertex 3.17499 0 5.84999
      vertex 3.17499 0 0.5
      vertex 3.1576 0.331877 0.5
    endloop
  endfacet
  facet normal 0.979495 0.0513497 0.194817
    outer loop
      vertex 3.11975 0.327899 6.04134
      vertex 3.13694 0 6.04134
      vertex 3.1576 0.331877 5.84999
    endloop
  endfacet
  facet normal 0.979504 0.051325 0.194775
    outer loop
      vertex 3.13694 0 6.04134
      vertex 3.17499 0 5.84999
      vertex 3.1576 0.331877 5.84999
    endloop
  endfacet
  facet normal 0.830646 0.0435305 0.555097
    outer loop
      vertex 3.01195 0.316569 6.20354
      vertex 3.02854 0 6.20354
      vertex 3.11975 0.327899 6.04134
    endloop
  endfacet
  facet normal 0.83063 0.0435455 0.555119
    outer loop
      vertex 3.02854 0 6.20354
      vertex 3.13694 0 6.04134
      vertex 3.11975 0.327899 6.04134
    endloop
  endfacet
  facet normal 0.555414 0.0291041 0.831064
    outer loop
      vertex 2.85064 0.299614 6.31194
      vertex 2.86634 0 6.31194
      vertex 3.01195 0.316569 6.20354
    endloop
  endfacet
  facet normal 0.555411 0.0291067 0.831067
    outer loop
      vertex 2.86634 0 6.31194
      vertex 3.02854 0 6.20354
      vertex 3.01195 0.316569 6.20354
    endloop
  endfacet
  facet normal 0.195024 0.010218 0.980745
    outer loop
      vertex 2.66034 0.279613 6.34999
      vertex 2.67499 0 6.34999
      vertex 2.85064 0.299614 6.31194
    endloop
  endfacet
  facet normal 0.195022 0.0102193 0.980746
    outer loop
      vertex 2.67499 0 6.34999
      vertex 2.86634 0 6.31194
      vertex 2.85064 0.299614 6.31194
    endloop
  endfacet
  facet normal -0 0 1
    outer loop
      vertex 2.07606 0.218203 6.34999
      vertex 2.0875 0 6.34999
      vertex 2.66034 0.279613 6.34999
    endloop
  endfacet
  facet normal 0 0 1
    outer loop
      vertex 2.0875 0 6.34999
      vertex 2.67499 0 6.34999
      vertex 2.66034 0.279613 6.34999
    endloop
  endfacet
  facet normal -0.195034 -0.0102141 0.980743
    outer loop
      vertex 1.88577 0.198202 6.31194
      vertex 1.89615 0 6.31194
      vertex 2.07606 0.218203 6.34999
    endloop
  endfacet
  facet normal -0.195022 -0.0102246 0.980746
    outer loop
      vertex 1.89615 0 6.31194
      vertex 2.0875 0 6.34999
      vertex 2.07606 0.218203 6.34999
    endloop
  endfacet
  facet normal -0.555417 -0.0290812 0.831064
    outer loop
      vertex 1.72446 0.181248 6.20354
      vertex 1.73395 0 6.20354
      vertex 1.88577 0.198202 6.31194
    endloop
  endfacet
  facet normal -0.555411 -0.0290873 0.831067
    outer loop
      vertex 1.73395 0 6.20354
      vertex 1.89615 0 6.31194
      vertex 1.88577 0.198202 6.31194
    endloop
  endfacet
  facet normal -0.83062 -0.0435555 0.555134
    outer loop
      vertex 1.61665 0.169917 6.04134
      vertex 1.62556 0 6.04134
      vertex 1.72446 0.181248 6.20354
    endloop
  endfacet
  facet normal -0.830656 -0.0434925 0.555085
    outer loop
      vertex 1.62556 0 6.04134
      vertex 1.73395 0 6.20354
      vertex 1.72446 0.181248 6.20354
    endloop
  endfacet
  facet normal -0.979494 -0.0513538 0.194817
    outer loop
      vertex 1.5788 0.165939 5.84999
      vertex 1.5875 0 5.84999
      vertex 1.61665 0.169917 6.04134
    endloop
  endfacet
  facet normal -0.979493 -0.051362 0.194824
    outer loop
      vertex 1.5875 0 5.84999
      vertex 1.62556 0 6.04134
      vertex 1.61665 0.169917 6.04134
    endloop
  endfacet
  facet normal -0.998628 -0.052357 0
    outer loop
      vertex 1.5788 0.165939 0.5
      vertex 1.5875 0 0.5
      vertex 1.5788 0.165939 5.84999
    endloop
  endfacet
  facet normal -0.998628 -0.052357 0
    outer loop
      vertex 1.5875 0 0.5
      vertex 1.5875 0 5.84999
      vertex 1.5788 0.165939 5.84999
    endloop
  endfacet
  facet normal -0.979493 -0.051362 -0.194822
    outer loop
      vertex 1.61665 0.169917 0.308655
      vertex 1.62556 0 0.308655
      vertex 1.5788 0.165939 0.5
    endloop
  endfacet
  facet normal -0.979492 -0.0513537 -0.194829
    outer loop
      vertex 1.62556 0 0.308655
      vertex 1.5875 0 0.5
      vertex 1.5788 0.165939 0.5
    endloop
  endfacet
  facet normal -0.830626 -0.0434909 -0.55513
    outer loop
      vertex 1.72446 0.181248 0.146454
      vertex 1.73395 0 0.146454
      vertex 1.61665 0.169917 0.308655
    endloop
  endfacet
  facet normal -0.830655 -0.0435574 -0.555081
    outer loop
      vertex 1.73395 0 0.146454
      vertex 1.62556 0 0.308655
      vertex 1.61665 0.169917 0.308655
    endloop
  endfacet
  facet normal -0.555411 -0.0290873 -0.831067
    outer loop
      vertex 1.88577 0.198202 0.0380554
      vertex 1.89615 0 0.0380554
      vertex 1.72446 0.181248 0.146454
    endloop
  endfacet
  facet normal -0.555406 -0.0290806 -0.831071
    outer loop
      vertex 1.89615 0 0.0380554
      vertex 1.73395 0 0.146454
      vertex 1.72446 0.181248 0.146454
    endloop
  endfacet
  facet normal -0.195059 -0.0102266 -0.980738
    outer loop
      vertex 2.07606 0.218203 0
      vertex 2.0875 0 0
      vertex 1.88577 0.198202 0.0380554
    endloop
  endfacet
  facet normal -0.195048 -0.0102148 -0.98074
    outer loop
      vertex 2.0875 0 0
      vertex 1.89615 0 0.0380554
      vertex 1.88577 0.198202 0.0380554
    endloop
  endfacet
  facet normal 0 -0 -1
    outer loop
      vertex 2.66034 0.279613 0
      vertex 2.67499 0 0
      vertex 2.07606 0.218203 0
    endloop
  endfacet
  facet normal 0 0 -1
    outer loop
      vertex 2.67499 0 0
      vertex 2.0875 0 0
      vertex 2.07606 0.218203 0
    endloop
  endfacet
  facet normal 0.19505 0.0102208 -0.98074
    outer loop
      vertex 2.85064 0.299614 0.0380554
      vertex 2.86634 0 0.0380554
      vertex 2.66034 0.279613 0
    endloop
  endfacet
  facet normal 0.195048 0.0102193 -0.98074
    outer loop
      vertex 2.86634 0 0.0380554
      vertex 2.67499 0 0
      vertex 2.66034 0.279613 0
    endloop
  endfacet
  facet normal 0.555406 -0.0291064 -0.83107
    outer loop
      vertex 3.02854 0 0.146454
      vertex 3.01195 -0.316569 0.146454
      vertex 2.86634 0 0.0380554
    endloop
  endfacet
  facet normal 0.555409 -0.0291039 -0.831068
    outer loop
      vertex 3.01195 -0.316569 0.146454
      vertex 2.85064 -0.299614 0.0380554
      vertex 2.86634 0 0.0380554
    endloop
  endfacet
  facet normal 0.830632 -0.0435456 -0.555117
    outer loop
      vertex 3.13694 0 0.308655
      vertex 3.11975 -0.327899 0.308655
      vertex 3.02854 0 0.146454
    endloop
  endfacet
  facet normal 0.830647 -0.0435306 -0.555095
    outer loop
      vertex 3.11975 -0.327899 0.308655
      vertex 3.01195 -0.316569 0.146454
      vertex 3.02854 0 0.146454
    endloop
  endfacet
  facet normal 0.979503 -0.0513249 -0.19478
    outer loop
      vertex 3.17499 0 0.5
      vertex 3.1576 -0.331877 0.5
      vertex 3.13694 0 0.308655
    endloop
  endfacet
  facet normal 0.979494 -0.0513496 -0.194821
    outer loop
      vertex 3.1576 -0.331877 0.5
      vertex 3.11975 -0.327899 0.308655
      vertex 3.13694 0 0.308655
    endloop
  endfacet
  facet normal 0.99863 -0.0523271 0
    outer loop
      vertex 3.17499 0 5.84999
      vertex 3.1576 -0.331877 5.84999
      vertex 3.17499 0 0.5
    endloop
  endfacet
  facet normal 0.99863 -0.0523271 0
    outer loop
      vertex 3.1576 -0.331877 5.84999
      vertex 3.1576 -0.331877 0.5
      vertex 3.17499 0 0.5
    endloop
  endfacet
  facet normal 0.979503 -0.0513501 0.194774
    outer loop
      vertex 3.13694 0 6.04134
      vertex 3.11975 -0.327899 6.04134
      vertex 3.17499 0 5.84999
    endloop
  endfacet
  facet normal 0.979496 -0.0513245 0.194816
    outer loop
      vertex 3.11975 -0.327899 6.04134
      vertex 3.1576 -0.331877 5.84999
      vertex 3.17499 0 5.84999
    endloop
  endfacet
  facet normal 0.830631 -0.0435297 0.555119
    outer loop
      vertex 3.02854 0 6.20354
      vertex 3.01195 -0.316569 6.20354
      vertex 3.13694 0 6.04134
    endloop
  endfacet
  facet normal 0.830644 -0.0435463 0.555098
    outer loop
      vertex 3.01195 -0.316569 6.20354
      vertex 3.11975 -0.327899 6.04134
      vertex 3.13694 0 6.04134
    endloop
  endfacet
  facet normal 0.555411 -0.0291039 0.831067
    outer loop
      vertex 2.86634 0 6.31194
      vertex 2.85064 -0.299614 6.31194
      vertex 3.02854 0 6.20354
    endloop
  endfacet
  facet normal 0.555414 -0.0291068 0.831064
    outer loop
      vertex 2.85064 -0.299614 6.31194
      vertex 3.01195 -0.316569 6.20354
      vertex 3.02854 0 6.20354
    endloop
  endfacet
  facet normal 0.195022 -0.0102179 0.980746
    outer loop
      vertex 2.67499 0 6.34999
      vertex 2.66034 -0.279613 6.34999
      vertex 2.86634 0 6.31194
    endloop
  endfacet
  facet normal 0.195023 -0.0102194 0.980745
    outer loop
      vertex 2.66034 -0.279613 6.34999
      vertex 2.85064 -0.299614 6.31194
      vertex 2.86634 0 6.31194
    endloop
  endfacet
  facet normal -0 0 1
    outer loop
      vertex 2.0875 0 6.34999
      vertex 2.07606 -0.218203 6.34999
      vertex 2.67499 0 6.34999
    endloop
  endfacet
  facet normal -0 0 1
    outer loop
      vertex 2.07606 -0.218203 6.34999
      vertex 2.66034 -0.279613 6.34999
      vertex 2.67499 0 6.34999
    endloop
  endfacet
  facet normal -0.195022 0.0102134 0.980746
    outer loop
      vertex 1.89615 0 6.31194
      vertex 1.88577 -0.198202 6.31194
      vertex 2.0875 0 6.34999
    endloop
  endfacet
  facet normal -0.195033 0.0102252 0.980743
    outer loop
      vertex 1.88577 -0.198202 6.31194
      vertex 2.07606 -0.218203 6.34999
      vertex 2.0875 0 6.34999
    endloop
  endfacet
  facet normal -0.555411 0.0290809 0.831067
    outer loop
      vertex 1.73395 0 6.20354
      vertex 1.72446 -0.181248 6.20354
      vertex 1.89615 0 6.31194
    endloop
  endfacet
  facet normal -0.555416 0.0290876 0.831064
    outer loop
      vertex 1.72446 -0.181248 6.20354
      vertex 1.88577 -0.198202 6.31194
      vertex 1.89615 0 6.31194
    endloop
  endfacet
  facet normal -0.830653 0.0435573 0.555083
    outer loop
      vertex 1.62556 0 6.04134
      vertex 1.61665 -0.169917 6.04134
      vertex 1.73395 0 6.20354
    endloop
  endfacet
  facet normal -0.830624 0.0434908 0.555132
    outer loop
      vertex 1.61665 -0.169917 6.04134
      vertex 1.72446 -0.181248 6.20354
      vertex 1.73395 0 6.20354
    endloop
  endfacet
  facet normal -0.979493 0.0513537 0.194824
    outer loop
      vertex 1.5875 0 5.84999
      vertex 1.5788 -0.165939 5.84999
      vertex 1.62556 0 6.04134
    endloop
  endfacet
  facet normal -0.979494 0.0513621 0.194817
    outer loop
      vertex 1.5788 -0.165939 5.84999
      vertex 1.61665 -0.169917 6.04134
      vertex 1.62556 0 6.04134
    endloop
  endfacet
  facet normal -0.998628 0.052357 0
    outer loop
      vertex 1.5875 0 0.5
      vertex 1.5788 -0.165939 0.5
      vertex 1.5875 0 5.84999
    endloop
  endfacet
  facet normal -0.998628 0.052357 0
    outer loop
      vertex 1.5788 -0.165939 0.5
      vertex 1.5788 -0.165939 5.84999
      vertex 1.5875 0 5.84999
    endloop
  endfacet
  facet normal -0.979492 0.051362 -0.194828
    outer loop
      vertex 1.62556 0 0.308655
      vertex 1.61665 -0.169917 0.308655
      vertex 1.5875 0 0.5
    endloop
  endfacet
  facet normal -0.979493 0.0513538 -0.194821
    outer loop
      vertex 1.61665 -0.169917 0.308655
      vertex 1.5788 -0.165939 0.5
      vertex 1.5875 0 0.5
    endloop
  endfacet
  facet normal -0.830657 0.0434926 -0.555083
    outer loop
      vertex 1.73395 0 0.146454
      vertex 1.72446 -0.181248 0.146454
      vertex 1.62556 0 0.308655
    endloop
  endfacet
  facet normal -0.830622 0.0435556 -0.555131
    outer loop
      vertex 1.72446 -0.181248 0.146454
      vertex 1.61665 -0.169917 0.308655
      vertex 1.62556 0 0.308655
    endloop
  endfacet
  facet normal -0.555406 0.0290871 -0.83107
    outer loop
      vertex 1.89615 0 0.0380554
      vertex 1.88577 -0.198202 0.0380554
      vertex 1.73395 0 0.146454
    endloop
  endfacet
  facet normal -0.555412 0.0290809 -0.831067
    outer loop
      vertex 1.88577 -0.198202 0.0380554
      vertex 1.72446 -0.181248 0.146454
      vertex 1.73395 0 0.146454
    endloop
  endfacet
  facet normal -0.195048 0.010226 -0.98074
    outer loop
      vertex 2.0875 0 0
      vertex 2.07606 -0.218203 0
      vertex 1.89615 0 0.0380554
    endloop
  endfacet
  facet normal -0.19506 0.0102155 -0.980738
    outer loop
      vertex 2.07606 -0.218203 0
      vertex 1.88577 -0.198202 0.0380554
      vertex 1.89615 0 0.0380554
    endloop
  endfacet
  facet normal -0 0 -1
    outer loop
      vertex 2.67499 0 0
      vertex 2.66034 -0.279613 0
      vertex 2.0875 0 0
    endloop
  endfacet
  facet normal 0 0 -1
    outer loop
      vertex 2.66034 -0.279613 0
      vertex 2.07606 -0.218203 0
      vertex 2.0875 0 0
    endloop
  endfacet
  facet normal 0.195048 -0.0102207 -0.98074
    outer loop
      vertex 2.86634 0 0.0380554
      vertex 2.85064 -0.299614 0.0380554
      vertex 2.67499 0 0
    endloop
  endfacet
  facet normal 0.19505 -0.0102194 -0.98074
    outer loop
      vertex 2.85064 -0.299614 0.0380554
      vertex 2.66034 -0.279613 0
      vertex 2.67499 0 0
    endloop
  endfacet
  facet normal 0.549324 -0.0870041 -0.831068
    outer loop
      vertex 3.01195 -0.316569 0.146454
      vertex 2.96236 -0.629669 0.146454
      vertex 2.85064 -0.299614 0.0380554
    endloop
  endfacet
  facet normal 0.549308 -0.0870126 -0.831077
    outer loop
      vertex 2.96236 -0.629669 0.146454
      vertex 2.8037 -0.595945 0.0380554
      vertex 2.85064 -0.299614 0.0380554
    endloop
  endfacet
  facet normal 0.821548 -0.130107 -0.555095
    outer loop
      vertex 3.11975 -0.327899 0.308655
      vertex 3.06839 -0.652206 0.308655
      vertex 3.01195 -0.316569 0.146454
    endloop
  endfacet
  facet normal 0.821535 -0.130118 -0.555113
    outer loop
      vertex 3.06839 -0.652206 0.308655
      vertex 2.96236 -0.629669 0.146454
      vertex 3.01195 -0.316569 0.146454
    endloop
  endfacet
  facet normal 0.968762 -0.153442 -0.194821
    outer loop
      vertex 3.1576 -0.331877 0.5
      vertex 3.10561 -0.660118 0.5
      vertex 3.11975 -0.327899 0.308655
    endloop
  endfacet
  facet normal 0.968772 -0.153423 -0.194787
    outer loop
      vertex 3.10561 -0.660118 0.5
      vertex 3.06839 -0.652206 0.308655
      vertex 3.11975 -0.327899 0.308655
    endloop
  endfacet
  facet normal 0.987688 -0.15644 0
    outer loop
      vertex 3.1576 -0.331877 5.84999
      vertex 3.10561 -0.660118 5.84999
      vertex 3.1576 -0.331877 0.5
    endloop
  endfacet
  facet normal 0.987688 -0.15644 0
    outer loop
      vertex 3.10561 -0.660118 5.84999
      vertex 3.10561 -0.660118 0.5
      vertex 3.1576 -0.331877 0.5
    endloop
  endfacet
  facet normal 0.968766 -0.153422 0.194816
    outer loop
      vertex 3.11975 -0.327899 6.04134
      vertex 3.06839 -0.652206 6.04134
      vertex 3.1576 -0.331877 5.84999
    endloop
  endfacet
  facet normal 0.96877 -0.153443 0.194783
    outer loop
      vertex 3.06839 -0.652206 6.04134
      vertex 3.10561 -0.660118 5.84999
      vertex 3.1576 -0.331877 5.84999
    endloop
  endfacet
  facet normal 0.821545 -0.130119 0.555097
    outer loop
      vertex 3.01195 -0.316569 6.20354
      vertex 2.96236 -0.629669 6.20354
      vertex 3.11975 -0.327899 6.04134
    endloop
  endfacet
  facet normal 0.821535 -0.130105 0.555115
    outer loop
      vertex 2.96236 -0.629669 6.20354
      vertex 3.06839 -0.652206 6.04134
      vertex 3.11975 -0.327899 6.04134
    endloop
  endfacet
  facet normal 0.549327 -0.0870156 0.831064
    outer loop
      vertex 2.85064 -0.299614 6.31194
      vertex 2.8037 -0.595945 6.31194
      vertex 3.01195 -0.316569 6.20354
    endloop
  endfacet
  facet normal 0.549315 -0.0870027 0.831074
    outer loop
      vertex 2.8037 -0.595945 6.31194
      vertex 2.96236 -0.629669 6.20354
      vertex 3.01195 -0.316569 6.20354
    endloop
  endfacet
  facet normal 0.192887 -0.0305495 0.980745
    outer loop
      vertex 2.66034 -0.279613 6.34999
      vertex 2.61654 -0.556162 6.34999
      vertex 2.85064 -0.299614 6.31194
    endloop
  endfacet
  facet normal 0.192892 -0.0305549 0.980744
    outer loop
      vertex 2.61654 -0.556162 6.34999
      vertex 2.8037 -0.595945 6.31194
      vertex 2.85064 -0.299614 6.31194
    endloop
  endfacet
  facet normal 0 0 1
    outer loop
      vertex 2.07606 -0.218203 6.34999
      vertex 2.04188 -0.434016 6.34999
      vertex 2.66034 -0.279613 6.34999
    endloop
  endfacet
  facet normal -0 0 1
    outer loop
      vertex 2.04188 -0.434016 6.34999
      vertex 2.61654 -0.556162 6.34999
      vertex 2.66034 -0.279613 6.34999
    endloop
  endfacet
  facet normal -0.192896 0.0305534 0.980743
    outer loop
      vertex 1.88577 -0.198202 6.31194
      vertex 1.85472 -0.394233 6.31194
      vertex 2.07606 -0.218203 6.34999
    endloop
  endfacet
  facet normal -0.192893 0.03055 0.980744
    outer loop
      vertex 1.85472 -0.394233 6.31194
      vertex 2.04188 -0.434016 6.34999
      vertex 2.07606 -0.218203 6.34999
    endloop
  endfacet
  facet normal -0.549326 0.0870288 0.831064
    outer loop
      vertex 1.72446 -0.181248 6.20354
      vertex 1.69606 -0.360509 6.20354
      vertex 1.88577 -0.198202 6.31194
    endloop
  endfacet
  facet normal -0.549314 0.0870077 0.831074
    outer loop
      vertex 1.69606 -0.360509 6.20354
      vertex 1.85472 -0.394233 6.31194
      vertex 1.88577 -0.198202 6.31194
    endloop
  endfacet
  facet normal -0.821519 0.130129 0.555133
    outer loop
      vertex 1.61665 -0.169917 6.04134
      vertex 1.59003 -0.337972 6.04134
      vertex 1.72446 -0.181248 6.20354
    endloop
  endfacet
  facet normal -0.821527 0.130153 0.555116
    outer loop
      vertex 1.59003 -0.337972 6.04134
      vertex 1.69606 -0.360509 6.20354
      vertex 1.72446 -0.181248 6.20354
    endloop
  endfacet
  facet normal -0.968768 0.153413 0.194816
    outer loop
      vertex 1.5788 -0.165939 5.84999
      vertex 1.55281 -0.33006 5.84999
      vertex 1.61665 -0.169917 6.04134
    endloop
  endfacet
  facet normal -0.968768 0.153453 0.194783
    outer loop
      vertex 1.55281 -0.33006 5.84999
      vertex 1.59003 -0.337972 6.04134
      vertex 1.61665 -0.169917 6.04134
    endloop
  endfacet
  facet normal -0.987692 0.15641 0
    outer loop
      vertex 1.5788 -0.165939 0.5
      vertex 1.55281 -0.33006 0.5
      vertex 1.5788 -0.165939 5.84999
    endloop
  endfacet
  facet normal -0.987692 0.15641 0
    outer loop
      vertex 1.55281 -0.33006 0.5
      vertex 1.55281 -0.33006 5.84999
      vertex 1.5788 -0.165939 5.84999
    endloop
  endfacet
  facet normal -0.968761 0.153452 -0.194821
    outer loop
      vertex 1.61665 -0.169917 0.308655
      vertex 1.59003 -0.337972 0.308655
      vertex 1.5788 -0.165939 0.5
    endloop
  endfacet
  facet normal -0.968774 0.153414 -0.194787
    outer loop
      vertex 1.59003 -0.337972 0.308655
      vertex 1.55281 -0.33006 0.5
      vertex 1.5788 -0.165939 0.5
    endloop
  endfacet
  facet normal -0.821518 0.130152 -0.55513
    outer loop
      vertex 1.72446 -0.181248 0.146454
      vertex 1.69606 -0.360509 0.146454
      vertex 1.61665 -0.169917 0.308655
    endloop
  endfacet
  facet normal -0.821532 0.130131 -0.555113
    outer loop
      vertex 1.69606 -0.360509 0.146454
      vertex 1.59003 -0.337972 0.308655
      vertex 1.61665 -0.169917 0.308655
    endloop
  endfacet
  facet normal -0.549324 0.0870092 -0.831067
    outer loop
      vertex 1.88577 -0.198202 0.0380554
      vertex 1.85472 -0.394233 0.0380554
      vertex 1.72446 -0.181248 0.146454
    endloop
  endfacet
  facet normal -0.549305 0.0870255 -0.831078
    outer loop
      vertex 1.85472 -0.394233 0.0380554
      vertex 1.69606 -0.360509 0.146454
      vertex 1.72446 -0.181248 0.146454
    endloop
  endfacet
  facet normal -0.192923 0.0305547 -0.980738
    outer loop
      vertex 2.07606 -0.218203 0
      vertex 2.04188 -0.434016 0
      vertex 1.88577 -0.198202 0.0380554
    endloop
  endfacet
  facet normal -0.192919 0.0305571 -0.980739
    outer loop
      vertex 2.04188 -0.434016 0
      vertex 1.85472 -0.394233 0.0380554
      vertex 1.88577 -0.198202 0.0380554
    endloop
  endfacet
  facet normal -0 0 -1
    outer loop
      vertex 2.66034 -0.279613 0
      vertex 2.61654 -0.556162 0
      vertex 2.07606 -0.218203 0
    endloop
  endfacet
  facet normal 0 0 -1
    outer loop
      vertex 2.61654 -0.556162 0
      vertex 2.04188 -0.434016 0
      vertex 2.07606 -0.218203 0
    endloop
  endfacet
  facet normal 0.192913 -0.0305581 -0.98074
    outer loop
      vertex 2.85064 -0.299614 0.0380554
      vertex 2.8037 -0.595945 0.0380554
      vertex 2.66034 -0.279613 0
    endloop
  endfacet
  facet normal 0.19292 -0.0305547 -0.980739
    outer loop
      vertex 2.8037 -0.595945 0.0380554
      vertex 2.61654 -0.556162 0
      vertex 2.66034 -0.279613 0
    endloop
  endfacet
  facet normal 0.537205 -0.14395 -0.831077
    outer loop
      vertex 2.96236 -0.629669 0.146454
      vertex 2.88031 -0.93587 0.146454
      vertex 2.8037 -0.595945 0.0380554
    endloop
  endfacet
  facet normal 0.537221 -0.143944 -0.831068
    outer loop
      vertex 2.88031 -0.93587 0.146454
      vertex 2.72605 -0.885747 0.0380554
      vertex 2.8037 -0.595945 0.0380554
    endloop
  endfacet
  facet normal 0.803435 -0.215272 -0.555113
    outer loop
      vertex 3.06839 -0.652206 0.308655
      vertex 2.98341 -0.969367 0.308655
      vertex 2.96236 -0.629669 0.146454
    endloop
  endfacet
  facet normal 0.803416 -0.215284 -0.555136
    outer loop
      vertex 2.98341 -0.969367 0.308655
      vertex 2.88031 -0.93587 0.146454
      vertex 2.96236 -0.629669 0.146454
    endloop
  endfacet
  facet normal 0.947427 -0.25385 -0.194788
    outer loop
      vertex 3.10561 -0.660118 0.5
      vertex 3.0196 -0.981127 0.5
      vertex 3.06839 -0.652206 0.308655
    endloop
  endfacet
  facet normal 0.947425 -0.253853 -0.194793
    outer loop
      vertex 3.0196 -0.981127 0.5
      vertex 2.98341 -0.969367 0.308655
      vertex 3.06839 -0.652206 0.308655
    endloop
  endfacet
  facet normal 0.965929 -0.258808 0
    outer loop
      vertex 3.10561 -0.660118 5.84999
      vertex 3.0196 -0.981127 5.84999
      vertex 3.10561 -0.660118 0.5
    endloop
  endfacet
  facet normal 0.965929 -0.258808 0
    outer loop
      vertex 3.0196 -0.981127 5.84999
      vertex 3.0196 -0.981127 0.5
      vertex 3.10561 -0.660118 0.5
    endloop
  endfacet
  facet normal 0.947427 -0.253853 0.194783
    outer loop
      vertex 3.06839 -0.652206 6.04134
      vertex 2.98341 -0.969367 6.04134
      vertex 3.10561 -0.660118 5.84999
    endloop
  endfacet
  facet normal 0.947427 -0.25385 0.194788
    outer loop
      vertex 2.98341 -0.969367 6.04134
      vertex 3.0196 -0.981127 5.84999
      vertex 3.10561 -0.660118 5.84999
    endloop
  endfacet
  facet normal 0.80343 -0.215288 0.555115
    outer loop
      vertex 2.96236 -0.629669 6.20354
      vertex 2.88031 -0.93587 6.20354
      vertex 3.06839 -0.652206 6.04134
    endloop
  endfacet
  facet normal 0.803419 -0.215268 0.555138
    outer loop
      vertex 2.88031 -0.93587 6.20354
      vertex 2.98341 -0.969367 6.04134
      vertex 3.06839 -0.652206 6.04134
    endloop
  endfacet
  facet normal 0.537212 -0.143942 0.831074
    outer loop
      vertex 2.8037 -0.595945 6.31194
      vertex 2.72605 -0.885747 6.31194
      vertex 2.96236 -0.629669 6.20354
    endloop
  endfacet
  facet normal 0.537223 -0.143955 0.831065
    outer loop
      vertex 2.72605 -0.885747 6.31194
      vertex 2.88031 -0.93587 6.20354
      vertex 2.96236 -0.629669 6.20354
    endloop
  endfacet
  facet normal 0.188643 -0.0505476 0.980744
    outer loop
      vertex 2.61654 -0.556162 6.34999
      vertex 2.54407 -0.826619 6.34999
      vertex 2.8037 -0.595945 6.31194
    endloop
  endfacet
  facet normal 0.18864 -0.0505445 0.980745
    outer loop
      vertex 2.54407 -0.826619 6.34999
      vertex 2.72605 -0.885747 6.31194
      vertex 2.8037 -0.595945 6.31194
    endloop
  endfacet
  facet normal 0 0 1
    outer loop
      vertex 2.04188 -0.434016 6.34999
      vertex 1.98533 -0.645073 6.34999
      vertex 2.61654 -0.556162 6.34999
    endloop
  endfacet
  facet normal -0 0 1
    outer loop
      vertex 1.98533 -0.645073 6.34999
      vertex 2.54407 -0.826619 6.34999
      vertex 2.61654 -0.556162 6.34999
    endloop
  endfacet
  facet normal -0.188643 0.0505478 0.980744
    outer loop
      vertex 1.85472 -0.394233 6.31194
      vertex 1.80335 -0.585944 6.31194
      vertex 2.04188 -0.434016 6.34999
    endloop
  endfacet
  facet normal -0.18864 0.0505437 0.980745
    outer loop
      vertex 1.80335 -0.585944 6.31194
      vertex 1.98533 -0.645073 6.34999
      vertex 2.04188 -0.434016 6.34999
    endloop
  endfacet
  facet normal -0.537215 0.143932 0.831074
    outer loop
      vertex 1.69606 -0.360509 6.20354
      vertex 1.64909 -0.535821 6.20354
      vertex 1.85472 -0.394233 6.31194
    endloop
  endfacet
  facet normal -0.537224 0.143952 0.831065
    outer loop
      vertex 1.64909 -0.535821 6.20354
      vertex 1.80335 -0.585944 6.31194
      vertex 1.85472 -0.394233 6.31194
    endloop
  endfacet
  facet normal -0.803441 0.215242 0.555116
    outer loop
      vertex 1.59003 -0.337972 6.04134
      vertex 1.546 -0.502324 6.04134
      vertex 1.69606 -0.360509 6.20354
    endloop
  endfacet
  facet normal -0.803445 0.215261 0.555103
    outer loop
      vertex 1.546 -0.502324 6.04134
      vertex 1.64909 -0.535821 6.20354
      vertex 1.69606 -0.360509 6.20354
    endloop
  endfacet
  facet normal -0.94742 0.253879 0.194783
    outer loop
      vertex 1.55281 -0.33006 5.84999
      vertex 1.5098 -0.490564 5.84999
      vertex 1.59003 -0.337972 6.04134
    endloop
  endfacet
  facet normal -0.947426 0.253816 0.194835
    outer loop
      vertex 1.5098 -0.490564 5.84999
      vertex 1.546 -0.502324 6.04134
      vertex 1.59003 -0.337972 6.04134
    endloop
  endfacet
  facet normal -0.965921 0.258836 0
    outer loop
      vertex 1.55281 -0.33006 0.5
      vertex 1.5098 -0.490564 0.5
      vertex 1.55281 -0.33006 5.84999
    endloop
  endfacet
  facet normal -0.965921 0.258836 0
    outer loop
      vertex 1.5098 -0.490564 0.5
      vertex 1.5098 -0.490564 5.84999
      vertex 1.55281 -0.33006 5.84999
    endloop
  endfacet
  facet normal -0.947435 0.253818 -0.194788
    outer loop
      vertex 1.59003 -0.337972 0.308655
      vertex 1.546 -0.502324 0.308655
      vertex 1.55281 -0.33006 0.5
    endloop
  endfacet
  facet normal -0.947409 0.253876 -0.194841
    outer loop
      vertex 1.546 -0.502324 0.308655
      vertex 1.5098 -0.490564 0.5
      vertex 1.55281 -0.33006 0.5
    endloop
  endfacet
  facet normal -0.803438 0.215259 -0.555113
    outer loop
      vertex 1.69606 -0.360509 0.146454
      vertex 1.64909 -0.535821 0.146454
      vertex 1.59003 -0.337972 0.308655
    endloop
  endfacet
  facet normal -0.803451 0.215245 -0.5551
    outer loop
      vertex 1.64909 -0.535821 0.146454
      vertex 1.546 -0.502324 0.308655
      vertex 1.59003 -0.337972 0.308655
    endloop
  endfacet
  facet normal -0.537206 0.143947 -0.831077
    outer loop
      vertex 1.85472 -0.394233 0.0380554
      vertex 1.80335 -0.585944 0.0380554
      vertex 1.69606 -0.360509 0.146454
    endloop
  endfacet
  facet normal -0.537224 0.143934 -0.831068
    outer loop
      vertex 1.80335 -0.585944 0.0380554
      vertex 1.64909 -0.535821 0.146454
      vertex 1.69606 -0.360509 0.146454
    endloop
  endfacet
  facet normal -0.188669 0.0505515 -0.980739
    outer loop
      vertex 2.04188 -0.434016 0
      vertex 1.98533 -0.645073 0
      vertex 1.85472 -0.394233 0.0380554
    endloop
  endfacet
  facet normal -0.188665 0.0505538 -0.980739
    outer loop
      vertex 1.98533 -0.645073 0
      vertex 1.80335 -0.585944 0.0380554
      vertex 1.85472 -0.394233 0.0380554
    endloop
  endfacet
  facet normal -0 0 -1
    outer loop
      vertex 2.61654 -0.556162 0
      vertex 2.54407 -0.826619 0
      vertex 2.04188 -0.434016 0
    endloop
  endfacet
  facet normal 0 0 -1
    outer loop
      vertex 2.54407 -0.826619 0
      vertex 1.98533 -0.645073 0
      vertex 2.04188 -0.434016 0
    endloop
  endfacet
  facet normal 0.188669 -0.0505523 -0.980739
    outer loop
      vertex 2.8037 -0.595945 0.0380554
      vertex 2.72605 -0.885747 0.0380554
      vertex 2.61654 -0.556162 0
    endloop
  endfacet
  facet normal 0.188665 -0.0505536 -0.980739
    outer loop
      vertex 2.72605 -0.885747 0.0380554
      vertex 2.54407 -0.826619 0
      vertex 2.61654 -0.556162 0
    endloop
  endfacet
  facet normal 0.519232 -0.199307 -0.831068
    outer loop
      vertex 2.88031 -0.93587 0.146454
      vertex 2.76671 -1.23182 0.146454
      vertex 2.72605 -0.885747 0.0380554
    endloop
  endfacet
  facet normal 0.519225 -0.199309 -0.831073
    outer loop
      vertex 2.76671 -1.23182 0.146454
      vertex 2.61853 -1.16585 0.0380554
      vertex 2.72605 -0.885747 0.0380554
    endloop
  endfacet
  facet normal 0.776516 -0.298074 -0.555135
    outer loop
      vertex 2.98341 -0.969367 0.308655
      vertex 2.86574 -1.27591 0.308655
      vertex 2.88031 -0.93587 0.146454
    endloop
  endfacet
  facet normal 0.776527 -0.298069 -0.555122
    outer loop
      vertex 2.86574 -1.27591 0.308655
      vertex 2.76671 -1.23182 0.146454
      vertex 2.88031 -0.93587 0.146454
    endloop
  endfacet
  facet normal 0.915696 -0.351506 -0.194793
    outer loop
      vertex 3.0196 -0.981127 0.5
      vertex 2.9005 -1.29139 0.5
      vertex 2.98341 -0.969367 0.308655
    endloop
  endfacet
  facet normal 0.9157 -0.351502 -0.194784
    outer loop
      vertex 2.9005 -1.29139 0.5
      vertex 2.86574 -1.27591 0.308655
      vertex 2.98341 -0.969367 0.308655
    endloop
  endfacet
  facet normal 0.933579 -0.358371 0
    outer loop
      vertex 3.0196 -0.981127 5.84999
      vertex 2.9005 -1.29139 5.84999
      vertex 3.0196 -0.981127 0.5
    endloop
  endfacet
  facet normal 0.933579 -0.358371 0
    outer loop
      vertex 2.9005 -1.29139 5.84999
      vertex 2.9005 -1.29139 0.5
      vertex 3.0196 -0.981127 0.5
    endloop
  endfacet
  facet normal 0.915699 -0.351501 0.194789
    outer loop
      vertex 2.98341 -0.969367 6.04134
      vertex 2.86574 -1.27591 6.04134
      vertex 3.0196 -0.981127 5.84999
    endloop
  endfacet
  facet normal 0.915698 -0.351507 0.194779
    outer loop
      vertex 2.86574 -1.27591 6.04134
      vertex 2.9005 -1.29139 5.84999
      vertex 3.0196 -0.981127 5.84999
    endloop
  endfacet
  facet normal 0.776518 -0.298065 0.555137
    outer loop
      vertex 2.88031 -0.93587 6.20354
      vertex 2.76671 -1.23182 6.20354
      vertex 2.98341 -0.969367 6.04134
    endloop
  endfacet
  facet normal 0.776522 -0.298077 0.555125
    outer loop
      vertex 2.76671 -1.23182 6.20354
      vertex 2.86574 -1.27591 6.04134
      vertex 2.98341 -0.969367 6.04134
    endloop
  endfacet
  facet normal 0.519235 -0.199313 0.831065
    outer loop
      vertex 2.72605 -0.885747 6.31194
      vertex 2.61853 -1.16585 6.31194
      vertex 2.88031 -0.93587 6.20354
    endloop
  endfacet
  facet normal 0.519231 -0.199306 0.831069
    outer loop
      vertex 2.61853 -1.16585 6.31194
      vertex 2.76671 -1.23182 6.20354
      vertex 2.88031 -0.93587 6.20354
    endloop
  endfacet
  facet normal 0.182323 -0.0699857 0.980745
    outer loop
      vertex 2.54407 -0.826619 6.34999
      vertex 2.44373 -1.08802 6.34999
      vertex 2.72605 -0.885747 6.31194
    endloop
  endfacet
  facet normal 0.182324 -0.0699867 0.980744
    outer loop
      vertex 2.44373 -1.08802 6.34999
      vertex 2.61853 -1.16585 6.31194
      vertex 2.72605 -0.885747 6.31194
    endloop
  endfacet
  facet normal 0 0 1
    outer loop
      vertex 1.98533 -0.645073 6.34999
      vertex 1.90703 -0.849063 6.34999
      vertex 2.54407 -0.826619 6.34999
    endloop
  endfacet
  facet normal -0 0 1
    outer loop
      vertex 1.90703 -0.849063 6.34999
      vertex 2.44373 -1.08802 6.34999
      vertex 2.54407 -0.826619 6.34999
    endloop
  endfacet
  facet normal -0.182322 0.0699898 0.980745
    outer loop
      vertex 1.80335 -0.585944 6.31194
      vertex 1.73222 -0.771236 6.31194
      vertex 1.98533 -0.645073 6.34999
    endloop
  endfacet
  facet normal -0.182318 0.0699813 0.980746
    outer loop
      vertex 1.73222 -0.771236 6.31194
      vertex 1.90703 -0.849063 6.34999
      vertex 1.98533 -0.645073 6.34999
    endloop
  endfacet
  facet normal -0.519237 0.199308 0.831065
    outer loop
      vertex 1.64909 -0.535821 6.20354
      vertex 1.58405 -0.705263 6.20354
      vertex 1.80335 -0.585944 6.31194
    endloop
  endfacet
  facet normal -0.519243 0.199327 0.831056
    outer loop
      vertex 1.58405 -0.705263 6.20354
      vertex 1.73222 -0.771236 6.31194
      vertex 1.80335 -0.585944 6.31194
    endloop
  endfacet
  facet normal -0.776529 0.298099 0.555103
    outer loop
      vertex 1.546 -0.502324 6.04134
      vertex 1.48502 -0.661173 6.04134
      vertex 1.64909 -0.535821 6.20354
    endloop
  endfacet
  facet normal -0.776526 0.298068 0.555124
    outer loop
      vertex 1.48502 -0.661173 6.04134
      vertex 1.58405 -0.705263 6.20354
      vertex 1.64909 -0.535821 6.20354
    endloop
  endfacet
  facet normal -0.915687 0.351506 0.194835
    outer loop
      vertex 1.5098 -0.490564 5.84999
      vertex 1.45025 -0.645694 5.84999
      vertex 1.546 -0.502324 6.04134
    endloop
  endfacet
  facet normal -0.915685 0.351519 0.194824
    outer loop
      vertex 1.45025 -0.645694 5.84999
      vertex 1.48502 -0.661173 6.04134
      vertex 1.546 -0.502324 6.04134
    endloop
  endfacet
  facet normal -0.933578 0.358374 0
    outer loop
      vertex 1.5098 -0.490564 0.5
      vertex 1.45025 -0.645694 0.5
      vertex 1.5098 -0.490564 5.84999
    endloop
  endfacet
  facet normal -0.933578 0.358374 0
    outer loop
      vertex 1.45025 -0.645694 0.5
      vertex 1.45025 -0.645694 5.84999
      vertex 1.5098 -0.490564 5.84999
    endloop
  endfacet
  facet normal -0.915682 0.351518 -0.194839
    outer loop
      vertex 1.546 -0.502324 0.308655
      vertex 1.48502 -0.661173 0.308655
      vertex 1.5098 -0.490564 0.5
    endloop
  endfacet
  facet normal -0.915688 0.351507 -0.194828
    outer loop
      vertex 1.48502 -0.661173 0.308655
      vertex 1.45025 -0.645694 0.5
      vertex 1.5098 -0.490564 0.5
    endloop
  endfacet
  facet normal -0.77654 0.298073 -0.555102
    outer loop
      vertex 1.64909 -0.535821 0.146454
      vertex 1.58405 -0.705263 0.146454
      vertex 1.546 -0.502324 0.308655
    endloop
  endfacet
  facet normal -0.776517 0.298094 -0.555123
    outer loop
      vertex 1.58405 -0.705263 0.146454
      vertex 1.48502 -0.661173 0.308655
      vertex 1.546 -0.502324 0.308655
    endloop
  endfacet
  facet normal -0.519227 0.199321 -0.831068
    outer loop
      vertex 1.80335 -0.585944 0.0380554
      vertex 1.73222 -0.771236 0.0380554
      vertex 1.64909 -0.535821 0.146454
    endloop
  endfacet
  facet normal -0.519245 0.199311 -0.831059
    outer loop
      vertex 1.73222 -0.771236 0.0380554
      vertex 1.58405 -0.705263 0.146454
      vertex 1.64909 -0.535821 0.146454
    endloop
  endfacet
  facet normal -0.182349 0.0699931 -0.980739
    outer loop
      vertex 1.98533 -0.645073 0
      vertex 1.90703 -0.849063 0
      vertex 1.80335 -0.585944 0.0380554
    endloop
  endfacet
  facet normal -0.18234 0.0699968 -0.980741
    outer loop
      vertex 1.90703 -0.849063 0
      vertex 1.73222 -0.771236 0.0380554
      vertex 1.80335 -0.585944 0.0380554
    endloop
  endfacet
  facet normal -0 0 -1
    outer loop
      vertex 2.54407 -0.826619 0
      vertex 2.44373 -1.08802 0
      vertex 1.98533 -0.645073 0
    endloop
  endfacet
  facet normal 0 0 -1
    outer loop
      vertex 2.44373 -1.08802 0
      vertex 1.90703 -0.849063 0
      vertex 1.98533 -0.645073 0
    endloop
  endfacet
  facet normal 0.182348 -0.0699959 -0.980739
    outer loop
      vertex 2.72605 -0.885747 0.0380554
      vertex 2.61853 -1.16585 0.0380554
      vertex 2.54407 -0.826619 0
    endloop
  endfacet
  facet normal 0.182349 -0.0699956 -0.980739
    outer loop
      vertex 2.61853 -1.16585 0.0380554
      vertex 2.44373 -1.08802 0
      vertex 2.54407 -0.826619 0
    endloop
  endfacet
  facet normal 0.495543 -0.2525 -0.831072
    outer loop
      vertex 2.76671 -1.23182 0.146454
      vertex 2.62279 -1.51427 0.146454
      vertex 2.61853 -1.16585 0.0380554
    endloop
  endfacet
  facet normal 0.495545 -0.2525 -0.831071
    outer loop
      vertex 2.62279 -1.51427 0.146454
      vertex 2.48232 -1.43317 0.0380554
      vertex 2.61853 -1.16585 0.0380554
    endloop
  endfacet
  facet normal 0.741108 -0.377622 -0.555122
    outer loop
      vertex 2.86574 -1.27591 0.308655
      vertex 2.71667 -1.56847 0.308655
      vertex 2.76671 -1.23182 0.146454
    endloop
  endfacet
  facet normal 0.741104 -0.377623 -0.555126
    outer loop
      vertex 2.71667 -1.56847 0.308655
      vertex 2.62279 -1.51427 0.146454
      vertex 2.76671 -1.23182 0.146454
    endloop
  endfacet
  facet normal 0.873947 -0.445282 -0.194786
    outer loop
      vertex 2.9005 -1.29139 0.5
      vertex 2.74963 -1.5875 0.5
      vertex 2.86574 -1.27591 0.308655
    endloop
  endfacet
  facet normal 0.873929 -0.445299 -0.194825
    outer loop
      vertex 2.74963 -1.5875 0.5
      vertex 2.71667 -1.56847 0.308655
      vertex 2.86574 -1.27591 0.308655
    endloop
  endfacet
  facet normal 0.891013 -0.453977 0
    outer loop
      vertex 2.9005 -1.29139 5.84999
      vertex 2.74963 -1.5875 5.84999
      vertex 2.9005 -1.29139 0.5
    endloop
  endfacet
  facet normal 0.891013 -0.453977 0
    outer loop
      vertex 2.74963 -1.5875 5.84999
      vertex 2.74963 -1.5875 0.5
      vertex 2.9005 -1.29139 0.5
    endloop
  endfacet
  facet normal 0.873937 -0.445303 0.194781
    outer loop
      vertex 2.86574 -1.27591 6.04134
      vertex 2.71667 -1.56847 6.04134
      vertex 2.9005 -1.29139 5.84999
    endloop
  endfacet
  facet normal 0.873941 -0.445279 0.19482
    outer loop
      vertex 2.71667 -1.56847 6.04134
      vertex 2.74963 -1.5875 5.84999
      vertex 2.9005 -1.29139 5.84999
    endloop
  endfacet
  facet normal 0.741106 -0.377624 0.555124
    outer loop
      vertex 2.76671 -1.23182 6.20354
      vertex 2.62279 -1.51427 6.20354
      vertex 2.86574 -1.27591 6.04134
    endloop
  endfacet
  facet normal 0.741104 -0.37762 0.555129
    outer loop
      vertex 2.62279 -1.51427 6.20354
      vertex 2.71667 -1.56847 6.04134
      vertex 2.86574 -1.27591 6.04134
    endloop
  endfacet
  facet normal 0.495548 -0.252501 0.831069
    outer loop
      vertex 2.61853 -1.16585 6.31194
      vertex 2.48232 -1.43317 6.31194
      vertex 2.76671 -1.23182 6.20354
    endloop
  endfacet
  facet normal 0.495549 -0.252503 0.831068
    outer loop
      vertex 2.48232 -1.43317 6.31194
      vertex 2.62279 -1.51427 6.20354
      vertex 2.76671 -1.23182 6.20354
    endloop
  endfacet
  facet normal 0.174008 -0.088664 0.980745
    outer loop
      vertex 2.44373 -1.08802 6.34999
      vertex 2.31661 -1.3375 6.34999
      vertex 2.61853 -1.16585 6.31194
    endloop
  endfacet
  facet normal 0.174008 -0.0886639 0.980745
    outer loop
      vertex 2.31661 -1.3375 6.34999
      vertex 2.48232 -1.43317 6.31194
      vertex 2.61853 -1.16585 6.31194
    endloop
  endfacet
  facet normal 0 0 1
    outer loop
      vertex 1.90703 -0.849063 6.34999
      vertex 1.80783 -1.04375 6.34999
      vertex 2.44373 -1.08802 6.34999
    endloop
  endfacet
  facet normal 0 0 1
    outer loop
      vertex 1.80783 -1.04375 6.34999
      vertex 2.31661 -1.3375 6.34999
      vertex 2.44373 -1.08802 6.34999
    endloop
  endfacet
  facet normal -0.174004 0.0886546 0.980746
    outer loop
      vertex 1.73222 -0.771236 6.31194
      vertex 1.64212 -0.948077 6.31194
      vertex 1.90703 -0.849063 6.34999
    endloop
  endfacet
  facet normal -0.174007 0.0886628 0.980745
    outer loop
      vertex 1.64212 -0.948077 6.31194
      vertex 1.80783 -1.04375 6.34999
      vertex 1.90703 -0.849063 6.34999
    endloop
  endfacet
  facet normal -0.495564 0.25251 0.831057
    outer loop
      vertex 1.58405 -0.705263 6.20354
      vertex 1.50165 -0.866977 6.20354
      vertex 1.73222 -0.771236 6.31194
    endloop
  endfacet
  facet normal -0.495558 0.252486 0.831067
    outer loop
      vertex 1.50165 -0.866977 6.20354
      vertex 1.64212 -0.948077 6.31194
      vertex 1.73222 -0.771236 6.31194
    endloop
  endfacet
  facet normal -0.741104 0.377628 0.555124
    outer loop
      vertex 1.48502 -0.661173 6.04134
      vertex 1.40777 -0.812778 6.04134
      vertex 1.58405 -0.705263 6.20354
    endloop
  endfacet
  facet normal -0.741104 0.377623 0.555127
    outer loop
      vertex 1.40777 -0.812778 6.04134
      vertex 1.50165 -0.866977 6.20354
      vertex 1.58405 -0.705263 6.20354
    endloop
  endfacet
  facet normal -0.873953 0.445252 0.194823
    outer loop
      vertex 1.45025 -0.645694 5.84999
      vertex 1.37482 -0.79375 5.84999
      vertex 1.48502 -0.661173 6.04134
    endloop
  endfacet
  facet normal -0.873935 0.445311 0.194772
    outer loop
      vertex 1.37482 -0.79375 5.84999
      vertex 1.40777 -0.812778 6.04134
      vertex 1.48502 -0.661173 6.04134
    endloop
  endfacet
  facet normal -0.891027 0.453951 0
    outer loop
      vertex 1.45025 -0.645694 0.5
      vertex 1.37482 -0.79375 0.5
      vertex 1.45025 -0.645694 5.84999
    endloop
  endfacet
  facet normal -0.891027 0.453951 0
    outer loop
      vertex 1.37482 -0.79375 0.5
      vertex 1.37482 -0.79375 5.84999
      vertex 1.45025 -0.645694 5.84999
    endloop
  endfacet
  facet normal -0.873925 0.445306 -0.194827
    outer loop
      vertex 1.48502 -0.661173 0.308655
      vertex 1.40777 -0.812778 0.308655
      vertex 1.45025 -0.645694 0.5
    endloop
  endfacet
  facet normal -0.873962 0.445257 -0.194776
    outer loop
      vertex 1.40777 -0.812778 0.308655
      vertex 1.37482 -0.79375 0.5
      vertex 1.45025 -0.645694 0.5
    endloop
  endfacet
  facet normal -0.741107 0.377625 -0.555122
    outer loop
      vertex 1.58405 -0.705263 0.146454
      vertex 1.50165 -0.866977 0.146454
      vertex 1.48502 -0.661173 0.308655
    endloop
  endfacet
  facet normal -0.741103 0.377628 -0.555125
    outer loop
      vertex 1.50165 -0.866977 0.146454
      vertex 1.40777 -0.812778 0.308655
      vertex 1.48502 -0.661173 0.308655
    endloop
  endfacet
  facet normal -0.495568 0.25249 -0.83106
    outer loop
      vertex 1.73222 -0.771236 0.0380554
      vertex 1.64212 -0.948077 0.0380554
      vertex 1.58405 -0.705263 0.146454
    endloop
  endfacet
  facet normal -0.495545 0.252501 -0.831071
    outer loop
      vertex 1.64212 -0.948077 0.0380554
      vertex 1.50165 -0.866977 0.146454
      vertex 1.58405 -0.705263 0.146454
    endloop
  endfacet
  facet normal -0.174025 0.0886722 -0.980741
    outer loop
      vertex 1.90703 -0.849063 0
      vertex 1.80783 -1.04375 0
      vertex 1.73222 -0.771236 0.0380554
    endloop
  endfacet
  facet normal -0.174034 0.0886697 -0.980739
    outer loop
      vertex 1.80783 -1.04375 0
      vertex 1.64212 -0.948077 0.0380554
      vertex 1.73222 -0.771236 0.0380554
    endloop
  endfacet
  facet normal -0 0 -1
    outer loop
      vertex 2.44373 -1.08802 0
      vertex 2.31661 -1.3375 0
      vertex 1.90703 -0.849063 0
    endloop
  endfacet
  facet normal 0 0 -1
    outer loop
      vertex 2.31661 -1.3375 0
      vertex 1.80783 -1.04375 0
      vertex 1.90703 -0.849063 0
    endloop
  endfacet
  facet normal 0.174032 -0.088676 -0.980739
    outer loop
      vertex 2.61853 -1.16585 0.0380554
      vertex 2.48232 -1.43317 0.0380554
      vertex 2.44373 -1.08802 0
    endloop
  endfacet
  facet normal 0.174032 -0.0886761 -0.980739
    outer loop
      vertex 2.48232 -1.43317 0.0380554
      vertex 2.31661 -1.3375 0
      vertex 2.44373 -1.08802 0
    endloop
  endfacet
  facet normal 0.466442 -0.302908 -0.831071
    outer loop
      vertex 2.62279 -1.51427 0.146454
      vertex 2.45014 -1.78013 0.146454
      vertex 2.48232 -1.43317 0.0380554
    endloop
  endfacet
  facet normal 0.466448 -0.302908 -0.831067
    outer loop
      vertex 2.45014 -1.78013 0.146454
      vertex 2.31892 -1.68479 0.0380554
      vertex 2.48232 -1.43317 0.0380554
    endloop
  endfacet
  facet normal 0.697583 -0.453006 -0.555126
    outer loop
      vertex 2.71667 -1.56847 0.308655
      vertex 2.53784 -1.84385 0.308655
      vertex 2.62279 -1.51427 0.146454
    endloop
  endfacet
  facet normal 0.697576 -0.453007 -0.555132
    outer loop
      vertex 2.53784 -1.84385 0.308655
      vertex 2.45014 -1.78013 0.146454
      vertex 2.62279 -1.51427 0.146454
    endloop
  endfacet
  facet normal 0.822582 -0.534231 -0.194825
    outer loop
      vertex 2.74963 -1.5875 0.5
      vertex 2.56862 -1.86621 0.5
      vertex 2.71667 -1.56847 0.308655
    endloop
  endfacet
  facet normal 0.822617 -0.534202 -0.194753
    outer loop
      vertex 2.56862 -1.86621 0.5
      vertex 2.53784 -1.84385 0.308655
      vertex 2.71667 -1.56847 0.308655
    endloop
  endfacet
  facet normal 0.838652 -0.544668 0
    outer loop
      vertex 2.74963 -1.5875 5.84999
      vertex 2.56862 -1.86621 5.84999
      vertex 2.74963 -1.5875 0.5
    endloop
  endfacet
  facet normal 0.838652 -0.544668 0
    outer loop
      vertex 2.56862 -1.86621 5.84999
      vertex 2.56862 -1.86621 0.5
      vertex 2.74963 -1.5875 0.5
    endloop
  endfacet
  facet normal 0.822606 -0.534195 0.19482
    outer loop
      vertex 2.71667 -1.56847 6.04134
      vertex 2.53784 -1.84385 6.04134
      vertex 2.74963 -1.5875 5.84999
    endloop
  endfacet
  facet normal 0.822594 -0.534239 0.194748
    outer loop
      vertex 2.53784 -1.84385 6.04134
      vertex 2.56862 -1.86621 5.84999
      vertex 2.74963 -1.5875 5.84999
    endloop
  endfacet
  facet normal 0.697579 -0.453009 0.555128
    outer loop
      vertex 2.62279 -1.51427 6.20354
      vertex 2.45014 -1.78013 6.20354
      vertex 2.71667 -1.56847 6.04134
    endloop
  endfacet
  facet normal 0.697577 -0.453002 0.555135
    outer loop
      vertex 2.45014 -1.78013 6.20354
      vertex 2.53784 -1.84385 6.04134
      vertex 2.71667 -1.56847 6.04134
    endloop
  endfacet
  facet normal 0.466448 -0.302907 0.831068
    outer loop
      vertex 2.48232 -1.43317 6.31194
      vertex 2.31892 -1.68479 6.31194
      vertex 2.62279 -1.51427 6.20354
    endloop
  endfacet
  facet normal 0.46645 -0.302914 0.831064
    outer loop
      vertex 2.31892 -1.68479 6.31194
      vertex 2.45014 -1.78013 6.20354
      vertex 2.62279 -1.51427 6.20354
    endloop
  endfacet
  facet normal 0.163789 -0.106363 0.980745
    outer loop
      vertex 2.31661 -1.3375 6.34999
      vertex 2.16412 -1.57232 6.34999
      vertex 2.48232 -1.43317 6.31194
    endloop
  endfacet
  facet normal 0.16379 -0.106364 0.980745
    outer loop
      vertex 2.16412 -1.57232 6.34999
      vertex 2.31892 -1.68479 6.31194
      vertex 2.48232 -1.43317 6.31194
    endloop
  endfacet
  facet normal 0 0 1
    outer loop
      vertex 1.80783 -1.04375 6.34999
      vertex 1.68882 -1.227 6.34999
      vertex 2.31661 -1.3375 6.34999
    endloop
  endfacet
  facet normal 0 0 1
    outer loop
      vertex 1.68882 -1.227 6.34999
      vertex 2.16412 -1.57232 6.34999
      vertex 2.31661 -1.3375 6.34999
    endloop
  endfacet
  facet normal -0.163785 0.106367 0.980745
    outer loop
      vertex 1.64212 -0.948077 6.31194
      vertex 1.53402 -1.11453 6.31194
      vertex 1.80783 -1.04375 6.34999
    endloop
  endfacet
  facet normal -0.163786 0.106369 0.980745
    outer loop
      vertex 1.53402 -1.11453 6.31194
      vertex 1.68882 -1.227 6.34999
      vertex 1.80783 -1.04375 6.34999
    endloop
  endfacet
  facet normal -0.466442 0.302917 0.831067
    outer loop
      vertex 1.50165 -0.866977 6.20354
      vertex 1.4028 -1.01919 6.20354
      vertex 1.64212 -0.948077 6.31194
    endloop
  endfacet
  facet normal -0.466443 0.302923 0.831064
    outer loop
      vertex 1.4028 -1.01919 6.20354
      vertex 1.53402 -1.11453 6.31194
      vertex 1.64212 -0.948077 6.31194
    endloop
  endfacet
  facet normal -0.697578 0.453013 0.555126
    outer loop
      vertex 1.40777 -0.812778 6.04134
      vertex 1.3151 -0.955477 6.04134
      vertex 1.50165 -0.866977 6.20354
    endloop
  endfacet
  facet normal -0.697577 0.45302 0.555122
    outer loop
      vertex 1.3151 -0.955477 6.04134
      vertex 1.4028 -1.01919 6.20354
      vertex 1.50165 -0.866977 6.20354
    endloop
  endfacet
  facet normal -0.822584 0.534247 0.194773
    outer loop
      vertex 1.37482 -0.79375 5.84999
      vertex 1.28431 -0.933109 5.84999
      vertex 1.40777 -0.812778 6.04134
    endloop
  endfacet
  facet normal -0.822602 0.534205 0.194811
    outer loop
      vertex 1.28431 -0.933109 5.84999
      vertex 1.3151 -0.955477 6.04134
      vertex 1.40777 -0.812778 6.04134
    endloop
  endfacet
  facet normal -0.838645 0.544678 0
    outer loop
      vertex 1.37482 -0.79375 0.5
      vertex 1.28431 -0.933109 0.5
      vertex 1.37482 -0.79375 5.84999
    endloop
  endfacet
  facet normal -0.838645 0.544678 0
    outer loop
      vertex 1.28431 -0.933109 0.5
      vertex 1.28431 -0.933109 5.84999
      vertex 1.37482 -0.79375 5.84999
    endloop
  endfacet
  facet normal -0.822607 0.534208 -0.194778
    outer loop
      vertex 1.40777 -0.812778 0.308655
      vertex 1.3151 -0.955477 0.308655
      vertex 1.37482 -0.79375 0.5
    endloop
  endfacet
  facet normal -0.822577 0.534242 -0.194816
    outer loop
      vertex 1.3151 -0.955477 0.308655
      vertex 1.28431 -0.933109 0.5
      vertex 1.37482 -0.79375 0.5
    endloop
  endfacet
  facet normal -0.697576 0.453019 -0.555123
    outer loop
      vertex 1.50165 -0.866977 0.146454
      vertex 1.4028 -1.01919 0.146454
      vertex 1.40777 -0.812778 0.308655
    endloop
  endfacet
  facet normal -0.697581 0.453016 -0.555119
    outer loop
      vertex 1.4028 -1.01919 0.146454
      vertex 1.3151 -0.955477 0.308655
      vertex 1.40777 -0.812778 0.308655
    endloop
  endfacet
  facet normal -0.466436 0.302918 -0.831071
    outer loop
      vertex 1.64212 -0.948077 0.0380554
      vertex 1.53402 -1.11453 0.0380554
      vertex 1.50165 -0.866977 0.146454
    endloop
  endfacet
  facet normal -0.466442 0.302916 -0.831068
    outer loop
      vertex 1.53402 -1.11453 0.0380554
      vertex 1.4028 -1.01919 0.146454
      vertex 1.50165 -0.866977 0.146454
    endloop
  endfacet
  facet normal -0.163807 0.106383 -0.980739
    outer loop
      vertex 1.80783 -1.04375 0
      vertex 1.68882 -1.227 0
      vertex 1.64212 -0.948077 0.0380554
    endloop
  endfacet
  facet normal -0.163809 0.106383 -0.980739
    outer loop
      vertex 1.68882 -1.227 0
      vertex 1.53402 -1.11453 0.0380554
      vertex 1.64212 -0.948077 0.0380554
    endloop
  endfacet
  facet normal -0 0 -1
    outer loop
      vertex 2.31661 -1.3375 0
      vertex 2.16412 -1.57232 0
      vertex 1.80783 -1.04375 0
    endloop
  endfacet
  facet normal 0 0 -1
    outer loop
      vertex 2.16412 -1.57232 0
      vertex 1.68882 -1.227 0
      vertex 1.80783 -1.04375 0
    endloop
  endfacet
  facet normal 0.163812 -0.106378 -0.980739
    outer loop
      vertex 2.48232 -1.43317 0.0380554
      vertex 2.31892 -1.68479 0.0380554
      vertex 2.31661 -1.3375 0
    endloop
  endfacet
  facet normal 0.163812 -0.106378 -0.980739
    outer loop
      vertex 2.31892 -1.68479 0.0380554
      vertex 2.16412 -1.57232 0
      vertex 2.31661 -1.3375 0
    endloop
  endfacet
  facet normal 0.432225 -0.350011 -0.831068
    outer loop
      vertex 2.45014 -1.78013 0.146454
      vertex 2.25064 -2.02649 0.146454
      vertex 2.31892 -1.68479 0.0380554
    endloop
  endfacet
  facet normal 0.432246 -0.350012 -0.831057
    outer loop
      vertex 2.25064 -2.02649 0.146454
      vertex 2.13011 -1.91796 0.0380554
      vertex 2.31892 -1.68479 0.0380554
    endloop
  endfacet
  facet normal 0.646391 -0.523456 -0.555133
    outer loop
      vertex 2.53784 -1.84385 0.308655
      vertex 2.3312 -2.09902 0.308655
      vertex 2.45014 -1.78013 0.146454
    endloop
  endfacet
  facet normal 0.646406 -0.523454 -0.555117
    outer loop
      vertex 2.3312 -2.09902 0.308655
      vertex 2.25064 -2.02649 0.146454
      vertex 2.45014 -1.78013 0.146454
    endloop
  endfacet
  facet normal 0.762282 -0.617251 -0.194752
    outer loop
      vertex 2.56862 -1.86621 0.5
      vertex 2.35948 -2.12449 0.5
      vertex 2.53784 -1.84385 0.308655
    endloop
  endfacet
  facet normal 0.762244 -0.617275 -0.194822
    outer loop
      vertex 2.35948 -2.12449 0.5
      vertex 2.3312 -2.09902 0.308655
      vertex 2.53784 -1.84385 0.308655
    endloop
  endfacet
  facet normal 0.777162 -0.6293 0
    outer loop
      vertex 2.56862 -1.86621 5.84999
      vertex 2.35948 -2.12449 5.84999
      vertex 2.56862 -1.86621 0.5
    endloop
  endfacet
  facet normal 0.777162 -0.6293 0
    outer loop
      vertex 2.35948 -2.12449 5.84999
      vertex 2.35948 -2.12449 0.5
      vertex 2.56862 -1.86621 0.5
    endloop
  endfacet
  facet normal 0.762256 -0.617285 0.194746
    outer loop
      vertex 2.53784 -1.84385 6.04134
      vertex 2.3312 -2.09902 6.04134
      vertex 2.56862 -1.86621 5.84999
    endloop
  endfacet
  facet normal 0.762271 -0.617243 0.194817
    outer loop
      vertex 2.3312 -2.09902 6.04134
      vertex 2.35948 -2.12449 5.84999
      vertex 2.56862 -1.86621 5.84999
    endloop
  endfacet
  facet normal 0.646397 -0.523446 0.555136
    outer loop
      vertex 2.45014 -1.78013 6.20354
      vertex 2.25064 -2.02649 6.20354
      vertex 2.53784 -1.84385 6.04134
    endloop
  endfacet
  facet normal 0.646398 -0.523461 0.55512
    outer loop
      vertex 2.25064 -2.02649 6.20354
      vertex 2.3312 -2.09902 6.04134
      vertex 2.53784 -1.84385 6.04134
    endloop
  endfacet
  facet normal 0.432236 -0.350004 0.831065
    outer loop
      vertex 2.31892 -1.68479 6.31194
      vertex 2.13011 -1.91796 6.31194
      vertex 2.45014 -1.78013 6.20354
    endloop
  endfacet
  facet normal 0.432241 -0.350025 0.831054
    outer loop
      vertex 2.13011 -1.91796 6.31194
      vertex 2.25064 -2.02649 6.20354
      vertex 2.45014 -1.78013 6.20354
    endloop
  endfacet
  facet normal 0.151772 -0.122904 0.980745
    outer loop
      vertex 2.16412 -1.57232 6.34999
      vertex 1.98791 -1.78992 6.34999
      vertex 2.31892 -1.68479 6.31194
    endloop
  endfacet
  facet normal 0.15177 -0.122896 0.980746
    outer loop
      vertex 1.98791 -1.78992 6.34999
      vertex 2.13011 -1.91796 6.31194
      vertex 2.31892 -1.68479 6.31194
    endloop
  endfacet
  facet normal 0 0 1
    outer loop
      vertex 1.68882 -1.227 6.34999
      vertex 1.55131 -1.39681 6.34999
      vertex 2.16412 -1.57232 6.34999
    endloop
  endfacet
  facet normal 0 0 1
    outer loop
      vertex 1.55131 -1.39681 6.34999
      vertex 1.98791 -1.78992 6.34999
      vertex 2.16412 -1.57232 6.34999
    endloop
  endfacet
  facet normal -0.151777 0.122897 0.980745
    outer loop
      vertex 1.53402 -1.11453 6.31194
      vertex 1.40912 -1.26878 6.31194
      vertex 1.68882 -1.227 6.34999
    endloop
  endfacet
  facet normal -0.151778 0.122908 0.980743
    outer loop
      vertex 1.40912 -1.26878 6.31194
      vertex 1.55131 -1.39681 6.34999
      vertex 1.68882 -1.227 6.34999
    endloop
  endfacet
  facet normal -0.43223 0.350013 0.831065
    outer loop
      vertex 1.4028 -1.01919 6.20354
      vertex 1.28858 -1.16024 6.20354
      vertex 1.53402 -1.11453 6.31194
    endloop
  endfacet
  facet normal -0.43223 0.349987 0.831075
    outer loop
      vertex 1.28858 -1.16024 6.20354
      vertex 1.40912 -1.26878 6.31194
      vertex 1.53402 -1.11453 6.31194
    endloop
  endfacet
  facet normal -0.646407 0.523449 0.55512
    outer loop
      vertex 1.3151 -0.955477 6.04134
      vertex 1.20802 -1.08771 6.04134
      vertex 1.4028 -1.01919 6.20354
    endloop
  endfacet
  facet normal -0.646407 0.52345 0.55512
    outer loop
      vertex 1.20802 -1.08771 6.04134
      vertex 1.28858 -1.16024 6.20354
      vertex 1.4028 -1.01919 6.20354
    endloop
  endfacet
  facet normal -0.762252 0.61727 0.19481
    outer loop
      vertex 1.28431 -0.933109 5.84999
      vertex 1.17974 -1.06224 5.84999
      vertex 1.3151 -0.955477 6.04134
    endloop
  endfacet
  facet normal -0.762256 0.617262 0.194817
    outer loop
      vertex 1.17974 -1.06224 5.84999
      vertex 1.20802 -1.08771 6.04134
      vertex 1.3151 -0.955477 6.04134
    endloop
  endfacet
  facet normal -0.777141 0.629327 0
    outer loop
      vertex 1.28431 -0.933109 0.5
      vertex 1.17974 -1.06224 0.5
      vertex 1.28431 -0.933109 5.84999
    endloop
  endfacet
  facet normal -0.777141 0.629327 0
    outer loop
      vertex 1.17974 -1.06224 0.5
      vertex 1.17974 -1.06224 5.84999
      vertex 1.28431 -0.933109 5.84999
    endloop
  endfacet
  facet normal -0.762256 0.617262 -0.194815
    outer loop
      vertex 1.3151 -0.955477 0.308655
      vertex 1.20802 -1.08771 0.308655
      vertex 1.28431 -0.933109 0.5
    endloop
  endfacet
  facet normal -0.76225 0.617268 -0.194822
    outer loop
      vertex 1.20802 -1.08771 0.308655
      vertex 1.17974 -1.06224 0.5
      vertex 1.28431 -0.933109 0.5
    endloop
  endfacet
  facet normal -0.646408 0.523451 -0.555118
    outer loop
      vertex 1.4028 -1.01919 0.146454
      vertex 1.28858 -1.16024 0.146454
      vertex 1.3151 -0.955477 0.308655
    endloop
  endfacet
  facet normal -0.646409 0.523451 -0.555117
    outer loop
      vertex 1.28858 -1.16024 0.146454
      vertex 1.20802 -1.08771 0.308655
      vertex 1.3151 -0.955477 0.308655
    endloop
  endfacet
  facet normal -0.432238 0.349994 -0.831068
    outer loop
      vertex 1.53402 -1.11453 0.0380554
      vertex 1.40912 -1.26878 0.0380554
      vertex 1.4028 -1.01919 0.146454
    endloop
  endfacet
  facet normal -0.432213 0.349999 -0.831079
    outer loop
      vertex 1.40912 -1.26878 0.0380554
      vertex 1.28858 -1.16024 0.146454
      vertex 1.4028 -1.01919 0.146454
    endloop
  endfacet
  facet normal -0.151793 0.12292 -0.980739
    outer loop
      vertex 1.68882 -1.227 0
      vertex 1.55131 -1.39681 0
      vertex 1.53402 -1.11453 0.0380554
    endloop
  endfacet
  facet normal -0.151804 0.122919 -0.980738
    outer loop
      vertex 1.55131 -1.39681 0
      vertex 1.40912 -1.26878 0.0380554
      vertex 1.53402 -1.11453 0.0380554
    endloop
  endfacet
  facet normal -0 0 -1
    outer loop
      vertex 2.16412 -1.57232 0
      vertex 1.98791 -1.78992 0
      vertex 1.68882 -1.227 0
    endloop
  endfacet
  facet normal 0 0 -1
    outer loop
      vertex 1.98791 -1.78992 0
      vertex 1.55131 -1.39681 0
      vertex 1.68882 -1.227 0
    endloop
  endfacet
  facet normal 0.151796 -0.122917 -0.980739
    outer loop
      vertex 2.31892 -1.68479 0.0380554
      vertex 2.13011 -1.91796 0.0380554
      vertex 2.16412 -1.57232 0
    endloop
  endfacet
  facet normal 0.151788 -0.122916 -0.980741
    outer loop
      vertex 2.13011 -1.91796 0.0380554
      vertex 1.98791 -1.78992 0
      vertex 2.16412 -1.57232 0
    endloop
  endfacet
  facet normal 0.393283 -0.393283 -0.831057
    outer loop
      vertex 2.25064 -2.02649 0.146454
      vertex 2.02649 -2.25064 0.146454
      vertex 2.13011 -1.91796 0.0380554
    endloop
  endfacet
  facet normal 0.393283 -0.393283 -0.831057
    outer loop
      vertex 2.02649 -2.25064 0.146454
      vertex 1.91796 -2.13011 0.0380554
      vertex 2.13011 -1.91796 0.0380554
    endloop
  endfacet
  facet normal 0.588153 -0.588153 -0.555115
    outer loop
      vertex 2.3312 -2.09902 0.308655
      vertex 2.09902 -2.3312 0.308655
      vertex 2.25064 -2.02649 0.146454
    endloop
  endfacet
  facet normal 0.588153 -0.588153 -0.555115
    outer loop
      vertex 2.09902 -2.3312 0.308655
      vertex 2.02649 -2.25064 0.146454
      vertex 2.25064 -2.02649 0.146454
    endloop
  endfacet
  facet normal 0.693557 -0.693557 -0.194825
    outer loop
      vertex 2.35948 -2.12449 0.5
      vertex 2.12449 -2.35948 0.5
      vertex 2.3312 -2.09902 0.308655
    endloop
  endfacet
  facet normal 0.693557 -0.693557 -0.194825
    outer loop
      vertex 2.12449 -2.35948 0.5
      vertex 2.09902 -2.3312 0.308655
      vertex 2.3312 -2.09902 0.308655
    endloop
  endfacet
  facet normal 0.707107 -0.707107 0
    outer loop
      vertex 2.35948 -2.12449 5.84999
      vertex 2.12449 -2.35948 5.84999
      vertex 2.35948 -2.12449 0.5
    endloop
  endfacet
  facet normal 0.707107 -0.707107 0
    outer loop
      vertex 2.12449 -2.35948 5.84999
      vertex 2.12449 -2.35948 0.5
      vertex 2.35948 -2.12449 0.5
    endloop
  endfacet
  facet normal 0.693558 -0.693558 0.19482
    outer loop
      vertex 2.3312 -2.09902 6.04134
      vertex 2.09902 -2.3312 6.04134
      vertex 2.35948 -2.12449 5.84999
    endloop
  endfacet
  facet normal 0.693558 -0.693558 0.19482
    outer loop
      vertex 2.09902 -2.3312 6.04134
      vertex 2.12449 -2.35948 5.84999
      vertex 2.35948 -2.12449 5.84999
    endloop
  endfacet
  facet normal 0.588151 -0.588151 0.555118
    outer loop
      vertex 2.25064 -2.02649 6.20354
      vertex 2.02649 -2.25064 6.20354
      vertex 2.3312 -2.09902 6.04134
    endloop
  endfacet
  facet normal 0.588151 -0.588151 0.555118
    outer loop
      vertex 2.02649 -2.25064 6.20354
      vertex 2.09902 -2.3312 6.04134
      vertex 2.3312 -2.09902 6.04134
    endloop
  endfacet
  facet normal 0.393287 -0.393287 0.831054
    outer loop
      vertex 2.13011 -1.91796 6.31194
      vertex 1.91796 -2.13011 6.31194
      vertex 2.25064 -2.02649 6.20354
    endloop
  endfacet
  facet normal 0.393287 -0.393287 0.831054
    outer loop
      vertex 1.91796 -2.13011 6.31194
      vertex 2.02649 -2.25064 6.20354
      vertex 2.25064 -2.02649 6.20354
    endloop
  endfacet
  facet normal 0.13809 -0.13809 0.980746
    outer loop
      vertex 1.98791 -1.78992 6.34999
      vertex 1.78992 -1.98791 6.34999
      vertex 2.13011 -1.91796 6.31194
    endloop
  endfacet
  facet normal 0.13809 -0.13809 0.980746
    outer loop
      vertex 1.78992 -1.98791 6.34999
      vertex 1.91796 -2.13011 6.31194
      vertex 2.13011 -1.91796 6.31194
    endloop
  endfacet
  facet normal 0 0 1
    outer loop
      vertex 1.55131 -1.39681 6.34999
      vertex 1.39681 -1.55131 6.34999
      vertex 1.98791 -1.78992 6.34999
    endloop
  endfacet
  facet normal 0 0 1
    outer loop
      vertex 1.39681 -1.55131 6.34999
      vertex 1.78992 -1.98791 6.34999
      vertex 1.98791 -1.78992 6.34999
    endloop
  endfacet
  facet normal -0.1381 0.1381 0.980743
    outer loop
      vertex 1.40912 -1.26878 6.31194
      vertex 1.26878 -1.40912 6.31194
      vertex 1.55131 -1.39681 6.34999
    endloop
  endfacet
  facet normal -0.1381 0.1381 0.980743
    outer loop
      vertex 1.26878 -1.40912 6.31194
      vertex 1.39681 -1.55131 6.34999
      vertex 1.55131 -1.39681 6.34999
    endloop
  endfacet
  facet normal -0.393263 0.393263 0.831077
    outer loop
      vertex 1.28858 -1.16024 6.20354
      vertex 1.16024 -1.28858 6.20354
      vertex 1.40912 -1.26878 6.31194
    endloop
  endfacet
  facet normal -0.393263 0.393263 0.831077
    outer loop
      vertex 1.16024 -1.28858 6.20354
      vertex 1.26878 -1.40912 6.31194
      vertex 1.40912 -1.26878 6.31194
    endloop
  endfacet
  facet normal -0.588151 0.588151 0.555118
    outer loop
      vertex 1.20802 -1.08771 6.04134
      vertex 1.08771 -1.20802 6.04134
      vertex 1.28858 -1.16024 6.20354
    endloop
  endfacet
  facet normal -0.588151 0.588151 0.555118
    outer loop
      vertex 1.08771 -1.20802 6.04134
      vertex 1.16024 -1.28858 6.20354
      vertex 1.28858 -1.16024 6.20354
    endloop
  endfacet
  facet normal -0.693558 0.693558 0.19482
    outer loop
      vertex 1.17974 -1.06224 5.84999
      vertex 1.06224 -1.17974 5.84999
      vertex 1.20802 -1.08771 6.04134
    endloop
  endfacet
  facet normal -0.693558 0.693558 0.19482
    outer loop
      vertex 1.06224 -1.17974 5.84999
      vertex 1.08771 -1.20802 6.04134
      vertex 1.20802 -1.08771 6.04134
    endloop
  endfacet
  facet normal -0.707107 0.707107 0
    outer loop
      vertex 1.17974 -1.06224 0.5
      vertex 1.06224 -1.17974 0.5
      vertex 1.17974 -1.06224 5.84999
    endloop
  endfacet
  facet normal -0.707107 0.707107 0
    outer loop
      vertex 1.06224 -1.17974 0.5
      vertex 1.06224 -1.17974 5.84999
      vertex 1.17974 -1.06224 5.84999
    endloop
  endfacet
  facet normal -0.693557 0.693557 -0.194825
    outer loop
      vertex 1.20802 -1.08771 0.308655
      vertex 1.08771 -1.20802 0.308655
      vertex 1.17974 -1.06224 0.5
    endloop
  endfacet
  facet normal -0.693557 0.693557 -0.194825
    outer loop
      vertex 1.08771 -1.20802 0.308655
      vertex 1.06224 -1.17974 0.5
      vertex 1.17974 -1.06224 0.5
    endloop
  endfacet
  facet normal -0.588153 0.588153 -0.555115
    outer loop
      vertex 1.28858 -1.16024 0.146454
      vertex 1.16024 -1.28858 0.146454
      vertex 1.20802 -1.08771 0.308655
    endloop
  endfacet
  facet normal -0.588153 0.588153 -0.555115
    outer loop
      vertex 1.16024 -1.28858 0.146454
      vertex 1.08771 -1.20802 0.308655
      vertex 1.20802 -1.08771 0.308655
    endloop
  endfacet
  facet normal -0.39326 0.39326 -0.83108
    outer loop
      vertex 1.40912 -1.26878 0.0380554
      vertex 1.26878 -1.40912 0.0380554
      vertex 1.28858 -1.16024 0.146454
    endloop
  endfacet
  facet normal -0.39326 0.39326 -0.83108
    outer loop
      vertex 1.26878 -1.40912 0.0380554
      vertex 1.16024 -1.28858 0.146454
      vertex 1.28858 -1.16024 0.146454
    endloop
  endfacet
  facet normal -0.138118 0.138118 -0.980738
    outer loop
      vertex 1.55131 -1.39681 0
      vertex 1.39681 -1.55131 0
      vertex 1.40912 -1.26878 0.0380554
    endloop
  endfacet
  facet normal -0.138118 0.138118 -0.980738
    outer loop
      vertex 1.39681 -1.55131 0
      vertex 1.26878 -1.40912 0.0380554
      vertex 1.40912 -1.26878 0.0380554
    endloop
  endfacet
  facet normal -0 0 -1
    outer loop
      vertex 1.98791 -1.78992 0
      vertex 1.78992 -1.98791 0
      vertex 1.55131 -1.39681 0
    endloop
  endfacet
  facet normal 0 0 -1
    outer loop
      vertex 1.78992 -1.98791 0
      vertex 1.39681 -1.55131 0
      vertex 1.55131 -1.39681 0
    endloop
  endfacet
  facet normal 0.138109 -0.138109 -0.980741
    outer loop
      vertex 2.13011 -1.91796 0.0380554
      vertex 1.91796 -2.13011 0.0380554
      vertex 1.98791 -1.78992 0
    endloop
  endfacet
  facet normal 0.138109 -0.138109 -0.980741
    outer loop
      vertex 1.91796 -2.13011 0.0380554
      vertex 1.78992 -1.98791 0
      vertex 1.98791 -1.78992 0
    endloop
  endfacet
  facet normal 0.350022 -0.432237 -0.831057
    outer loop
      vertex 2.02649 -2.25064 0.146454
      vertex 1.78013 -2.45014 0.146454
      vertex 1.91796 -2.13011 0.0380554
    endloop
  endfacet
  facet normal 0.350001 -0.432232 -0.831068
    outer loop
      vertex 1.78013 -2.45014 0.146454
      vertex 1.68479 -2.31892 0.0380554
      vertex 1.91796 -2.13011 0.0380554
    endloop
  endfacet
  facet normal 0.523462 -0.646399 -0.555118
    outer loop
      vertex 2.09902 -2.3312 0.308655
      vertex 1.84385 -2.53784 0.308655
      vertex 2.02649 -2.25064 0.146454
    endloop
  endfacet
  facet normal 0.523447 -0.646398 -0.555133
    outer loop
      vertex 1.84385 -2.53784 0.308655
      vertex 1.78013 -2.45014 0.146454
      vertex 2.02649 -2.25064 0.146454
    endloop
  endfacet
  facet normal 0.617242 -0.762271 -0.194822
    outer loop
      vertex 2.12449 -2.35948 0.5
      vertex 1.86621 -2.56862 0.5
      vertex 2.09902 -2.3312 0.308655
    endloop
  endfacet
  facet normal 0.617284 -0.762255 -0.194751
    outer loop
      vertex 1.86621 -2.56862 0.5
      vertex 1.84385 -2.53784 0.308655
      vertex 2.09902 -2.3312 0.308655
    endloop
  endfacet
  facet normal 0.6293 -0.777162 0
    outer loop
      vertex 2.12449 -2.35948 5.84999
      vertex 1.86621 -2.56862 5.84999
      vertex 2.12449 -2.35948 0.5
    endloop
  endfacet
  facet normal 0.6293 -0.777162 0
    outer loop
      vertex 1.86621 -2.56862 5.84999
      vertex 1.86621 -2.56862 0.5
      vertex 2.12449 -2.35948 0.5
    endloop
  endfacet
  facet normal 0.617276 -0.762245 0.194817
    outer loop
      vertex 2.09902 -2.3312 6.04134
      vertex 1.84385 -2.53784 6.04134
      vertex 2.12449 -2.35948 5.84999
    endloop
  endfacet
  facet normal 0.617252 -0.762282 0.194747
    outer loop
      vertex 1.84385 -2.53784 6.04134
      vertex 1.86621 -2.56862 5.84999
      vertex 2.12449 -2.35948 5.84999
    endloop
  endfacet
  facet normal 0.523453 -0.646405 0.55512
    outer loop
      vertex 2.02649 -2.25064 6.20354
      vertex 1.78013 -2.45014 6.20354
      vertex 2.09902 -2.3312 6.04134
    endloop
  endfacet
  facet normal 0.523455 -0.64639 0.555135
    outer loop
      vertex 1.78013 -2.45014 6.20354
      vertex 1.84385 -2.53784 6.04134
      vertex 2.09902 -2.3312 6.04134
    endloop
  endfacet
  facet normal 0.350015 -0.43225 0.831053
    outer loop
      vertex 1.91796 -2.13011 6.31194
      vertex 1.68479 -2.31892 6.31194
      vertex 2.02649 -2.25064 6.20354
    endloop
  endfacet
  facet normal 0.350015 -0.432228 0.831065
    outer loop
      vertex 1.68479 -2.31892 6.31194
      vertex 1.78013 -2.45014 6.20354
      vertex 2.02649 -2.25064 6.20354
    endloop
  endfacet
  facet normal 0.1229 -0.151767 0.980746
    outer loop
      vertex 1.78992 -1.98791 6.34999
      vertex 1.57232 -2.16412 6.34999
      vertex 1.91796 -2.13011 6.31194
    endloop
  endfacet
  facet normal 0.1229 -0.151775 0.980745
    outer loop
      vertex 1.57232 -2.16412 6.34999
      vertex 1.68479 -2.31892 6.31194
      vertex 1.91796 -2.13011 6.31194
    endloop
  endfacet
  facet normal 0 0 1
    outer loop
      vertex 1.39681 -1.55131 6.34999
      vertex 1.227 -1.68882 6.34999
      vertex 1.78992 -1.98791 6.34999
    endloop
  endfacet
  facet normal 0 0 1
    outer loop
      vertex 1.227 -1.68882 6.34999
      vertex 1.57232 -2.16412 6.34999
      vertex 1.78992 -1.98791 6.34999
    endloop
  endfacet
  facet normal -0.122903 0.151783 0.980743
    outer loop
      vertex 1.26878 -1.40912 6.31194
      vertex 1.11453 -1.53402 6.31194
      vertex 1.39681 -1.55131 6.34999
    endloop
  endfacet
  facet normal -0.122903 0.151772 0.980745
    outer loop
      vertex 1.11453 -1.53402 6.31194
      vertex 1.227 -1.68882 6.34999
      vertex 1.39681 -1.55131 6.34999
    endloop
  endfacet
  facet normal -0.350002 0.432217 0.831076
    outer loop
      vertex 1.16024 -1.28858 6.20354
      vertex 1.01919 -1.4028 6.20354
      vertex 1.26878 -1.40912 6.31194
    endloop
  endfacet
  facet normal -0.349997 0.432242 0.831065
    outer loop
      vertex 1.01919 -1.4028 6.20354
      vertex 1.11453 -1.53402 6.31194
      vertex 1.26878 -1.40912 6.31194
    endloop
  endfacet
  facet normal -0.52345 0.646408 0.55512
    outer loop
      vertex 1.08771 -1.20802 6.04134
      vertex 0.955477 -1.3151 6.04134
      vertex 1.16024 -1.28858 6.20354
    endloop
  endfacet
  facet normal -0.52345 0.646407 0.55512
    outer loop
      vertex 0.955477 -1.3151 6.04134
      vertex 1.01919 -1.4028 6.20354
      vertex 1.16024 -1.28858 6.20354
    endloop
  endfacet
  facet normal -0.617269 0.76225 0.194817
    outer loop
      vertex 1.06224 -1.17974 5.84999
      vertex 0.933109 -1.28431 5.84999
      vertex 1.08771 -1.20802 6.04134
    endloop
  endfacet
  facet normal -0.617263 0.762257 0.19481
    outer loop
      vertex 0.933109 -1.28431 5.84999
      vertex 0.955477 -1.3151 6.04134
      vertex 1.08771 -1.20802 6.04134
    endloop
  endfacet
  facet normal -0.629327 0.777141 0
    outer loop
      vertex 1.06224 -1.17974 0.5
      vertex 0.933109 -1.28431 0.5
      vertex 1.06224 -1.17974 5.84999
    endloop
  endfacet
  facet normal -0.629327 0.777141 0
    outer loop
      vertex 0.933109 -1.28431 0.5
      vertex 0.933109 -1.28431 5.84999
      vertex 1.06224 -1.17974 5.84999
    endloop
  endfacet
  facet normal -0.617261 0.762255 -0.194822
    outer loop
      vertex 1.08771 -1.20802 0.308655
      vertex 0.955477 -1.3151 0.308655
      vertex 1.06224 -1.17974 0.5
    endloop
  endfacet
  facet normal -0.617269 0.762251 -0.194814
    outer loop
      vertex 0.955477 -1.3151 0.308655
      vertex 0.933109 -1.28431 0.5
      vertex 1.06224 -1.17974 0.5
    endloop
  endfacet
  facet normal -0.523451 0.646408 -0.555117
    outer loop
      vertex 1.16024 -1.28858 0.146454
      vertex 1.01919 -1.4028 0.146454
      vertex 1.08771 -1.20802 0.308655
    endloop
  endfacet
  facet normal -0.52345 0.646409 -0.555118
    outer loop
      vertex 1.01919 -1.4028 0.146454
      vertex 0.955477 -1.3151 0.308655
      vertex 1.08771 -1.20802 0.308655
    endloop
  endfacet
  facet normal -0.349984 0.432226 -0.831079
    outer loop
      vertex 1.26878 -1.40912 0.0380554
      vertex 1.11453 -1.53402 0.0380554
      vertex 1.16024 -1.28858 0.146454
    endloop
  endfacet
  facet normal -0.35001 0.432226 -0.831068
    outer loop
      vertex 1.11453 -1.53402 0.0380554
      vertex 1.01919 -1.4028 0.146454
      vertex 1.16024 -1.28858 0.146454
    endloop
  endfacet
  facet normal -0.122925 0.151799 -0.980738
    outer loop
      vertex 1.39681 -1.55131 0
      vertex 1.227 -1.68882 0
      vertex 1.26878 -1.40912 0.0380554
    endloop
  endfacet
  facet normal -0.122914 0.151798 -0.980739
    outer loop
      vertex 1.227 -1.68882 0
      vertex 1.11453 -1.53402 0.0380554
      vertex 1.26878 -1.40912 0.0380554
    endloop
  endfacet
  facet normal -0 0 -1
    outer loop
      vertex 1.78992 -1.98791 0
      vertex 1.57232 -2.16412 0
      vertex 1.39681 -1.55131 0
    endloop
  endfacet
  facet normal 0 0 -1
    outer loop
      vertex 1.57232 -2.16412 0
      vertex 1.227 -1.68882 0
      vertex 1.39681 -1.55131 0
    endloop
  endfacet
  facet normal 0.122913 -0.151791 -0.98074
    outer loop
      vertex 1.91796 -2.13011 0.0380554
      vertex 1.68479 -2.31892 0.0380554
      vertex 1.78992 -1.98791 0
    endloop
  endfacet
  facet normal 0.12292 -0.151793 -0.980739
    outer loop
      vertex 1.68479 -2.31892 0.0380554
      vertex 1.57232 -2.16412 0
      vertex 1.78992 -1.98791 0
    endloop
  endfacet
  facet normal 0.302911 -0.466446 -0.831068
    outer loop
      vertex 1.78013 -2.45014 0.146454
      vertex 1.51427 -2.62279 0.146454
      vertex 1.68479 -2.31892 0.0380554
    endloop
  endfacet
  facet normal 0.302905 -0.466444 -0.831071
    outer loop
      vertex 1.51427 -2.62279 0.146454
      vertex 1.43317 -2.48232 0.0380554
      vertex 1.68479 -2.31892 0.0380554
    endloop
  endfacet
  facet normal 0.453003 -0.697579 -0.555132
    outer loop
      vertex 1.84385 -2.53784 0.308655
      vertex 1.56847 -2.71667 0.308655
      vertex 1.78013 -2.45014 0.146454
    endloop
  endfacet
  facet normal 0.45301 -0.69758 -0.555126
    outer loop
      vertex 1.56847 -2.71667 0.308655
      vertex 1.51427 -2.62279 0.146454
      vertex 1.78013 -2.45014 0.146454
    endloop
  endfacet
  facet normal 0.534239 -0.822594 -0.194753
    outer loop
      vertex 1.86621 -2.56862 0.5
      vertex 1.5875 -2.74963 0.5
      vertex 1.84385 -2.53784 0.308655
    endloop
  endfacet
  facet normal 0.534195 -0.822605 -0.194825
    outer loop
      vertex 1.5875 -2.74963 0.5
      vertex 1.56847 -2.71667 0.308655
      vertex 1.84385 -2.53784 0.308655
    endloop
  endfacet
  facet normal 0.544668 -0.838652 0
    outer loop
      vertex 1.86621 -2.56862 5.84999
      vertex 1.5875 -2.74963 5.84999
      vertex 1.86621 -2.56862 0.5
    endloop
  endfacet
  facet normal 0.544668 -0.838652 0
    outer loop
      vertex 1.5875 -2.74963 5.84999
      vertex 1.5875 -2.74963 0.5
      vertex 1.86621 -2.56862 0.5
    endloop
  endfacet
  facet normal 0.534203 -0.822618 0.194748
    outer loop
      vertex 1.84385 -2.53784 6.04134
      vertex 1.56847 -2.71667 6.04134
      vertex 1.86621 -2.56862 5.84999
    endloop
  endfacet
  facet normal 0.534232 -0.822583 0.19482
    outer loop
      vertex 1.56847 -2.71667 6.04134
      vertex 1.5875 -2.74963 5.84999
      vertex 1.86621 -2.56862 5.84999
    endloop
  endfacet
  facet normal 0.453006 -0.697575 0.555135
    outer loop
      vertex 1.78013 -2.45014 6.20354
      vertex 1.51427 -2.62279 6.20354
      vertex 1.84385 -2.53784 6.04134
    endloop
  endfacet
  facet normal 0.453005 -0.697581 0.555128
    outer loop
      vertex 1.51427 -2.62279 6.20354
      vertex 1.56847 -2.71667 6.04134
      vertex 1.84385 -2.53784 6.04134
    endloop
  endfacet
  facet normal 0.30291 -0.466452 0.831064
    outer loop
      vertex 1.68479 -2.31892 6.31194
      vertex 1.43317 -2.48232 6.31194
      vertex 1.78013 -2.45014 6.20354
    endloop
  endfacet
  facet normal 0.302911 -0.466446 0.831068
    outer loop
      vertex 1.43317 -2.48232 6.31194
      vertex 1.51427 -2.62279 6.20354
      vertex 1.78013 -2.45014 6.20354
    endloop
  endfacet
  facet normal 0.106363 -0.16379 0.980745
    outer loop
      vertex 1.57232 -2.16412 6.34999
      vertex 1.3375 -2.31661 6.34999
      vertex 1.68479 -2.31892 6.31194
    endloop
  endfacet
  facet normal 0.106363 -0.163789 0.980745
    outer loop
      vertex 1.3375 -2.31661 6.34999
      vertex 1.43317 -2.48232 6.31194
      vertex 1.68479 -2.31892 6.31194
    endloop
  endfacet
  facet normal 0 0 1
    outer loop
      vertex 1.227 -1.68882 6.34999
      vertex 1.04375 -1.80783 6.34999
      vertex 1.57232 -2.16412 6.34999
    endloop
  endfacet
  facet normal 0 0 1
    outer loop
      vertex 1.04375 -1.80783 6.34999
      vertex 1.3375 -2.31661 6.34999
      vertex 1.57232 -2.16412 6.34999
    endloop
  endfacet
  facet normal -0.106368 0.163786 0.980745
    outer loop
      vertex 1.11453 -1.53402 6.31194
      vertex 0.948077 -1.64212 6.31194
      vertex 1.227 -1.68882 6.34999
    endloop
  endfacet
  facet normal -0.106368 0.163785 0.980745
    outer loop
      vertex 0.948077 -1.64212 6.31194
      vertex 1.04375 -1.80783 6.34999
      vertex 1.227 -1.68882 6.34999
    endloop
  endfacet
  facet normal -0.302919 0.466446 0.831064
    outer loop
      vertex 1.01919 -1.4028 6.20354
      vertex 0.866977 -1.50165 6.20354
      vertex 1.11453 -1.53402 6.31194
    endloop
  endfacet
  facet normal -0.302921 0.46644 0.831067
    outer loop
      vertex 0.866977 -1.50165 6.20354
      vertex 0.948077 -1.64212 6.31194
      vertex 1.11453 -1.53402 6.31194
    endloop
  endfacet
  facet normal -0.453015 0.69758 0.555121
    outer loop
      vertex 0.955477 -1.3151 6.04134
      vertex 0.812778 -1.40777 6.04134
      vertex 1.01919 -1.4028 6.20354
    endloop
  endfacet
  facet normal -0.453018 0.697574 0.555126
    outer loop
      vertex 0.812778 -1.40777 6.04134
      vertex 0.866977 -1.50165 6.20354
      vertex 1.01919 -1.4028 6.20354
    endloop
  endfacet
  facet normal -0.534242 0.822577 0.194811
    outer loop
      vertex 0.933109 -1.28431 5.84999
      vertex 0.79375 -1.37482 5.84999
      vertex 0.955477 -1.3151 6.04134
    endloop
  endfacet
  facet normal -0.534209 0.822608 0.194773
    outer loop
      vertex 0.79375 -1.37482 5.84999
      vertex 0.812778 -1.40777 6.04134
      vertex 0.955477 -1.3151 6.04134
    endloop
  endfacet
  facet normal -0.544678 0.838645 0
    outer loop
      vertex 0.933109 -1.28431 0.5
      vertex 0.79375 -1.37482 0.5
      vertex 0.933109 -1.28431 5.84999
    endloop
  endfacet
  facet normal -0.544678 0.838645 0
    outer loop
      vertex 0.79375 -1.37482 0.5
      vertex 0.79375 -1.37482 5.84999
      vertex 0.933109 -1.28431 5.84999
    endloop
  endfacet
  facet normal -0.534204 0.822601 -0.194816
    outer loop
      vertex 0.955477 -1.3151 0.308655
      vertex 0.812778 -1.40777 0.308655
      vertex 0.933109 -1.28431 0.5
    endloop
  endfacet
  facet normal -0.534246 0.822583 -0.194778
    outer loop
      vertex 0.812778 -1.40777 0.308655
      vertex 0.79375 -1.37482 0.5
      vertex 0.933109 -1.28431 0.5
    endloop
  endfacet
  facet normal -0.45302 0.697578 -0.555119
    outer loop
      vertex 1.01919 -1.4028 0.146454
      vertex 0.866977 -1.50165 0.146454
      vertex 0.955477 -1.3151 0.308655
    endloop
  endfacet
  facet normal -0.453014 0.697579 -0.555124
    outer loop
      vertex 0.866977 -1.50165 0.146454
      vertex 0.812778 -1.40777 0.308655
      vertex 0.955477 -1.3151 0.308655
    endloop
  endfacet
  facet normal -0.302921 0.466439 -0.831068
    outer loop
      vertex 1.11453 -1.53402 0.0380554
      vertex 0.948077 -1.64212 0.0380554
      vertex 1.01919 -1.4028 0.146454
    endloop
  endfacet
  facet normal -0.302914 0.466438 -0.831071
    outer loop
      vertex 0.948077 -1.64212 0.0380554
      vertex 0.866977 -1.50165 0.146454
      vertex 1.01919 -1.4028 0.146454
    endloop
  endfacet
  facet normal -0.106384 0.163808 -0.980739
    outer loop
      vertex 1.227 -1.68882 0
      vertex 1.04375 -1.80783 0
      vertex 1.11453 -1.53402 0.0380554
    endloop
  endfacet
  facet normal -0.106382 0.163808 -0.980739
    outer loop
      vertex 1.04375 -1.80783 0
      vertex 0.948077 -1.64212 0.0380554
      vertex 1.11453 -1.53402 0.0380554
    endloop
  endfacet
  facet normal -0 0 -1
    outer loop
      vertex 1.57232 -2.16412 0
      vertex 1.3375 -2.31661 0
      vertex 1.227 -1.68882 0
    endloop
  endfacet
  facet normal 0 0 -1
    outer loop
      vertex 1.3375 -2.31661 0
      vertex 1.04375 -1.80783 0
      vertex 1.227 -1.68882 0
    endloop
  endfacet
  facet normal 0.106378 -0.163812 -0.980739
    outer loop
      vertex 1.68479 -2.31892 0.0380554
      vertex 1.43317 -2.48232 0.0380554
      vertex 1.57232 -2.16412 0
    endloop
  endfacet
  facet normal 0.106378 -0.163812 -0.980739
    outer loop
      vertex 1.43317 -2.48232 0.0380554
      vertex 1.3375 -2.31661 0
      vertex 1.57232 -2.16412 0
    endloop
  endfacet
  facet normal 0.252501 -0.495545 -0.831071
    outer loop
      vertex 1.51427 -2.62279 0.146454
      vertex 1.23182 -2.76671 0.146454
      vertex 1.43317 -2.48232 0.0380554
    endloop
  endfacet
  facet normal 0.252499 -0.495544 -0.831072
    outer loop
      vertex 1.23182 -2.76671 0.146454
      vertex 1.16585 -2.61853 0.0380554
      vertex 1.43317 -2.48232 0.0380554
    endloop
  endfacet
  facet normal 0.37762 -0.741106 -0.555126
    outer loop
      vertex 1.56847 -2.71667 0.308655
      vertex 1.27591 -2.86574 0.308655
      vertex 1.51427 -2.62279 0.146454
    endloop
  endfacet
  facet normal 0.377625 -0.741107 -0.555122
    outer loop
      vertex 1.27591 -2.86574 0.308655
      vertex 1.23182 -2.76671 0.146454
      vertex 1.51427 -2.62279 0.146454
    endloop
  endfacet
  facet normal 0.445278 -0.87394 -0.194825
    outer loop
      vertex 1.5875 -2.74963 0.5
      vertex 1.29139 -2.9005 0.5
      vertex 1.56847 -2.71667 0.308655
    endloop
  endfacet
  facet normal 0.445302 -0.873936 -0.194786
    outer loop
      vertex 1.29139 -2.9005 0.5
      vertex 1.27591 -2.86574 0.308655
      vertex 1.56847 -2.71667 0.308655
    endloop
  endfacet
  facet normal 0.453977 -0.891013 0
    outer loop
      vertex 1.5875 -2.74963 5.84999
      vertex 1.29139 -2.9005 5.84999
      vertex 1.5875 -2.74963 0.5
    endloop
  endfacet
  facet normal 0.453977 -0.891013 0
    outer loop
      vertex 1.29139 -2.9005 5.84999
      vertex 1.29139 -2.9005 0.5
      vertex 1.5875 -2.74963 0.5
    endloop
  endfacet
  facet normal 0.445299 -0.87393 0.19482
    outer loop
      vertex 1.56847 -2.71667 6.04134
      vertex 1.27591 -2.86574 6.04134
      vertex 1.5875 -2.74963 5.84999
    endloop
  endfacet
  facet normal 0.445282 -0.873947 0.194781
    outer loop
      vertex 1.27591 -2.86574 6.04134
      vertex 1.29139 -2.9005 5.84999
      vertex 1.5875 -2.74963 5.84999
    endloop
  endfacet
  facet normal 0.377623 -0.741103 0.555129
    outer loop
      vertex 1.51427 -2.62279 6.20354
      vertex 1.23182 -2.76671 6.20354
      vertex 1.56847 -2.71667 6.04134
    endloop
  endfacet
  facet normal 0.377621 -0.741107 0.555124
    outer loop
      vertex 1.23182 -2.76671 6.20354
      vertex 1.27591 -2.86574 6.04134
      vertex 1.56847 -2.71667 6.04134
    endloop
  endfacet
  facet normal 0.252502 -0.495549 0.831068
    outer loop
      vertex 1.43317 -2.48232 6.31194
      vertex 1.16585 -2.61853 6.31194
      vertex 1.51427 -2.62279 6.20354
    endloop
  endfacet
  facet normal 0.252502 -0.495548 0.831069
    outer loop
      vertex 1.16585 -2.61853 6.31194
      vertex 1.23182 -2.76671 6.20354
      vertex 1.51427 -2.62279 6.20354
    endloop
  endfacet
  facet normal 0.088664 -0.174008 0.980745
    outer loop
      vertex 1.3375 -2.31661 6.34999
      vertex 1.08802 -2.44373 6.34999
      vertex 1.43317 -2.48232 6.31194
    endloop
  endfacet
  facet normal 0.0886639 -0.174008 0.980745
    outer loop
      vertex 1.08802 -2.44373 6.34999
      vertex 1.16585 -2.61853 6.31194
      vertex 1.43317 -2.48232 6.31194
    endloop
  endfacet
  facet normal 0 0 1
    outer loop
      vertex 1.04375 -1.80783 6.34999
      vertex 0.849063 -1.90703 6.34999
      vertex 1.3375 -2.31661 6.34999
    endloop
  endfacet
  facet normal 0 0 1
    outer loop
      vertex 0.849063 -1.90703 6.34999
      vertex 1.08802 -2.44373 6.34999
      vertex 1.3375 -2.31661 6.34999
    endloop
  endfacet
  facet normal -0.0886576 0.17401 0.980745
    outer loop
      vertex 0.948077 -1.64212 6.31194
      vertex 0.771236 -1.73222 6.31194
      vertex 1.04375 -1.80783 6.34999
    endloop
  endfacet
  facet normal -0.0886601 0.174002 0.980746
    outer loop
      vertex 0.771236 -1.73222 6.31194
      vertex 0.849063 -1.90703 6.34999
      vertex 1.04375 -1.80783 6.34999
    endloop
  endfacet
  facet normal -0.252503 0.495549 0.831068
    outer loop
      vertex 0.866977 -1.50165 6.20354
      vertex 0.705263 -1.58405 6.20354
      vertex 0.948077 -1.64212 6.31194
    endloop
  endfacet
  facet normal -0.252493 0.495572 0.831057
    outer loop
      vertex 0.705263 -1.58405 6.20354
      vertex 0.771236 -1.73222 6.31194
      vertex 0.948077 -1.64212 6.31194
    endloop
  endfacet
  facet normal -0.377627 0.741102 0.555127
    outer loop
      vertex 0.812778 -1.40777 6.04134
      vertex 0.661173 -1.48502 6.04134
      vertex 0.866977 -1.50165 6.20354
    endloop
  endfacet
  facet normal -0.377624 0.741106 0.555124
    outer loop
      vertex 0.661173 -1.48502 6.04134
      vertex 0.705263 -1.58405 6.20354
      vertex 0.866977 -1.50165 6.20354
    endloop
  endfacet
  facet normal -0.445257 0.873962 0.194771
    outer loop
      vertex 0.79375 -1.37482 5.84999
      vertex 0.645694 -1.45025 5.84999
      vertex 0.812778 -1.40777 6.04134
    endloop
  endfacet
  facet normal -0.445307 0.873926 0.194823
    outer loop
      vertex 0.645694 -1.45025 5.84999
      vertex 0.661173 -1.48502 6.04134
      vertex 0.812778 -1.40777 6.04134
    endloop
  endfacet
  facet normal -0.453951 0.891027 0
    outer loop
      vertex 0.79375 -1.37482 0.5
      vertex 0.645694 -1.45025 0.5
      vertex 0.79375 -1.37482 5.84999
    endloop
  endfacet
  facet normal -0.453951 0.891027 0
    outer loop
      vertex 0.645694 -1.45025 0.5
      vertex 0.645694 -1.45025 5.84999
      vertex 0.79375 -1.37482 5.84999
    endloop
  endfacet
  facet normal -0.445311 0.873934 -0.194776
    outer loop
      vertex 0.812778 -1.40777 0.308655
      vertex 0.661173 -1.48502 0.308655
      vertex 0.79375 -1.37482 0.5
    endloop
  endfacet
  facet normal -0.445252 0.873952 -0.194828
    outer loop
      vertex 0.661173 -1.48502 0.308655
      vertex 0.645694 -1.45025 0.5
      vertex 0.79375 -1.37482 0.5
    endloop
  endfacet
  facet normal -0.377624 0.741105 -0.555125
    outer loop
      vertex 0.866977 -1.50165 0.146454
      vertex 0.705263 -1.58405 0.146454
      vertex 0.812778 -1.40777 0.308655
    endloop
  endfacet
  facet normal -0.377628 0.741105 -0.555122
    outer loop
      vertex 0.705263 -1.58405 0.146454
      vertex 0.661173 -1.48502 0.308655
      vertex 0.812778 -1.40777 0.308655
    endloop
  endfacet
  facet normal -0.252483 0.495554 -0.831071
    outer loop
      vertex 0.948077 -1.64212 0.0380554
      vertex 0.771236 -1.73222 0.0380554
      vertex 0.866977 -1.50165 0.146454
    endloop
  endfacet
  facet normal -0.252508 0.495559 -0.83106
    outer loop
      vertex 0.771236 -1.73222 0.0380554
      vertex 0.705263 -1.58405 0.146454
      vertex 0.866977 -1.50165 0.146454
    endloop
  endfacet
  facet normal -0.0886749 0.174031 -0.98074
    outer loop
      vertex 1.04375 -1.80783 0
      vertex 0.849063 -1.90703 0
      vertex 0.948077 -1.64212 0.0380554
    endloop
  endfacet
  facet normal -0.0886667 0.174028 -0.980741
    outer loop
      vertex 0.849063 -1.90703 0
      vertex 0.771236 -1.73222 0.0380554
      vertex 0.948077 -1.64212 0.0380554
    endloop
  endfacet
  facet normal -0 0 -1
    outer loop
      vertex 1.3375 -2.31661 0
      vertex 1.08802 -2.44373 0
      vertex 1.04375 -1.80783 0
    endloop
  endfacet
  facet normal 0 0 -1
    outer loop
      vertex 1.08802 -2.44373 0
      vertex 0.849063 -1.90703 0
      vertex 1.04375 -1.80783 0
    endloop
  endfacet
  facet normal 0.088676 -0.174032 -0.980739
    outer loop
      vertex 1.43317 -2.48232 0.0380554
      vertex 1.16585 -2.61853 0.0380554
      vertex 1.3375 -2.31661 0
    endloop
  endfacet
  facet normal 0.0886761 -0.174032 -0.980739
    outer loop
      vertex 1.16585 -2.61853 0.0380554
      vertex 1.08802 -2.44373 0
      vertex 1.3375 -2.31661 0
    endloop
  endfacet
  facet normal 0.199304 -0.519227 -0.831073
    outer loop
      vertex 1.23182 -2.76671 0.146454
      vertex 0.93587 -2.88031 0.146454
      vertex 1.16585 -2.61853 0.0380554
    endloop
  endfacet
  facet normal 0.199311 -0.519231 -0.831068
    outer loop
      vertex 0.93587 -2.88031 0.146454
      vertex 0.885747 -2.72605 0.0380554
      vertex 1.16585 -2.61853 0.0380554
    endloop
  endfacet
  facet normal 0.298077 -0.776524 -0.555122
    outer loop
      vertex 1.27591 -2.86574 0.308655
      vertex 0.969367 -2.98341 0.308655
      vertex 1.23182 -2.76671 0.146454
    endloop
  endfacet
  facet normal 0.298066 -0.776519 -0.555135
    outer loop
      vertex 0.969367 -2.98341 0.308655
      vertex 0.93587 -2.88031 0.146454
      vertex 1.23182 -2.76671 0.146454
    endloop
  endfacet
  facet normal 0.351507 -0.915698 -0.194784
    outer loop
      vertex 1.29139 -2.9005 0.5
      vertex 0.981127 -3.0196 0.5
      vertex 1.27591 -2.86574 0.308655
    endloop
  endfacet
  facet normal 0.351501 -0.915698 -0.194793
    outer loop
      vertex 0.981127 -3.0196 0.5
      vertex 0.969367 -2.98341 0.308655
      vertex 1.27591 -2.86574 0.308655
    endloop
  endfacet
  facet normal 0.358371 -0.933579 0
    outer loop
      vertex 1.29139 -2.9005 5.84999
      vertex 0.981127 -3.0196 5.84999
      vertex 1.29139 -2.9005 0.5
    endloop
  endfacet
  facet normal 0.358371 -0.933579 0
    outer loop
      vertex 0.981127 -3.0196 5.84999
      vertex 0.981127 -3.0196 0.5
      vertex 1.29139 -2.9005 0.5
    endloop
  endfacet
  facet normal 0.351502 -0.915701 0.194779
    outer loop
      vertex 1.27591 -2.86574 6.04134
      vertex 0.969367 -2.98341 6.04134
      vertex 1.29139 -2.9005 5.84999
    endloop
  endfacet
  facet normal 0.351507 -0.915697 0.194789
    outer loop
      vertex 0.969367 -2.98341 6.04134
      vertex 0.981127 -3.0196 5.84999
      vertex 1.29139 -2.9005 5.84999
    endloop
  endfacet
  facet normal 0.298068 -0.776526 0.555124
    outer loop
      vertex 1.23182 -2.76671 6.20354
      vertex 0.93587 -2.88031 6.20354
      vertex 1.27591 -2.86574 6.04134
    endloop
  endfacet
  facet normal 0.298074 -0.776515 0.555137
    outer loop
      vertex 0.93587 -2.88031 6.20354
      vertex 0.969367 -2.98341 6.04134
      vertex 1.27591 -2.86574 6.04134
    endloop
  endfacet
  facet normal 0.199311 -0.519229 0.831069
    outer loop
      vertex 1.16585 -2.61853 6.31194
      vertex 0.885747 -2.72605 6.31194
      vertex 1.23182 -2.76671 6.20354
    endloop
  endfacet
  facet normal 0.199308 -0.519237 0.831065
    outer loop
      vertex 0.885747 -2.72605 6.31194
      vertex 0.93587 -2.88031 6.20354
      vertex 1.23182 -2.76671 6.20354
    endloop
  endfacet
  facet normal 0.0699861 -0.182324 0.980744
    outer loop
      vertex 1.08802 -2.44373 6.34999
      vertex 0.826619 -2.54407 6.34999
      vertex 1.16585 -2.61853 6.31194
    endloop
  endfacet
  facet normal 0.0699864 -0.182323 0.980745
    outer loop
      vertex 0.826619 -2.54407 6.34999
      vertex 0.885747 -2.72605 6.31194
      vertex 1.16585 -2.61853 6.31194
    endloop
  endfacet
  facet normal 0 0 1
    outer loop
      vertex 0.849063 -1.90703 6.34999
      vertex 0.645073 -1.98533 6.34999
      vertex 1.08802 -2.44373 6.34999
    endloop
  endfacet
  facet normal 0 0 1
    outer loop
      vertex 0.645073 -1.98533 6.34999
      vertex 0.826619 -2.54407 6.34999
      vertex 1.08802 -2.44373 6.34999
    endloop
  endfacet
  facet normal -0.0699872 0.182315 0.980746
    outer loop
      vertex 0.771236 -1.73222 6.31194
      vertex 0.585944 -1.80335 6.31194
      vertex 0.849063 -1.90703 6.34999
    endloop
  endfacet
  facet normal -0.0699836 0.182324 0.980745
    outer loop
      vertex 0.585944 -1.80335 6.31194
      vertex 0.645073 -1.98533 6.34999
      vertex 0.849063 -1.90703 6.34999
    endloop
  endfacet
  facet normal -0.199313 0.51925 0.831056
    outer loop
      vertex 0.705263 -1.58405 6.20354
      vertex 0.535821 -1.64909 6.20354
      vertex 0.771236 -1.73222 6.31194
    endloop
  endfacet
  facet normal -0.199323 0.519232 0.831065
    outer loop
      vertex 0.535821 -1.64909 6.20354
      vertex 0.585944 -1.80335 6.31194
      vertex 0.771236 -1.73222 6.31194
    endloop
  endfacet
  facet normal -0.298094 0.776515 0.555125
    outer loop
      vertex 0.661173 -1.48502 6.04134
      vertex 0.502324 -1.546 6.04134
      vertex 0.705263 -1.58405 6.20354
    endloop
  endfacet
  facet normal -0.298073 0.776538 0.555104
    outer loop
      vertex 0.502324 -1.546 6.04134
      vertex 0.535821 -1.64909 6.20354
      vertex 0.705263 -1.58405 6.20354
    endloop
  endfacet
  facet normal -0.351507 0.915689 0.194824
    outer loop
      vertex 0.645694 -1.45025 5.84999
      vertex 0.490564 -1.5098 5.84999
      vertex 0.661173 -1.48502 6.04134
    endloop
  endfacet
  facet normal -0.351518 0.915683 0.194834
    outer loop
      vertex 0.490564 -1.5098 5.84999
      vertex 0.502324 -1.546 6.04134
      vertex 0.661173 -1.48502 6.04134
    endloop
  endfacet
  facet normal -0.358374 0.933578 0
    outer loop
      vertex 0.645694 -1.45025 0.5
      vertex 0.490564 -1.5098 0.5
      vertex 0.645694 -1.45025 5.84999
    endloop
  endfacet
  facet normal -0.358374 0.933578 0
    outer loop
      vertex 0.490564 -1.5098 0.5
      vertex 0.490564 -1.5098 5.84999
      vertex 0.645694 -1.45025 5.84999
    endloop
  endfacet
  facet normal -0.351519 0.915684 -0.194829
    outer loop
      vertex 0.661173 -1.48502 0.308655
      vertex 0.502324 -1.546 0.308655
      vertex 0.645694 -1.45025 0.5
    endloop
  endfacet
  facet normal -0.351506 0.915686 -0.194839
    outer loop
      vertex 0.502324 -1.546 0.308655
      vertex 0.490564 -1.5098 0.5
      vertex 0.645694 -1.45025 0.5
    endloop
  endfacet
  facet normal -0.298069 0.776527 -0.555122
    outer loop
      vertex 0.705263 -1.58405 0.146454
      vertex 0.535821 -1.64909 0.146454
      vertex 0.661173 -1.48502 0.308655
    endloop
  endfacet
  facet normal -0.2981 0.77653 -0.555101
    outer loop
      vertex 0.535821 -1.64909 0.146454
      vertex 0.502324 -1.546 0.308655
      vertex 0.661173 -1.48502 0.308655
    endloop
  endfacet
  facet normal -0.199326 0.519239 -0.83106
    outer loop
      vertex 0.771236 -1.73222 0.0380554
      vertex 0.585944 -1.80335 0.0380554
      vertex 0.705263 -1.58405 0.146454
    endloop
  endfacet
  facet normal -0.199306 0.519233 -0.831068
    outer loop
      vertex 0.585944 -1.80335 0.0380554
      vertex 0.535821 -1.64909 0.146454
      vertex 0.705263 -1.58405 0.146454
    endloop
  endfacet
  facet normal -0.0699908 0.182343 -0.980741
    outer loop
      vertex 0.849063 -1.90703 0
      vertex 0.645073 -1.98533 0
      vertex 0.771236 -1.73222 0.0380554
    endloop
  endfacet
  facet normal -0.0699993 0.182347 -0.980739
    outer loop
      vertex 0.645073 -1.98533 0
      vertex 0.585944 -1.80335 0.0380554
      vertex 0.771236 -1.73222 0.0380554
    endloop
  endfacet
  facet normal -0 0 -1
    outer loop
      vertex 1.08802 -2.44373 0
      vertex 0.826619 -2.54407 0
      vertex 0.849063 -1.90703 0
    endloop
  endfacet
  facet normal 0 0 -1
    outer loop
      vertex 0.826619 -2.54407 0
      vertex 0.645073 -1.98533 0
      vertex 0.849063 -1.90703 0
    endloop
  endfacet
  facet normal 0.0699963 -0.182349 -0.980739
    outer loop
      vertex 1.16585 -2.61853 0.0380554
      vertex 0.885747 -2.72605 0.0380554
      vertex 1.08802 -2.44373 0
    endloop
  endfacet
  facet normal 0.0699953 -0.182348 -0.980739
    outer loop
      vertex 0.885747 -2.72605 0.0380554
      vertex 0.826619 -2.54407 0
      vertex 1.08802 -2.44373 0
    endloop
  endfacet
  facet normal 0.143954 -0.537218 -0.831068
    outer loop
      vertex 0.93587 -2.88031 0.146454
      vertex 0.629669 -2.96236 0.146454
      vertex 0.885747 -2.72605 0.0380554
    endloop
  endfacet
  facet normal 0.14394 -0.537208 -0.831077
    outer loop
      vertex 0.629669 -2.96236 0.146454
      vertex 0.595945 -2.8037 0.0380554
      vertex 0.885747 -2.72605 0.0380554
    endloop
  endfacet
  facet normal 0.215268 -0.80342 -0.555135
    outer loop
      vertex 0.969367 -2.98341 0.308655
      vertex 0.652206 -3.06839 0.308655
      vertex 0.93587 -2.88031 0.146454
    endloop
  endfacet
  facet normal 0.215288 -0.803431 -0.555112
    outer loop
      vertex 0.652206 -3.06839 0.308655
      vertex 0.629669 -2.96236 0.146454
      vertex 0.93587 -2.88031 0.146454
    endloop
  endfacet
  facet normal 0.25385 -0.947426 -0.194793
    outer loop
      vertex 0.981127 -3.0196 0.5
      vertex 0.660118 -3.10561 0.5
      vertex 0.969367 -2.98341 0.308655
    endloop
  endfacet
  facet normal 0.253853 -0.947426 -0.194788
    outer loop
      vertex 0.660118 -3.10561 0.5
      vertex 0.652206 -3.06839 0.308655
      vertex 0.969367 -2.98341 0.308655
    endloop
  endfacet
  facet normal 0.258808 -0.965929 0
    outer loop
      vertex 0.981127 -3.0196 5.84999
      vertex 0.660118 -3.10561 5.84999
      vertex 0.981127 -3.0196 0.5
    endloop
  endfacet
  facet normal 0.258808 -0.965929 0
    outer loop
      vertex 0.660118 -3.10561 5.84999
      vertex 0.660118 -3.10561 0.5
      vertex 0.981127 -3.0196 0.5
    endloop
  endfacet
  facet normal 0.253853 -0.947426 0.194788
    outer loop
      vertex 0.969367 -2.98341 6.04134
      vertex 0.652206 -3.06839 6.04134
      vertex 0.981127 -3.0196 5.84999
    endloop
  endfacet
  facet normal 0.25385 -0.947428 0.194783
    outer loop
      vertex 0.652206 -3.06839 6.04134
      vertex 0.660118 -3.10561 5.84999
      vertex 0.981127 -3.0196 5.84999
    endloop
  endfacet
  facet normal 0.215284 -0.803414 0.555138
    outer loop
      vertex 0.93587 -2.88031 6.20354
      vertex 0.629669 -2.96236 6.20354
      vertex 0.969367 -2.98341 6.04134
    endloop
  endfacet
  facet normal 0.215272 -0.803434 0.555115
    outer loop
      vertex 0.629669 -2.96236 6.20354
      vertex 0.652206 -3.06839 6.04134
      vertex 0.969367 -2.98341 6.04134
    endloop
  endfacet
  facet normal 0.143945 -0.537226 0.831065
    outer loop
      vertex 0.885747 -2.72605 6.31194
      vertex 0.595945 -2.8037 6.31194
      vertex 0.93587 -2.88031 6.20354
    endloop
  endfacet
  facet normal 0.143951 -0.53721 0.831074
    outer loop
      vertex 0.595945 -2.8037 6.31194
      vertex 0.629669 -2.96236 6.20354
      vertex 0.93587 -2.88031 6.20354
    endloop
  endfacet
  facet normal 0.0505467 -0.188639 0.980745
    outer loop
      vertex 0.826619 -2.54407 6.34999
      vertex 0.556162 -2.61654 6.34999
      vertex 0.885747 -2.72605 6.31194
    endloop
  endfacet
  facet normal 0.0505454 -0.188643 0.980744
    outer loop
      vertex 0.556162 -2.61654 6.34999
      vertex 0.595945 -2.8037 6.31194
      vertex 0.885747 -2.72605 6.31194
    endloop
  endfacet
  facet normal 0 0 1
    outer loop
      vertex 0.645073 -1.98533 6.34999
      vertex 0.434016 -2.04188 6.34999
      vertex 0.826619 -2.54407 6.34999
    endloop
  endfacet
  facet normal 0 0 1
    outer loop
      vertex 0.434016 -2.04188 6.34999
      vertex 0.556162 -2.61654 6.34999
      vertex 0.826619 -2.54407 6.34999
    endloop
  endfacet
  facet normal -0.0505469 0.188639 0.980745
    outer loop
      vertex 0.585944 -1.80335 6.31194
      vertex 0.394233 -1.85472 6.31194
      vertex 0.645073 -1.98533 6.34999
    endloop
  endfacet
  facet normal -0.0505446 0.188643 0.980744
    outer loop
      vertex 0.394233 -1.85472 6.31194
      vertex 0.434016 -2.04188 6.34999
      vertex 0.645073 -1.98533 6.34999
    endloop
  endfacet
  facet normal -0.143936 0.537229 0.831064
    outer loop
      vertex 0.535821 -1.64909 6.20354
      vertex 0.360509 -1.69606 6.20354
      vertex 0.585944 -1.80335 6.31194
    endloop
  endfacet
  facet normal -0.143949 0.537211 0.831074
    outer loop
      vertex 0.360509 -1.69606 6.20354
      vertex 0.394233 -1.85472 6.31194
      vertex 0.585944 -1.80335 6.31194
    endloop
  endfacet
  facet normal -0.215245 0.803449 0.555103
    outer loop
      vertex 0.502324 -1.546 6.04134
      vertex 0.337972 -1.59003 6.04134
      vertex 0.535821 -1.64909 6.20354
    endloop
  endfacet
  facet normal -0.215259 0.803437 0.555115
    outer loop
      vertex 0.337972 -1.59003 6.04134
      vertex 0.360509 -1.69606 6.20354
      vertex 0.535821 -1.64909 6.20354
    endloop
  endfacet
  facet normal -0.253876 0.94741 0.194836
    outer loop
      vertex 0.490564 -1.5098 5.84999
      vertex 0.33006 -1.55281 5.84999
      vertex 0.502324 -1.546 6.04134
    endloop
  endfacet
  facet normal -0.253819 0.947436 0.194783
    outer loop
      vertex 0.33006 -1.55281 5.84999
      vertex 0.337972 -1.59003 6.04134
      vertex 0.502324 -1.546 6.04134
    endloop
  endfacet
  facet normal -0.258836 0.965921 0
    outer loop
      vertex 0.490564 -1.5098 0.5
      vertex 0.33006 -1.55281 0.5
      vertex 0.490564 -1.5098 5.84999
    endloop
  endfacet
  facet normal -0.258836 0.965921 0
    outer loop
      vertex 0.33006 -1.55281 0.5
      vertex 0.33006 -1.55281 5.84999
      vertex 0.490564 -1.5098 5.84999
    endloop
  endfacet
  facet normal -0.253816 0.947425 -0.19484
    outer loop
      vertex 0.502324 -1.546 0.308655
      vertex 0.337972 -1.59003 0.308655
      vertex 0.490564 -1.5098 0.5
    endloop
  endfacet
  facet normal -0.253878 0.947419 -0.194788
    outer loop
      vertex 0.337972 -1.59003 0.308655
      vertex 0.33006 -1.55281 0.5
      vertex 0.490564 -1.5098 0.5
    endloop
  endfacet
  facet normal -0.215261 0.803446 -0.555101
    outer loop
      vertex 0.535821 -1.64909 0.146454
      vertex 0.360509 -1.69606 0.146454
      vertex 0.502324 -1.546 0.308655
    endloop
  endfacet
  facet normal -0.215243 0.803442 -0.555113
    outer loop
      vertex 0.360509 -1.69606 0.146454
      vertex 0.337972 -1.59003 0.308655
      vertex 0.502324 -1.546 0.308655
    endloop
  endfacet
  facet normal -0.143951 0.537219 -0.831068
    outer loop
      vertex 0.585944 -1.80335 0.0380554
      vertex 0.394233 -1.85472 0.0380554
      vertex 0.535821 -1.64909 0.146454
    endloop
  endfacet
  facet normal -0.143931 0.53721 -0.831077
    outer loop
      vertex 0.394233 -1.85472 0.0380554
      vertex 0.360509 -1.69606 0.146454
      vertex 0.535821 -1.64909 0.146454
    endloop
  endfacet
  facet normal -0.0505506 0.188666 -0.980739
    outer loop
      vertex 0.645073 -1.98533 0
      vertex 0.434016 -2.04188 0
      vertex 0.585944 -1.80335 0.0380554
    endloop
  endfacet
  facet normal -0.0505547 0.188668 -0.980739
    outer loop
      vertex 0.434016 -2.04188 0
      vertex 0.394233 -1.85472 0.0380554
      vertex 0.585944 -1.80335 0.0380554
    endloop
  endfacet
  facet normal -0 0 -1
    outer loop
      vertex 0.826619 -2.54407 0
      vertex 0.556162 -2.61654 0
      vertex 0.645073 -1.98533 0
    endloop
  endfacet
  facet normal 0 0 -1
    outer loop
      vertex 0.556162 -2.61654 0
      vertex 0.434016 -2.04188 0
      vertex 0.645073 -1.98533 0
    endloop
  endfacet
  facet normal 0.0505514 -0.188666 -0.980739
    outer loop
      vertex 0.885747 -2.72605 0.0380554
      vertex 0.595945 -2.8037 0.0380554
      vertex 0.826619 -2.54407 0
    endloop
  endfacet
  facet normal 0.0505545 -0.188669 -0.980739
    outer loop
      vertex 0.595945 -2.8037 0.0380554
      vertex 0.556162 -2.61654 0
      vertex 0.826619 -2.54407 0
    endloop
  endfacet
  facet normal 0.0870019 -0.54931 -0.831077
    outer loop
      vertex 0.629669 -2.96236 0.146454
      vertex 0.316569 -3.01195 0.146454
      vertex 0.595945 -2.8037 0.0380554
    endloop
  endfacet
  facet normal 0.0870149 -0.549323 -0.831067
    outer loop
      vertex 0.316569 -3.01195 0.146454
      vertex 0.299614 -2.85064 0.0380554
      vertex 0.595945 -2.8037 0.0380554
    endloop
  endfacet
  facet normal 0.130106 -0.821537 -0.555112
    outer loop
      vertex 0.652206 -3.06839 0.308655
      vertex 0.327899 -3.11975 0.308655
      vertex 0.629669 -2.96236 0.146454
    endloop
  endfacet
  facet normal 0.13012 -0.821546 -0.555095
    outer loop
      vertex 0.327899 -3.11975 0.308655
      vertex 0.316569 -3.01195 0.146454
      vertex 0.629669 -2.96236 0.146454
    endloop
  endfacet
  facet normal 0.153443 -0.968769 -0.194788
    outer loop
      vertex 0.660118 -3.10561 0.5
      vertex 0.331877 -3.1576 0.5
      vertex 0.652206 -3.06839 0.308655
    endloop
  endfacet
  facet normal 0.153422 -0.968765 -0.194821
    outer loop
      vertex 0.331877 -3.1576 0.5
      vertex 0.327899 -3.11975 0.308655
      vertex 0.652206 -3.06839 0.308655
    endloop
  endfacet
  facet normal 0.15644 -0.987688 0
    outer loop
      vertex 0.660118 -3.10561 5.84999
      vertex 0.331877 -3.1576 5.84999
      vertex 0.660118 -3.10561 0.5
    endloop
  endfacet
  facet normal 0.15644 -0.987688 0
    outer loop
      vertex 0.331877 -3.1576 5.84999
      vertex 0.331877 -3.1576 0.5
      vertex 0.660118 -3.10561 0.5
    endloop
  endfacet
  facet normal 0.153423 -0.968773 0.194782
    outer loop
      vertex 0.652206 -3.06839 6.04134
      vertex 0.327899 -3.11975 6.04134
      vertex 0.660118 -3.10561 5.84999
    endloop
  endfacet
  facet normal 0.153442 -0.968763 0.194816
    outer loop
      vertex 0.327899 -3.11975 6.04134
      vertex 0.331877 -3.1576 5.84999
      vertex 0.660118 -3.10561 5.84999
    endloop
  endfacet
  facet normal 0.130118 -0.821533 0.555115
    outer loop
      vertex 0.629669 -2.96236 6.20354
      vertex 0.316569 -3.01195 6.20354
      vertex 0.652206 -3.06839 6.04134
    endloop
  endfacet
  facet normal 0.130107 -0.821547 0.555098
    outer loop
      vertex 0.316569 -3.01195 6.20354
      vertex 0.327899 -3.11975 6.04134
      vertex 0.652206 -3.06839 6.04134
    endloop
  endfacet
  facet normal 0.0870133 -0.549313 0.831074
    outer loop
      vertex 0.595945 -2.8037 6.31194
      vertex 0.299614 -2.85064 6.31194
      vertex 0.629669 -2.96236 6.20354
    endloop
  endfacet
  facet normal 0.0870048 -0.549329 0.831064
    outer loop
      vertex 0.299614 -2.85064 6.31194
      vertex 0.316569 -3.01195 6.20354
      vertex 0.629669 -2.96236 6.20354
    endloop
  endfacet
  facet normal 0.0305506 -0.192893 0.980744
    outer loop
      vertex 0.556162 -2.61654 6.34999
      vertex 0.279613 -2.66034 6.34999
      vertex 0.595945 -2.8037 6.31194
    endloop
  endfacet
  facet normal 0.0305539 -0.192886 0.980745
    outer loop
      vertex 0.279613 -2.66034 6.34999
      vertex 0.299614 -2.85064 6.31194
      vertex 0.595945 -2.8037 6.31194
    endloop
  endfacet
  facet normal 0 0 1
    outer loop
      vertex 0.434016 -2.04188 6.34999
      vertex 0.218203 -2.07606 6.34999
      vertex 0.556162 -2.61654 6.34999
    endloop
  endfacet
  facet normal 0 0 1
    outer loop
      vertex 0.218203 -2.07606 6.34999
      vertex 0.279613 -2.66034 6.34999
      vertex 0.556162 -2.61654 6.34999
    endloop
  endfacet
  facet normal -0.0305529 0.192893 0.980744
    outer loop
      vertex 0.394233 -1.85472 6.31194
      vertex 0.198202 -1.88577 6.31194
      vertex 0.434016 -2.04188 6.34999
    endloop
  endfacet
  facet normal -0.0305505 0.192896 0.980743
    outer loop
      vertex 0.198202 -1.88577 6.31194
      vertex 0.218203 -2.07606 6.34999
      vertex 0.434016 -2.04188 6.34999
    endloop
  endfacet
  facet normal -0.0870263 0.54931 0.831074
    outer loop
      vertex 0.360509 -1.69606 6.20354
      vertex 0.181248 -1.72446 6.20354
      vertex 0.394233 -1.85472 6.31194
    endloop
  endfacet
  facet normal -0.08701 0.549328 0.831064
    outer loop
      vertex 0.181248 -1.72446 6.20354
      vertex 0.198202 -1.88577 6.31194
      vertex 0.394233 -1.85472 6.31194
    endloop
  endfacet
  facet normal -0.130131 0.821531 0.555115
    outer loop
      vertex 0.337972 -1.59003 6.04134
      vertex 0.169917 -1.61665 6.04134
      vertex 0.360509 -1.69606 6.20354
    endloop
  endfacet
  facet normal -0.130151 0.821516 0.555132
    outer loop
      vertex 0.169917 -1.61665 6.04134
      vertex 0.181248 -1.72446 6.20354
      vertex 0.360509 -1.69606 6.20354
    endloop
  endfacet
  facet normal -0.153414 0.968774 0.194782
    outer loop
      vertex 0.33006 -1.55281 5.84999
      vertex 0.165939 -1.5788 5.84999
      vertex 0.337972 -1.59003 6.04134
    endloop
  endfacet
  facet normal -0.153452 0.968762 0.194816
    outer loop
      vertex 0.165939 -1.5788 5.84999
      vertex 0.169917 -1.61665 6.04134
      vertex 0.337972 -1.59003 6.04134
    endloop
  endfacet
  facet normal -0.15641 0.987692 0
    outer loop
      vertex 0.33006 -1.55281 0.5
      vertex 0.165939 -1.5788 0.5
      vertex 0.33006 -1.55281 5.84999
    endloop
  endfacet
  facet normal -0.15641 0.987692 0
    outer loop
      vertex 0.165939 -1.5788 0.5
      vertex 0.165939 -1.5788 5.84999
      vertex 0.33006 -1.55281 5.84999
    endloop
  endfacet
  facet normal -0.153453 0.968767 -0.194788
    outer loop
      vertex 0.337972 -1.59003 0.308655
      vertex 0.169917 -1.61665 0.308655
      vertex 0.33006 -1.55281 0.5
    endloop
  endfacet
  facet normal -0.153413 0.968767 -0.194821
    outer loop
      vertex 0.169917 -1.61665 0.308655
      vertex 0.165939 -1.5788 0.5
      vertex 0.33006 -1.55281 0.5
    endloop
  endfacet
  facet normal -0.130153 0.821529 -0.555113
    outer loop
      vertex 0.360509 -1.69606 0.146454
      vertex 0.181248 -1.72446 0.146454
      vertex 0.337972 -1.59003 0.308655
    endloop
  endfacet
  facet normal -0.130129 0.821521 -0.55513
    outer loop
      vertex 0.181248 -1.72446 0.146454
      vertex 0.169917 -1.61665 0.308655
      vertex 0.337972 -1.59003 0.308655
    endloop
  endfacet
  facet normal -0.0870069 0.549309 -0.831077
    outer loop
      vertex 0.394233 -1.85472 0.0380554
      vertex 0.198202 -1.88577 0.0380554
      vertex 0.360509 -1.69606 0.146454
    endloop
  endfacet
  facet normal -0.087028 0.549321 -0.831067
    outer loop
      vertex 0.198202 -1.88577 0.0380554
      vertex 0.181248 -1.72446 0.146454
      vertex 0.360509 -1.69606 0.146454
    endloop
  endfacet
  facet normal -0.0305542 0.19292 -0.980739
    outer loop
      vertex 0.434016 -2.04188 0
      vertex 0.218203 -2.07606 0
      vertex 0.394233 -1.85472 0.0380554
    endloop
  endfacet
  facet normal -0.0305576 0.192922 -0.980738
    outer loop
      vertex 0.218203 -2.07606 0
      vertex 0.198202 -1.88577 0.0380554
      vertex 0.394233 -1.85472 0.0380554
    endloop
  endfacet
  facet normal -0 0 -1
    outer loop
      vertex 0.556162 -2.61654 0
      vertex 0.279613 -2.66034 0
      vertex 0.434016 -2.04188 0
    endloop
  endfacet
  facet normal 0 0 -1
    outer loop
      vertex 0.279613 -2.66034 0
      vertex 0.218203 -2.07606 0
      vertex 0.434016 -2.04188 0
    endloop
  endfacet
  facet normal 0.0305591 -0.192919 -0.980739
    outer loop
      vertex 0.595945 -2.8037 0.0380554
      vertex 0.299614 -2.85064 0.0380554
      vertex 0.556162 -2.61654 0
    endloop
  endfacet
  facet normal 0.0305537 -0.192913 -0.98074
    outer loop
      vertex 0.299614 -2.85064 0.0380554
      vertex 0.279613 -2.66034 0
      vertex 0.556162 -2.61654 0
    endloop
  endfacet
  facet normal 0.0291066 -0.555409 -0.831068
    outer loop
      vertex 0.316569 -3.01195 0.146454
      vertex -0 -3.02854 0.146454
      vertex 0.299614 -2.85064 0.0380554
    endloop
  endfacet
  facet normal 0.0291037 -0.555406 -0.83107
    outer loop
      vertex -0 -3.02854 0.146454
      vertex -0 -2.86634 0.0380554
      vertex 0.299614 -2.85064 0.0380554
    endloop
  endfacet
  facet normal 0.0435464 -0.830646 -0.555095
    outer loop
      vertex 0.327899 -3.11975 0.308655
      vertex -0 -3.13694 0.308655
      vertex 0.316569 -3.01195 0.146454
    endloop
  endfacet
  facet normal 0.0435298 -0.830632 -0.555117
    outer loop
      vertex -0 -3.13694 0.308655
      vertex -0 -3.02854 0.146454
      vertex 0.316569 -3.01195 0.146454
    endloop
  endfacet
  facet normal 0.0513245 -0.979495 -0.194821
    outer loop
      vertex 0.331877 -3.1576 0.5
      vertex -0 -3.17499 0.5
      vertex 0.327899 -3.11975 0.308655
    endloop
  endfacet
  facet normal 0.0513501 -0.979502 -0.194779
    outer loop
      vertex -0 -3.17499 0.5
      vertex -0 -3.13694 0.308655
      vertex 0.327899 -3.11975 0.308655
    endloop
  endfacet
  facet normal 0.0523271 -0.99863 0
    outer loop
      vertex 0.331877 -3.1576 5.84999
      vertex -0 -3.17499 5.84999
      vertex 0.331877 -3.1576 0.5
    endloop
  endfacet
  facet normal 0.0523271 -0.99863 0
    outer loop
      vertex -0 -3.17499 5.84999
      vertex -0 -3.17499 0.5
      vertex 0.331877 -3.1576 0.5
    endloop
  endfacet
  facet normal 0.0513497 -0.979495 0.194817
    outer loop
      vertex 0.327899 -3.11975 6.04134
      vertex -0 -3.13694 6.04134
      vertex 0.331877 -3.1576 5.84999
    endloop
  endfacet
  facet normal 0.051325 -0.979504 0.194775
    outer loop
      vertex -0 -3.13694 6.04134
      vertex -0 -3.17499 5.84999
      vertex 0.331877 -3.1576 5.84999
    endloop
  endfacet
  facet normal 0.0435305 -0.830646 0.555097
    outer loop
      vertex 0.316569 -3.01195 6.20354
      vertex -0 -3.02854 6.20354
      vertex 0.327899 -3.11975 6.04134
    endloop
  endfacet
  facet normal 0.0435455 -0.83063 0.555119
    outer loop
      vertex -0 -3.02854 6.20354
      vertex -0 -3.13694 6.04134
      vertex 0.327899 -3.11975 6.04134
    endloop
  endfacet
  facet normal 0.0291041 -0.555414 0.831064
    outer loop
      vertex 0.299614 -2.85064 6.31194
      vertex -0 -2.86634 6.31194
      vertex 0.316569 -3.01195 6.20354
    endloop
  endfacet
  facet normal 0.0291067 -0.555411 0.831067
    outer loop
      vertex -0 -2.86634 6.31194
      vertex -0 -3.02854 6.20354
      vertex 0.316569 -3.01195 6.20354
    endloop
  endfacet
  facet normal 0.010218 -0.195024 0.980745
    outer loop
      vertex 0.279613 -2.66034 6.34999
      vertex -0 -2.67499 6.34999
      vertex 0.299614 -2.85064 6.31194
    endloop
  endfacet
  facet normal 0.0102193 -0.195022 0.980746
    outer loop
      vertex -0 -2.67499 6.34999
      vertex -0 -2.86634 6.31194
      vertex 0.299614 -2.85064 6.31194
    endloop
  endfacet
  facet normal 0 0 1
    outer loop
      vertex 0.218203 -2.07606 6.34999
      vertex -0 -2.0875 6.34999
      vertex 0.279613 -2.66034 6.34999
    endloop
  endfacet
  facet normal 0 0 1
    outer loop
      vertex -0 -2.0875 6.34999
      vertex -0 -2.67499 6.34999
      vertex 0.279613 -2.66034 6.34999
    endloop
  endfacet
  facet normal -0.0102141 0.195034 0.980743
    outer loop
      vertex 0.198202 -1.88577 6.31194
      vertex -0 -1.89615 6.31194
      vertex 0.218203 -2.07606 6.34999
    endloop
  endfacet
  facet normal -0.0102246 0.195022 0.980746
    outer loop
      vertex -0 -1.89615 6.31194
      vertex -0 -2.0875 6.34999
      vertex 0.218203 -2.07606 6.34999
    endloop
  endfacet
  facet normal -0.0290812 0.555417 0.831064
    outer loop
      vertex 0.181248 -1.72446 6.20354
      vertex -0 -1.73395 6.20354
      vertex 0.198202 -1.88577 6.31194
    endloop
  endfacet
  facet normal -0.0290873 0.555411 0.831067
    outer loop
      vertex -0 -1.73395 6.20354
      vertex -0 -1.89615 6.31194
      vertex 0.198202 -1.88577 6.31194
    endloop
  endfacet
  facet normal -0.0435555 0.83062 0.555134
    outer loop
      vertex 0.169917 -1.61665 6.04134
      vertex -0 -1.62556 6.04134
      vertex 0.181248 -1.72446 6.20354
    endloop
  endfacet
  facet normal -0.0434925 0.830656 0.555085
    outer loop
      vertex -0 -1.62556 6.04134
      vertex -0 -1.73395 6.20354
      vertex 0.181248 -1.72446 6.20354
    endloop
  endfacet
  facet normal -0.0513538 0.979494 0.194817
    outer loop
      vertex 0.165939 -1.5788 5.84999
      vertex -0 -1.5875 5.84999
      vertex 0.169917 -1.61665 6.04134
    endloop
  endfacet
  facet normal -0.051362 0.979493 0.194824
    outer loop
      vertex -0 -1.5875 5.84999
      vertex -0 -1.62556 6.04134
      vertex 0.169917 -1.61665 6.04134
    endloop
  endfacet
  facet normal -0.052357 0.998628 0
    outer loop
      vertex 0.165939 -1.5788 0.5
      vertex -0 -1.5875 0.5
      vertex 0.165939 -1.5788 5.84999
    endloop
  endfacet
  facet normal -0.052357 0.998628 0
    outer loop
      vertex -0 -1.5875 0.5
      vertex -0 -1.5875 5.84999
      vertex 0.165939 -1.5788 5.84999
    endloop
  endfacet
  facet normal -0.051362 0.979493 -0.194822
    outer loop
      vertex 0.169917 -1.61665 0.308655
      vertex -0 -1.62556 0.308655
      vertex 0.165939 -1.5788 0.5
    endloop
  endfacet
  facet normal -0.0513537 0.979492 -0.194829
    outer loop
      vertex -0 -1.62556 0.308655
      vertex -0 -1.5875 0.5
      vertex 0.165939 -1.5788 0.5
    endloop
  endfacet
  facet normal -0.0434909 0.830626 -0.55513
    outer loop
      vertex 0.181248 -1.72446 0.146454
      vertex -0 -1.73395 0.146454
      vertex 0.169917 -1.61665 0.308655
    endloop
  endfacet
  facet normal -0.0435574 0.830655 -0.555081
    outer loop
      vertex -0 -1.73395 0.146454
      vertex -0 -1.62556 0.308655
      vertex 0.169917 -1.61665 0.308655
    endloop
  endfacet
  facet normal -0.0290873 0.555411 -0.831067
    outer loop
      vertex 0.198202 -1.88577 0.0380554
      vertex -0 -1.89615 0.0380554
      vertex 0.181248 -1.72446 0.146454
    endloop
  endfacet
  facet normal -0.0290806 0.555406 -0.831071
    outer loop
      vertex -0 -1.89615 0.0380554
      vertex -0 -1.73395 0.146454
      vertex 0.181248 -1.72446 0.146454
    endloop
  endfacet
  facet normal -0.0102266 0.195059 -0.980738
    outer loop
      vertex 0.218203 -2.07606 0
      vertex -0 -2.0875 0
      vertex 0.198202 -1.88577 0.0380554
    endloop
  endfacet
  facet normal -0.0102148 0.195048 -0.98074
    outer loop
      vertex -0 -2.0875 0
      vertex -0 -1.89615 0.0380554
      vertex 0.198202 -1.88577 0.0380554
    endloop
  endfacet
  facet normal -0 0 -1
    outer loop
      vertex 0.279613 -2.66034 0
      vertex -0 -2.67499 0
      vertex 0.218203 -2.07606 0
    endloop
  endfacet
  facet normal 0 0 -1
    outer loop
      vertex -0 -2.67499 0
      vertex -0 -2.0875 0
      vertex 0.218203 -2.07606 0
    endloop
  endfacet
  facet normal 0.0102208 -0.19505 -0.98074
    outer loop
      vertex 0.299614 -2.85064 0.0380554
      vertex -0 -2.86634 0.0380554
      vertex 0.279613 -2.66034 0
    endloop
  endfacet
  facet normal 0.0102193 -0.195048 -0.98074
    outer loop
      vertex -0 -2.86634 0.0380554
      vertex -0 -2.67499 0
      vertex 0.279613 -2.66034 0
    endloop
  endfacet
  facet normal -0.0291064 -0.555406 -0.83107
    outer loop
      vertex -0 -3.02854 0.146454
      vertex -0.316569 -3.01195 0.146454
      vertex -0 -2.86634 0.0380554
    endloop
  endfacet
  facet normal -0.0291039 -0.555409 -0.831068
    outer loop
      vertex -0.316569 -3.01195 0.146454
      vertex -0.299614 -2.85064 0.0380554
      vertex -0 -2.86634 0.0380554
    endloop
  endfacet
  facet normal -0.0435456 -0.830632 -0.555117
    outer loop
      vertex -0 -3.13694 0.308655
      vertex -0.327899 -3.11975 0.308655
      vertex -0 -3.02854 0.146454
    endloop
  endfacet
  facet normal -0.0435306 -0.830647 -0.555095
    outer loop
      vertex -0.327899 -3.11975 0.308655
      vertex -0.316569 -3.01195 0.146454
      vertex -0 -3.02854 0.146454
    endloop
  endfacet
  facet normal -0.0513249 -0.979503 -0.19478
    outer loop
      vertex -0 -3.17499 0.5
      vertex -0.331877 -3.1576 0.5
      vertex -0 -3.13694 0.308655
    endloop
  endfacet
  facet normal -0.0513496 -0.979494 -0.194821
    outer loop
      vertex -0.331877 -3.1576 0.5
      vertex -0.327899 -3.11975 0.308655
      vertex -0 -3.13694 0.308655
    endloop
  endfacet
  facet normal -0.0523271 -0.99863 -0
    outer loop
      vertex -0 -3.17499 5.84999
      vertex -0.331877 -3.1576 5.84999
      vertex -0 -3.17499 0.5
    endloop
  endfacet
  facet normal -0.0523271 -0.99863 -0
    outer loop
      vertex -0.331877 -3.1576 5.84999
      vertex -0.331877 -3.1576 0.5
      vertex -0 -3.17499 0.5
    endloop
  endfacet
  facet normal -0.0513501 -0.979503 0.194774
    outer loop
      vertex -0 -3.13694 6.04134
      vertex -0.327899 -3.11975 6.04134
      vertex -0 -3.17499 5.84999
    endloop
  endfacet
  facet normal -0.0513245 -0.979496 0.194816
    outer loop
      vertex -0.327899 -3.11975 6.04134
      vertex -0.331877 -3.1576 5.84999
      vertex -0 -3.17499 5.84999
    endloop
  endfacet
  facet normal -0.0435297 -0.830631 0.555119
    outer loop
      vertex -0 -3.02854 6.20354
      vertex -0.316569 -3.01195 6.20354
      vertex -0 -3.13694 6.04134
    endloop
  endfacet
  facet normal -0.0435463 -0.830644 0.555098
    outer loop
      vertex -0.316569 -3.01195 6.20354
      vertex -0.327899 -3.11975 6.04134
      vertex -0 -3.13694 6.04134
    endloop
  endfacet
  facet normal -0.0291039 -0.555411 0.831067
    outer loop
      vertex -0 -2.86634 6.31194
      vertex -0.299614 -2.85064 6.31194
      vertex -0 -3.02854 6.20354
    endloop
  endfacet
  facet normal -0.0291068 -0.555414 0.831064
    outer loop
      vertex -0.299614 -2.85064 6.31194
      vertex -0.316569 -3.01195 6.20354
      vertex -0 -3.02854 6.20354
    endloop
  endfacet
  facet normal -0.0102179 -0.195022 0.980746
    outer loop
      vertex -0 -2.67499 6.34999
      vertex -0.279613 -2.66034 6.34999
      vertex -0 -2.86634 6.31194
    endloop
  endfacet
  facet normal -0.0102194 -0.195023 0.980745
    outer loop
      vertex -0.279613 -2.66034 6.34999
      vertex -0.299614 -2.85064 6.31194
      vertex -0 -2.86634 6.31194
    endloop
  endfacet
  facet normal 0 0 1
    outer loop
      vertex -0 -2.0875 6.34999
      vertex -0.218203 -2.07606 6.34999
      vertex -0 -2.67499 6.34999
    endloop
  endfacet
  facet normal 0 0 1
    outer loop
      vertex -0.218203 -2.07606 6.34999
      vertex -0.279613 -2.66034 6.34999
      vertex -0 -2.67499 6.34999
    endloop
  endfacet
  facet normal 0.0102134 0.195022 0.980746
    outer loop
      vertex -0 -1.89615 6.31194
      vertex -0.198202 -1.88577 6.31194
      vertex -0 -2.0875 6.34999
    endloop
  endfacet
  facet normal 0.0102252 0.195033 0.980743
    outer loop
      vertex -0.198202 -1.88577 6.31194
      vertex -0.218203 -2.07606 6.34999
      vertex -0 -2.0875 6.34999
    endloop
  endfacet
  facet normal 0.0290809 0.555411 0.831067
    outer loop
      vertex -0 -1.73395 6.20354
      vertex -0.181248 -1.72446 6.20354
      vertex -0 -1.89615 6.31194
    endloop
  endfacet
  facet normal 0.0290876 0.555416 0.831064
    outer loop
      vertex -0.181248 -1.72446 6.20354
      vertex -0.198202 -1.88577 6.31194
      vertex -0 -1.89615 6.31194
    endloop
  endfacet
  facet normal 0.0435573 0.830653 0.555083
    outer loop
      vertex -0 -1.62556 6.04134
      vertex -0.169917 -1.61665 6.04134
      vertex -0 -1.73395 6.20354
    endloop
  endfacet
  facet normal 0.0434908 0.830624 0.555132
    outer loop
      vertex -0.169917 -1.61665 6.04134
      vertex -0.181248 -1.72446 6.20354
      vertex -0 -1.73395 6.20354
    endloop
  endfacet
  facet normal 0.0513537 0.979493 0.194824
    outer loop
      vertex -0 -1.5875 5.84999
      vertex -0.165939 -1.5788 5.84999
      vertex -0 -1.62556 6.04134
    endloop
  endfacet
  facet normal 0.0513621 0.979494 0.194817
    outer loop
      vertex -0.165939 -1.5788 5.84999
      vertex -0.169917 -1.61665 6.04134
      vertex -0 -1.62556 6.04134
    endloop
  endfacet
  facet normal 0.052357 0.998628 -0
    outer loop
      vertex -0 -1.5875 0.5
      vertex -0.165939 -1.5788 0.5
      vertex -0 -1.5875 5.84999
    endloop
  endfacet
  facet normal 0.052357 0.998628 -0
    outer loop
      vertex -0.165939 -1.5788 0.5
      vertex -0.165939 -1.5788 5.84999
      vertex -0 -1.5875 5.84999
    endloop
  endfacet
  facet normal 0.051362 0.979492 -0.194828
    outer loop
      vertex -0 -1.62556 0.308655
      vertex -0.169917 -1.61665 0.308655
      vertex -0 -1.5875 0.5
    endloop
  endfacet
  facet normal 0.0513538 0.979493 -0.194821
    outer loop
      vertex -0.169917 -1.61665 0.308655
      vertex -0.165939 -1.5788 0.5
      vertex -0 -1.5875 0.5
    endloop
  endfacet
  facet normal 0.0434926 0.830657 -0.555083
    outer loop
      vertex -0 -1.73395 0.146454
      vertex -0.181248 -1.72446 0.146454
      vertex -0 -1.62556 0.308655
    endloop
  endfacet
  facet normal 0.0435556 0.830622 -0.555131
    outer loop
      vertex -0.181248 -1.72446 0.146454
      vertex -0.169917 -1.61665 0.308655
      vertex -0 -1.62556 0.308655
    endloop
  endfacet
  facet normal 0.0290871 0.555406 -0.83107
    outer loop
      vertex -0 -1.89615 0.0380554
      vertex -0.198202 -1.88577 0.0380554
      vertex -0 -1.73395 0.146454
    endloop
  endfacet
  facet normal 0.0290809 0.555412 -0.831067
    outer loop
      vertex -0.198202 -1.88577 0.0380554
      vertex -0.181248 -1.72446 0.146454
      vertex -0 -1.73395 0.146454
    endloop
  endfacet
  facet normal 0.010226 0.195048 -0.98074
    outer loop
      vertex -0 -2.0875 0
      vertex -0.218203 -2.07606 0
      vertex -0 -1.89615 0.0380554
    endloop
  endfacet
  facet normal 0.0102155 0.19506 -0.980738
    outer loop
      vertex -0.218203 -2.07606 0
      vertex -0.198202 -1.88577 0.0380554
      vertex -0 -1.89615 0.0380554
    endloop
  endfacet
  facet normal 0 0 -1
    outer loop
      vertex -0 -2.67499 0
      vertex -0.279613 -2.66034 0
      vertex -0 -2.0875 0
    endloop
  endfacet
  facet normal 0 0 -1
    outer loop
      vertex -0.279613 -2.66034 0
      vertex -0.218203 -2.07606 0
      vertex -0 -2.0875 0
    endloop
  endfacet
  facet normal -0.0102207 -0.195048 -0.98074
    outer loop
      vertex -0 -2.86634 0.0380554
      vertex -0.299614 -2.85064 0.0380554
      vertex -0 -2.67499 0
    endloop
  endfacet
  facet normal -0.0102194 -0.19505 -0.98074
    outer loop
      vertex -0.299614 -2.85064 0.0380554
      vertex -0.279613 -2.66034 0
      vertex -0 -2.67499 0
    endloop
  endfacet
  facet normal -0.0870041 -0.549324 -0.831068
    outer loop
      vertex -0.316569 -3.01195 0.146454
      vertex -0.629669 -2.96236 0.146454
      vertex -0.299614 -2.85064 0.0380554
    endloop
  endfacet
  facet normal -0.0870126 -0.549308 -0.831077
    outer loop
      vertex -0.629669 -2.96236 0.146454
      vertex -0.595945 -2.8037 0.0380554
      vertex -0.299614 -2.85064 0.0380554
    endloop
  endfacet
  facet normal -0.130107 -0.821548 -0.555095
    outer loop
      vertex -0.327899 -3.11975 0.308655
      vertex -0.652206 -3.06839 0.308655
      vertex -0.316569 -3.01195 0.146454
    endloop
  endfacet
  facet normal -0.130118 -0.821535 -0.555113
    outer loop
      vertex -0.652206 -3.06839 0.308655
      vertex -0.629669 -2.96236 0.146454
      vertex -0.316569 -3.01195 0.146454
    endloop
  endfacet
  facet normal -0.153442 -0.968762 -0.194821
    outer loop
      vertex -0.331877 -3.1576 0.5
      vertex -0.660118 -3.10561 0.5
      vertex -0.327899 -3.11975 0.308655
    endloop
  endfacet
  facet normal -0.153423 -0.968772 -0.194787
    outer loop
      vertex -0.660118 -3.10561 0.5
      vertex -0.652206 -3.06839 0.308655
      vertex -0.327899 -3.11975 0.308655
    endloop
  endfacet
  facet normal -0.15644 -0.987688 -0
    outer loop
      vertex -0.331877 -3.1576 5.84999
      vertex -0.660118 -3.10561 5.84999
      vertex -0.331877 -3.1576 0.5
    endloop
  endfacet
  facet normal -0.15644 -0.987688 -0
    outer loop
      vertex -0.660118 -3.10561 5.84999
      vertex -0.660118 -3.10561 0.5
      vertex -0.331877 -3.1576 0.5
    endloop
  endfacet
  facet normal -0.153422 -0.968766 0.194816
    outer loop
      vertex -0.327899 -3.11975 6.04134
      vertex -0.652206 -3.06839 6.04134
      vertex -0.331877 -3.1576 5.84999
    endloop
  endfacet
  facet normal -0.153443 -0.96877 0.194783
    outer loop
      vertex -0.652206 -3.06839 6.04134
      vertex -0.660118 -3.10561 5.84999
      vertex -0.331877 -3.1576 5.84999
    endloop
  endfacet
  facet normal -0.130119 -0.821545 0.555097
    outer loop
      vertex -0.316569 -3.01195 6.20354
      vertex -0.629669 -2.96236 6.20354
      vertex -0.327899 -3.11975 6.04134
    endloop
  endfacet
  facet normal -0.130105 -0.821535 0.555115
    outer loop
      vertex -0.629669 -2.96236 6.20354
      vertex -0.652206 -3.06839 6.04134
      vertex -0.327899 -3.11975 6.04134
    endloop
  endfacet
  facet normal -0.0870156 -0.549327 0.831064
    outer loop
      vertex -0.299614 -2.85064 6.31194
      vertex -0.595945 -2.8037 6.31194
      vertex -0.316569 -3.01195 6.20354
    endloop
  endfacet
  facet normal -0.0870027 -0.549315 0.831074
    outer loop
      vertex -0.595945 -2.8037 6.31194
      vertex -0.629669 -2.96236 6.20354
      vertex -0.316569 -3.01195 6.20354
    endloop
  endfacet
  facet normal -0.0305495 -0.192887 0.980745
    outer loop
      vertex -0.279613 -2.66034 6.34999
      vertex -0.556162 -2.61654 6.34999
      vertex -0.299614 -2.85064 6.31194
    endloop
  endfacet
  facet normal -0.0305549 -0.192892 0.980744
    outer loop
      vertex -0.556162 -2.61654 6.34999
      vertex -0.595945 -2.8037 6.31194
      vertex -0.299614 -2.85064 6.31194
    endloop
  endfacet
  facet normal 0 0 1
    outer loop
      vertex -0.218203 -2.07606 6.34999
      vertex -0.434016 -2.04188 6.34999
      vertex -0.279613 -2.66034 6.34999
    endloop
  endfacet
  facet normal 0 0 1
    outer loop
      vertex -0.434016 -2.04188 6.34999
      vertex -0.556162 -2.61654 6.34999
      vertex -0.279613 -2.66034 6.34999
    endloop
  endfacet
  facet normal 0.0305534 0.192896 0.980743
    outer loop
      vertex -0.198202 -1.88577 6.31194
      vertex -0.394233 -1.85472 6.31194
      vertex -0.218203 -2.07606 6.34999
    endloop
  endfacet
  facet normal 0.03055 0.192893 0.980744
    outer loop
      vertex -0.394233 -1.85472 6.31194
      vertex -0.434016 -2.04188 6.34999
      vertex -0.218203 -2.07606 6.34999
    endloop
  endfacet
  facet normal 0.0870288 0.549326 0.831064
    outer loop
      vertex -0.181248 -1.72446 6.20354
      vertex -0.360509 -1.69606 6.20354
      vertex -0.198202 -1.88577 6.31194
    endloop
  endfacet
  facet normal 0.0870077 0.549314 0.831074
    outer loop
      vertex -0.360509 -1.69606 6.20354
      vertex -0.394233 -1.85472 6.31194
      vertex -0.198202 -1.88577 6.31194
    endloop
  endfacet
  facet normal 0.130129 0.821519 0.555133
    outer loop
      vertex -0.169917 -1.61665 6.04134
      vertex -0.337972 -1.59003 6.04134
      vertex -0.181248 -1.72446 6.20354
    endloop
  endfacet
  facet normal 0.130153 0.821527 0.555116
    outer loop
      vertex -0.337972 -1.59003 6.04134
      vertex -0.360509 -1.69606 6.20354
      vertex -0.181248 -1.72446 6.20354
    endloop
  endfacet
  facet normal 0.153413 0.968768 0.194816
    outer loop
      vertex -0.165939 -1.5788 5.84999
      vertex -0.33006 -1.55281 5.84999
      vertex -0.169917 -1.61665 6.04134
    endloop
  endfacet
  facet normal 0.153453 0.968768 0.194783
    outer loop
      vertex -0.33006 -1.55281 5.84999
      vertex -0.337972 -1.59003 6.04134
      vertex -0.169917 -1.61665 6.04134
    endloop
  endfacet
  facet normal 0.15641 0.987692 -0
    outer loop
      vertex -0.165939 -1.5788 0.5
      vertex -0.33006 -1.55281 0.5
      vertex -0.165939 -1.5788 5.84999
    endloop
  endfacet
  facet normal 0.15641 0.987692 -0
    outer loop
      vertex -0.33006 -1.55281 0.5
      vertex -0.33006 -1.55281 5.84999
      vertex -0.165939 -1.5788 5.84999
    endloop
  endfacet
  facet normal 0.153452 0.968761 -0.194821
    outer loop
      vertex -0.169917 -1.61665 0.308655
      vertex -0.337972 -1.59003 0.308655
      vertex -0.165939 -1.5788 0.5
    endloop
  endfacet
  facet normal 0.153414 0.968774 -0.194787
    outer loop
      vertex -0.337972 -1.59003 0.308655
      vertex -0.33006 -1.55281 0.5
      vertex -0.165939 -1.5788 0.5
    endloop
  endfacet
  facet normal 0.130152 0.821518 -0.55513
    outer loop
      vertex -0.181248 -1.72446 0.146454
      vertex -0.360509 -1.69606 0.146454
      vertex -0.169917 -1.61665 0.308655
    endloop
  endfacet
  facet normal 0.130131 0.821532 -0.555113
    outer loop
      vertex -0.360509 -1.69606 0.146454
      vertex -0.337972 -1.59003 0.308655
      vertex -0.169917 -1.61665 0.308655
    endloop
  endfacet
  facet normal 0.0870092 0.549324 -0.831067
    outer loop
      vertex -0.198202 -1.88577 0.0380554
      vertex -0.394233 -1.85472 0.0380554
      vertex -0.181248 -1.72446 0.146454
    endloop
  endfacet
  facet normal 0.0870255 0.549305 -0.831078
    outer loop
      vertex -0.394233 -1.85472 0.0380554
      vertex -0.360509 -1.69606 0.146454
      vertex -0.181248 -1.72446 0.146454
    endloop
  endfacet
  facet normal 0.0305547 0.192923 -0.980738
    outer loop
      vertex -0.218203 -2.07606 0
      vertex -0.434016 -2.04188 0
      vertex -0.198202 -1.88577 0.0380554
    endloop
  endfacet
  facet normal 0.0305571 0.192919 -0.980739
    outer loop
      vertex -0.434016 -2.04188 0
      vertex -0.394233 -1.85472 0.0380554
      vertex -0.198202 -1.88577 0.0380554
    endloop
  endfacet
  facet normal 0 0 -1
    outer loop
      vertex -0.279613 -2.66034 0
      vertex -0.556162 -2.61654 0
      vertex -0.218203 -2.07606 0
    endloop
  endfacet
  facet normal 0 0 -1
    outer loop
      vertex -0.556162 -2.61654 0
      vertex -0.434016 -2.04188 0
      vertex -0.218203 -2.07606 0
    endloop
  endfacet
  facet normal -0.0305581 -0.192913 -0.98074
    outer loop
      vertex -0.299614 -2.85064 0.0380554
      vertex -0.595945 -2.8037 0.0380554
      vertex -0.279613 -2.66034 0
    endloop
  endfacet
  facet normal -0.0305547 -0.19292 -0.980739
    outer loop
      vertex -0.595945 -2.8037 0.0380554
      vertex -0.556162 -2.61654 0
      vertex -0.279613 -2.66034 0
    endloop
  endfacet
  facet normal -0.14395 -0.537205 -0.831077
    outer loop
      vertex -0.629669 -2.96236 0.146454
      vertex -0.93587 -2.88031 0.146454
      vertex -0.595945 -2.8037 0.0380554
    endloop
  endfacet
  facet normal -0.143944 -0.537221 -0.831068
    outer loop
      vertex -0.93587 -2.88031 0.146454
      vertex -0.885747 -2.72605 0.0380554
      vertex -0.595945 -2.8037 0.0380554
    endloop
  endfacet
  facet normal -0.215272 -0.803435 -0.555113
    outer loop
      vertex -0.652206 -3.06839 0.308655
      vertex -0.969367 -2.98341 0.308655
      vertex -0.629669 -2.96236 0.146454
    endloop
  endfacet
  facet normal -0.215284 -0.803416 -0.555136
    outer loop
      vertex -0.969367 -2.98341 0.308655
      vertex -0.93587 -2.88031 0.146454
      vertex -0.629669 -2.96236 0.146454
    endloop
  endfacet
  facet normal -0.25385 -0.947427 -0.194788
    outer loop
      vertex -0.660118 -3.10561 0.5
      vertex -0.981127 -3.0196 0.5
      vertex -0.652206 -3.06839 0.308655
    endloop
  endfacet
  facet normal -0.253853 -0.947425 -0.194793
    outer loop
      vertex -0.981127 -3.0196 0.5
      vertex -0.969367 -2.98341 0.308655
      vertex -0.652206 -3.06839 0.308655
    endloop
  endfacet
  facet normal -0.258808 -0.965929 -0
    outer loop
      vertex -0.660118 -3.10561 5.84999
      vertex -0.981127 -3.0196 5.84999
      vertex -0.660118 -3.10561 0.5
    endloop
  endfacet
  facet normal -0.258808 -0.965929 -0
    outer loop
      vertex -0.981127 -3.0196 5.84999
      vertex -0.981127 -3.0196 0.5
      vertex -0.660118 -3.10561 0.5
    endloop
  endfacet
  facet normal -0.253853 -0.947427 0.194783
    outer loop
      vertex -0.652206 -3.06839 6.04134
      vertex -0.969367 -2.98341 6.04134
      vertex -0.660118 -3.10561 5.84999
    endloop
  endfacet
  facet normal -0.25385 -0.947427 0.194788
    outer loop
      vertex -0.969367 -2.98341 6.04134
      vertex -0.981127 -3.0196 5.84999
      vertex -0.660118 -3.10561 5.84999
    endloop
  endfacet
  facet normal -0.215288 -0.80343 0.555115
    outer loop
      vertex -0.629669 -2.96236 6.20354
      vertex -0.93587 -2.88031 6.20354
      vertex -0.652206 -3.06839 6.04134
    endloop
  endfacet
  facet normal -0.215268 -0.803419 0.555138
    outer loop
      vertex -0.93587 -2.88031 6.20354
      vertex -0.969367 -2.98341 6.04134
      vertex -0.652206 -3.06839 6.04134
    endloop
  endfacet
  facet normal -0.143942 -0.537212 0.831074
    outer loop
      vertex -0.595945 -2.8037 6.31194
      vertex -0.885747 -2.72605 6.31194
      vertex -0.629669 -2.96236 6.20354
    endloop
  endfacet
  facet normal -0.143955 -0.537223 0.831065
    outer loop
      vertex -0.885747 -2.72605 6.31194
      vertex -0.93587 -2.88031 6.20354
      vertex -0.629669 -2.96236 6.20354
    endloop
  endfacet
  facet normal -0.0505476 -0.188643 0.980744
    outer loop
      vertex -0.556162 -2.61654 6.34999
      vertex -0.826619 -2.54407 6.34999
      vertex -0.595945 -2.8037 6.31194
    endloop
  endfacet
  facet normal -0.0505445 -0.18864 0.980745
    outer loop
      vertex -0.826619 -2.54407 6.34999
      vertex -0.885747 -2.72605 6.31194
      vertex -0.595945 -2.8037 6.31194
    endloop
  endfacet
  facet normal 0 0 1
    outer loop
      vertex -0.434016 -2.04188 6.34999
      vertex -0.645073 -1.98533 6.34999
      vertex -0.556162 -2.61654 6.34999
    endloop
  endfacet
  facet normal 0 0 1
    outer loop
      vertex -0.645073 -1.98533 6.34999
      vertex -0.826619 -2.54407 6.34999
      vertex -0.556162 -2.61654 6.34999
    endloop
  endfacet
  facet normal 0.0505478 0.188643 0.980744
    outer loop
      vertex -0.394233 -1.85472 6.31194
      vertex -0.585944 -1.80335 6.31194
      vertex -0.434016 -2.04188 6.34999
    endloop
  endfacet
  facet normal 0.0505437 0.18864 0.980745
    outer loop
      vertex -0.585944 -1.80335 6.31194
      vertex -0.645073 -1.98533 6.34999
      vertex -0.434016 -2.04188 6.34999
    endloop
  endfacet
  facet normal 0.143932 0.537215 0.831074
    outer loop
      vertex -0.360509 -1.69606 6.20354
      vertex -0.535821 -1.64909 6.20354
      vertex -0.394233 -1.85472 6.31194
    endloop
  endfacet
  facet normal 0.143952 0.537224 0.831065
    outer loop
      vertex -0.535821 -1.64909 6.20354
      vertex -0.585944 -1.80335 6.31194
      vertex -0.394233 -1.85472 6.31194
    endloop
  endfacet
  facet normal 0.215242 0.803441 0.555116
    outer loop
      vertex -0.337972 -1.59003 6.04134
      vertex -0.502324 -1.546 6.04134
      vertex -0.360509 -1.69606 6.20354
    endloop
  endfacet
  facet normal 0.215261 0.803445 0.555103
    outer loop
      vertex -0.502324 -1.546 6.04134
      vertex -0.535821 -1.64909 6.20354
      vertex -0.360509 -1.69606 6.20354
    endloop
  endfacet
  facet normal 0.253879 0.94742 0.194783
    outer loop
      vertex -0.33006 -1.55281 5.84999
      vertex -0.490564 -1.5098 5.84999
      vertex -0.337972 -1.59003 6.04134
    endloop
  endfacet
  facet normal 0.253816 0.947426 0.194835
    outer loop
      vertex -0.490564 -1.5098 5.84999
      vertex -0.502324 -1.546 6.04134
      vertex -0.337972 -1.59003 6.04134
    endloop
  endfacet
  facet normal 0.258836 0.965921 -0
    outer loop
      vertex -0.33006 -1.55281 0.5
      vertex -0.490564 -1.5098 0.5
      vertex -0.33006 -1.55281 5.84999
    endloop
  endfacet
  facet normal 0.258836 0.965921 -0
    outer loop
      vertex -0.490564 -1.5098 0.5
      vertex -0.490564 -1.5098 5.84999
      vertex -0.33006 -1.55281 5.84999
    endloop
  endfacet
  facet normal 0.253818 0.947435 -0.194788
    outer loop
      vertex -0.337972 -1.59003 0.308655
      vertex -0.502324 -1.546 0.308655
      vertex -0.33006 -1.55281 0.5
    endloop
  endfacet
  facet normal 0.253876 0.947409 -0.194841
    outer loop
      vertex -0.502324 -1.546 0.308655
      vertex -0.490564 -1.5098 0.5
      vertex -0.33006 -1.55281 0.5
    endloop
  endfacet
  facet normal 0.215259 0.803438 -0.555113
    outer loop
      vertex -0.360509 -1.69606 0.146454
      vertex -0.535821 -1.64909 0.146454
      vertex -0.337972 -1.59003 0.308655
    endloop
  endfacet
  facet normal 0.215245 0.803451 -0.5551
    outer loop
      vertex -0.535821 -1.64909 0.146454
      vertex -0.502324 -1.546 0.308655
      vertex -0.337972 -1.59003 0.308655
    endloop
  endfacet
  facet normal 0.143947 0.537206 -0.831077
    outer loop
      vertex -0.394233 -1.85472 0.0380554
      vertex -0.585944 -1.80335 0.0380554
      vertex -0.360509 -1.69606 0.146454
    endloop
  endfacet
  facet normal 0.143934 0.537224 -0.831068
    outer loop
      vertex -0.585944 -1.80335 0.0380554
      vertex -0.535821 -1.64909 0.146454
      vertex -0.360509 -1.69606 0.146454
    endloop
  endfacet
  facet normal 0.0505515 0.188669 -0.980739
    outer loop
      vertex -0.434016 -2.04188 0
      vertex -0.645073 -1.98533 0
      vertex -0.394233 -1.85472 0.0380554
    endloop
  endfacet
  facet normal 0.0505538 0.188665 -0.980739
    outer loop
      vertex -0.645073 -1.98533 0
      vertex -0.585944 -1.80335 0.0380554
      vertex -0.394233 -1.85472 0.0380554
    endloop
  endfacet
  facet normal 0 0 -1
    outer loop
      vertex -0.556162 -2.61654 0
      vertex -0.826619 -2.54407 0
      vertex -0.434016 -2.04188 0
    endloop
  endfacet
  facet normal 0 0 -1
    outer loop
      vertex -0.826619 -2.54407 0
      vertex -0.645073 -1.98533 0
      vertex -0.434016 -2.04188 0
    endloop
  endfacet
  facet normal -0.0505523 -0.188669 -0.980739
    outer loop
      vertex -0.595945 -2.8037 0.0380554
      vertex -0.885747 -2.72605 0.0380554
      vertex -0.556162 -2.61654 0
    endloop
  endfacet
  facet normal -0.0505536 -0.188665 -0.980739
    outer loop
      vertex -0.885747 -2.72605 0.0380554
      vertex -0.826619 -2.54407 0
      vertex -0.556162 -2.61654 0
    endloop
  endfacet
  facet normal -0.199307 -0.519232 -0.831068
    outer loop
      vertex -0.93587 -2.88031 0.146454
      vertex -1.23182 -2.76671 0.146454
      vertex -0.885747 -2.72605 0.0380554
    endloop
  endfacet
  facet normal -0.199309 -0.519225 -0.831073
    outer loop
      vertex -1.23182 -2.76671 0.146454
      vertex -1.16585 -2.61853 0.0380554
      vertex -0.885747 -2.72605 0.0380554
    endloop
  endfacet
  facet normal -0.298074 -0.776516 -0.555135
    outer loop
      vertex -0.969367 -2.98341 0.308655
      vertex -1.27591 -2.86574 0.308655
      vertex -0.93587 -2.88031 0.146454
    endloop
  endfacet
  facet normal -0.298069 -0.776527 -0.555122
    outer loop
      vertex -1.27591 -2.86574 0.308655
      vertex -1.23182 -2.76671 0.146454
      vertex -0.93587 -2.88031 0.146454
    endloop
  endfacet
  facet normal -0.351506 -0.915696 -0.194793
    outer loop
      vertex -0.981127 -3.0196 0.5
      vertex -1.29139 -2.9005 0.5
      vertex -0.969367 -2.98341 0.308655
    endloop
  endfacet
  facet normal -0.351502 -0.9157 -0.194784
    outer loop
      vertex -1.29139 -2.9005 0.5
      vertex -1.27591 -2.86574 0.308655
      vertex -0.969367 -2.98341 0.308655
    endloop
  endfacet
  facet normal -0.358371 -0.933579 -0
    outer loop
      vertex -0.981127 -3.0196 5.84999
      vertex -1.29139 -2.9005 5.84999
      vertex -0.981127 -3.0196 0.5
    endloop
  endfacet
  facet normal -0.358371 -0.933579 -0
    outer loop
      vertex -1.29139 -2.9005 5.84999
      vertex -1.29139 -2.9005 0.5
      vertex -0.981127 -3.0196 0.5
    endloop
  endfacet
  facet normal -0.351501 -0.915699 0.194789
    outer loop
      vertex -0.969367 -2.98341 6.04134
      vertex -1.27591 -2.86574 6.04134
      vertex -0.981127 -3.0196 5.84999
    endloop
  endfacet
  facet normal -0.351507 -0.915698 0.194779
    outer loop
      vertex -1.27591 -2.86574 6.04134
      vertex -1.29139 -2.9005 5.84999
      vertex -0.981127 -3.0196 5.84999
    endloop
  endfacet
  facet normal -0.298065 -0.776518 0.555137
    outer loop
      vertex -0.93587 -2.88031 6.20354
      vertex -1.23182 -2.76671 6.20354
      vertex -0.969367 -2.98341 6.04134
    endloop
  endfacet
  facet normal -0.298077 -0.776522 0.555125
    outer loop
      vertex -1.23182 -2.76671 6.20354
      vertex -1.27591 -2.86574 6.04134
      vertex -0.969367 -2.98341 6.04134
    endloop
  endfacet
  facet normal -0.199313 -0.519235 0.831065
    outer loop
      vertex -0.885747 -2.72605 6.31194
      vertex -1.16585 -2.61853 6.31194
      vertex -0.93587 -2.88031 6.20354
    endloop
  endfacet
  facet normal -0.199306 -0.519231 0.831069
    outer loop
      vertex -1.16585 -2.61853 6.31194
      vertex -1.23182 -2.76671 6.20354
      vertex -0.93587 -2.88031 6.20354
    endloop
  endfacet
  facet normal -0.0699857 -0.182323 0.980745
    outer loop
      vertex -0.826619 -2.54407 6.34999
      vertex -1.08802 -2.44373 6.34999
      vertex -0.885747 -2.72605 6.31194
    endloop
  endfacet
  facet normal -0.0699867 -0.182324 0.980744
    outer loop
      vertex -1.08802 -2.44373 6.34999
      vertex -1.16585 -2.61853 6.31194
      vertex -0.885747 -2.72605 6.31194
    endloop
  endfacet
  facet normal 0 0 1
    outer loop
      vertex -0.645073 -1.98533 6.34999
      vertex -0.849063 -1.90703 6.34999
      vertex -0.826619 -2.54407 6.34999
    endloop
  endfacet
  facet normal 0 0 1
    outer loop
      vertex -0.849063 -1.90703 6.34999
      vertex -1.08802 -2.44373 6.34999
      vertex -0.826619 -2.54407 6.34999
    endloop
  endfacet
  facet normal 0.0699898 0.182322 0.980745
    outer loop
      vertex -0.585944 -1.80335 6.31194
      vertex -0.771236 -1.73222 6.31194
      vertex -0.645073 -1.98533 6.34999
    endloop
  endfacet
  facet normal 0.0699813 0.182318 0.980746
    outer loop
      vertex -0.771236 -1.73222 6.31194
      vertex -0.849063 -1.90703 6.34999
      vertex -0.645073 -1.98533 6.34999
    endloop
  endfacet
  facet normal 0.199308 0.519237 0.831065
    outer loop
      vertex -0.535821 -1.64909 6.20354
      vertex -0.705263 -1.58405 6.20354
      vertex -0.585944 -1.80335 6.31194
    endloop
  endfacet
  facet normal 0.199327 0.519243 0.831056
    outer loop
      vertex -0.705263 -1.58405 6.20354
      vertex -0.771236 -1.73222 6.31194
      vertex -0.585944 -1.80335 6.31194
    endloop
  endfacet
  facet normal 0.298099 0.776529 0.555103
    outer loop
      vertex -0.502324 -1.546 6.04134
      vertex -0.661173 -1.48502 6.04134
      vertex -0.535821 -1.64909 6.20354
    endloop
  endfacet
  facet normal 0.298068 0.776526 0.555124
    outer loop
      vertex -0.661173 -1.48502 6.04134
      vertex -0.705263 -1.58405 6.20354
      vertex -0.535821 -1.64909 6.20354
    endloop
  endfacet
  facet normal 0.351506 0.915687 0.194835
    outer loop
      vertex -0.490564 -1.5098 5.84999
      vertex -0.645694 -1.45025 5.84999
      vertex -0.502324 -1.546 6.04134
    endloop
  endfacet
  facet normal 0.351519 0.915685 0.194824
    outer loop
      vertex -0.645694 -1.45025 5.84999
      vertex -0.661173 -1.48502 6.04134
      vertex -0.502324 -1.546 6.04134
    endloop
  endfacet
  facet normal 0.358374 0.933578 -0
    outer loop
      vertex -0.490564 -1.5098 0.5
      vertex -0.645694 -1.45025 0.5
      vertex -0.490564 -1.5098 5.84999
    endloop
  endfacet
  facet normal 0.358374 0.933578 -0
    outer loop
      vertex -0.645694 -1.45025 0.5
      vertex -0.645694 -1.45025 5.84999
      vertex -0.490564 -1.5098 5.84999
    endloop
  endfacet
  facet normal 0.351518 0.915682 -0.194839
    outer loop
      vertex -0.502324 -1.546 0.308655
      vertex -0.661173 -1.48502 0.308655
      vertex -0.490564 -1.5098 0.5
    endloop
  endfacet
  facet normal 0.351507 0.915688 -0.194828
    outer loop
      vertex -0.661173 -1.48502 0.308655
      vertex -0.645694 -1.45025 0.5
      vertex -0.490564 -1.5098 0.5
    endloop
  endfacet
  facet normal 0.298073 0.77654 -0.555102
    outer loop
      vertex -0.535821 -1.64909 0.146454
      vertex -0.705263 -1.58405 0.146454
      vertex -0.502324 -1.546 0.308655
    endloop
  endfacet
  facet normal 0.298094 0.776517 -0.555123
    outer loop
      vertex -0.705263 -1.58405 0.146454
      vertex -0.661173 -1.48502 0.308655
      vertex -0.502324 -1.546 0.308655
    endloop
  endfacet
  facet normal 0.199321 0.519227 -0.831068
    outer loop
      vertex -0.585944 -1.80335 0.0380554
      vertex -0.771236 -1.73222 0.0380554
      vertex -0.535821 -1.64909 0.146454
    endloop
  endfacet
  facet normal 0.199311 0.519245 -0.831059
    outer loop
      vertex -0.771236 -1.73222 0.0380554
      vertex -0.705263 -1.58405 0.146454
      vertex -0.535821 -1.64909 0.146454
    endloop
  endfacet
  facet normal 0.0699931 0.182349 -0.980739
    outer loop
      vertex -0.645073 -1.98533 0
      vertex -0.849063 -1.90703 0
      vertex -0.585944 -1.80335 0.0380554
    endloop
  endfacet
  facet normal 0.0699968 0.18234 -0.980741
    outer loop
      vertex -0.849063 -1.90703 0
      vertex -0.771236 -1.73222 0.0380554
      vertex -0.585944 -1.80335 0.0380554
    endloop
  endfacet
  facet normal 0 0 -1
    outer loop
      vertex -0.826619 -2.54407 0
      vertex -1.08802 -2.44373 0
      vertex -0.645073 -1.98533 0
    endloop
  endfacet
  facet normal 0 0 -1
    outer loop
      vertex -1.08802 -2.44373 0
      vertex -0.849063 -1.90703 0
      vertex -0.645073 -1.98533 0
    endloop
  endfacet
  facet normal -0.0699959 -0.182348 -0.980739
    outer loop
      vertex -0.885747 -2.72605 0.0380554
      vertex -1.16585 -2.61853 0.0380554
      vertex -0.826619 -2.54407 0
    endloop
  endfacet
  facet normal -0.0699956 -0.182349 -0.980739
    outer loop
      vertex -1.16585 -2.61853 0.0380554
      vertex -1.08802 -2.44373 0
      vertex -0.826619 -2.54407 0
    endloop
  endfacet
  facet normal -0.2525 -0.495543 -0.831072
    outer loop
      vertex -1.23182 -2.76671 0.146454
      vertex -1.51427 -2.62279 0.146454
      vertex -1.16585 -2.61853 0.0380554
    endloop
  endfacet
  facet normal -0.2525 -0.495545 -0.831071
    outer loop
      vertex -1.51427 -2.62279 0.146454
      vertex -1.43317 -2.48232 0.0380554
      vertex -1.16585 -2.61853 0.0380554
    endloop
  endfacet
  facet normal -0.377622 -0.741108 -0.555122
    outer loop
      vertex -1.27591 -2.86574 0.308655
      vertex -1.56847 -2.71667 0.308655
      vertex -1.23182 -2.76671 0.146454
    endloop
  endfacet
  facet normal -0.377623 -0.741104 -0.555126
    outer loop
      vertex -1.56847 -2.71667 0.308655
      vertex -1.51427 -2.62279 0.146454
      vertex -1.23182 -2.76671 0.146454
    endloop
  endfacet
  facet normal -0.445282 -0.873947 -0.194786
    outer loop
      vertex -1.29139 -2.9005 0.5
      vertex -1.5875 -2.74963 0.5
      vertex -1.27591 -2.86574 0.308655
    endloop
  endfacet
  facet normal -0.445299 -0.873929 -0.194825
    outer loop
      vertex -1.5875 -2.74963 0.5
      vertex -1.56847 -2.71667 0.308655
      vertex -1.27591 -2.86574 0.308655
    endloop
  endfacet
  facet normal -0.453977 -0.891013 -0
    outer loop
      vertex -1.29139 -2.9005 5.84999
      vertex -1.5875 -2.74963 5.84999
      vertex -1.29139 -2.9005 0.5
    endloop
  endfacet
  facet normal -0.453977 -0.891013 -0
    outer loop
      vertex -1.5875 -2.74963 5.84999
      vertex -1.5875 -2.74963 0.5
      vertex -1.29139 -2.9005 0.5
    endloop
  endfacet
  facet normal -0.445303 -0.873937 0.194781
    outer loop
      vertex -1.27591 -2.86574 6.04134
      vertex -1.56847 -2.71667 6.04134
      vertex -1.29139 -2.9005 5.84999
    endloop
  endfacet
  facet normal -0.445279 -0.873941 0.19482
    outer loop
      vertex -1.56847 -2.71667 6.04134
      vertex -1.5875 -2.74963 5.84999
      vertex -1.29139 -2.9005 5.84999
    endloop
  endfacet
  facet normal -0.377624 -0.741106 0.555124
    outer loop
      vertex -1.23182 -2.76671 6.20354
      vertex -1.51427 -2.62279 6.20354
      vertex -1.27591 -2.86574 6.04134
    endloop
  endfacet
  facet normal -0.37762 -0.741104 0.555129
    outer loop
      vertex -1.51427 -2.62279 6.20354
      vertex -1.56847 -2.71667 6.04134
      vertex -1.27591 -2.86574 6.04134
    endloop
  endfacet
  facet normal -0.252501 -0.495548 0.831069
    outer loop
      vertex -1.16585 -2.61853 6.31194
      vertex -1.43317 -2.48232 6.31194
      vertex -1.23182 -2.76671 6.20354
    endloop
  endfacet
  facet normal -0.252503 -0.495549 0.831068
    outer loop
      vertex -1.43317 -2.48232 6.31194
      vertex -1.51427 -2.62279 6.20354
      vertex -1.23182 -2.76671 6.20354
    endloop
  endfacet
  facet normal -0.088664 -0.174008 0.980745
    outer loop
      vertex -1.08802 -2.44373 6.34999
      vertex -1.3375 -2.31661 6.34999
      vertex -1.16585 -2.61853 6.31194
    endloop
  endfacet
  facet normal -0.0886639 -0.174008 0.980745
    outer loop
      vertex -1.3375 -2.31661 6.34999
      vertex -1.43317 -2.48232 6.31194
      vertex -1.16585 -2.61853 6.31194
    endloop
  endfacet
  facet normal 0 0 1
    outer loop
      vertex -0.849063 -1.90703 6.34999
      vertex -1.04375 -1.80783 6.34999
      vertex -1.08802 -2.44373 6.34999
    endloop
  endfacet
  facet normal 0 0 1
    outer loop
      vertex -1.04375 -1.80783 6.34999
      vertex -1.3375 -2.31661 6.34999
      vertex -1.08802 -2.44373 6.34999
    endloop
  endfacet
  facet normal 0.0886546 0.174004 0.980746
    outer loop
      vertex -0.771236 -1.73222 6.31194
      vertex -0.948077 -1.64212 6.31194
      vertex -0.849063 -1.90703 6.34999
    endloop
  endfacet
  facet normal 0.0886628 0.174007 0.980745
    outer loop
      vertex -0.948077 -1.64212 6.31194
      vertex -1.04375 -1.80783 6.34999
      vertex -0.849063 -1.90703 6.34999
    endloop
  endfacet
  facet normal 0.25251 0.495564 0.831057
    outer loop
      vertex -0.705263 -1.58405 6.20354
      vertex -0.866977 -1.50165 6.20354
      vertex -0.771236 -1.73222 6.31194
    endloop
  endfacet
  facet normal 0.252486 0.495558 0.831067
    outer loop
      vertex -0.866977 -1.50165 6.20354
      vertex -0.948077 -1.64212 6.31194
      vertex -0.771236 -1.73222 6.31194
    endloop
  endfacet
  facet normal 0.377628 0.741104 0.555124
    outer loop
      vertex -0.661173 -1.48502 6.04134
      vertex -0.812778 -1.40777 6.04134
      vertex -0.705263 -1.58405 6.20354
    endloop
  endfacet
  facet normal 0.377623 0.741104 0.555127
    outer loop
      vertex -0.812778 -1.40777 6.04134
      vertex -0.866977 -1.50165 6.20354
      vertex -0.705263 -1.58405 6.20354
    endloop
  endfacet
  facet normal 0.445252 0.873953 0.194823
    outer loop
      vertex -0.645694 -1.45025 5.84999
      vertex -0.79375 -1.37482 5.84999
      vertex -0.661173 -1.48502 6.04134
    endloop
  endfacet
  facet normal 0.445311 0.873935 0.194772
    outer loop
      vertex -0.79375 -1.37482 5.84999
      vertex -0.812778 -1.40777 6.04134
      vertex -0.661173 -1.48502 6.04134
    endloop
  endfacet
  facet normal 0.453951 0.891027 -0
    outer loop
      vertex -0.645694 -1.45025 0.5
      vertex -0.79375 -1.37482 0.5
      vertex -0.645694 -1.45025 5.84999
    endloop
  endfacet
  facet normal 0.453951 0.891027 -0
    outer loop
      vertex -0.79375 -1.37482 0.5
      vertex -0.79375 -1.37482 5.84999
      vertex -0.645694 -1.45025 5.84999
    endloop
  endfacet
  facet normal 0.445306 0.873925 -0.194827
    outer loop
      vertex -0.661173 -1.48502 0.308655
      vertex -0.812778 -1.40777 0.308655
      vertex -0.645694 -1.45025 0.5
    endloop
  endfacet
  facet normal 0.445257 0.873962 -0.194776
    outer loop
      vertex -0.812778 -1.40777 0.308655
      vertex -0.79375 -1.37482 0.5
      vertex -0.645694 -1.45025 0.5
    endloop
  endfacet
  facet normal 0.377625 0.741107 -0.555122
    outer loop
      vertex -0.705263 -1.58405 0.146454
      vertex -0.866977 -1.50165 0.146454
      vertex -0.661173 -1.48502 0.308655
    endloop
  endfacet
  facet normal 0.377628 0.741103 -0.555125
    outer loop
      vertex -0.866977 -1.50165 0.146454
      vertex -0.812778 -1.40777 0.308655
      vertex -0.661173 -1.48502 0.308655
    endloop
  endfacet
  facet normal 0.25249 0.495568 -0.83106
    outer loop
      vertex -0.771236 -1.73222 0.0380554
      vertex -0.948077 -1.64212 0.0380554
      vertex -0.705263 -1.58405 0.146454
    endloop
  endfacet
  facet normal 0.252501 0.495545 -0.831071
    outer loop
      vertex -0.948077 -1.64212 0.0380554
      vertex -0.866977 -1.50165 0.146454
      vertex -0.705263 -1.58405 0.146454
    endloop
  endfacet
  facet normal 0.0886722 0.174025 -0.980741
    outer loop
      vertex -0.849063 -1.90703 0
      vertex -1.04375 -1.80783 0
      vertex -0.771236 -1.73222 0.0380554
    endloop
  endfacet
  facet normal 0.0886697 0.174034 -0.980739
    outer loop
      vertex -1.04375 -1.80783 0
      vertex -0.948077 -1.64212 0.0380554
      vertex -0.771236 -1.73222 0.0380554
    endloop
  endfacet
  facet normal 0 0 -1
    outer loop
      vertex -1.08802 -2.44373 0
      vertex -1.3375 -2.31661 0
      vertex -0.849063 -1.90703 0
    endloop
  endfacet
  facet normal 0 0 -1
    outer loop
      vertex -1.3375 -2.31661 0
      vertex -1.04375 -1.80783 0
      vertex -0.849063 -1.90703 0
    endloop
  endfacet
  facet normal -0.088676 -0.174032 -0.980739
    outer loop
      vertex -1.16585 -2.61853 0.0380554
      vertex -1.43317 -2.48232 0.0380554
      vertex -1.08802 -2.44373 0
    endloop
  endfacet
  facet normal -0.0886761 -0.174032 -0.980739
    outer loop
      vertex -1.43317 -2.48232 0.0380554
      vertex -1.3375 -2.31661 0
      vertex -1.08802 -2.44373 0
    endloop
  endfacet
  facet normal -0.302908 -0.466442 -0.831071
    outer loop
      vertex -1.51427 -2.62279 0.146454
      vertex -1.78013 -2.45014 0.146454
      vertex -1.43317 -2.48232 0.0380554
    endloop
  endfacet
  facet normal -0.302908 -0.466448 -0.831067
    outer loop
      vertex -1.78013 -2.45014 0.146454
      vertex -1.68479 -2.31892 0.0380554
      vertex -1.43317 -2.48232 0.0380554
    endloop
  endfacet
  facet normal -0.453006 -0.697583 -0.555126
    outer loop
      vertex -1.56847 -2.71667 0.308655
      vertex -1.84385 -2.53784 0.308655
      vertex -1.51427 -2.62279 0.146454
    endloop
  endfacet
  facet normal -0.453007 -0.697576 -0.555132
    outer loop
      vertex -1.84385 -2.53784 0.308655
      vertex -1.78013 -2.45014 0.146454
      vertex -1.51427 -2.62279 0.146454
    endloop
  endfacet
  facet normal -0.534231 -0.822582 -0.194825
    outer loop
      vertex -1.5875 -2.74963 0.5
      vertex -1.86621 -2.56862 0.5
      vertex -1.56847 -2.71667 0.308655
    endloop
  endfacet
  facet normal -0.534202 -0.822617 -0.194753
    outer loop
      vertex -1.86621 -2.56862 0.5
      vertex -1.84385 -2.53784 0.308655
      vertex -1.56847 -2.71667 0.308655
    endloop
  endfacet
  facet normal -0.544668 -0.838652 -0
    outer loop
      vertex -1.5875 -2.74963 5.84999
      vertex -1.86621 -2.56862 5.84999
      vertex -1.5875 -2.74963 0.5
    endloop
  endfacet
  facet normal -0.544668 -0.838652 -0
    outer loop
      vertex -1.86621 -2.56862 5.84999
      vertex -1.86621 -2.56862 0.5
      vertex -1.5875 -2.74963 0.5
    endloop
  endfacet
  facet normal -0.534195 -0.822606 0.19482
    outer loop
      vertex -1.56847 -2.71667 6.04134
      vertex -1.84385 -2.53784 6.04134
      vertex -1.5875 -2.74963 5.84999
    endloop
  endfacet
  facet normal -0.534239 -0.822594 0.194748
    outer loop
      vertex -1.84385 -2.53784 6.04134
      vertex -1.86621 -2.56862 5.84999
      vertex -1.5875 -2.74963 5.84999
    endloop
  endfacet
  facet normal -0.453009 -0.697579 0.555128
    outer loop
      vertex -1.51427 -2.62279 6.20354
      vertex -1.78013 -2.45014 6.20354
      vertex -1.56847 -2.71667 6.04134
    endloop
  endfacet
  facet normal -0.453002 -0.697577 0.555135
    outer loop
      vertex -1.78013 -2.45014 6.20354
      vertex -1.84385 -2.53784 6.04134
      vertex -1.56847 -2.71667 6.04134
    endloop
  endfacet
  facet normal -0.302907 -0.466448 0.831068
    outer loop
      vertex -1.43317 -2.48232 6.31194
      vertex -1.68479 -2.31892 6.31194
      vertex -1.51427 -2.62279 6.20354
    endloop
  endfacet
  facet normal -0.302914 -0.46645 0.831064
    outer loop
      vertex -1.68479 -2.31892 6.31194
      vertex -1.78013 -2.45014 6.20354
      vertex -1.51427 -2.62279 6.20354
    endloop
  endfacet
  facet normal -0.106363 -0.163789 0.980745
    outer loop
      vertex -1.3375 -2.31661 6.34999
      vertex -1.57232 -2.16412 6.34999
      vertex -1.43317 -2.48232 6.31194
    endloop
  endfacet
  facet normal -0.106364 -0.16379 0.980745
    outer loop
      vertex -1.57232 -2.16412 6.34999
      vertex -1.68479 -2.31892 6.31194
      vertex -1.43317 -2.48232 6.31194
    endloop
  endfacet
  facet normal 0 0 1
    outer loop
      vertex -1.04375 -1.80783 6.34999
      vertex -1.227 -1.68882 6.34999
      vertex -1.3375 -2.31661 6.34999
    endloop
  endfacet
  facet normal 0 0 1
    outer loop
      vertex -1.227 -1.68882 6.34999
      vertex -1.57232 -2.16412 6.34999
      vertex -1.3375 -2.31661 6.34999
    endloop
  endfacet
  facet normal 0.106367 0.163785 0.980745
    outer loop
      vertex -0.948077 -1.64212 6.31194
      vertex -1.11453 -1.53402 6.31194
      vertex -1.04375 -1.80783 6.34999
    endloop
  endfacet
  facet normal 0.106369 0.163786 0.980745
    outer loop
      vertex -1.11453 -1.53402 6.31194
      vertex -1.227 -1.68882 6.34999
      vertex -1.04375 -1.80783 6.34999
    endloop
  endfacet
  facet normal 0.302917 0.466442 0.831067
    outer loop
      vertex -0.866977 -1.50165 6.20354
      vertex -1.01919 -1.4028 6.20354
      vertex -0.948077 -1.64212 6.31194
    endloop
  endfacet
  facet normal 0.302923 0.466443 0.831064
    outer loop
      vertex -1.01919 -1.4028 6.20354
      vertex -1.11453 -1.53402 6.31194
      vertex -0.948077 -1.64212 6.31194
    endloop
  endfacet
  facet normal 0.453013 0.697578 0.555126
    outer loop
      vertex -0.812778 -1.40777 6.04134
      vertex -0.955477 -1.3151 6.04134
      vertex -0.866977 -1.50165 6.20354
    endloop
  endfacet
  facet normal 0.45302 0.697577 0.555122
    outer loop
      vertex -0.955477 -1.3151 6.04134
      vertex -1.01919 -1.4028 6.20354
      vertex -0.866977 -1.50165 6.20354
    endloop
  endfacet
  facet normal 0.534247 0.822584 0.194773
    outer loop
      vertex -0.79375 -1.37482 5.84999
      vertex -0.933109 -1.28431 5.84999
      vertex -0.812778 -1.40777 6.04134
    endloop
  endfacet
  facet normal 0.534205 0.822602 0.194811
    outer loop
      vertex -0.933109 -1.28431 5.84999
      vertex -0.955477 -1.3151 6.04134
      vertex -0.812778 -1.40777 6.04134
    endloop
  endfacet
  facet normal 0.544678 0.838645 -0
    outer loop
      vertex -0.79375 -1.37482 0.5
      vertex -0.933109 -1.28431 0.5
      vertex -0.79375 -1.37482 5.84999
    endloop
  endfacet
  facet normal 0.544678 0.838645 -0
    outer loop
      vertex -0.933109 -1.28431 0.5
      vertex -0.933109 -1.28431 5.84999
      vertex -0.79375 -1.37482 5.84999
    endloop
  endfacet
  facet normal 0.534208 0.822607 -0.194778
    outer loop
      vertex -0.812778 -1.40777 0.308655
      vertex -0.955477 -1.3151 0.308655
      vertex -0.79375 -1.37482 0.5
    endloop
  endfacet
  facet normal 0.534242 0.822577 -0.194816
    outer loop
      vertex -0.955477 -1.3151 0.308655
      vertex -0.933109 -1.28431 0.5
      vertex -0.79375 -1.37482 0.5
    endloop
  endfacet
  facet normal 0.453019 0.697576 -0.555123
    outer loop
      vertex -0.866977 -1.50165 0.146454
      vertex -1.01919 -1.4028 0.146454
      vertex -0.812778 -1.40777 0.308655
    endloop
  endfacet
  facet normal 0.453016 0.697581 -0.555119
    outer loop
      vertex -1.01919 -1.4028 0.146454
      vertex -0.955477 -1.3151 0.308655
      vertex -0.812778 -1.40777 0.308655
    endloop
  endfacet
  facet normal 0.302918 0.466436 -0.831071
    outer loop
      vertex -0.948077 -1.64212 0.0380554
      vertex -1.11453 -1.53402 0.0380554
      vertex -0.866977 -1.50165 0.146454
    endloop
  endfacet
  facet normal 0.302916 0.466442 -0.831068
    outer loop
      vertex -1.11453 -1.53402 0.0380554
      vertex -1.01919 -1.4028 0.146454
      vertex -0.866977 -1.50165 0.146454
    endloop
  endfacet
  facet normal 0.106383 0.163807 -0.980739
    outer loop
      vertex -1.04375 -1.80783 0
      vertex -1.227 -1.68882 0
      vertex -0.948077 -1.64212 0.0380554
    endloop
  endfacet
  facet normal 0.106383 0.163809 -0.980739
    outer loop
      vertex -1.227 -1.68882 0
      vertex -1.11453 -1.53402 0.0380554
      vertex -0.948077 -1.64212 0.0380554
    endloop
  endfacet
  facet normal 0 0 -1
    outer loop
      vertex -1.3375 -2.31661 0
      vertex -1.57232 -2.16412 0
      vertex -1.04375 -1.80783 0
    endloop
  endfacet
  facet normal 0 0 -1
    outer loop
      vertex -1.57232 -2.16412 0
      vertex -1.227 -1.68882 0
      vertex -1.04375 -1.80783 0
    endloop
  endfacet
  facet normal -0.106378 -0.163812 -0.980739
    outer loop
      vertex -1.43317 -2.48232 0.0380554
      vertex -1.68479 -2.31892 0.0380554
      vertex -1.3375 -2.31661 0
    endloop
  endfacet
  facet normal -0.106378 -0.163812 -0.980739
    outer loop
      vertex -1.68479 -2.31892 0.0380554
      vertex -1.57232 -2.16412 0
      vertex -1.3375 -2.31661 0
    endloop
  endfacet
  facet normal -0.350011 -0.432225 -0.831068
    outer loop
      vertex -1.78013 -2.45014 0.146454
      vertex -2.02649 -2.25064 0.146454
      vertex -1.68479 -2.31892 0.0380554
    endloop
  endfacet
  facet normal -0.350012 -0.432246 -0.831057
    outer loop
      vertex -2.02649 -2.25064 0.146454
      vertex -1.91796 -2.13011 0.0380554
      vertex -1.68479 -2.31892 0.0380554
    endloop
  endfacet
  facet normal -0.523456 -0.646391 -0.555133
    outer loop
      vertex -1.84385 -2.53784 0.308655
      vertex -2.09902 -2.3312 0.308655
      vertex -1.78013 -2.45014 0.146454
    endloop
  endfacet
  facet normal -0.523454 -0.646406 -0.555117
    outer loop
      vertex -2.09902 -2.3312 0.308655
      vertex -2.02649 -2.25064 0.146454
      vertex -1.78013 -2.45014 0.146454
    endloop
  endfacet
  facet normal -0.617251 -0.762282 -0.194752
    outer loop
      vertex -1.86621 -2.56862 0.5
      vertex -2.12449 -2.35948 0.5
      vertex -1.84385 -2.53784 0.308655
    endloop
  endfacet
  facet normal -0.617275 -0.762244 -0.194822
    outer loop
      vertex -2.12449 -2.35948 0.5
      vertex -2.09902 -2.3312 0.308655
      vertex -1.84385 -2.53784 0.308655
    endloop
  endfacet
  facet normal -0.6293 -0.777162 -0
    outer loop
      vertex -1.86621 -2.56862 5.84999
      vertex -2.12449 -2.35948 5.84999
      vertex -1.86621 -2.56862 0.5
    endloop
  endfacet
  facet normal -0.6293 -0.777162 -0
    outer loop
      vertex -2.12449 -2.35948 5.84999
      vertex -2.12449 -2.35948 0.5
      vertex -1.86621 -2.56862 0.5
    endloop
  endfacet
  facet normal -0.617285 -0.762256 0.194746
    outer loop
      vertex -1.84385 -2.53784 6.04134
      vertex -2.09902 -2.3312 6.04134
      vertex -1.86621 -2.56862 5.84999
    endloop
  endfacet
  facet normal -0.617243 -0.762271 0.194817
    outer loop
      vertex -2.09902 -2.3312 6.04134
      vertex -2.12449 -2.35948 5.84999
      vertex -1.86621 -2.56862 5.84999
    endloop
  endfacet
  facet normal -0.523446 -0.646397 0.555136
    outer loop
      vertex -1.78013 -2.45014 6.20354
      vertex -2.02649 -2.25064 6.20354
      vertex -1.84385 -2.53784 6.04134
    endloop
  endfacet
  facet normal -0.523461 -0.646398 0.55512
    outer loop
      vertex -2.02649 -2.25064 6.20354
      vertex -2.09902 -2.3312 6.04134
      vertex -1.84385 -2.53784 6.04134
    endloop
  endfacet
  facet normal -0.350004 -0.432236 0.831065
    outer loop
      vertex -1.68479 -2.31892 6.31194
      vertex -1.91796 -2.13011 6.31194
      vertex -1.78013 -2.45014 6.20354
    endloop
  endfacet
  facet normal -0.350025 -0.432241 0.831054
    outer loop
      vertex -1.91796 -2.13011 6.31194
      vertex -2.02649 -2.25064 6.20354
      vertex -1.78013 -2.45014 6.20354
    endloop
  endfacet
  facet normal -0.122904 -0.151772 0.980745
    outer loop
      vertex -1.57232 -2.16412 6.34999
      vertex -1.78992 -1.98791 6.34999
      vertex -1.68479 -2.31892 6.31194
    endloop
  endfacet
  facet normal -0.122896 -0.15177 0.980746
    outer loop
      vertex -1.78992 -1.98791 6.34999
      vertex -1.91796 -2.13011 6.31194
      vertex -1.68479 -2.31892 6.31194
    endloop
  endfacet
  facet normal 0 0 1
    outer loop
      vertex -1.227 -1.68882 6.34999
      vertex -1.39681 -1.55131 6.34999
      vertex -1.57232 -2.16412 6.34999
    endloop
  endfacet
  facet normal 0 0 1
    outer loop
      vertex -1.39681 -1.55131 6.34999
      vertex -1.78992 -1.98791 6.34999
      vertex -1.57232 -2.16412 6.34999
    endloop
  endfacet
  facet normal 0.122897 0.151777 0.980745
    outer loop
      vertex -1.11453 -1.53402 6.31194
      vertex -1.26878 -1.40912 6.31194
      vertex -1.227 -1.68882 6.34999
    endloop
  endfacet
  facet normal 0.122908 0.151778 0.980743
    outer loop
      vertex -1.26878 -1.40912 6.31194
      vertex -1.39681 -1.55131 6.34999
      vertex -1.227 -1.68882 6.34999
    endloop
  endfacet
  facet normal 0.350013 0.43223 0.831065
    outer loop
      vertex -1.01919 -1.4028 6.20354
      vertex -1.16024 -1.28858 6.20354
      vertex -1.11453 -1.53402 6.31194
    endloop
  endfacet
  facet normal 0.349987 0.43223 0.831075
    outer loop
      vertex -1.16024 -1.28858 6.20354
      vertex -1.26878 -1.40912 6.31194
      vertex -1.11453 -1.53402 6.31194
    endloop
  endfacet
  facet normal 0.523449 0.646407 0.55512
    outer loop
      vertex -0.955477 -1.3151 6.04134
      vertex -1.08771 -1.20802 6.04134
      vertex -1.01919 -1.4028 6.20354
    endloop
  endfacet
  facet normal 0.52345 0.646407 0.55512
    outer loop
      vertex -1.08771 -1.20802 6.04134
      vertex -1.16024 -1.28858 6.20354
      vertex -1.01919 -1.4028 6.20354
    endloop
  endfacet
  facet normal 0.61727 0.762252 0.19481
    outer loop
      vertex -0.933109 -1.28431 5.84999
      vertex -1.06224 -1.17974 5.84999
      vertex -0.955477 -1.3151 6.04134
    endloop
  endfacet
  facet normal 0.617262 0.762256 0.194817
    outer loop
      vertex -1.06224 -1.17974 5.84999
      vertex -1.08771 -1.20802 6.04134
      vertex -0.955477 -1.3151 6.04134
    endloop
  endfacet
  facet normal 0.629327 0.777141 -0
    outer loop
      vertex -0.933109 -1.28431 0.5
      vertex -1.06224 -1.17974 0.5
      vertex -0.933109 -1.28431 5.84999
    endloop
  endfacet
  facet normal 0.629327 0.777141 -0
    outer loop
      vertex -1.06224 -1.17974 0.5
      vertex -1.06224 -1.17974 5.84999
      vertex -0.933109 -1.28431 5.84999
    endloop
  endfacet
  facet normal 0.617262 0.762256 -0.194815
    outer loop
      vertex -0.955477 -1.3151 0.308655
      vertex -1.08771 -1.20802 0.308655
      vertex -0.933109 -1.28431 0.5
    endloop
  endfacet
  facet normal 0.617268 0.76225 -0.194822
    outer loop
      vertex -1.08771 -1.20802 0.308655
      vertex -1.06224 -1.17974 0.5
      vertex -0.933109 -1.28431 0.5
    endloop
  endfacet
  facet normal 0.523451 0.646408 -0.555118
    outer loop
      vertex -1.01919 -1.4028 0.146454
      vertex -1.16024 -1.28858 0.146454
      vertex -0.955477 -1.3151 0.308655
    endloop
  endfacet
  facet normal 0.523451 0.646409 -0.555117
    outer loop
      vertex -1.16024 -1.28858 0.146454
      vertex -1.08771 -1.20802 0.308655
      vertex -0.955477 -1.3151 0.308655
    endloop
  endfacet
  facet normal 0.349994 0.432238 -0.831068
    outer loop
      vertex -1.11453 -1.53402 0.0380554
      vertex -1.26878 -1.40912 0.0380554
      vertex -1.01919 -1.4028 0.146454
    endloop
  endfacet
  facet normal 0.349999 0.432213 -0.831079
    outer loop
      vertex -1.26878 -1.40912 0.0380554
      vertex -1.16024 -1.28858 0.146454
      vertex -1.01919 -1.4028 0.146454
    endloop
  endfacet
  facet normal 0.12292 0.151793 -0.980739
    outer loop
      vertex -1.227 -1.68882 0
      vertex -1.39681 -1.55131 0
      vertex -1.11453 -1.53402 0.0380554
    endloop
  endfacet
  facet normal 0.122919 0.151804 -0.980738
    outer loop
      vertex -1.39681 -1.55131 0
      vertex -1.26878 -1.40912 0.0380554
      vertex -1.11453 -1.53402 0.0380554
    endloop
  endfacet
  facet normal 0 0 -1
    outer loop
      vertex -1.57232 -2.16412 0
      vertex -1.78992 -1.98791 0
      vertex -1.227 -1.68882 0
    endloop
  endfacet
  facet normal 0 0 -1
    outer loop
      vertex -1.78992 -1.98791 0
      vertex -1.39681 -1.55131 0
      vertex -1.227 -1.68882 0
    endloop
  endfacet
  facet normal -0.122917 -0.151796 -0.980739
    outer loop
      vertex -1.68479 -2.31892 0.0380554
      vertex -1.91796 -2.13011 0.0380554
      vertex -1.57232 -2.16412 0
    endloop
  endfacet
  facet normal -0.122916 -0.151788 -0.980741
    outer loop
      vertex -1.91796 -2.13011 0.0380554
      vertex -1.78992 -1.98791 0
      vertex -1.57232 -2.16412 0
    endloop
  endfacet
  facet normal -0.393283 -0.393283 -0.831057
    outer loop
      vertex -2.02649 -2.25064 0.146454
      vertex -2.25064 -2.02649 0.146454
      vertex -1.91796 -2.13011 0.0380554
    endloop
  endfacet
  facet normal -0.393283 -0.393283 -0.831057
    outer loop
      vertex -2.25064 -2.02649 0.146454
      vertex -2.13011 -1.91796 0.0380554
      vertex -1.91796 -2.13011 0.0380554
    endloop
  endfacet
  facet normal -0.588153 -0.588153 -0.555115
    outer loop
      vertex -2.09902 -2.3312 0.308655
      vertex -2.3312 -2.09902 0.308655
      vertex -2.02649 -2.25064 0.146454
    endloop
  endfacet
  facet normal -0.588153 -0.588153 -0.555115
    outer loop
      vertex -2.3312 -2.09902 0.308655
      vertex -2.25064 -2.02649 0.146454
      vertex -2.02649 -2.25064 0.146454
    endloop
  endfacet
  facet normal -0.693557 -0.693557 -0.194825
    outer loop
      vertex -2.12449 -2.35948 0.5
      vertex -2.35948 -2.12449 0.5
      vertex -2.09902 -2.3312 0.308655
    endloop
  endfacet
  facet normal -0.693557 -0.693557 -0.194825
    outer loop
      vertex -2.35948 -2.12449 0.5
      vertex -2.3312 -2.09902 0.308655
      vertex -2.09902 -2.3312 0.308655
    endloop
  endfacet
  facet normal -0.707107 -0.707107 -0
    outer loop
      vertex -2.12449 -2.35948 5.84999
      vertex -2.35948 -2.12449 5.84999
      vertex -2.12449 -2.35948 0.5
    endloop
  endfacet
  facet normal -0.707107 -0.707107 -0
    outer loop
      vertex -2.35948 -2.12449 5.84999
      vertex -2.35948 -2.12449 0.5
      vertex -2.12449 -2.35948 0.5
    endloop
  endfacet
  facet normal -0.693558 -0.693558 0.19482
    outer loop
      vertex -2.09902 -2.3312 6.04134
      vertex -2.3312 -2.09902 6.04134
      vertex -2.12449 -2.35948 5.84999
    endloop
  endfacet
  facet normal -0.693558 -0.693558 0.19482
    outer loop
      vertex -2.3312 -2.09902 6.04134
      vertex -2.35948 -2.12449 5.84999
      vertex -2.12449 -2.35948 5.84999
    endloop
  endfacet
  facet normal -0.588151 -0.588151 0.555118
    outer loop
      vertex -2.02649 -2.25064 6.20354
      vertex -2.25064 -2.02649 6.20354
      vertex -2.09902 -2.3312 6.04134
    endloop
  endfacet
  facet normal -0.588151 -0.588151 0.555118
    outer loop
      vertex -2.25064 -2.02649 6.20354
      vertex -2.3312 -2.09902 6.04134
      vertex -2.09902 -2.3312 6.04134
    endloop
  endfacet
  facet normal -0.393287 -0.393287 0.831054
    outer loop
      vertex -1.91796 -2.13011 6.31194
      vertex -2.13011 -1.91796 6.31194
      vertex -2.02649 -2.25064 6.20354
    endloop
  endfacet
  facet normal -0.393287 -0.393287 0.831054
    outer loop
      vertex -2.13011 -1.91796 6.31194
      vertex -2.25064 -2.02649 6.20354
      vertex -2.02649 -2.25064 6.20354
    endloop
  endfacet
  facet normal -0.13809 -0.13809 0.980746
    outer loop
      vertex -1.78992 -1.98791 6.34999
      vertex -1.98791 -1.78992 6.34999
      vertex -1.91796 -2.13011 6.31194
    endloop
  endfacet
  facet normal -0.13809 -0.13809 0.980746
    outer loop
      vertex -1.98791 -1.78992 6.34999
      vertex -2.13011 -1.91796 6.31194
      vertex -1.91796 -2.13011 6.31194
    endloop
  endfacet
  facet normal 0 0 1
    outer loop
      vertex -1.39681 -1.55131 6.34999
      vertex -1.55131 -1.39681 6.34999
      vertex -1.78992 -1.98791 6.34999
    endloop
  endfacet
  facet normal 0 0 1
    outer loop
      vertex -1.55131 -1.39681 6.34999
      vertex -1.98791 -1.78992 6.34999
      vertex -1.78992 -1.98791 6.34999
    endloop
  endfacet
  facet normal 0.1381 0.1381 0.980743
    outer loop
      vertex -1.26878 -1.40912 6.31194
      vertex -1.40912 -1.26878 6.31194
      vertex -1.39681 -1.55131 6.34999
    endloop
  endfacet
  facet normal 0.1381 0.1381 0.980743
    outer loop
      vertex -1.40912 -1.26878 6.31194
      vertex -1.55131 -1.39681 6.34999
      vertex -1.39681 -1.55131 6.34999
    endloop
  endfacet
  facet normal 0.393263 0.393263 0.831077
    outer loop
      vertex -1.16024 -1.28858 6.20354
      vertex -1.28858 -1.16024 6.20354
      vertex -1.26878 -1.40912 6.31194
    endloop
  endfacet
  facet normal 0.393263 0.393263 0.831077
    outer loop
      vertex -1.28858 -1.16024 6.20354
      vertex -1.40912 -1.26878 6.31194
      vertex -1.26878 -1.40912 6.31194
    endloop
  endfacet
  facet normal 0.588151 0.588151 0.555118
    outer loop
      vertex -1.08771 -1.20802 6.04134
      vertex -1.20802 -1.08771 6.04134
      vertex -1.16024 -1.28858 6.20354
    endloop
  endfacet
  facet normal 0.588151 0.588151 0.555118
    outer loop
      vertex -1.20802 -1.08771 6.04134
      vertex -1.28858 -1.16024 6.20354
      vertex -1.16024 -1.28858 6.20354
    endloop
  endfacet
  facet normal 0.693558 0.693558 0.19482
    outer loop
      vertex -1.06224 -1.17974 5.84999
      vertex -1.17974 -1.06224 5.84999
      vertex -1.08771 -1.20802 6.04134
    endloop
  endfacet
  facet normal 0.693558 0.693558 0.19482
    outer loop
      vertex -1.17974 -1.06224 5.84999
      vertex -1.20802 -1.08771 6.04134
      vertex -1.08771 -1.20802 6.04134
    endloop
  endfacet
  facet normal 0.707107 0.707107 -0
    outer loop
      vertex -1.06224 -1.17974 0.5
      vertex -1.17974 -1.06224 0.5
      vertex -1.06224 -1.17974 5.84999
    endloop
  endfacet
  facet normal 0.707107 0.707107 -0
    outer loop
      vertex -1.17974 -1.06224 0.5
      vertex -1.17974 -1.06224 5.84999
      vertex -1.06224 -1.17974 5.84999
    endloop
  endfacet
  facet normal 0.693557 0.693557 -0.194825
    outer loop
      vertex -1.08771 -1.20802 0.308655
      vertex -1.20802 -1.08771 0.308655
      vertex -1.06224 -1.17974 0.5
    endloop
  endfacet
  facet normal 0.693557 0.693557 -0.194825
    outer loop
      vertex -1.20802 -1.08771 0.308655
      vertex -1.17974 -1.06224 0.5
      vertex -1.06224 -1.17974 0.5
    endloop
  endfacet
  facet normal 0.588153 0.588153 -0.555115
    outer loop
      vertex -1.16024 -1.28858 0.146454
      vertex -1.28858 -1.16024 0.146454
      vertex -1.08771 -1.20802 0.308655
    endloop
  endfacet
  facet normal 0.588153 0.588153 -0.555115
    outer loop
      vertex -1.28858 -1.16024 0.146454
      vertex -1.20802 -1.08771 0.308655
      vertex -1.08771 -1.20802 0.308655
    endloop
  endfacet
  facet normal 0.39326 0.39326 -0.83108
    outer loop
      vertex -1.26878 -1.40912 0.0380554
      vertex -1.40912 -1.26878 0.0380554
      vertex -1.16024 -1.28858 0.146454
    endloop
  endfacet
  facet normal 0.39326 0.39326 -0.83108
    outer loop
      vertex -1.40912 -1.26878 0.0380554
      vertex -1.28858 -1.16024 0.146454
      vertex -1.16024 -1.28858 0.146454
    endloop
  endfacet
  facet normal 0.138118 0.138118 -0.980738
    outer loop
      vertex -1.39681 -1.55131 0
      vertex -1.55131 -1.39681 0
      vertex -1.26878 -1.40912 0.0380554
    endloop
  endfacet
  facet normal 0.138118 0.138118 -0.980738
    outer loop
      vertex -1.55131 -1.39681 0
      vertex -1.40912 -1.26878 0.0380554
      vertex -1.26878 -1.40912 0.0380554
    endloop
  endfacet
  facet normal 0 0 -1
    outer loop
      vertex -1.78992 -1.98791 0
      vertex -1.98791 -1.78992 0
      vertex -1.39681 -1.55131 0
    endloop
  endfacet
  facet normal 0 0 -1
    outer loop
      vertex -1.98791 -1.78992 0
      vertex -1.55131 -1.39681 0
      vertex -1.39681 -1.55131 0
    endloop
  endfacet
  facet normal -0.138109 -0.138109 -0.980741
    outer loop
      vertex -1.91796 -2.13011 0.0380554
      vertex -2.13011 -1.91796 0.0380554
      vertex -1.78992 -1.98791 0
    endloop
  endfacet
  facet normal -0.138109 -0.138109 -0.980741
    outer loop
      vertex -2.13011 -1.91796 0.0380554
      vertex -1.98791 -1.78992 0
      vertex -1.78992 -1.98791 0
    endloop
  endfacet
  facet normal -0.432237 -0.350022 -0.831057
    outer loop
      vertex -2.25064 -2.02649 0.146454
      vertex -2.45014 -1.78013 0.146454
      vertex -2.13011 -1.91796 0.0380554
    endloop
  endfacet
  facet normal -0.432232 -0.350001 -0.831068
    outer loop
      vertex -2.45014 -1.78013 0.146454
      vertex -2.31892 -1.68479 0.0380554
      vertex -2.13011 -1.91796 0.0380554
    endloop
  endfacet
  facet normal -0.646399 -0.523462 -0.555118
    outer loop
      vertex -2.3312 -2.09902 0.308655
      vertex -2.53784 -1.84385 0.308655
      vertex -2.25064 -2.02649 0.146454
    endloop
  endfacet
  facet normal -0.646398 -0.523447 -0.555133
    outer loop
      vertex -2.53784 -1.84385 0.308655
      vertex -2.45014 -1.78013 0.146454
      vertex -2.25064 -2.02649 0.146454
    endloop
  endfacet
  facet normal -0.762271 -0.617242 -0.194822
    outer loop
      vertex -2.35948 -2.12449 0.5
      vertex -2.56862 -1.86621 0.5
      vertex -2.3312 -2.09902 0.308655
    endloop
  endfacet
  facet normal -0.762255 -0.617284 -0.194751
    outer loop
      vertex -2.56862 -1.86621 0.5
      vertex -2.53784 -1.84385 0.308655
      vertex -2.3312 -2.09902 0.308655
    endloop
  endfacet
  facet normal -0.777162 -0.6293 -0
    outer loop
      vertex -2.35948 -2.12449 5.84999
      vertex -2.56862 -1.86621 5.84999
      vertex -2.35948 -2.12449 0.5
    endloop
  endfacet
  facet normal -0.777162 -0.6293 -0
    outer loop
      vertex -2.56862 -1.86621 5.84999
      vertex -2.56862 -1.86621 0.5
      vertex -2.35948 -2.12449 0.5
    endloop
  endfacet
  facet normal -0.762245 -0.617276 0.194817
    outer loop
      vertex -2.3312 -2.09902 6.04134
      vertex -2.53784 -1.84385 6.04134
      vertex -2.35948 -2.12449 5.84999
    endloop
  endfacet
  facet normal -0.762282 -0.617252 0.194747
    outer loop
      vertex -2.53784 -1.84385 6.04134
      vertex -2.56862 -1.86621 5.84999
      vertex -2.35948 -2.12449 5.84999
    endloop
  endfacet
  facet normal -0.646405 -0.523453 0.55512
    outer loop
      vertex -2.25064 -2.02649 6.20354
      vertex -2.45014 -1.78013 6.20354
      vertex -2.3312 -2.09902 6.04134
    endloop
  endfacet
  facet normal -0.64639 -0.523455 0.555135
    outer loop
      vertex -2.45014 -1.78013 6.20354
      vertex -2.53784 -1.84385 6.04134
      vertex -2.3312 -2.09902 6.04134
    endloop
  endfacet
  facet normal -0.43225 -0.350015 0.831053
    outer loop
      vertex -2.13011 -1.91796 6.31194
      vertex -2.31892 -1.68479 6.31194
      vertex -2.25064 -2.02649 6.20354
    endloop
  endfacet
  facet normal -0.432228 -0.350015 0.831065
    outer loop
      vertex -2.31892 -1.68479 6.31194
      vertex -2.45014 -1.78013 6.20354
      vertex -2.25064 -2.02649 6.20354
    endloop
  endfacet
  facet normal -0.151767 -0.1229 0.980746
    outer loop
      vertex -1.98791 -1.78992 6.34999
      vertex -2.16412 -1.57232 6.34999
      vertex -2.13011 -1.91796 6.31194
    endloop
  endfacet
  facet normal -0.151775 -0.1229 0.980745
    outer loop
      vertex -2.16412 -1.57232 6.34999
      vertex -2.31892 -1.68479 6.31194
      vertex -2.13011 -1.91796 6.31194
    endloop
  endfacet
  facet normal 0 0 1
    outer loop
      vertex -1.55131 -1.39681 6.34999
      vertex -1.68882 -1.227 6.34999
      vertex -1.98791 -1.78992 6.34999
    endloop
  endfacet
  facet normal 0 0 1
    outer loop
      vertex -1.68882 -1.227 6.34999
      vertex -2.16412 -1.57232 6.34999
      vertex -1.98791 -1.78992 6.34999
    endloop
  endfacet
  facet normal 0.151783 0.122903 0.980743
    outer loop
      vertex -1.40912 -1.26878 6.31194
      vertex -1.53402 -1.11453 6.31194
      vertex -1.55131 -1.39681 6.34999
    endloop
  endfacet
  facet normal 0.151772 0.122903 0.980745
    outer loop
      vertex -1.53402 -1.11453 6.31194
      vertex -1.68882 -1.227 6.34999
      vertex -1.55131 -1.39681 6.34999
    endloop
  endfacet
  facet normal 0.432217 0.350002 0.831076
    outer loop
      vertex -1.28858 -1.16024 6.20354
      vertex -1.4028 -1.01919 6.20354
      vertex -1.40912 -1.26878 6.31194
    endloop
  endfacet
  facet normal 0.432242 0.349997 0.831065
    outer loop
      vertex -1.4028 -1.01919 6.20354
      vertex -1.53402 -1.11453 6.31194
      vertex -1.40912 -1.26878 6.31194
    endloop
  endfacet
  facet normal 0.646408 0.52345 0.55512
    outer loop
      vertex -1.20802 -1.08771 6.04134
      vertex -1.3151 -0.955477 6.04134
      vertex -1.28858 -1.16024 6.20354
    endloop
  endfacet
  facet normal 0.646407 0.52345 0.55512
    outer loop
      vertex -1.3151 -0.955477 6.04134
      vertex -1.4028 -1.01919 6.20354
      vertex -1.28858 -1.16024 6.20354
    endloop
  endfacet
  facet normal 0.76225 0.617269 0.194817
    outer loop
      vertex -1.17974 -1.06224 5.84999
      vertex -1.28431 -0.933109 5.84999
      vertex -1.20802 -1.08771 6.04134
    endloop
  endfacet
  facet normal 0.762257 0.617263 0.19481
    outer loop
      vertex -1.28431 -0.933109 5.84999
      vertex -1.3151 -0.955477 6.04134
      vertex -1.20802 -1.08771 6.04134
    endloop
  endfacet
  facet normal 0.777141 0.629327 -0
    outer loop
      vertex -1.17974 -1.06224 0.5
      vertex -1.28431 -0.933109 0.5
      vertex -1.17974 -1.06224 5.84999
    endloop
  endfacet
  facet normal 0.777141 0.629327 -0
    outer loop
      vertex -1.28431 -0.933109 0.5
      vertex -1.28431 -0.933109 5.84999
      vertex -1.17974 -1.06224 5.84999
    endloop
  endfacet
  facet normal 0.762255 0.617261 -0.194822
    outer loop
      vertex -1.20802 -1.08771 0.308655
      vertex -1.3151 -0.955477 0.308655
      vertex -1.17974 -1.06224 0.5
    endloop
  endfacet
  facet normal 0.762251 0.617269 -0.194814
    outer loop
      vertex -1.3151 -0.955477 0.308655
      vertex -1.28431 -0.933109 0.5
      vertex -1.17974 -1.06224 0.5
    endloop
  endfacet
  facet normal 0.646408 0.523451 -0.555117
    outer loop
      vertex -1.28858 -1.16024 0.146454
      vertex -1.4028 -1.01919 0.146454
      vertex -1.20802 -1.08771 0.308655
    endloop
  endfacet
  facet normal 0.646409 0.52345 -0.555118
    outer loop
      vertex -1.4028 -1.01919 0.146454
      vertex -1.3151 -0.955477 0.308655
      vertex -1.20802 -1.08771 0.308655
    endloop
  endfacet
  facet normal 0.432226 0.349984 -0.831079
    outer loop
      vertex -1.40912 -1.26878 0.0380554
      vertex -1.53402 -1.11453 0.0380554
      vertex -1.28858 -1.16024 0.146454
    endloop
  endfacet
  facet normal 0.432226 0.35001 -0.831068
    outer loop
      vertex -1.53402 -1.11453 0.0380554
      vertex -1.4028 -1.01919 0.146454
      vertex -1.28858 -1.16024 0.146454
    endloop
  endfacet
  facet normal 0.151799 0.122925 -0.980738
    outer loop
      vertex -1.55131 -1.39681 0
      vertex -1.68882 -1.227 0
      vertex -1.40912 -1.26878 0.0380554
    endloop
  endfacet
  facet normal 0.151798 0.122914 -0.980739
    outer loop
      vertex -1.68882 -1.227 0
      vertex -1.53402 -1.11453 0.0380554
      vertex -1.40912 -1.26878 0.0380554
    endloop
  endfacet
  facet normal 0 0 -1
    outer loop
      vertex -1.98791 -1.78992 0
      vertex -2.16412 -1.57232 0
      vertex -1.55131 -1.39681 0
    endloop
  endfacet
  facet normal 0 0 -1
    outer loop
      vertex -2.16412 -1.57232 0
      vertex -1.68882 -1.227 0
      vertex -1.55131 -1.39681 0
    endloop
  endfacet
  facet normal -0.151791 -0.122913 -0.98074
    outer loop
      vertex -2.13011 -1.91796 0.0380554
      vertex -2.31892 -1.68479 0.0380554
      vertex -1.98791 -1.78992 0
    endloop
  endfacet
  facet normal -0.151793 -0.12292 -0.980739
    outer loop
      vertex -2.31892 -1.68479 0.0380554
      vertex -2.16412 -1.57232 0
      vertex -1.98791 -1.78992 0
    endloop
  endfacet
  facet normal -0.466446 -0.302911 -0.831068
    outer loop
      vertex -2.45014 -1.78013 0.146454
      vertex -2.62279 -1.51427 0.146454
      vertex -2.31892 -1.68479 0.0380554
    endloop
  endfacet
  facet normal -0.466444 -0.302905 -0.831071
    outer loop
      vertex -2.62279 -1.51427 0.146454
      vertex -2.48232 -1.43317 0.0380554
      vertex -2.31892 -1.68479 0.0380554
    endloop
  endfacet
  facet normal -0.697579 -0.453003 -0.555132
    outer loop
      vertex -2.53784 -1.84385 0.308655
      vertex -2.71667 -1.56847 0.308655
      vertex -2.45014 -1.78013 0.146454
    endloop
  endfacet
  facet normal -0.69758 -0.45301 -0.555126
    outer loop
      vertex -2.71667 -1.56847 0.308655
      vertex -2.62279 -1.51427 0.146454
      vertex -2.45014 -1.78013 0.146454
    endloop
  endfacet
  facet normal -0.822594 -0.534239 -0.194753
    outer loop
      vertex -2.56862 -1.86621 0.5
      vertex -2.74963 -1.5875 0.5
      vertex -2.53784 -1.84385 0.308655
    endloop
  endfacet
  facet normal -0.822605 -0.534195 -0.194825
    outer loop
      vertex -2.74963 -1.5875 0.5
      vertex -2.71667 -1.56847 0.308655
      vertex -2.53784 -1.84385 0.308655
    endloop
  endfacet
  facet normal -0.838652 -0.544668 -0
    outer loop
      vertex -2.56862 -1.86621 5.84999
      vertex -2.74963 -1.5875 5.84999
      vertex -2.56862 -1.86621 0.5
    endloop
  endfacet
  facet normal -0.838652 -0.544668 -0
    outer loop
      vertex -2.74963 -1.5875 5.84999
      vertex -2.74963 -1.5875 0.5
      vertex -2.56862 -1.86621 0.5
    endloop
  endfacet
  facet normal -0.822618 -0.534203 0.194748
    outer loop
      vertex -2.53784 -1.84385 6.04134
      vertex -2.71667 -1.56847 6.04134
      vertex -2.56862 -1.86621 5.84999
    endloop
  endfacet
  facet normal -0.822583 -0.534232 0.19482
    outer loop
      vertex -2.71667 -1.56847 6.04134
      vertex -2.74963 -1.5875 5.84999
      vertex -2.56862 -1.86621 5.84999
    endloop
  endfacet
  facet normal -0.697575 -0.453006 0.555135
    outer loop
      vertex -2.45014 -1.78013 6.20354
      vertex -2.62279 -1.51427 6.20354
      vertex -2.53784 -1.84385 6.04134
    endloop
  endfacet
  facet normal -0.697581 -0.453005 0.555128
    outer loop
      vertex -2.62279 -1.51427 6.20354
      vertex -2.71667 -1.56847 6.04134
      vertex -2.53784 -1.84385 6.04134
    endloop
  endfacet
  facet normal -0.466452 -0.30291 0.831064
    outer loop
      vertex -2.31892 -1.68479 6.31194
      vertex -2.48232 -1.43317 6.31194
      vertex -2.45014 -1.78013 6.20354
    endloop
  endfacet
  facet normal -0.466446 -0.302911 0.831068
    outer loop
      vertex -2.48232 -1.43317 6.31194
      vertex -2.62279 -1.51427 6.20354
      vertex -2.45014 -1.78013 6.20354
    endloop
  endfacet
  facet normal -0.16379 -0.106363 0.980745
    outer loop
      vertex -2.16412 -1.57232 6.34999
      vertex -2.31661 -1.3375 6.34999
      vertex -2.31892 -1.68479 6.31194
    endloop
  endfacet
  facet normal -0.163789 -0.106363 0.980745
    outer loop
      vertex -2.31661 -1.3375 6.34999
      vertex -2.48232 -1.43317 6.31194
      vertex -2.31892 -1.68479 6.31194
    endloop
  endfacet
  facet normal 0 0 1
    outer loop
      vertex -1.68882 -1.227 6.34999
      vertex -1.80783 -1.04375 6.34999
      vertex -2.16412 -1.57232 6.34999
    endloop
  endfacet
  facet normal 0 0 1
    outer loop
      vertex -1.80783 -1.04375 6.34999
      vertex -2.31661 -1.3375 6.34999
      vertex -2.16412 -1.57232 6.34999
    endloop
  endfacet
  facet normal 0.163786 0.106368 0.980745
    outer loop
      vertex -1.53402 -1.11453 6.31194
      vertex -1.64212 -0.948077 6.31194
      vertex -1.68882 -1.227 6.34999
    endloop
  endfacet
  facet normal 0.163785 0.106368 0.980745
    outer loop
      vertex -1.64212 -0.948077 6.31194
      vertex -1.80783 -1.04375 6.34999
      vertex -1.68882 -1.227 6.34999
    endloop
  endfacet
  facet normal 0.466446 0.302919 0.831064
    outer loop
      vertex -1.4028 -1.01919 6.20354
      vertex -1.50165 -0.866977 6.20354
      vertex -1.53402 -1.11453 6.31194
    endloop
  endfacet
  facet normal 0.46644 0.302921 0.831067
    outer loop
      vertex -1.50165 -0.866977 6.20354
      vertex -1.64212 -0.948077 6.31194
      vertex -1.53402 -1.11453 6.31194
    endloop
  endfacet
  facet normal 0.69758 0.453015 0.555121
    outer loop
      vertex -1.3151 -0.955477 6.04134
      vertex -1.40777 -0.812778 6.04134
      vertex -1.4028 -1.01919 6.20354
    endloop
  endfacet
  facet normal 0.697574 0.453018 0.555126
    outer loop
      vertex -1.40777 -0.812778 6.04134
      vertex -1.50165 -0.866977 6.20354
      vertex -1.4028 -1.01919 6.20354
    endloop
  endfacet
  facet normal 0.822577 0.534242 0.194811
    outer loop
      vertex -1.28431 -0.933109 5.84999
      vertex -1.37482 -0.79375 5.84999
      vertex -1.3151 -0.955477 6.04134
    endloop
  endfacet
  facet normal 0.822608 0.534209 0.194773
    outer loop
      vertex -1.37482 -0.79375 5.84999
      vertex -1.40777 -0.812778 6.04134
      vertex -1.3151 -0.955477 6.04134
    endloop
  endfacet
  facet normal 0.838645 0.544678 -0
    outer loop
      vertex -1.28431 -0.933109 0.5
      vertex -1.37482 -0.79375 0.5
      vertex -1.28431 -0.933109 5.84999
    endloop
  endfacet
  facet normal 0.838645 0.544678 -0
    outer loop
      vertex -1.37482 -0.79375 0.5
      vertex -1.37482 -0.79375 5.84999
      vertex -1.28431 -0.933109 5.84999
    endloop
  endfacet
  facet normal 0.822601 0.534204 -0.194816
    outer loop
      vertex -1.3151 -0.955477 0.308655
      vertex -1.40777 -0.812778 0.308655
      vertex -1.28431 -0.933109 0.5
    endloop
  endfacet
  facet normal 0.822583 0.534246 -0.194778
    outer loop
      vertex -1.40777 -0.812778 0.308655
      vertex -1.37482 -0.79375 0.5
      vertex -1.28431 -0.933109 0.5
    endloop
  endfacet
  facet normal 0.697578 0.45302 -0.555119
    outer loop
      vertex -1.4028 -1.01919 0.146454
      vertex -1.50165 -0.866977 0.146454
      vertex -1.3151 -0.955477 0.308655
    endloop
  endfacet
  facet normal 0.697579 0.453014 -0.555124
    outer loop
      vertex -1.50165 -0.866977 0.146454
      vertex -1.40777 -0.812778 0.308655
      vertex -1.3151 -0.955477 0.308655
    endloop
  endfacet
  facet normal 0.466439 0.302921 -0.831068
    outer loop
      vertex -1.53402 -1.11453 0.0380554
      vertex -1.64212 -0.948077 0.0380554
      vertex -1.4028 -1.01919 0.146454
    endloop
  endfacet
  facet normal 0.466438 0.302914 -0.831071
    outer loop
      vertex -1.64212 -0.948077 0.0380554
      vertex -1.50165 -0.866977 0.146454
      vertex -1.4028 -1.01919 0.146454
    endloop
  endfacet
  facet normal 0.163808 0.106384 -0.980739
    outer loop
      vertex -1.68882 -1.227 0
      vertex -1.80783 -1.04375 0
      vertex -1.53402 -1.11453 0.0380554
    endloop
  endfacet
  facet normal 0.163808 0.106382 -0.980739
    outer loop
      vertex -1.80783 -1.04375 0
      vertex -1.64212 -0.948077 0.0380554
      vertex -1.53402 -1.11453 0.0380554
    endloop
  endfacet
  facet normal 0 0 -1
    outer loop
      vertex -2.16412 -1.57232 0
      vertex -2.31661 -1.3375 0
      vertex -1.68882 -1.227 0
    endloop
  endfacet
  facet normal 0 0 -1
    outer loop
      vertex -2.31661 -1.3375 0
      vertex -1.80783 -1.04375 0
      vertex -1.68882 -1.227 0
    endloop
  endfacet
  facet normal -0.163812 -0.106378 -0.980739
    outer loop
      vertex -2.31892 -1.68479 0.0380554
      vertex -2.48232 -1.43317 0.0380554
      vertex -2.16412 -1.57232 0
    endloop
  endfacet
  facet normal -0.163812 -0.106378 -0.980739
    outer loop
      vertex -2.48232 -1.43317 0.0380554
      vertex -2.31661 -1.3375 0
      vertex -2.16412 -1.57232 0
    endloop
  endfacet
  facet normal -0.495545 -0.252501 -0.831071
    outer loop
      vertex -2.62279 -1.51427 0.146454
      vertex -2.76671 -1.23182 0.146454
      vertex -2.48232 -1.43317 0.0380554
    endloop
  endfacet
  facet normal -0.495544 -0.252499 -0.831072
    outer loop
      vertex -2.76671 -1.23182 0.146454
      vertex -2.61853 -1.16585 0.0380554
      vertex -2.48232 -1.43317 0.0380554
    endloop
  endfacet
  facet normal -0.741106 -0.37762 -0.555126
    outer loop
      vertex -2.71667 -1.56847 0.308655
      vertex -2.86574 -1.27591 0.308655
      vertex -2.62279 -1.51427 0.146454
    endloop
  endfacet
  facet normal -0.741107 -0.377625 -0.555122
    outer loop
      vertex -2.86574 -1.27591 0.308655
      vertex -2.76671 -1.23182 0.146454
      vertex -2.62279 -1.51427 0.146454
    endloop
  endfacet
  facet normal -0.87394 -0.445278 -0.194825
    outer loop
      vertex -2.74963 -1.5875 0.5
      vertex -2.9005 -1.29139 0.5
      vertex -2.71667 -1.56847 0.308655
    endloop
  endfacet
  facet normal -0.873936 -0.445302 -0.194786
    outer loop
      vertex -2.9005 -1.29139 0.5
      vertex -2.86574 -1.27591 0.308655
      vertex -2.71667 -1.56847 0.308655
    endloop
  endfacet
  facet normal -0.891013 -0.453977 -0
    outer loop
      vertex -2.74963 -1.5875 5.84999
      vertex -2.9005 -1.29139 5.84999
      vertex -2.74963 -1.5875 0.5
    endloop
  endfacet
  facet normal -0.891013 -0.453977 -0
    outer loop
      vertex -2.9005 -1.29139 5.84999
      vertex -2.9005 -1.29139 0.5
      vertex -2.74963 -1.5875 0.5
    endloop
  endfacet
  facet normal -0.87393 -0.445299 0.19482
    outer loop
      vertex -2.71667 -1.56847 6.04134
      vertex -2.86574 -1.27591 6.04134
      vertex -2.74963 -1.5875 5.84999
    endloop
  endfacet
  facet normal -0.873947 -0.445282 0.194781
    outer loop
      vertex -2.86574 -1.27591 6.04134
      vertex -2.9005 -1.29139 5.84999
      vertex -2.74963 -1.5875 5.84999
    endloop
  endfacet
  facet normal -0.741103 -0.377623 0.555129
    outer loop
      vertex -2.62279 -1.51427 6.20354
      vertex -2.76671 -1.23182 6.20354
      vertex -2.71667 -1.56847 6.04134
    endloop
  endfacet
  facet normal -0.741107 -0.377621 0.555124
    outer loop
      vertex -2.76671 -1.23182 6.20354
      vertex -2.86574 -1.27591 6.04134
      vertex -2.71667 -1.56847 6.04134
    endloop
  endfacet
  facet normal -0.495549 -0.252502 0.831068
    outer loop
      vertex -2.48232 -1.43317 6.31194
      vertex -2.61853 -1.16585 6.31194
      vertex -2.62279 -1.51427 6.20354
    endloop
  endfacet
  facet normal -0.495548 -0.252502 0.831069
    outer loop
      vertex -2.61853 -1.16585 6.31194
      vertex -2.76671 -1.23182 6.20354
      vertex -2.62279 -1.51427 6.20354
    endloop
  endfacet
  facet normal -0.174008 -0.088664 0.980745
    outer loop
      vertex -2.31661 -1.3375 6.34999
      vertex -2.44373 -1.08802 6.34999
      vertex -2.48232 -1.43317 6.31194
    endloop
  endfacet
  facet normal -0.174008 -0.0886639 0.980745
    outer loop
      vertex -2.44373 -1.08802 6.34999
      vertex -2.61853 -1.16585 6.31194
      vertex -2.48232 -1.43317 6.31194
    endloop
  endfacet
  facet normal 0 0 1
    outer loop
      vertex -1.80783 -1.04375 6.34999
      vertex -1.90703 -0.849063 6.34999
      vertex -2.31661 -1.3375 6.34999
    endloop
  endfacet
  facet normal 0 0 1
    outer loop
      vertex -1.90703 -0.849063 6.34999
      vertex -2.44373 -1.08802 6.34999
      vertex -2.31661 -1.3375 6.34999
    endloop
  endfacet
  facet normal 0.17401 0.0886576 0.980745
    outer loop
      vertex -1.64212 -0.948077 6.31194
      vertex -1.73222 -0.771236 6.31194
      vertex -1.80783 -1.04375 6.34999
    endloop
  endfacet
  facet normal 0.174002 0.0886601 0.980746
    outer loop
      vertex -1.73222 -0.771236 6.31194
      vertex -1.90703 -0.849063 6.34999
      vertex -1.80783 -1.04375 6.34999
    endloop
  endfacet
  facet normal 0.495549 0.252503 0.831068
    outer loop
      vertex -1.50165 -0.866977 6.20354
      vertex -1.58405 -0.705263 6.20354
      vertex -1.64212 -0.948077 6.31194
    endloop
  endfacet
  facet normal 0.495572 0.252493 0.831057
    outer loop
      vertex -1.58405 -0.705263 6.20354
      vertex -1.73222 -0.771236 6.31194
      vertex -1.64212 -0.948077 6.31194
    endloop
  endfacet
  facet normal 0.741102 0.377627 0.555127
    outer loop
      vertex -1.40777 -0.812778 6.04134
      vertex -1.48502 -0.661173 6.04134
      vertex -1.50165 -0.866977 6.20354
    endloop
  endfacet
  facet normal 0.741106 0.377624 0.555124
    outer loop
      vertex -1.48502 -0.661173 6.04134
      vertex -1.58405 -0.705263 6.20354
      vertex -1.50165 -0.866977 6.20354
    endloop
  endfacet
  facet normal 0.873962 0.445257 0.194771
    outer loop
      vertex -1.37482 -0.79375 5.84999
      vertex -1.45025 -0.645694 5.84999
      vertex -1.40777 -0.812778 6.04134
    endloop
  endfacet
  facet normal 0.873926 0.445307 0.194823
    outer loop
      vertex -1.45025 -0.645694 5.84999
      vertex -1.48502 -0.661173 6.04134
      vertex -1.40777 -0.812778 6.04134
    endloop
  endfacet
  facet normal 0.891027 0.453951 -0
    outer loop
      vertex -1.37482 -0.79375 0.5
      vertex -1.45025 -0.645694 0.5
      vertex -1.37482 -0.79375 5.84999
    endloop
  endfacet
  facet normal 0.891027 0.453951 -0
    outer loop
      vertex -1.45025 -0.645694 0.5
      vertex -1.45025 -0.645694 5.84999
      vertex -1.37482 -0.79375 5.84999
    endloop
  endfacet
  facet normal 0.873934 0.445311 -0.194776
    outer loop
      vertex -1.40777 -0.812778 0.308655
      vertex -1.48502 -0.661173 0.308655
      vertex -1.37482 -0.79375 0.5
    endloop
  endfacet
  facet normal 0.873952 0.445252 -0.194828
    outer loop
      vertex -1.48502 -0.661173 0.308655
      vertex -1.45025 -0.645694 0.5
      vertex -1.37482 -0.79375 0.5
    endloop
  endfacet
  facet normal 0.741105 0.377624 -0.555125
    outer loop
      vertex -1.50165 -0.866977 0.146454
      vertex -1.58405 -0.705263 0.146454
      vertex -1.40777 -0.812778 0.308655
    endloop
  endfacet
  facet normal 0.741105 0.377628 -0.555122
    outer loop
      vertex -1.58405 -0.705263 0.146454
      vertex -1.48502 -0.661173 0.308655
      vertex -1.40777 -0.812778 0.308655
    endloop
  endfacet
  facet normal 0.495554 0.252483 -0.831071
    outer loop
      vertex -1.64212 -0.948077 0.0380554
      vertex -1.73222 -0.771236 0.0380554
      vertex -1.50165 -0.866977 0.146454
    endloop
  endfacet
  facet normal 0.495559 0.252508 -0.83106
    outer loop
      vertex -1.73222 -0.771236 0.0380554
      vertex -1.58405 -0.705263 0.146454
      vertex -1.50165 -0.866977 0.146454
    endloop
  endfacet
  facet normal 0.174031 0.0886749 -0.98074
    outer loop
      vertex -1.80783 -1.04375 0
      vertex -1.90703 -0.849063 0
      vertex -1.64212 -0.948077 0.0380554
    endloop
  endfacet
  facet normal 0.174028 0.0886667 -0.980741
    outer loop
      vertex -1.90703 -0.849063 0
      vertex -1.73222 -0.771236 0.0380554
      vertex -1.64212 -0.948077 0.0380554
    endloop
  endfacet
  facet normal 0 0 -1
    outer loop
      vertex -2.31661 -1.3375 0
      vertex -2.44373 -1.08802 0
      vertex -1.80783 -1.04375 0
    endloop
  endfacet
  facet normal 0 0 -1
    outer loop
      vertex -2.44373 -1.08802 0
      vertex -1.90703 -0.849063 0
      vertex -1.80783 -1.04375 0
    endloop
  endfacet
  facet normal -0.174032 -0.088676 -0.980739
    outer loop
      vertex -2.48232 -1.43317 0.0380554
      vertex -2.61853 -1.16585 0.0380554
      vertex -2.31661 -1.3375 0
    endloop
  endfacet
  facet normal -0.174032 -0.0886761 -0.980739
    outer loop
      vertex -2.61853 -1.16585 0.0380554
      vertex -2.44373 -1.08802 0
      vertex -2.31661 -1.3375 0
    endloop
  endfacet
  facet normal -0.519227 -0.199304 -0.831073
    outer loop
      vertex -2.76671 -1.23182 0.146454
      vertex -2.88031 -0.93587 0.146454
      vertex -2.61853 -1.16585 0.0380554
    endloop
  endfacet
  facet normal -0.519231 -0.199311 -0.831068
    outer loop
      vertex -2.88031 -0.93587 0.146454
      vertex -2.72605 -0.885747 0.0380554
      vertex -2.61853 -1.16585 0.0380554
    endloop
  endfacet
  facet normal -0.776524 -0.298077 -0.555122
    outer loop
      vertex -2.86574 -1.27591 0.308655
      vertex -2.98341 -0.969367 0.308655
      vertex -2.76671 -1.23182 0.146454
    endloop
  endfacet
  facet normal -0.776519 -0.298066 -0.555135
    outer loop
      vertex -2.98341 -0.969367 0.308655
      vertex -2.88031 -0.93587 0.146454
      vertex -2.76671 -1.23182 0.146454
    endloop
  endfacet
  facet normal -0.915698 -0.351507 -0.194784
    outer loop
      vertex -2.9005 -1.29139 0.5
      vertex -3.0196 -0.981127 0.5
      vertex -2.86574 -1.27591 0.308655
    endloop
  endfacet
  facet normal -0.915698 -0.351501 -0.194793
    outer loop
      vertex -3.0196 -0.981127 0.5
      vertex -2.98341 -0.969367 0.308655
      vertex -2.86574 -1.27591 0.308655
    endloop
  endfacet
  facet normal -0.933579 -0.358371 -0
    outer loop
      vertex -2.9005 -1.29139 5.84999
      vertex -3.0196 -0.981127 5.84999
      vertex -2.9005 -1.29139 0.5
    endloop
  endfacet
  facet normal -0.933579 -0.358371 -0
    outer loop
      vertex -3.0196 -0.981127 5.84999
      vertex -3.0196 -0.981127 0.5
      vertex -2.9005 -1.29139 0.5
    endloop
  endfacet
  facet normal -0.915701 -0.351502 0.194779
    outer loop
      vertex -2.86574 -1.27591 6.04134
      vertex -2.98341 -0.969367 6.04134
      vertex -2.9005 -1.29139 5.84999
    endloop
  endfacet
  facet normal -0.915697 -0.351507 0.194789
    outer loop
      vertex -2.98341 -0.969367 6.04134
      vertex -3.0196 -0.981127 5.84999
      vertex -2.9005 -1.29139 5.84999
    endloop
  endfacet
  facet normal -0.776526 -0.298068 0.555124
    outer loop
      vertex -2.76671 -1.23182 6.20354
      vertex -2.88031 -0.93587 6.20354
      vertex -2.86574 -1.27591 6.04134
    endloop
  endfacet
  facet normal -0.776515 -0.298074 0.555137
    outer loop
      vertex -2.88031 -0.93587 6.20354
      vertex -2.98341 -0.969367 6.04134
      vertex -2.86574 -1.27591 6.04134
    endloop
  endfacet
  facet normal -0.519229 -0.199311 0.831069
    outer loop
      vertex -2.61853 -1.16585 6.31194
      vertex -2.72605 -0.885747 6.31194
      vertex -2.76671 -1.23182 6.20354
    endloop
  endfacet
  facet normal -0.519237 -0.199308 0.831065
    outer loop
      vertex -2.72605 -0.885747 6.31194
      vertex -2.88031 -0.93587 6.20354
      vertex -2.76671 -1.23182 6.20354
    endloop
  endfacet
  facet normal -0.182324 -0.0699861 0.980744
    outer loop
      vertex -2.44373 -1.08802 6.34999
      vertex -2.54407 -0.826619 6.34999
      vertex -2.61853 -1.16585 6.31194
    endloop
  endfacet
  facet normal -0.182323 -0.0699864 0.980745
    outer loop
      vertex -2.54407 -0.826619 6.34999
      vertex -2.72605 -0.885747 6.31194
      vertex -2.61853 -1.16585 6.31194
    endloop
  endfacet
  facet normal 0 0 1
    outer loop
      vertex -1.90703 -0.849063 6.34999
      vertex -1.98533 -0.645073 6.34999
      vertex -2.44373 -1.08802 6.34999
    endloop
  endfacet
  facet normal 0 0 1
    outer loop
      vertex -1.98533 -0.645073 6.34999
      vertex -2.54407 -0.826619 6.34999
      vertex -2.44373 -1.08802 6.34999
    endloop
  endfacet
  facet normal 0.182315 0.0699872 0.980746
    outer loop
      vertex -1.73222 -0.771236 6.31194
      vertex -1.80335 -0.585944 6.31194
      vertex -1.90703 -0.849063 6.34999
    endloop
  endfacet
  facet normal 0.182324 0.0699836 0.980745
    outer loop
      vertex -1.80335 -0.585944 6.31194
      vertex -1.98533 -0.645073 6.34999
      vertex -1.90703 -0.849063 6.34999
    endloop
  endfacet
  facet normal 0.51925 0.199313 0.831056
    outer loop
      vertex -1.58405 -0.705263 6.20354
      vertex -1.64909 -0.535821 6.20354
      vertex -1.73222 -0.771236 6.31194
    endloop
  endfacet
  facet normal 0.519232 0.199323 0.831065
    outer loop
      vertex -1.64909 -0.535821 6.20354
      vertex -1.80335 -0.585944 6.31194
      vertex -1.73222 -0.771236 6.31194
    endloop
  endfacet
  facet normal 0.776515 0.298094 0.555125
    outer loop
      vertex -1.48502 -0.661173 6.04134
      vertex -1.546 -0.502324 6.04134
      vertex -1.58405 -0.705263 6.20354
    endloop
  endfacet
  facet normal 0.776538 0.298073 0.555104
    outer loop
      vertex -1.546 -0.502324 6.04134
      vertex -1.64909 -0.535821 6.20354
      vertex -1.58405 -0.705263 6.20354
    endloop
  endfacet
  facet normal 0.915689 0.351507 0.194824
    outer loop
      vertex -1.45025 -0.645694 5.84999
      vertex -1.5098 -0.490564 5.84999
      vertex -1.48502 -0.661173 6.04134
    endloop
  endfacet
  facet normal 0.915683 0.351518 0.194834
    outer loop
      vertex -1.5098 -0.490564 5.84999
      vertex -1.546 -0.502324 6.04134
      vertex -1.48502 -0.661173 6.04134
    endloop
  endfacet
  facet normal 0.933578 0.358374 -0
    outer loop
      vertex -1.45025 -0.645694 0.5
      vertex -1.5098 -0.490564 0.5
      vertex -1.45025 -0.645694 5.84999
    endloop
  endfacet
  facet normal 0.933578 0.358374 -0
    outer loop
      vertex -1.5098 -0.490564 0.5
      vertex -1.5098 -0.490564 5.84999
      vertex -1.45025 -0.645694 5.84999
    endloop
  endfacet
  facet normal 0.915684 0.351519 -0.194829
    outer loop
      vertex -1.48502 -0.661173 0.308655
      vertex -1.546 -0.502324 0.308655
      vertex -1.45025 -0.645694 0.5
    endloop
  endfacet
  facet normal 0.915686 0.351506 -0.194839
    outer loop
      vertex -1.546 -0.502324 0.308655
      vertex -1.5098 -0.490564 0.5
      vertex -1.45025 -0.645694 0.5
    endloop
  endfacet
  facet normal 0.776527 0.298069 -0.555122
    outer loop
      vertex -1.58405 -0.705263 0.146454
      vertex -1.64909 -0.535821 0.146454
      vertex -1.48502 -0.661173 0.308655
    endloop
  endfacet
  facet normal 0.77653 0.2981 -0.555101
    outer loop
      vertex -1.64909 -0.535821 0.146454
      vertex -1.546 -0.502324 0.308655
      vertex -1.48502 -0.661173 0.308655
    endloop
  endfacet
  facet normal 0.519239 0.199326 -0.83106
    outer loop
      vertex -1.73222 -0.771236 0.0380554
      vertex -1.80335 -0.585944 0.0380554
      vertex -1.58405 -0.705263 0.146454
    endloop
  endfacet
  facet normal 0.519233 0.199306 -0.831068
    outer loop
      vertex -1.80335 -0.585944 0.0380554
      vertex -1.64909 -0.535821 0.146454
      vertex -1.58405 -0.705263 0.146454
    endloop
  endfacet
  facet normal 0.182343 0.0699908 -0.980741
    outer loop
      vertex -1.90703 -0.849063 0
      vertex -1.98533 -0.645073 0
      vertex -1.73222 -0.771236 0.0380554
    endloop
  endfacet
  facet normal 0.182347 0.0699993 -0.980739
    outer loop
      vertex -1.98533 -0.645073 0
      vertex -1.80335 -0.585944 0.0380554
      vertex -1.73222 -0.771236 0.0380554
    endloop
  endfacet
  facet normal 0 0 -1
    outer loop
      vertex -2.44373 -1.08802 0
      vertex -2.54407 -0.826619 0
      vertex -1.90703 -0.849063 0
    endloop
  endfacet
  facet normal 0 0 -1
    outer loop
      vertex -2.54407 -0.826619 0
      vertex -1.98533 -0.645073 0
      vertex -1.90703 -0.849063 0
    endloop
  endfacet
  facet normal -0.182349 -0.0699963 -0.980739
    outer loop
      vertex -2.61853 -1.16585 0.0380554
      vertex -2.72605 -0.885747 0.0380554
      vertex -2.44373 -1.08802 0
    endloop
  endfacet
  facet normal -0.182348 -0.0699953 -0.980739
    outer loop
      vertex -2.72605 -0.885747 0.0380554
      vertex -2.54407 -0.826619 0
      vertex -2.44373 -1.08802 0
    endloop
  endfacet
  facet normal -0.537218 -0.143954 -0.831068
    outer loop
      vertex -2.88031 -0.93587 0.146454
      vertex -2.96236 -0.629669 0.146454
      vertex -2.72605 -0.885747 0.0380554
    endloop
  endfacet
  facet normal -0.537208 -0.14394 -0.831077
    outer loop
      vertex -2.96236 -0.629669 0.146454
      vertex -2.8037 -0.595945 0.0380554
      vertex -2.72605 -0.885747 0.0380554
    endloop
  endfacet
  facet normal -0.80342 -0.215268 -0.555135
    outer loop
      vertex -2.98341 -0.969367 0.308655
      vertex -3.06839 -0.652206 0.308655
      vertex -2.88031 -0.93587 0.146454
    endloop
  endfacet
  facet normal -0.803431 -0.215288 -0.555112
    outer loop
      vertex -3.06839 -0.652206 0.308655
      vertex -2.96236 -0.629669 0.146454
      vertex -2.88031 -0.93587 0.146454
    endloop
  endfacet
  facet normal -0.947426 -0.25385 -0.194793
    outer loop
      vertex -3.0196 -0.981127 0.5
      vertex -3.10561 -0.660118 0.5
      vertex -2.98341 -0.969367 0.308655
    endloop
  endfacet
  facet normal -0.947426 -0.253853 -0.194788
    outer loop
      vertex -3.10561 -0.660118 0.5
      vertex -3.06839 -0.652206 0.308655
      vertex -2.98341 -0.969367 0.308655
    endloop
  endfacet
  facet normal -0.965929 -0.258808 -0
    outer loop
      vertex -3.0196 -0.981127 5.84999
      vertex -3.10561 -0.660118 5.84999
      vertex -3.0196 -0.981127 0.5
    endloop
  endfacet
  facet normal -0.965929 -0.258808 -0
    outer loop
      vertex -3.10561 -0.660118 5.84999
      vertex -3.10561 -0.660118 0.5
      vertex -3.0196 -0.981127 0.5
    endloop
  endfacet
  facet normal -0.947426 -0.253853 0.194788
    outer loop
      vertex -2.98341 -0.969367 6.04134
      vertex -3.06839 -0.652206 6.04134
      vertex -3.0196 -0.981127 5.84999
    endloop
  endfacet
  facet normal -0.947428 -0.25385 0.194783
    outer loop
      vertex -3.06839 -0.652206 6.04134
      vertex -3.10561 -0.660118 5.84999
      vertex -3.0196 -0.981127 5.84999
    endloop
  endfacet
  facet normal -0.803414 -0.215284 0.555138
    outer loop
      vertex -2.88031 -0.93587 6.20354
      vertex -2.96236 -0.629669 6.20354
      vertex -2.98341 -0.969367 6.04134
    endloop
  endfacet
  facet normal -0.803434 -0.215272 0.555115
    outer loop
      vertex -2.96236 -0.629669 6.20354
      vertex -3.06839 -0.652206 6.04134
      vertex -2.98341 -0.969367 6.04134
    endloop
  endfacet
  facet normal -0.537226 -0.143945 0.831065
    outer loop
      vertex -2.72605 -0.885747 6.31194
      vertex -2.8037 -0.595945 6.31194
      vertex -2.88031 -0.93587 6.20354
    endloop
  endfacet
  facet normal -0.53721 -0.143951 0.831074
    outer loop
      vertex -2.8037 -0.595945 6.31194
      vertex -2.96236 -0.629669 6.20354
      vertex -2.88031 -0.93587 6.20354
    endloop
  endfacet
  facet normal -0.188639 -0.0505467 0.980745
    outer loop
      vertex -2.54407 -0.826619 6.34999
      vertex -2.61654 -0.556162 6.34999
      vertex -2.72605 -0.885747 6.31194
    endloop
  endfacet
  facet normal -0.188643 -0.0505454 0.980744
    outer loop
      vertex -2.61654 -0.556162 6.34999
      vertex -2.8037 -0.595945 6.31194
      vertex -2.72605 -0.885747 6.31194
    endloop
  endfacet
  facet normal 0 0 1
    outer loop
      vertex -1.98533 -0.645073 6.34999
      vertex -2.04188 -0.434016 6.34999
      vertex -2.54407 -0.826619 6.34999
    endloop
  endfacet
  facet normal 0 0 1
    outer loop
      vertex -2.04188 -0.434016 6.34999
      vertex -2.61654 -0.556162 6.34999
      vertex -2.54407 -0.826619 6.34999
    endloop
  endfacet
  facet normal 0.188639 0.0505469 0.980745
    outer loop
      vertex -1.80335 -0.585944 6.31194
      vertex -1.85472 -0.394233 6.31194
      vertex -1.98533 -0.645073 6.34999
    endloop
  endfacet
  facet normal 0.188643 0.0505446 0.980744
    outer loop
      vertex -1.85472 -0.394233 6.31194
      vertex -2.04188 -0.434016 6.34999
      vertex -1.98533 -0.645073 6.34999
    endloop
  endfacet
  facet normal 0.537229 0.143936 0.831064
    outer loop
      vertex -1.64909 -0.535821 6.20354
      vertex -1.69606 -0.360509 6.20354
      vertex -1.80335 -0.585944 6.31194
    endloop
  endfacet
  facet normal 0.537211 0.143949 0.831074
    outer loop
      vertex -1.69606 -0.360509 6.20354
      vertex -1.85472 -0.394233 6.31194
      vertex -1.80335 -0.585944 6.31194
    endloop
  endfacet
  facet normal 0.803449 0.215245 0.555103
    outer loop
      vertex -1.546 -0.502324 6.04134
      vertex -1.59003 -0.337972 6.04134
      vertex -1.64909 -0.535821 6.20354
    endloop
  endfacet
  facet normal 0.803437 0.215259 0.555115
    outer loop
      vertex -1.59003 -0.337972 6.04134
      vertex -1.69606 -0.360509 6.20354
      vertex -1.64909 -0.535821 6.20354
    endloop
  endfacet
  facet normal 0.94741 0.253876 0.194836
    outer loop
      vertex -1.5098 -0.490564 5.84999
      vertex -1.55281 -0.33006 5.84999
      vertex -1.546 -0.502324 6.04134
    endloop
  endfacet
  facet normal 0.947436 0.253819 0.194783
    outer loop
      vertex -1.55281 -0.33006 5.84999
      vertex -1.59003 -0.337972 6.04134
      vertex -1.546 -0.502324 6.04134
    endloop
  endfacet
  facet normal 0.965921 0.258836 -0
    outer loop
      vertex -1.5098 -0.490564 0.5
      vertex -1.55281 -0.33006 0.5
      vertex -1.5098 -0.490564 5.84999
    endloop
  endfacet
  facet normal 0.965921 0.258836 -0
    outer loop
      vertex -1.55281 -0.33006 0.5
      vertex -1.55281 -0.33006 5.84999
      vertex -1.5098 -0.490564 5.84999
    endloop
  endfacet
  facet normal 0.947425 0.253816 -0.19484
    outer loop
      vertex -1.546 -0.502324 0.308655
      vertex -1.59003 -0.337972 0.308655
      vertex -1.5098 -0.490564 0.5
    endloop
  endfacet
  facet normal 0.947419 0.253878 -0.194788
    outer loop
      vertex -1.59003 -0.337972 0.308655
      vertex -1.55281 -0.33006 0.5
      vertex -1.5098 -0.490564 0.5
    endloop
  endfacet
  facet normal 0.803446 0.215261 -0.555101
    outer loop
      vertex -1.64909 -0.535821 0.146454
      vertex -1.69606 -0.360509 0.146454
      vertex -1.546 -0.502324 0.308655
    endloop
  endfacet
  facet normal 0.803442 0.215243 -0.555113
    outer loop
      vertex -1.69606 -0.360509 0.146454
      vertex -1.59003 -0.337972 0.308655
      vertex -1.546 -0.502324 0.308655
    endloop
  endfacet
  facet normal 0.537219 0.143951 -0.831068
    outer loop
      vertex -1.80335 -0.585944 0.0380554
      vertex -1.85472 -0.394233 0.0380554
      vertex -1.64909 -0.535821 0.146454
    endloop
  endfacet
  facet normal 0.53721 0.143931 -0.831077
    outer loop
      vertex -1.85472 -0.394233 0.0380554
      vertex -1.69606 -0.360509 0.146454
      vertex -1.64909 -0.535821 0.146454
    endloop
  endfacet
  facet normal 0.188666 0.0505506 -0.980739
    outer loop
      vertex -1.98533 -0.645073 0
      vertex -2.04188 -0.434016 0
      vertex -1.80335 -0.585944 0.0380554
    endloop
  endfacet
  facet normal 0.188668 0.0505547 -0.980739
    outer loop
      vertex -2.04188 -0.434016 0
      vertex -1.85472 -0.394233 0.0380554
      vertex -1.80335 -0.585944 0.0380554
    endloop
  endfacet
  facet normal 0 0 -1
    outer loop
      vertex -2.54407 -0.826619 0
      vertex -2.61654 -0.556162 0
      vertex -1.98533 -0.645073 0
    endloop
  endfacet
  facet normal 0 0 -1
    outer loop
      vertex -2.61654 -0.556162 0
      vertex -2.04188 -0.434016 0
      vertex -1.98533 -0.645073 0
    endloop
  endfacet
  facet normal -0.188666 -0.0505514 -0.980739
    outer loop
      vertex -2.72605 -0.885747 0.0380554
      vertex -2.8037 -0.595945 0.0380554
      vertex -2.54407 -0.826619 0
    endloop
  endfacet
  facet normal -0.188669 -0.0505545 -0.980739
    outer loop
      vertex -2.8037 -0.595945 0.0380554
      vertex -2.61654 -0.556162 0
      vertex -2.54407 -0.826619 0
    endloop
  endfacet
  facet normal -0.54931 -0.0870019 -0.831077
    outer loop
      vertex -2.96236 -0.629669 0.146454
      vertex -3.01195 -0.316569 0.146454
      vertex -2.8037 -0.595945 0.0380554
    endloop
  endfacet
  facet normal -0.549323 -0.0870149 -0.831067
    outer loop
      vertex -3.01195 -0.316569 0.146454
      vertex -2.85064 -0.299614 0.0380554
      vertex -2.8037 -0.595945 0.0380554
    endloop
  endfacet
  facet normal -0.821537 -0.130106 -0.555112
    outer loop
      vertex -3.06839 -0.652206 0.308655
      vertex -3.11975 -0.327899 0.308655
      vertex -2.96236 -0.629669 0.146454
    endloop
  endfacet
  facet normal -0.821546 -0.13012 -0.555095
    outer loop
      vertex -3.11975 -0.327899 0.308655
      vertex -3.01195 -0.316569 0.146454
      vertex -2.96236 -0.629669 0.146454
    endloop
  endfacet
  facet normal -0.968769 -0.153443 -0.194788
    outer loop
      vertex -3.10561 -0.660118 0.5
      vertex -3.1576 -0.331877 0.5
      vertex -3.06839 -0.652206 0.308655
    endloop
  endfacet
  facet normal -0.968765 -0.153422 -0.194821
    outer loop
      vertex -3.1576 -0.331877 0.5
      vertex -3.11975 -0.327899 0.308655
      vertex -3.06839 -0.652206 0.308655
    endloop
  endfacet
  facet normal -0.987688 -0.15644 -0
    outer loop
      vertex -3.10561 -0.660118 5.84999
      vertex -3.1576 -0.331877 5.84999
      vertex -3.10561 -0.660118 0.5
    endloop
  endfacet
  facet normal -0.987688 -0.15644 -0
    outer loop
      vertex -3.1576 -0.331877 5.84999
      vertex -3.1576 -0.331877 0.5
      vertex -3.10561 -0.660118 0.5
    endloop
  endfacet
  facet normal -0.968773 -0.153423 0.194782
    outer loop
      vertex -3.06839 -0.652206 6.04134
      vertex -3.11975 -0.327899 6.04134
      vertex -3.10561 -0.660118 5.84999
    endloop
  endfacet
  facet normal -0.968763 -0.153442 0.194816
    outer loop
      vertex -3.11975 -0.327899 6.04134
      vertex -3.1576 -0.331877 5.84999
      vertex -3.10561 -0.660118 5.84999
    endloop
  endfacet
  facet normal -0.821533 -0.130118 0.555115
    outer loop
      vertex -2.96236 -0.629669 6.20354
      vertex -3.01195 -0.316569 6.20354
      vertex -3.06839 -0.652206 6.04134
    endloop
  endfacet
  facet normal -0.821547 -0.130107 0.555098
    outer loop
      vertex -3.01195 -0.316569 6.20354
      vertex -3.11975 -0.327899 6.04134
      vertex -3.06839 -0.652206 6.04134
    endloop
  endfacet
  facet normal -0.549313 -0.0870133 0.831074
    outer loop
      vertex -2.8037 -0.595945 6.31194
      vertex -2.85064 -0.299614 6.31194
      vertex -2.96236 -0.629669 6.20354
    endloop
  endfacet
  facet normal -0.549329 -0.0870048 0.831064
    outer loop
      vertex -2.85064 -0.299614 6.31194
      vertex -3.01195 -0.316569 6.20354
      vertex -2.96236 -0.629669 6.20354
    endloop
  endfacet
  facet normal -0.192893 -0.0305506 0.980744
    outer loop
      vertex -2.61654 -0.556162 6.34999
      vertex -2.66034 -0.279613 6.34999
      vertex -2.8037 -0.595945 6.31194
    endloop
  endfacet
  facet normal -0.192886 -0.0305539 0.980745
    outer loop
      vertex -2.66034 -0.279613 6.34999
      vertex -2.85064 -0.299614 6.31194
      vertex -2.8037 -0.595945 6.31194
    endloop
  endfacet
  facet normal 0 0 1
    outer loop
      vertex -2.04188 -0.434016 6.34999
      vertex -2.07606 -0.218203 6.34999
      vertex -2.61654 -0.556162 6.34999
    endloop
  endfacet
  facet normal 0 0 1
    outer loop
      vertex -2.07606 -0.218203 6.34999
      vertex -2.66034 -0.279613 6.34999
      vertex -2.61654 -0.556162 6.34999
    endloop
  endfacet
  facet normal 0.192893 0.0305529 0.980744
    outer loop
      vertex -1.85472 -0.394233 6.31194
      vertex -1.88577 -0.198202 6.31194
      vertex -2.04188 -0.434016 6.34999
    endloop
  endfacet
  facet normal 0.192896 0.0305505 0.980743
    outer loop
      vertex -1.88577 -0.198202 6.31194
      vertex -2.07606 -0.218203 6.34999
      vertex -2.04188 -0.434016 6.34999
    endloop
  endfacet
  facet normal 0.54931 0.0870263 0.831074
    outer loop
      vertex -1.69606 -0.360509 6.20354
      vertex -1.72446 -0.181248 6.20354
      vertex -1.85472 -0.394233 6.31194
    endloop
  endfacet
  facet normal 0.549328 0.08701 0.831064
    outer loop
      vertex -1.72446 -0.181248 6.20354
      vertex -1.88577 -0.198202 6.31194
      vertex -1.85472 -0.394233 6.31194
    endloop
  endfacet
  facet normal 0.821531 0.130131 0.555115
    outer loop
      vertex -1.59003 -0.337972 6.04134
      vertex -1.61665 -0.169917 6.04134
      vertex -1.69606 -0.360509 6.20354
    endloop
  endfacet
  facet normal 0.821516 0.130151 0.555132
    outer loop
      vertex -1.61665 -0.169917 6.04134
      vertex -1.72446 -0.181248 6.20354
      vertex -1.69606 -0.360509 6.20354
    endloop
  endfacet
  facet normal 0.968774 0.153414 0.194782
    outer loop
      vertex -1.55281 -0.33006 5.84999
      vertex -1.5788 -0.165939 5.84999
      vertex -1.59003 -0.337972 6.04134
    endloop
  endfacet
  facet normal 0.968762 0.153452 0.194816
    outer loop
      vertex -1.5788 -0.165939 5.84999
      vertex -1.61665 -0.169917 6.04134
      vertex -1.59003 -0.337972 6.04134
    endloop
  endfacet
  facet normal 0.987692 0.15641 -0
    outer loop
      vertex -1.55281 -0.33006 0.5
      vertex -1.5788 -0.165939 0.5
      vertex -1.55281 -0.33006 5.84999
    endloop
  endfacet
  facet normal 0.987692 0.15641 -0
    outer loop
      vertex -1.5788 -0.165939 0.5
      vertex -1.5788 -0.165939 5.84999
      vertex -1.55281 -0.33006 5.84999
    endloop
  endfacet
  facet normal 0.968767 0.153453 -0.194788
    outer loop
      vertex -1.59003 -0.337972 0.308655
      vertex -1.61665 -0.169917 0.308655
      vertex -1.55281 -0.33006 0.5
    endloop
  endfacet
  facet normal 0.968767 0.153413 -0.194821
    outer loop
      vertex -1.61665 -0.169917 0.308655
      vertex -1.5788 -0.165939 0.5
      vertex -1.55281 -0.33006 0.5
    endloop
  endfacet
  facet normal 0.821529 0.130153 -0.555113
    outer loop
      vertex -1.69606 -0.360509 0.146454
      vertex -1.72446 -0.181248 0.146454
      vertex -1.59003 -0.337972 0.308655
    endloop
  endfacet
  facet normal 0.821521 0.130129 -0.55513
    outer loop
      vertex -1.72446 -0.181248 0.146454
      vertex -1.61665 -0.169917 0.308655
      vertex -1.59003 -0.337972 0.308655
    endloop
  endfacet
  facet normal 0.549309 0.0870069 -0.831077
    outer loop
      vertex -1.85472 -0.394233 0.0380554
      vertex -1.88577 -0.198202 0.0380554
      vertex -1.69606 -0.360509 0.146454
    endloop
  endfacet
  facet normal 0.549321 0.087028 -0.831067
    outer loop
      vertex -1.88577 -0.198202 0.0380554
      vertex -1.72446 -0.181248 0.146454
      vertex -1.69606 -0.360509 0.146454
    endloop
  endfacet
  facet normal 0.19292 0.0305542 -0.980739
    outer loop
      vertex -2.04188 -0.434016 0
      vertex -2.07606 -0.218203 0
      vertex -1.85472 -0.394233 0.0380554
    endloop
  endfacet
  facet normal 0.192922 0.0305576 -0.980738
    outer loop
      vertex -2.07606 -0.218203 0
      vertex -1.88577 -0.198202 0.0380554
      vertex -1.85472 -0.394233 0.0380554
    endloop
  endfacet
  facet normal 0 0 -1
    outer loop
      vertex -2.61654 -0.556162 0
      vertex -2.66034 -0.279613 0
      vertex -2.04188 -0.434016 0
    endloop
  endfacet
  facet normal 0 0 -1
    outer loop
      vertex -2.66034 -0.279613 0
      vertex -2.07606 -0.218203 0
      vertex -2.04188 -0.434016 0
    endloop
  endfacet
  facet normal -0.192919 -0.0305591 -0.980739
    outer loop
      vertex -2.8037 -0.595945 0.0380554
      vertex -2.85064 -0.299614 0.0380554
      vertex -2.61654 -0.556162 0
    endloop
  endfacet
  facet normal -0.192913 -0.0305537 -0.98074
    outer loop
      vertex -2.85064 -0.299614 0.0380554
      vertex -2.66034 -0.279613 0
      vertex -2.61654 -0.556162 0
    endloop
  endfacet
  facet normal -0.555409 -0.0291066 -0.831068
    outer loop
      vertex -3.01195 -0.316569 0.146454
      vertex -3.02854 -0 0.146454
      vertex -2.85064 -0.299614 0.0380554
    endloop
  endfacet
  facet normal -0.555406 -0.0291037 -0.83107
    outer loop
      vertex -3.02854 -0 0.146454
      vertex -2.86634 -0 0.0380554
      vertex -2.85064 -0.299614 0.0380554
    endloop
  endfacet
  facet normal -0.830646 -0.0435464 -0.555095
    outer loop
      vertex -3.11975 -0.327899 0.308655
      vertex -3.13694 -0 0.308655
      vertex -3.01195 -0.316569 0.146454
    endloop
  endfacet
  facet normal -0.830632 -0.0435298 -0.555117
    outer loop
      vertex -3.13694 -0 0.308655
      vertex -3.02854 -0 0.146454
      vertex -3.01195 -0.316569 0.146454
    endloop
  endfacet
  facet normal -0.979495 -0.0513245 -0.194821
    outer loop
      vertex -3.1576 -0.331877 0.5
      vertex -3.17499 -0 0.5
      vertex -3.11975 -0.327899 0.308655
    endloop
  endfacet
  facet normal -0.979502 -0.0513501 -0.194779
    outer loop
      vertex -3.17499 -0 0.5
      vertex -3.13694 -0 0.308655
      vertex -3.11975 -0.327899 0.308655
    endloop
  endfacet
  facet normal -0.99863 -0.0523271 -0
    outer loop
      vertex -3.1576 -0.331877 5.84999
      vertex -3.17499 -0 5.84999
      vertex -3.1576 -0.331877 0.5
    endloop
  endfacet
  facet normal -0.99863 -0.0523271 -0
    outer loop
      vertex -3.17499 -0 5.84999
      vertex -3.17499 -0 0.5
      vertex -3.1576 -0.331877 0.5
    endloop
  endfacet
  facet normal -0.979495 -0.0513497 0.194817
    outer loop
      vertex -3.11975 -0.327899 6.04134
      vertex -3.13694 -0 6.04134
      vertex -3.1576 -0.331877 5.84999
    endloop
  endfacet
  facet normal -0.979504 -0.051325 0.194775
    outer loop
      vertex -3.13694 -0 6.04134
      vertex -3.17499 -0 5.84999
      vertex -3.1576 -0.331877 5.84999
    endloop
  endfacet
  facet normal -0.830646 -0.0435305 0.555097
    outer loop
      vertex -3.01195 -0.316569 6.20354
      vertex -3.02854 -0 6.20354
      vertex -3.11975 -0.327899 6.04134
    endloop
  endfacet
  facet normal -0.83063 -0.0435455 0.555119
    outer loop
      vertex -3.02854 -0 6.20354
      vertex -3.13694 -0 6.04134
      vertex -3.11975 -0.327899 6.04134
    endloop
  endfacet
  facet normal -0.555414 -0.0291041 0.831064
    outer loop
      vertex -2.85064 -0.299614 6.31194
      vertex -2.86634 -0 6.31194
      vertex -3.01195 -0.316569 6.20354
    endloop
  endfacet
  facet normal -0.555411 -0.0291067 0.831067
    outer loop
      vertex -2.86634 -0 6.31194
      vertex -3.02854 -0 6.20354
      vertex -3.01195 -0.316569 6.20354
    endloop
  endfacet
  facet normal -0.195024 -0.010218 0.980745
    outer loop
      vertex -2.66034 -0.279613 6.34999
      vertex -2.67499 -0 6.34999
      vertex -2.85064 -0.299614 6.31194
    endloop
  endfacet
  facet normal -0.195022 -0.0102193 0.980746
    outer loop
      vertex -2.67499 -0 6.34999
      vertex -2.86634 -0 6.31194
      vertex -2.85064 -0.299614 6.31194
    endloop
  endfacet
  facet normal 0 0 1
    outer loop
      vertex -2.07606 -0.218203 6.34999
      vertex -2.0875 -0 6.34999
      vertex -2.66034 -0.279613 6.34999
    endloop
  endfacet
  facet normal 0 0 1
    outer loop
      vertex -2.0875 -0 6.34999
      vertex -2.67499 -0 6.34999
      vertex -2.66034 -0.279613 6.34999
    endloop
  endfacet
  facet normal 0.195034 0.0102141 0.980743
    outer loop
      vertex -1.88577 -0.198202 6.31194
      vertex -1.89615 -0 6.31194
      vertex -2.07606 -0.218203 6.34999
    endloop
  endfacet
  facet normal 0.195022 0.0102246 0.980746
    outer loop
      vertex -1.89615 -0 6.31194
      vertex -2.0875 -0 6.34999
      vertex -2.07606 -0.218203 6.34999
    endloop
  endfacet
  facet normal 0.555417 0.0290812 0.831064
    outer loop
      vertex -1.72446 -0.181248 6.20354
      vertex -1.73395 -0 6.20354
      vertex -1.88577 -0.198202 6.31194
    endloop
  endfacet
  facet normal 0.555411 0.0290873 0.831067
    outer loop
      vertex -1.73395 -0 6.20354
      vertex -1.89615 -0 6.31194
      vertex -1.88577 -0.198202 6.31194
    endloop
  endfacet
  facet normal 0.83062 0.0435555 0.555134
    outer loop
      vertex -1.61665 -0.169917 6.04134
      vertex -1.62556 -0 6.04134
      vertex -1.72446 -0.181248 6.20354
    endloop
  endfacet
  facet normal 0.830656 0.0434925 0.555085
    outer loop
      vertex -1.62556 -0 6.04134
      vertex -1.73395 -0 6.20354
      vertex -1.72446 -0.181248 6.20354
    endloop
  endfacet
  facet normal 0.979494 0.0513538 0.194817
    outer loop
      vertex -1.5788 -0.165939 5.84999
      vertex -1.5875 -0 5.84999
      vertex -1.61665 -0.169917 6.04134
    endloop
  endfacet
  facet normal 0.979493 0.051362 0.194824
    outer loop
      vertex -1.5875 -0 5.84999
      vertex -1.62556 -0 6.04134
      vertex -1.61665 -0.169917 6.04134
    endloop
  endfacet
  facet normal 0.998628 0.052357 -0
    outer loop
      vertex -1.5788 -0.165939 0.5
      vertex -1.5875 -0 0.5
      vertex -1.5788 -0.165939 5.84999
    endloop
  endfacet
  facet normal 0.998628 0.052357 -0
    outer loop
      vertex -1.5875 -0 0.5
      vertex -1.5875 -0 5.84999
      vertex -1.5788 -0.165939 5.84999
    endloop
  endfacet
  facet normal 0.979493 0.051362 -0.194822
    outer loop
      vertex -1.61665 -0.169917 0.308655
      vertex -1.62556 -0 0.308655
      vertex -1.5788 -0.165939 0.5
    endloop
  endfacet
  facet normal 0.979492 0.0513537 -0.194829
    outer loop
      vertex -1.62556 -0 0.308655
      vertex -1.5875 -0 0.5
      vertex -1.5788 -0.165939 0.5
    endloop
  endfacet
  facet normal 0.830626 0.0434909 -0.55513
    outer loop
      vertex -1.72446 -0.181248 0.146454
      vertex -1.73395 -0 0.146454
      vertex -1.61665 -0.169917 0.308655
    endloop
  endfacet
  facet normal 0.830655 0.0435574 -0.555081
    outer loop
      vertex -1.73395 -0 0.146454
      vertex -1.62556 -0 0.308655
      vertex -1.61665 -0.169917 0.308655
    endloop
  endfacet
  facet normal 0.555411 0.0290873 -0.831067
    outer loop
      vertex -1.88577 -0.198202 0.0380554
      vertex -1.89615 -0 0.0380554
      vertex -1.72446 -0.181248 0.146454
    endloop
  endfacet
  facet normal 0.555406 0.0290806 -0.831071
    outer loop
      vertex -1.89615 -0 0.0380554
      vertex -1.73395 -0 0.146454
      vertex -1.72446 -0.181248 0.146454
    endloop
  endfacet
  facet normal 0.195059 0.0102266 -0.980738
    outer loop
      vertex -2.07606 -0.218203 0
      vertex -2.0875 -0 0
      vertex -1.88577 -0.198202 0.0380554
    endloop
  endfacet
  facet normal 0.195048 0.0102148 -0.98074
    outer loop
      vertex -2.0875 -0 0
      vertex -1.89615 -0 0.0380554
      vertex -1.88577 -0.198202 0.0380554
    endloop
  endfacet
  facet normal 0 0 -1
    outer loop
      vertex -2.66034 -0.279613 0
      vertex -2.67499 -0 0
      vertex -2.07606 -0.218203 0
    endloop
  endfacet
  facet normal 0 0 -1
    outer loop
      vertex -2.67499 -0 0
      vertex -2.0875 -0 0
      vertex -2.07606 -0.218203 0
    endloop
  endfacet
  facet normal -0.19505 -0.0102208 -0.98074
    outer loop
      vertex -2.85064 -0.299614 0.0380554
      vertex -2.86634 -0 0.0380554
      vertex -2.66034 -0.279613 0
    endloop
  endfacet
  facet normal -0.195048 -0.0102193 -0.98074
    outer loop
      vertex -2.86634 -0 0.0380554
      vertex -2.67499 -0 0
      vertex -2.66034 -0.279613 0
    endloop
  endfacet
endsolid OpenSCAD_Model
